decision_date,last_bar_used,n_bars,n_obs,today_regime,bear_state,bull_state,vol_ratio,ret_ratio,confidence_pass,raw_decision,previous_raw_decision,decision_changed,transition_type,error
2000-03-15,2000-03-14,50,40,2,0,1,0.596252852407582,0.3098427914507586,False,neutral,,False,INITIAL,
2000-03-16,2000-03-15,51,41,2,0,2,0.31325437898450337,0.2475088159282605,False,neutral,neutral,False,,
2000-03-17,2000-03-16,52,42,0,2,0,0.8505691437039795,0.9721492591879601,True,bull,neutral,True,NEUTRAL_TO_BULL,
2000-03-20,2000-03-17,53,43,1,0,1,0.9977018936589125,0.2505667410434089,False,neutral,bull,True,BULL_TO_NEUTRAL,
2000-03-21,2000-03-20,54,44,1,0,1,0.9999999994341061,0.20877404484561526,False,neutral,neutral,False,,
2000-03-22,2000-03-21,55,45,0,0,2,0.9999999999996271,0.24051717005481543,False,neutral,neutral,False,,
2000-03-23,2000-03-22,56,46,1,0,1,0.981351657968793,0.6287965136804485,True,bull,neutral,True,NEUTRAL_TO_BULL,
2000-03-24,2000-03-23,57,47,2,1,2,0.977262228987251,0.5718981924847837,True,bull,bull,False,,
2000-03-27,2000-03-24,58,48,1,0,2,0.9999999999998719,0.5363592454506756,True,bull,bull,False,,
2000-03-28,2000-03-27,59,49,1,0,2,0.9999999999575919,0.2376296980656242,False,neutral,bull,True,BULL_TO_NEUTRAL,
2000-03-29,2000-03-28,60,50,2,1,2,0.9651845722980317,0.3757924789353142,False,neutral,neutral,False,,
2000-03-30,2000-03-29,61,51,1,2,0,0.09736121549318756,0.4930431863071858,False,neutral,neutral,False,,
2000-03-31,2000-03-30,62,52,2,2,0,1.0,0.6291999003680284,True,bear,neutral,True,NEUTRAL_TO_BEAR,
2000-04-03,2000-03-31,63,53,2,2,0,1.0,0.3013069652381315,False,neutral,bear,True,BEAR_TO_NEUTRAL,
2000-04-04,2000-04-03,64,54,2,2,0,1.0,0.34239855794491014,False,neutral,neutral,False,,
2000-04-05,2000-04-04,65,55,2,2,0,1.0,0.348097439818508,False,neutral,neutral,False,,
2000-04-06,2000-04-05,66,56,0,2,1,1.0,0.4548128350514343,False,neutral,neutral,False,,
2000-04-07,2000-04-06,67,57,0,2,1,1.0,0.41726979522437546,False,neutral,neutral,False,,
2000-04-10,2000-04-07,68,58,0,2,1,1.0,0.4927722434852003,False,neutral,neutral,False,,
2000-04-11,2000-04-10,69,59,0,2,1,1.0,0.4319491359378394,False,neutral,neutral,False,,
2000-04-12,2000-04-11,70,60,0,0,2,1.0,0.3819688196705791,False,neutral,neutral,False,,
2000-04-13,2000-04-12,71,61,0,0,2,1.0,0.46253394783270135,False,neutral,neutral,False,,
2000-04-14,2000-04-13,72,62,0,0,2,1.0,0.6675230392851605,True,bear,neutral,True,NEUTRAL_TO_BEAR,
2000-04-17,2000-04-14,73,63,2,0,1,0.14367509840663362,0.9995996615324336,False,neutral,bear,True,BEAR_TO_NEUTRAL,
2000-04-18,2000-04-17,74,64,2,1,2,0.9999999696650884,0.8548191899958624,True,bull,neutral,True,NEUTRAL_TO_BULL,
2000-04-19,2000-04-18,75,65,2,1,2,0.9999999163987633,0.6992638736616156,True,bull,bull,False,,
2000-04-20,2000-04-19,76,66,2,1,2,0.9986647365960795,0.2395760569554296,False,neutral,bull,True,BULL_TO_NEUTRAL,
2000-04-24,2000-04-20,77,67,2,1,2,0.9969258111672799,0.2667062716752577,False,neutral,neutral,False,,
2000-04-25,2000-04-24,78,68,0,2,0,0.6592174947291268,0.289834005651697,False,neutral,neutral,False,,
2000-04-26,2000-04-25,79,69,0,2,0,0.49566106779663643,0.4866730104945905,False,neutral,neutral,False,,
2000-04-27,2000-04-26,80,70,2,0,1,0.8189777879628224,0.3479365344509979,False,neutral,neutral,False,,
2000-04-28,2000-04-27,81,71,2,0,1,0.8713676761098639,0.42051567623671526,False,neutral,neutral,False,,
2000-05-01,2000-04-28,82,72,1,2,1,0.6299271833249808,0.2130463265900127,False,neutral,neutral,False,,
2000-05-02,2000-05-01,83,73,0,2,1,0.5311067734407339,0.3752641954607869,False,neutral,neutral,False,,
2000-05-03,2000-05-02,84,74,2,2,1,0.5065880544902213,0.47431625533154514,False,neutral,neutral,False,,
2000-05-04,2000-05-03,85,75,0,2,1,0.5634286865678984,0.2345676695747625,False,neutral,neutral,False,,
2000-05-05,2000-05-04,86,76,0,0,1,0.9927979417021859,0.3876773174873084,False,neutral,neutral,False,,
2000-05-08,2000-05-05,87,77,0,0,1,0.9750338158143019,0.42450422147612743,False,neutral,neutral,False,,
2000-05-09,2000-05-08,88,78,0,0,1,1.0,0.3370110162381057,False,neutral,neutral,False,,
2000-05-10,2000-05-09,89,79,0,0,2,0.9994719032169167,0.43735439866001224,False,neutral,neutral,False,,
2000-05-11,2000-05-10,90,80,2,2,1,0.7092104947602844,0.5473886159122213,True,bear,neutral,True,NEUTRAL_TO_BEAR,
2000-05-12,2000-05-11,91,81,2,2,1,0.9080321814108623,0.26619245052033313,False,neutral,bear,True,BEAR_TO_NEUTRAL,
2000-05-15,2000-05-12,92,82,2,2,1,0.9625170520962509,0.4090606898112074,False,neutral,neutral,False,,
2000-05-16,2000-05-15,93,83,2,2,1,0.9840135116095581,0.42065528781202943,False,neutral,neutral,False,,
2000-05-17,2000-05-16,94,84,0,1,2,0.8957048126106404,0.44066465150493467,False,neutral,neutral,False,,
2000-05-18,2000-05-17,95,85,0,1,2,0.8760746825960577,0.2409250835125452,False,neutral,neutral,False,,
2000-05-19,2000-05-18,96,86,0,1,2,0.8856184659245754,0.7144745014171312,True,bull,neutral,True,NEUTRAL_TO_BULL,
2000-05-22,2000-05-19,97,87,0,1,2,0.8663404099708198,0.7016905776784834,True,bull,bull,False,,
2000-05-23,2000-05-22,98,88,1,1,0,0.9976359941459029,0.40838915215928157,False,neutral,bull,True,BULL_TO_NEUTRAL,
2000-05-24,2000-05-23,99,89,2,2,1,0.045615876262112436,0.6617693370469617,False,neutral,neutral,False,,
2000-05-25,2000-05-24,100,90,2,0,1,0.9999998247255324,0.35243266508892224,False,neutral,neutral,False,,
2000-05-26,2000-05-25,101,91,0,0,1,0.49545896739075296,0.7532106083719775,True,bear,neutral,True,NEUTRAL_TO_BEAR,
2000-05-30,2000-05-26,102,92,0,2,1,0.9799781294719816,0.3533064836846889,False,neutral,bear,True,BEAR_TO_NEUTRAL,
2000-05-31,2000-05-30,103,93,0,2,1,0.9876779678741996,0.3652053218090569,False,neutral,neutral,False,,
2000-06-01,2000-05-31,104,94,2,0,1,0.63028145390287,0.3229271385331762,False,neutral,neutral,False,,
2000-06-02,2000-06-01,105,95,2,2,1,0.9776651281433624,0.3116249700767897,False,neutral,neutral,False,,
2000-06-05,2000-06-02,106,96,0,2,1,0.3479584841824378,0.281087296716748,False,neutral,neutral,False,,
2000-06-06,2000-06-05,107,97,2,2,1,0.12734002963551308,0.2943482063149659,False,neutral,neutral,False,,
2000-06-07,2000-06-06,108,98,1,2,1,0.9980305579480356,0.24981264852324914,False,neutral,neutral,False,,
2000-06-08,2000-06-07,109,99,1,2,1,0.9947355787093887,0.2952160458944604,False,neutral,neutral,False,,
2000-06-09,2000-06-08,110,100,2,2,0,0.6869690982335814,0.6836850682375508,True,bear,neutral,True,NEUTRAL_TO_BEAR,
2000-06-12,2000-06-09,111,101,1,2,0,0.4814729265277397,0.224527947772208,False,neutral,bear,True,BEAR_TO_NEUTRAL,
2000-06-13,2000-06-12,112,102,1,2,0,1.0,0.43794650381052047,False,neutral,neutral,False,,
2000-06-14,2000-06-13,113,103,1,2,0,1.0,0.46261973000368295,False,neutral,neutral,False,,
2000-06-15,2000-06-14,114,104,0,2,1,0.9752705256232311,0.612057090235556,True,bull,neutral,True,NEUTRAL_TO_BULL,
2000-06-16,2000-06-15,115,105,0,2,1,1.0,0.3952315911191992,False,neutral,bull,True,BULL_TO_NEUTRAL,
2000-06-19,2000-06-16,116,106,0,1,2,1.0,0.15667980801389775,False,neutral,neutral,False,,
2000-06-20,2000-06-19,117,107,0,2,1,1.0,0.4300417601296196,False,neutral,neutral,False,,
2000-06-21,2000-06-20,118,108,2,2,1,0.9958540427466515,0.3787611275903898,False,neutral,neutral,False,,
2000-06-22,2000-06-21,119,109,2,0,2,0.9656578154602767,0.41931665691951225,False,neutral,neutral,False,,
2000-06-23,2000-06-22,120,110,0,2,1,0.509109918530349,0.3097942244089957,False,neutral,neutral,False,,
2000-06-26,2000-06-23,121,111,2,2,1,0.3723134889363181,0.48450736199904854,False,neutral,neutral,False,,
2000-06-27,2000-06-26,122,112,0,0,1,0.9999695819664393,0.30228002367273743,False,neutral,neutral,False,,
2000-06-28,2000-06-27,123,113,1,0,2,0.8551884949760753,0.506997537853121,True,bull,neutral,True,NEUTRAL_TO_BULL,
2000-06-29,2000-06-28,124,114,0,0,1,0.9999675151665305,0.3772472226384661,False,neutral,bull,True,BULL_TO_NEUTRAL,
2000-06-30,2000-06-29,125,115,0,0,1,0.9999616160550032,0.4721934714218548,False,neutral,neutral,False,,
2000-07-03,2000-06-30,126,116,1,1,0,1.0,0.4605629415335203,False,neutral,neutral,False,,
2000-07-05,2000-07-03,127,117,1,1,0,1.0,0.4207596368345859,False,neutral,neutral,False,,
2000-07-06,2000-07-05,128,118,1,1,0,1.0,0.7969877089578868,True,bear,neutral,True,NEUTRAL_TO_BEAR,
2000-07-07,2000-07-06,129,119,1,1,0,1.0,0.39386348571600704,False,neutral,bear,True,BEAR_TO_NEUTRAL,
2000-07-10,2000-07-07,130,120,0,1,2,1.0,0.4256876326666314,False,neutral,neutral,False,,
2000-07-11,2000-07-10,131,121,0,1,2,1.0,0.3536664599815603,False,neutral,neutral,False,,
2000-07-12,2000-07-11,132,122,2,1,0,0.9999992837966346,0.3306458308807804,False,neutral,neutral,False,,
2000-07-13,2000-07-12,133,123,2,1,0,0.9999933672606778,0.3802219664689316,False,neutral,neutral,False,,
2000-07-14,2000-07-13,134,124,0,0,1,0.9615677031355389,0.34578589731070014,False,neutral,neutral,False,,
2000-07-17,2000-07-14,135,125,0,0,1,0.9043034979884482,0.3538265159288866,False,neutral,neutral,False,,
2000-07-18,2000-07-17,136,126,0,0,1,1.0,0.3543023063493266,False,neutral,neutral,False,,
2000-07-19,2000-07-18,137,127,0,0,1,1.0,0.28028466067164604,False,neutral,neutral,False,,
2000-07-20,2000-07-19,138,128,1,1,0,0.9999005878932198,0.4167232711504277,False,neutral,neutral,False,,
2000-07-21,2000-07-20,139,129,1,1,0,0.9999987346447149,0.35337838007191796,False,neutral,neutral,False,,
2000-07-24,2000-07-21,140,130,1,1,0,0.9999983686595719,0.42889420367091313,False,neutral,neutral,False,,
2000-07-25,2000-07-24,141,131,1,0,2,0.9999996499453224,0.2509897060774638,False,neutral,neutral,False,,
2000-07-26,2000-07-25,142,132,0,0,1,0.999969923478566,0.39450154653447767,False,neutral,neutral,False,,
2000-07-27,2000-07-26,143,133,0,0,1,0.998623709954938,0.42258797483614413,False,neutral,neutral,False,,
2000-07-28,2000-07-27,144,134,0,0,1,0.9847341487405493,0.4114590381812948,False,neutral,neutral,False,,
2000-07-31,2000-07-28,145,135,2,2,0,0.5354327278001655,0.4345994106867814,False,neutral,neutral,False,,
2000-08-01,2000-07-31,146,136,0,0,1,0.47930170457081783,0.349237624556289,False,neutral,neutral,False,,
2000-08-02,2000-08-01,147,137,0,0,1,0.6014054487655469,0.3510799088901808,False,neutral,neutral,False,,
2000-08-03,2000-08-02,148,138,0,0,1,0.6872348436283873,0.35252766794848867,False,neutral,neutral,False,,
2000-08-04,2000-08-03,149,139,2,2,1,1.0,0.31956091058665936,False,neutral,neutral,False,,
2000-08-07,2000-08-04,150,140,2,2,1,0.17358163633572943,0.32366720264349397,False,neutral,neutral,False,,
2000-08-08,2000-08-07,151,141,2,2,1,1.0,0.3158881120425614,False,neutral,neutral,False,,
2000-08-09,2000-08-08,152,142,2,2,1,1.0,0.3290607942309543,False,neutral,neutral,False,,
2000-08-10,2000-08-09,153,143,0,0,2,0.9684190624179361,0.42137489034078124,False,neutral,neutral,False,,
2000-08-11,2000-08-10,154,144,1,1,0,0.9733476264973012,0.41919271891400417,False,neutral,neutral,False,,
2000-08-14,2000-08-11,155,145,0,0,2,0.9973803142968167,0.40094901000345107,False,neutral,neutral,False,,
2000-08-15,2000-08-14,156,146,0,0,1,0.9996463310989103,0.3637056871306974,False,neutral,neutral,False,,
2000-08-16,2000-08-15,157,147,0,0,2,0.9998454433687278,0.4163684090889365,False,neutral,neutral,False,,
2000-08-17,2000-08-16,158,148,0,0,2,0.9999993819951575,0.421510197423097,False,neutral,neutral,False,,
2000-08-18,2000-08-17,159,149,0,0,2,0.999999499864324,0.3821720353744055,False,neutral,neutral,False,,
2000-08-21,2000-08-18,160,150,0,0,1,0.9999996412291613,0.422951318165288,False,neutral,neutral,False,,
2000-08-22,2000-08-21,161,151,2,0,1,1.0,0.5895866571352727,True,bull,neutral,True,NEUTRAL_TO_BULL,
2000-08-23,2000-08-22,162,152,1,0,2,0.9438473212588876,0.46377198357761384,False,neutral,bull,True,BULL_TO_NEUTRAL,
2000-08-24,2000-08-23,163,153,1,0,2,1.0,0.5953288686590013,True,bull,neutral,True,NEUTRAL_TO_BULL,
2000-08-25,2000-08-24,164,154,2,0,1,1.0,0.6068241886609647,True,bull,bull,False,,
2000-08-28,2000-08-25,165,155,2,0,1,1.0,0.2990163779214745,False,neutral,bull,True,BULL_TO_NEUTRAL,
2000-08-29,2000-08-28,166,156,2,2,1,0.9999828422257605,0.4238158123769639,False,neutral,neutral,False,,
2000-08-30,2000-08-29,167,157,2,2,1,0.999985959865037,0.4320736002085538,False,neutral,neutral,False,,
2000-08-31,2000-08-30,168,158,1,1,0,0.9898282675999042,0.39969354559786074,False,neutral,neutral,False,,
2000-09-01,2000-08-31,169,159,2,2,0,0.99999980290908,0.33951433001804304,False,neutral,neutral,False,,
2000-09-05,2000-09-01,170,160,2,2,1,0.778185131999332,0.359712543212223,False,neutral,neutral,False,,
2000-09-06,2000-09-05,171,161,0,2,1,0.20030963852169537,0.39100164579645913,False,neutral,neutral,False,,
2000-09-07,2000-09-06,172,162,2,2,1,0.7288253412764546,0.3723281909665875,False,neutral,neutral,False,,
2000-09-08,2000-09-07,173,163,0,2,1,0.6018789780383483,0.4141527095780733,False,neutral,neutral,False,,
2000-09-11,2000-09-08,174,164,0,1,2,0.9792083658391012,0.4431923999369386,False,neutral,neutral,False,,
2000-09-12,2000-09-11,175,165,0,1,2,0.9743173064486246,0.5043287793154827,True,bull,neutral,True,NEUTRAL_TO_BULL,
2000-09-13,2000-09-12,176,166,0,1,2,0.9414795887011811,0.44137834349103844,False,neutral,bull,True,BULL_TO_NEUTRAL,
2000-09-14,2000-09-13,177,167,0,1,2,0.9321382661428275,0.4988973615490779,False,neutral,neutral,False,,
2000-09-15,2000-09-14,178,168,0,0,2,1.0,0.4359134835526772,False,neutral,neutral,False,,
2000-09-18,2000-09-15,179,169,0,0,2,1.0,0.36552694594106827,False,neutral,neutral,False,,
2000-09-19,2000-09-18,180,170,1,1,2,0.6384737232516666,0.44387572442604295,False,neutral,neutral,False,,
2000-09-20,2000-09-19,181,171,0,1,2,0.2414901664332173,0.45557797424187824,False,neutral,neutral,False,,
2000-09-21,2000-09-20,182,172,0,0,2,1.0,0.3480108938804321,False,neutral,neutral,False,,
2000-09-22,2000-09-21,183,173,1,1,2,0.8672709828031268,0.5067863844263252,True,bear,neutral,True,NEUTRAL_TO_BEAR,
2000-09-25,2000-09-22,184,174,2,2,1,0.9863248047996465,0.36905165723780115,False,neutral,bear,True,BEAR_TO_NEUTRAL,
2000-09-26,2000-09-25,185,175,2,2,1,1.0,0.3428970986475579,False,neutral,neutral,False,,
2000-09-27,2000-09-26,186,176,0,2,1,0.928423754536083,0.40311479360531166,False,neutral,neutral,False,,
2000-09-28,2000-09-27,187,177,0,0,1,0.914515722657941,0.3819255514123765,False,neutral,neutral,False,,
2000-09-29,2000-09-28,188,178,0,0,1,0.9893512536314976,0.3531916837112679,False,neutral,neutral,False,,
2000-10-02,2000-09-29,189,179,0,2,1,1.0,0.42918745112782064,False,neutral,neutral,False,,
2000-10-03,2000-10-02,190,180,0,2,1,0.973647775218961,0.4803111568024485,False,neutral,neutral,False,,
2000-10-04,2000-10-03,191,181,0,2,1,0.9785739026144594,0.40823921805042845,False,neutral,neutral,False,,
2000-10-05,2000-10-04,192,182,0,2,1,0.9824381105229204,0.44284577974299355,False,neutral,neutral,False,,
2000-10-06,2000-10-05,193,183,0,0,2,0.9968371406997082,0.41533421241509605,False,neutral,neutral,False,,
2000-10-09,2000-10-06,194,184,0,2,1,0.9935837762695833,0.08871304097761568,False,neutral,neutral,False,,
2000-10-10,2000-10-09,195,185,0,2,1,0.8547507057995984,0.4378675175263402,False,neutral,neutral,False,,
2000-10-11,2000-10-10,196,186,2,2,1,1.0,0.5122699287577291,True,bear,neutral,True,NEUTRAL_TO_BEAR,
2000-10-12,2000-10-11,197,187,2,2,1,0.15934216308446955,0.35721619969275,False,neutral,bear,True,BEAR_TO_NEUTRAL,
2000-10-13,2000-10-12,198,188,2,0,2,1.0,0.42413983743333744,False,neutral,neutral,False,,
2000-10-16,2000-10-13,199,189,0,2,1,0.35150111931259037,0.7197786728942551,True,bull,neutral,True,NEUTRAL_TO_BULL,
2000-10-17,2000-10-16,200,190,2,0,1,0.9705335341715929,0.2838571201670607,False,neutral,bull,True,BULL_TO_NEUTRAL,
2000-10-18,2000-10-17,201,191,2,0,2,1.0,0.43248688447701905,False,neutral,neutral,False,,
2000-10-19,2000-10-18,202,192,2,1,2,1.0,0.2161457957177114,False,neutral,neutral,False,,
2000-10-20,2000-10-19,203,193,2,0,2,0.15731117768185907,0.9614544918187654,False,neutral,neutral,False,,
2000-10-23,2000-10-20,204,194,1,1,2,0.9448204008683886,0.28864968111463357,False,neutral,neutral,False,,
2000-10-24,2000-10-23,205,195,2,2,1,0.9102945441722433,0.2967193408448321,False,neutral,neutral,False,,
2000-10-25,2000-10-24,206,196,1,1,2,0.8033352099398444,0.3355982081483565,False,neutral,neutral,False,,
2000-10-26,2000-10-25,207,197,0,1,2,0.35526178010311854,0.2693151055186848,False,neutral,neutral,False,,
2000-10-27,2000-10-26,208,198,1,1,2,0.9982481476707536,0.28559787558458255,False,neutral,neutral,False,,
2000-10-30,2000-10-27,209,199,1,1,2,0.9940673108763465,0.3675554576298649,False,neutral,neutral,False,,
2000-10-31,2000-10-30,210,200,1,1,2,0.8545810085949647,0.41112736092945495,False,neutral,neutral,False,,
2000-11-01,2000-10-31,211,201,1,1,2,0.8909214734589926,0.3767479117634868,False,neutral,neutral,False,,
2000-11-02,2000-11-01,212,202,1,1,2,0.9947896294844529,0.3024900950894383,False,neutral,neutral,False,,
2000-11-03,2000-11-02,213,203,0,0,1,0.8977708941814255,0.4649777436588858,False,neutral,neutral,False,,
2000-11-06,2000-11-03,214,204,0,0,1,0.8163134778533244,0.46894530729844686,False,neutral,neutral,False,,
2000-11-07,2000-11-06,215,205,1,1,2,0.6295141809024933,0.4321956843599759,False,neutral,neutral,False,,
2000-11-08,2000-11-07,216,206,0,0,1,0.41084222402920156,0.4715376708149267,False,neutral,neutral,False,,
2000-11-09,2000-11-08,217,207,0,0,1,0.9121816694430802,0.26542299966437516,False,neutral,neutral,False,,
2000-11-10,2000-11-09,218,208,1,1,2,0.9962017353445624,0.4693036681679909,False,neutral,neutral,False,,
2000-11-13,2000-11-10,219,209,0,0,2,0.9352871259174771,0.24210424521150525,False,neutral,neutral,False,,
2000-11-14,2000-11-13,220,210,0,0,1,0.12726006345600824,0.46658518489368483,False,neutral,neutral,False,,
2000-11-15,2000-11-14,221,211,2,0,1,0.9873333105990462,0.3354631250668399,False,neutral,neutral,False,,
2000-11-16,2000-11-15,222,212,0,2,1,0.9967596894403947,0.27412438192055094,False,neutral,neutral,False,,
2000-11-17,2000-11-16,223,213,0,1,2,0.9908779056397145,0.38683422236032966,False,neutral,neutral,False,,
2000-11-20,2000-11-17,224,214,1,0,2,0.9912530457892957,0.33609827923521357,False,neutral,neutral,False,,
2000-11-21,2000-11-20,225,215,2,1,0,0.25969878331597746,0.5750552544832129,False,neutral,neutral,False,,
2000-11-22,2000-11-21,226,216,2,1,0,0.8147946342399187,0.42431836305117493,False,neutral,neutral,False,,
2000-11-24,2000-11-22,227,217,0,0,1,0.49079283440829413,0.747564910916266,True,bear,neutral,True,NEUTRAL_TO_BEAR,
2000-11-27,2000-11-24,228,218,1,1,2,0.9942179699680076,0.37598124333827293,False,neutral,bear,True,BEAR_TO_NEUTRAL,
2000-11-28,2000-11-27,229,219,1,1,2,0.9946298294613634,0.3141432957628824,False,neutral,neutral,False,,
2000-11-29,2000-11-28,230,220,2,2,1,0.9786829913367665,0.33314926067051237,False,neutral,neutral,False,,
2000-11-30,2000-11-29,231,221,0,2,1,0.41604583930761896,0.6077425976984752,True,bull,neutral,True,NEUTRAL_TO_BULL,
2000-12-01,2000-11-30,232,222,2,2,1,0.5259473163641076,0.5542755336795626,True,bear,bull,True,BULL_TO_BEAR,
2000-12-04,2000-12-01,233,223,0,2,1,0.5131964743831436,0.6915946028188809,True,bull,bear,True,BEAR_TO_BULL,
2000-12-05,2000-12-04,234,224,0,2,1,0.5949158877779303,0.6613835427496121,True,bull,bull,False,,
2000-12-06,2000-12-05,235,225,1,1,2,0.9999999999999648,0.12393079851993995,False,neutral,bull,True,BULL_TO_NEUTRAL,
2000-12-07,2000-12-06,236,226,1,1,2,0.9999999999944986,0.4975307009148272,False,neutral,neutral,False,,
2000-12-08,2000-12-07,237,227,0,0,1,0.99994650239365,0.4543582682545527,False,neutral,neutral,False,,
2000-12-11,2000-12-08,238,228,0,0,1,0.9999479956790609,0.44210225518506924,False,neutral,neutral,False,,
2000-12-12,2000-12-11,239,229,2,2,1,0.990120724926488,0.13789684442708988,False,neutral,neutral,False,,
2000-12-13,2000-12-12,240,230,2,2,0,0.9967339419313214,0.4555306304952215,False,neutral,neutral,False,,
2000-12-14,2000-12-13,241,231,1,1,2,0.9423637993269196,0.4531573750443111,False,neutral,neutral,False,,
2000-12-15,2000-12-14,242,232,1,1,2,0.996465992732495,0.47031512752418286,False,neutral,neutral,False,,
2000-12-18,2000-12-15,243,233,0,0,1,0.9729752748286746,0.24887424033565111,False,neutral,neutral,False,,
2000-12-19,2000-12-18,244,234,1,1,2,0.800670786556109,0.2837196822231514,False,neutral,neutral,False,,
2000-12-20,2000-12-19,245,235,1,1,2,0.23468002638276667,0.3891982973144443,False,neutral,neutral,False,,
2000-12-21,2000-12-20,246,236,2,0,1,0.881836561377902,0.6244643470270992,True,bull,neutral,True,NEUTRAL_TO_BULL,
2000-12-22,2000-12-21,247,237,1,2,1,1.0,0.26677867708217495,False,neutral,bull,True,BULL_TO_NEUTRAL,
2000-12-26,2000-12-22,248,238,1,0,1,0.7294201113802905,0.6062335019913642,True,bull,neutral,True,NEUTRAL_TO_BULL,
2000-12-27,2000-12-26,249,239,1,2,1,0.507527117938862,0.46940790776287084,False,neutral,bull,True,BULL_TO_NEUTRAL,
2000-12-28,2000-12-27,250,240,0,1,2,0.9809188368184345,0.3116878981594589,False,neutral,neutral,False,,
2000-12-29,2000-12-28,251,241,2,0,1,0.716277110581613,0.2786791245178472,False,neutral,neutral,False,,
2001-01-02,2000-12-29,252,242,0,0,1,0.822219790817559,0.4319060871868602,False,neutral,neutral,False,,
2001-01-03,2001-01-02,253,243,0,0,1,0.7023071607523402,0.4403577577118609,False,neutral,neutral,False,,
2001-01-04,2001-01-03,254,244,1,0,2,0.9023983597963663,0.33048243718221587,False,neutral,neutral,False,,
2001-01-05,2001-01-04,255,245,2,0,1,0.980813058391664,0.3827538223257916,False,neutral,neutral,False,,
2001-01-08,2001-01-05,256,246,1,1,2,0.9028804631797479,0.2448924401768964,False,neutral,neutral,False,,
2001-01-09,2001-01-08,257,247,1,1,2,0.9988379661685935,0.28169969504376,False,neutral,neutral,False,,
2001-01-10,2001-01-09,258,248,1,1,2,0.9957019241283138,0.29825589251308454,False,neutral,neutral,False,,
2001-01-11,2001-01-10,259,249,1,1,2,1.0,0.29201622249039366,False,neutral,neutral,False,,
2001-01-12,2001-01-11,260,250,1,1,2,1.0,0.45326232231277125,False,neutral,neutral,False,,
2001-01-16,2001-01-12,261,251,1,1,2,1.0,0.45179498738382695,False,neutral,neutral,False,,
2001-01-17,2001-01-16,262,252,1,1,2,1.0,0.43409218768579655,False,neutral,neutral,False,,
2001-01-18,2001-01-17,263,253,1,1,2,0.9999722341318346,0.30815586081036844,False,neutral,neutral,False,,
2001-01-19,2001-01-18,264,254,1,1,2,0.9994968221446445,0.40585814024497596,False,neutral,neutral,False,,
2001-01-22,2001-01-19,265,255,1,1,2,0.9999685334712105,0.3290216734686676,False,neutral,neutral,False,,
2001-01-23,2001-01-22,266,256,1,1,2,0.9999996586492187,0.31640342380394254,False,neutral,neutral,False,,
2001-01-24,2001-01-23,267,257,0,0,2,0.999999999997902,0.31952132482511153,False,neutral,neutral,False,,
2001-01-25,2001-01-24,268,258,1,1,0,0.9996976643916947,0.45854833815454304,False,neutral,neutral,False,,
2001-01-26,2001-01-25,269,259,0,0,1,0.30113969594420165,0.3140474344121116,False,neutral,neutral,False,,
2001-01-29,2001-01-26,270,260,2,0,1,0.8846325701973357,0.4931521096066264,False,neutral,neutral,False,,
2001-01-30,2001-01-29,271,261,1,2,0,0.9682663236528329,0.4551038043778487,False,neutral,neutral,False,,
2001-01-31,2001-01-30,272,262,0,2,1,0.9642157075826453,0.39743855778168896,False,neutral,neutral,False,,
2001-02-01,2001-01-31,273,263,0,2,1,1.0,0.4641104845620723,False,neutral,neutral,False,,
2001-02-02,2001-02-01,274,264,1,0,2,0.9889028975180204,0.4469567735327529,False,neutral,neutral,False,,
2001-02-05,2001-02-02,275,265,0,1,2,0.9997093599216419,0.10096721149369882,False,neutral,neutral,False,,
2001-02-06,2001-02-05,276,266,0,1,2,1.0,0.42757181902573327,False,neutral,neutral,False,,
2001-02-07,2001-02-06,277,267,0,2,1,1.0,0.48164974211707184,False,neutral,neutral,False,,
2001-02-08,2001-02-07,278,268,0,1,2,0.9964573504994215,0.4649320793796933,False,neutral,neutral,False,,
2001-02-09,2001-02-08,279,269,0,2,1,0.8711192803102715,0.35867122019527053,False,neutral,neutral,False,,
2001-02-12,2001-02-09,280,270,2,2,1,0.9999367064970938,0.363531448739486,False,neutral,neutral,False,,
2001-02-13,2001-02-12,281,271,0,0,2,0.9995885330623608,0.3365105350403413,False,neutral,neutral,False,,
2001-02-14,2001-02-13,282,272,2,2,1,0.9999995645427315,0.3583044816282757,False,neutral,neutral,False,,
2001-02-15,2001-02-14,283,273,0,0,2,0.9999999998864595,0.29955648208445584,False,neutral,neutral,False,,
2001-02-16,2001-02-15,284,274,0,0,1,0.07995935872966989,0.3317507838514571,False,neutral,neutral,False,,
2001-02-20,2001-02-16,285,275,0,0,1,0.9999999837508319,0.4702874532190056,False,neutral,neutral,False,,
2001-02-21,2001-02-20,286,276,1,1,2,1.0,0.4699794060873148,False,neutral,neutral,False,,
2001-02-22,2001-02-21,287,277,2,2,1,0.7094830613015467,0.5403092170104333,True,bear,neutral,True,NEUTRAL_TO_BEAR,
2001-02-23,2001-02-22,288,278,2,2,1,0.24739394141976992,0.3033185146808964,False,neutral,bear,True,BEAR_TO_NEUTRAL,
2001-02-26,2001-02-23,289,279,1,2,1,1.0,0.2160958402615858,False,neutral,neutral,False,,
2001-02-27,2001-02-26,290,280,2,0,2,0.9880829947399785,0.5849616515348272,True,bull,neutral,True,NEUTRAL_TO_BULL,
2001-02-28,2001-02-27,291,281,2,1,2,1.0,0.22832682536374485,False,neutral,bull,True,BULL_TO_NEUTRAL,
2001-03-01,2001-02-28,292,282,2,1,2,1.0,0.3737599027819729,False,neutral,neutral,False,,
2001-03-02,2001-03-01,293,283,2,1,2,0.7743810179506674,0.2475481668244841,False,neutral,neutral,False,,
2001-03-05,2001-03-02,294,284,1,1,2,0.5214834959686806,0.4120937644608344,False,neutral,neutral,False,,
2001-03-06,2001-03-05,295,285,2,2,1,0.18872234436763166,0.30795341712978685,False,neutral,neutral,False,,
2001-03-07,2001-03-06,296,286,0,1,2,0.9871453622289995,0.3686099751549578,False,neutral,neutral,False,,
2001-03-08,2001-03-07,297,287,1,0,2,0.9535797560110574,0.44311224880977373,False,neutral,neutral,False,,
2001-03-09,2001-03-08,298,288,2,0,1,0.9107220679253792,0.49811629812501534,False,neutral,neutral,False,,
2001-03-12,2001-03-09,299,289,0,2,1,0.8048949595858848,0.14014508591997243,False,neutral,neutral,False,,
2001-03-13,2001-03-12,300,290,1,1,2,0.7612501086831436,0.3209805198160677,False,neutral,neutral,False,,
2001-03-14,2001-03-13,301,291,1,1,2,0.4287540442957165,0.3388837529774556,False,neutral,neutral,False,,
2001-03-15,2001-03-14,302,292,2,0,2,1.0,0.3822774062778447,False,neutral,neutral,False,,
2001-03-16,2001-03-15,303,293,2,1,2,1.0,0.21912578257991688,False,neutral,neutral,False,,
2001-03-19,2001-03-16,304,294,0,2,0,1.0,0.4289406100367602,False,neutral,neutral,False,,
2001-03-20,2001-03-19,305,295,2,0,2,1.0,0.5404139225392592,True,bull,neutral,True,NEUTRAL_TO_BULL,
2001-03-21,2001-03-20,306,296,2,0,2,1.0,0.49291602294254755,False,neutral,bull,True,BULL_TO_NEUTRAL,
2001-03-22,2001-03-21,307,297,2,0,2,1.0,0.35151070796494804,False,neutral,neutral,False,,
2001-03-23,2001-03-22,308,298,2,0,2,1.0,0.26313784808825874,False,neutral,neutral,False,,
2001-03-26,2001-03-23,309,299,2,0,2,0.4825296598657884,0.7566488890665699,True,bull,neutral,True,NEUTRAL_TO_BULL,
2001-03-27,2001-03-26,310,300,2,0,2,0.31784387203964726,0.35171134742208354,False,neutral,bull,True,BULL_TO_NEUTRAL,
2001-03-28,2001-03-27,311,301,2,0,2,0.23745508738225207,0.45551564751549073,False,neutral,neutral,False,,
2001-03-29,2001-03-28,312,302,1,1,2,0.6851494910135308,0.7570194794880762,True,bear,neutral,True,NEUTRAL_TO_BEAR,
2001-03-30,2001-03-29,313,303,0,1,2,0.47189267689419573,0.4923692777989428,False,neutral,bear,True,BEAR_TO_NEUTRAL,
2001-04-02,2001-03-30,314,304,1,1,2,0.9026970460018502,0.29863401148813973,False,neutral,neutral,False,,
2001-04-03,2001-04-02,315,305,0,0,2,0.9999981075780968,0.4818766668890034,False,neutral,neutral,False,,
2001-04-04,2001-04-03,316,306,0,0,1,0.9214153396590774,0.4310267156009091,False,neutral,neutral,False,,
2001-04-05,2001-04-04,317,307,0,0,2,0.7829219327133677,0.28927720481870733,False,neutral,neutral,False,,
2001-04-06,2001-04-05,318,308,0,0,2,0.9701065710073695,0.19298108939090028,False,neutral,neutral,False,,
2001-04-09,2001-04-06,319,309,0,0,1,0.9557585771219433,0.4209844704352719,False,neutral,neutral,False,,
2001-04-10,2001-04-09,320,310,0,0,2,0.974423599394516,0.3220441871143922,False,neutral,neutral,False,,
2001-04-11,2001-04-10,321,311,0,0,2,0.9999644272471125,0.36464272295241024,False,neutral,neutral,False,,
2001-04-12,2001-04-11,322,312,0,0,2,0.9964465208413172,0.2829156996224419,False,neutral,neutral,False,,
2001-04-16,2001-04-12,323,313,2,2,1,0.7980410032121432,0.36595409153626945,False,neutral,neutral,False,,
2001-04-17,2001-04-16,324,314,0,0,2,0.6883975830523965,0.35986008812471115,False,neutral,neutral,False,,
2001-04-18,2001-04-17,325,315,2,2,1,0.14207948170398396,0.35169912111678403,False,neutral,neutral,False,,
2001-04-19,2001-04-18,326,316,1,2,1,1.0,0.8696288506263555,True,bull,neutral,True,NEUTRAL_TO_BULL,
2001-04-20,2001-04-19,327,317,1,2,1,1.0,0.36486400677421454,False,neutral,bull,True,BULL_TO_NEUTRAL,
2001-04-23,2001-04-20,328,318,2,1,2,0.9999999999973067,0.25361326895347214,False,neutral,neutral,False,,
2001-04-24,2001-04-23,329,319,1,2,1,1.0,0.371094445927547,False,neutral,neutral,False,,
2001-04-25,2001-04-24,330,320,2,1,2,0.9915889625739298,0.22889810349536052,False,neutral,neutral,False,,
2001-04-26,2001-04-25,331,321,0,2,0,0.9986575051192345,0.3587909456479724,False,neutral,neutral,False,,
2001-04-27,2001-04-26,332,322,2,0,2,0.20886631848310466,0.23648683541782195,False,neutral,neutral,False,,
2001-04-30,2001-04-27,333,323,0,0,1,0.8379019161070439,0.3592711039619934,False,neutral,neutral,False,,
2001-05-01,2001-04-30,334,324,0,0,2,0.4708498639745146,0.4642781266678561,False,neutral,neutral,False,,
2001-05-02,2001-05-01,335,325,2,2,1,1.0,0.28630049929101037,False,neutral,neutral,False,,
2001-05-03,2001-05-02,336,326,1,1,2,1.0,0.2902950379461439,False,neutral,neutral,False,,
2001-05-04,2001-05-03,337,327,0,0,2,1.0,0.3894674714436953,False,neutral,neutral,False,,
2001-05-07,2001-05-04,338,328,2,2,1,0.999999173239654,0.35855931580837075,False,neutral,neutral,False,,
2001-05-08,2001-05-07,339,329,0,0,2,0.43534027690302207,0.6671316130569359,True,bear,neutral,True,NEUTRAL_TO_BEAR,
2001-05-09,2001-05-08,340,330,0,0,2,0.48091583048376396,0.23990589811780885,False,neutral,bear,True,BEAR_TO_NEUTRAL,
2001-05-10,2001-05-09,341,331,2,0,2,0.7700827303599014,0.31209419117910314,False,neutral,neutral,False,,
2001-05-11,2001-05-10,342,332,2,0,2,0.9999999999889952,0.7295731940121821,True,bull,neutral,True,NEUTRAL_TO_BULL,
2001-05-14,2001-05-11,343,333,2,2,1,0.6131937031340348,0.3368471219478308,False,neutral,bull,True,BULL_TO_NEUTRAL,
2001-05-15,2001-05-14,344,334,0,2,1,0.43156295768538633,0.45798354296343613,False,neutral,neutral,False,,
2001-05-16,2001-05-15,345,335,1,2,0,1.0,0.4874649218178009,False,neutral,neutral,False,,
2001-05-17,2001-05-16,346,336,2,2,1,0.46329362358035,0.4086316514721185,False,neutral,neutral,False,,
2001-05-18,2001-05-17,347,337,0,2,1,0.916936436919969,0.4930707259485841,False,neutral,neutral,False,,
2001-05-21,2001-05-18,348,338,0,2,1,0.2299156544333445,0.48218037370083094,False,neutral,neutral,False,,
2001-05-22,2001-05-21,349,339,2,2,1,0.9985707292715318,0.34321610537598557,False,neutral,neutral,False,,
2001-05-23,2001-05-22,350,340,1,1,2,0.9131432268506946,0.29474068558746247,False,neutral,neutral,False,,
2001-05-24,2001-05-23,351,341,2,2,1,0.9664666832069844,0.44297483078857347,False,neutral,neutral,False,,
2001-05-25,2001-05-24,352,342,0,0,2,0.9848806247079814,0.2865010840964651,False,neutral,neutral,False,,
2001-05-29,2001-05-25,353,343,0,0,2,0.9999999973410425,0.3940524131808132,False,neutral,neutral,False,,
2001-05-30,2001-05-29,354,344,2,2,1,1.0,0.351083323893995,False,neutral,neutral,False,,
2001-05-31,2001-05-30,355,345,1,1,0,0.4985802441222676,0.3537987392510327,False,neutral,neutral,False,,
2001-06-01,2001-05-31,356,346,1,2,0,0.5254255701470668,0.42200240090942526,False,neutral,neutral,False,,
2001-06-04,2001-06-01,357,347,0,1,2,0.5103087458156748,0.4312553771842209,False,neutral,neutral,False,,
2001-06-05,2001-06-04,358,348,0,1,2,0.717849380538913,0.43809064578116746,False,neutral,neutral,False,,
2001-06-06,2001-06-05,359,349,2,2,1,1.0,0.3177861358395647,False,neutral,neutral,False,,
2001-06-07,2001-06-06,360,350,2,2,1,0.08157048073739537,0.35592280801799425,False,neutral,neutral,False,,
2001-06-08,2001-06-07,361,351,0,2,1,0.9677601248086879,0.4842857902230688,False,neutral,neutral,False,,
2001-06-11,2001-06-08,362,352,1,0,2,1.0,0.38043105159515617,False,neutral,neutral,False,,
2001-06-12,2001-06-11,363,353,1,0,2,1.0,0.43245543991600877,False,neutral,neutral,False,,
2001-06-13,2001-06-12,364,354,1,0,2,1.0,0.4875192217549143,False,neutral,neutral,False,,
2001-06-14,2001-06-13,365,355,2,0,1,0.9912343439961763,0.40794197729252407,False,neutral,neutral,False,,
2001-06-15,2001-06-14,366,356,0,0,1,1.0,0.4824761640622023,False,neutral,neutral,False,,
2001-06-18,2001-06-15,367,357,0,0,2,0.6039702014085835,0.40870080830628197,False,neutral,neutral,False,,
2001-06-19,2001-06-18,368,358,0,0,2,0.23369543263009263,0.41598219524678426,False,neutral,neutral,False,,
2001-06-20,2001-06-19,369,359,2,2,1,0.7212123178055667,0.2945892251108014,False,neutral,neutral,False,,
2001-06-21,2001-06-20,370,360,0,0,2,0.4093965812373241,0.39161300181128517,False,neutral,neutral,False,,
2001-06-22,2001-06-21,371,361,2,2,0,0.9999996154766939,0.32920032124434667,False,neutral,neutral,False,,
2001-06-25,2001-06-22,372,362,0,0,1,1.0,0.3403788030620826,False,neutral,neutral,False,,
2001-06-26,2001-06-25,373,363,0,0,1,0.1567147862951694,0.3552774070966221,False,neutral,neutral,False,,
2001-06-27,2001-06-26,374,364,2,0,1,1.0,0.4906796431053112,False,neutral,neutral,False,,
2001-06-28,2001-06-27,375,365,2,2,1,0.5292003539131592,0.4336269408894789,False,neutral,neutral,False,,
2001-06-29,2001-06-28,376,366,2,0,1,0.5796560806965882,0.34516706988588125,False,neutral,neutral,False,,
2001-07-02,2001-06-29,377,367,0,0,1,0.4612217176705161,0.4211373035041063,False,neutral,neutral,False,,
2001-07-03,2001-07-02,378,368,0,2,1,0.4663745920821545,0.35058217981415113,False,neutral,neutral,False,,
2001-07-05,2001-07-03,379,369,1,2,0,1.0,0.4943619320710405,False,neutral,neutral,False,,
2001-07-06,2001-07-05,380,370,2,1,0,1.0,0.14419832481333245,False,neutral,neutral,False,,
2001-07-09,2001-07-06,381,371,1,0,2,0.887405945849438,0.11924017400049279,False,neutral,neutral,False,,
2001-07-10,2001-07-09,382,372,1,0,2,0.6857491075625104,0.4603570115346162,False,neutral,neutral,False,,
2001-07-11,2001-07-10,383,373,2,2,1,1.0,0.38816333204468356,False,neutral,neutral,False,,
2001-07-12,2001-07-11,384,374,2,2,1,0.9997232126450655,0.29523433321466347,False,neutral,neutral,False,,
2001-07-13,2001-07-12,385,375,2,2,1,0.9997567381900461,0.3321778244924386,False,neutral,neutral,False,,
2001-07-16,2001-07-13,386,376,2,2,1,0.9997016576105414,0.3108178633593688,False,neutral,neutral,False,,
2001-07-17,2001-07-16,387,377,2,2,1,0.9992786437933053,0.3925017930021784,False,neutral,neutral,False,,
2001-07-18,2001-07-17,388,378,2,2,1,0.9999999999999921,0.31806021641565524,False,neutral,neutral,False,,
2001-07-19,2001-07-18,389,379,2,2,1,0.10986536895207098,0.3357575697556892,False,neutral,neutral,False,,
2001-07-20,2001-07-19,390,380,2,0,1,0.8709525547945037,0.39540093680182326,False,neutral,neutral,False,,
2001-07-23,2001-07-20,391,381,0,1,2,0.9096744872010686,0.45119733194978373,False,neutral,neutral,False,,
2001-07-24,2001-07-23,392,382,0,1,2,0.7942880388035495,0.17062854336615602,False,neutral,neutral,False,,
2001-07-25,2001-07-24,393,383,0,1,2,0.8185428744150324,0.4021986054482006,False,neutral,neutral,False,,
2001-07-26,2001-07-25,394,384,2,0,1,0.8841943197337614,0.3423662018751123,False,neutral,neutral,False,,
2001-07-27,2001-07-26,395,385,1,2,0,0.8829780606223766,0.3564669760025395,False,neutral,neutral,False,,
2001-07-30,2001-07-27,396,386,0,2,1,0.9375091839515519,0.46038986079697874,False,neutral,neutral,False,,
2001-07-31,2001-07-30,397,387,0,2,1,0.9412904528913729,0.4807988908048881,False,neutral,neutral,False,,
2001-08-01,2001-07-31,398,388,0,2,1,0.9600878187499476,0.4607614683137717,False,neutral,neutral,False,,
2001-08-02,2001-08-01,399,389,0,2,1,0.9102747469286644,0.43717243764462443,False,neutral,neutral,False,,
2001-08-03,2001-08-02,400,390,0,1,2,0.8398780945399755,0.46320637746609866,False,neutral,neutral,False,,
2001-08-06,2001-08-03,401,391,0,1,2,0.7615613252945929,0.45596575943220763,False,neutral,neutral,False,,
2001-08-07,2001-08-06,402,392,2,2,0,0.48183563422689657,0.3591270418249869,False,neutral,neutral,False,,
2001-08-08,2001-08-07,403,393,2,0,1,1.0,0.47564761091979324,False,neutral,neutral,False,,
2001-08-09,2001-08-08,404,394,2,0,1,0.9987163130122549,0.20511032058831588,False,neutral,neutral,False,,
2001-08-10,2001-08-09,405,395,2,0,1,0.9633302941144437,0.4790433468667222,False,neutral,neutral,False,,
2001-08-13,2001-08-10,406,396,2,0,1,0.9232367840342199,0.47792055945287204,False,neutral,neutral,False,,
2001-08-14,2001-08-13,407,397,0,2,1,0.9032583747776888,0.48444685835122236,False,neutral,neutral,False,,
2001-08-15,2001-08-14,408,398,1,0,2,0.8733266098020638,0.4837719206150822,False,neutral,neutral,False,,
2001-08-16,2001-08-15,409,399,1,0,2,0.8935162326054721,0.39776291701063854,False,neutral,neutral,False,,
2001-08-17,2001-08-16,410,400,1,0,2,0.9990691217034501,0.47969204124751985,False,neutral,neutral,False,,
2001-08-20,2001-08-17,411,401,0,2,1,1.0,0.25514321539264273,False,neutral,neutral,False,,
2001-08-21,2001-08-20,412,402,0,2,1,1.0,0.40089004573238324,False,neutral,neutral,False,,
2001-08-22,2001-08-21,413,403,0,2,1,0.9977787779538401,0.23905361757256804,False,neutral,neutral,False,,
2001-08-23,2001-08-22,414,404,0,2,1,0.5105296866919475,0.39239518136410845,False,neutral,neutral,False,,
2001-08-24,2001-08-23,415,405,2,0,1,0.9828778042503574,0.4617089122973817,False,neutral,neutral,False,,
2001-08-27,2001-08-24,416,406,1,0,2,0.985429099255948,0.09978525560534507,False,neutral,neutral,False,,
2001-08-28,2001-08-27,417,407,2,0,1,0.9991821464570045,0.4361806765396439,False,neutral,neutral,False,,
2001-08-29,2001-08-28,418,408,1,0,2,1.0,0.2956439548181511,False,neutral,neutral,False,,
2001-08-30,2001-08-29,419,409,0,1,2,0.9954629441596202,0.40223842104338725,False,neutral,neutral,False,,
2001-08-31,2001-08-30,420,410,2,0,1,0.8005214264174566,0.22886868379858802,False,neutral,neutral,False,,
2001-09-04,2001-08-31,421,411,2,0,1,0.07639323545545462,0.42394783514420886,False,neutral,neutral,False,,
2001-09-05,2001-09-04,422,412,1,1,2,1.0,0.3346508138899015,False,neutral,neutral,False,,
2001-09-06,2001-09-05,423,413,1,1,2,1.0,0.3054713019120534,False,neutral,neutral,False,,
2001-09-07,2001-09-06,424,414,0,0,2,0.8939822003706444,0.421783163783631,False,neutral,neutral,False,,
2001-09-10,2001-09-07,425,415,0,2,0,1.0,0.3497070915016877,False,neutral,neutral,False,,
2001-09-17,2001-09-10,426,416,2,0,2,0.8791611495534682,0.3392771949313684,False,neutral,neutral,False,,
2001-09-18,2001-09-17,427,417,2,0,2,1.0,0.9989490787057688,True,bull,neutral,True,NEUTRAL_TO_BULL,
2001-09-19,2001-09-18,428,418,2,0,2,1.0,0.21313091473295642,False,neutral,bull,True,BULL_TO_NEUTRAL,
2001-09-20,2001-09-19,429,419,1,2,1,1.0,0.3892227091488199,False,neutral,neutral,False,,
2001-09-21,2001-09-20,430,420,2,0,2,1.0,0.6422567571377882,True,bull,neutral,True,NEUTRAL_TO_BULL,
2001-09-24,2001-09-21,431,421,2,0,2,1.0,0.3084410439591788,False,neutral,bull,True,BULL_TO_NEUTRAL,
2001-09-25,2001-09-24,432,422,0,2,0,1.0,0.8280776746717587,True,bull,neutral,True,NEUTRAL_TO_BULL,
2001-09-26,2001-09-25,433,423,1,2,1,1.0,0.28551941701616357,False,neutral,bull,True,BULL_TO_NEUTRAL,
2001-09-27,2001-09-26,434,424,1,0,1,1.0,0.21712847251358747,False,neutral,neutral,False,,
2001-09-28,2001-09-27,435,425,1,2,1,0.9999515914664936,0.26561342633518537,False,neutral,neutral,False,,
2001-10-01,2001-09-28,436,426,1,1,2,0.9844596697817651,0.367827945257068,False,neutral,neutral,False,,
2001-10-02,2001-10-01,437,427,0,0,1,0.9846642015886912,0.3140338942085624,False,neutral,neutral,False,,
2001-10-03,2001-10-02,438,428,0,0,1,0.8895730644810401,0.3475024019565909,False,neutral,neutral,False,,
2001-10-04,2001-10-03,439,429,1,1,2,0.1447075252693328,0.38091064255937634,False,neutral,neutral,False,,
2001-10-05,2001-10-04,440,430,1,0,1,1.0,0.22129762891800747,False,neutral,neutral,False,,
2001-10-08,2001-10-05,441,431,0,0,1,0.8389429688063829,0.3152954368173389,False,neutral,neutral,False,,
2001-10-09,2001-10-08,442,432,0,0,1,0.9876733852369973,0.33698022079002854,False,neutral,neutral,False,,
2001-10-10,2001-10-09,443,433,2,2,1,0.9999999696414147,0.3310634142846616,False,neutral,neutral,False,,
2001-10-11,2001-10-10,444,434,1,1,0,1.0,0.35769628544948895,False,neutral,neutral,False,,
2001-10-12,2001-10-11,445,435,2,2,1,1.0,0.3757490846312898,False,neutral,neutral,False,,
2001-10-15,2001-10-12,446,436,2,2,1,1.0,0.32395942245800985,False,neutral,neutral,False,,
2001-10-16,2001-10-15,447,437,1,1,2,0.49845027120455593,0.43434179361869335,False,neutral,neutral,False,,
2001-10-17,2001-10-16,448,438,0,1,2,0.49990737755249154,0.355003684101564,False,neutral,neutral,False,,
2001-10-18,2001-10-17,449,439,1,1,2,0.5028356654066429,0.244654026361463,False,neutral,neutral,False,,
2001-10-19,2001-10-18,450,440,2,0,1,0.9169133139974718,0.46310153563700107,False,neutral,neutral,False,,
2001-10-22,2001-10-19,451,441,2,0,2,0.6091291451928352,0.7122936436373495,True,bull,neutral,True,NEUTRAL_TO_BULL,
2001-10-23,2001-10-22,452,442,2,0,2,0.4148022935496208,0.48447503658588104,False,neutral,bull,True,BULL_TO_NEUTRAL,
2001-10-24,2001-10-23,453,443,2,0,2,0.7921959918761776,0.4955968739845846,False,neutral,neutral,False,,
2001-10-25,2001-10-24,454,444,2,0,1,1.0,0.4600669314578095,False,neutral,neutral,False,,
2001-10-26,2001-10-25,455,445,0,1,2,1.0,0.18726037845282828,False,neutral,neutral,False,,
2001-10-29,2001-10-26,456,446,0,2,1,0.9954220716944572,0.46250282260203657,False,neutral,neutral,False,,
2001-10-30,2001-10-29,457,447,1,0,2,0.9823184264824093,0.13491672892564616,False,neutral,neutral,False,,
2001-10-31,2001-10-30,458,448,2,2,1,0.9397238259210534,0.35976457651295346,False,neutral,neutral,False,,
2001-11-01,2001-10-31,459,449,0,0,1,0.5666740961837167,0.45421877328085725,False,neutral,neutral,False,,
2001-11-02,2001-11-01,460,450,2,2,1,0.7664202233916318,0.057815258241372916,False,neutral,neutral,False,,
2001-11-05,2001-11-02,461,451,2,2,1,0.8100444015371794,0.42389403851120894,False,neutral,neutral,False,,
2001-11-06,2001-11-05,462,452,0,2,1,0.1772471047546227,0.3216798275805654,False,neutral,neutral,False,,
2001-11-07,2001-11-06,463,453,2,2,1,1.0,0.3538738453141974,False,neutral,neutral,False,,
2001-11-08,2001-11-07,464,454,0,0,1,0.995077824939005,0.32045866640124393,False,neutral,neutral,False,,
2001-11-09,2001-11-08,465,455,2,2,1,0.9114788408101994,0.3179695383179236,False,neutral,neutral,False,,
2001-11-12,2001-11-09,466,456,2,0,1,0.2591629572664666,0.3487845637615143,False,neutral,neutral,False,,
2001-11-13,2001-11-12,467,457,0,0,1,0.2791885963323886,0.42399041909212803,False,neutral,neutral,False,,
2001-11-14,2001-11-13,468,458,2,0,1,0.8978391587266321,0.346438868913326,False,neutral,neutral,False,,
2001-11-15,2001-11-14,469,459,2,2,1,0.5012593796453606,0.42329863373725307,False,neutral,neutral,False,,
2001-11-16,2001-11-15,470,460,2,1,0,1.0,0.31895257828699547,False,neutral,neutral,False,,
2001-11-19,2001-11-16,471,461,2,2,0,0.9366328892153105,0.4426120898517307,False,neutral,neutral,False,,
2001-11-20,2001-11-19,472,462,0,2,1,0.49599976495651316,0.37274104574279826,False,neutral,neutral,False,,
2001-11-21,2001-11-20,473,463,0,0,1,0.9742373928092202,0.40791552966011874,False,neutral,neutral,False,,
2001-11-23,2001-11-21,474,464,2,0,1,0.49174240587596046,0.3371323851809599,False,neutral,neutral,False,,
2001-11-26,2001-11-23,475,465,0,0,1,0.5099737640219205,0.28524797138514973,False,neutral,neutral,False,,
2001-11-27,2001-11-26,476,466,0,0,1,0.9992111170237835,0.45665648905695944,False,neutral,neutral,False,,
2001-11-28,2001-11-27,477,467,1,2,0,1.0,0.4439064554483076,False,neutral,neutral,False,,
2001-11-29,2001-11-28,478,468,2,0,1,0.9999998182999731,0.4625688319874319,False,neutral,neutral,False,,
2001-11-30,2001-11-29,479,469,1,1,2,1.0,0.31274026726698495,False,neutral,neutral,False,,
2001-12-03,2001-11-30,480,470,2,0,1,0.45094001250343513,0.3405658615710147,False,neutral,neutral,False,,
2001-12-04,2001-12-03,481,471,1,1,2,1.0,0.4347740795397353,False,neutral,neutral,False,,
2001-12-05,2001-12-04,482,472,0,0,1,1.0,0.23807416592982975,False,neutral,neutral,False,,
2001-12-06,2001-12-05,483,473,0,0,1,0.9845911096779556,0.2174600369748148,False,neutral,neutral,False,,
2001-12-07,2001-12-06,484,474,1,1,2,0.9368769127046854,0.4544957152232847,False,neutral,neutral,False,,
2001-12-10,2001-12-07,485,475,0,0,1,0.9099292247574093,0.4256283875878331,False,neutral,neutral,False,,
2001-12-11,2001-12-10,486,476,0,2,1,0.8887046031859918,0.2554189648979006,False,neutral,neutral,False,,
2001-12-12,2001-12-11,487,477,0,1,2,0.8670694029261902,0.4519708822441291,False,neutral,neutral,False,,
2001-12-13,2001-12-12,488,478,2,0,1,0.9219237088295273,0.4486858412069054,False,neutral,neutral,False,,
2001-12-14,2001-12-13,489,479,0,0,2,0.11687291480895895,0.2605596018156937,False,neutral,neutral,False,,
2001-12-17,2001-12-14,490,480,1,1,2,1.0,0.3400717265646383,False,neutral,neutral,False,,
2001-12-18,2001-12-17,491,481,1,0,2,1.0,0.3499098237910161,False,neutral,neutral,False,,
2001-12-19,2001-12-18,492,482,0,2,1,1.0,0.33748727596724615,False,neutral,neutral,False,,
2001-12-20,2001-12-19,493,483,0,2,1,0.16631687695713587,0.34105614680152063,False,neutral,neutral,False,,
2001-12-21,2001-12-20,494,484,1,0,2,0.9860394284413228,0.3978476389501942,False,neutral,neutral,False,,
2001-12-24,2001-12-21,495,485,2,0,1,1.0,0.4491509354285635,False,neutral,neutral,False,,
2001-12-26,2001-12-24,496,486,2,0,1,1.0,0.4495041203025667,False,neutral,neutral,False,,
2001-12-27,2001-12-26,497,487,2,0,1,0.9996256542438813,0.4388098977451254,False,neutral,neutral,False,,
2001-12-28,2001-12-27,498,488,0,1,2,1.0,0.42208460823769783,False,neutral,neutral,False,,
2001-12-31,2001-12-28,499,489,0,0,2,1.0,0.45505651036782874,False,neutral,neutral,False,,
2002-01-02,2001-12-31,500,490,0,0,2,1.0,0.31991870209230955,False,neutral,neutral,False,,
2002-01-03,2002-01-02,501,491,2,2,1,1.0,0.3541972983754619,False,neutral,neutral,False,,
2002-01-04,2002-01-03,502,492,0,0,2,1.0,0.35638266825900333,False,neutral,neutral,False,,
2002-01-07,2002-01-04,503,493,0,1,2,1.0,0.42279921896903494,False,neutral,neutral,False,,
2002-01-08,2002-01-07,504,494,1,1,2,1.0,0.41813794516687564,False,neutral,neutral,False,,
2002-01-09,2002-01-08,505,495,0,1,2,1.0,0.4426290329603555,False,neutral,neutral,False,,
2002-01-10,2002-01-09,506,496,1,1,2,1.0,0.42457643921805954,False,neutral,neutral,False,,
2002-01-11,2002-01-10,507,497,0,0,2,1.0,0.434244642857883,False,neutral,neutral,False,,
2002-01-14,2002-01-11,508,498,0,0,1,1.0,0.4060665428785245,False,neutral,neutral,False,,
2002-01-15,2002-01-14,509,499,0,0,1,1.0,0.444296748062235,False,neutral,neutral,False,,
2002-01-16,2002-01-15,510,500,1,1,2,0.5170303596579862,0.3694413970300309,False,neutral,neutral,False,,
2002-01-17,2002-01-16,511,501,2,0,1,0.49856694299106735,0.33635252489372874,False,neutral,neutral,False,,
2002-01-18,2002-01-17,512,502,0,0,1,0.8787850538704002,0.39623647839491083,False,neutral,neutral,False,,
2002-01-22,2002-01-18,513,503,2,0,1,0.5039728495346197,0.3361991662450734,False,neutral,neutral,False,,
2002-01-23,2002-01-22,514,504,0,0,2,0.9183420408737017,0.43851992959278574,False,neutral,neutral,False,,
2002-01-24,2002-01-23,515,505,2,0,1,0.4940664041130956,0.3687261467377099,False,neutral,neutral,False,,
2002-01-25,2002-01-24,516,506,2,2,1,0.9999040310780536,0.44476927737996746,False,neutral,neutral,False,,
2002-01-28,2002-01-25,517,507,2,2,1,1.0,0.4609444752620439,False,neutral,neutral,False,,
2002-01-29,2002-01-28,518,508,0,0,1,1.0,0.44858948345827554,False,neutral,neutral,False,,
2002-01-30,2002-01-29,519,509,0,0,2,0.9857647210105155,0.08496994567222592,False,neutral,neutral,False,,
2002-01-31,2002-01-30,520,510,0,0,1,1.0,0.2844720183304003,False,neutral,neutral,False,,
2002-02-01,2002-01-31,521,511,0,0,1,1.0,0.35215726037053696,False,neutral,neutral,False,,
2002-02-04,2002-02-01,522,512,1,1,2,1.0,0.4353299177069866,False,neutral,neutral,False,,
2002-02-05,2002-02-04,523,513,0,0,1,0.9339490348112418,0.17156668273697587,False,neutral,neutral,False,,
2002-02-06,2002-02-05,524,514,0,0,1,0.09329704748631275,0.4202392818809445,False,neutral,neutral,False,,
2002-02-07,2002-02-06,525,515,2,0,1,1.0,0.3365475434988575,False,neutral,neutral,False,,
2002-02-08,2002-02-07,526,516,1,0,2,0.9999999012079913,0.34359566590522383,False,neutral,neutral,False,,
2002-02-11,2002-02-08,527,517,2,0,1,1.0,0.37762826819866835,False,neutral,neutral,False,,
2002-02-12,2002-02-11,528,518,1,0,2,1.0,0.35206298671285696,False,neutral,neutral,False,,
2002-02-13,2002-02-12,529,519,1,0,2,1.0,0.3326911035485884,False,neutral,neutral,False,,
2002-02-14,2002-02-13,530,520,1,0,2,1.0,0.34157914431476993,False,neutral,neutral,False,,
2002-02-15,2002-02-14,531,521,1,0,2,0.3099430303253601,0.3251435129789615,False,neutral,neutral,False,,
2002-02-19,2002-02-15,532,522,0,0,2,0.9086518541544489,0.3763539405286316,False,neutral,neutral,False,,
2002-02-20,2002-02-19,533,523,2,2,1,0.8545375310557377,0.2686306867577153,False,neutral,neutral,False,,
2002-02-21,2002-02-20,534,524,0,0,2,0.8906431079687219,0.22300524898019877,False,neutral,neutral,False,,
2002-02-22,2002-02-21,535,525,2,2,1,0.8480907141428714,0.25552113520850644,False,neutral,neutral,False,,
2002-02-25,2002-02-22,536,526,0,0,1,0.9639146827431316,0.33750118933092044,False,neutral,neutral,False,,
2002-02-26,2002-02-25,537,527,0,0,1,0.955834410555783,0.24625617636207944,False,neutral,neutral,False,,
2002-02-27,2002-02-26,538,528,0,0,2,0.9608657693345871,0.43733689068694026,False,neutral,neutral,False,,
2002-02-28,2002-02-27,539,529,0,0,1,0.9476975993888486,0.43807810162455213,False,neutral,neutral,False,,
2002-03-01,2002-02-28,540,530,0,0,1,0.9836163929751781,0.42811733183487444,False,neutral,neutral,False,,
2002-03-04,2002-03-01,541,531,0,0,1,0.8142116094163218,0.08385243165773787,False,neutral,neutral,False,,
2002-03-05,2002-03-04,542,532,2,0,1,1.0,0.3785928691250267,False,neutral,neutral,False,,
2002-03-06,2002-03-05,543,533,2,0,1,1.0,0.3345810146399057,False,neutral,neutral,False,,
2002-03-07,2002-03-06,544,534,1,0,2,0.5693371608904537,0.34461014482337926,False,neutral,neutral,False,,
2002-03-08,2002-03-07,545,535,2,0,1,0.8371068168174723,0.3331694241947636,False,neutral,neutral,False,,
2002-03-11,2002-03-08,546,536,2,1,0,0.9416483045409136,0.32734873201771403,False,neutral,neutral,False,,
2002-03-12,2002-03-11,547,537,1,0,2,0.942225697968707,0.3281161754607558,False,neutral,neutral,False,,
2002-03-13,2002-03-12,548,538,2,1,0,0.9989850931774862,0.3316223339948842,False,neutral,neutral,False,,
2002-03-14,2002-03-13,549,539,2,1,0,1.0,0.3528951675197412,False,neutral,neutral,False,,
2002-03-15,2002-03-14,550,540,1,1,2,1.0,0.4401956746682904,False,neutral,neutral,False,,
2002-03-18,2002-03-15,551,541,1,1,0,1.0,0.4216373743854161,False,neutral,neutral,False,,
2002-03-19,2002-03-18,552,542,1,1,2,1.0,0.44491238302345687,False,neutral,neutral,False,,
2002-03-20,2002-03-19,553,543,1,1,2,1.0,0.42318251484228403,False,neutral,neutral,False,,
2002-03-21,2002-03-20,554,544,0,0,2,1.0,0.27926932210830324,False,neutral,neutral,False,,
2002-03-22,2002-03-21,555,545,1,1,2,1.0,0.446290335688134,False,neutral,neutral,False,,
2002-03-25,2002-03-22,556,546,2,2,1,1.0,0.441577114879249,False,neutral,neutral,False,,
2002-03-26,2002-03-25,557,547,2,2,1,1.0,0.35849821119878506,False,neutral,neutral,False,,
2002-03-27,2002-03-26,558,548,0,0,1,1.0,0.4299452474475213,False,neutral,neutral,False,,
2002-03-28,2002-03-27,559,549,0,0,2,0.9973423438231783,0.4466011508046948,False,neutral,neutral,False,,
2002-04-01,2002-03-28,560,550,1,1,2,0.9928217093723954,0.4485383937647396,False,neutral,neutral,False,,
2002-04-02,2002-04-01,561,551,1,1,2,1.0,0.45084709174398074,False,neutral,neutral,False,,
2002-04-03,2002-04-02,562,552,2,2,1,1.0,0.42663620402474967,False,neutral,neutral,False,,
2002-04-04,2002-04-03,563,553,0,0,1,1.0,0.415266279690136,False,neutral,neutral,False,,
2002-04-05,2002-04-04,564,554,2,2,1,1.0,0.43771156589688853,False,neutral,neutral,False,,
2002-04-08,2002-04-05,565,555,2,2,1,1.0,0.45377326138807894,False,neutral,neutral,False,,
2002-04-09,2002-04-08,566,556,0,0,1,1.0,0.45303681029990045,False,neutral,neutral,False,,
2002-04-10,2002-04-09,567,557,2,2,1,1.0,0.41780230579750544,False,neutral,neutral,False,,
2002-04-11,2002-04-10,568,558,0,0,1,1.0,0.3534295501854619,False,neutral,neutral,False,,
2002-04-12,2002-04-11,569,559,0,0,1,0.9990886296152753,0.178884360126469,False,neutral,neutral,False,,
2002-04-15,2002-04-12,570,560,1,1,2,1.0,0.41552933789955626,False,neutral,neutral,False,,
2002-04-16,2002-04-15,571,561,1,1,2,1.0,0.40945684057772735,False,neutral,neutral,False,,
2002-04-17,2002-04-16,572,562,0,0,1,1.0,0.06769654970317193,False,neutral,neutral,False,,
2002-04-18,2002-04-17,573,563,1,1,2,1.0,0.445879986710524,False,neutral,neutral,False,,
2002-04-19,2002-04-18,574,564,1,1,2,1.0,0.43653594336518314,False,neutral,neutral,False,,
2002-04-22,2002-04-19,575,565,0,0,1,1.0,0.4437277866394893,False,neutral,neutral,False,,
2002-04-23,2002-04-22,576,566,1,1,2,1.0,0.29875183207470146,False,neutral,neutral,False,,
2002-04-24,2002-04-23,577,567,1,1,2,0.997835374311772,0.4375363165240153,False,neutral,neutral,False,,
2002-04-25,2002-04-24,578,568,1,1,0,0.9783490437987246,0.3915350936213547,False,neutral,neutral,False,,
2002-04-26,2002-04-25,579,569,0,0,1,0.911689585528358,0.4515944272161637,False,neutral,neutral,False,,
2002-04-29,2002-04-26,580,570,0,1,2,1.0,0.3615588350342856,False,neutral,neutral,False,,
2002-04-30,2002-04-29,581,571,2,0,1,0.9969713259856,0.3362955873959968,False,neutral,neutral,False,,
2002-05-01,2002-04-30,582,572,2,0,1,1.0,0.3423027765734121,False,neutral,neutral,False,,
2002-05-02,2002-05-01,583,573,2,0,1,1.0,0.36028041829158763,False,neutral,neutral,False,,
2002-05-03,2002-05-02,584,574,0,1,2,1.0,0.33162986769436975,False,neutral,neutral,False,,
2002-05-06,2002-05-03,585,575,0,0,2,0.9408222011113108,0.3799247290464733,False,neutral,neutral,False,,
2002-05-07,2002-05-06,586,576,1,1,2,0.8550221756523678,0.251515957444859,False,neutral,neutral,False,,
2002-05-08,2002-05-07,587,577,1,1,2,0.7685572410940362,0.45077266624214773,False,neutral,neutral,False,,
2002-05-09,2002-05-08,588,578,1,1,2,0.8396295396366348,0.005671003701746247,False,neutral,neutral,False,,
2002-05-10,2002-05-09,589,579,1,1,2,0.9377962739485022,0.3815635951423816,False,neutral,neutral,False,,
2002-05-13,2002-05-10,590,580,1,1,2,0.8653166824194553,0.27307985876560764,False,neutral,neutral,False,,
2002-05-14,2002-05-13,591,581,1,1,2,0.8669574013955254,0.1690098242409679,False,neutral,neutral,False,,
2002-05-15,2002-05-14,592,582,2,2,1,0.06749691659681996,0.15057918907475157,False,neutral,neutral,False,,
2002-05-16,2002-05-15,593,583,0,1,2,1.0,0.3322150607160599,False,neutral,neutral,False,,
2002-05-17,2002-05-16,594,584,1,0,2,0.511192367360798,0.3525205174373014,False,neutral,neutral,False,,
2002-05-20,2002-05-17,595,585,0,0,2,0.481140067807562,0.408087125648749,False,neutral,neutral,False,,
2002-05-21,2002-05-20,596,586,0,1,2,1.0,0.3539641718578188,False,neutral,neutral,False,,
2002-05-22,2002-05-21,597,587,1,1,2,0.4982288109534931,0.40647081057247475,False,neutral,neutral,False,,
2002-05-23,2002-05-22,598,588,2,2,1,0.7951124592526139,0.43395605617599076,False,neutral,neutral,False,,
2002-05-24,2002-05-23,599,589,2,2,1,0.8387469248747415,0.34971650499253404,False,neutral,neutral,False,,
2002-05-28,2002-05-24,600,590,1,0,2,0.47705291117769016,0.3477447505723243,False,neutral,neutral,False,,
2002-05-29,2002-05-28,601,591,0,0,1,1.0,0.4379117924645575,False,neutral,neutral,False,,
2002-05-30,2002-05-29,602,592,1,1,2,1.0,0.4265918447012127,False,neutral,neutral,False,,
2002-05-31,2002-05-30,603,593,1,1,2,0.9751301951766407,0.44598234377208396,False,neutral,neutral,False,,
2002-06-03,2002-05-31,604,594,2,2,1,0.9723089657425299,0.43774621331924013,False,neutral,neutral,False,,
2002-06-04,2002-06-03,605,595,1,1,0,0.3581081222505731,0.15511582206689598,False,neutral,neutral,False,,
2002-06-05,2002-06-04,606,596,0,1,2,1.0,0.33157333381534354,False,neutral,neutral,False,,
2002-06-06,2002-06-05,607,597,1,0,2,1.0,0.3585073980914224,False,neutral,neutral,False,,
2002-06-07,2002-06-06,608,598,2,0,1,1.0,0.3693445276715948,False,neutral,neutral,False,,
2002-06-10,2002-06-07,609,599,2,1,0,1.0,0.3284527903618459,False,neutral,neutral,False,,
2002-06-11,2002-06-10,610,600,0,2,1,1.0,0.3369684636391927,False,neutral,neutral,False,,
2002-06-12,2002-06-11,611,601,2,0,1,1.0,0.3696110258262396,False,neutral,neutral,False,,
2002-06-13,2002-06-12,612,602,2,0,1,1.0,0.34362657091659,False,neutral,neutral,False,,
2002-06-14,2002-06-13,613,603,1,0,2,1.0,0.3471572167048045,False,neutral,neutral,False,,
2002-06-17,2002-06-14,614,604,0,0,1,0.9309666076616587,0.4477019824881725,False,neutral,neutral,False,,
2002-06-18,2002-06-17,615,605,0,0,2,0.5054429928731649,0.12143829984148992,False,neutral,neutral,False,,
2002-06-19,2002-06-18,616,606,0,0,1,0.9187077410140262,0.3822465224713589,False,neutral,neutral,False,,
2002-06-20,2002-06-19,617,607,0,0,2,1.0,0.19212830302395298,False,neutral,neutral,False,,
2002-06-21,2002-06-20,618,608,0,0,1,0.9831702385230413,0.36887006352778184,False,neutral,neutral,False,,
2002-06-24,2002-06-21,619,609,0,0,1,0.33637863504001686,0.2750561018322029,False,neutral,neutral,False,,
2002-06-25,2002-06-24,620,610,0,0,1,0.055357439340548154,0.40997321327920744,False,neutral,neutral,False,,
2002-06-26,2002-06-25,621,611,0,1,2,0.9997490784376751,0.3606519444567964,False,neutral,neutral,False,,
2002-06-27,2002-06-26,622,612,1,2,0,0.8514853098616237,0.2491757023543712,False,neutral,neutral,False,,
2002-06-28,2002-06-27,623,613,1,0,2,0.8457004326679466,0.3780289190431076,False,neutral,neutral,False,,
2002-07-01,2002-06-28,624,614,1,0,2,0.7809443495414403,0.3337592166813199,False,neutral,neutral,False,,
2002-07-02,2002-07-01,625,615,1,0,2,0.9113987452598626,0.36959432048819807,False,neutral,neutral,False,,
2002-07-03,2002-07-02,626,616,0,2,1,0.48715362375912563,0.18353122343872452,False,neutral,neutral,False,,
2002-07-05,2002-07-03,627,617,1,0,2,1.0,0.34269598021204095,False,neutral,neutral,False,,
2002-07-08,2002-07-05,628,618,2,2,1,0.508266785724834,0.14058793139460973,False,neutral,neutral,False,,
2002-07-09,2002-07-08,629,619,2,0,1,0.5705371026318816,0.345897101818477,False,neutral,neutral,False,,
2002-07-10,2002-07-09,630,620,2,0,1,0.40431505723034,0.32780028975158804,False,neutral,neutral,False,,
2002-07-11,2002-07-10,631,621,1,0,2,0.9867868358589115,0.17347979999310134,False,neutral,neutral,False,,
2002-07-12,2002-07-11,632,622,1,0,2,0.7149846873776771,0.34859590679936286,False,neutral,neutral,False,,
2002-07-15,2002-07-12,633,623,0,2,1,0.5250701108595898,0.34876182475828754,False,neutral,neutral,False,,
2002-07-16,2002-07-15,634,624,0,1,2,0.6915578320877669,0.340328087258057,False,neutral,neutral,False,,
2002-07-17,2002-07-16,635,625,2,0,1,0.36045610155962843,0.36331501154777973,False,neutral,neutral,False,,
2002-07-18,2002-07-17,636,626,0,1,2,0.053602236837958096,0.33308289425409704,False,neutral,neutral,False,,
2002-07-19,2002-07-18,637,627,1,0,1,1.0,0.6897589256056534,True,bull,neutral,True,NEUTRAL_TO_BULL,
2002-07-22,2002-07-19,638,628,2,0,2,1.0,0.7777018334003855,True,bull,bull,False,,
2002-07-23,2002-07-22,639,629,1,2,1,1.0,0.6256276583106674,True,bull,bull,False,,
2002-07-24,2002-07-23,640,630,1,2,1,1.0,0.5661931565636072,True,bull,bull,False,,
2002-07-25,2002-07-24,641,631,2,1,2,1.0,0.9999616138304904,True,bull,bull,False,,
2002-07-26,2002-07-25,642,632,2,1,2,1.0,0.23925439560972053,False,neutral,bull,True,BULL_TO_NEUTRAL,
2002-07-29,2002-07-26,643,633,1,0,1,1.0,0.42754584039096616,False,neutral,neutral,False,,
2002-07-30,2002-07-29,644,634,1,0,1,1.0,0.9920553662062659,True,bull,neutral,True,NEUTRAL_TO_BULL,
2002-07-31,2002-07-30,645,635,1,0,1,1.0,0.3198734949878843,False,neutral,bull,True,BULL_TO_NEUTRAL,
2002-08-01,2002-07-31,646,636,2,1,2,1.0,0.22274517858399903,False,neutral,neutral,False,,
2002-08-02,2002-08-01,647,637,1,0,1,1.0,0.5101593856008054,True,bull,neutral,True,NEUTRAL_TO_BULL,
2002-08-05,2002-08-02,648,638,1,2,1,1.0,0.4426977308966223,False,neutral,bull,True,BULL_TO_NEUTRAL,
2002-08-06,2002-08-05,649,639,0,1,2,0.9714636485068675,0.8113516839726179,True,bull,neutral,True,NEUTRAL_TO_BULL,
2002-08-07,2002-08-06,650,640,2,0,2,0.5864453562646278,0.7878945916830135,True,bull,bull,False,,
2002-08-08,2002-08-07,651,641,1,0,1,0.3839150657022387,0.37955259839151756,False,neutral,bull,True,BULL_TO_NEUTRAL,
2002-08-09,2002-08-08,652,642,1,0,1,0.2331366075501525,0.7678152623853117,False,neutral,neutral,False,,
2002-08-12,2002-08-09,653,643,2,2,1,0.4821890348264746,0.21691479128132996,False,neutral,neutral,False,,
2002-08-13,2002-08-12,654,644,0,1,0,0.5754403319082083,0.23840093929079448,False,neutral,neutral,False,,
2002-08-14,2002-08-13,655,645,2,2,1,0.4943066195414869,0.3958810492567835,False,neutral,neutral,False,,
2002-08-15,2002-08-14,656,646,0,1,0,0.6095365344679617,0.8188506520678617,True,bull,neutral,True,NEUTRAL_TO_BULL,
2002-08-16,2002-08-15,657,647,2,1,0,0.11469508771719467,0.3701227086691709,False,neutral,bull,True,BULL_TO_NEUTRAL,
2002-08-19,2002-08-16,658,648,1,2,1,0.46595144040841563,0.3136042940049796,False,neutral,neutral,False,,
2002-08-20,2002-08-19,659,649,2,0,1,0.7568375072278053,0.33849224790578986,False,neutral,neutral,False,,
2002-08-21,2002-08-20,660,650,1,2,0,0.40703223642861963,0.27157338600945824,False,neutral,neutral,False,,
2002-08-22,2002-08-21,661,651,1,1,0,0.5124941008246076,0.36291291965234396,False,neutral,neutral,False,,
2002-08-23,2002-08-22,662,652,0,2,1,0.9527420974057398,0.3618287159062487,False,neutral,neutral,False,,
2002-08-26,2002-08-23,663,653,2,2,1,0.25317367983350586,0.42833958075024997,False,neutral,neutral,False,,
2002-08-27,2002-08-26,664,654,0,2,1,0.9995966161350616,0.3513779548868571,False,neutral,neutral,False,,
2002-08-28,2002-08-27,665,655,0,0,1,0.9722827229460457,0.39131243758499185,False,neutral,neutral,False,,
2002-08-29,2002-08-28,666,656,0,0,1,0.9642808744677489,0.2335561765406184,False,neutral,neutral,False,,
2002-08-30,2002-08-29,667,657,2,2,1,0.503604782790876,0.3196565800483864,False,neutral,neutral,False,,
2002-09-03,2002-08-30,668,658,0,2,1,0.47365529898231906,0.4484478141872534,False,neutral,neutral,False,,
2002-09-04,2002-09-03,669,659,1,0,2,0.9477502252020796,0.18560572367540934,False,neutral,neutral,False,,
2002-09-05,2002-09-04,670,660,2,0,1,0.7142948258306531,0.3735391408135913,False,neutral,neutral,False,,
2002-09-06,2002-09-05,671,661,2,0,1,0.5217665514219229,0.3396406166081244,False,neutral,neutral,False,,
2002-09-09,2002-09-06,672,662,2,0,1,0.9549842256405031,0.37276312351832797,False,neutral,neutral,False,,
2002-09-10,2002-09-09,673,663,1,0,2,0.99747878445919,0.35406161755151627,False,neutral,neutral,False,,
2002-09-11,2002-09-10,674,664,1,0,2,1.0,0.36776480216262736,False,neutral,neutral,False,,
2002-09-12,2002-09-11,675,665,0,0,1,0.9421096590595336,0.43927462458279937,False,neutral,neutral,False,,
2002-09-13,2002-09-12,676,666,0,0,1,0.9690602023563292,0.2957029177108597,False,neutral,neutral,False,,
2002-09-16,2002-09-13,677,667,0,0,1,0.9985355166571628,0.4378711736949759,False,neutral,neutral,False,,
2002-09-17,2002-09-16,678,668,1,1,2,1.0,0.43836806341360834,False,neutral,neutral,False,,
2002-09-18,2002-09-17,679,669,2,2,0,1.0,0.21692668246193353,False,neutral,neutral,False,,
2002-09-19,2002-09-18,680,670,0,0,1,0.9124118632182984,0.41347622637597237,False,neutral,neutral,False,,
2002-09-20,2002-09-19,681,671,1,0,2,0.9999402997268606,0.3268970476728926,False,neutral,neutral,False,,
2002-09-23,2002-09-20,682,672,2,0,1,0.8860019019229461,0.3349003137995029,False,neutral,neutral,False,,
2002-09-24,2002-09-23,683,673,0,1,2,0.41973538205827454,0.33825524602148144,False,neutral,neutral,False,,
2002-09-25,2002-09-24,684,674,2,0,1,0.16090405127451535,0.3516354860432071,False,neutral,neutral,False,,
2002-09-26,2002-09-25,685,675,1,2,1,0.7255868125319584,0.5543304389700466,True,bull,neutral,True,NEUTRAL_TO_BULL,
2002-09-27,2002-09-26,686,676,1,2,1,0.5909537577729814,0.3645955701173863,False,neutral,bull,True,BULL_TO_NEUTRAL,
2002-09-30,2002-09-27,687,677,2,0,1,0.9907473833429209,0.24081941494436604,False,neutral,neutral,False,,
2002-10-01,2002-09-30,688,678,2,0,1,0.9999999999999929,0.3381195895941767,False,neutral,neutral,False,,
2002-10-02,2002-10-01,689,679,1,2,0,0.4174014981086739,0.07010907220102479,False,neutral,neutral,False,,
2002-10-03,2002-10-02,690,680,1,2,0,0.04200259567923913,0.30643650253859156,False,neutral,neutral,False,,
2002-10-04,2002-10-03,691,681,2,0,1,0.49627341305095946,0.3444933638452504,False,neutral,neutral,False,,
2002-10-07,2002-10-04,692,682,0,0,1,0.49719457685523505,0.2897290939366662,False,neutral,neutral,False,,
2002-10-08,2002-10-07,693,683,0,2,1,0.9999990263362796,0.3423872124545851,False,neutral,neutral,False,,
2002-10-09,2002-10-08,694,684,1,2,0,0.9996221272261595,0.3846494411626484,False,neutral,neutral,False,,
2002-10-10,2002-10-09,695,685,1,2,0,0.9481690333217597,0.316862373203217,False,neutral,neutral,False,,
2002-10-11,2002-10-10,696,686,1,2,0,0.9998691238534567,0.28504658824435414,False,neutral,neutral,False,,
2002-10-14,2002-10-11,697,687,1,2,1,0.22740224803392847,0.9335091948103854,False,neutral,neutral,False,,
2002-10-15,2002-10-14,698,688,0,2,1,0.32223040972615047,0.4025239742655611,False,neutral,neutral,False,,
2002-10-16,2002-10-15,699,689,0,1,0,0.8861241174986011,0.9212598876370922,True,bull,neutral,True,NEUTRAL_TO_BULL,
2002-10-17,2002-10-16,700,690,1,2,1,0.9997915550746058,0.4602601303658831,False,neutral,bull,True,BULL_TO_NEUTRAL,
2002-10-18,2002-10-17,701,691,1,2,1,1.0,0.4108722466334874,False,neutral,neutral,False,,
2002-10-21,2002-10-18,702,692,1,2,1,1.0,0.23332563804942644,False,neutral,neutral,False,,
2002-10-22,2002-10-21,703,693,1,0,1,0.9944977373305867,0.3674630599830377,False,neutral,neutral,False,,
2002-10-23,2002-10-22,704,694,0,2,0,0.5502260044546075,0.3133031582095353,False,neutral,neutral,False,,
2002-10-24,2002-10-23,705,695,1,2,1,0.9072682649252908,0.2599132555712053,False,neutral,neutral,False,,
2002-10-25,2002-10-24,706,696,0,2,1,0.9999811909441201,0.35309554081591965,False,neutral,neutral,False,,
2002-10-28,2002-10-25,707,697,2,1,0,1.0,0.3808718095797,False,neutral,neutral,False,,
2002-10-29,2002-10-28,708,698,2,2,1,0.9999353465630954,0.4452265811721692,False,neutral,neutral,False,,
2002-10-30,2002-10-29,709,699,2,2,1,0.9999455387072429,0.40723014800260965,False,neutral,neutral,False,,
2002-10-31,2002-10-30,710,700,2,2,1,1.0,0.3633663392525746,False,neutral,neutral,False,,
2002-11-01,2002-10-31,711,701,2,2,1,1.0,0.42233031665054904,False,neutral,neutral,False,,
2002-11-04,2002-11-01,712,702,0,0,1,1.0,0.17727111190385,False,neutral,neutral,False,,
2002-11-05,2002-11-04,713,703,2,2,1,1.0,0.36697779892187726,False,neutral,neutral,False,,
2002-11-06,2002-11-05,714,704,0,0,1,1.0,0.39012372651873706,False,neutral,neutral,False,,
2002-11-07,2002-11-06,715,705,1,1,2,0.8193932955193121,0.30969425380452603,False,neutral,neutral,False,,
2002-11-08,2002-11-07,716,706,2,2,1,0.9307086725622473,0.21400815203009696,False,neutral,neutral,False,,
2002-11-11,2002-11-08,717,707,0,0,1,0.9180208244163165,0.39518862548478473,False,neutral,neutral,False,,
2002-11-12,2002-11-11,718,708,2,2,1,0.7816005276697883,0.3642587489763398,False,neutral,neutral,False,,
2002-11-13,2002-11-12,719,709,2,2,1,0.8401373821234918,0.3878823314061759,False,neutral,neutral,False,,
2002-11-14,2002-11-13,720,710,1,2,0,0.8797032012465104,0.456612629582381,False,neutral,neutral,False,,
2002-11-15,2002-11-14,721,711,2,2,1,0.9197940348089793,0.21376488480079345,False,neutral,neutral,False,,
2002-11-18,2002-11-15,722,712,1,1,2,0.8896559708593722,0.3970383391568789,False,neutral,neutral,False,,
2002-11-19,2002-11-18,723,713,2,2,1,0.9042598560120585,0.4161567091458789,False,neutral,neutral,False,,
2002-11-20,2002-11-19,724,714,2,2,1,0.95691830983277,0.44961388449037937,False,neutral,neutral,False,,
2002-11-21,2002-11-20,725,715,0,0,1,0.9938765957739228,0.16002603031171234,False,neutral,neutral,False,,
2002-11-22,2002-11-21,726,716,0,0,1,0.30152243874092904,0.22656954326312206,False,neutral,neutral,False,,
2002-11-25,2002-11-22,727,717,0,2,1,1.0,0.3279871169967983,False,neutral,neutral,False,,
2002-11-26,2002-11-25,728,718,0,2,1,1.0,0.3311620653308622,False,neutral,neutral,False,,
2002-11-27,2002-11-26,729,719,0,2,1,0.31472526402521744,0.35052863285889174,False,neutral,neutral,False,,
2002-11-29,2002-11-27,730,720,0,2,1,0.13291478755153008,0.33276873751825015,False,neutral,neutral,False,,
2002-12-02,2002-11-29,731,721,0,0,1,0.8794660336865128,0.44446621304980594,False,neutral,neutral,False,,
2002-12-03,2002-12-02,732,722,0,0,1,0.8681687172318305,0.4350763049560501,False,neutral,neutral,False,,
2002-12-04,2002-12-03,733,723,1,1,0,0.989150184518555,0.38743686122943216,False,neutral,neutral,False,,
2002-12-05,2002-12-04,734,724,1,1,0,1.0,0.4439790422037453,False,neutral,neutral,False,,
2002-12-06,2002-12-05,735,725,0,0,1,1.0,0.40981928958413855,False,neutral,neutral,False,,
2002-12-09,2002-12-06,736,726,0,0,1,1.0,0.4011303770050947,False,neutral,neutral,False,,
2002-12-10,2002-12-09,737,727,2,2,0,0.49676164168570663,0.308924784779303,False,neutral,neutral,False,,
2002-12-11,2002-12-10,738,728,1,2,1,0.4789232040923902,0.3672613379861141,False,neutral,neutral,False,,
2002-12-12,2002-12-11,739,729,0,0,1,0.6908812315610174,0.4375038398896943,False,neutral,neutral,False,,
2002-12-13,2002-12-12,740,730,0,0,1,0.8721042981394405,0.44114744648085746,False,neutral,neutral,False,,
2002-12-16,2002-12-13,741,731,0,0,2,0.49321718007396276,0.5802493604128531,True,bear,neutral,True,NEUTRAL_TO_BEAR,
2002-12-17,2002-12-16,742,732,2,0,2,0.5570447427074403,0.0816231365589265,False,neutral,bear,True,BEAR_TO_NEUTRAL,
2002-12-18,2002-12-17,743,733,2,2,1,1.0,0.42580307601134937,False,neutral,neutral,False,,
2002-12-19,2002-12-18,744,734,0,0,2,1.0,0.4060226914282193,False,neutral,neutral,False,,
2002-12-20,2002-12-19,745,735,2,2,1,1.0,0.43482175956918173,False,neutral,neutral,False,,
2002-12-23,2002-12-20,746,736,2,2,0,1.0,0.36736765923733805,False,neutral,neutral,False,,
2002-12-24,2002-12-23,747,737,2,0,2,0.6156629504364006,0.5172374824557656,True,bull,neutral,True,NEUTRAL_TO_BULL,
2002-12-26,2002-12-24,748,738,1,1,2,1.0,0.43379872216679627,False,neutral,bull,True,BULL_TO_NEUTRAL,
2002-12-27,2002-12-26,749,739,1,1,0,0.5438680732297286,0.39837973377076824,False,neutral,neutral,False,,
2002-12-30,2002-12-27,750,740,0,1,2,0.5057300924342648,0.2690327678499706,False,neutral,neutral,False,,
2002-12-31,2002-12-30,751,741,2,2,0,0.995150096701413,0.37779880701862906,False,neutral,neutral,False,,
2003-01-02,2002-12-31,752,742,2,2,0,1.0,0.43395462527047396,False,neutral,neutral,False,,
2003-01-03,2003-01-02,753,743,0,1,2,0.9999994582142872,0.04650344139630749,False,neutral,neutral,False,,
2003-01-06,2003-01-03,754,744,0,0,2,0.9633554239000683,0.43600039125587425,False,neutral,neutral,False,,
2003-01-07,2003-01-06,755,745,0,1,0,0.45180828582336946,0.38214788780185904,False,neutral,neutral,False,,
2003-01-08,2003-01-07,756,746,1,1,0,0.3621225364518137,0.4195336400473958,False,neutral,neutral,False,,
2003-01-09,2003-01-08,757,747,1,0,2,1.0,0.3426444693844812,False,neutral,neutral,False,,
2003-01-10,2003-01-09,758,748,0,1,0,0.25829721033535025,0.27641154271360124,False,neutral,neutral,False,,
2003-01-13,2003-01-10,759,749,2,1,0,0.9998825575073775,0.33807848683304975,False,neutral,neutral,False,,
2003-01-14,2003-01-13,760,750,1,1,0,0.3516013958361148,0.27087732037769063,False,neutral,neutral,False,,
2003-01-15,2003-01-14,761,751,0,1,2,0.19544172920429823,0.3398352996425161,False,neutral,neutral,False,,
2003-01-16,2003-01-15,762,752,0,0,2,1.0,0.415679111817318,False,neutral,neutral,False,,
2003-01-17,2003-01-16,763,753,1,1,2,1.0,0.4412795228501023,False,neutral,neutral,False,,
2003-01-21,2003-01-17,764,754,0,0,1,1.0,0.3699735574489743,False,neutral,neutral,False,,
2003-01-22,2003-01-21,765,755,2,2,1,0.9848066135615428,0.36057807850316376,False,neutral,neutral,False,,
2003-01-23,2003-01-22,766,756,1,1,2,0.2786415866930895,0.4013827351912203,False,neutral,neutral,False,,
2003-01-24,2003-01-23,767,757,0,2,1,1.0,0.34683894677994753,False,neutral,neutral,False,,
2003-01-27,2003-01-24,768,758,0,2,1,0.9794875741506316,0.3402202478927671,False,neutral,neutral,False,,
2003-01-28,2003-01-27,769,759,1,0,2,0.5805640087869438,0.3393956612186719,False,neutral,neutral,False,,
2003-01-29,2003-01-28,770,760,0,1,2,0.5109318294667603,0.35085891700222904,False,neutral,neutral,False,,
2003-01-30,2003-01-29,771,761,2,0,1,0.9264300916430519,0.3540541472357193,False,neutral,neutral,False,,
2003-01-31,2003-01-30,772,762,1,2,0,0.9732312103212809,0.3425787415628335,False,neutral,neutral,False,,
2003-02-03,2003-01-31,773,763,0,2,1,1.0,0.37287148294805333,False,neutral,neutral,False,,
2003-02-04,2003-02-03,774,764,2,0,1,0.19004996469852567,0.33887479592636505,False,neutral,neutral,False,,
2003-02-05,2003-02-04,775,765,2,2,1,0.9832964478167042,0.41856504880163076,False,neutral,neutral,False,,
2003-02-06,2003-02-05,776,766,0,0,2,0.9991199072209049,0.4372256351206566,False,neutral,neutral,False,,
2003-02-07,2003-02-06,777,767,1,1,2,1.0,0.4424935676965796,False,neutral,neutral,False,,
2003-02-10,2003-02-07,778,768,2,0,2,0.5000144976693411,0.2951503258671225,False,neutral,neutral,False,,
2003-02-11,2003-02-10,779,769,2,2,0,1.0,0.39320309733363745,False,neutral,neutral,False,,
2003-02-12,2003-02-11,780,770,2,2,0,1.0,0.43596382998672706,False,neutral,neutral,False,,
2003-02-13,2003-02-12,781,771,0,1,0,0.5017706460022051,0.29269932534090154,False,neutral,neutral,False,,
2003-02-14,2003-02-13,782,772,1,1,2,0.4871389516130524,0.3860070313894586,False,neutral,neutral,False,,
2003-02-18,2003-02-14,783,773,1,1,2,0.9865398771588755,0.1751654199085708,False,neutral,neutral,False,,
2003-02-19,2003-02-18,784,774,1,1,2,0.9996058909853707,0.24812325862485468,False,neutral,neutral,False,,
2003-02-20,2003-02-19,785,775,0,0,2,1.0,0.43959213381022183,False,neutral,neutral,False,,
2003-02-21,2003-02-20,786,776,0,0,2,1.0,0.4166954178305578,False,neutral,neutral,False,,
2003-02-24,2003-02-21,787,777,2,2,0,0.9994955611364807,0.35987247109584,False,neutral,neutral,False,,
2003-02-25,2003-02-24,788,778,2,2,0,0.9998894755799411,0.35267844471794807,False,neutral,neutral,False,,
2003-02-26,2003-02-25,789,779,1,1,2,0.9996775710781314,0.38384379210772535,False,neutral,neutral,False,,
2003-02-27,2003-02-26,790,780,1,1,2,0.9991511148462108,0.3732786399627753,False,neutral,neutral,False,,
2003-02-28,2003-02-27,791,781,1,0,2,0.47028592626191285,0.3730833642809581,False,neutral,neutral,False,,
2003-03-03,2003-02-28,792,782,0,0,2,0.5555691255933185,0.3592549268583048,False,neutral,neutral,False,,
2003-03-04,2003-03-03,793,783,0,0,1,1.0,0.41942089653967446,False,neutral,neutral,False,,
2003-03-05,2003-03-04,794,784,0,0,1,1.0,0.3563736553744176,False,neutral,neutral,False,,
2003-03-06,2003-03-05,795,785,0,0,2,1.0,0.37861325673005625,False,neutral,neutral,False,,
2003-03-07,2003-03-06,796,786,2,2,1,1.0,0.42720871661271875,False,neutral,neutral,False,,
2003-03-10,2003-03-07,797,787,0,0,1,1.0,0.3947972313331027,False,neutral,neutral,False,,
2003-03-11,2003-03-10,798,788,0,0,1,1.0,0.23427407905504782,False,neutral,neutral,False,,
2003-03-12,2003-03-11,799,789,0,0,1,0.9717450804599871,0.4180887984865276,False,neutral,neutral,False,,
2003-03-13,2003-03-12,800,790,0,0,1,0.8975116971161828,0.3957535352760956,False,neutral,neutral,False,,
2003-03-14,2003-03-13,801,791,2,2,1,0.9300841831858913,0.03689227432175623,False,neutral,neutral,False,,
2003-03-17,2003-03-14,802,792,2,2,1,0.9769660936085359,0.4217653983455973,False,neutral,neutral,False,,
2003-03-18,2003-03-17,803,793,0,2,1,1.0,0.2881584632625075,False,neutral,neutral,False,,
2003-03-19,2003-03-18,804,794,2,0,1,0.999351973099527,0.34621718776078975,False,neutral,neutral,False,,
2003-03-20,2003-03-19,805,795,2,0,1,0.8321214976520475,0.3519607593436428,False,neutral,neutral,False,,
2003-03-21,2003-03-20,806,796,2,0,1,0.3678910744612633,0.33888785681583394,False,neutral,neutral,False,,
2003-03-24,2003-03-21,807,797,1,0,1,0.9968639493880893,0.372882188419943,False,neutral,neutral,False,,
2003-03-25,2003-03-24,808,798,1,2,1,0.8728039859388947,0.6248105200700298,True,bull,neutral,True,NEUTRAL_TO_BULL,
2003-03-26,2003-03-25,809,799,1,0,2,0.9330364662208218,0.35717566187069644,False,neutral,bull,True,BULL_TO_NEUTRAL,
2003-03-27,2003-03-26,810,800,2,0,1,0.15507347807261607,0.23706975258437202,False,neutral,neutral,False,,
2003-03-28,2003-03-27,811,801,0,0,1,0.9462700715137669,0.43363191083912817,False,neutral,neutral,False,,
2003-03-31,2003-03-28,812,802,0,0,1,1.0,0.4379526819587169,False,neutral,neutral,False,,
2003-04-01,2003-03-31,813,803,0,0,1,0.9920441630674045,0.2586443514791075,False,neutral,neutral,False,,
2003-04-02,2003-04-01,814,804,0,0,1,0.9778211007848506,0.28717419059762617,False,neutral,neutral,False,,
2003-04-03,2003-04-02,815,805,1,1,2,0.974097699257341,0.15316087318265065,False,neutral,neutral,False,,
2003-04-04,2003-04-03,816,806,0,0,1,0.4983402751929715,0.42769685789168227,False,neutral,neutral,False,,
2003-04-07,2003-04-04,817,807,1,0,1,0.508364687856334,0.3876885316275388,False,neutral,neutral,False,,
2003-04-08,2003-04-07,818,808,0,0,2,1.0,0.4378060591722278,False,neutral,neutral,False,,
2003-04-09,2003-04-08,819,809,0,0,1,1.0,0.4295556984931478,False,neutral,neutral,False,,
2003-04-10,2003-04-09,820,810,0,0,2,1.0,0.3862868484584332,False,neutral,neutral,False,,
2003-04-11,2003-04-10,821,811,0,0,1,1.0,0.40612422677436355,False,neutral,neutral,False,,
2003-04-14,2003-04-11,822,812,0,0,1,1.0,0.43805906349194956,False,neutral,neutral,False,,
2003-04-15,2003-04-14,823,813,0,0,1,1.0,0.20761981838435722,False,neutral,neutral,False,,
2003-04-16,2003-04-15,824,814,0,0,1,1.0,0.3708491458019692,False,neutral,neutral,False,,
2003-04-17,2003-04-16,825,815,0,0,1,1.0,0.3403564200893492,False,neutral,neutral,False,,
2003-04-21,2003-04-17,826,816,0,0,1,1.0,0.2995252563444724,False,neutral,neutral,False,,
2003-04-22,2003-04-21,827,817,0,0,1,1.0,0.43164453160791105,False,neutral,neutral,False,,
2003-04-23,2003-04-22,828,818,0,0,2,0.9584732869923337,0.24006874369208986,False,neutral,neutral,False,,
2003-04-24,2003-04-23,829,819,0,0,2,0.06891210291647996,0.373748492772602,False,neutral,neutral,False,,
2003-04-25,2003-04-24,830,820,0,0,2,0.39290637203671774,0.41754402978835353,False,neutral,neutral,False,,
2003-04-28,2003-04-25,831,821,0,0,1,0.8415135067962461,0.3915664425024335,False,neutral,neutral,False,,
2003-04-29,2003-04-28,832,822,2,2,1,0.9819897841725429,0.26488836843597036,False,neutral,neutral,False,,
2003-04-30,2003-04-29,833,823,0,0,1,0.9768972796271935,0.420619735778458,False,neutral,neutral,False,,
2003-05-01,2003-04-30,834,824,0,0,1,0.9701298679886213,0.4372951285649188,False,neutral,neutral,False,,
2003-05-02,2003-05-01,835,825,0,0,2,1.0,0.43514063204468756,False,neutral,neutral,False,,
2003-05-05,2003-05-02,836,826,0,0,1,1.0,0.31163700225444857,False,neutral,neutral,False,,
2003-05-06,2003-05-05,837,827,0,0,2,1.0,0.4375690999092995,False,neutral,neutral,False,,
2003-05-07,2003-05-06,838,828,0,0,1,1.0,0.37277766681587704,False,neutral,neutral,False,,
2003-05-08,2003-05-07,839,829,1,1,2,1.0,0.4325635711743705,False,neutral,neutral,False,,
2003-05-09,2003-05-08,840,830,2,2,1,1.0,0.40918724956659713,False,neutral,neutral,False,,
2003-05-12,2003-05-09,841,831,0,0,1,1.0,0.31780346425427797,False,neutral,neutral,False,,
2003-05-13,2003-05-12,842,832,2,2,1,1.0,0.33999252611144504,False,neutral,neutral,False,,
2003-05-14,2003-05-13,843,833,0,0,2,1.0,0.4403072032402529,False,neutral,neutral,False,,
2003-05-15,2003-05-14,844,834,0,0,1,1.0,0.4383153528924299,False,neutral,neutral,False,,
2003-05-16,2003-05-15,845,835,0,0,1,1.0,0.4076820448305849,False,neutral,neutral,False,,
2003-05-19,2003-05-16,846,836,0,0,2,1.0,0.44058030340444904,False,neutral,neutral,False,,
2003-05-20,2003-05-19,847,837,0,0,2,1.0,0.22817105222654646,False,neutral,neutral,False,,
2003-05-21,2003-05-20,848,838,2,2,1,1.0,0.4403301828072214,False,neutral,neutral,False,,
2003-05-22,2003-05-21,849,839,0,0,2,1.0,0.43267685156998525,False,neutral,neutral,False,,
2003-05-23,2003-05-22,850,840,0,0,1,1.0,0.37000335888782176,False,neutral,neutral,False,,
2003-05-27,2003-05-23,851,841,0,0,2,1.0,0.43327727110145525,False,neutral,neutral,False,,
2003-05-28,2003-05-27,852,842,0,0,1,1.0,0.2621444949696017,False,neutral,neutral,False,,
2003-05-29,2003-05-28,853,843,0,0,2,0.996376999650865,0.43213148145612695,False,neutral,neutral,False,,
2003-05-30,2003-05-29,854,844,0,0,1,0.9814219619135194,0.441993043527719,False,neutral,neutral,False,,
2003-06-02,2003-05-30,855,845,0,0,1,0.7902639602604068,0.29076863089664046,False,neutral,neutral,False,,
2003-06-03,2003-06-02,856,846,0,0,2,0.0176363244992612,0.42399711032578263,False,neutral,neutral,False,,
2003-06-04,2003-06-03,857,847,2,0,1,1.0,0.3367296436576028,False,neutral,neutral,False,,
2003-06-05,2003-06-04,858,848,1,0,2,1.0,0.36420491104653263,False,neutral,neutral,False,,
2003-06-06,2003-06-05,859,849,2,0,1,1.0,0.3389017639578799,False,neutral,neutral,False,,
2003-06-09,2003-06-06,860,850,2,0,1,1.0,0.33022807567695767,False,neutral,neutral,False,,
2003-06-10,2003-06-09,861,851,2,0,1,0.4034726174962019,0.33729257953415437,False,neutral,neutral,False,,
2003-06-11,2003-06-10,862,852,2,0,1,0.19990448537840932,0.35343050904303747,False,neutral,neutral,False,,
2003-06-12,2003-06-11,863,853,1,1,2,0.8639034976958164,0.36735770287831293,False,neutral,neutral,False,,
2003-06-13,2003-06-12,864,854,0,0,1,0.9930404887005496,0.42831421643332734,False,neutral,neutral,False,,
2003-06-16,2003-06-13,865,855,0,0,1,1.0,0.3978373331562168,False,neutral,neutral,False,,
2003-06-17,2003-06-16,866,856,2,2,1,1.0,0.21555226363374771,False,neutral,neutral,False,,
2003-06-18,2003-06-17,867,857,0,0,2,1.0,0.43614128911271194,False,neutral,neutral,False,,
2003-06-19,2003-06-18,868,858,0,0,1,0.9995439150494763,0.43887883798846944,False,neutral,neutral,False,,
2003-06-20,2003-06-19,869,859,0,0,1,1.0,0.35189668410265906,False,neutral,neutral,False,,
2003-06-23,2003-06-20,870,860,1,1,2,1.0,0.4363151430146657,False,neutral,neutral,False,,
2003-06-24,2003-06-23,871,861,2,2,1,1.0,0.41029326976031494,False,neutral,neutral,False,,
2003-06-25,2003-06-24,872,862,2,2,1,0.9960985791174972,0.4351512292004318,False,neutral,neutral,False,,
2003-06-26,2003-06-25,873,863,1,1,2,0.8610893723981549,0.4127198758692166,False,neutral,neutral,False,,
2003-06-27,2003-06-26,874,864,0,0,2,0.8459599094073482,0.326433171514428,False,neutral,neutral,False,,
2003-06-30,2003-06-27,875,865,2,2,1,0.5768479429294852,0.4001224344777905,False,neutral,neutral,False,,
2003-07-01,2003-06-30,876,866,2,2,1,0.7964222619259497,0.4377291120679623,False,neutral,neutral,False,,
2003-07-02,2003-07-01,877,867,1,1,2,0.9887603880172805,0.3716992150229637,False,neutral,neutral,False,,
2003-07-03,2003-07-02,878,868,2,2,1,1.0,0.33185996574002313,False,neutral,neutral,False,,
2003-07-07,2003-07-03,879,869,1,1,2,1.0,0.4103561345510787,False,neutral,neutral,False,,
2003-07-08,2003-07-07,880,870,2,2,0,1.0,0.22828268021870998,False,neutral,neutral,False,,
2003-07-09,2003-07-08,881,871,0,0,2,0.985403493461818,0.4160596969965075,False,neutral,neutral,False,,
2003-07-10,2003-07-09,882,872,1,1,2,0.948136915598722,0.4372169555637059,False,neutral,neutral,False,,
2003-07-11,2003-07-10,883,873,1,1,0,0.9912725320016668,0.3862412174933889,False,neutral,neutral,False,,
2003-07-14,2003-07-11,884,874,0,0,1,0.9860549231657031,0.371441292890133,False,neutral,neutral,False,,
2003-07-15,2003-07-14,885,875,0,0,1,1.0,0.41461392218085313,False,neutral,neutral,False,,
2003-07-16,2003-07-15,886,876,1,1,0,1.0,0.44272596716242585,False,neutral,neutral,False,,
2003-07-17,2003-07-16,887,877,0,0,1,1.0,0.4393649857752103,False,neutral,neutral,False,,
2003-07-18,2003-07-17,888,878,1,1,0,1.0,0.3659312191153127,False,neutral,neutral,False,,
2003-07-21,2003-07-18,889,879,1,1,0,1.0,0.3629673393575125,False,neutral,neutral,False,,
2003-07-22,2003-07-21,890,880,1,1,2,1.0,0.38989394227350416,False,neutral,neutral,False,,
2003-07-23,2003-07-22,891,881,0,0,1,1.0,0.3766409731546923,False,neutral,neutral,False,,
2003-07-24,2003-07-23,892,882,1,1,0,1.0,0.439761872890007,False,neutral,neutral,False,,
2003-07-25,2003-07-24,893,883,2,2,0,1.0,0.43196751819960666,False,neutral,neutral,False,,
2003-07-28,2003-07-25,894,884,0,0,1,1.0,0.2614048633100339,False,neutral,neutral,False,,
2003-07-29,2003-07-28,895,885,0,0,1,1.0,0.4450517490022436,False,neutral,neutral,False,,
2003-07-30,2003-07-29,896,886,0,0,1,1.0,0.44379342813287753,False,neutral,neutral,False,,
2003-07-31,2003-07-30,897,887,0,0,1,1.0,0.44632140258786906,False,neutral,neutral,False,,
2003-08-01,2003-07-31,898,888,0,0,2,1.0,0.4333961601110936,False,neutral,neutral,False,,
2003-08-04,2003-08-01,899,889,0,0,1,1.0,0.4238912794675213,False,neutral,neutral,False,,
2003-08-05,2003-08-04,900,890,0,0,1,1.0,0.4431715716137908,False,neutral,neutral,False,,
2003-08-06,2003-08-05,901,891,0,0,1,1.0,0.24236881131112617,False,neutral,neutral,False,,
2003-08-07,2003-08-06,902,892,0,0,1,0.9973262258467388,0.4086669477798696,False,neutral,neutral,False,,
2003-08-08,2003-08-07,903,893,0,0,1,0.9939931056518303,0.3599243822508934,False,neutral,neutral,False,,
2003-08-11,2003-08-08,904,894,0,0,1,1.0,0.43083017026299153,False,neutral,neutral,False,,
2003-08-12,2003-08-11,905,895,0,0,1,1.0,0.4256393325497654,False,neutral,neutral,False,,
2003-08-13,2003-08-12,906,896,0,0,2,1.0,0.3779347576706947,False,neutral,neutral,False,,
2003-08-14,2003-08-13,907,897,2,2,1,1.0,0.4427977379076752,False,neutral,neutral,False,,
2003-08-15,2003-08-14,908,898,0,0,1,1.0,0.4327857555037283,False,neutral,neutral,False,,
2003-08-18,2003-08-15,909,899,0,0,1,1.0,0.4309054523022886,False,neutral,neutral,False,,
2003-08-19,2003-08-18,910,900,0,0,1,0.9893339471775678,0.3846025745849451,False,neutral,neutral,False,,
2003-08-20,2003-08-19,911,901,2,2,1,1.0,0.42766626082038955,False,neutral,neutral,False,,
2003-08-21,2003-08-20,912,902,0,0,1,1.0,0.4473067162171828,False,neutral,neutral,False,,
2003-08-22,2003-08-21,913,903,0,0,1,1.0,0.43259525687030415,False,neutral,neutral,False,,
2003-08-25,2003-08-22,914,904,0,0,1,1.0,0.41408117683047485,False,neutral,neutral,False,,
2003-08-26,2003-08-25,915,905,1,1,0,1.0,0.4410329658793123,False,neutral,neutral,False,,
2003-08-27,2003-08-26,916,906,1,1,2,1.0,0.4404637670290332,False,neutral,neutral,False,,
2003-08-28,2003-08-27,917,907,1,1,0,1.0,0.44646260865431553,False,neutral,neutral,False,,
2003-08-29,2003-08-28,918,908,1,1,2,1.0,0.4107695651479613,False,neutral,neutral,False,,
2003-09-02,2003-08-29,919,909,0,0,2,1.0,0.3794196394177533,False,neutral,neutral,False,,
2003-09-03,2003-09-02,920,910,0,0,1,1.0,0.32399846063454396,False,neutral,neutral,False,,
2003-09-04,2003-09-03,921,911,0,0,2,0.8112250318143458,0.3906114424311497,False,neutral,neutral,False,,
2003-09-05,2003-09-04,922,912,0,0,1,0.8804293028142821,0.4497546748980832,False,neutral,neutral,False,,
2003-09-08,2003-09-05,923,913,2,2,1,0.7992702907238214,0.44434859205187666,False,neutral,neutral,False,,
2003-09-09,2003-09-08,924,914,0,0,1,0.776072917340098,0.3922285460242797,False,neutral,neutral,False,,
2003-09-10,2003-09-09,925,915,0,0,1,0.9142773612718625,0.43811423135935457,False,neutral,neutral,False,,
2003-09-11,2003-09-10,926,916,0,0,1,0.41598903986697533,0.5283153973229429,True,bear,neutral,True,NEUTRAL_TO_BEAR,
2003-09-12,2003-09-11,927,917,2,2,1,1.0,0.43700130318429276,False,neutral,bear,True,BEAR_TO_NEUTRAL,
2003-09-15,2003-09-12,928,918,2,2,1,1.0,0.4457405947784247,False,neutral,neutral,False,,
2003-09-16,2003-09-15,929,919,0,0,2,0.99963359348241,0.4335968649682778,False,neutral,neutral,False,,
2003-09-17,2003-09-16,930,920,2,2,1,1.0,0.3046940922227374,False,neutral,neutral,False,,
2003-09-18,2003-09-17,931,921,0,0,2,1.0,0.4542544660677139,False,neutral,neutral,False,,
2003-09-19,2003-09-18,932,922,0,1,2,1.0,0.352872800515175,False,neutral,neutral,False,,
2003-09-22,2003-09-19,933,923,0,1,2,1.0,0.3908869311837041,False,neutral,neutral,False,,
2003-09-23,2003-09-22,934,924,0,0,2,1.0,0.4024872043833832,False,neutral,neutral,False,,
2003-09-24,2003-09-23,935,925,0,0,2,0.5126896797216459,0.34354103814839015,False,neutral,neutral,False,,
2003-09-25,2003-09-24,936,926,2,2,1,1.0,0.2941523461791266,False,neutral,neutral,False,,
2003-09-26,2003-09-25,937,927,2,2,1,0.9779182203063835,0.4291114655974719,False,neutral,neutral,False,,
2003-09-29,2003-09-26,938,928,2,0,2,0.4529537733980083,0.37147939878774955,False,neutral,neutral,False,,
2003-09-30,2003-09-29,939,929,2,2,1,0.5695234853915738,0.3746363091213263,False,neutral,neutral,False,,
2003-10-01,2003-09-30,940,930,0,0,2,0.21711365611011074,0.41664810892690335,False,neutral,neutral,False,,
2003-10-02,2003-10-01,941,931,0,0,2,0.5587912459512601,0.19572821858891207,False,neutral,neutral,False,,
2003-10-03,2003-10-02,942,932,1,0,1,0.49511783950348626,0.34770135009158926,False,neutral,neutral,False,,
2003-10-06,2003-10-03,943,933,0,0,1,0.9784782101267242,0.3819667769696867,False,neutral,neutral,False,,
2003-10-07,2003-10-06,944,934,0,0,2,0.4697303890335381,0.3309345106233545,False,neutral,neutral,False,,
2003-10-08,2003-10-07,945,935,0,0,1,0.5651024291353893,0.4322389201946141,False,neutral,neutral,False,,
2003-10-09,2003-10-08,946,936,0,0,2,0.30108942737558714,0.3965124889443515,False,neutral,neutral,False,,
2003-10-10,2003-10-09,947,937,2,2,1,0.15108965121524456,0.43950128286189827,False,neutral,neutral,False,,
2003-10-13,2003-10-10,948,938,2,2,1,0.6970567628262098,0.4391775757223907,False,neutral,neutral,False,,
2003-10-14,2003-10-13,949,939,1,0,1,0.9904458993352278,0.3491247727659225,False,neutral,neutral,False,,
2003-10-15,2003-10-14,950,940,0,0,1,1.0,0.4329776222374153,False,neutral,neutral,False,,
2003-10-16,2003-10-15,951,941,2,2,1,1.0,0.451556707248931,False,neutral,neutral,False,,
2003-10-17,2003-10-16,952,942,2,2,1,1.0,0.43331601957008614,False,neutral,neutral,False,,
2003-10-20,2003-10-17,953,943,1,1,2,1.0,0.4028399183427742,False,neutral,neutral,False,,
2003-10-21,2003-10-20,954,944,0,0,1,1.0,0.40031213279115624,False,neutral,neutral,False,,
2003-10-22,2003-10-21,955,945,0,0,2,1.0,0.4257725893366963,False,neutral,neutral,False,,
2003-10-23,2003-10-22,956,946,2,2,1,1.0,0.3800201386017785,False,neutral,neutral,False,,
2003-10-24,2003-10-23,957,947,0,0,2,1.0,0.4262987719235225,False,neutral,neutral,False,,
2003-10-27,2003-10-24,958,948,0,0,2,1.0,0.44153327032357004,False,neutral,neutral,False,,
2003-10-28,2003-10-27,959,949,2,2,1,1.0,0.4505205083615338,False,neutral,neutral,False,,
2003-10-29,2003-10-28,960,950,0,0,2,1.0,0.32328776257814823,False,neutral,neutral,False,,
2003-10-30,2003-10-29,961,951,1,1,2,1.0,0.4485372443299513,False,neutral,neutral,False,,
2003-10-31,2003-10-30,962,952,0,0,2,1.0,0.44486801612706284,False,neutral,neutral,False,,
2003-11-03,2003-10-31,963,953,2,2,1,1.0,0.4544445442085591,False,neutral,neutral,False,,
2003-11-04,2003-11-03,964,954,0,0,2,1.0,0.3944011483913771,False,neutral,neutral,False,,
2003-11-05,2003-11-04,965,955,0,0,2,0.5422328091848463,0.396596756907907,False,neutral,neutral,False,,
2003-11-06,2003-11-05,966,956,2,2,1,1.0,0.4515602182765975,False,neutral,neutral,False,,
2003-11-07,2003-11-06,967,957,0,0,1,1.0,0.4291497277682397,False,neutral,neutral,False,,
2003-11-10,2003-11-07,968,958,0,0,2,1.0,0.4345040352772815,False,neutral,neutral,False,,
2003-11-11,2003-11-10,969,959,0,0,1,1.0,0.4555003664933758,False,neutral,neutral,False,,
2003-11-12,2003-11-11,970,960,0,0,2,1.0,0.4580001507406323,False,neutral,neutral,False,,
2003-11-13,2003-11-12,971,961,0,0,1,1.0,0.3591316794699157,False,neutral,neutral,False,,
2003-11-14,2003-11-13,972,962,2,2,1,1.0,0.4573910836387619,False,neutral,neutral,False,,
2003-11-17,2003-11-14,973,963,0,0,1,1.0,0.42579751402316673,False,neutral,neutral,False,,
2003-11-18,2003-11-17,974,964,2,2,1,1.0,0.45246087481902064,False,neutral,neutral,False,,
2003-11-19,2003-11-18,975,965,0,0,1,1.0,0.4080005590559585,False,neutral,neutral,False,,
2003-11-20,2003-11-19,976,966,0,0,1,1.0,0.3952490475784011,False,neutral,neutral,False,,
2003-11-21,2003-11-20,977,967,1,1,0,1.0,0.4236371453856905,False,neutral,neutral,False,,
2003-11-24,2003-11-21,978,968,0,0,1,1.0,0.43888592260279535,False,neutral,neutral,False,,
2003-11-25,2003-11-24,979,969,0,0,2,0.9999805865647388,0.31054265953326887,False,neutral,neutral,False,,
2003-11-26,2003-11-25,980,970,1,1,0,1.0,0.43993989897353725,False,neutral,neutral,False,,
2003-11-28,2003-11-26,981,971,0,0,1,1.0,0.4437779498737645,False,neutral,neutral,False,,
2003-12-01,2003-11-28,982,972,2,2,1,1.0,0.4573072699407166,False,neutral,neutral,False,,
2003-12-02,2003-12-01,983,973,0,0,1,0.9823725845963723,0.36373164225597276,False,neutral,neutral,False,,
2003-12-03,2003-12-02,984,974,0,0,1,0.9082098266403621,0.4610582503424738,False,neutral,neutral,False,,
2003-12-04,2003-12-03,985,975,0,0,1,0.954127490577983,0.4615838781222267,False,neutral,neutral,False,,
2003-12-05,2003-12-04,986,976,1,1,0,0.936136594725647,0.44142296620835414,False,neutral,neutral,False,,
2003-12-08,2003-12-05,987,977,2,2,0,1.0,0.44064284097966955,False,neutral,neutral,False,,
2003-12-09,2003-12-08,988,978,2,2,1,1.0,0.41839949279239697,False,neutral,neutral,False,,
2003-12-10,2003-12-09,989,979,2,2,1,1.0,0.4327361088393193,False,neutral,neutral,False,,
2003-12-11,2003-12-10,990,980,0,0,2,1.0,0.43427390603682986,False,neutral,neutral,False,,
2003-12-12,2003-12-11,991,981,2,2,1,1.0,0.35885718544295775,False,neutral,neutral,False,,
2003-12-15,2003-12-12,992,982,2,2,1,1.0,0.4553044274165473,False,neutral,neutral,False,,
2003-12-16,2003-12-15,993,983,1,1,2,1.0,0.4523383722248963,False,neutral,neutral,False,,
2003-12-17,2003-12-16,994,984,0,0,1,1.0,0.4336430990118635,False,neutral,neutral,False,,
2003-12-18,2003-12-17,995,985,2,2,1,1.0,0.4494492277711155,False,neutral,neutral,False,,
2003-12-19,2003-12-18,996,986,2,2,1,1.0,0.3593777240921809,False,neutral,neutral,False,,
2003-12-22,2003-12-19,997,987,2,2,1,1.0,0.43429102951890236,False,neutral,neutral,False,,
2003-12-23,2003-12-22,998,988,2,2,1,1.0,0.4172638677215408,False,neutral,neutral,False,,
2003-12-24,2003-12-23,999,989,0,1,2,0.9988660336983384,0.4363226160567138,False,neutral,neutral,False,,
2003-12-26,2003-12-24,1000,990,1,1,2,1.0,0.4645659010289392,False,neutral,neutral,False,,
2003-12-29,2003-12-26,1001,991,1,1,2,1.0,0.46238553940714033,False,neutral,neutral,False,,
2003-12-30,2003-12-29,1002,992,2,2,1,1.0,0.3278029733739196,False,neutral,neutral,False,,
2003-12-31,2003-12-30,1003,993,1,1,0,1.0,0.46441119464436376,False,neutral,neutral,False,,
2004-01-02,2003-12-31,1004,994,2,2,1,1.0,0.46304262577293254,False,neutral,neutral,False,,
2004-01-05,2004-01-02,1005,995,2,2,1,1.0,0.46577542727056176,False,neutral,neutral,False,,
2004-01-06,2004-01-05,1006,996,1,1,0,1.0,0.36759063536502773,False,neutral,neutral,False,,
2004-01-07,2004-01-06,1007,997,0,0,1,0.9998650159351927,0.44435151936746026,False,neutral,neutral,False,,
2004-01-08,2004-01-07,1008,998,2,2,1,0.9959406231387588,0.45236193879300424,False,neutral,neutral,False,,
2004-01-09,2004-01-08,1009,999,1,1,0,0.9767421605037911,0.44861532099482915,False,neutral,neutral,False,,
2004-01-12,2004-01-09,1010,1000,0,0,2,0.9956065058056975,0.39925679303577305,False,neutral,neutral,False,,
2004-01-13,2004-01-12,1011,1001,0,0,2,1.0,0.41587517472051766,False,neutral,neutral,False,,
2004-01-14,2004-01-13,1012,1002,1,1,0,1.0,0.4501719872671608,False,neutral,neutral,False,,
2004-01-15,2004-01-14,1013,1003,1,1,0,1.0,0.40306477704784693,False,neutral,neutral,False,,
2004-01-16,2004-01-15,1014,1004,0,0,2,1.0,0.45909116579284387,False,neutral,neutral,False,,
2004-01-20,2004-01-16,1015,1005,0,2,0,0.5272957034997624,0.4005829303954679,False,neutral,neutral,False,,
2004-01-21,2004-01-20,1016,1006,0,1,2,1.0,0.4413344909934425,False,neutral,neutral,False,,
2004-01-22,2004-01-21,1017,1007,0,1,2,1.0,0.3930460926215553,False,neutral,neutral,False,,
2004-01-23,2004-01-22,1018,1008,2,2,0,0.5268322916230431,0.4099488783197462,False,neutral,neutral,False,,
2004-01-26,2004-01-23,1019,1009,0,1,2,0.9988769734706573,0.4367208761136362,False,neutral,neutral,False,,
2004-01-27,2004-01-26,1020,1010,0,0,1,1.0,0.3419602649904995,False,neutral,neutral,False,,
2004-01-28,2004-01-27,1021,1011,0,0,1,1.0,0.4016066931978405,False,neutral,neutral,False,,
2004-01-29,2004-01-28,1022,1012,0,0,1,1.0,0.38441825959872483,False,neutral,neutral,False,,
2004-01-30,2004-01-29,1023,1013,0,0,1,1.0,0.46573803982617273,False,neutral,neutral,False,,
2004-02-02,2004-01-30,1024,1014,0,2,0,0.48688023622208265,0.38583805064065296,False,neutral,neutral,False,,
2004-02-03,2004-02-02,1025,1015,1,1,0,1.0,0.4481386682217053,False,neutral,neutral,False,,
2004-02-04,2004-02-03,1026,1016,0,0,1,1.0,0.46820636795763754,False,neutral,neutral,False,,
2004-02-05,2004-02-04,1027,1017,2,2,1,1.0,0.4297834047351288,False,neutral,neutral,False,,
2004-02-06,2004-02-05,1028,1018,0,0,1,1.0,0.4584078500734228,False,neutral,neutral,False,,
2004-02-09,2004-02-06,1029,1019,2,2,1,1.0,0.3624119270685408,False,neutral,neutral,False,,
2004-02-10,2004-02-09,1030,1020,0,1,0,0.9999999999518293,0.4438645843171217,False,neutral,neutral,False,,
2004-02-11,2004-02-10,1031,1021,0,1,2,0.999999999703564,0.4350011431749381,False,neutral,neutral,False,,
2004-02-12,2004-02-11,1032,1022,0,0,1,1.0,0.3748707362769859,False,neutral,neutral,False,,
2004-02-13,2004-02-12,1033,1023,0,0,1,1.0,0.4685049946822964,False,neutral,neutral,False,,
2004-02-17,2004-02-13,1034,1024,0,1,2,0.9822177297449465,0.4317495584945734,False,neutral,neutral,False,,
2004-02-18,2004-02-17,1035,1025,0,0,1,1.0,0.40013395901033566,False,neutral,neutral,False,,
2004-02-19,2004-02-18,1036,1026,0,2,1,0.9014289831463193,0.43349484685079165,False,neutral,neutral,False,,
2004-02-20,2004-02-19,1037,1027,0,2,1,0.9991817438557988,0.43661251460290373,False,neutral,neutral,False,,
2004-02-23,2004-02-20,1038,1028,0,0,1,1.0,0.4720022524124216,False,neutral,neutral,False,,
2004-02-24,2004-02-23,1039,1029,1,1,2,1.0,0.47429461995293903,False,neutral,neutral,False,,
2004-02-25,2004-02-24,1040,1030,1,1,0,1.0,0.4761847690308695,False,neutral,neutral,False,,
2004-02-26,2004-02-25,1041,1031,0,0,1,1.0,0.45771694521840783,False,neutral,neutral,False,,
2004-02-27,2004-02-26,1042,1032,0,1,2,1.0,0.44608965385085764,False,neutral,neutral,False,,
2004-03-01,2004-02-27,1043,1033,1,1,0,1.0,0.47603835522893345,False,neutral,neutral,False,,
2004-03-02,2004-03-01,1044,1034,0,0,1,1.0,0.3868159931070173,False,neutral,neutral,False,,
2004-03-03,2004-03-02,1045,1035,1,2,0,1.0,0.42362598379424493,False,neutral,neutral,False,,
2004-03-04,2004-03-03,1046,1036,0,2,1,1.0,0.4731551929219859,False,neutral,neutral,False,,
2004-03-05,2004-03-04,1047,1037,0,1,0,0.9999999999987107,0.4402438730463107,False,neutral,neutral,False,,
2004-03-08,2004-03-05,1048,1038,2,0,1,1.0,0.4653207087386513,False,neutral,neutral,False,,
2004-03-09,2004-03-08,1049,1039,0,1,2,0.9999999989248665,0.33507021320329256,False,neutral,neutral,False,,
2004-03-10,2004-03-09,1050,1040,2,0,1,1.0,0.46830260279132485,False,neutral,neutral,False,,
2004-03-11,2004-03-10,1051,1041,0,0,1,1.0,0.2697599497032393,False,neutral,neutral,False,,
2004-03-12,2004-03-11,1052,1042,2,1,2,0.9465791670866567,0.35858701813956745,False,neutral,neutral,False,,
2004-03-15,2004-03-12,1053,1043,2,0,1,1.0,0.3617932977138877,False,neutral,neutral,False,,
2004-03-16,2004-03-15,1054,1044,2,2,0,1.0,0.354038111632175,False,neutral,neutral,False,,
2004-03-17,2004-03-16,1055,1045,0,0,2,1.0,0.32161321705048745,False,neutral,neutral,False,,
2004-03-18,2004-03-17,1056,1046,2,1,2,0.7599464795689638,0.3587589906855147,False,neutral,neutral,False,,
2004-03-19,2004-03-18,1057,1047,0,1,2,0.8003764524972672,0.3117953134169913,False,neutral,neutral,False,,
2004-03-22,2004-03-19,1058,1048,2,1,2,0.7393535287070926,0.36163253661610867,False,neutral,neutral,False,,
2004-03-23,2004-03-22,1059,1049,0,0,1,0.8609372132553534,0.3546501165343771,False,neutral,neutral,False,,
2004-03-24,2004-03-23,1060,1050,0,0,2,0.9412934633827218,0.47481530195756316,False,neutral,neutral,False,,
2004-03-25,2004-03-24,1061,1051,0,0,1,0.8658417280557299,0.4740791173228227,False,neutral,neutral,False,,
2004-03-26,2004-03-25,1062,1052,2,2,1,0.8641609522662433,0.3255114900100926,False,neutral,neutral,False,,
2004-03-29,2004-03-26,1063,1053,0,0,2,0.9388518212309472,0.4755393445620304,False,neutral,neutral,False,,
2004-03-30,2004-03-29,1064,1054,2,1,2,0.841514170725997,0.3654780553073163,False,neutral,neutral,False,,
2004-03-31,2004-03-30,1065,1055,2,2,1,0.7366128966597927,0.46264906172724085,False,neutral,neutral,False,,
2004-04-01,2004-03-31,1066,1056,2,2,1,0.7256367454646051,0.47405682145603306,False,neutral,neutral,False,,
2004-04-02,2004-04-01,1067,1057,0,0,1,0.5312299927219666,0.43928422770907644,False,neutral,neutral,False,,
2004-04-05,2004-04-02,1068,1058,2,0,1,1.0,0.3341017162708305,False,neutral,neutral,False,,
2004-04-06,2004-04-05,1069,1059,0,2,1,1.0,0.3247243535479541,False,neutral,neutral,False,,
2004-04-07,2004-04-06,1070,1060,2,0,1,1.0,0.31322503252702516,False,neutral,neutral,False,,
2004-04-08,2004-04-07,1071,1061,2,0,1,0.34063753495048366,0.31234718733314193,False,neutral,neutral,False,,
2004-04-12,2004-04-08,1072,1062,2,2,1,0.939469758582742,0.4732308999525197,False,neutral,neutral,False,,
2004-04-13,2004-04-12,1073,1063,1,1,2,1.0,0.45941237139308044,False,neutral,neutral,False,,
2004-04-14,2004-04-13,1074,1064,2,2,1,1.0,0.32786408878614454,False,neutral,neutral,False,,
2004-04-15,2004-04-14,1075,1065,2,2,1,1.0,0.47307045810181486,False,neutral,neutral,False,,
2004-04-16,2004-04-15,1076,1066,2,2,1,1.0,0.46664968310889504,False,neutral,neutral,False,,
2004-04-19,2004-04-16,1077,1067,0,0,2,1.0,0.42238356664669846,False,neutral,neutral,False,,
2004-04-20,2004-04-19,1078,1068,0,0,1,1.0,0.4771185284715292,False,neutral,neutral,False,,
2004-04-21,2004-04-20,1079,1069,2,2,1,1.0,0.264092989168875,False,neutral,neutral,False,,
2004-04-22,2004-04-21,1080,1070,0,0,1,1.0,0.43615471913200465,False,neutral,neutral,False,,
2004-04-23,2004-04-22,1081,1071,1,1,2,1.0,0.31278057573585566,False,neutral,neutral,False,,
2004-04-26,2004-04-23,1082,1072,0,2,1,1.0,0.4756877553747526,False,neutral,neutral,False,,
2004-04-27,2004-04-26,1083,1073,1,1,0,1.0,0.47568199120625493,False,neutral,neutral,False,,
2004-04-28,2004-04-27,1084,1074,0,2,1,0.999593751091386,0.4494114274607725,False,neutral,neutral,False,,
2004-04-29,2004-04-28,1085,1075,2,2,1,1.0,0.34537548683659325,False,neutral,neutral,False,,
2004-04-30,2004-04-29,1086,1076,2,1,0,0.9814024152336005,0.3932687297583096,False,neutral,neutral,False,,
2004-05-03,2004-04-30,1087,1077,0,0,1,0.9746511082185418,0.43228934369880506,False,neutral,neutral,False,,
2004-05-04,2004-05-03,1088,1078,0,0,1,0.9702460945440378,0.37394756614625263,False,neutral,neutral,False,,
2004-05-05,2004-05-04,1089,1079,2,1,0,0.6848782181591926,0.44708148771880213,False,neutral,neutral,False,,
2004-05-06,2004-05-05,1090,1080,0,0,1,0.9807518788584345,0.4396582135046425,False,neutral,neutral,False,,
2004-05-07,2004-05-06,1091,1081,0,0,1,1.0,0.4189854011523628,False,neutral,neutral,False,,
2004-05-10,2004-05-07,1092,1082,0,0,1,0.9027209869724626,0.2707169038821347,False,neutral,neutral,False,,
2004-05-11,2004-05-10,1093,1083,0,0,1,0.6278221435212175,0.39540737863490455,False,neutral,neutral,False,,
2004-05-12,2004-05-11,1094,1084,1,1,2,0.8705201975188409,0.4122253691355541,False,neutral,neutral,False,,
2004-05-13,2004-05-12,1095,1085,0,0,1,0.9535465564853977,0.43927717115650006,False,neutral,neutral,False,,
2004-05-14,2004-05-13,1096,1086,1,1,2,0.9464063279622039,0.46496704993073357,False,neutral,neutral,False,,
2004-05-17,2004-05-14,1097,1087,0,0,1,0.9236096674335581,0.4769388799415648,False,neutral,neutral,False,,
2004-05-18,2004-05-17,1098,1088,2,2,0,0.9226502006594571,0.4206296394087789,False,neutral,neutral,False,,
2004-05-19,2004-05-18,1099,1089,2,1,0,0.7850031358766225,0.4226198709114675,False,neutral,neutral,False,,
2004-05-20,2004-05-19,1100,1090,2,2,1,1.0,0.46939028322144694,False,neutral,neutral,False,,
2004-05-21,2004-05-20,1101,1091,2,2,0,1.0,0.4674811113132184,False,neutral,neutral,False,,
2004-05-24,2004-05-21,1102,1092,1,0,2,1.0,0.4447464323814152,False,neutral,neutral,False,,
2004-05-25,2004-05-24,1103,1093,2,2,1,1.0,0.4601968313948689,False,neutral,neutral,False,,
2004-05-26,2004-05-25,1104,1094,0,0,1,1.0,0.3045967788170487,False,neutral,neutral,False,,
2004-05-27,2004-05-26,1105,1095,0,0,1,1.0,0.46635833049626063,False,neutral,neutral,False,,
2004-05-28,2004-05-27,1106,1096,0,2,1,0.8922520252321335,0.44915208828720504,False,neutral,neutral,False,,
2004-06-01,2004-05-28,1107,1097,1,2,0,0.6538506646865926,0.47861961708037176,False,neutral,neutral,False,,
2004-06-02,2004-06-01,1108,1098,2,1,0,0.6684815885802989,0.47780812495151714,False,neutral,neutral,False,,
2004-06-03,2004-06-02,1109,1099,0,0,1,0.6321476210353016,0.46579441958208023,False,neutral,neutral,False,,
2004-06-04,2004-06-03,1110,1100,2,0,2,0.4957488222432888,0.3142633895294496,False,neutral,neutral,False,,
2004-06-07,2004-06-04,1111,1101,2,1,0,0.1388412253448344,0.3519659253441452,False,neutral,neutral,False,,
2004-06-08,2004-06-07,1112,1102,2,0,2,0.5398842777276438,0.35318113654020006,False,neutral,neutral,False,,
2004-06-09,2004-06-08,1113,1103,0,0,1,1.0,0.476866178817052,False,neutral,neutral,False,,
2004-06-10,2004-06-09,1114,1104,2,2,1,1.0,0.4086807918722785,False,neutral,neutral,False,,
2004-06-14,2004-06-10,1115,1105,1,1,0,1.0,0.4563324066933016,False,neutral,neutral,False,,
2004-06-15,2004-06-14,1116,1106,2,0,1,1.0,0.3993702462827755,False,neutral,neutral,False,,
2004-06-16,2004-06-15,1117,1107,1,2,0,1.0,0.43364833554161797,False,neutral,neutral,False,,
2004-06-17,2004-06-16,1118,1108,0,2,1,1.0,0.4794641289966098,False,neutral,neutral,False,,
2004-06-18,2004-06-17,1119,1109,0,0,2,0.4645824232554792,0.4081064954550534,False,neutral,neutral,False,,
2004-06-21,2004-06-18,1120,1110,1,2,0,1.0,0.4777890465430878,False,neutral,neutral,False,,
2004-06-22,2004-06-21,1121,1111,2,0,1,1.0,0.46893293459752017,False,neutral,neutral,False,,
2004-06-23,2004-06-22,1122,1112,0,2,1,1.0,0.45615983999746035,False,neutral,neutral,False,,
2004-06-24,2004-06-23,1123,1113,2,0,1,1.0,0.4128282186362195,False,neutral,neutral,False,,
2004-06-25,2004-06-24,1124,1114,2,0,1,1.0,0.47279382310905643,False,neutral,neutral,False,,
2004-06-28,2004-06-25,1125,1115,2,0,2,0.9999999998962242,0.43697932657199534,False,neutral,neutral,False,,
2004-06-29,2004-06-28,1126,1116,0,0,2,0.5569991233429245,0.4102502898094032,False,neutral,neutral,False,,
2004-06-30,2004-06-29,1127,1117,1,2,0,1.0,0.4642601371097104,False,neutral,neutral,False,,
2004-07-01,2004-06-30,1128,1118,2,0,2,0.9999999997510147,0.4292010022585807,False,neutral,neutral,False,,
2004-07-02,2004-07-01,1129,1119,0,0,2,0.9999999992475351,0.290769270918522,False,neutral,neutral,False,,
2004-07-06,2004-07-02,1130,1120,2,0,1,1.0,0.48096901245678475,False,neutral,neutral,False,,
2004-07-07,2004-07-06,1131,1121,0,0,2,0.9974186906183697,0.3905240542861697,False,neutral,neutral,False,,
2004-07-08,2004-07-07,1132,1122,0,0,1,0.9807417414956164,0.4477869197710443,False,neutral,neutral,False,,
2004-07-09,2004-07-08,1133,1123,0,0,1,1.0,0.44158986046490634,False,neutral,neutral,False,,
2004-07-12,2004-07-09,1134,1124,1,1,2,0.9473463117021302,0.44993854289551455,False,neutral,neutral,False,,
2004-07-13,2004-07-12,1135,1125,1,0,2,1.0,0.4813390663196946,False,neutral,neutral,False,,
2004-07-14,2004-07-13,1136,1126,2,1,2,0.5342488880436127,0.4117817855524647,False,neutral,neutral,False,,
2004-07-15,2004-07-14,1137,1127,0,2,1,1.0,0.47511741004468716,False,neutral,neutral,False,,
2004-07-16,2004-07-15,1138,1128,2,2,1,1.0,0.44959511663882945,False,neutral,neutral,False,,
2004-07-19,2004-07-16,1139,1129,1,1,2,1.0,0.48260062883546556,False,neutral,neutral,False,,
2004-07-20,2004-07-19,1140,1130,1,1,2,1.0,0.46986279361478894,False,neutral,neutral,False,,
2004-07-21,2004-07-20,1141,1131,0,2,1,1.0,0.3344995746132512,False,neutral,neutral,False,,
2004-07-22,2004-07-21,1142,1132,0,0,2,1.0,0.21659612580274593,False,neutral,neutral,False,,
2004-07-23,2004-07-22,1143,1133,0,0,1,1.0,0.4727291052991525,False,neutral,neutral,False,,
2004-07-26,2004-07-23,1144,1134,1,1,2,1.0,0.4278756623682423,False,neutral,neutral,False,,
2004-07-27,2004-07-26,1145,1135,0,0,1,1.0,0.4805181422362425,False,neutral,neutral,False,,
2004-07-28,2004-07-27,1146,1136,1,1,2,1.0,0.39812436128602374,False,neutral,neutral,False,,
2004-07-29,2004-07-28,1147,1137,0,0,1,1.0,0.47203540981585673,False,neutral,neutral,False,,
2004-07-30,2004-07-29,1148,1138,0,0,2,0.9985337083980667,0.44051779128039215,False,neutral,neutral,False,,
2004-08-02,2004-07-30,1149,1139,0,0,2,1.0,0.4760805862906511,False,neutral,neutral,False,,
2004-08-03,2004-08-02,1150,1140,0,0,1,1.0,0.477989555572752,False,neutral,neutral,False,,
2004-08-04,2004-08-03,1151,1141,2,2,1,1.0,0.4353677943437803,False,neutral,neutral,False,,
2004-08-05,2004-08-04,1152,1142,0,0,1,1.0,0.4835674188517602,False,neutral,neutral,False,,
2004-08-06,2004-08-05,1153,1143,0,0,2,0.995005917682753,0.23479623290968213,False,neutral,neutral,False,,
2004-08-09,2004-08-06,1154,1144,1,1,2,0.9192554800507307,0.3155591052083472,False,neutral,neutral,False,,
2004-08-10,2004-08-09,1155,1145,2,2,1,0.6055412193016969,0.48016527477734516,False,neutral,neutral,False,,
2004-08-11,2004-08-10,1156,1146,2,2,1,0.5398242294270608,0.32935173613465324,False,neutral,neutral,False,,
2004-08-12,2004-08-11,1157,1147,0,0,1,0.5010582798709586,0.48081776591666214,False,neutral,neutral,False,,
2004-08-13,2004-08-12,1158,1148,0,0,2,0.37206149069333094,0.38313268453637195,False,neutral,neutral,False,,
2004-08-16,2004-08-13,1159,1149,2,0,2,0.9804480393295314,0.3305152816936558,False,neutral,neutral,False,,
2004-08-17,2004-08-16,1160,1150,0,0,1,0.9752819053582269,0.3817092176259222,False,neutral,neutral,False,,
2004-08-18,2004-08-17,1161,1151,2,2,1,1.0,0.4515084653896667,False,neutral,neutral,False,,
2004-08-19,2004-08-18,1162,1152,2,2,1,1.0,0.3836788346312588,False,neutral,neutral,False,,
2004-08-20,2004-08-19,1163,1153,0,0,1,1.0,0.47699438666781013,False,neutral,neutral,False,,
2004-08-23,2004-08-20,1164,1154,0,0,1,0.9594876653764661,0.43551316591583755,False,neutral,neutral,False,,
2004-08-24,2004-08-23,1165,1155,2,2,1,0.4689759504215889,0.4418196790635422,False,neutral,neutral,False,,
2004-08-25,2004-08-24,1166,1156,1,1,2,0.9127393999887373,0.481440885360765,False,neutral,neutral,False,,
2004-08-26,2004-08-25,1167,1157,2,0,1,0.7957975737282558,0.43876490184830014,False,neutral,neutral,False,,
2004-08-27,2004-08-26,1168,1158,1,2,0,0.965225062179433,0.4840329274866546,False,neutral,neutral,False,,
2004-08-30,2004-08-27,1169,1159,1,0,2,1.0,0.47377426927947663,False,neutral,neutral,False,,
2004-08-31,2004-08-30,1170,1160,0,2,1,1.0,0.42560543741384926,False,neutral,neutral,False,,
2004-09-01,2004-08-31,1171,1161,0,2,1,1.0,0.45680184327635165,False,neutral,neutral,False,,
2004-09-02,2004-09-01,1172,1162,1,1,2,0.999999967611389,0.46399076069256207,False,neutral,neutral,False,,
2004-09-03,2004-09-02,1173,1163,0,2,1,1.0,0.3644974278669026,False,neutral,neutral,False,,
2004-09-07,2004-09-03,1174,1164,2,0,1,1.0,0.4707940627968565,False,neutral,neutral,False,,
2004-09-08,2004-09-07,1175,1165,0,2,1,1.0,0.44214920914544636,False,neutral,neutral,False,,
2004-09-09,2004-09-08,1176,1166,2,2,1,1.0,0.4806783593620521,False,neutral,neutral,False,,
2004-09-10,2004-09-09,1177,1167,0,0,2,0.9995343237857821,0.4640488766284442,False,neutral,neutral,False,,
2004-09-13,2004-09-10,1178,1168,0,0,1,1.0,0.4629637846461148,False,neutral,neutral,False,,
2004-09-14,2004-09-13,1179,1169,0,0,1,1.0,0.4771852494301812,False,neutral,neutral,False,,
2004-09-15,2004-09-14,1180,1170,1,1,2,1.0,0.480857872929573,False,neutral,neutral,False,,
2004-09-16,2004-09-15,1181,1171,2,2,1,1.0,0.4358962874702372,False,neutral,neutral,False,,
2004-09-17,2004-09-16,1182,1172,0,0,1,1.0,0.4762693438046653,False,neutral,neutral,False,,
2004-09-20,2004-09-17,1183,1173,0,0,1,0.9999999999995552,0.464751405378926,False,neutral,neutral,False,,
2004-09-21,2004-09-20,1184,1174,2,2,1,1.0,0.4552076552949391,False,neutral,neutral,False,,
2004-09-22,2004-09-21,1185,1175,2,2,1,1.0,0.4703078617845208,False,neutral,neutral,False,,
2004-09-23,2004-09-22,1186,1176,1,1,0,1.0,0.3447842991627216,False,neutral,neutral,False,,
2004-09-24,2004-09-23,1187,1177,2,2,1,1.0,0.45785840827018737,False,neutral,neutral,False,,
2004-09-27,2004-09-24,1188,1178,2,2,1,1.0,0.4679923288029478,False,neutral,neutral,False,,
2004-09-28,2004-09-27,1189,1179,0,0,2,0.9566094444640632,0.4159611966892291,False,neutral,neutral,False,,
2004-09-29,2004-09-28,1190,1180,2,2,1,1.0,0.4665923237012699,False,neutral,neutral,False,,
2004-09-30,2004-09-29,1191,1181,0,0,2,0.9945485323685754,0.44578043405962475,False,neutral,neutral,False,,
2004-10-01,2004-09-30,1192,1182,1,1,0,1.0,0.486390087522429,False,neutral,neutral,False,,
2004-10-04,2004-10-01,1193,1183,1,1,0,0.9949044567880339,0.19185810793594518,False,neutral,neutral,False,,
2004-10-05,2004-10-04,1194,1184,0,0,1,1.0,0.4849765878989053,False,neutral,neutral,False,,
2004-10-06,2004-10-05,1195,1185,2,2,1,0.9919708784372845,0.4867606448596169,False,neutral,neutral,False,,
2004-10-07,2004-10-06,1196,1186,0,1,0,0.9846107388433697,0.3363982539675699,False,neutral,neutral,False,,
2004-10-08,2004-10-07,1197,1187,2,0,2,0.8459293266917683,0.36530398145156917,False,neutral,neutral,False,,
2004-10-11,2004-10-08,1198,1188,0,0,1,0.9085524445240564,0.4209361372083622,False,neutral,neutral,False,,
2004-10-12,2004-10-11,1199,1189,1,1,2,1.0,0.4728975207493847,False,neutral,neutral,False,,
2004-10-13,2004-10-12,1200,1190,0,0,1,1.0,0.47173566707806835,False,neutral,neutral,False,,
2004-10-14,2004-10-13,1201,1191,0,0,1,1.0,0.41324432195233,False,neutral,neutral,False,,
2004-10-15,2004-10-14,1202,1192,2,2,1,0.9997444391457454,0.42993759751523136,False,neutral,neutral,False,,
2004-10-18,2004-10-15,1203,1193,0,0,1,0.9312812933979733,0.4587348681990195,False,neutral,neutral,False,,
2004-10-19,2004-10-18,1204,1194,0,0,1,0.9553053460592577,0.47481176843504036,False,neutral,neutral,False,,
2004-10-20,2004-10-19,1205,1195,0,0,1,0.9452262937591434,0.41974226753925764,False,neutral,neutral,False,,
2004-10-21,2004-10-20,1206,1196,0,0,2,0.9528619782052518,0.4607560993774606,False,neutral,neutral,False,,
2004-10-22,2004-10-21,1207,1197,0,0,2,0.9982341696544288,0.430719503905646,False,neutral,neutral,False,,
2004-10-25,2004-10-22,1208,1198,0,0,2,0.9942634616252216,0.33403959385383836,False,neutral,neutral,False,,
2004-10-26,2004-10-25,1209,1199,0,0,1,1.0,0.48671360916972056,False,neutral,neutral,False,,
2004-10-27,2004-10-26,1210,1200,0,0,1,1.0,0.27211050608752707,False,neutral,neutral,False,,
2004-10-28,2004-10-27,1211,1201,0,0,1,1.0,0.35349326851788465,False,neutral,neutral,False,,
2004-10-29,2004-10-28,1212,1202,0,0,1,1.0,0.47931868677938466,False,neutral,neutral,False,,
2004-11-01,2004-10-29,1213,1203,0,0,2,0.9577894392577362,0.48670280300867846,False,neutral,neutral,False,,
2004-11-02,2004-11-01,1214,1204,1,1,2,0.7922590419488229,0.4813491581406923,False,neutral,neutral,False,,
2004-11-03,2004-11-02,1215,1205,2,2,1,0.6885564630512243,0.48841991937412566,False,neutral,neutral,False,,
2004-11-04,2004-11-03,1216,1206,2,2,1,0.27292689924301095,0.3398235035542645,False,neutral,neutral,False,,
2004-11-05,2004-11-04,1217,1207,0,1,0,0.5102263410064728,0.37700279687804933,False,neutral,neutral,False,,
2004-11-08,2004-11-05,1218,1208,2,0,1,1.0,0.3236909147879775,False,neutral,neutral,False,,
2004-11-09,2004-11-08,1219,1209,0,1,2,1.0,0.3066800740813705,False,neutral,neutral,False,,
2004-11-10,2004-11-09,1220,1210,0,1,2,1.0,0.31029232913390586,False,neutral,neutral,False,,
2004-11-11,2004-11-10,1221,1211,0,1,2,1.0,0.3088650339901532,False,neutral,neutral,False,,
2004-11-12,2004-11-11,1222,1212,2,0,2,0.8741111335150974,0.34049688069324036,False,neutral,neutral,False,,
2004-11-15,2004-11-12,1223,1213,0,1,0,0.8933799306360639,0.3423158141829702,False,neutral,neutral,False,,
2004-11-16,2004-11-15,1224,1214,0,1,0,0.9615104187362704,0.3243913973223178,False,neutral,neutral,False,,
2004-11-17,2004-11-16,1225,1215,0,0,1,1.0,0.43326146164443985,False,neutral,neutral,False,,
2004-11-18,2004-11-17,1226,1216,0,0,1,1.0,0.4533562759842888,False,neutral,neutral,False,,
2004-11-19,2004-11-18,1227,1217,1,1,0,0.9996644457611608,0.46684584749956126,False,neutral,neutral,False,,
2004-11-22,2004-11-19,1228,1218,0,0,1,1.0,0.36938227438887655,False,neutral,neutral,False,,
2004-11-23,2004-11-22,1229,1219,2,2,1,1.0,0.46487870864061365,False,neutral,neutral,False,,
2004-11-24,2004-11-23,1230,1220,1,1,2,1.0,0.4840689274449258,False,neutral,neutral,False,,
2004-11-26,2004-11-24,1231,1221,2,2,1,1.0,0.48055084379059626,False,neutral,neutral,False,,
2004-11-29,2004-11-26,1232,1222,2,2,1,1.0,0.4867138341210989,False,neutral,neutral,False,,
2004-11-30,2004-11-29,1233,1223,2,2,0,0.9999999999958519,0.43956891130685016,False,neutral,neutral,False,,
2004-12-01,2004-11-30,1234,1224,1,1,2,1.0,0.4891397468631424,False,neutral,neutral,False,,
2004-12-02,2004-12-01,1235,1225,0,0,1,1.0,0.3640601777772586,False,neutral,neutral,False,,
2004-12-03,2004-12-02,1236,1226,0,0,1,1.0,0.4881222224372211,False,neutral,neutral,False,,
2004-12-06,2004-12-03,1237,1227,2,2,1,1.0,0.48794124011872686,False,neutral,neutral,False,,
2004-12-07,2004-12-06,1238,1228,0,0,1,0.9999990181372191,0.4683290524704166,False,neutral,neutral,False,,
2004-12-08,2004-12-07,1239,1229,2,2,1,1.0,0.4089524943890158,False,neutral,neutral,False,,
2004-12-09,2004-12-08,1240,1230,2,2,1,1.0,0.4607938646777672,False,neutral,neutral,False,,
2004-12-10,2004-12-09,1241,1231,0,0,1,0.9999995917126079,0.46134091855805187,False,neutral,neutral,False,,
2004-12-13,2004-12-10,1242,1232,1,1,2,1.0,0.49018209890031494,False,neutral,neutral,False,,
2004-12-14,2004-12-13,1243,1233,2,2,1,1.0,0.4204636825951947,False,neutral,neutral,False,,
2004-12-15,2004-12-14,1244,1234,2,2,1,1.0,0.47943788031987955,False,neutral,neutral,False,,
2004-12-16,2004-12-15,1245,1235,1,1,0,0.9968796839215313,0.4692687776421004,False,neutral,neutral,False,,
2004-12-17,2004-12-16,1246,1236,2,2,0,1.0,0.48859958555343086,False,neutral,neutral,False,,
2004-12-20,2004-12-17,1247,1237,0,0,2,1.0,0.3622695766657612,False,neutral,neutral,False,,
2004-12-21,2004-12-20,1248,1238,2,2,0,1.0,0.4900599682714896,False,neutral,neutral,False,,
2004-12-22,2004-12-21,1249,1239,1,1,0,1.0,0.4278603387304427,False,neutral,neutral,False,,
2004-12-23,2004-12-22,1250,1240,0,0,1,1.0,0.48373637934977515,False,neutral,neutral,False,,
2004-12-27,2004-12-23,1251,1241,0,0,1,1.0,0.4897871110665256,False,neutral,neutral,False,,
2004-12-28,2004-12-27,1252,1242,0,0,1,1.0,0.48712002805347665,False,neutral,neutral,False,,
2004-12-29,2004-12-28,1253,1243,0,0,2,1.0,0.45859106362386337,False,neutral,neutral,False,,
2004-12-30,2004-12-29,1254,1244,0,2,1,0.9999999458573098,0.47115489726485804,False,neutral,neutral,False,,
2004-12-31,2004-12-30,1255,1245,2,0,1,1.0,0.4874224280168059,False,neutral,neutral,False,,
2005-01-03,2004-12-31,1256,1246,0,2,1,0.999999721231542,0.4590387014493229,False,neutral,neutral,False,,
2005-01-04,2005-01-03,1257,1247,2,2,1,1.0,0.4646450373891151,False,neutral,neutral,False,,
2005-01-05,2005-01-04,1258,1248,0,0,1,1.0,0.3395172557888597,False,neutral,neutral,False,,
2005-01-06,2005-01-05,1259,1249,0,0,1,1.0,0.4368181418746884,False,neutral,neutral,False,,
2005-01-07,2005-01-06,1260,1250,0,0,1,0.9932487293139839,0.47106892722127464,False,neutral,neutral,False,,
2005-01-10,2005-01-07,1261,1251,2,2,1,0.8765737203563412,0.4892531873445162,False,neutral,neutral,False,,
2005-01-11,2005-01-10,1262,1252,2,2,0,0.3669635292872155,0.45301602755337494,False,neutral,neutral,False,,
2005-01-12,2005-01-11,1263,1253,2,2,1,0.8805493503845887,0.43770067177413613,False,neutral,neutral,False,,
2005-01-13,2005-01-12,1264,1254,0,0,1,1.0,0.4857605322511732,False,neutral,neutral,False,,
2005-01-14,2005-01-13,1265,1255,0,0,1,1.0,0.42039620942861405,False,neutral,neutral,False,,
2005-01-18,2005-01-14,1266,1256,1,1,2,1.0,0.46853691155557126,False,neutral,neutral,False,,
2005-01-19,2005-01-18,1267,1257,0,0,1,1.0,0.3859359310628454,False,neutral,neutral,False,,
2005-01-20,2005-01-19,1268,1258,0,0,1,1.0,0.38364602598293074,False,neutral,neutral,False,,
2005-01-21,2005-01-20,1269,1259,2,2,0,0.9999999021410794,0.4231327918810468,False,neutral,neutral,False,,
2005-01-24,2005-01-21,1270,1260,2,2,1,1.0,0.44798853374096637,False,neutral,neutral,False,,
2005-01-25,2005-01-24,1271,1261,1,0,1,0.5367344237603692,0.36833033720604264,False,neutral,neutral,False,,
2005-01-26,2005-01-25,1272,1262,0,1,0,0.5336047139182727,0.4217020315916212,False,neutral,neutral,False,,
2005-01-27,2005-01-26,1273,1263,0,0,1,1.0,0.48630160965660135,False,neutral,neutral,False,,
2005-01-28,2005-01-27,1274,1264,2,0,1,1.0,0.4912726940161559,False,neutral,neutral,False,,
2005-01-31,2005-01-28,1275,1265,0,0,1,0.9979998120846584,0.4721763244661719,False,neutral,neutral,False,,
2005-02-01,2005-01-31,1276,1266,2,0,2,0.49436302805999494,0.4282854130662806,False,neutral,neutral,False,,
2005-02-02,2005-02-01,1277,1267,0,2,1,1.0,0.45546366086422696,False,neutral,neutral,False,,
2005-02-03,2005-02-02,1278,1268,2,1,0,0.9952772933829372,0.4691471318551206,False,neutral,neutral,False,,
2005-02-04,2005-02-03,1279,1269,0,2,1,1.0,0.4921684797130891,False,neutral,neutral,False,,
2005-02-07,2005-02-04,1280,1270,0,2,1,0.9027192343250924,0.4014744206904325,False,neutral,neutral,False,,
2005-02-08,2005-02-07,1281,1271,0,2,1,0.8965148415452358,0.49284184088769856,False,neutral,neutral,False,,
2005-02-09,2005-02-08,1282,1272,2,0,2,0.4955656260674098,0.4123647617498578,False,neutral,neutral,False,,
2005-02-10,2005-02-09,1283,1273,1,0,2,1.0,0.4240701731262104,False,neutral,neutral,False,,
2005-02-11,2005-02-10,1284,1274,1,0,2,1.0,0.48597507590987166,False,neutral,neutral,False,,
2005-02-14,2005-02-11,1285,1275,2,1,0,0.9998721807968903,0.3984796188945962,False,neutral,neutral,False,,
2005-02-15,2005-02-14,1286,1276,0,2,1,1.0,0.49513064884759517,False,neutral,neutral,False,,
2005-02-16,2005-02-15,1287,1277,1,0,2,1.0,0.48558392978202475,False,neutral,neutral,False,,
2005-02-17,2005-02-16,1288,1278,2,0,2,0.4938630744023108,0.4187820178230378,False,neutral,neutral,False,,
2005-02-18,2005-02-17,1289,1279,0,0,2,0.4575198383017787,0.43101652348156444,False,neutral,neutral,False,,
2005-02-22,2005-02-18,1290,1280,1,0,2,1.0,0.4965923263195343,False,neutral,neutral,False,,
2005-02-23,2005-02-22,1291,1281,0,1,2,0.999565188285701,0.23126671054186396,False,neutral,neutral,False,,
2005-02-24,2005-02-23,1292,1282,0,1,2,0.9986298632622209,0.4267220753420715,False,neutral,neutral,False,,
2005-02-25,2005-02-24,1293,1283,0,0,2,0.5066629772438827,0.30591180393693995,False,neutral,neutral,False,,
2005-02-28,2005-02-25,1294,1284,0,1,2,1.0,0.39078488434269465,False,neutral,neutral,False,,
2005-03-01,2005-02-28,1295,1285,0,2,1,1.0,0.43902160749903824,False,neutral,neutral,False,,
2005-03-02,2005-03-01,1296,1286,0,1,2,1.0,0.46710143386072217,False,neutral,neutral,False,,
2005-03-03,2005-03-02,1297,1287,0,1,2,1.0,0.4957907491497122,False,neutral,neutral,False,,
2005-03-04,2005-03-03,1298,1288,1,0,2,1.0,0.49837520579269695,False,neutral,neutral,False,,
2005-03-07,2005-03-04,1299,1289,0,1,2,0.7979003965137885,0.3068180446908547,False,neutral,neutral,False,,
2005-03-08,2005-03-07,1300,1290,0,1,2,0.3457034015016761,0.4780071785001667,False,neutral,neutral,False,,
2005-03-09,2005-03-08,1301,1291,0,0,2,0.5031618185703824,0.4103769312898158,False,neutral,neutral,False,,
2005-03-10,2005-03-09,1302,1292,0,2,1,1.0,0.3484196642606811,False,neutral,neutral,False,,
2005-03-11,2005-03-10,1303,1293,0,2,1,1.0,0.49496948321602907,False,neutral,neutral,False,,
2005-03-14,2005-03-11,1304,1294,0,2,1,1.0,0.43226392034257255,False,neutral,neutral,False,,
2005-03-15,2005-03-14,1305,1295,0,2,1,0.9995712808853338,0.44378039664634505,False,neutral,neutral,False,,
2005-03-16,2005-03-15,1306,1296,0,1,2,0.9909452358912141,0.3780147027154816,False,neutral,neutral,False,,
2005-03-17,2005-03-16,1307,1297,2,1,0,0.7390971737517145,0.3752972815838311,False,neutral,neutral,False,,
2005-03-18,2005-03-17,1308,1298,2,1,0,0.34438828454125797,0.4775529237400384,False,neutral,neutral,False,,
2005-03-21,2005-03-18,1309,1299,0,2,1,0.6129016331421475,0.43550310515186985,False,neutral,neutral,False,,
2005-03-22,2005-03-21,1310,1300,0,2,1,0.6748173823268702,0.4774388929593264,False,neutral,neutral,False,,
2005-03-23,2005-03-22,1311,1301,2,1,0,0.9898490760386329,0.3647035421289442,False,neutral,neutral,False,,
2005-03-24,2005-03-23,1312,1302,2,1,0,0.9699037676074277,0.3201911913990853,False,neutral,neutral,False,,
2005-03-28,2005-03-24,1313,1303,0,1,2,0.9820897967492865,0.32040129910643483,False,neutral,neutral,False,,
2005-03-29,2005-03-28,1314,1304,2,1,0,0.9890284691632072,0.3207035403023535,False,neutral,neutral,False,,
2005-03-30,2005-03-29,1315,1305,0,2,1,0.8758615736755972,0.44145700042854996,False,neutral,neutral,False,,
2005-03-31,2005-03-30,1316,1306,0,2,1,1.0,0.27237792342189693,False,neutral,neutral,False,,
2005-04-01,2005-03-31,1317,1307,0,2,1,1.0,0.4936505763370758,False,neutral,neutral,False,,
2005-04-04,2005-04-01,1318,1308,1,0,2,1.0,0.47131562027859136,False,neutral,neutral,False,,
2005-04-05,2005-04-04,1319,1309,1,2,1,1.0,0.481362035440115,False,neutral,neutral,False,,
2005-04-06,2005-04-05,1320,1310,1,2,0,1.0,0.46804599497757965,False,neutral,neutral,False,,
2005-04-07,2005-04-06,1321,1311,0,1,2,1.0,0.4880466241073885,False,neutral,neutral,False,,
2005-04-08,2005-04-07,1322,1312,2,1,0,0.9999387602500686,0.4517283072200598,False,neutral,neutral,False,,
2005-04-11,2005-04-08,1323,1313,2,1,2,0.9999811675138073,0.3315588492096389,False,neutral,neutral,False,,
2005-04-12,2005-04-11,1324,1314,2,1,0,0.9999986002921936,0.476674323390188,False,neutral,neutral,False,,
2005-04-13,2005-04-12,1325,1315,1,2,1,1.0,0.46669520892068134,False,neutral,neutral,False,,
2005-04-14,2005-04-13,1326,1316,1,0,2,1.0,0.3325215027754994,False,neutral,neutral,False,,
2005-04-15,2005-04-14,1327,1317,0,1,2,0.9844537333157698,0.2708211793347768,False,neutral,neutral,False,,
2005-04-18,2005-04-15,1328,1318,1,1,2,0.9578037037574085,0.3842797098233493,False,neutral,neutral,False,,
2005-04-19,2005-04-18,1329,1319,0,0,2,1.0,0.30525257633434966,False,neutral,neutral,False,,
2005-04-20,2005-04-19,1330,1320,1,1,2,1.0,0.3317312683879224,False,neutral,neutral,False,,
2005-04-21,2005-04-20,1331,1321,0,0,1,1.0,0.38958813224844197,False,neutral,neutral,False,,
2005-04-22,2005-04-21,1332,1322,0,0,1,1.0,0.4092138913071232,False,neutral,neutral,False,,
2005-04-25,2005-04-22,1333,1323,2,1,2,0.9435802025156825,0.33168210978871476,False,neutral,neutral,False,,
2005-04-26,2005-04-25,1334,1324,2,0,2,0.9865588761859586,0.33977145182023466,False,neutral,neutral,False,,
2005-04-27,2005-04-26,1335,1325,1,1,0,0.510041107021108,0.4421231867737656,False,neutral,neutral,False,,
2005-04-28,2005-04-27,1336,1326,2,0,1,1.0,0.4839400428592841,False,neutral,neutral,False,,
2005-04-29,2005-04-28,1337,1327,0,2,1,1.0,0.31645320924537435,False,neutral,neutral,False,,
2005-05-02,2005-04-29,1338,1328,2,1,0,0.9995472310168331,0.26785642566344237,False,neutral,neutral,False,,
2005-05-03,2005-05-02,1339,1329,0,1,2,0.9991300809811355,0.4503976347686804,False,neutral,neutral,False,,
2005-05-04,2005-05-03,1340,1330,0,1,0,0.9921081352659559,0.4775927816635567,False,neutral,neutral,False,,
2005-05-05,2005-05-04,1341,1331,2,0,1,1.0,0.4324176574928377,False,neutral,neutral,False,,
2005-05-06,2005-05-05,1342,1332,0,1,0,0.959635312623156,0.47518359468990046,False,neutral,neutral,False,,
2005-05-09,2005-05-06,1343,1333,0,2,1,1.0,0.4828896775960102,False,neutral,neutral,False,,
2005-05-10,2005-05-09,1344,1334,1,2,0,0.9620211688799434,0.458080630110136,False,neutral,neutral,False,,
2005-05-11,2005-05-10,1345,1335,0,1,2,0.886469317118539,0.3328539037931391,False,neutral,neutral,False,,
2005-05-12,2005-05-11,1346,1336,1,0,2,1.0,0.46806760918263185,False,neutral,neutral,False,,
2005-05-13,2005-05-12,1347,1337,0,2,1,1.0,0.35189664613363636,False,neutral,neutral,False,,
2005-05-16,2005-05-13,1348,1338,0,2,0,0.9999974059985804,0.4660770824619709,False,neutral,neutral,False,,
2005-05-17,2005-05-16,1349,1339,0,2,1,1.0,0.39966035549430035,False,neutral,neutral,False,,
2005-05-18,2005-05-17,1350,1340,2,0,1,1.0,0.4505869222984164,False,neutral,neutral,False,,
2005-05-19,2005-05-18,1351,1341,0,1,2,1.0,0.37795576529755803,False,neutral,neutral,False,,
2005-05-20,2005-05-19,1352,1342,0,1,2,0.9847856908236623,0.48236356234748834,False,neutral,neutral,False,,
2005-05-23,2005-05-20,1353,1343,0,2,0,0.4371751932224555,0.4696436145525221,False,neutral,neutral,False,,
2005-05-24,2005-05-23,1354,1344,0,1,2,0.3911054006468147,0.4679957691804968,False,neutral,neutral,False,,
2005-05-25,2005-05-24,1355,1345,2,1,2,0.9808256347181334,0.328859517261185,False,neutral,neutral,False,,
2005-05-26,2005-05-25,1356,1346,2,1,2,0.9728588236793598,0.3250424110991253,False,neutral,neutral,False,,
2005-05-27,2005-05-26,1357,1347,0,2,1,0.4866067797404899,0.47064603379980635,False,neutral,neutral,False,,
2005-05-31,2005-05-27,1358,1348,2,1,0,1.0,0.4984566421471364,False,neutral,neutral,False,,
2005-06-01,2005-05-31,1359,1349,0,1,2,0.9999782953318851,0.4106904705177318,False,neutral,neutral,False,,
2005-06-02,2005-06-01,1360,1350,0,1,2,0.9999999999999885,0.4043562724417121,False,neutral,neutral,False,,
2005-06-03,2005-06-02,1361,1351,2,1,0,0.9999999999990186,0.47732346248116125,False,neutral,neutral,False,,
2005-06-06,2005-06-03,1362,1352,0,2,1,0.999999999999989,0.4316880624844536,False,neutral,neutral,False,,
2005-06-07,2005-06-06,1363,1353,0,1,2,1.0,0.49758012396936846,False,neutral,neutral,False,,
2005-06-08,2005-06-07,1364,1354,0,1,2,1.0,0.5009357946675711,True,bull,neutral,True,NEUTRAL_TO_BULL,
2005-06-09,2005-06-08,1365,1355,0,2,1,1.0,0.46664458837572614,False,neutral,bull,True,BULL_TO_NEUTRAL,
2005-06-10,2005-06-09,1366,1356,2,0,1,1.0,0.4780631802284407,False,neutral,neutral,False,,
2005-06-13,2005-06-10,1367,1357,0,1,2,1.0,0.49064716188252133,False,neutral,neutral,False,,
2005-06-14,2005-06-13,1368,1358,0,1,2,1.0,0.4924306090378213,False,neutral,neutral,False,,
2005-06-15,2005-06-14,1369,1359,0,1,2,1.0,0.49698846182780115,False,neutral,neutral,False,,
2005-06-16,2005-06-15,1370,1360,1,0,2,1.0,0.499406941392287,False,neutral,neutral,False,,
2005-06-17,2005-06-16,1371,1361,2,2,0,0.48203573702843056,0.3837319620713739,False,neutral,neutral,False,,
2005-06-20,2005-06-17,1372,1362,0,2,0,0.5142835399915334,0.39245895920649926,False,neutral,neutral,False,,
2005-06-21,2005-06-20,1373,1363,1,2,0,1.0,0.48262301931109025,False,neutral,neutral,False,,
2005-06-22,2005-06-21,1374,1364,0,2,1,1.0,0.48313443224698427,False,neutral,neutral,False,,
2005-06-23,2005-06-22,1375,1365,0,1,2,1.0,0.5024710434462535,True,bull,neutral,True,NEUTRAL_TO_BULL,
2005-06-24,2005-06-23,1376,1366,0,1,2,0.9999999999998593,0.24415798543507047,False,neutral,bull,True,BULL_TO_NEUTRAL,
2005-06-27,2005-06-24,1377,1367,0,2,1,1.0,0.4283279545183465,False,neutral,neutral,False,,
2005-06-28,2005-06-27,1378,1368,0,2,0,0.49168811051121436,0.3992411470277794,False,neutral,neutral,False,,
2005-06-29,2005-06-28,1379,1369,0,1,2,1.0,0.4212742682494193,False,neutral,neutral,False,,
2005-06-30,2005-06-29,1380,1370,0,1,2,1.0,0.4902678293513367,False,neutral,neutral,False,,
2005-07-01,2005-06-30,1381,1371,0,2,1,1.0,0.4607336952355759,False,neutral,neutral,False,,
2005-07-05,2005-07-01,1382,1372,0,2,1,1.0,0.4949690959891457,False,neutral,neutral,False,,
2005-07-06,2005-07-05,1383,1373,1,0,2,1.0,0.42754334704038466,False,neutral,neutral,False,,
2005-07-07,2005-07-06,1384,1374,0,2,1,1.0,0.4074240419501815,False,neutral,neutral,False,,
2005-07-08,2005-07-07,1385,1375,2,2,0,0.48654976113774245,0.33803308666789417,False,neutral,neutral,False,,
2005-07-11,2005-07-08,1386,1376,0,0,1,0.4715043159407168,0.2822061810778425,False,neutral,neutral,False,,
2005-07-12,2005-07-11,1387,1377,0,1,2,1.0,0.4763248652340643,False,neutral,neutral,False,,
2005-07-13,2005-07-12,1388,1378,0,0,1,0.5219038809935137,0.23931019163951184,False,neutral,neutral,False,,
2005-07-14,2005-07-13,1389,1379,2,1,2,0.37588901824911614,0.48400118744878995,False,neutral,neutral,False,,
2005-07-15,2005-07-14,1390,1380,0,1,2,0.04652139432969716,0.47012557299281077,False,neutral,neutral,False,,
2005-07-18,2005-07-15,1391,1381,0,1,2,0.6074645940566814,0.5016389471885362,True,bull,neutral,True,NEUTRAL_TO_BULL,
2005-07-19,2005-07-18,1392,1382,1,2,0,0.6917573524844363,0.3370306334837721,False,neutral,bull,True,BULL_TO_NEUTRAL,
2005-07-20,2005-07-19,1393,1383,0,1,2,0.8418273850349265,0.47179954006587965,False,neutral,neutral,False,,
2005-07-21,2005-07-20,1394,1384,1,0,2,1.0,0.49488766745646345,False,neutral,neutral,False,,
2005-07-22,2005-07-21,1395,1385,1,0,1,0.5054295328342221,0.2523821751027107,False,neutral,neutral,False,,
2005-07-25,2005-07-22,1396,1386,0,1,0,1.0,0.4400618302446532,False,neutral,neutral,False,,
2005-07-26,2005-07-25,1397,1387,0,1,2,1.0,0.4887041356238545,False,neutral,neutral,False,,
2005-07-27,2005-07-26,1398,1388,1,1,0,0.5470822228977572,0.2830389152996436,False,neutral,neutral,False,,
2005-07-28,2005-07-27,1399,1389,2,1,2,1.0,0.4775224917070657,False,neutral,neutral,False,,
2005-07-29,2005-07-28,1400,1390,2,0,2,0.973983032572208,0.5553651809436576,True,bull,neutral,True,NEUTRAL_TO_BULL,
2005-08-01,2005-07-29,1401,1391,0,0,1,0.4984493200213653,0.5146241481523697,True,bear,bull,True,BULL_TO_BEAR,
2005-08-02,2005-08-01,1402,1392,0,1,2,1.0,0.5020116559217148,True,bull,bear,True,BEAR_TO_BULL,
2005-08-03,2005-08-02,1403,1393,0,1,0,1.0,0.4551756088538745,False,neutral,bull,True,BULL_TO_NEUTRAL,
2005-08-04,2005-08-03,1404,1394,1,0,2,1.0,0.49956136126352435,False,neutral,neutral,False,,
2005-08-05,2005-08-04,1405,1395,1,0,1,1.0,0.3623732218131944,False,neutral,neutral,False,,
2005-08-08,2005-08-05,1406,1396,0,1,2,1.0,0.4374453521265325,False,neutral,neutral,False,,
2005-08-09,2005-08-08,1407,1397,2,0,2,0.9721786549568429,0.49293029873005556,False,neutral,neutral,False,,
2005-08-10,2005-08-09,1408,1398,0,2,1,1.0,0.46422907853104695,False,neutral,neutral,False,,
2005-08-11,2005-08-10,1409,1399,1,0,2,1.0,0.5037744348885174,True,bull,neutral,True,NEUTRAL_TO_BULL,
2005-08-12,2005-08-11,1410,1400,1,1,0,1.0,0.49308848994938187,False,neutral,bull,True,BULL_TO_NEUTRAL,
2005-08-15,2005-08-12,1411,1401,0,0,2,1.0,0.45009086022751954,False,neutral,neutral,False,,
2005-08-16,2005-08-15,1412,1402,1,1,0,1.0,0.4653190937960898,False,neutral,neutral,False,,
2005-08-17,2005-08-16,1413,1403,2,0,2,0.9999999999601913,0.23318217446128045,False,neutral,neutral,False,,
2005-08-18,2005-08-17,1414,1404,0,2,1,1.0,0.5076313634988467,True,bull,neutral,True,NEUTRAL_TO_BULL,
2005-08-19,2005-08-18,1415,1405,0,1,2,1.0,0.5078874751031629,True,bull,bull,False,,
2005-08-22,2005-08-19,1416,1406,0,2,1,1.0,0.5046499180266327,True,bull,bull,False,,
2005-08-23,2005-08-22,1417,1407,0,2,1,1.0,0.501681105062355,True,bull,bull,False,,
2005-08-24,2005-08-23,1418,1408,0,2,1,1.0,0.5006090354664658,True,bull,bull,False,,
2005-08-25,2005-08-24,1419,1409,0,2,1,1.0,0.3942226638662396,False,neutral,bull,True,BULL_TO_NEUTRAL,
2005-08-26,2005-08-25,1420,1410,0,2,1,1.0,0.5023294302484244,True,bull,neutral,True,NEUTRAL_TO_BULL,
2005-08-29,2005-08-26,1421,1411,0,2,1,1.0,0.4186217791972064,False,neutral,bull,True,BULL_TO_NEUTRAL,
2005-08-30,2005-08-29,1422,1412,0,2,1,1.0,0.4362038221992936,False,neutral,neutral,False,,
2005-08-31,2005-08-30,1423,1413,1,0,2,1.0,0.4632837958761783,False,neutral,neutral,False,,
2005-09-01,2005-08-31,1424,1414,1,0,2,1.0,0.2992910085976745,False,neutral,neutral,False,,
2005-09-02,2005-09-01,1425,1415,1,0,2,1.0,0.49611824151357425,False,neutral,neutral,False,,
2005-09-06,2005-09-02,1426,1416,0,2,0,1.0,0.4740160139067711,False,neutral,neutral,False,,
2005-09-07,2005-09-06,1427,1417,0,1,2,1.0,0.3493948235054095,False,neutral,neutral,False,,
2005-09-08,2005-09-07,1428,1418,0,1,2,0.9906514061926303,0.5059792322203309,True,bull,neutral,True,NEUTRAL_TO_BULL,
2005-09-09,2005-09-08,1429,1419,0,1,2,0.9750818205167234,0.471103311480655,False,neutral,bull,True,BULL_TO_NEUTRAL,
2005-09-12,2005-09-09,1430,1420,0,2,1,0.7390997202630514,0.4305070468393851,False,neutral,neutral,False,,
2005-09-13,2005-09-12,1431,1421,0,1,2,0.8873910578644625,0.49890343564024514,False,neutral,neutral,False,,
2005-09-14,2005-09-13,1432,1422,1,0,1,0.6587344469034588,0.4196017676891812,False,neutral,neutral,False,,
2005-09-15,2005-09-14,1433,1423,0,2,0,0.9996304459837262,0.4541894050589711,False,neutral,neutral,False,,
2005-09-16,2005-09-15,1434,1424,0,2,1,1.0,0.5071304389484887,True,bull,neutral,True,NEUTRAL_TO_BULL,
2005-09-19,2005-09-16,1435,1425,0,2,0,0.9999999958232896,0.49586950086345283,False,neutral,bull,True,BULL_TO_NEUTRAL,
2005-09-20,2005-09-19,1436,1426,0,2,1,1.0,0.486952012511513,False,neutral,neutral,False,,
2005-09-21,2005-09-20,1437,1427,0,2,1,1.0,0.4026712376513794,False,neutral,neutral,False,,
2005-09-22,2005-09-21,1438,1428,0,2,1,0.9975906326506526,0.3934234682567641,False,neutral,neutral,False,,
2005-09-23,2005-09-22,1439,1429,2,0,2,0.2783462671612069,0.4889726223481159,False,neutral,neutral,False,,
2005-09-26,2005-09-23,1440,1430,2,0,1,0.9133576159448284,0.5084304703051411,True,bull,neutral,True,NEUTRAL_TO_BULL,
2005-09-27,2005-09-26,1441,1431,2,0,1,1.0,0.5075699938820278,True,bull,bull,False,,
2005-09-28,2005-09-27,1442,1432,0,2,1,1.0,0.5079787645820912,True,bull,bull,False,,
2005-09-29,2005-09-28,1443,1433,0,0,1,0.9953863686737644,0.5018292645570213,True,bear,bull,True,BULL_TO_BEAR,
2005-09-30,2005-09-29,1444,1434,0,1,0,0.9992642225007556,0.413384139765516,False,neutral,bear,True,BEAR_TO_NEUTRAL,
2005-10-03,2005-09-30,1445,1435,0,1,0,0.9999458132673898,0.4854852826784063,False,neutral,neutral,False,,
2005-10-04,2005-10-03,1446,1436,0,2,0,0.9999999911635689,0.44747170569004563,False,neutral,neutral,False,,
2005-10-05,2005-10-04,1447,1437,2,1,2,0.9999977015333295,0.29107884096542375,False,neutral,neutral,False,,
2005-10-06,2005-10-05,1448,1438,1,2,0,0.9740029043716838,0.2513067064971091,False,neutral,neutral,False,,
2005-10-07,2005-10-06,1449,1439,1,2,0,0.4220450865731747,0.4637045807870946,False,neutral,neutral,False,,
2005-10-10,2005-10-07,1450,1440,2,2,0,0.9910580554213088,0.31525070598448574,False,neutral,neutral,False,,
2005-10-11,2005-10-10,1451,1441,1,0,2,0.03313526096557058,0.4036225690700386,False,neutral,neutral,False,,
2005-10-12,2005-10-11,1452,1442,2,2,0,0.7717062499393946,0.32633644544835555,False,neutral,neutral,False,,
2005-10-13,2005-10-12,1453,1443,0,0,1,0.4458190798722802,0.37463917759441956,False,neutral,neutral,False,,
2005-10-14,2005-10-13,1454,1444,2,1,2,0.5618885901937929,0.31915845906518064,False,neutral,neutral,False,,
2005-10-17,2005-10-14,1455,1445,0,2,1,0.933246041322311,0.3751905822886831,False,neutral,neutral,False,,
2005-10-18,2005-10-17,1456,1446,1,2,0,0.29909230632828365,0.3224220636823251,False,neutral,neutral,False,,
2005-10-19,2005-10-18,1457,1447,1,0,1,0.9875966936579381,0.28618722543011194,False,neutral,neutral,False,,
2005-10-20,2005-10-19,1458,1448,0,2,0,0.9980504086869719,0.13887469749660356,False,neutral,neutral,False,,
2005-10-21,2005-10-20,1459,1449,0,1,0,0.9972340705216738,0.11781911596261177,False,neutral,neutral,False,,
2005-10-24,2005-10-21,1460,1450,0,1,0,0.49956298582805014,0.414668680800988,False,neutral,neutral,False,,
2005-10-25,2005-10-24,1461,1451,2,0,2,0.9722553106696781,0.2940013910945054,False,neutral,neutral,False,,
2005-10-26,2005-10-25,1462,1452,1,2,1,0.9059369908124135,0.4728858198478342,False,neutral,neutral,False,,
2005-10-27,2005-10-26,1463,1453,0,1,0,0.9605512147567234,0.46377374300764745,False,neutral,neutral,False,,
2005-10-28,2005-10-27,1464,1454,2,1,2,0.9954622463209781,0.31237315433606216,False,neutral,neutral,False,,
2005-10-31,2005-10-28,1465,1455,0,1,0,0.9823739529891404,0.221439234047191,False,neutral,neutral,False,,
2005-11-01,2005-10-31,1466,1456,1,0,1,0.9147509028743516,0.4859148096794614,False,neutral,neutral,False,,
2005-11-02,2005-11-01,1467,1457,2,0,2,0.8629148544536754,0.5498412196668157,True,bull,neutral,True,NEUTRAL_TO_BULL,
2005-11-03,2005-11-02,1468,1458,0,2,0,0.22313000101437017,0.3495146209790727,False,neutral,bull,True,BULL_TO_NEUTRAL,
2005-11-04,2005-11-03,1469,1459,2,0,1,0.9938087387399208,0.3270298559776283,False,neutral,neutral,False,,
2005-11-07,2005-11-04,1470,1460,1,1,0,0.9918778906440487,0.3230614763672775,False,neutral,neutral,False,,
2005-11-08,2005-11-07,1471,1461,1,1,0,0.9826575818461286,0.31911612360691477,False,neutral,neutral,False,,
2005-11-09,2005-11-08,1472,1462,0,2,0,0.9858829459868558,0.31913936494105266,False,neutral,neutral,False,,
2005-11-10,2005-11-09,1473,1463,0,2,1,0.3158697442040177,0.5040653739812457,True,bull,neutral,True,NEUTRAL_TO_BULL,
2005-11-11,2005-11-10,1474,1464,0,2,1,0.9319612407558092,0.435449543045711,False,neutral,bull,True,BULL_TO_NEUTRAL,
2005-11-14,2005-11-11,1475,1465,0,1,2,0.9699547689832613,0.4913862188349225,False,neutral,neutral,False,,
2005-11-15,2005-11-14,1476,1466,0,2,0,0.9300894103152344,0.48449189472700227,False,neutral,neutral,False,,
2005-11-16,2005-11-15,1477,1467,0,1,2,1.0,0.4900210699400932,False,neutral,neutral,False,,
2005-11-17,2005-11-16,1478,1468,2,0,2,0.9571331251870965,0.557218568949312,True,bull,neutral,True,NEUTRAL_TO_BULL,
2005-11-18,2005-11-17,1479,1469,0,2,1,1.0,0.3877348659625137,False,neutral,bull,True,BULL_TO_NEUTRAL,
2005-11-21,2005-11-18,1480,1470,1,0,1,0.8929413641441819,0.4812044497566673,False,neutral,neutral,False,,
2005-11-22,2005-11-21,1481,1471,1,0,1,0.5428349999006455,0.47074889406903314,False,neutral,neutral,False,,
2005-11-23,2005-11-22,1482,1472,0,1,0,0.19647530269874403,0.47595429392672023,False,neutral,neutral,False,,
2005-11-25,2005-11-23,1483,1473,2,2,0,0.9923535642622515,0.3307208599328286,False,neutral,neutral,False,,
2005-11-28,2005-11-25,1484,1474,2,2,0,0.7551427165276189,0.2447584229810065,False,neutral,neutral,False,,
2005-11-29,2005-11-28,1485,1475,2,2,0,0.79286545557477,0.613369173406799,True,bear,neutral,True,NEUTRAL_TO_BEAR,
2005-11-30,2005-11-29,1486,1476,0,2,1,0.5690477595615016,0.506041411883808,True,bull,bear,True,BEAR_TO_BULL,
2005-12-01,2005-11-30,1487,1477,2,0,1,0.9702805107876841,0.4611374627343629,False,neutral,bull,True,BULL_TO_NEUTRAL,
2005-12-02,2005-12-01,1488,1478,0,2,1,1.0,0.37439933484526217,False,neutral,neutral,False,,
2005-12-05,2005-12-02,1489,1479,0,2,1,1.0,0.5098389077488081,True,bull,neutral,True,NEUTRAL_TO_BULL,
2005-12-06,2005-12-05,1490,1480,0,1,2,1.0,0.4996353928168058,False,neutral,bull,True,BULL_TO_NEUTRAL,
2005-12-07,2005-12-06,1491,1481,0,2,0,0.645260296551,0.6535979537214935,True,bull,neutral,True,NEUTRAL_TO_BULL,
2005-12-08,2005-12-07,1492,1482,0,2,1,1.0,0.4519980220734278,False,neutral,bull,True,BULL_TO_NEUTRAL,
2005-12-09,2005-12-08,1493,1483,1,0,1,1.0,0.48365496854231194,False,neutral,neutral,False,,
2005-12-12,2005-12-09,1494,1484,0,1,2,1.0,0.5058276934114849,True,bull,neutral,True,NEUTRAL_TO_BULL,
2005-12-13,2005-12-12,1495,1485,0,1,2,1.0,0.5109849514652812,True,bull,bull,False,,
2005-12-14,2005-12-13,1496,1486,0,2,1,1.0,0.45631809881535057,False,neutral,bull,True,BULL_TO_NEUTRAL,
2005-12-15,2005-12-14,1497,1487,1,0,2,1.0,0.4966208491819648,False,neutral,neutral,False,,
2005-12-16,2005-12-15,1498,1488,2,0,1,1.0,0.49303911451739973,False,neutral,neutral,False,,
2005-12-19,2005-12-16,1499,1489,0,2,1,1.0,0.3990979356605025,False,neutral,neutral,False,,
2005-12-20,2005-12-19,1500,1490,0,2,1,1.0,0.46426900515862607,False,neutral,neutral,False,,
2005-12-21,2005-12-20,1501,1491,0,2,1,1.0,0.5114465258992558,True,bull,neutral,True,NEUTRAL_TO_BULL,
2005-12-22,2005-12-21,1502,1492,2,2,0,0.380385273783273,0.21869421014118848,False,neutral,bull,True,BULL_TO_NEUTRAL,
2005-12-23,2005-12-22,1503,1493,0,2,1,1.0,0.48151675300735325,False,neutral,neutral,False,,
2005-12-27,2005-12-23,1504,1494,0,1,0,0.9985216735049882,0.4902949799936679,False,neutral,neutral,False,,
2005-12-28,2005-12-27,1505,1495,2,2,0,0.39590781636921835,0.6274502946393773,True,bear,neutral,True,NEUTRAL_TO_BEAR,
2005-12-29,2005-12-28,1506,1496,2,0,1,1.0,0.5090865477526214,True,bull,bear,True,BEAR_TO_BULL,
2005-12-30,2005-12-29,1507,1497,0,1,0,0.9994724810506936,0.44012940238244436,False,neutral,bull,True,BULL_TO_NEUTRAL,
2006-01-03,2005-12-30,1508,1498,0,1,0,0.9999993754586182,0.43763968439072737,False,neutral,neutral,False,,
2006-01-04,2006-01-03,1509,1499,0,1,0,0.9999972273433347,0.12274762249735299,False,neutral,neutral,False,,
2006-01-05,2006-01-04,1510,1500,2,0,2,0.9982135982227933,0.472295151685724,False,neutral,neutral,False,,
2006-01-06,2006-01-05,1511,1501,2,0,2,0.9042925284665976,0.497190426755261,False,neutral,neutral,False,,
2006-01-09,2006-01-06,1512,1502,0,1,2,0.5888023196215943,0.40355831773450085,False,neutral,neutral,False,,
2006-01-10,2006-01-09,1513,1503,0,2,1,0.4421780406476857,0.5074905715718208,True,bull,neutral,True,NEUTRAL_TO_BULL,
2006-01-11,2006-01-10,1514,1504,1,0,2,0.06733365544465354,0.5120050697688422,False,neutral,bull,True,BULL_TO_NEUTRAL,
2006-01-12,2006-01-11,1515,1505,2,2,0,0.8844695444324786,0.3208474361845464,False,neutral,neutral,False,,
2006-01-13,2006-01-12,1516,1506,0,0,2,0.364455033851127,0.4855724320643777,False,neutral,neutral,False,,
2006-01-17,2006-01-13,1517,1507,0,0,1,0.9788153518738549,0.3244627631409916,False,neutral,neutral,False,,
2006-01-18,2006-01-17,1518,1508,0,2,0,0.9994181398902152,0.45555736962893395,False,neutral,neutral,False,,
2006-01-19,2006-01-18,1519,1509,0,2,0,0.9999999452932814,0.44680020130387393,False,neutral,neutral,False,,
2006-01-20,2006-01-19,1520,1510,1,0,1,1.0,0.481617108316509,False,neutral,neutral,False,,
2006-01-23,2006-01-20,1521,1511,1,0,1,0.980225385929392,0.11388193851611329,False,neutral,neutral,False,,
2006-01-24,2006-01-23,1522,1512,0,2,0,0.4862841542125765,0.6463511763812606,True,bull,neutral,True,NEUTRAL_TO_BULL,
2006-01-25,2006-01-24,1523,1513,1,0,1,0.36507172019489553,0.4890006181317583,False,neutral,bull,True,BULL_TO_NEUTRAL,
2006-01-26,2006-01-25,1524,1514,0,2,0,0.34723558613737565,0.4875205894013691,False,neutral,neutral,False,,
2006-01-27,2006-01-26,1525,1515,0,2,0,0.7624473118881986,0.4634994267516526,False,neutral,neutral,False,,
2006-01-30,2006-01-27,1526,1516,0,2,0,0.8637390838209417,0.39868404818309494,False,neutral,neutral,False,,
2006-01-31,2006-01-30,1527,1517,1,0,1,0.9373517543378811,0.479432028975235,False,neutral,neutral,False,,
2006-02-01,2006-01-31,1528,1518,0,2,0,0.956902221725607,0.36774895673266433,False,neutral,neutral,False,,
2006-02-02,2006-02-01,1529,1519,1,0,1,0.9137209839339678,0.4395933518642535,False,neutral,neutral,False,,
2006-02-03,2006-02-02,1530,1520,0,2,0,0.9570665745728263,0.2636505527274015,False,neutral,neutral,False,,
2006-02-06,2006-02-03,1531,1521,0,0,1,0.4043199634812565,0.5491503932056538,True,bear,neutral,True,NEUTRAL_TO_BEAR,
2006-02-07,2006-02-06,1532,1522,0,2,0,0.9947146459388515,0.49071996318444827,False,neutral,bear,True,BEAR_TO_NEUTRAL,
2006-02-08,2006-02-07,1533,1523,2,0,2,0.7246890515200248,0.3352976693879951,False,neutral,neutral,False,,
2006-02-09,2006-02-08,1534,1524,1,0,1,0.787054924224278,0.3912407702333574,False,neutral,neutral,False,,
2006-02-10,2006-02-09,1535,1525,0,2,0,0.721996228917455,0.46862734693607944,False,neutral,neutral,False,,
2006-02-13,2006-02-10,1536,1526,1,0,1,0.9453737118715873,0.4907098019689621,False,neutral,neutral,False,,
2006-02-14,2006-02-13,1537,1527,1,2,1,1.0,0.4740797405957087,False,neutral,neutral,False,,
2006-02-15,2006-02-14,1538,1528,1,0,1,1.0,0.3571705917834934,False,neutral,neutral,False,,
2006-02-16,2006-02-15,1539,1529,0,1,0,1.0,0.48418270595950247,False,neutral,neutral,False,,
2006-02-17,2006-02-16,1540,1530,1,0,1,0.5046700823061636,0.5555350561985821,True,bull,neutral,True,NEUTRAL_TO_BULL,
2006-02-21,2006-02-17,1541,1531,0,1,0,0.29908924670114473,0.4562345855323018,False,neutral,bull,True,BULL_TO_NEUTRAL,
2006-02-22,2006-02-21,1542,1532,1,0,1,0.16925371464994018,0.45921812740769247,False,neutral,neutral,False,,
2006-02-23,2006-02-22,1543,1533,2,0,2,0.4049510025313,0.4562004458839554,False,neutral,neutral,False,,
2006-02-24,2006-02-23,1544,1534,0,2,0,0.4538580312894812,0.47179664705208174,False,neutral,neutral,False,,
2006-02-27,2006-02-24,1545,1535,2,1,2,0.7051908421912851,0.49064419216487926,False,neutral,neutral,False,,
2006-02-28,2006-02-27,1546,1536,0,2,0,0.9307488213046576,0.4873484272898372,False,neutral,neutral,False,,
2006-03-01,2006-02-28,1547,1537,0,2,0,1.0,0.32188945307318056,False,neutral,neutral,False,,
2006-03-02,2006-03-01,1548,1538,0,2,0,1.0,0.3963627818441953,False,neutral,neutral,False,,
2006-03-03,2006-03-02,1549,1539,0,2,0,1.0,0.48817512605744684,False,neutral,neutral,False,,
2006-03-06,2006-03-03,1550,1540,0,2,0,1.0,0.43125707859486934,False,neutral,neutral,False,,
2006-03-07,2006-03-06,1551,1541,0,1,0,1.0,0.43671295852325764,False,neutral,neutral,False,,
2006-03-08,2006-03-07,1552,1542,2,0,2,1.0,0.470582205879733,False,neutral,neutral,False,,
2006-03-09,2006-03-08,1553,1543,1,0,1,0.9999999999955537,0.49296371339411144,False,neutral,neutral,False,,
2006-03-10,2006-03-09,1554,1544,0,2,0,1.0,0.3934608292630849,False,neutral,neutral,False,,
2006-03-13,2006-03-10,1555,1545,0,2,0,1.0,0.3794719138822667,False,neutral,neutral,False,,
2006-03-14,2006-03-13,1556,1546,0,2,0,1.0,0.49245552786250557,False,neutral,neutral,False,,
2006-03-15,2006-03-14,1557,1547,2,0,2,1.0,0.3511218465744612,False,neutral,neutral,False,,
2006-03-16,2006-03-15,1558,1548,0,2,0,0.781845759234369,0.47786278362464313,False,neutral,neutral,False,,
2006-03-17,2006-03-16,1559,1549,0,2,0,0.1778532507796508,0.4925000724460153,False,neutral,neutral,False,,
2006-03-20,2006-03-17,1560,1550,2,2,0,0.993838846744411,0.3344192128111734,False,neutral,neutral,False,,
2006-03-21,2006-03-20,1561,1551,2,2,0,0.9938295509743136,0.32616723887532556,False,neutral,neutral,False,,
2006-03-22,2006-03-21,1562,1552,1,1,0,0.8211664743044675,0.35850467489529636,False,neutral,neutral,False,,
2006-03-23,2006-03-22,1563,1553,2,2,0,0.5980390963636297,0.33028409957464094,False,neutral,neutral,False,,
2006-03-24,2006-03-23,1564,1554,2,0,2,1.0,0.46342605695390104,False,neutral,neutral,False,,
2006-03-27,2006-03-24,1565,1555,0,2,0,1.0,0.48871098010984104,False,neutral,neutral,False,,
2006-03-28,2006-03-27,1566,1556,0,2,0,1.0,0.4783444267885237,False,neutral,neutral,False,,
2006-03-29,2006-03-28,1567,1557,2,0,2,1.0,0.39253438812911046,False,neutral,neutral,False,,
2006-03-30,2006-03-29,1568,1558,0,2,0,0.9999997506714041,0.45523377497387985,False,neutral,neutral,False,,
2006-03-31,2006-03-30,1569,1559,0,1,0,0.9999999998140969,0.477018474614956,False,neutral,neutral,False,,
2006-04-03,2006-03-31,1570,1560,0,2,0,0.9999999999994171,0.49243236787045397,False,neutral,neutral,False,,
2006-04-04,2006-04-03,1571,1561,0,2,0,0.9999999999999934,0.4864277588553299,False,neutral,neutral,False,,
2006-04-05,2006-04-04,1572,1562,0,2,0,0.9999999999981046,0.4533079699180655,False,neutral,neutral,False,,
2006-04-06,2006-04-05,1573,1563,0,1,0,0.9999999498696323,0.4892734677554093,False,neutral,neutral,False,,
2006-04-07,2006-04-06,1574,1564,0,1,0,0.9999975772097066,0.4841892138226734,False,neutral,neutral,False,,
2006-04-10,2006-04-07,1575,1565,0,1,0,0.9999902220122744,0.29954227527927185,False,neutral,neutral,False,,
2006-04-11,2006-04-10,1576,1566,0,2,0,0.999989175536768,0.5001396627003464,True,bull,neutral,True,NEUTRAL_TO_BULL,
2006-04-12,2006-04-11,1577,1567,2,0,2,0.9993358915291318,0.34208971853035897,False,neutral,bull,True,BULL_TO_NEUTRAL,
2006-04-13,2006-04-12,1578,1568,2,0,2,0.9945580977443759,0.4999975704156177,False,neutral,neutral,False,,
2006-04-17,2006-04-13,1579,1569,2,0,2,0.97319496974592,0.4859194207186389,False,neutral,neutral,False,,
2006-04-18,2006-04-17,1580,1570,0,2,0,0.9277785532066158,0.49477338855525116,False,neutral,neutral,False,,
2006-04-19,2006-04-18,1581,1571,2,0,2,0.8524059455132487,0.14143787781835312,False,neutral,neutral,False,,
2006-04-20,2006-04-19,1582,1572,0,2,0,0.7737405840030861,0.4996594772944587,False,neutral,neutral,False,,
2006-04-21,2006-04-20,1583,1573,0,2,0,0.7383000616037656,0.5000127358900622,True,bull,neutral,True,NEUTRAL_TO_BULL,
2006-04-24,2006-04-21,1584,1574,0,2,0,0.6531898641341017,0.49612714418395587,False,neutral,bull,True,BULL_TO_NEUTRAL,
2006-04-25,2006-04-24,1585,1575,0,2,0,0.5388548193534526,0.4778799474463813,False,neutral,neutral,False,,
2006-04-26,2006-04-25,1586,1576,2,0,2,0.5261267093970672,0.44619758238378204,False,neutral,neutral,False,,
2006-04-27,2006-04-26,1587,1577,2,0,2,0.7869771257241815,0.4935626380669284,False,neutral,neutral,False,,
2006-04-28,2006-04-27,1588,1578,1,2,1,0.9116951374994885,0.4756428592893714,False,neutral,neutral,False,,
2006-05-01,2006-04-28,1589,1579,1,0,1,0.9935532207424914,0.4902887837977766,False,neutral,neutral,False,,
2006-05-02,2006-05-01,1590,1580,0,2,0,0.9999999999983795,0.35576949782868417,False,neutral,neutral,False,,
2006-05-03,2006-05-02,1591,1581,1,0,1,0.9999999999493592,0.4295853715505314,False,neutral,neutral,False,,
2006-05-04,2006-05-03,1592,1582,0,2,0,0.9999999999967824,0.45388629456252666,False,neutral,neutral,False,,
2006-05-05,2006-05-04,1593,1583,0,2,0,1.0,0.4858652907945249,False,neutral,neutral,False,,
2006-05-08,2006-05-05,1594,1584,2,0,2,0.9998094867848605,0.4005727073442318,False,neutral,neutral,False,,
2006-05-09,2006-05-08,1595,1585,1,2,1,0.9954138912985613,0.48780639459060626,False,neutral,neutral,False,,
2006-05-10,2006-05-09,1596,1586,0,2,0,0.9862967111879802,0.5011478997563569,True,bull,neutral,True,NEUTRAL_TO_BULL,
2006-05-11,2006-05-10,1597,1587,1,2,1,0.991242781255527,0.4930514510372097,False,neutral,bull,True,BULL_TO_NEUTRAL,
2006-05-12,2006-05-11,1598,1588,0,2,0,0.9999677572691202,0.23642547689881027,False,neutral,neutral,False,,
2006-05-15,2006-05-12,1599,1589,0,1,0,0.5664451371324832,0.20968007229468064,False,neutral,neutral,False,,
2006-05-16,2006-05-15,1600,1590,2,0,2,0.2059940676452833,0.4959905409256764,False,neutral,neutral,False,,
2006-05-17,2006-05-16,1601,1591,0,0,2,0.9884688371456947,0.32136856187725354,False,neutral,neutral,False,,
2006-05-18,2006-05-17,1602,1592,0,0,2,0.3282469836207576,0.38345045853294063,False,neutral,neutral,False,,
2006-05-19,2006-05-18,1603,1593,2,0,1,0.9981283418200386,0.23125880862295034,False,neutral,neutral,False,,
2006-05-22,2006-05-19,1604,1594,1,2,0,0.9628221399682376,0.22318402996308728,False,neutral,neutral,False,,
2006-05-23,2006-05-22,1605,1595,2,0,1,0.969424475105234,0.2654709488339072,False,neutral,neutral,False,,
2006-05-24,2006-05-23,1606,1596,1,2,0,0.9527400981540123,0.2651814867312021,False,neutral,neutral,False,,
2006-05-25,2006-05-24,1607,1597,1,2,0,0.8861442716934844,0.250304819212306,False,neutral,neutral,False,,
2006-05-26,2006-05-25,1608,1598,0,0,1,0.948478740420301,0.3899218258671122,False,neutral,neutral,False,,
2006-05-30,2006-05-26,1609,1599,2,2,0,0.9586125463545151,0.32418699784087,False,neutral,neutral,False,,
2006-05-31,2006-05-30,1610,1600,0,0,1,0.8462087899435581,0.38015594072100045,False,neutral,neutral,False,,
2006-06-01,2006-05-31,1611,1601,0,0,2,0.11389149055436153,0.3758384256136136,False,neutral,neutral,False,,
2006-06-02,2006-06-01,1612,1602,0,2,0,0.4395232366027908,0.37146301888563255,False,neutral,neutral,False,,
2006-06-05,2006-06-02,1613,1603,0,0,1,0.9618168079459727,0.31102522540218136,False,neutral,neutral,False,,
2006-06-06,2006-06-05,1614,1604,2,2,0,0.9615890844692931,0.4000829598581909,False,neutral,neutral,False,,
2006-06-07,2006-06-06,1615,1605,2,2,1,0.8549397104950283,0.3274900566570528,False,neutral,neutral,False,,
2006-06-08,2006-06-07,1616,1606,0,0,1,0.6237964849732592,0.36745882656782236,False,neutral,neutral,False,,
2006-06-09,2006-06-08,1617,1607,2,2,0,0.684751578101201,0.318444689547475,False,neutral,neutral,False,,
2006-06-12,2006-06-09,1618,1608,0,0,2,0.9932598267884354,0.33411544946711585,False,neutral,neutral,False,,
2006-06-13,2006-06-12,1619,1609,0,0,1,0.9438570890601619,0.3972417126276812,False,neutral,neutral,False,,
2006-06-14,2006-06-13,1620,1610,2,0,1,0.9978708902059304,0.3542500524101313,False,neutral,neutral,False,,
2006-06-15,2006-06-14,1621,1611,1,1,0,0.1925586923966533,0.33805774119824683,False,neutral,neutral,False,,
2006-06-16,2006-06-15,1622,1612,1,1,0,0.5444820144312952,0.34514471218981974,False,neutral,neutral,False,,
2006-06-19,2006-06-16,1623,1613,1,2,0,0.2510298281237047,0.3983033408118752,False,neutral,neutral,False,,
2006-06-20,2006-06-19,1624,1614,2,2,0,0.9912717060857636,0.3699593987254584,False,neutral,neutral,False,,
2006-06-21,2006-06-20,1625,1615,0,2,0,0.4362593253253952,0.601730686935912,True,bull,neutral,True,NEUTRAL_TO_BULL,
2006-06-22,2006-06-21,1626,1616,0,0,2,0.4460356933947372,0.3344292792333589,False,neutral,bull,True,BULL_TO_NEUTRAL,
2006-06-23,2006-06-22,1627,1617,0,1,0,0.789978190971647,0.43761759156480334,False,neutral,neutral,False,,
2006-06-26,2006-06-23,1628,1618,1,0,1,0.8910413917470428,0.49551558364619896,False,neutral,neutral,False,,
2006-06-27,2006-06-26,1629,1619,0,2,0,0.7530854054976063,0.46692959996918515,False,neutral,neutral,False,,
2006-06-28,2006-06-27,1630,1620,0,2,0,0.9954953480338917,0.3351102398003402,False,neutral,neutral,False,,
2006-06-29,2006-06-28,1631,1621,0,2,0,0.5887158168149087,0.5610451315426337,True,bull,neutral,True,NEUTRAL_TO_BULL,
2006-06-30,2006-06-29,1632,1622,0,2,0,0.8238580996630311,0.04037296546976543,False,neutral,bull,True,BULL_TO_NEUTRAL,
2006-07-03,2006-06-30,1633,1623,1,2,1,0.06254279825133362,0.494722188364184,False,neutral,neutral,False,,
2006-07-05,2006-07-03,1634,1624,1,1,0,0.9749907915343414,0.3163494366148722,False,neutral,neutral,False,,
2006-07-06,2006-07-05,1635,1625,1,1,0,0.9244337796732772,0.35024142941022496,False,neutral,neutral,False,,
2006-07-07,2006-07-06,1636,1626,2,2,1,0.8706225514225621,0.3200398782387409,False,neutral,neutral,False,,
2006-07-10,2006-07-07,1637,1627,2,2,0,0.9755525212870163,0.3602127709157596,False,neutral,neutral,False,,
2006-07-11,2006-07-10,1638,1628,0,0,2,0.9939527537866074,0.31288235935666403,False,neutral,neutral,False,,
2006-07-12,2006-07-11,1639,1629,2,2,0,0.9292311781437583,0.3194199099943786,False,neutral,neutral,False,,
2006-07-13,2006-07-12,1640,1630,2,2,1,0.05006479363839861,0.39824997942592416,False,neutral,neutral,False,,
2006-07-14,2006-07-13,1641,1631,1,1,0,0.3979605556265804,0.39936676966338597,False,neutral,neutral,False,,
2006-07-17,2006-07-14,1642,1632,1,1,0,0.9710583825884589,0.33917867876382446,False,neutral,neutral,False,,
2006-07-18,2006-07-17,1643,1633,2,2,0,0.7979108134928649,0.3230267483485817,False,neutral,neutral,False,,
2006-07-19,2006-07-18,1644,1634,1,1,0,0.8180680651607003,0.321469089029942,False,neutral,neutral,False,,
2006-07-20,2006-07-19,1645,1635,1,1,0,0.8911682868259738,0.3947951787899845,False,neutral,neutral,False,,
2006-07-21,2006-07-20,1646,1636,0,0,2,0.9673727315138383,0.36555878869987724,False,neutral,neutral,False,,
2006-07-24,2006-07-21,1647,1637,2,2,0,0.5240122908549701,0.5348469563552566,True,bear,neutral,True,NEUTRAL_TO_BEAR,
2006-07-25,2006-07-24,1648,1638,1,1,0,0.9910277655890404,0.38445732842381725,False,neutral,bear,True,BEAR_TO_NEUTRAL,
2006-07-26,2006-07-25,1649,1639,1,1,0,0.8118971607308813,0.31661865212980433,False,neutral,neutral,False,,
2006-07-27,2006-07-26,1650,1640,2,2,0,0.9944915361473279,0.31909909786721213,False,neutral,neutral,False,,
2006-07-28,2006-07-27,1651,1641,2,2,0,0.9858993452452546,0.32070114892804463,False,neutral,neutral,False,,
2006-07-31,2006-07-28,1652,1642,1,1,0,0.9527430010566911,0.3649497782420628,False,neutral,neutral,False,,
2006-08-01,2006-07-31,1653,1643,2,2,0,0.9789059130437926,0.3211832550499334,False,neutral,neutral,False,,
2006-08-02,2006-08-01,1654,1644,0,0,2,0.9974192221990734,0.34843802703464094,False,neutral,neutral,False,,
2006-08-03,2006-08-02,1655,1645,0,2,1,0.5482328079086531,0.45753777000057216,False,neutral,neutral,False,,
2006-08-04,2006-08-03,1656,1646,0,1,2,0.6628965958402168,0.510025556594533,True,bull,neutral,True,NEUTRAL_TO_BULL,
2006-08-07,2006-08-04,1657,1647,0,2,1,1.0,0.5077037354994126,True,bull,bull,False,,
2006-08-08,2006-08-07,1658,1648,0,1,2,1.0,0.5063197039555487,True,bull,bull,False,,
2006-08-09,2006-08-08,1659,1649,0,2,1,1.0,0.4808820622677068,False,neutral,bull,True,BULL_TO_NEUTRAL,
2006-08-10,2006-08-09,1660,1650,0,1,0,0.9999895761932133,0.4547089329035977,False,neutral,neutral,False,,
2006-08-11,2006-08-10,1661,1651,2,0,2,0.999999954661194,0.49346668191018733,False,neutral,neutral,False,,
2006-08-14,2006-08-11,1662,1652,0,1,0,0.9999997614074716,0.4650326670026249,False,neutral,neutral,False,,
2006-08-15,2006-08-14,1663,1653,0,2,0,0.999997658387373,0.4985156801636634,False,neutral,neutral,False,,
2006-08-16,2006-08-15,1664,1654,0,2,0,0.9999287418466218,0.2878453302639628,False,neutral,neutral,False,,
2006-08-17,2006-08-16,1665,1655,1,0,1,0.9542327744601826,0.4138315967675848,False,neutral,neutral,False,,
2006-08-18,2006-08-17,1666,1656,0,2,0,0.5504643418370361,0.4965852716201991,False,neutral,neutral,False,,
2006-08-21,2006-08-18,1667,1657,0,0,1,0.40318299172397126,0.48648384191732846,False,neutral,neutral,False,,
2006-08-22,2006-08-21,1668,1658,1,0,2,0.2201070636305294,0.47932477343322927,False,neutral,neutral,False,,
2006-08-23,2006-08-22,1669,1659,0,0,2,0.889728056014322,0.32517792254345884,False,neutral,neutral,False,,
2006-08-24,2006-08-23,1670,1660,2,2,0,0.9850087688021671,0.32989014556156443,False,neutral,neutral,False,,
2006-08-25,2006-08-24,1671,1661,2,2,0,0.9463292295875444,0.31949899196583614,False,neutral,neutral,False,,
2006-08-28,2006-08-25,1672,1662,0,0,2,0.3340109323778287,0.32447213975144124,False,neutral,neutral,False,,
2006-08-29,2006-08-28,1673,1663,2,0,1,1.0,0.49236000294282883,False,neutral,neutral,False,,
2006-08-30,2006-08-29,1674,1664,0,2,0,0.9999999999971955,0.4982638615763432,False,neutral,neutral,False,,
2006-08-31,2006-08-30,1675,1665,0,1,2,1.0,0.5191331314108167,True,bull,neutral,True,NEUTRAL_TO_BULL,
2006-09-01,2006-08-31,1676,1666,0,1,0,1.0,0.47979154433560195,False,neutral,bull,True,BULL_TO_NEUTRAL,
2006-09-05,2006-09-01,1677,1667,0,1,2,1.0,0.47448667758672214,False,neutral,neutral,False,,
2006-09-06,2006-09-05,1678,1668,0,1,2,0.9999999999934824,0.5170544839222997,True,bull,neutral,True,NEUTRAL_TO_BULL,
2006-09-07,2006-09-06,1679,1669,2,0,2,1.0,0.333177406992436,False,neutral,bull,True,BULL_TO_NEUTRAL,
2006-09-08,2006-09-07,1680,1670,0,2,0,1.0,0.43201093500188364,False,neutral,neutral,False,,
2006-09-11,2006-09-08,1681,1671,0,1,2,1.0,0.5133945646856065,True,bull,neutral,True,NEUTRAL_TO_BULL,
2006-09-12,2006-09-11,1682,1672,0,2,1,1.0,0.5203409156381492,True,bull,bull,False,,
2006-09-13,2006-09-12,1683,1673,0,1,0,1.0,0.3488384772341311,False,neutral,bull,True,BULL_TO_NEUTRAL,
2006-09-14,2006-09-13,1684,1674,0,1,0,0.5407820063396496,0.5570053203050441,True,bull,neutral,True,NEUTRAL_TO_BULL,
2006-09-15,2006-09-14,1685,1675,0,1,0,1.0,0.4811473970541363,False,neutral,bull,True,BULL_TO_NEUTRAL,
2006-09-18,2006-09-15,1686,1676,0,2,1,1.0,0.5064730389557336,True,bull,neutral,True,NEUTRAL_TO_BULL,
2006-09-19,2006-09-18,1687,1677,0,2,0,0.9106914677581017,0.48300484308909525,False,neutral,bull,True,BULL_TO_NEUTRAL,
2006-09-20,2006-09-19,1688,1678,2,1,0,1.0,0.5028516751306498,True,bull,neutral,True,NEUTRAL_TO_BULL,
2006-09-21,2006-09-20,1689,1679,2,0,2,0.5278109867539682,0.553529127707283,True,bull,bull,False,,
2006-09-22,2006-09-21,1690,1680,0,2,0,0.9949530152773957,0.4317560896613525,False,neutral,bull,True,BULL_TO_NEUTRAL,
2006-09-25,2006-09-22,1691,1681,0,2,0,0.9999815978311565,0.4647310774363959,False,neutral,neutral,False,,
2006-09-26,2006-09-25,1692,1682,2,0,2,0.9999999999999819,0.4241814129244172,False,neutral,neutral,False,,
2006-09-27,2006-09-26,1693,1683,0,1,2,0.9999999999723461,0.42377372034994004,False,neutral,neutral,False,,
2006-09-28,2006-09-27,1694,1684,2,0,2,0.9967498061397033,0.4853670075157059,False,neutral,neutral,False,,
2006-09-29,2006-09-28,1695,1685,2,0,2,0.5277234022394054,0.47239166009047573,False,neutral,neutral,False,,
2006-10-02,2006-09-29,1696,1686,0,2,0,0.950756359392615,0.4911136259654981,False,neutral,neutral,False,,
2006-10-03,2006-10-02,1697,1687,2,0,2,0.9597851722913526,0.44731215086682774,False,neutral,neutral,False,,
2006-10-04,2006-10-03,1698,1688,2,1,2,0.9847235905655548,0.5018642875590253,True,bull,neutral,True,NEUTRAL_TO_BULL,
2006-10-05,2006-10-04,1699,1689,0,1,0,0.5741450067774664,0.3864033233816317,False,neutral,bull,True,BULL_TO_NEUTRAL,
2006-10-06,2006-10-05,1700,1690,0,2,0,0.47140559780382035,0.48431933558448526,False,neutral,neutral,False,,
2006-10-09,2006-10-06,1701,1691,2,0,2,0.9436804930654078,0.48749397274061285,False,neutral,neutral,False,,
2006-10-10,2006-10-09,1702,1692,1,0,1,0.9820066717661623,0.49802479595521343,False,neutral,neutral,False,,
2006-10-11,2006-10-10,1703,1693,2,0,2,0.9584939325820543,0.5027991518841542,True,bull,neutral,True,NEUTRAL_TO_BULL,
2006-10-12,2006-10-11,1704,1694,0,2,0,0.9508972478299835,0.48556136940856803,False,neutral,bull,True,BULL_TO_NEUTRAL,
2006-10-13,2006-10-12,1705,1695,0,2,0,0.6698939354591776,0.3811390858559159,False,neutral,neutral,False,,
2006-10-16,2006-10-13,1706,1696,0,2,0,0.5712798802848489,0.4996465610488128,False,neutral,neutral,False,,
2006-10-17,2006-10-16,1707,1697,0,2,0,0.7831176568736948,0.5019261115428335,True,bull,neutral,True,NEUTRAL_TO_BULL,
2006-10-18,2006-10-17,1708,1698,0,2,0,0.9942870886875379,0.46303238965405447,False,neutral,bull,True,BULL_TO_NEUTRAL,
2006-10-19,2006-10-18,1709,1699,0,2,0,0.9941503515996377,0.5034898443012628,True,bull,neutral,True,NEUTRAL_TO_BULL,
2006-10-20,2006-10-19,1710,1700,2,0,2,0.9929678595164907,0.4878375634044383,False,neutral,bull,True,BULL_TO_NEUTRAL,
2006-10-23,2006-10-20,1711,1701,0,2,0,0.9990624576064148,0.4863736854905603,False,neutral,neutral,False,,
2006-10-24,2006-10-23,1712,1702,0,2,0,0.999510843867972,0.4655629004781416,False,neutral,neutral,False,,
2006-10-25,2006-10-24,1713,1703,1,0,1,0.9971304839219486,0.5009891598733239,True,bull,neutral,True,NEUTRAL_TO_BULL,
2006-10-26,2006-10-25,1714,1704,0,1,0,0.8026434753806223,0.5924991220264241,True,bull,bull,False,,
2006-10-27,2006-10-26,1715,1705,0,2,0,0.9822487335927851,0.4996292384002978,False,neutral,bull,True,BULL_TO_NEUTRAL,
2006-10-30,2006-10-27,1716,1706,1,0,1,0.8070446490392921,0.38971359039477255,False,neutral,neutral,False,,
2006-10-31,2006-10-30,1717,1707,0,2,0,0.9844624431537183,0.4823639364220191,False,neutral,neutral,False,,
2006-11-01,2006-10-31,1718,1708,1,0,1,0.999828429177636,0.48347284487743636,False,neutral,neutral,False,,
2006-11-02,2006-11-01,1719,1709,1,0,1,0.9996428535840743,0.38530744151607466,False,neutral,neutral,False,,
2006-11-03,2006-11-02,1720,1710,2,0,2,0.999590051953731,0.49221739498117884,False,neutral,neutral,False,,
2006-11-06,2006-11-03,1721,1711,1,0,1,0.881144984027245,0.5458318394424319,True,bull,neutral,True,NEUTRAL_TO_BULL,
2006-11-07,2006-11-06,1722,1712,0,2,0,0.9978396689178719,0.3047262952305951,False,neutral,bull,True,BULL_TO_NEUTRAL,
2006-11-08,2006-11-07,1723,1713,1,0,1,0.9892731287400507,0.4756751006677592,False,neutral,neutral,False,,
2006-11-09,2006-11-08,1724,1714,0,2,0,0.9717693851053134,0.5046379152514701,True,bull,neutral,True,NEUTRAL_TO_BULL,
2006-11-10,2006-11-09,1725,1715,1,0,1,0.990445578627545,0.41242682911103395,False,neutral,bull,True,BULL_TO_NEUTRAL,
2006-11-13,2006-11-10,1726,1716,0,2,0,0.9813275308749838,0.4880728831440974,False,neutral,neutral,False,,
2006-11-14,2006-11-13,1727,1717,2,0,2,0.522353276369059,0.4973484134868756,False,neutral,neutral,False,,
2006-11-15,2006-11-14,1728,1718,0,2,0,0.7743291620708126,0.4302673252838912,False,neutral,neutral,False,,
2006-11-16,2006-11-15,1729,1719,0,2,0,0.5765218972172563,0.5018660996712824,True,bull,neutral,True,NEUTRAL_TO_BULL,
2006-11-17,2006-11-16,1730,1720,0,2,0,0.5310982883336945,0.5038162156932663,True,bull,bull,False,,
2006-11-20,2006-11-17,1731,1721,2,0,2,0.9127306572535124,0.5021607414637757,True,bull,bull,False,,
2006-11-21,2006-11-20,1732,1722,2,0,2,0.8297264948711827,0.48930512593161873,False,neutral,bull,True,BULL_TO_NEUTRAL,
2006-11-22,2006-11-21,1733,1723,0,2,0,0.8257849101030226,0.5056485627905885,True,bull,neutral,True,NEUTRAL_TO_BULL,
2006-11-24,2006-11-22,1734,1724,0,2,0,0.7032655080453792,0.5062869970360264,True,bull,bull,False,,
2006-11-27,2006-11-24,1735,1725,0,2,0,0.9411380973795623,0.4383296693038621,False,neutral,bull,True,BULL_TO_NEUTRAL,
2006-11-28,2006-11-27,1736,1726,0,2,0,0.9557477600641932,0.17047305366027743,False,neutral,neutral,False,,
2006-11-29,2006-11-28,1737,1727,0,1,0,0.9912131637875664,0.4960033315643173,False,neutral,neutral,False,,
2006-11-30,2006-11-29,1738,1728,0,2,0,0.9891836489574782,0.32772205405357896,False,neutral,neutral,False,,
2006-12-01,2006-11-30,1739,1729,0,2,0,0.9899540222532701,0.5036773677589871,True,bull,neutral,True,NEUTRAL_TO_BULL,
2006-12-04,2006-12-01,1740,1730,2,0,2,0.9906038836336769,0.48737013318575007,False,neutral,bull,True,BULL_TO_NEUTRAL,
2006-12-05,2006-12-04,1741,1731,1,0,1,0.939436705444688,0.41043591022977466,False,neutral,neutral,False,,
2006-12-06,2006-12-05,1742,1732,1,0,1,0.5189820039662458,0.5484964733079,True,bull,neutral,True,NEUTRAL_TO_BULL,
2006-12-07,2006-12-06,1743,1733,0,2,0,0.34682368000758373,0.48307919132518157,False,neutral,bull,True,BULL_TO_NEUTRAL,
2006-12-08,2006-12-07,1744,1734,1,0,1,0.2885915518207388,0.43296509000866595,False,neutral,neutral,False,,
2006-12-11,2006-12-08,1745,1735,2,0,2,0.40165543234027856,0.5073126178422586,True,bull,neutral,True,NEUTRAL_TO_BULL,
2006-12-12,2006-12-11,1746,1736,2,0,2,0.9298359871941284,0.50377507679448,True,bull,bull,False,,
2006-12-13,2006-12-12,1747,1737,2,0,2,0.9999007076468838,0.4968032081771796,False,neutral,bull,True,BULL_TO_NEUTRAL,
2006-12-14,2006-12-13,1748,1738,2,1,2,0.9999764473974041,0.5069328016880624,True,bull,neutral,True,NEUTRAL_TO_BULL,
2006-12-15,2006-12-14,1749,1739,1,0,1,0.9993195932587619,0.3807378745564741,False,neutral,bull,True,BULL_TO_NEUTRAL,
2006-12-18,2006-12-15,1750,1740,0,2,0,0.9999934545559342,0.41688226784212384,False,neutral,neutral,False,,
2006-12-19,2006-12-18,1751,1741,2,0,2,0.9999989593394493,0.4721929684122466,False,neutral,neutral,False,,
2006-12-20,2006-12-19,1752,1742,0,1,0,0.9999982719914461,0.5069953596482936,True,bull,neutral,True,NEUTRAL_TO_BULL,
2006-12-21,2006-12-20,1753,1743,1,0,1,0.9999982506270008,0.49866251533528283,False,neutral,bull,True,BULL_TO_NEUTRAL,
2006-12-22,2006-12-21,1754,1744,0,2,0,0.999999966656477,0.4569315278172196,False,neutral,neutral,False,,
2006-12-26,2006-12-22,1755,1745,0,2,0,0.9999631478553501,0.40100169981238254,False,neutral,neutral,False,,
2006-12-27,2006-12-26,1756,1746,0,2,0,0.999942501309818,0.4664904032052474,False,neutral,neutral,False,,
2006-12-28,2006-12-27,1757,1747,0,2,0,0.999881707342514,0.4541618205584873,False,neutral,neutral,False,,
2006-12-29,2006-12-28,1758,1748,0,1,0,0.9998783495153959,0.4821940801593417,False,neutral,neutral,False,,
2007-01-03,2006-12-29,1759,1749,0,1,0,0.9999995872768411,0.44716449278739057,False,neutral,neutral,False,,
2007-01-04,2007-01-03,1760,1750,0,2,0,1.0,0.4749784749718116,False,neutral,neutral,False,,
2007-01-05,2007-01-04,1761,1751,0,2,0,0.9999996741863825,0.5070300396267395,True,bull,neutral,True,NEUTRAL_TO_BULL,
2007-01-08,2007-01-05,1762,1752,0,2,0,0.9999431156168179,0.3478307536571409,False,neutral,bull,True,BULL_TO_NEUTRAL,
2007-01-09,2007-01-08,1763,1753,0,2,0,0.9999750173625142,0.4871400097851865,False,neutral,neutral,False,,
2007-01-10,2007-01-09,1764,1754,0,2,0,0.9999554464374127,0.49708936992064007,False,neutral,neutral,False,,
2007-01-11,2007-01-10,1765,1755,0,2,0,0.5141783177837499,0.423333477177404,False,neutral,neutral,False,,
2007-01-12,2007-01-11,1766,1756,0,2,0,0.9999825671895687,0.4904526487234527,False,neutral,neutral,False,,
2007-01-16,2007-01-12,1767,1757,0,2,0,0.9967702780589257,0.4269338505926387,False,neutral,neutral,False,,
2007-01-17,2007-01-16,1768,1758,0,2,0,0.9764908030920445,0.48460766017087703,False,neutral,neutral,False,,
2007-01-18,2007-01-17,1769,1759,2,0,2,0.9064766542941881,0.5057895509275729,True,bull,neutral,True,NEUTRAL_TO_BULL,
2007-01-19,2007-01-18,1770,1760,0,2,0,0.9030522200656623,0.4635932674203456,False,neutral,bull,True,BULL_TO_NEUTRAL,
2007-01-22,2007-01-19,1771,1761,0,2,0,0.7969185023369707,0.49389230351045915,False,neutral,neutral,False,,
2007-01-23,2007-01-22,1772,1762,2,0,2,0.9888393809229924,0.45730254469251846,False,neutral,neutral,False,,
2007-01-24,2007-01-23,1773,1763,0,2,0,0.9979865149615204,0.49879175665249176,False,neutral,neutral,False,,
2007-01-25,2007-01-24,1774,1764,1,0,1,0.9992914699382903,0.4343834979809341,False,neutral,neutral,False,,
2007-01-26,2007-01-25,1775,1765,1,2,1,0.999988755348232,0.2209377660669946,False,neutral,neutral,False,,
2007-01-29,2007-01-26,1776,1766,0,1,0,0.9999866338874533,0.4955194428221285,False,neutral,neutral,False,,
2007-01-30,2007-01-29,1777,1767,0,2,0,1.0,0.48123997672311564,False,neutral,neutral,False,,
2007-01-31,2007-01-30,1778,1768,2,0,2,0.9999507597809101,0.45751742905617443,False,neutral,neutral,False,,
2007-02-01,2007-01-31,1779,1769,0,2,0,0.9992158345673748,0.4728977441649489,False,neutral,neutral,False,,
2007-02-02,2007-02-01,1780,1770,0,2,0,0.954788574491699,0.48632407384443804,False,neutral,neutral,False,,
2007-02-05,2007-02-02,1781,1771,0,1,0,0.6844386505892482,0.5106401444396114,True,bull,neutral,True,NEUTRAL_TO_BULL,
2007-02-06,2007-02-05,1782,1772,2,0,2,0.4629809756987195,0.5061272727818966,True,bull,bull,False,,
2007-02-07,2007-02-06,1783,1773,2,2,0,0.9536156744095774,0.31842911637840327,False,neutral,bull,True,BULL_TO_NEUTRAL,
2007-02-08,2007-02-07,1784,1774,2,2,0,0.9949766384684924,0.314925999837371,False,neutral,neutral,False,,
2007-02-09,2007-02-08,1785,1775,2,2,0,0.9308184425886227,0.31473756459927715,False,neutral,neutral,False,,
2007-02-12,2007-02-09,1786,1776,2,2,1,0.5009074942910258,0.37600568852078337,False,neutral,neutral,False,,
2007-02-13,2007-02-12,1787,1777,0,2,0,0.9909247617454353,0.4664794587370446,False,neutral,neutral,False,,
2007-02-14,2007-02-13,1788,1778,0,1,0,0.9999595798645555,0.4153380122258391,False,neutral,neutral,False,,
2007-02-15,2007-02-14,1789,1779,0,2,0,1.0,0.43155308404276155,False,neutral,neutral,False,,
2007-02-16,2007-02-15,1790,1780,0,2,0,0.9987464060379654,0.5038940450348947,True,bull,neutral,True,NEUTRAL_TO_BULL,
2007-02-20,2007-02-16,1791,1781,1,0,1,0.9968030458074307,0.4902930264037611,False,neutral,bull,True,BULL_TO_NEUTRAL,
2007-02-21,2007-02-20,1792,1782,0,2,0,0.9741132226197877,0.5011115757663603,True,bull,neutral,True,NEUTRAL_TO_BULL,
2007-02-22,2007-02-21,1793,1783,0,2,0,0.9449083447888361,0.4945790145842231,False,neutral,bull,True,BULL_TO_NEUTRAL,
2007-02-23,2007-02-22,1794,1784,1,0,1,0.9152358153060132,0.4917852302993377,False,neutral,neutral,False,,
2007-02-26,2007-02-23,1795,1785,1,0,1,0.8839146018081864,0.44701731676406126,False,neutral,neutral,False,,
2007-02-27,2007-02-26,1796,1786,0,1,0,0.9885583601282993,0.482088114492875,False,neutral,neutral,False,,
2007-02-28,2007-02-27,1797,1787,0,0,2,0.37208166502911794,0.0375047006101028,False,neutral,neutral,False,,
2007-03-01,2007-02-28,1798,1788,2,0,1,0.9999999999088864,0.3014253300827291,False,neutral,neutral,False,,
2007-03-02,2007-03-01,1799,1789,2,0,1,1.0,0.20692481336781168,False,neutral,neutral,False,,
2007-03-05,2007-03-02,1800,1790,2,1,0,0.9999999999024202,0.40109239810776426,False,neutral,neutral,False,,
2007-03-06,2007-03-05,1801,1791,1,1,0,0.9999999999960371,0.305573803016249,False,neutral,neutral,False,,
2007-03-07,2007-03-06,1802,1792,1,2,0,1.0,0.5366031294617524,True,bull,neutral,True,NEUTRAL_TO_BULL,
2007-03-08,2007-03-07,1803,1793,1,2,0,0.9999999998697575,0.19251378439401587,False,neutral,bull,True,BULL_TO_NEUTRAL,
2007-03-09,2007-03-08,1804,1794,2,1,0,0.9999546292315323,0.2556953287602482,False,neutral,neutral,False,,
2007-03-12,2007-03-09,1805,1795,1,0,2,0.9951214645054911,0.19127917956908708,False,neutral,neutral,False,,
2007-03-13,2007-03-12,1806,1796,2,2,0,0.8459277520053968,0.3111204168112108,False,neutral,neutral,False,,
2007-03-14,2007-03-13,1807,1797,1,2,0,0.9975342910389201,0.3372332860065772,False,neutral,neutral,False,,
2007-03-15,2007-03-14,1808,1798,2,2,0,0.9908064416980416,0.3394718172402508,False,neutral,neutral,False,,
2007-03-16,2007-03-15,1809,1799,0,2,0,0.4988122711880932,0.49593853498756973,False,neutral,neutral,False,,
2007-03-19,2007-03-16,1810,1800,0,0,2,0.9999613930190785,0.37638817808748537,False,neutral,neutral,False,,
2007-03-20,2007-03-19,1811,1801,2,2,0,0.1889395766729395,0.38733955480290827,False,neutral,neutral,False,,
2007-03-21,2007-03-20,1812,1802,2,2,0,0.397988025834039,0.32613255576630296,False,neutral,neutral,False,,
2007-03-22,2007-03-21,1813,1803,2,2,0,0.9162368037301288,0.37750686122379573,False,neutral,neutral,False,,
2007-03-23,2007-03-22,1814,1804,0,0,1,0.40715057608924443,0.321566005362006,False,neutral,neutral,False,,
2007-03-26,2007-03-23,1815,1805,2,1,0,0.17982185031244868,0.30996712498565965,False,neutral,neutral,False,,
2007-03-27,2007-03-26,1816,1806,2,1,0,0.16902877365313254,0.31529256562940267,False,neutral,neutral,False,,
2007-03-28,2007-03-27,1817,1807,1,1,0,0.3904799956940514,0.3228816251273625,False,neutral,neutral,False,,
2007-03-29,2007-03-28,1818,1808,0,0,1,0.6498714816792309,0.37242090191192395,False,neutral,neutral,False,,
2007-03-30,2007-03-29,1819,1809,0,0,1,0.8774395261197226,0.307206827864391,False,neutral,neutral,False,,
2007-04-02,2007-03-30,1820,1810,2,2,0,0.43854223815674975,0.30928897006526274,False,neutral,neutral,False,,
2007-04-03,2007-04-02,1821,1811,1,0,1,0.9744639699918822,0.493369507739102,False,neutral,neutral,False,,
2007-04-04,2007-04-03,1822,1812,0,2,0,0.9980086545413311,0.31802587002526866,False,neutral,neutral,False,,
2007-04-05,2007-04-04,1823,1813,0,2,0,0.5258423735838165,0.5129936073419891,True,bull,neutral,True,NEUTRAL_TO_BULL,
2007-04-09,2007-04-05,1824,1814,2,0,2,0.9082392620315192,0.4918024836402396,False,neutral,bull,True,BULL_TO_NEUTRAL,
2007-04-10,2007-04-09,1825,1815,0,2,0,0.774528723092374,0.5105577923783395,True,bull,neutral,True,NEUTRAL_TO_BULL,
2007-04-11,2007-04-10,1826,1816,2,0,2,0.20494323292307592,0.49387637705113874,False,neutral,bull,True,BULL_TO_NEUTRAL,
2007-04-12,2007-04-11,1827,1817,2,0,2,0.3125204362687566,0.42890020907315873,False,neutral,neutral,False,,
2007-04-13,2007-04-12,1828,1818,0,2,0,0.5547616092924961,0.4929478475954882,False,neutral,neutral,False,,
2007-04-16,2007-04-13,1829,1819,0,2,0,0.6398650913170313,0.49058021265518104,False,neutral,neutral,False,,
2007-04-17,2007-04-16,1830,1820,2,2,0,0.35200179545872007,0.3592400238885345,False,neutral,neutral,False,,
2007-04-18,2007-04-17,1831,1821,0,2,0,0.3494874895622499,0.5093704444217646,True,bull,neutral,True,NEUTRAL_TO_BULL,
2007-04-19,2007-04-18,1832,1822,1,1,0,0.9828388058708284,0.30670323674112676,False,neutral,bull,True,BULL_TO_NEUTRAL,
2007-04-20,2007-04-19,1833,1823,2,2,0,0.9924842880306883,0.3107231585537052,False,neutral,neutral,False,,
2007-04-23,2007-04-20,1834,1824,2,2,0,0.9266877195444387,0.36247895364465754,False,neutral,neutral,False,,
2007-04-24,2007-04-23,1835,1825,1,1,0,0.7659609898330517,0.343058903170653,False,neutral,neutral,False,,
2007-04-25,2007-04-24,1836,1826,2,2,0,0.8339046324286745,0.3181709111790465,False,neutral,neutral,False,,
2007-04-26,2007-04-25,1837,1827,2,2,1,0.933809836580692,0.35720822455324225,False,neutral,neutral,False,,
2007-04-27,2007-04-26,1838,1828,0,0,1,0.9845968738235192,0.30755921552295623,False,neutral,neutral,False,,
2007-04-30,2007-04-27,1839,1829,2,2,0,0.47437909360605085,0.31418929261697903,False,neutral,neutral,False,,
2007-05-01,2007-04-30,1840,1830,0,0,2,0.17792747481428758,0.3855277781270094,False,neutral,neutral,False,,
2007-05-02,2007-05-01,1841,1831,0,2,0,0.9188614960286349,0.4851033513466865,False,neutral,neutral,False,,
2007-05-03,2007-05-02,1842,1832,0,2,0,0.9633897048859953,0.3742843380442535,False,neutral,neutral,False,,
2007-05-04,2007-05-03,1843,1833,0,2,0,0.9789252546972954,0.47740063494534035,False,neutral,neutral,False,,
2007-05-07,2007-05-04,1844,1834,1,2,1,0.652231813462058,0.48239753806239094,False,neutral,neutral,False,,
2007-05-08,2007-05-07,1845,1835,0,1,0,0.6829308127649568,0.5067967573563372,True,bull,neutral,True,NEUTRAL_TO_BULL,
2007-05-09,2007-05-08,1846,1836,0,2,0,0.800502649439527,0.5001689539495909,True,bull,bull,False,,
2007-05-10,2007-05-09,1847,1837,1,0,1,0.6159372562674186,0.5077992803520182,True,bull,bull,False,,
2007-05-11,2007-05-10,1848,1838,0,1,0,0.4283221555226451,0.2621100487629188,False,neutral,bull,True,BULL_TO_NEUTRAL,
2007-05-14,2007-05-11,1849,1839,0,2,0,0.5389158585985493,0.39793272930812595,False,neutral,neutral,False,,
2007-05-15,2007-05-14,1850,1840,2,0,2,0.873453379064264,0.47036415036368057,False,neutral,neutral,False,,
2007-05-16,2007-05-15,1851,1841,0,1,0,0.515590249983613,0.5436862987724326,True,bull,neutral,True,NEUTRAL_TO_BULL,
2007-05-17,2007-05-16,1852,1842,2,0,2,1.0,0.4300438852692049,False,neutral,bull,True,BULL_TO_NEUTRAL,
2007-05-18,2007-05-17,1853,1843,1,0,1,0.5296515754489232,0.48679208325851947,False,neutral,neutral,False,,
2007-05-21,2007-05-18,1854,1844,0,0,1,0.4641760230697621,0.30059224577721816,False,neutral,neutral,False,,
2007-05-22,2007-05-21,1855,1845,0,2,0,0.9059812367149012,0.5024239999278316,True,bull,neutral,True,NEUTRAL_TO_BULL,
2007-05-23,2007-05-22,1856,1846,2,0,2,0.8013772049840401,0.5002592116978588,True,bull,bull,False,,
2007-05-24,2007-05-23,1857,1847,1,0,1,0.5240364425404436,0.49143162294237,False,neutral,bull,True,BULL_TO_NEUTRAL,
2007-05-25,2007-05-24,1858,1848,0,1,0,0.9564647768829327,0.30586870997590354,False,neutral,neutral,False,,
2007-05-29,2007-05-25,1859,1849,1,0,1,0.9811680151993167,0.4768297532187584,False,neutral,neutral,False,,
2007-05-30,2007-05-29,1860,1850,1,0,1,0.9985448712747783,0.5017871775757189,True,bull,neutral,True,NEUTRAL_TO_BULL,
2007-05-31,2007-05-30,1861,1851,1,0,1,0.996272180302246,0.4124895331170969,False,neutral,bull,True,BULL_TO_NEUTRAL,
2007-06-01,2007-05-31,1862,1852,1,0,1,0.9875339138167485,0.4977558380543539,False,neutral,neutral,False,,
2007-06-04,2007-06-01,1863,1853,2,0,2,0.9476565865819545,0.48637593809287866,False,neutral,neutral,False,,
2007-06-05,2007-06-04,1864,1854,2,1,2,0.6939934954047241,0.49147701071423255,False,neutral,neutral,False,,
2007-06-06,2007-06-05,1865,1855,1,2,1,0.7467138022534221,0.45128073171941885,False,neutral,neutral,False,,
2007-06-07,2007-06-06,1866,1856,0,2,0,0.6515266567685729,0.25241217685054285,False,neutral,neutral,False,,
2007-06-08,2007-06-07,1867,1857,0,0,1,0.9229346426355696,0.37827447305976425,False,neutral,neutral,False,,
2007-06-11,2007-06-08,1868,1858,1,1,0,0.7925029197111838,0.3931887191609253,False,neutral,neutral,False,,
2007-06-12,2007-06-11,1869,1859,2,2,0,0.7506315193437646,0.314747164215284,False,neutral,neutral,False,,
2007-06-13,2007-06-12,1870,1860,0,0,2,0.20085472516074546,0.4019260352870767,False,neutral,neutral,False,,
2007-06-14,2007-06-13,1871,1861,2,2,0,0.38957160865490337,0.39907698492094623,False,neutral,neutral,False,,
2007-06-15,2007-06-14,1872,1862,0,0,2,0.7748157543627783,0.32772524375363865,False,neutral,neutral,False,,
2007-06-18,2007-06-15,1873,1863,0,1,2,0.7556807030886339,0.3157432300939445,False,neutral,neutral,False,,
2007-06-19,2007-06-18,1874,1864,2,1,0,0.9370080754530805,0.32239864142260366,False,neutral,neutral,False,,
2007-06-20,2007-06-19,1875,1865,2,2,0,0.9784024399656095,0.3066809601220726,False,neutral,neutral,False,,
2007-06-21,2007-06-20,1876,1866,2,2,0,0.9763697547430008,0.41554342538734884,False,neutral,neutral,False,,
2007-06-22,2007-06-21,1877,1867,0,1,2,0.7967093729275124,0.3289106645266506,False,neutral,neutral,False,,
2007-06-25,2007-06-22,1878,1868,2,2,0,0.7407331880911225,0.39662215147783453,False,neutral,neutral,False,,
2007-06-26,2007-06-25,1879,1869,2,2,0,0.9922708163256316,0.3459556396797355,False,neutral,neutral,False,,
2007-06-27,2007-06-26,1880,1870,1,1,0,0.8881649944577676,0.4042545768653514,False,neutral,neutral,False,,
2007-06-28,2007-06-27,1881,1871,1,0,1,0.20013341740862112,0.13968070895799337,False,neutral,neutral,False,,
2007-06-29,2007-06-28,1882,1872,2,2,0,0.9026886996369243,0.31034025542325794,False,neutral,neutral,False,,
2007-07-02,2007-06-29,1883,1873,2,1,0,0.9333494938161534,0.3169087723890268,False,neutral,neutral,False,,
2007-07-03,2007-07-02,1884,1874,1,1,0,0.9931035627292828,0.3591462051339078,False,neutral,neutral,False,,
2007-07-05,2007-07-03,1885,1875,1,1,0,0.888600142713303,0.3191420578784971,False,neutral,neutral,False,,
2007-07-06,2007-07-05,1886,1876,1,2,0,0.9176467232381029,0.3153722031178816,False,neutral,neutral,False,,
2007-07-09,2007-07-06,1887,1877,2,1,0,0.9863201170206983,0.32067405418221767,False,neutral,neutral,False,,
2007-07-10,2007-07-09,1888,1878,2,2,0,0.331255787036403,0.27060582650624554,False,neutral,neutral,False,,
2007-07-11,2007-07-10,1889,1879,2,1,0,0.9711200643180351,0.41229757187089583,False,neutral,neutral,False,,
2007-07-12,2007-07-11,1890,1880,0,2,0,0.4913626181797629,0.49790381994072336,False,neutral,neutral,False,,
2007-07-13,2007-07-12,1891,1881,2,1,0,0.8852759903244751,0.417014706279666,False,neutral,neutral,False,,
2007-07-16,2007-07-13,1892,1882,0,1,2,0.9778759675311077,0.3178825818695306,False,neutral,neutral,False,,
2007-07-17,2007-07-16,1893,1883,2,1,0,0.9921268600023092,0.31732483776245946,False,neutral,neutral,False,,
2007-07-18,2007-07-17,1894,1884,1,2,0,0.9858123016159211,0.31347344183627934,False,neutral,neutral,False,,
2007-07-19,2007-07-18,1895,1885,2,1,0,0.9830382996893615,0.3295381103658245,False,neutral,neutral,False,,
2007-07-20,2007-07-19,1896,1886,2,1,0,0.9810637393575337,0.31322586716660217,False,neutral,neutral,False,,
2007-07-23,2007-07-20,1897,1887,1,2,0,0.9851492982539256,0.40108906580946124,False,neutral,neutral,False,,
2007-07-24,2007-07-23,1898,1888,2,1,0,0.989300616858594,0.3104121626990715,False,neutral,neutral,False,,
2007-07-25,2007-07-24,1899,1889,0,2,1,0.9625605428978906,0.3810625613935284,False,neutral,neutral,False,,
2007-07-26,2007-07-25,1900,1890,2,2,0,0.9824737831733835,0.3159044836708749,False,neutral,neutral,False,,
2007-07-27,2007-07-26,1901,1891,2,2,1,0.9999995579882912,0.7660799103924674,True,bear,neutral,True,NEUTRAL_TO_BEAR,
2007-07-30,2007-07-27,1902,1892,1,1,2,0.999964763589162,0.6205922528717408,True,bear,bear,False,,
2007-07-31,2007-07-30,1903,1893,1,1,2,0.9999902229788308,0.4671589873707781,False,neutral,bear,True,BEAR_TO_NEUTRAL,
2007-08-01,2007-07-31,1904,1894,1,1,0,1.0,0.3650296075976493,False,neutral,neutral,False,,
2007-08-02,2007-08-01,1905,1895,1,1,0,0.9999970552000803,0.19745682433450962,False,neutral,neutral,False,,
2007-08-03,2007-08-02,1906,1896,1,1,2,0.9999364003899491,0.2391136305193234,False,neutral,neutral,False,,
2007-08-06,2007-08-03,1907,1897,1,1,0,0.9998977369317121,0.7912472053142806,True,bear,neutral,True,NEUTRAL_TO_BEAR,
2007-08-07,2007-08-06,1908,1898,1,1,2,0.9874735951333441,0.5077791351087716,True,bear,bear,False,,
2007-08-08,2007-08-07,1909,1899,2,2,0,0.8246825921518189,0.3000218663625458,False,neutral,bear,True,BEAR_TO_NEUTRAL,
2007-08-09,2007-08-08,1910,1900,1,1,2,0.20009607898988607,0.4059469079056177,False,neutral,neutral,False,,
2007-08-10,2007-08-09,1911,1901,1,1,0,0.41703037054792896,0.8977282498084775,True,bear,neutral,True,NEUTRAL_TO_BEAR,
2007-08-13,2007-08-10,1912,1902,0,1,2,0.7618722391333567,0.3450427414711215,False,neutral,bear,True,BEAR_TO_NEUTRAL,
2007-08-14,2007-08-13,1913,1903,1,2,0,0.7486918203962476,0.30645061222706826,False,neutral,neutral,False,,
2007-08-15,2007-08-14,1914,1904,0,1,2,0.2850109994710338,0.4052026222818225,False,neutral,neutral,False,,
2007-08-16,2007-08-15,1915,1905,1,1,2,0.9902746540028055,0.43204819595751476,False,neutral,neutral,False,,
2007-08-17,2007-08-16,1916,1906,1,2,0,0.999578510873573,0.2418903004726976,False,neutral,neutral,False,,
2007-08-20,2007-08-17,1917,1907,1,2,0,0.9992005560511692,0.7113030143835306,True,bull,neutral,True,NEUTRAL_TO_BULL,
2007-08-21,2007-08-20,1918,1908,2,2,0,1.0,0.19279052496230942,False,neutral,bull,True,BULL_TO_NEUTRAL,
2007-08-22,2007-08-21,1919,1909,1,1,2,0.9643142163000301,0.18361760601678861,False,neutral,neutral,False,,
2007-08-23,2007-08-22,1920,1910,1,1,2,0.17514337842710356,0.3366277203791304,False,neutral,neutral,False,,
2007-08-24,2007-08-23,1921,1911,1,1,0,0.7127730761026795,0.19265127061302523,False,neutral,neutral,False,,
2007-08-27,2007-08-24,1922,1912,2,2,1,0.9050378920520914,0.3529096159653758,False,neutral,neutral,False,,
2007-08-28,2007-08-27,1923,1913,1,1,2,0.9531616206288572,0.30750976895814586,False,neutral,neutral,False,,
2007-08-29,2007-08-28,1924,1914,1,1,2,0.9389560362194442,0.6738367367804803,True,bear,neutral,True,NEUTRAL_TO_BEAR,
2007-08-30,2007-08-29,1925,1915,1,1,0,0.400792014957755,0.6206471971593321,True,bear,bear,False,,
2007-08-31,2007-08-30,1926,1916,0,1,2,0.9896351998460732,0.3260522282143716,False,neutral,bear,True,BEAR_TO_NEUTRAL,
2007-09-04,2007-08-31,1927,1917,1,2,0,0.9678542581176965,0.36235662980688443,False,neutral,neutral,False,,
2007-09-05,2007-09-04,1928,1918,2,0,1,0.937413362726656,0.3695732136951069,False,neutral,neutral,False,,
2007-09-06,2007-09-05,1929,1919,2,1,0,0.938841851634444,0.3906537591556097,False,neutral,neutral,False,,
2007-09-07,2007-09-06,1930,1920,0,2,1,0.9293669348238821,0.3139781376477484,False,neutral,neutral,False,,
2007-09-10,2007-09-07,1931,1921,2,0,1,0.909685719256023,0.4096528576686109,False,neutral,neutral,False,,
2007-09-11,2007-09-10,1932,1922,0,2,1,0.9291267173594626,0.32543193002566423,False,neutral,neutral,False,,
2007-09-12,2007-09-11,1933,1923,2,1,0,0.903251641551565,0.3787656177434501,False,neutral,neutral,False,,
2007-09-13,2007-09-12,1934,1924,0,2,1,0.47482057790820076,0.31494055582992647,False,neutral,neutral,False,,
2007-09-14,2007-09-13,1935,1925,0,1,2,0.7905155700667714,0.33655358188166373,False,neutral,neutral,False,,
2007-09-17,2007-09-14,1936,1926,0,1,2,0.6998478079578588,0.32096683635808954,False,neutral,neutral,False,,
2007-09-18,2007-09-17,1937,1927,0,1,2,0.6918703359704673,0.35621335781154717,False,neutral,neutral,False,,
2007-09-19,2007-09-18,1938,1928,0,1,2,0.27633553471928923,0.10867975874755696,False,neutral,neutral,False,,
2007-09-20,2007-09-19,1939,1929,0,1,2,1.0,0.22077874103234466,False,neutral,neutral,False,,
2007-09-21,2007-09-20,1940,1930,1,0,2,1.0,0.25840081100254136,False,neutral,neutral,False,,
2007-09-24,2007-09-21,1941,1931,1,0,2,1.0,0.19801633387307965,False,neutral,neutral,False,,
2007-09-25,2007-09-24,1942,1932,1,0,2,0.9999993743951335,0.19806001449702795,False,neutral,neutral,False,,
2007-09-26,2007-09-25,1943,1933,2,0,1,0.9934164304719123,0.19902044863678178,False,neutral,neutral,False,,
2007-09-27,2007-09-26,1944,1934,2,1,0,0.7738559125220407,0.2296943919079247,False,neutral,neutral,False,,
2007-09-28,2007-09-27,1945,1935,2,1,0,0.5337404920850225,0.20507012371623923,False,neutral,neutral,False,,
2007-10-01,2007-09-28,1946,1936,0,1,2,0.9408625595739217,0.3406822346305124,False,neutral,neutral,False,,
2007-10-02,2007-10-01,1947,1937,0,1,2,0.046804563960993244,0.37783277798353293,False,neutral,neutral,False,,
2007-10-03,2007-10-02,1948,1938,0,2,0,0.7506752414380998,0.47534959886632533,False,neutral,neutral,False,,
2007-10-04,2007-10-03,1949,1939,2,1,2,0.6501282645128207,0.4722453689150142,False,neutral,neutral,False,,
2007-10-05,2007-10-04,1950,1940,0,2,0,0.49712326014951774,0.49623231942510787,False,neutral,neutral,False,,
2007-10-08,2007-10-05,1951,1941,2,2,0,0.9857749867614864,0.37962859726714177,False,neutral,neutral,False,,
2007-10-09,2007-10-08,1952,1942,0,0,2,0.9927437581701428,0.3582557635566675,False,neutral,neutral,False,,
2007-10-10,2007-10-09,1953,1943,0,0,2,0.9904620036100764,0.3597817229651155,False,neutral,neutral,False,,
2007-10-11,2007-10-10,1954,1944,2,2,0,0.9934110943308104,0.32772244089962743,False,neutral,neutral,False,,
2007-10-12,2007-10-11,1955,1945,2,2,0,0.9871497215779718,0.3524720052841688,False,neutral,neutral,False,,
2007-10-15,2007-10-12,1956,1946,0,0,2,0.4482164727150609,0.3280360036962198,False,neutral,neutral,False,,
2007-10-16,2007-10-15,1957,1947,0,0,1,0.32467616384904063,0.388680301035708,False,neutral,neutral,False,,
2007-10-17,2007-10-16,1958,1948,2,2,0,0.45701326929113045,0.38413647591517025,False,neutral,neutral,False,,
2007-10-18,2007-10-17,1959,1949,0,1,0,0.7308167656411325,0.4858187310994483,False,neutral,neutral,False,,
2007-10-19,2007-10-18,1960,1950,0,2,0,0.5902825630854626,0.44748304412083617,False,neutral,neutral,False,,
2007-10-22,2007-10-19,1961,1951,2,2,1,0.9828516619232502,0.8308667382249024,True,bear,neutral,True,NEUTRAL_TO_BEAR,
2007-10-23,2007-10-22,1962,1952,2,2,0,1.0,0.21998240560757826,False,neutral,bear,True,BEAR_TO_NEUTRAL,
2007-10-24,2007-10-23,1963,1953,1,1,0,0.999999999819401,0.25497704511467456,False,neutral,neutral,False,,
2007-10-25,2007-10-24,1964,1954,1,1,0,0.999996245304468,0.2005625462499838,False,neutral,neutral,False,,
2007-10-26,2007-10-25,1965,1955,1,1,2,0.999211365369509,0.19158995006298718,False,neutral,neutral,False,,
2007-10-29,2007-10-26,1966,1956,2,2,0,0.5888164872541221,0.3448341394609536,False,neutral,neutral,False,,
2007-10-30,2007-10-29,1967,1957,2,1,0,0.7221128077355421,0.31924844746287306,False,neutral,neutral,False,,
2007-10-31,2007-10-30,1968,1958,2,1,0,0.8206154369743255,0.3727492483891695,False,neutral,neutral,False,,
2007-11-01,2007-10-31,1969,1959,0,1,2,0.7257484750746828,0.37207379856363726,False,neutral,neutral,False,,
2007-11-02,2007-11-01,1970,1960,1,2,0,0.7442351412196868,0.22661340960612467,False,neutral,neutral,False,,
2007-11-05,2007-11-02,1971,1961,2,1,0,0.9619258721328184,0.31825111879402956,False,neutral,neutral,False,,
2007-11-06,2007-11-05,1972,1962,0,0,1,0.9139846426626762,0.3791613730898262,False,neutral,neutral,False,,
2007-11-07,2007-11-06,1973,1963,1,0,2,0.9215220478747816,0.39348096029725804,False,neutral,neutral,False,,
2007-11-08,2007-11-07,1974,1964,1,1,2,0.9950347360033106,0.8584029117660885,True,bear,neutral,True,NEUTRAL_TO_BEAR,
2007-11-09,2007-11-08,1975,1965,1,1,0,1.0,0.23140049426587878,False,neutral,bear,True,BEAR_TO_NEUTRAL,
2007-11-12,2007-11-09,1976,1966,1,1,0,1.0,0.4437295608740324,False,neutral,neutral,False,,
2007-11-13,2007-11-12,1977,1967,0,0,1,1.0,0.32986262126131677,False,neutral,neutral,False,,
2007-11-14,2007-11-13,1978,1968,1,1,0,1.0,0.9215316611506976,True,bear,neutral,True,NEUTRAL_TO_BEAR,
2007-11-15,2007-11-14,1979,1969,1,1,2,1.0,0.20536507448691815,False,neutral,bear,True,BEAR_TO_NEUTRAL,
2007-11-16,2007-11-15,1980,1970,2,2,0,1.0,0.4678299550484658,False,neutral,neutral,False,,
2007-11-19,2007-11-16,1981,1971,2,2,0,1.0,0.18956102023687946,False,neutral,neutral,False,,
2007-11-20,2007-11-19,1982,1972,2,2,0,1.0,0.45162462869144016,False,neutral,neutral,False,,
2007-11-21,2007-11-20,1983,1973,0,0,1,0.35463840833473137,0.21980393564146858,False,neutral,neutral,False,,
2007-11-23,2007-11-21,1984,1974,2,2,0,0.9826302926293353,0.6756131345612025,True,bear,neutral,True,NEUTRAL_TO_BEAR,
2007-11-26,2007-11-23,1985,1975,1,1,0,0.9176259564209744,0.5494044543360137,True,bear,bear,False,,
2007-11-27,2007-11-26,1986,1976,2,1,0,1.0,0.7445237499863668,True,bull,bear,True,BEAR_TO_BULL,
2007-11-28,2007-11-27,1987,1977,1,1,2,1.0,0.3346240909215338,False,neutral,bull,True,BULL_TO_NEUTRAL,
2007-11-29,2007-11-28,1988,1978,2,2,0,0.9999996204319872,0.9413235097282013,True,bear,neutral,True,NEUTRAL_TO_BEAR,
2007-11-30,2007-11-29,1989,1979,1,1,0,0.9999149007860239,0.18966763210116427,False,neutral,bear,True,BEAR_TO_NEUTRAL,
2007-12-03,2007-11-30,1990,1980,1,1,0,1.0,0.29501429612415286,False,neutral,neutral,False,,
2007-12-04,2007-12-03,1991,1981,2,2,0,1.0,0.2562885794056537,False,neutral,neutral,False,,
2007-12-05,2007-12-04,1992,1982,2,1,0,1.0,0.3157375198083005,False,neutral,neutral,False,,
2007-12-06,2007-12-05,1993,1983,1,1,0,1.0,0.5396449992505494,True,bear,neutral,True,NEUTRAL_TO_BEAR,
2007-12-07,2007-12-06,1994,1984,2,1,0,1.0,0.4446715205272558,False,neutral,bear,True,BEAR_TO_NEUTRAL,
2007-12-10,2007-12-07,1995,1985,2,0,1,1.0,0.19153601068515083,False,neutral,neutral,False,,
2007-12-11,2007-12-10,1996,1986,2,2,0,1.0,0.24804793988507004,False,neutral,neutral,False,,
2007-12-12,2007-12-11,1997,1987,1,1,0,0.938712779973183,0.8583829323366254,True,bear,neutral,True,NEUTRAL_TO_BEAR,
2007-12-13,2007-12-12,1998,1988,2,2,0,0.7997810791207315,0.29765271077157335,False,neutral,bear,True,BEAR_TO_NEUTRAL,
2007-12-14,2007-12-13,1999,1989,2,1,0,0.852066067931615,0.19735532291194383,False,neutral,neutral,False,,
2007-12-17,2007-12-14,2000,1990,1,1,0,0.7897748660331068,0.398934463295419,False,neutral,neutral,False,,
2007-12-18,2007-12-17,2000,1990,2,2,1,0.9999990821810665,0.4520586919080058,False,neutral,neutral,False,,
2007-12-19,2007-12-18,2000,1990,2,2,1,0.9999999980128662,0.21769333135967278,False,neutral,neutral,False,,
2007-12-20,2007-12-19,2000,1990,1,1,0,1.0,0.19199198531102757,False,neutral,neutral,False,,
2007-12-21,2007-12-20,2000,1990,1,1,0,0.9533281107023959,0.21971730606762568,False,neutral,neutral,False,,
2007-12-24,2007-12-21,2000,1990,1,0,2,0.9989175966653003,0.2792354046868609,False,neutral,neutral,False,,
2007-12-26,2007-12-24,2000,1990,2,2,0,0.9022821434536815,0.34164046396890174,False,neutral,neutral,False,,
2007-12-27,2007-12-26,2000,1990,2,2,0,0.6554612000340102,0.31773886788216454,False,neutral,neutral,False,,
2007-12-28,2007-12-27,2000,1990,2,2,0,0.8783418078142966,0.4075094505202578,False,neutral,neutral,False,,
2007-12-31,2007-12-28,2000,1990,1,1,0,0.973093710383346,0.3361571720311364,False,neutral,neutral,False,,
2008-01-02,2007-12-31,2000,1990,1,1,0,0.9488105088084763,0.3808088070202344,False,neutral,neutral,False,,
2008-01-03,2008-01-02,2000,1990,1,1,0,0.9297159100261341,0.39290581964156795,False,neutral,neutral,False,,
2008-01-04,2008-01-03,2000,1990,1,1,0,0.7424407182203495,0.3222009903801466,False,neutral,neutral,False,,
2008-01-07,2008-01-04,2000,1990,1,1,0,1.0,0.7818978045342075,True,bear,neutral,True,NEUTRAL_TO_BEAR,
2008-01-08,2008-01-07,2000,1990,2,2,0,1.0,0.19490135710482423,False,neutral,bear,True,BEAR_TO_NEUTRAL,
2008-01-09,2008-01-08,2000,1990,2,2,0,1.0,0.5146758836506488,True,bear,neutral,True,NEUTRAL_TO_BEAR,
2008-01-10,2008-01-09,2000,1990,1,1,2,1.0,0.3129130257427093,False,neutral,bear,True,BEAR_TO_NEUTRAL,
2008-01-11,2008-01-10,2000,1990,1,1,0,1.0,0.22685462567070416,False,neutral,neutral,False,,
2008-01-14,2008-01-11,2000,1990,1,1,2,1.0,0.2809113210240548,False,neutral,neutral,False,,
2008-01-15,2008-01-14,2000,1990,1,1,0,1.0,0.24796468031520708,False,neutral,neutral,False,,
2008-01-16,2008-01-15,2000,1990,1,1,0,0.9999995941976423,0.7157715980040521,True,bear,neutral,True,NEUTRAL_TO_BEAR,
2008-01-17,2008-01-16,2000,1990,2,2,0,0.9999699748326815,0.2975162756808108,False,neutral,bear,True,BEAR_TO_NEUTRAL,
2008-01-18,2008-01-17,2000,1990,1,1,2,1.0,0.8257458546208353,True,bear,neutral,True,NEUTRAL_TO_BEAR,
2008-01-22,2008-01-18,2000,1990,0,0,1,1.0,0.3312502699774296,False,neutral,bear,True,BEAR_TO_NEUTRAL,
2008-01-23,2008-01-22,2000,1990,1,1,0,1.0,0.33533285455540096,False,neutral,neutral,False,,
2008-01-24,2008-01-23,2000,1990,2,2,1,1.0,0.7803134653743165,True,bear,neutral,True,NEUTRAL_TO_BEAR,
2008-01-25,2008-01-24,2000,1990,1,1,0,1.0,0.2637196399050695,False,neutral,bear,True,BEAR_TO_NEUTRAL,
2008-01-28,2008-01-25,2000,1990,1,1,0,1.0,0.46812280104126935,False,neutral,neutral,False,,
2008-01-29,2008-01-28,2000,1990,1,1,0,1.0,0.5295608842319438,True,bear,neutral,True,NEUTRAL_TO_BEAR,
2008-01-30,2008-01-29,2000,1990,1,1,0,0.9327149107315537,0.2035200168137771,False,neutral,bear,True,BEAR_TO_NEUTRAL,
2008-01-31,2008-01-30,2000,1990,1,1,2,0.8903936336478497,0.2316319196150335,False,neutral,neutral,False,,
2008-02-01,2008-01-31,2000,1990,2,2,1,0.9660848338355452,0.5011931083881968,True,bear,neutral,True,NEUTRAL_TO_BEAR,
2008-02-04,2008-02-01,2000,1990,1,1,0,1.0,0.5118689103331241,True,bear,bear,False,,
2008-02-05,2008-02-04,2000,1990,2,2,1,1.0,0.39918074264240455,False,neutral,bear,True,BEAR_TO_NEUTRAL,
2008-02-06,2008-02-05,2000,1990,2,2,0,0.9887465341838806,0.8435241818971212,True,bear,neutral,True,NEUTRAL_TO_BEAR,
2008-02-07,2008-02-06,2000,1990,1,1,2,0.9995078674009075,0.27994729101142096,False,neutral,bear,True,BEAR_TO_NEUTRAL,
2008-02-08,2008-02-07,2000,1990,1,1,0,0.9999812431426838,0.23083443817020535,False,neutral,neutral,False,,
2008-02-11,2008-02-08,2000,1990,1,1,0,0.9999897432241348,0.2521100205027535,False,neutral,neutral,False,,
2008-02-12,2008-02-11,2000,1990,1,2,0,1.0,0.20849654351881558,False,neutral,neutral,False,,
2008-02-13,2008-02-12,2000,1990,2,2,0,0.9999999979304882,0.28221505414229314,False,neutral,neutral,False,,
2008-02-14,2008-02-13,2000,1990,2,2,0,1.0,0.3079194019087582,False,neutral,neutral,False,,
2008-02-15,2008-02-14,2000,1990,1,1,0,0.999974645962376,0.29597207554528243,False,neutral,neutral,False,,
2008-02-19,2008-02-15,2000,1990,2,1,0,0.9476705852292929,0.32128457842186836,False,neutral,neutral,False,,
2008-02-20,2008-02-19,2000,1990,0,2,1,0.6020204173503755,0.3178533439446868,False,neutral,neutral,False,,
2008-02-21,2008-02-20,2000,1990,1,2,0,0.8872343669865866,0.3167981255560911,False,neutral,neutral,False,,
2008-02-22,2008-02-21,2000,1990,2,1,0,0.35299077506137,0.38689405277002903,False,neutral,neutral,False,,
2008-02-25,2008-02-22,2000,1990,2,1,0,0.26763862876155126,0.331692987361415,False,neutral,neutral,False,,
2008-02-26,2008-02-25,2000,1990,0,1,0,0.7884069121220645,0.23760181067032557,False,neutral,neutral,False,,
2008-02-27,2008-02-26,2000,1990,0,1,0,0.24266890728851073,0.4122101867548315,False,neutral,neutral,False,,
2008-02-28,2008-02-27,2000,1990,1,2,0,0.9998736075161457,0.3244180864004918,False,neutral,neutral,False,,
2008-02-29,2008-02-28,2000,1990,2,1,0,0.9996256325174081,0.3988559175121335,False,neutral,neutral,False,,
2008-03-03,2008-02-29,2000,1990,1,2,0,0.9386654571894563,0.25930992144781345,False,neutral,neutral,False,,
2008-03-04,2008-03-03,2000,1990,2,1,0,0.5788347131028088,0.3326296637023519,False,neutral,neutral,False,,
2008-03-05,2008-03-04,2000,1990,2,2,0,0.9749350645090566,0.21641152582120265,False,neutral,neutral,False,,
2008-03-06,2008-03-05,2000,1990,2,2,1,0.998158584658982,0.22856923351193456,False,neutral,neutral,False,,
2008-03-07,2008-03-06,2000,1990,1,1,0,1.0,0.670423140042687,True,bear,neutral,True,NEUTRAL_TO_BEAR,
2008-03-10,2008-03-07,2000,1990,2,2,0,1.0,0.3351025962875056,False,neutral,bear,True,BEAR_TO_NEUTRAL,
2008-03-11,2008-03-10,2000,1990,1,1,0,1.0,0.41925959510946553,False,neutral,neutral,False,,
2008-03-12,2008-03-11,2000,1990,2,2,0,1.0,0.9723972259864568,True,bear,neutral,True,NEUTRAL_TO_BEAR,
2008-03-13,2008-03-12,2000,1990,0,0,1,1.0,0.3101291854191345,False,neutral,bear,True,BEAR_TO_NEUTRAL,
2008-03-14,2008-03-13,2000,1990,2,2,1,0.9415739102245082,0.1936991234962184,False,neutral,neutral,False,,
2008-03-17,2008-03-14,2000,1990,1,1,0,0.9212525198318825,0.4960254307253436,False,neutral,neutral,False,,
2008-03-18,2008-03-17,2000,1990,1,1,0,0.9855861350832653,0.3299409160183664,False,neutral,neutral,False,,
2008-03-19,2008-03-18,2000,1990,1,1,0,0.9990483621697613,0.9929675177207536,True,bear,neutral,True,NEUTRAL_TO_BEAR,
2008-03-20,2008-03-19,2000,1990,2,2,1,0.7329900877711928,0.7949708372757747,True,bear,bear,False,,
2008-03-24,2008-03-20,2000,1990,1,1,0,0.8704224460050483,0.4166151050691622,False,neutral,bear,True,BEAR_TO_NEUTRAL,
2008-03-25,2008-03-24,2000,1990,1,2,0,0.9948243248844941,0.7807101806086328,True,bull,neutral,True,NEUTRAL_TO_BULL,
2008-03-26,2008-03-25,2000,1990,0,0,1,0.9999969239819017,0.19398780251212216,False,neutral,bull,True,BULL_TO_NEUTRAL,
2008-03-27,2008-03-26,2000,1990,2,2,1,0.9999999168110546,0.3887961303459134,False,neutral,neutral,False,,
2008-03-28,2008-03-27,2000,1990,2,2,0,0.9999999384914394,0.21221985449716307,False,neutral,neutral,False,,
2008-03-31,2008-03-28,2000,1990,2,2,1,0.9999999822471041,0.3193580784091572,False,neutral,neutral,False,,
2008-04-01,2008-03-31,2000,1990,2,2,0,0.9951221571932175,0.2017093257287682,False,neutral,neutral,False,,
2008-04-02,2008-04-01,2000,1990,1,2,0,0.9447104791792975,0.9780437788442474,True,bull,neutral,True,NEUTRAL_TO_BULL,
2008-04-03,2008-04-02,2000,1990,1,1,0,0.9999998956485471,0.1946473878754632,False,neutral,bull,True,BULL_TO_NEUTRAL,
2008-04-04,2008-04-03,2000,1990,2,2,0,0.9999870622126794,0.19707369404213912,False,neutral,neutral,False,,
2008-04-07,2008-04-04,2000,1990,1,1,0,0.9999985973108325,0.19994295893336014,False,neutral,neutral,False,,
2008-04-08,2008-04-07,2000,1990,1,1,0,1.0,0.19536297961741747,False,neutral,neutral,False,,
2008-04-09,2008-04-08,2000,1990,2,2,0,1.0,0.20034896835610358,False,neutral,neutral,False,,
2008-04-10,2008-04-09,2000,1990,1,1,0,1.0,0.269654083565117,False,neutral,neutral,False,,
2008-04-11,2008-04-10,2000,1990,1,2,0,0.9897883410734991,0.1688539207761442,False,neutral,neutral,False,,
2008-04-14,2008-04-11,2000,1990,0,0,1,0.5839552028905853,0.6234023876627972,True,bear,neutral,True,NEUTRAL_TO_BEAR,
2008-04-15,2008-04-14,2000,1990,1,2,0,0.9217949405659613,0.3419444688334612,False,neutral,bear,True,BEAR_TO_NEUTRAL,
2008-04-16,2008-04-15,2000,1990,1,2,0,0.5217582660486573,0.3166524533450523,False,neutral,neutral,False,,
2008-04-17,2008-04-16,2000,1990,1,2,0,0.4930017160309096,0.14971618548754645,False,neutral,neutral,False,,
2008-04-18,2008-04-17,2000,1990,0,2,1,0.49875167833178374,0.31665225848677514,False,neutral,neutral,False,,
2008-04-21,2008-04-18,2000,1990,2,2,0,0.9595180043139621,0.30486616762183577,False,neutral,neutral,False,,
2008-04-22,2008-04-21,2000,1990,1,1,0,0.9998486178085171,0.1952161170564998,False,neutral,neutral,False,,
2008-04-23,2008-04-22,2000,1990,2,2,0,0.9999998849512715,0.23132914484354902,False,neutral,neutral,False,,
2008-04-24,2008-04-23,2000,1990,2,2,0,1.0,0.20433457931789914,False,neutral,neutral,False,,
2008-04-25,2008-04-24,2000,1990,0,2,1,1.0,0.20519932851726586,False,neutral,neutral,False,,
2008-04-28,2008-04-25,2000,1990,1,1,0,1.0,0.2772048901493207,False,neutral,neutral,False,,
2008-04-29,2008-04-28,2000,1990,2,0,1,0.8476655239899874,0.19653139750198564,False,neutral,neutral,False,,
2008-04-30,2008-04-29,2000,1990,1,0,2,1.5706937493149587e-05,0.22582279771162533,False,neutral,neutral,False,,
2008-05-01,2008-04-30,2000,1990,0,2,0,0.977405911664032,0.3914205741193079,False,neutral,neutral,False,,
2008-05-02,2008-05-01,2000,1990,0,2,0,0.6474550113354498,0.020433133384807924,False,neutral,neutral,False,,
2008-05-05,2008-05-02,2000,1990,1,2,0,0.9998715563994718,0.31646283755573223,False,neutral,neutral,False,,
2008-05-06,2008-05-05,2000,1990,0,2,1,0.9935066835820872,0.34846295283306156,False,neutral,neutral,False,,
2008-05-07,2008-05-06,2000,1990,0,0,2,0.6466215729528645,0.5201954924572868,True,bear,neutral,True,NEUTRAL_TO_BEAR,
2008-05-08,2008-05-07,2000,1990,2,2,0,0.5658209419453041,0.4281427813353436,False,neutral,bear,True,BEAR_TO_NEUTRAL,
2008-05-09,2008-05-08,2000,1990,0,1,2,0.9998984960779833,0.3325401669511372,False,neutral,neutral,False,,
2008-05-12,2008-05-09,2000,1990,2,2,0,0.9999985193443083,0.32826284032762426,False,neutral,neutral,False,,
2008-05-13,2008-05-12,2000,1990,1,2,0,0.9999962599834273,0.371598870684173,False,neutral,neutral,False,,
2008-05-14,2008-05-13,2000,1990,0,0,1,1.0,0.3192323058853681,False,neutral,neutral,False,,
2008-05-15,2008-05-14,2000,1990,1,1,0,0.360639872611024,0.3165596525513183,False,neutral,neutral,False,,
2008-05-16,2008-05-15,2000,1990,0,0,1,0.9670487887838501,0.3760918657788537,False,neutral,neutral,False,,
2008-05-19,2008-05-16,2000,1990,0,0,1,0.9987255959808707,0.31760684660641836,False,neutral,neutral,False,,
2008-05-20,2008-05-19,2000,1990,2,2,0,0.8900400449355574,0.3172781874196124,False,neutral,neutral,False,,
2008-05-21,2008-05-20,2000,1990,1,1,0,0.9053701247757331,0.386270163613435,False,neutral,neutral,False,,
2008-05-22,2008-05-21,2000,1990,2,2,0,0.9017269985920432,0.3768138234832193,False,neutral,neutral,False,,
2008-05-23,2008-05-22,2000,1990,2,2,0,0.9452323915537895,0.31963964733071343,False,neutral,neutral,False,,
2008-05-27,2008-05-23,2000,1990,0,0,2,0.17091441068108354,0.4630895611581754,False,neutral,neutral,False,,
2008-05-28,2008-05-27,2000,1990,0,2,1,0.12498396078566908,0.34094723183480885,False,neutral,neutral,False,,
2008-05-29,2008-05-28,2000,1990,1,2,0,0.9513335812729995,0.2126878050858709,False,neutral,neutral,False,,
2008-05-30,2008-05-29,2000,1990,0,2,1,0.9843939655004342,0.21736110706452738,False,neutral,neutral,False,,
2008-06-02,2008-05-30,2000,1990,2,0,1,0.708048232940349,0.19958647956353207,False,neutral,neutral,False,,
2008-06-03,2008-06-02,2000,1990,2,1,0,0.19412807141984378,0.3365172177161954,False,neutral,neutral,False,,
2008-06-04,2008-06-03,2000,1990,1,1,0,0.9840292232732751,0.36181598433718415,False,neutral,neutral,False,,
2008-06-05,2008-06-04,2000,1990,0,2,0,0.8984187166673616,0.4806284245031211,False,neutral,neutral,False,,
2008-06-06,2008-06-05,2000,1990,0,2,1,0.469844573004146,0.3070158971795202,False,neutral,neutral,False,,
2008-06-09,2008-06-06,2000,1990,0,0,2,0.9956096043817945,0.07211126505266607,False,neutral,neutral,False,,
2008-06-10,2008-06-09,2000,1990,2,2,1,0.9295982343028212,0.31646370997677153,False,neutral,neutral,False,,
2008-06-11,2008-06-10,2000,1990,2,2,0,0.43019763165235325,0.3533670918239869,False,neutral,neutral,False,,
2008-06-12,2008-06-11,2000,1990,1,1,0,1.0,0.46735690893580817,False,neutral,neutral,False,,
2008-06-13,2008-06-12,2000,1990,2,1,0,1.0,0.20698403745089572,False,neutral,neutral,False,,
2008-06-16,2008-06-13,2000,1990,1,2,0,0.9997577378292897,0.38928056081175333,False,neutral,neutral,False,,
2008-06-17,2008-06-16,2000,1990,1,0,2,0.9848596953843057,0.19605870478002418,False,neutral,neutral,False,,
2008-06-18,2008-06-17,2000,1990,1,2,0,0.9591253452250253,0.23079056603951695,False,neutral,neutral,False,,
2008-06-19,2008-06-18,2000,1990,2,1,0,0.9710945859540906,0.32104547013137885,False,neutral,neutral,False,,
2008-06-20,2008-06-19,2000,1990,2,1,0,2.1209503284966155e-05,0.19648171380722004,False,neutral,neutral,False,,
2008-06-23,2008-06-20,2000,1990,0,0,2,0.907622128336363,0.29705438528798017,False,neutral,neutral,False,,
2008-06-24,2008-06-23,2000,1990,2,2,0,0.4110461112454075,0.3236131729290758,False,neutral,neutral,False,,
2008-06-25,2008-06-24,2000,1990,1,1,0,0.9596727041999518,0.20777640355847748,False,neutral,neutral,False,,
2008-06-26,2008-06-25,2000,1990,2,1,0,0.9980033553072483,0.22371308130170697,False,neutral,neutral,False,,
2008-06-27,2008-06-26,2000,1990,2,1,0,1.0,0.8614081466521316,True,bull,neutral,True,NEUTRAL_TO_BULL,
2008-06-30,2008-06-27,2000,1990,2,1,0,1.0,0.22091456558995187,False,neutral,bull,True,BULL_TO_NEUTRAL,
2008-07-01,2008-06-30,2000,1990,2,0,1,1.0,0.20108812006018087,False,neutral,neutral,False,,
2008-07-02,2008-07-01,2000,1990,2,1,0,1.0,0.20181879267684896,False,neutral,neutral,False,,
2008-07-03,2008-07-02,2000,1990,2,1,0,1.0,0.5691426652138716,True,bull,neutral,True,NEUTRAL_TO_BULL,
2008-07-07,2008-07-03,2000,1990,1,1,2,0.999994591419628,0.194692963125957,False,neutral,bull,True,BULL_TO_NEUTRAL,
2008-07-08,2008-07-07,2000,1990,2,2,1,1.0,0.332987335801229,False,neutral,neutral,False,,
2008-07-09,2008-07-08,2000,1990,2,2,0,0.9999977260259684,0.577311412325487,True,bear,neutral,True,NEUTRAL_TO_BEAR,
2008-07-10,2008-07-09,2000,1990,1,1,0,0.9991314210454878,0.619694446668412,True,bear,bear,False,,
2008-07-11,2008-07-10,2000,1990,1,2,0,0.956722684571811,0.32278061013168036,False,neutral,bear,True,BEAR_TO_NEUTRAL,
2008-07-14,2008-07-11,2000,1990,2,1,0,0.8651966498020595,0.4044680213115711,False,neutral,neutral,False,,
2008-07-15,2008-07-14,2000,1990,2,1,0,0.31851603762490704,0.3973724216614303,False,neutral,neutral,False,,
2008-07-16,2008-07-15,2000,1990,2,2,1,0.9999994820248613,0.4467793017812378,False,neutral,neutral,False,,
2008-07-17,2008-07-16,2000,1990,2,0,1,0.9287343797906765,0.8309675720802313,True,bull,neutral,True,NEUTRAL_TO_BULL,
2008-07-18,2008-07-17,2000,1990,2,2,1,0.6503770016521238,0.3149793750152164,False,neutral,bull,True,BULL_TO_NEUTRAL,
2008-07-21,2008-07-18,2000,1990,1,1,0,0.5763532580835817,0.2289219290011989,False,neutral,neutral,False,,
2008-07-22,2008-07-21,2000,1990,1,1,2,0.7715022976064427,0.19589871727607527,False,neutral,neutral,False,,
2008-07-23,2008-07-22,2000,1990,1,1,0,0.8535658983827004,0.31298603661906504,False,neutral,neutral,False,,
2008-07-24,2008-07-23,2000,1990,1,1,0,0.99999987274673,0.231382319152171,False,neutral,neutral,False,,
2008-07-25,2008-07-24,2000,1990,0,0,1,0.9999999273862253,0.6975065616932126,True,bear,neutral,True,NEUTRAL_TO_BEAR,
2008-07-28,2008-07-25,2000,1990,1,1,0,0.9999965083311037,0.1968484274378318,False,neutral,bear,True,BEAR_TO_NEUTRAL,
2008-07-29,2008-07-28,2000,1990,1,1,0,0.9985999247526939,0.4658316692149106,False,neutral,neutral,False,,
2008-07-30,2008-07-29,2000,1990,1,1,0,0.053205092995924776,0.7158823529798041,False,neutral,neutral,False,,
2008-07-31,2008-07-30,2000,1990,2,1,0,0.8849997221748587,0.3428685020744619,False,neutral,neutral,False,,
2008-08-01,2008-07-31,2000,1990,0,2,1,0.9083021766818745,0.4058421318877268,False,neutral,neutral,False,,
2008-08-04,2008-08-01,2000,1990,1,2,0,0.9092561028327252,0.3626209211685711,False,neutral,neutral,False,,
2008-08-05,2008-08-04,2000,1990,0,2,1,0.8540425839417856,0.3870172277061043,False,neutral,neutral,False,,
2008-08-06,2008-08-05,2000,1990,1,2,0,0.7003832576779472,0.16149287522790923,False,neutral,neutral,False,,
2008-08-07,2008-08-06,2000,1990,0,2,1,0.4414729097293988,0.3156921557785224,False,neutral,neutral,False,,
2008-08-08,2008-08-07,2000,1990,2,1,0,0.5580287817770644,0.3988258952114863,False,neutral,neutral,False,,
2008-08-11,2008-08-08,2000,1990,1,2,0,0.18406862500826737,0.34519106594720134,False,neutral,neutral,False,,
2008-08-12,2008-08-11,2000,1990,1,2,0,0.43276714632885177,0.3667714594523277,False,neutral,neutral,False,,
2008-08-13,2008-08-12,2000,1990,2,1,0,0.48576114964342215,0.4018139317893886,False,neutral,neutral,False,,
2008-08-14,2008-08-13,2000,1990,0,2,1,0.5312309605881368,0.3608250766034935,False,neutral,neutral,False,,
2008-08-15,2008-08-14,2000,1990,1,2,0,0.5499451001097372,0.34048773083890593,False,neutral,neutral,False,,
2008-08-18,2008-08-15,2000,1990,0,1,2,0.7305550788273003,0.3197961744237882,False,neutral,neutral,False,,
2008-08-19,2008-08-18,2000,1990,2,1,0,0.38375881851726723,0.4091553332379083,False,neutral,neutral,False,,
2008-08-20,2008-08-19,2000,1990,1,2,0,0.936877469032873,0.40619087625463923,False,neutral,neutral,False,,
2008-08-21,2008-08-20,2000,1990,2,1,0,0.9847826882317104,0.3200156256368478,False,neutral,neutral,False,,
2008-08-22,2008-08-21,2000,1990,2,1,0,0.8698756550209763,0.3126127027238741,False,neutral,neutral,False,,
2008-08-25,2008-08-22,2000,1990,1,2,0,0.9146063769634832,0.39241647908818006,False,neutral,neutral,False,,
2008-08-26,2008-08-25,2000,1990,2,1,0,0.7352396152092927,0.31376194549547365,False,neutral,neutral,False,,
2008-08-27,2008-08-26,2000,1990,2,1,0,0.7599864472767422,0.31335003558836677,False,neutral,neutral,False,,
2008-08-28,2008-08-27,2000,1990,2,1,0,0.7983343863631744,0.3607965666014567,False,neutral,neutral,False,,
2008-08-29,2008-08-28,2000,1990,2,1,0,0.9786435271152677,0.3840940565782166,False,neutral,neutral,False,,
2008-09-02,2008-08-29,2000,1990,0,2,1,0.5651387173137252,0.4052887804714899,False,neutral,neutral,False,,
2008-09-03,2008-09-02,2000,1990,0,2,1,0.5329472375664607,0.36449899537266683,False,neutral,neutral,False,,
2008-09-04,2008-09-03,2000,1990,2,1,0,0.3271864991426071,0.31911666486108065,False,neutral,neutral,False,,
2008-09-05,2008-09-04,2000,1990,1,2,0,0.6612210978011532,0.10421781534745642,False,neutral,neutral,False,,
2008-09-08,2008-09-05,2000,1990,1,1,2,0.9760056722079806,0.1996812379594435,False,neutral,neutral,False,,
2008-09-09,2008-09-08,2000,1990,2,2,0,0.808944087426547,0.6699394425668707,True,bear,neutral,True,NEUTRAL_TO_BEAR,
2008-09-10,2008-09-09,2000,1990,2,2,0,0.9999972661152838,0.8952591719427484,True,bear,bear,False,,
2008-09-11,2008-09-10,2000,1990,2,2,1,0.9998004403357388,0.20236374301053428,False,neutral,bear,True,BEAR_TO_NEUTRAL,
2008-09-12,2008-09-11,2000,1990,2,2,1,0.9993180491709963,0.44483581266715067,False,neutral,neutral,False,,
2008-09-15,2008-09-12,2000,1990,2,2,0,0.9588865395736363,0.20994704227296562,False,neutral,neutral,False,,
2008-09-16,2008-09-15,2000,1990,1,1,2,0.9999998263939924,0.9982599486569845,True,bear,neutral,True,NEUTRAL_TO_BEAR,
2008-09-17,2008-09-16,2000,1990,2,2,1,0.9999998810447829,0.5295064798002017,True,bear,bear,False,,
2008-09-18,2008-09-17,2000,1990,1,1,0,1.0,0.9964149113520452,True,bear,bear,False,,
2008-09-19,2008-09-18,2000,1990,1,1,0,1.0,0.8951623990925709,True,bear,bear,False,,
2008-09-22,2008-09-19,2000,1990,1,1,2,1.0,0.9498566948201711,True,bear,bear,False,,
2008-09-23,2008-09-22,2000,1990,2,2,0,1.0,0.7288250940185709,True,bear,bear,False,,
2008-09-24,2008-09-23,2000,1990,1,1,0,1.0,0.7352471510066,True,bear,bear,False,,
2008-09-25,2008-09-24,2000,1990,2,2,0,0.9999999909269754,0.19496986668160565,False,neutral,bear,True,BEAR_TO_NEUTRAL,
2008-09-26,2008-09-25,2000,1990,1,1,0,0.9999946846400972,0.4874715243058884,False,neutral,neutral,False,,
2008-09-29,2008-09-26,2000,1990,2,2,0,0.9756452289803047,0.19005031156572397,False,neutral,neutral,False,,
2008-09-30,2008-09-29,2000,1990,2,2,0,1.0,0.9999999934117194,True,bear,neutral,True,NEUTRAL_TO_BEAR,
2008-10-01,2008-09-30,2000,1990,2,2,0,1.0,0.9918310832561774,True,bear,bear,False,,
2008-10-02,2008-10-01,2000,1990,1,1,0,1.0,0.18568706442147975,False,neutral,bear,True,BEAR_TO_NEUTRAL,
2008-10-03,2008-10-02,2000,1990,2,2,1,1.0,0.9739877944713788,True,bear,neutral,True,NEUTRAL_TO_BEAR,
2008-10-06,2008-10-03,2000,1990,2,2,1,1.0,0.43017680255577356,False,neutral,bear,True,BEAR_TO_NEUTRAL,
2008-10-07,2008-10-06,2000,1990,1,1,0,1.0,0.9995729454435583,True,bear,neutral,True,NEUTRAL_TO_BEAR,
2008-10-08,2008-10-07,2000,1990,2,2,0,1.0,0.9950232061066537,True,bear,bear,False,,
2008-10-09,2008-10-08,2000,1990,1,1,0,1.0,0.7861367448369919,True,bear,bear,False,,
2008-10-10,2008-10-09,2000,1990,2,2,0,0.9999999999956994,0.9999969714907884,True,bear,bear,False,,
2008-10-13,2008-10-10,2000,1990,2,2,1,0.9999999999995028,0.7388543776815272,True,bear,bear,False,,
2008-10-14,2008-10-13,2000,1990,1,1,0,0.9999999999980925,1.0,True,bear,bear,False,,
2008-10-15,2008-10-14,2000,1990,1,2,0,1.0,0.45370244046415853,False,neutral,bear,True,BEAR_TO_NEUTRAL,
2008-10-16,2008-10-15,2000,1990,1,1,0,0.9999999956027081,0.9999999995003814,True,bear,neutral,True,NEUTRAL_TO_BEAR,
2008-10-17,2008-10-16,2000,1990,1,1,0,0.9999998865011275,0.9657278420981114,True,bear,bear,False,,
2008-10-20,2008-10-17,2000,1990,1,2,0,1.0,0.24894573266089431,False,neutral,bear,True,BEAR_TO_NEUTRAL,
2008-10-21,2008-10-20,2000,1990,1,1,0,0.9999789541685354,0.9999450162970793,True,bear,neutral,True,NEUTRAL_TO_BEAR,
2008-10-22,2008-10-21,2000,1990,1,1,0,0.9998848229271962,0.8449606967731597,True,bear,bear,False,,
2008-10-23,2008-10-22,2000,1990,1,1,0,0.9996757726668174,0.9986393101554772,True,bear,bear,False,,
2008-10-24,2008-10-23,2000,1990,2,2,0,0.9996325007898229,0.25170604473436275,False,neutral,bear,True,BEAR_TO_NEUTRAL,
2008-10-27,2008-10-24,2000,1990,1,1,0,0.999843898091881,0.9967780143105722,True,bear,neutral,True,NEUTRAL_TO_BEAR,
2008-10-28,2008-10-27,2000,1990,1,1,0,0.9999401007918925,0.92551781545415,True,bear,bear,False,,
2008-10-29,2008-10-28,2000,1990,1,1,0,0.999368428373601,0.9999999999999998,True,bear,bear,False,,
2008-10-30,2008-10-29,2000,1990,2,2,1,0.9993230930769771,0.2002501812800147,False,neutral,bear,True,BEAR_TO_NEUTRAL,
2008-10-31,2008-10-30,2000,1990,1,1,0,0.9996279264826694,0.8904702510940457,True,bear,neutral,True,NEUTRAL_TO_BEAR,
2008-11-03,2008-10-31,2000,1990,2,2,0,0.9998160483141343,0.1545859410647495,False,neutral,bear,True,BEAR_TO_NEUTRAL,
2008-11-04,2008-11-03,2000,1990,1,1,0,0.999614969908499,0.14152386403228395,False,neutral,neutral,False,,
2008-11-05,2008-11-04,2000,1990,1,1,0,0.9999430667146966,0.8798210014176154,True,bear,neutral,True,NEUTRAL_TO_BEAR,
2008-11-06,2008-11-05,2000,1990,1,1,0,0.9999436463993533,0.9783265154746948,True,bear,bear,False,,
2008-11-07,2008-11-06,2000,1990,1,2,0,1.0,0.9999999999999998,True,bull,bear,True,BEAR_TO_BULL,
2008-11-10,2008-11-07,2000,1990,2,2,0,0.9996586823806866,0.8643539647247747,True,bear,bull,True,BULL_TO_BEAR,
2008-11-11,2008-11-10,2000,1990,1,1,0,0.9004417135446097,0.3272128955976307,False,neutral,bear,True,BEAR_TO_NEUTRAL,
2008-11-12,2008-11-11,2000,1990,1,1,0,0.9798135117645937,0.8559572475217172,True,bear,neutral,True,NEUTRAL_TO_BEAR,
2008-11-13,2008-11-12,2000,1990,2,2,0,0.9994300228608439,0.9868557149812713,True,bear,bear,False,,
2008-11-14,2008-11-13,2000,1990,2,2,1,0.9994853293703616,0.999934943354868,True,bear,bear,False,,
2008-11-17,2008-11-14,2000,1990,1,1,2,0.9998207335483162,0.9971194426860936,True,bear,bear,False,,
2008-11-18,2008-11-17,2000,1990,1,1,0,0.9998972767955833,0.3301360479848231,False,neutral,bear,True,BEAR_TO_NEUTRAL,
2008-11-19,2008-11-18,2000,1990,2,2,0,0.9965191388857395,0.4696782900242252,False,neutral,neutral,False,,
2008-11-20,2008-11-19,2000,1990,1,1,0,0.997648618464949,0.9999579704944648,True,bear,neutral,True,NEUTRAL_TO_BEAR,
2008-11-21,2008-11-20,2000,1990,1,1,0,0.9999907874402111,0.9999989986279736,True,bear,bear,False,,
2008-11-24,2008-11-21,2000,1990,1,1,0,0.9999844022231231,0.9990440310345878,True,bear,bear,False,,
2008-11-25,2008-11-24,2000,1990,1,1,0,0.9998951608582884,0.9999958263182698,True,bear,bear,False,,
2008-11-26,2008-11-25,2000,1990,1,1,0,0.9996962977269089,0.16385422017072063,False,neutral,bear,True,BEAR_TO_NEUTRAL,
2008-11-28,2008-11-26,2000,1990,1,1,0,0.9997463202753724,0.953098809920808,True,bear,neutral,True,NEUTRAL_TO_BEAR,
2008-12-01,2008-11-28,2000,1990,1,1,0,0.9997604585966873,0.25899180503092045,False,neutral,bear,True,BEAR_TO_NEUTRAL,
2008-12-02,2008-12-01,2000,1990,1,1,0,0.9997316193295608,0.9999999984830771,True,bear,neutral,True,NEUTRAL_TO_BEAR,
2008-12-03,2008-12-02,2000,1990,1,1,0,0.9997081298551179,0.9571785947202066,True,bear,bear,False,,
2008-12-04,2008-12-03,2000,1990,1,1,0,0.9994560711776326,0.6307716839738017,True,bear,bear,False,,
2008-12-05,2008-12-04,2000,1990,1,1,0,0.999682024860247,0.6433147597147946,True,bear,bear,False,,
2008-12-08,2008-12-05,2000,1990,1,1,2,0.971623714533908,0.8335516281116352,True,bear,bear,False,,
2008-12-09,2008-12-08,2000,1990,2,2,1,0.8449247230963131,0.9153778776345324,True,bear,bear,False,,
2008-12-10,2008-12-09,2000,1990,1,1,0,0.8622723262780759,0.41067049824150287,False,neutral,bear,True,BEAR_TO_NEUTRAL,
2008-12-11,2008-12-10,2000,1990,2,2,1,0.8941126944945567,0.15662945689411414,False,neutral,neutral,False,,
2008-12-12,2008-12-11,2000,1990,1,1,0,0.8819408045611157,0.6704027181269552,True,bear,neutral,True,NEUTRAL_TO_BEAR,
2008-12-15,2008-12-12,2000,1990,1,1,0,0.8388191897655143,0.24415994117856119,False,neutral,bear,True,BEAR_TO_NEUTRAL,
2008-12-16,2008-12-15,2000,1990,2,1,0,0.940938799697343,0.46093935091854676,False,neutral,neutral,False,,
2008-12-17,2008-12-16,2000,1990,2,2,1,0.10426890967537722,0.99390612970545,False,neutral,neutral,False,,
2008-12-18,2008-12-17,2000,1990,2,0,1,0.9996694978965615,0.2920886461394888,False,neutral,neutral,False,,
2008-12-19,2008-12-18,2000,1990,2,1,0,0.9781664372774196,0.4385302635643446,False,neutral,neutral,False,,
2008-12-22,2008-12-19,2000,1990,2,2,0,0.4991706566873107,0.5865648405844806,True,bear,neutral,True,NEUTRAL_TO_BEAR,
2008-12-23,2008-12-22,2000,1990,2,1,0,1.0,0.1990562987671004,False,neutral,bear,True,BEAR_TO_NEUTRAL,
2008-12-24,2008-12-23,2000,1990,1,2,0,0.6836157891411824,0.34289435351501796,False,neutral,neutral,False,,
2008-12-26,2008-12-24,2000,1990,2,1,0,0.9949866193817455,0.3356663708793287,False,neutral,neutral,False,,
2008-12-29,2008-12-26,2000,1990,2,1,0,0.9772599510246628,0.33607975299341314,False,neutral,neutral,False,,
2008-12-30,2008-12-29,2000,1990,2,1,0,0.9538116468523029,0.3316293600659603,False,neutral,neutral,False,,
2008-12-31,2008-12-30,2000,1990,2,0,1,0.9344211117136909,0.3749915376124355,False,neutral,neutral,False,,
2009-01-02,2008-12-31,2000,1990,0,1,2,1.0,0.4665755692163948,False,neutral,neutral,False,,
2009-01-05,2009-01-02,2000,1990,2,1,0,0.6700362174409529,0.2064534703834043,False,neutral,neutral,False,,
2009-01-06,2009-01-05,2000,1990,2,1,0,0.1755964085380544,0.31913296706805633,False,neutral,neutral,False,,
2009-01-07,2009-01-06,2000,1990,1,1,0,0.9615069985819992,0.15596052844936534,False,neutral,neutral,False,,
2009-01-08,2009-01-07,2000,1990,2,2,1,0.9161288750116352,0.8188566494633516,True,bear,neutral,True,NEUTRAL_TO_BEAR,
2009-01-09,2009-01-08,2000,1990,2,2,1,0.8109655887690115,0.13700843048068548,False,neutral,bear,True,BEAR_TO_NEUTRAL,
2009-01-12,2009-01-09,2000,1990,2,2,1,0.5259757989805429,0.5703128329339485,True,bear,neutral,True,NEUTRAL_TO_BEAR,
2009-01-13,2009-01-12,2000,1990,1,1,0,0.7700313471137622,0.6939631661422982,True,bear,bear,False,,
2009-01-14,2009-01-13,2000,1990,2,0,1,1.0,0.15062746644654929,False,neutral,bear,True,BEAR_TO_NEUTRAL,
2009-01-15,2009-01-14,2000,1990,1,1,0,0.9500338687589002,0.8512817150991724,True,bear,neutral,True,NEUTRAL_TO_BEAR,
2009-01-16,2009-01-15,2000,1990,1,1,0,0.9892464627299498,0.1305047771666839,False,neutral,bear,True,BEAR_TO_NEUTRAL,
2009-01-20,2009-01-16,2000,1990,1,1,0,0.9881697079047344,0.16923666659113465,False,neutral,neutral,False,,
2009-01-21,2009-01-20,2000,1990,1,1,2,0.9972848170054389,0.9981508653248896,True,bear,neutral,True,NEUTRAL_TO_BEAR,
2009-01-22,2009-01-21,2000,1990,1,1,0,0.9817307016214787,0.9771676199925683,True,bear,bear,False,,
2009-01-23,2009-01-22,2000,1990,2,2,1,0.9640893125560939,0.38411174696104133,False,neutral,bear,True,BEAR_TO_NEUTRAL,
2009-01-26,2009-01-23,2000,1990,1,1,0,0.6932646045893224,0.13784735043921162,False,neutral,neutral,False,,
2009-01-27,2009-01-26,2000,1990,2,1,0,1.0,0.34737701748365746,False,neutral,neutral,False,,
2009-01-28,2009-01-27,2000,1990,1,2,0,1.0,0.39834406449900017,False,neutral,neutral,False,,
2009-01-29,2009-01-28,2000,1990,0,1,2,0.9665289399856267,0.07277237395459281,False,neutral,neutral,False,,
2009-01-30,2009-01-29,2000,1990,0,1,2,1.0,0.14406145894166789,False,neutral,neutral,False,,
2009-02-02,2009-01-30,2000,1990,2,1,0,1.0,0.4201668983155011,False,neutral,neutral,False,,
2009-02-03,2009-02-02,2000,1990,0,2,1,1.0,0.3297637787223808,False,neutral,neutral,False,,
2009-02-04,2009-02-03,2000,1990,2,1,0,0.8954454236868173,0.4633587785051012,False,neutral,neutral,False,,
2009-02-05,2009-02-04,2000,1990,2,1,0,0.9833973826580489,0.35452368235495296,False,neutral,neutral,False,,
2009-02-06,2009-02-05,2000,1990,0,1,2,1.0,0.4745649814040829,False,neutral,neutral,False,,
2009-02-09,2009-02-06,2000,1990,2,0,1,0.9971756136163391,0.2638129523012863,False,neutral,neutral,False,,
2009-02-10,2009-02-09,2000,1990,2,1,0,1.0,0.3111653972626357,False,neutral,neutral,False,,
2009-02-11,2009-02-10,2000,1990,2,1,0,1.0,0.01331769810480551,False,neutral,neutral,False,,
2009-02-12,2009-02-11,2000,1990,0,1,2,1.0,0.33238420617864833,False,neutral,neutral,False,,
2009-02-13,2009-02-12,2000,1990,0,1,2,1.0,0.30866699072107606,False,neutral,neutral,False,,
2009-02-17,2009-02-13,2000,1990,0,1,2,1.0,0.43351257978829616,False,neutral,neutral,False,,
2009-02-18,2009-02-17,2000,1990,0,2,1,0.7265577290992659,0.02908303223474084,False,neutral,neutral,False,,
2009-02-19,2009-02-18,2000,1990,2,1,0,0.1737043554915285,0.32042596035276805,False,neutral,neutral,False,,
2009-02-20,2009-02-19,2000,1990,1,1,0,0.9717890124385503,0.25195776542164433,False,neutral,neutral,False,,
2009-02-23,2009-02-20,2000,1990,2,2,1,0.991158060997574,0.2287977976492481,False,neutral,neutral,False,,
2009-02-24,2009-02-23,2000,1990,1,1,0,0.9962925319563692,0.9182530001955208,True,bear,neutral,True,NEUTRAL_TO_BEAR,
2009-02-25,2009-02-24,2000,1990,1,1,2,0.9633192163946086,0.9263379880044865,True,bear,bear,False,,
2009-02-26,2009-02-25,2000,1990,2,2,0,0.9592819198369653,0.19196647167256883,False,neutral,bear,True,BEAR_TO_NEUTRAL,
2009-02-27,2009-02-26,2000,1990,2,2,0,0.9243477066714235,0.4031220104386456,False,neutral,neutral,False,,
2009-03-02,2009-02-27,2000,1990,2,2,0,0.7809611138995584,0.5982402643607758,True,bear,neutral,True,NEUTRAL_TO_BEAR,
2009-03-03,2009-03-02,2000,1990,1,1,2,0.863952634557579,0.9869866809040017,True,bear,bear,False,,
2009-03-04,2009-03-03,2000,1990,1,1,0,0.9657552814447353,0.19003182177266958,False,neutral,bear,True,BEAR_TO_NEUTRAL,
2009-03-05,2009-03-04,2000,1990,1,1,0,0.9522651460071411,0.5920468315266075,True,bear,neutral,True,NEUTRAL_TO_BEAR,
2009-03-06,2009-03-05,2000,1990,2,2,1,0.9832759889530127,0.9707563213772267,True,bear,bear,False,,
2009-03-09,2009-03-06,2000,1990,1,1,0,0.9834878537061138,0.12846869141478845,False,neutral,bear,True,BEAR_TO_NEUTRAL,
2009-03-10,2009-03-09,2000,1990,1,1,0,0.9979709736520758,0.29215001272172786,False,neutral,neutral,False,,
2009-03-11,2009-03-10,2000,1990,1,1,0,0.959191096356178,0.9996685927067579,True,bear,neutral,True,NEUTRAL_TO_BEAR,
2009-03-12,2009-03-11,2000,1990,1,1,0,0.6918826679992163,0.15261372179152877,False,neutral,bear,True,BEAR_TO_NEUTRAL,
2009-03-13,2009-03-12,2000,1990,1,1,0,0.6676971807334171,0.9481358769405036,True,bear,neutral,True,NEUTRAL_TO_BEAR,
2009-03-16,2009-03-13,2000,1990,1,1,2,0.9054742232865962,0.16798344999196593,False,neutral,bear,True,BEAR_TO_NEUTRAL,
2009-03-17,2009-03-16,2000,1990,0,0,1,0.9795417620721595,0.14473606336772435,False,neutral,neutral,False,,
2009-03-18,2009-03-17,2000,1990,2,2,0,0.9942218867054032,0.7941917528998668,True,bear,neutral,True,NEUTRAL_TO_BEAR,
2009-03-19,2009-03-18,2000,1990,2,2,1,0.9993821603561852,0.5586062597625847,True,bear,bear,False,,
2009-03-20,2009-03-19,2000,1990,1,1,0,0.999206084066966,0.2946680274317869,False,neutral,bear,True,BEAR_TO_NEUTRAL,
2009-03-23,2009-03-20,2000,1990,1,1,0,0.9952178958404735,0.7822417361385335,True,bear,neutral,True,NEUTRAL_TO_BEAR,
2009-03-24,2009-03-23,2000,1990,1,1,0,0.9764924725370111,0.9999956262449589,True,bear,bear,False,,
2009-03-25,2009-03-24,2000,1990,1,1,0,0.9382508733320505,0.5277040382065628,True,bear,bear,False,,
2009-03-26,2009-03-25,2000,1990,2,2,0,0.7502134650272447,0.2103814545316238,False,neutral,bear,True,BEAR_TO_NEUTRAL,
2009-03-27,2009-03-26,2000,1990,2,2,0,0.8700954357146071,0.5287212947819586,True,bear,neutral,True,NEUTRAL_TO_BEAR,
2009-03-30,2009-03-27,2000,1990,1,1,0,0.6880694339115845,0.46412596531693495,False,neutral,bear,True,BEAR_TO_NEUTRAL,
2009-03-31,2009-03-30,2000,1990,1,1,2,0.029983826579519823,0.9095485813363945,False,neutral,neutral,False,,
2009-04-01,2009-03-31,2000,1990,2,1,0,1.0,0.3854884242235802,False,neutral,neutral,False,,
2009-04-02,2009-04-01,2000,1990,2,1,0,1.0,0.48100693755316476,False,neutral,neutral,False,,
2009-04-03,2009-04-02,2000,1990,1,2,0,0.9712027850456574,0.24874833972118493,False,neutral,neutral,False,,
2009-04-06,2009-04-03,2000,1990,2,1,0,1.0,0.3996208383788663,False,neutral,neutral,False,,
2009-04-07,2009-04-06,2000,1990,2,1,0,1.0,0.3868564629106014,False,neutral,neutral,False,,
2009-04-08,2009-04-07,2000,1990,1,2,0,1.0,0.34981235875220806,False,neutral,neutral,False,,
2009-04-09,2009-04-08,2000,1990,2,1,0,1.0,0.4136656500102065,False,neutral,neutral,False,,
2009-04-13,2009-04-09,2000,1990,2,1,0,0.7674587847551284,0.0566068562876865,False,neutral,neutral,False,,
2009-04-14,2009-04-13,2000,1990,2,1,0,0.30920165788214177,0.3088052365379724,False,neutral,neutral,False,,
2009-04-15,2009-04-14,2000,1990,2,1,0,0.9846775635451539,0.45764153620324205,False,neutral,neutral,False,,
2009-04-16,2009-04-15,2000,1990,2,1,0,1.0,0.4126714744364375,False,neutral,neutral,False,,
2009-04-17,2009-04-16,2000,1990,2,1,0,1.0,0.48258448346170296,False,neutral,neutral,False,,
2009-04-20,2009-04-17,2000,1990,2,1,0,1.0,0.34627011575995525,False,neutral,neutral,False,,
2009-04-21,2009-04-20,2000,1990,2,1,0,1.0,0.028442365681696294,False,neutral,neutral,False,,
2009-04-22,2009-04-21,2000,1990,2,1,0,1.0,0.4879244596584427,False,neutral,neutral,False,,
2009-04-23,2009-04-22,2000,1990,1,2,0,0.8356462430981837,0.3593457081076584,False,neutral,neutral,False,,
2009-04-24,2009-04-23,2000,1990,2,1,0,0.09822583060721769,0.394184587737429,False,neutral,neutral,False,,
2009-04-27,2009-04-24,2000,1990,0,1,0,0.8012030960973645,0.19400088422357295,False,neutral,neutral,False,,
2009-04-28,2009-04-27,2000,1990,0,1,0,0.8003590313544061,0.36615308693388254,False,neutral,neutral,False,,
2009-04-29,2009-04-28,2000,1990,0,1,0,0.8897403820199007,0.5316112590272636,True,bull,neutral,True,NEUTRAL_TO_BULL,
2009-04-30,2009-04-29,2000,1990,1,2,1,0.636736473313207,0.04667643859459329,False,neutral,bull,True,BULL_TO_NEUTRAL,
2009-05-01,2009-04-30,2000,1990,0,1,0,0.3775816015536359,0.5633708385837433,True,bull,neutral,True,NEUTRAL_TO_BULL,
2009-05-04,2009-05-01,2000,1990,2,1,0,0.939403712263205,0.32829043351316045,False,neutral,bull,True,BULL_TO_NEUTRAL,
2009-05-05,2009-05-04,2000,1990,2,1,0,0.8876526836399693,0.10427233105980077,False,neutral,neutral,False,,
2009-05-06,2009-05-05,2000,1990,0,1,2,0.8218811089127799,0.32680273780714963,False,neutral,neutral,False,,
2009-05-07,2009-05-06,2000,1990,2,1,0,0.29259496436351984,0.49888406463272567,False,neutral,neutral,False,,
2009-05-08,2009-05-07,2000,1990,2,1,0,0.3408170300538059,0.4584078149188261,False,neutral,neutral,False,,
2009-05-11,2009-05-08,2000,1990,2,0,1,0.13448160674366158,0.42720908449868744,False,neutral,neutral,False,,
2009-05-12,2009-05-11,2000,1990,2,1,0,0.2826024454232298,0.44408012744371966,False,neutral,neutral,False,,
2009-05-13,2009-05-12,2000,1990,2,1,0,1.0,0.32219524097025876,False,neutral,neutral,False,,
2009-05-14,2009-05-13,2000,1990,1,2,0,1.0,0.3129118236259532,False,neutral,neutral,False,,
2009-05-15,2009-05-14,2000,1990,2,1,0,1.0,0.37135279565426965,False,neutral,neutral,False,,
2009-05-18,2009-05-15,2000,1990,2,1,0,0.9878547868887055,0.4000551714704246,False,neutral,neutral,False,,
2009-05-19,2009-05-18,2000,1990,1,2,0,0.8868695172765875,0.29775732002156124,False,neutral,neutral,False,,
2009-05-20,2009-05-19,2000,1990,2,1,0,0.9037529522030372,0.31004113522874244,False,neutral,neutral,False,,
2009-05-21,2009-05-20,2000,1990,2,1,0,0.8640852002342028,0.3766401226706997,False,neutral,neutral,False,,
2009-05-22,2009-05-21,2000,1990,0,2,1,0.8295715179628108,0.4620815962134669,False,neutral,neutral,False,,
2009-05-26,2009-05-22,2000,1990,2,0,2,0.9897942356077868,0.7259624213309568,True,bull,neutral,True,NEUTRAL_TO_BULL,
2009-05-27,2009-05-26,2000,1990,1,2,0,0.15869564835532496,0.3690674298080796,False,neutral,bull,True,BULL_TO_NEUTRAL,
2009-05-28,2009-05-27,2000,1990,0,1,2,0.09399194822172996,0.4555493614983207,False,neutral,neutral,False,,
2009-05-29,2009-05-28,2000,1990,1,2,0,0.05460703989087982,0.46874603322761943,False,neutral,neutral,False,,
2009-06-01,2009-05-29,2000,1990,0,2,1,0.4025062765245706,0.5000810821491625,True,bull,neutral,True,NEUTRAL_TO_BULL,
2009-06-02,2009-06-01,2000,1990,2,1,0,1.0,0.40719407297719495,False,neutral,bull,True,BULL_TO_NEUTRAL,
2009-06-03,2009-06-02,2000,1990,0,2,1,0.9179638343200458,0.3034544180781035,False,neutral,neutral,False,,
2009-06-04,2009-06-03,2000,1990,0,1,2,0.6357448216272794,0.44743341762857836,False,neutral,neutral,False,,
2009-06-05,2009-06-04,2000,1990,1,2,0,0.38134719208195905,0.38549024077811217,False,neutral,neutral,False,,
2009-06-08,2009-06-05,2000,1990,0,1,2,0.5896240144750515,0.30475459538379546,False,neutral,neutral,False,,
2009-06-09,2009-06-08,2000,1990,1,2,0,1.0,0.3316402379752719,False,neutral,neutral,False,,
2009-06-10,2009-06-09,2000,1990,2,1,0,1.0,0.32451650180542047,False,neutral,neutral,False,,
2009-06-11,2009-06-10,2000,1990,1,2,0,0.4689032758160346,0.31762934376944,False,neutral,neutral,False,,
2009-06-12,2009-06-11,2000,1990,0,1,0,0.9999572189446211,0.5436420099045577,True,bull,neutral,True,NEUTRAL_TO_BULL,
2009-06-15,2009-06-12,2000,1990,2,1,2,1.0,0.5608713572181843,True,bull,bull,False,,
2009-06-16,2009-06-15,2000,1990,0,1,0,0.9999991533365941,0.023715212916087438,False,neutral,bull,True,BULL_TO_NEUTRAL,
2009-06-17,2009-06-16,2000,1990,0,1,0,0.9096845731488079,0.2237712416831045,False,neutral,neutral,False,,
2009-06-18,2009-06-17,2000,1990,1,2,1,0.36695455690166545,0.557588440913933,True,bull,neutral,True,NEUTRAL_TO_BULL,
2009-06-19,2009-06-18,2000,1990,0,2,1,0.9996567262589177,0.3540578612238585,False,neutral,bull,True,BULL_TO_NEUTRAL,
2009-06-22,2009-06-19,2000,1990,0,1,2,0.9777049056092696,0.31536803969381255,False,neutral,neutral,False,,
2009-06-23,2009-06-22,2000,1990,2,1,0,1.0,0.19820028077174548,False,neutral,neutral,False,,
2009-06-24,2009-06-23,2000,1990,0,1,2,0.9775771188471608,0.30486452237656125,False,neutral,neutral,False,,
2009-06-25,2009-06-24,2000,1990,2,1,0,0.9986476343863154,0.37191150196080364,False,neutral,neutral,False,,
2009-06-26,2009-06-25,2000,1990,0,2,1,1.0,0.46197292618746877,False,neutral,neutral,False,,
2009-06-29,2009-06-26,2000,1990,0,1,2,0.4823685228912475,0.3181474602658589,False,neutral,neutral,False,,
2009-06-30,2009-06-29,2000,1990,2,1,0,0.41387365163102036,0.3854252961510969,False,neutral,neutral,False,,
2009-07-01,2009-06-30,2000,1990,0,1,2,0.44926094336727307,0.38296921193498223,False,neutral,neutral,False,,
2009-07-02,2009-07-01,2000,1990,1,2,0,0.5608108158841782,0.3159796174682194,False,neutral,neutral,False,,
2009-07-06,2009-07-02,2000,1990,2,1,0,0.7153048894329849,0.2635481767491586,False,neutral,neutral,False,,
2009-07-07,2009-07-06,2000,1990,0,1,2,0.7814727618935066,0.3052304318876445,False,neutral,neutral,False,,
2009-07-08,2009-07-07,2000,1990,2,1,0,1.0,0.435204307240341,False,neutral,neutral,False,,
2009-07-09,2009-07-08,2000,1990,0,2,1,1.0,0.3070941675022392,False,neutral,neutral,False,,
2009-07-10,2009-07-09,2000,1990,2,1,0,1.0,0.3018767984899804,False,neutral,neutral,False,,
2009-07-13,2009-07-10,2000,1990,2,1,0,1.0,0.31659293031894736,False,neutral,neutral,False,,
2009-07-14,2009-07-13,2000,1990,2,1,0,1.0,0.4072621295640889,False,neutral,neutral,False,,
2009-07-15,2009-07-14,2000,1990,2,1,0,1.0,0.3288455273301877,False,neutral,neutral,False,,
2009-07-16,2009-07-15,2000,1990,0,2,1,1.0,0.2841681026184375,False,neutral,neutral,False,,
2009-07-17,2009-07-16,2000,1990,2,1,0,0.9999338098795691,0.31099874333390176,False,neutral,neutral,False,,
2009-07-20,2009-07-17,2000,1990,2,1,0,0.28646776863156537,0.41487774069110916,False,neutral,neutral,False,,
2009-07-21,2009-07-20,2000,1990,1,2,0,0.06980873356679178,0.41038466778689564,False,neutral,neutral,False,,
2009-07-22,2009-07-21,2000,1990,1,1,0,0.9658239644246802,0.13915737349873944,False,neutral,neutral,False,,
2009-07-23,2009-07-22,2000,1990,1,1,0,0.9593730493095474,0.1318821607391693,False,neutral,neutral,False,,
2009-07-24,2009-07-23,2000,1990,1,1,0,0.9628116353592109,0.5204431763639205,True,bear,neutral,True,NEUTRAL_TO_BEAR,
2009-07-27,2009-07-24,2000,1990,2,2,0,0.8648825773685334,0.13103207012347037,False,neutral,bear,True,BEAR_TO_NEUTRAL,
2009-07-28,2009-07-27,2000,1990,1,1,0,0.7431757956339251,0.14289716100663383,False,neutral,neutral,False,,
2009-07-29,2009-07-28,2000,1990,2,0,1,0.9999999388542696,0.3349264751187926,False,neutral,neutral,False,,
2009-07-30,2009-07-29,2000,1990,2,1,0,1.0,0.3061670722249346,False,neutral,neutral,False,,
2009-07-31,2009-07-30,2000,1990,2,1,0,1.0,0.37797903752559775,False,neutral,neutral,False,,
2009-08-03,2009-07-31,2000,1990,1,2,0,0.8247500242930907,0.3017323228632437,False,neutral,neutral,False,,
2009-08-04,2009-08-03,2000,1990,1,2,0,0.9972061972612736,0.5058026469191789,True,bull,neutral,True,NEUTRAL_TO_BULL,
2009-08-05,2009-08-04,2000,1990,1,2,0,1.0,0.30466388573749764,False,neutral,bull,True,BULL_TO_NEUTRAL,
2009-08-06,2009-08-05,2000,1990,1,2,0,0.3490766301460219,0.3177904619883912,False,neutral,neutral,False,,
2009-08-07,2009-08-06,2000,1990,0,1,0,0.4933745075964097,0.39647687129543613,False,neutral,neutral,False,,
2009-08-10,2009-08-07,2000,1990,0,1,0,0.5413229155019778,0.26134086736035034,False,neutral,neutral,False,,
2009-08-11,2009-08-10,2000,1990,0,2,0,0.46324638653677996,0.5500403584732478,True,bull,neutral,True,NEUTRAL_TO_BULL,
2009-08-12,2009-08-11,2000,1990,0,1,0,0.8258921472455942,0.26002097371982447,False,neutral,bull,True,BULL_TO_NEUTRAL,
2009-08-13,2009-08-12,2000,1990,0,2,0,0.9937638503885486,0.37181070494948465,False,neutral,neutral,False,,
2009-08-14,2009-08-13,2000,1990,0,1,0,0.9989106884890616,0.4793129480703073,False,neutral,neutral,False,,
2009-08-17,2009-08-14,2000,1990,2,1,2,0.9999999997959431,0.42903495317400403,False,neutral,neutral,False,,
2009-08-18,2009-08-17,2000,1990,0,1,0,0.9820576893287803,0.01467660684815695,False,neutral,neutral,False,,
2009-08-19,2009-08-18,2000,1990,0,1,0,0.9388087366028786,0.4719864661651393,False,neutral,neutral,False,,
2009-08-20,2009-08-19,2000,1990,1,2,1,0.9362394668157294,0.44655271320303236,False,neutral,neutral,False,,
2009-08-21,2009-08-20,2000,1990,0,1,0,0.9217138110987622,0.39175024976067874,False,neutral,neutral,False,,
2009-08-24,2009-08-21,2000,1990,0,1,0,0.3650495297695405,0.051837804572787846,False,neutral,neutral,False,,
2009-08-25,2009-08-24,2000,1990,2,1,2,1.0,0.30484084591599087,False,neutral,neutral,False,,
2009-08-26,2009-08-25,2000,1990,2,1,0,1.0,0.30455961074762966,False,neutral,neutral,False,,
2009-08-27,2009-08-26,2000,1990,2,1,0,1.0,0.3045935293606752,False,neutral,neutral,False,,
2009-08-28,2009-08-27,2000,1990,1,2,0,1.0,0.3054336544995117,False,neutral,neutral,False,,
2009-08-31,2009-08-28,2000,1990,2,1,0,1.0,0.3057336650087249,False,neutral,neutral,False,,
2009-09-01,2009-08-31,2000,1990,0,2,1,1.0,0.39562622548289533,False,neutral,neutral,False,,
2009-09-02,2009-09-01,2000,1990,2,1,0,0.7417112516314076,0.3854953173638859,False,neutral,neutral,False,,
2009-09-03,2009-09-02,2000,1990,0,1,0,0.4380612474745332,0.42609992730064256,False,neutral,neutral,False,,
2009-09-04,2009-09-03,2000,1990,2,1,0,0.9286816310302367,0.36624848176049785,False,neutral,neutral,False,,
2009-09-08,2009-09-04,2000,1990,2,1,2,0.931110043462023,0.4749171315731171,False,neutral,neutral,False,,
2009-09-09,2009-09-08,2000,1990,0,2,1,0.8606899521631945,0.37162840666695024,False,neutral,neutral,False,,
2009-09-10,2009-09-09,2000,1990,2,1,0,0.9880796260495878,0.35593360968029614,False,neutral,neutral,False,,
2009-09-11,2009-09-10,2000,1990,2,1,0,1.0,0.4023140471805804,False,neutral,neutral,False,,
2009-09-14,2009-09-11,2000,1990,0,2,1,1.0,0.30587714584376424,False,neutral,neutral,False,,
2009-09-15,2009-09-14,2000,1990,2,1,0,0.9999992414611547,0.32903434190227443,False,neutral,neutral,False,,
2009-09-16,2009-09-15,2000,1990,0,2,1,0.6232283763469338,0.31768818907069746,False,neutral,neutral,False,,
2009-09-17,2009-09-16,2000,1990,0,1,0,0.36054325441874907,0.495465778683749,False,neutral,neutral,False,,
2009-09-18,2009-09-17,2000,1990,0,1,0,0.801927641376462,0.3117035149770582,False,neutral,neutral,False,,
2009-09-21,2009-09-18,2000,1990,2,1,0,1.0,0.33263823887543054,False,neutral,neutral,False,,
2009-09-22,2009-09-21,2000,1990,2,1,0,1.0,0.3189007765947691,False,neutral,neutral,False,,
2009-09-23,2009-09-22,2000,1990,0,2,1,0.4004809101302104,0.3316317983458103,False,neutral,neutral,False,,
2009-09-24,2009-09-23,2000,1990,0,1,0,0.9717936802972649,0.40696528234659884,False,neutral,neutral,False,,
2009-09-25,2009-09-24,2000,1990,2,2,0,0.5333837157944963,0.544193779918912,True,bear,neutral,True,NEUTRAL_TO_BEAR,
2009-09-28,2009-09-25,2000,1990,0,1,2,0.9596130771294252,0.491303179998783,False,neutral,bear,True,BEAR_TO_NEUTRAL,
2009-09-29,2009-09-28,2000,1990,0,2,1,0.9798788254119623,0.08948289976115335,False,neutral,neutral,False,,
2009-09-30,2009-09-29,2000,1990,0,1,2,0.9837705535554094,0.5345728159601882,True,bull,neutral,True,NEUTRAL_TO_BULL,
2009-10-01,2009-09-30,2000,1990,2,1,0,0.9946671147772235,0.5215043483098751,True,bull,bull,False,,
2009-10-02,2009-10-01,2000,1990,2,1,0,0.9012583595426246,0.10807286741990178,False,neutral,bull,True,BULL_TO_NEUTRAL,
2009-10-05,2009-10-02,2000,1990,0,1,2,0.07428592977398894,0.28759620599842006,False,neutral,neutral,False,,
2009-10-06,2009-10-05,2000,1990,2,1,2,0.9689157952458106,0.488306454182377,False,neutral,neutral,False,,
2009-10-07,2009-10-06,2000,1990,1,2,1,0.43470015911885335,0.4829370362964801,False,neutral,neutral,False,,
2009-10-08,2009-10-07,2000,1990,2,1,0,0.3449225083533226,0.3092348324649458,False,neutral,neutral,False,,
2009-10-09,2009-10-08,2000,1990,2,1,2,0.6671137145510899,0.3567715002880957,False,neutral,neutral,False,,
2009-10-12,2009-10-09,2000,1990,2,1,0,1.0,0.3354459519679322,False,neutral,neutral,False,,
2009-10-13,2009-10-12,2000,1990,1,2,0,1.0,0.3152963012130595,False,neutral,neutral,False,,
2009-10-14,2009-10-13,2000,1990,2,1,0,1.0,0.3156494773705784,False,neutral,neutral,False,,
2009-10-15,2009-10-14,2000,1990,2,1,2,0.8916875832234299,0.5091820891690944,True,bull,neutral,True,NEUTRAL_TO_BULL,
2009-10-16,2009-10-15,2000,1990,2,1,2,0.5549164473298193,0.3134968358234359,False,neutral,bull,True,BULL_TO_NEUTRAL,
2009-10-19,2009-10-16,2000,1990,2,1,2,1.0,0.3745508236923539,False,neutral,neutral,False,,
2009-10-20,2009-10-19,2000,1990,0,2,0,1.0,0.36689676129372634,False,neutral,neutral,False,,
2009-10-21,2009-10-20,2000,1990,2,1,0,0.8871616330368524,0.3471635101638268,False,neutral,neutral,False,,
2009-10-22,2009-10-21,2000,1990,2,1,0,0.18448360388606105,0.39687927938429357,False,neutral,neutral,False,,
2009-10-23,2009-10-22,2000,1990,0,1,0,0.9761327885389548,0.3973723889352703,False,neutral,neutral,False,,
2009-10-26,2009-10-23,2000,1990,0,2,1,0.9969648134400352,0.3025492660731499,False,neutral,neutral,False,,
2009-10-27,2009-10-26,2000,1990,2,1,0,0.9639382636066862,0.3248103463347794,False,neutral,neutral,False,,
2009-10-28,2009-10-27,2000,1990,0,1,2,0.7447776364498098,0.5073003253740099,True,bull,neutral,True,NEUTRAL_TO_BULL,
2009-10-29,2009-10-28,2000,1990,2,1,2,1.0,0.43467688185786063,False,neutral,bull,True,BULL_TO_NEUTRAL,
2009-10-30,2009-10-29,2000,1990,2,1,2,1.0,0.4726734357683562,False,neutral,neutral,False,,
2009-11-02,2009-10-30,2000,1990,2,1,0,0.9188109334439072,0.21873883727219143,False,neutral,neutral,False,,
2009-11-03,2009-11-02,2000,1990,2,1,0,0.956781375757818,0.35092916329932217,False,neutral,neutral,False,,
2009-11-04,2009-11-03,2000,1990,2,1,0,1.0,0.30929536000516195,False,neutral,neutral,False,,
2009-11-05,2009-11-04,2000,1990,2,1,2,1.0,0.3072419782702912,False,neutral,neutral,False,,
2009-11-06,2009-11-05,2000,1990,2,1,2,1.0,0.5104677608353534,True,bull,neutral,True,NEUTRAL_TO_BULL,
2009-11-09,2009-11-06,2000,1990,2,1,2,0.6908529049741539,0.3072022699819617,False,neutral,bull,True,BULL_TO_NEUTRAL,
2009-11-10,2009-11-09,2000,1990,2,1,2,1.0,0.44937497686361794,False,neutral,neutral,False,,
2009-11-11,2009-11-10,2000,1990,2,1,2,0.723933575515128,0.30518769352960057,False,neutral,neutral,False,,
2009-11-12,2009-11-11,2000,1990,2,1,2,0.29004026583011355,0.32401732656159765,False,neutral,neutral,False,,
2009-11-13,2009-11-12,2000,1990,2,1,2,0.19885296077160156,0.4125466665018186,False,neutral,neutral,False,,
2009-11-16,2009-11-13,2000,1990,2,1,2,0.4201609955670317,0.32730153663601147,False,neutral,neutral,False,,
2009-11-17,2009-11-16,2000,1990,0,2,0,0.5208363523174501,0.4892857675100094,False,neutral,neutral,False,,
2009-11-18,2009-11-17,2000,1990,2,1,2,0.985586898253964,0.30484493236939253,False,neutral,neutral,False,,
2009-11-19,2009-11-18,2000,1990,2,1,2,1.0,0.3078323767580709,False,neutral,neutral,False,,
2009-11-20,2009-11-19,2000,1990,0,1,0,0.49621262413620015,0.44543855523063763,False,neutral,neutral,False,,
2009-11-23,2009-11-20,2000,1990,1,2,0,0.9956288944174071,0.5279213418771462,True,bull,neutral,True,NEUTRAL_TO_BULL,
2009-11-24,2009-11-23,2000,1990,2,1,0,0.9951621240677688,0.29020996776694924,False,neutral,bull,True,BULL_TO_NEUTRAL,
2009-11-25,2009-11-24,2000,1990,0,1,2,0.995306839404202,0.5668402163660001,True,bull,neutral,True,NEUTRAL_TO_BULL,
2009-11-27,2009-11-25,2000,1990,0,1,2,0.9872978447446349,0.5560690702527183,True,bull,bull,False,,
2009-11-30,2009-11-27,2000,1990,2,1,0,0.9977263072731177,0.14430732883145836,False,neutral,bull,True,BULL_TO_NEUTRAL,
2009-12-01,2009-11-30,2000,1990,0,2,1,0.9990542413300322,0.5566497381375333,True,bull,neutral,True,NEUTRAL_TO_BULL,
2009-12-02,2009-12-01,2000,1990,0,2,1,0.9988131154680381,0.30396854956023583,False,neutral,bull,True,BULL_TO_NEUTRAL,
2009-12-03,2009-12-02,2000,1990,2,1,0,0.9990653575433965,0.562585111668871,True,bull,neutral,True,NEUTRAL_TO_BULL,
2009-12-04,2009-12-03,2000,1990,0,1,2,0.9996928105326962,0.4242310698757798,False,neutral,bull,True,BULL_TO_NEUTRAL,
2009-12-07,2009-12-04,2000,1990,0,1,2,0.9998623609216667,0.5244221169320836,True,bull,neutral,True,NEUTRAL_TO_BULL,
2009-12-08,2009-12-07,2000,1990,0,1,2,0.9999998058382715,0.5543308996615592,True,bull,bull,False,,
2009-12-09,2009-12-08,2000,1990,0,1,2,0.9999568930668705,0.3156677055347598,False,neutral,bull,True,BULL_TO_NEUTRAL,
2009-12-10,2009-12-09,2000,1990,0,1,2,0.9999324131109212,0.5537641400134692,True,bull,neutral,True,NEUTRAL_TO_BULL,
2009-12-11,2009-12-10,2000,1990,0,1,2,0.9999958873024262,0.5269003562764496,True,bull,bull,False,,
2009-12-14,2009-12-11,2000,1990,0,1,2,0.999999800328068,0.5477239586970438,True,bull,bull,False,,
2009-12-15,2009-12-14,2000,1990,0,1,2,0.9999893832904593,0.5005222618987959,True,bull,bull,False,,
2009-12-16,2009-12-15,2000,1990,2,1,0,0.9999861256754478,0.5068447652329794,True,bull,bull,False,,
2009-12-17,2009-12-16,2000,1990,0,1,2,0.9999622818436832,0.5669597592656448,True,bull,bull,False,,
2009-12-18,2009-12-17,2000,1990,0,1,2,0.9999298271757681,0.2831886937929089,False,neutral,bull,True,BULL_TO_NEUTRAL,
2009-12-21,2009-12-18,2000,1990,1,2,0,0.999842845944836,0.5655993086414345,True,bull,neutral,True,NEUTRAL_TO_BULL,
2009-12-22,2009-12-21,2000,1990,2,1,0,0.9996552420379374,0.39585396560066305,False,neutral,bull,True,BULL_TO_NEUTRAL,
2009-12-23,2009-12-22,2000,1990,1,2,0,0.999985549308911,0.5543337793833019,True,bull,neutral,True,NEUTRAL_TO_BULL,
2009-12-24,2009-12-23,2000,1990,1,2,0,0.9999978760269241,0.5649846023609972,True,bull,bull,False,,
2009-12-28,2009-12-24,2000,1990,0,1,2,0.9998982469457032,0.5413154385085637,True,bull,bull,False,,
2009-12-29,2009-12-28,2000,1990,0,1,2,0.9976705989953345,0.5646086121132335,True,bull,bull,False,,
2009-12-30,2009-12-29,2000,1990,0,1,2,0.9918417263375975,0.554718931387628,True,bull,bull,False,,
2009-12-31,2009-12-30,2000,1990,0,1,2,0.9835388280511573,0.5626314306076038,True,bull,bull,False,,
2010-01-04,2009-12-31,2000,1990,0,1,2,0.9829589935176408,0.36808335122993485,False,neutral,bull,True,BULL_TO_NEUTRAL,
2010-01-05,2010-01-04,2000,1990,0,1,2,0.9924402924239031,0.11661790512876015,False,neutral,neutral,False,,
2010-01-06,2010-01-05,2000,1990,0,1,2,0.9996700661783718,0.5606960323830218,True,bull,neutral,True,NEUTRAL_TO_BULL,
2010-01-07,2010-01-06,2000,1990,0,1,2,0.9995463683549876,0.5650418373282972,True,bull,bull,False,,
2010-01-08,2010-01-07,2000,1990,0,1,2,0.9964014175267875,0.5464450633127186,True,bull,bull,False,,
2010-01-11,2010-01-08,2000,1990,0,1,2,0.9793166374225691,0.5560561395446144,True,bull,bull,False,,
2010-01-12,2010-01-11,2000,1990,1,2,0,0.9213920945837429,0.565736249987589,True,bull,bull,False,,
2010-01-13,2010-01-12,2000,1990,0,1,2,0.9385732526513484,0.3769603921146457,False,neutral,bull,True,BULL_TO_NEUTRAL,
2010-01-14,2010-01-13,2000,1990,0,1,2,0.93365940521999,0.45512522055550414,False,neutral,neutral,False,,
2010-01-15,2010-01-14,2000,1990,0,1,2,0.935689067805816,0.5605294359971421,True,bull,neutral,True,NEUTRAL_TO_BULL,
2010-01-19,2010-01-15,2000,1990,2,1,0,0.9999999977290105,0.3110302023455489,False,neutral,bull,True,BULL_TO_NEUTRAL,
2010-01-20,2010-01-19,2000,1990,0,1,2,0.9999999933040923,0.29872905881478934,False,neutral,neutral,False,,
2010-01-21,2010-01-20,2000,1990,0,1,2,0.9999999995734641,0.3484951555041941,False,neutral,neutral,False,,
2010-01-22,2010-01-21,2000,1990,2,1,0,0.9625193902244162,0.07603062215229914,False,neutral,neutral,False,,
2010-01-25,2010-01-22,2000,1990,0,2,0,1.0,0.3712259061071316,False,neutral,neutral,False,,
2010-01-26,2010-01-25,2000,1990,2,1,2,0.7740771949431343,0.3264520019053955,False,neutral,neutral,False,,
2010-01-27,2010-01-26,2000,1990,0,1,0,0.3125342629919767,0.3361720093325224,False,neutral,neutral,False,,
2010-01-28,2010-01-27,2000,1990,1,2,1,0.2331681637791081,0.32264359971438855,False,neutral,neutral,False,,
2010-01-29,2010-01-28,2000,1990,2,1,2,0.17519929092567924,0.4294027563649786,False,neutral,neutral,False,,
2010-02-01,2010-01-29,2000,1990,2,1,2,0.14407522235234252,0.4229113519677913,False,neutral,neutral,False,,
2010-02-02,2010-02-01,2000,1990,2,1,2,0.2831466633175158,0.5026709680557381,False,neutral,neutral,False,,
2010-02-03,2010-02-02,2000,1990,2,1,2,1.0,0.44141927690327437,False,neutral,neutral,False,,
2010-02-04,2010-02-03,2000,1990,1,2,1,0.19328080536101735,0.3430412449876067,False,neutral,neutral,False,,
2010-02-05,2010-02-04,2000,1990,2,1,2,0.39414248295291204,0.17040894856399988,False,neutral,neutral,False,,
2010-02-08,2010-02-05,2000,1990,2,1,0,0.9381335664119875,0.3070199403836723,False,neutral,neutral,False,,
2010-02-09,2010-02-08,2000,1990,0,1,0,0.8607442514917975,0.38219783615108677,False,neutral,neutral,False,,
2010-02-10,2010-02-09,2000,1990,0,2,0,1.0,0.4506579253208436,False,neutral,neutral,False,,
2010-02-11,2010-02-10,2000,1990,0,1,0,0.9283665881910107,0.3548016906427273,False,neutral,neutral,False,,
2010-02-12,2010-02-11,2000,1990,2,1,2,1.0,0.4082877771733079,False,neutral,neutral,False,,
2010-02-16,2010-02-12,2000,1990,2,1,2,1.0,0.3121626065562219,False,neutral,neutral,False,,
2010-02-17,2010-02-16,2000,1990,2,1,2,1.0,0.5027751877513308,True,bull,neutral,True,NEUTRAL_TO_BULL,
2010-02-18,2010-02-17,2000,1990,2,1,2,1.0,0.32328163550500055,False,neutral,bull,True,BULL_TO_NEUTRAL,
2010-02-19,2010-02-18,2000,1990,2,1,2,1.0,0.3345898973973594,False,neutral,neutral,False,,
2010-02-22,2010-02-19,2000,1990,0,2,0,1.0,0.309418798218396,False,neutral,neutral,False,,
2010-02-23,2010-02-22,2000,1990,0,2,0,1.0,0.30947050093563877,False,neutral,neutral,False,,
2010-02-24,2010-02-23,2000,1990,1,2,0,1.0,0.4462289803636557,False,neutral,neutral,False,,
2010-02-25,2010-02-24,2000,1990,0,1,0,1.0,0.3852656993019553,False,neutral,neutral,False,,
2010-02-26,2010-02-25,2000,1990,2,1,2,0.269026221937761,0.3147592617372847,False,neutral,neutral,False,,
2010-03-01,2010-02-26,2000,1990,0,1,2,0.9767245984433915,0.5630487577663147,True,bull,neutral,True,NEUTRAL_TO_BULL,
2010-03-02,2010-03-01,2000,1990,0,2,1,0.9999984371557965,0.38968345470824395,False,neutral,bull,True,BULL_TO_NEUTRAL,
2010-03-03,2010-03-02,2000,1990,0,1,2,0.9999677487414476,0.559460212112502,True,bull,neutral,True,NEUTRAL_TO_BULL,
2010-03-04,2010-03-03,2000,1990,2,1,0,0.9995546738063011,0.5638310610366397,True,bull,bull,False,,
2010-03-05,2010-03-04,2000,1990,0,1,2,0.9913519548827487,0.5571773557482551,True,bull,bull,False,,
2010-03-08,2010-03-05,2000,1990,0,1,0,0.4280962729585853,0.22506687875527595,False,neutral,bull,True,BULL_TO_NEUTRAL,
2010-03-09,2010-03-08,2000,1990,0,2,0,1.0,0.3081891514183418,False,neutral,neutral,False,,
2010-03-10,2010-03-09,2000,1990,0,2,0,0.8174799464966188,0.5069600806341011,True,bull,neutral,True,NEUTRAL_TO_BULL,
2010-03-11,2010-03-10,2000,1990,2,1,2,1.0,0.32071017755537556,False,neutral,bull,True,BULL_TO_NEUTRAL,
2010-03-12,2010-03-11,2000,1990,0,2,0,1.0,0.31232473579799125,False,neutral,neutral,False,,
2010-03-15,2010-03-12,2000,1990,2,1,2,0.932516512550227,0.3083059746254684,False,neutral,neutral,False,,
2010-03-16,2010-03-15,2000,1990,2,1,2,0.7121955880117083,0.3083446890469879,False,neutral,neutral,False,,
2010-03-17,2010-03-16,2000,1990,2,1,2,0.6402283860295755,0.3629194291132043,False,neutral,neutral,False,,
2010-03-18,2010-03-17,2000,1990,2,1,2,0.524774236990896,0.3342040160085927,False,neutral,neutral,False,,
2010-03-19,2010-03-18,2000,1990,0,1,2,0.8767592588074984,0.5603344943896249,True,bull,neutral,True,NEUTRAL_TO_BULL,
2010-03-22,2010-03-19,2000,1990,0,1,2,0.9623158796039315,0.375842956147105,False,neutral,bull,True,BULL_TO_NEUTRAL,
2010-03-23,2010-03-22,2000,1990,0,1,0,0.947853789555728,0.5278766400981684,True,bull,neutral,True,NEUTRAL_TO_BULL,
2010-03-24,2010-03-23,2000,1990,0,1,2,0.9972155627541356,0.4992514408407761,False,neutral,bull,True,BULL_TO_NEUTRAL,
2010-03-25,2010-03-24,2000,1990,1,2,0,0.9998031195891844,0.4958843643407424,False,neutral,neutral,False,,
2010-03-26,2010-03-25,2000,1990,0,1,0,0.9978657770429996,0.5453211992998594,True,bull,neutral,True,NEUTRAL_TO_BULL,
2010-03-29,2010-03-26,2000,1990,0,1,2,0.9999999997749176,0.5601128681866181,True,bull,bull,False,,
2010-03-30,2010-03-29,2000,1990,0,1,2,1.0,0.5144513960627767,True,bull,bull,False,,
2010-03-31,2010-03-30,2000,1990,0,1,2,1.0,0.5662469532366188,True,bull,bull,False,,
2010-04-01,2010-03-31,2000,1990,0,1,0,0.9999938268955265,0.5253804107174881,True,bull,bull,False,,
2010-04-05,2010-04-01,2000,1990,0,2,1,0.9999999999918282,0.5032629186248604,True,bull,bull,False,,
2010-04-06,2010-04-05,2000,1990,1,2,1,0.9979068631074456,0.4566910614570626,False,neutral,bull,True,BULL_TO_NEUTRAL,
2010-04-07,2010-04-06,2000,1990,0,1,2,0.9964961347941284,0.564156503230324,True,bull,neutral,True,NEUTRAL_TO_BULL,
2010-04-08,2010-04-07,2000,1990,0,1,2,0.9894851906164346,0.47592389975627514,False,neutral,bull,True,BULL_TO_NEUTRAL,
2010-04-09,2010-04-08,2000,1990,0,2,0,0.3883469163268859,0.5953943878175059,True,bull,neutral,True,NEUTRAL_TO_BULL,
2010-04-12,2010-04-09,2000,1990,0,1,2,0.9505674135104153,0.5091163930216452,True,bull,bull,False,,
2010-04-13,2010-04-12,2000,1990,2,1,0,0.9626478620665665,0.5663369829394939,True,bull,bull,False,,
2010-04-14,2010-04-13,2000,1990,0,1,2,0.9494524630266162,0.5657493526826437,True,bull,bull,False,,
2010-04-15,2010-04-14,2000,1990,0,1,2,0.6722863622698673,0.34557152158840665,False,neutral,bull,True,BULL_TO_NEUTRAL,
2010-04-16,2010-04-15,2000,1990,0,1,0,0.5589810640048549,0.5637532164434174,True,bull,neutral,True,NEUTRAL_TO_BULL,
2010-04-19,2010-04-16,2000,1990,0,1,2,0.9496566427726627,0.14870828563531513,False,neutral,bull,True,BULL_TO_NEUTRAL,
2010-04-20,2010-04-19,2000,1990,0,1,2,0.9732288372494209,0.5551734775450452,True,bull,neutral,True,NEUTRAL_TO_BULL,
2010-04-21,2010-04-20,2000,1990,0,2,0,0.8661162691662898,0.43136006753468176,False,neutral,bull,True,BULL_TO_NEUTRAL,
2010-04-22,2010-04-21,2000,1990,0,1,0,0.970674228333908,0.5473529959172895,True,bull,neutral,True,NEUTRAL_TO_BULL,
2010-04-23,2010-04-22,2000,1990,0,1,2,0.9997778153780799,0.5625382567720169,True,bull,bull,False,,
2010-04-26,2010-04-23,2000,1990,1,2,0,0.9974677563763722,0.5119795645313674,True,bull,bull,False,,
2010-04-27,2010-04-26,2000,1990,0,1,0,0.9981525482876699,0.5168080384194376,True,bull,bull,False,,
2010-04-28,2010-04-27,2000,1990,0,1,2,0.8933941452749098,0.02389681272036442,False,neutral,bull,True,BULL_TO_NEUTRAL,
2010-04-29,2010-04-28,2000,1990,1,2,0,0.8400866022973801,0.4857460795754141,False,neutral,neutral,False,,
2010-04-30,2010-04-29,2000,1990,2,1,0,0.8897642076794968,0.3023675493912691,False,neutral,neutral,False,,
2010-05-03,2010-04-30,2000,1990,0,1,2,0.7828243628144441,0.12802407055135526,False,neutral,neutral,False,,
2010-05-04,2010-05-03,2000,1990,2,2,0,0.4993322946001977,0.3361727880053652,False,neutral,neutral,False,,
2010-05-05,2010-05-04,2000,1990,2,1,2,0.9536699685277925,0.32923707511994055,False,neutral,neutral,False,,
2010-05-06,2010-05-05,2000,1990,2,1,2,1.0,0.36296468565023066,False,neutral,neutral,False,,
2010-05-07,2010-05-06,2000,1990,1,1,2,0.8869557825328456,0.8884176542959971,True,bear,neutral,True,NEUTRAL_TO_BEAR,
2010-05-10,2010-05-07,2000,1990,2,2,1,0.9902297043472508,0.36749342072439467,False,neutral,bear,True,BEAR_TO_NEUTRAL,
2010-05-11,2010-05-10,2000,1990,1,0,2,1.0,0.9990601763824669,True,bull,neutral,True,NEUTRAL_TO_BULL,
2010-05-12,2010-05-11,2000,1990,1,1,2,0.9791745332917399,0.1420614489099392,False,neutral,bull,True,BULL_TO_NEUTRAL,
2010-05-13,2010-05-12,2000,1990,1,1,2,0.9695402789115849,0.2904487664238226,False,neutral,neutral,False,,
2010-05-14,2010-05-13,2000,1990,1,1,2,0.8891274019823152,0.29764127902194243,False,neutral,neutral,False,,
2010-05-17,2010-05-14,2000,1990,1,1,2,0.8626654268863995,0.4702965842161268,False,neutral,neutral,False,,
2010-05-18,2010-05-17,2000,1990,2,1,0,0.6174845169587734,0.3135075922343075,False,neutral,neutral,False,,
2010-05-19,2010-05-18,2000,1990,1,2,1,0.9500340873098916,0.4484287195860829,False,neutral,neutral,False,,
2010-05-20,2010-05-19,2000,1990,2,1,0,0.5305624806454423,0.36635986777382606,False,neutral,neutral,False,,
2010-05-21,2010-05-20,2000,1990,2,2,0,0.9651918954458264,0.9501961992274713,True,bear,neutral,True,NEUTRAL_TO_BEAR,
2010-05-24,2010-05-21,2000,1990,2,2,0,0.986816316012554,0.30866559393857196,False,neutral,bear,True,BEAR_TO_NEUTRAL,
2010-05-25,2010-05-24,2000,1990,2,2,0,0.9955648817939224,0.31097488336921775,False,neutral,neutral,False,,
2010-05-26,2010-05-25,2000,1990,1,1,0,0.9989282047880238,0.12682699809034872,False,neutral,neutral,False,,
2010-05-27,2010-05-26,2000,1990,1,2,0,0.9999984172519093,0.2211588721716964,False,neutral,neutral,False,,
2010-05-28,2010-05-27,2000,1990,2,0,1,0.9998619691721737,0.9820696895793438,True,bull,neutral,True,NEUTRAL_TO_BULL,
2010-06-01,2010-05-28,2000,1990,2,2,1,0.7770702294444847,0.3256681666914693,False,neutral,bull,True,BULL_TO_NEUTRAL,
2010-06-02,2010-06-01,2000,1990,2,1,2,1.0,0.43754687580528256,False,neutral,neutral,False,,
2010-06-03,2010-06-02,2000,1990,1,2,0,0.40543389740798175,0.8971574365322641,True,bull,neutral,True,NEUTRAL_TO_BULL,
2010-06-04,2010-06-03,2000,1990,2,1,0,0.442536854262259,0.3756900538252437,False,neutral,bull,True,BULL_TO_NEUTRAL,
2010-06-07,2010-06-04,2000,1990,2,1,2,1.0,0.07864164830955907,False,neutral,neutral,False,,
2010-06-08,2010-06-07,2000,1990,2,1,2,1.0,0.44054516576912733,False,neutral,neutral,False,,
2010-06-09,2010-06-08,2000,1990,2,1,2,1.0,0.415869420629993,False,neutral,neutral,False,,
2010-06-10,2010-06-09,2000,1990,2,1,0,0.7333780818735,0.36173854790552273,False,neutral,neutral,False,,
2010-06-11,2010-06-10,2000,1990,2,1,2,0.999113434528351,0.2603535921467153,False,neutral,neutral,False,,
2010-06-14,2010-06-11,2000,1990,1,2,0,0.935518610540892,0.1493385509212391,False,neutral,neutral,False,,
2010-06-15,2010-06-14,2000,1990,2,1,2,1.0,0.31908576565435315,False,neutral,neutral,False,,
2010-06-16,2010-06-15,2000,1990,0,2,0,0.5658526233228967,0.4376301277617485,False,neutral,neutral,False,,
2010-06-17,2010-06-16,2000,1990,2,1,0,0.2371787968272489,0.31527465095701873,False,neutral,neutral,False,,
2010-06-18,2010-06-17,2000,1990,2,1,2,0.1400068880700583,0.3093792871664389,False,neutral,neutral,False,,
2010-06-21,2010-06-18,2000,1990,1,2,0,1.0,0.17373297638154603,False,neutral,neutral,False,,
2010-06-22,2010-06-21,2000,1990,2,1,0,0.4006515545539634,0.333643417486685,False,neutral,neutral,False,,
2010-06-23,2010-06-22,2000,1990,2,1,2,1.0,0.4460182157898132,False,neutral,neutral,False,,
2010-06-24,2010-06-23,2000,1990,2,1,2,0.67882975442487,0.3319125185016472,False,neutral,neutral,False,,
2010-06-25,2010-06-24,2000,1990,2,1,2,1.0,0.4461033093049873,False,neutral,neutral,False,,
2010-06-28,2010-06-25,2000,1990,1,2,0,0.7809974551412308,0.13591651638313323,False,neutral,neutral,False,,
2010-06-29,2010-06-28,2000,1990,1,2,0,0.7515939904558079,0.33571779884747555,False,neutral,neutral,False,,
2010-06-30,2010-06-29,2000,1990,2,1,2,0.13738349815110265,0.15327026922352133,False,neutral,neutral,False,,
2010-07-01,2010-06-30,2000,1990,1,1,2,0.9726593132127784,0.22946583737854753,False,neutral,neutral,False,,
2010-07-02,2010-07-01,2000,1990,2,2,0,0.984101610895846,0.15547601595874036,False,neutral,neutral,False,,
2010-07-06,2010-07-02,2000,1990,2,2,0,0.9842402200894296,0.1656768824679115,False,neutral,neutral,False,,
2010-07-07,2010-07-06,2000,1990,1,1,2,0.9550606173200865,0.14790913392939886,False,neutral,neutral,False,,
2010-07-08,2010-07-07,2000,1990,1,1,2,0.8595861605525549,0.7996903445809596,True,bear,neutral,True,NEUTRAL_TO_BEAR,
2010-07-09,2010-07-08,2000,1990,1,1,2,0.5725532640104884,0.1935873417603115,False,neutral,bear,True,BEAR_TO_NEUTRAL,
2010-07-12,2010-07-09,2000,1990,2,1,2,0.3320960000003772,0.3542970731708634,False,neutral,neutral,False,,
2010-07-13,2010-07-12,2000,1990,2,1,2,0.3147824160739816,0.31189859774063505,False,neutral,neutral,False,,
2010-07-14,2010-07-13,2000,1990,2,1,2,0.11731591252161125,0.5039353578204885,False,neutral,neutral,False,,
2010-07-15,2010-07-14,2000,1990,1,2,0,1.0,0.14066891017131347,False,neutral,neutral,False,,
2010-07-16,2010-07-15,2000,1990,2,2,1,0.9680551575033841,0.12889927684467456,False,neutral,neutral,False,,
2010-07-19,2010-07-16,2000,1990,1,1,2,0.900322960173894,0.769825982532013,True,bear,neutral,True,NEUTRAL_TO_BEAR,
2010-07-20,2010-07-19,2000,1990,2,1,2,0.9343573504312348,0.3328704354743093,False,neutral,bear,True,BEAR_TO_NEUTRAL,
2010-07-21,2010-07-20,2000,1990,2,1,2,0.6670500895277419,0.4219643699680523,False,neutral,neutral,False,,
2010-07-22,2010-07-21,2000,1990,2,1,0,0.4944337543504114,0.4464761499800729,False,neutral,neutral,False,,
2010-07-23,2010-07-22,2000,1990,0,2,0,0.3274423461045664,0.44839891667693116,False,neutral,neutral,False,,
2010-07-26,2010-07-23,2000,1990,0,2,0,0.7379614722175741,0.37470955782589327,False,neutral,neutral,False,,
2010-07-27,2010-07-26,2000,1990,2,1,2,1.0,0.4106690676300115,False,neutral,neutral,False,,
2010-07-28,2010-07-27,2000,1990,2,1,2,1.0,0.31273229961103766,False,neutral,neutral,False,,
2010-07-29,2010-07-28,2000,1990,2,2,0,0.0626482381837783,0.4511490232223418,False,neutral,neutral,False,,
2010-07-30,2010-07-29,2000,1990,2,1,2,1.0,0.3502404007367751,False,neutral,neutral,False,,
2010-08-02,2010-07-30,2000,1990,2,1,2,1.0,0.31430393813680424,False,neutral,neutral,False,,
2010-08-03,2010-08-02,2000,1990,2,1,2,0.9985070433723153,0.4075188220224156,False,neutral,neutral,False,,
2010-08-04,2010-08-03,2000,1990,2,1,2,1.0,0.34785343706136723,False,neutral,neutral,False,,
2010-08-05,2010-08-04,2000,1990,1,2,1,0.3371789802762545,0.3453188837831087,False,neutral,neutral,False,,
2010-08-06,2010-08-05,2000,1990,1,2,0,0.8298804786310716,0.550140473997963,True,bull,neutral,True,NEUTRAL_TO_BULL,
2010-08-09,2010-08-06,2000,1990,0,1,2,0.9041039138426538,0.5073205507913761,True,bull,bull,False,,
2010-08-10,2010-08-09,2000,1990,0,1,2,0.8293028245283306,0.5337094423095512,True,bull,bull,False,,
2010-08-11,2010-08-10,2000,1990,0,1,2,0.7270058659845979,0.45469988351265467,False,neutral,bull,True,BULL_TO_NEUTRAL,
2010-08-12,2010-08-11,2000,1990,2,1,2,0.847935112721618,0.22641976934355906,False,neutral,neutral,False,,
2010-08-13,2010-08-12,2000,1990,2,1,2,1.0,0.364387676281644,False,neutral,neutral,False,,
2010-08-16,2010-08-13,2000,1990,1,2,0,0.9552843243791853,0.1630065931264538,False,neutral,neutral,False,,
2010-08-17,2010-08-16,2000,1990,2,1,2,0.8658614199636147,0.31459114349076994,False,neutral,neutral,False,,
2010-08-18,2010-08-17,2000,1990,2,1,2,0.8678908111740038,0.4518784097796499,False,neutral,neutral,False,,
2010-08-19,2010-08-18,2000,1990,2,0,2,1.0,0.3109616374017937,False,neutral,neutral,False,,
2010-08-20,2010-08-19,2000,1990,2,1,2,1.0,0.4358583374758968,False,neutral,neutral,False,,
2010-08-23,2010-08-20,2000,1990,2,1,2,1.0,0.3321605641081839,False,neutral,neutral,False,,
2010-08-24,2010-08-23,2000,1990,2,1,2,1.0,0.33766198419907056,False,neutral,neutral,False,,
2010-08-25,2010-08-24,2000,1990,0,1,0,0.61509590080755,0.44764335795912025,False,neutral,neutral,False,,
2010-08-26,2010-08-25,2000,1990,2,1,2,0.9355423707548922,0.3180555818347012,False,neutral,neutral,False,,
2010-08-27,2010-08-26,2000,1990,0,2,0,1.0,0.37264696567785616,False,neutral,neutral,False,,
2010-08-30,2010-08-27,2000,1990,2,1,2,1.0,0.5105320373704265,True,bull,neutral,True,NEUTRAL_TO_BULL,
2010-08-31,2010-08-30,2000,1990,2,1,2,1.0,0.4437708073790885,False,neutral,bull,True,BULL_TO_NEUTRAL,
2010-09-01,2010-08-31,2000,1990,0,1,0,1.0,0.31595820639603855,False,neutral,neutral,False,,
2010-09-02,2010-09-01,2000,1990,2,1,2,0.4505356082748857,0.21655552916118193,False,neutral,neutral,False,,
2010-09-03,2010-09-02,2000,1990,2,1,2,1.0,0.40275847834745826,False,neutral,neutral,False,,
2010-09-07,2010-09-03,2000,1990,2,1,2,0.9877259429868843,0.4730709163511753,False,neutral,neutral,False,,
2010-09-08,2010-09-07,2000,1990,0,1,0,0.6766903924225708,0.4234970705933348,False,neutral,neutral,False,,
2010-09-09,2010-09-08,2000,1990,2,1,2,0.4803074711519562,0.35453349631595316,False,neutral,neutral,False,,
2010-09-10,2010-09-09,2000,1990,0,2,0,0.315003472933218,0.32731803901155254,False,neutral,neutral,False,,
2010-09-13,2010-09-10,2000,1990,2,1,2,0.39226986799303876,0.3340601014464945,False,neutral,neutral,False,,
2010-09-14,2010-09-13,2000,1990,2,1,2,0.20651076676195457,0.43214836047994004,False,neutral,neutral,False,,
2010-09-15,2010-09-14,2000,1990,2,1,2,0.6777711952322757,0.3182682010889647,False,neutral,neutral,False,,
2010-09-16,2010-09-15,2000,1990,2,1,2,1.0,0.32258434204944403,False,neutral,neutral,False,,
2010-09-17,2010-09-16,2000,1990,2,1,2,0.9094846096245439,0.3174575984519944,False,neutral,neutral,False,,
2010-09-20,2010-09-17,2000,1990,2,1,2,0.4737397910356486,0.3525456520731781,False,neutral,neutral,False,,
2010-09-21,2010-09-20,2000,1990,2,1,2,0.9622444972583839,0.5146516751975632,True,bull,neutral,True,NEUTRAL_TO_BULL,
2010-09-22,2010-09-21,2000,1990,2,1,2,0.49521757652574283,0.32753033542214666,False,neutral,bull,True,BULL_TO_NEUTRAL,
2010-09-23,2010-09-22,2000,1990,0,2,1,0.9240709702158731,0.4903639230214843,False,neutral,neutral,False,,
2010-09-24,2010-09-23,2000,1990,0,1,2,0.9989109325715182,0.4046288634779399,False,neutral,neutral,False,,
2010-09-27,2010-09-24,2000,1990,0,1,2,0.9985083734355262,0.02674313469284091,False,neutral,neutral,False,,
2010-09-28,2010-09-27,2000,1990,2,1,0,0.9970475347431917,0.4931924817509783,False,neutral,neutral,False,,
2010-09-29,2010-09-28,2000,1990,0,1,2,0.9733851151471343,0.5555561709340913,True,bull,neutral,True,NEUTRAL_TO_BULL,
2010-09-30,2010-09-29,2000,1990,0,2,1,0.9927732955907708,0.542498992465508,True,bull,bull,False,,
2010-10-01,2010-09-30,2000,1990,0,1,2,0.9971028278153912,0.5052442136184417,True,bull,bull,False,,
2010-10-04,2010-10-01,2000,1990,0,1,2,0.9999717883309966,0.5493693381708791,True,bull,bull,False,,
2010-10-05,2010-10-04,2000,1990,0,1,2,0.999961362230489,0.4250060876644083,False,neutral,bull,True,BULL_TO_NEUTRAL,
2010-10-06,2010-10-05,2000,1990,0,1,2,0.943212664385229,0.021931588300248592,False,neutral,neutral,False,,
2010-10-07,2010-10-06,2000,1990,2,1,0,0.9063288885721221,0.555506383356628,True,bull,neutral,True,NEUTRAL_TO_BULL,
2010-10-08,2010-10-07,2000,1990,1,2,0,0.9975570795578824,0.5468283093367892,True,bull,bull,False,,
2010-10-11,2010-10-08,2000,1990,1,2,0,0.9502839200738571,0.5211168917365464,True,bull,bull,False,,
2010-10-12,2010-10-11,2000,1990,2,1,0,0.8752449310216097,0.5598972392238145,True,bull,bull,False,,
2010-10-13,2010-10-12,2000,1990,0,1,2,0.6909133241399873,0.5540567845104449,True,bull,bull,False,,
2010-10-14,2010-10-13,2000,1990,0,1,2,0.2447088721499575,0.4709616296139644,False,neutral,bull,True,BULL_TO_NEUTRAL,
2010-10-15,2010-10-14,2000,1990,0,1,2,0.45804463413678054,0.5087482927904662,True,bull,neutral,True,NEUTRAL_TO_BULL,
2010-10-18,2010-10-15,2000,1990,0,1,2,0.6128728874347111,0.559768627117821,True,bull,bull,False,,
2010-10-19,2010-10-18,2000,1990,0,1,2,0.9992933447204669,0.5439153731136752,True,bull,bull,False,,
2010-10-20,2010-10-19,2000,1990,0,1,2,0.9998908326138937,0.3891351292727196,False,neutral,bull,True,BULL_TO_NEUTRAL,
2010-10-21,2010-10-20,2000,1990,0,1,2,0.9999706172178218,0.4348328916831353,False,neutral,neutral,False,,
2010-10-22,2010-10-21,2000,1990,0,1,2,0.9999999649902181,0.5593629939795005,True,bull,neutral,True,NEUTRAL_TO_BULL,
2010-10-25,2010-10-22,2000,1990,0,1,2,0.9999999812999945,0.5538527193382303,True,bull,bull,False,,
2010-10-26,2010-10-25,2000,1990,1,2,0,0.9999999528475348,0.554371708572861,True,bull,bull,False,,
2010-10-27,2010-10-26,2000,1990,0,1,2,0.9999998965627334,0.5571240530256302,True,bull,bull,False,,
2010-10-28,2010-10-27,2000,1990,1,2,0,0.9999992619492557,0.528332920856661,True,bull,bull,False,,
2010-10-29,2010-10-28,2000,1990,2,1,0,0.9999998393450995,0.5586858717216812,True,bull,bull,False,,
2010-11-01,2010-10-29,2000,1990,0,1,2,0.9999997484573824,0.560033586576462,True,bull,bull,False,,
2010-11-02,2010-11-01,2000,1990,0,1,2,0.9999999885662351,0.5581013122122173,True,bull,bull,False,,
2010-11-03,2010-11-02,2000,1990,0,1,2,1.0,0.4666421246413087,False,neutral,bull,True,BULL_TO_NEUTRAL,
2010-11-04,2010-11-03,2000,1990,0,1,2,0.9999999877269771,0.5446949093633787,True,bull,neutral,True,NEUTRAL_TO_BULL,
2010-11-05,2010-11-04,2000,1990,0,1,2,0.5582308918575357,0.05078611926955155,False,neutral,bull,True,BULL_TO_NEUTRAL,
2010-11-08,2010-11-05,2000,1990,2,1,2,1.0,0.32533857126856985,False,neutral,neutral,False,,
2010-11-09,2010-11-08,2000,1990,2,1,2,1.0,0.3255895162835517,False,neutral,neutral,False,,
2010-11-10,2010-11-09,2000,1990,2,1,2,1.0,0.377746137422921,False,neutral,neutral,False,,
2010-11-11,2010-11-10,2000,1990,2,1,2,1.0,0.3296499163507988,False,neutral,neutral,False,,
2010-11-12,2010-11-11,2000,1990,2,1,2,1.0,0.34143667662881655,False,neutral,neutral,False,,
2010-11-15,2010-11-12,2000,1990,2,1,2,0.9985194862428596,0.43245761729201415,False,neutral,neutral,False,,
2010-11-16,2010-11-15,2000,1990,2,1,2,0.4289983390457171,0.3249454947131906,False,neutral,neutral,False,,
2010-11-17,2010-11-16,2000,1990,2,1,2,1.0,0.4394257428979925,False,neutral,neutral,False,,
2010-11-18,2010-11-17,2000,1990,2,1,2,1.0,0.3175415053912494,False,neutral,neutral,False,,
2010-11-19,2010-11-18,2000,1990,2,1,2,1.0,0.5079530251904242,True,bull,neutral,True,NEUTRAL_TO_BULL,
2010-11-22,2010-11-19,2000,1990,2,1,2,1.0,0.32030847237072635,False,neutral,bull,True,BULL_TO_NEUTRAL,
2010-11-23,2010-11-22,2000,1990,0,1,0,0.7624918706139716,0.32256153854528025,False,neutral,neutral,False,,
2010-11-24,2010-11-23,2000,1990,2,1,2,0.8335439304727165,0.4492938530640866,False,neutral,neutral,False,,
2010-11-26,2010-11-24,2000,1990,2,1,2,0.20756041269467163,0.5085065989951358,False,neutral,neutral,False,,
2010-11-29,2010-11-26,2000,1990,0,2,1,0.9809334783443373,0.28393301034966595,False,neutral,neutral,False,,
2010-11-30,2010-11-29,2000,1990,0,1,2,0.9898520605099327,0.553286575840102,True,bull,neutral,True,NEUTRAL_TO_BULL,
2010-12-01,2010-11-30,2000,1990,0,1,2,0.9895610339497464,0.4706735370534199,False,neutral,bull,True,BULL_TO_NEUTRAL,
2010-12-02,2010-12-01,2000,1990,0,1,2,0.943028535740308,0.022004818886505947,False,neutral,neutral,False,,
2010-12-03,2010-12-02,2000,1990,0,1,0,0.3541062688929388,0.27871105036718097,False,neutral,neutral,False,,
2010-12-06,2010-12-03,2000,1990,2,1,2,1.0,0.32315249159118536,False,neutral,neutral,False,,
2010-12-07,2010-12-06,2000,1990,2,1,2,1.0,0.3245659330316745,False,neutral,neutral,False,,
2010-12-08,2010-12-07,2000,1990,2,1,2,0.9999999997065084,0.32007598740890575,False,neutral,neutral,False,,
2010-12-09,2010-12-08,2000,1990,2,1,2,1.0,0.3279183887757403,False,neutral,neutral,False,,
2010-12-10,2010-12-09,2000,1990,0,2,0,0.954250134111942,0.3294309040131693,False,neutral,neutral,False,,
2010-12-13,2010-12-10,2000,1990,0,1,0,0.998622963083676,0.3466398989160708,False,neutral,neutral,False,,
2010-12-14,2010-12-13,2000,1990,2,1,2,1.0,0.32034019988533285,False,neutral,neutral,False,,
2010-12-15,2010-12-14,2000,1990,0,2,0,0.24038129071654357,0.32041328337026637,False,neutral,neutral,False,,
2010-12-16,2010-12-15,2000,1990,0,2,1,0.9969812025768732,0.49572390658651405,False,neutral,neutral,False,,
2010-12-17,2010-12-16,2000,1990,0,1,2,0.9931908315069362,0.5182321992773861,True,bull,neutral,True,NEUTRAL_TO_BULL,
2010-12-20,2010-12-17,2000,1990,0,2,1,0.9995393296390039,0.506277357849875,True,bull,bull,False,,
2010-12-21,2010-12-20,2000,1990,0,1,2,0.9999950263466172,0.5576060433587202,True,bull,bull,False,,
2010-12-22,2010-12-21,2000,1990,2,1,0,0.48126671727020964,0.37873720035281017,False,neutral,bull,True,BULL_TO_NEUTRAL,
2010-12-23,2010-12-22,2000,1990,0,1,2,0.9999997715725651,0.55412476832534,True,bull,neutral,True,NEUTRAL_TO_BULL,
2010-12-27,2010-12-23,2000,1990,0,1,2,0.9999999811618027,0.5456673142664559,True,bull,bull,False,,
2010-12-28,2010-12-27,2000,1990,0,1,2,0.9999993882402483,0.5578303892268008,True,bull,bull,False,,
2010-12-29,2010-12-28,2000,1990,0,1,2,0.9999903817404318,0.5600620648549998,True,bull,bull,False,,
2010-12-30,2010-12-29,2000,1990,0,1,2,0.9998657522882558,0.5597198620075384,True,bull,bull,False,,
2010-12-31,2010-12-30,2000,1990,2,1,0,0.4809229178621166,0.4068419943065103,False,neutral,bull,True,BULL_TO_NEUTRAL,
2011-01-03,2010-12-31,2000,1990,0,1,2,0.9999928442822229,0.5592383796464856,True,bull,neutral,True,NEUTRAL_TO_BULL,
2011-01-04,2011-01-03,2000,1990,0,1,2,0.9999676481313108,0.38391862122267856,False,neutral,bull,True,BULL_TO_NEUTRAL,
2011-01-05,2011-01-04,2000,1990,0,1,2,0.9999963379303737,0.5547945142529049,True,bull,neutral,True,NEUTRAL_TO_BULL,
2011-01-06,2011-01-05,2000,1990,2,1,0,0.998806580666709,0.5322571983628112,True,bull,bull,False,,
2011-01-07,2011-01-06,2000,1990,2,1,2,0.9810711588924969,0.5419758331235071,True,bull,bull,False,,
2011-01-10,2011-01-07,2000,1990,0,1,0,0.9840687353437791,0.5422629924391537,True,bull,bull,False,,
2011-01-11,2011-01-10,2000,1990,0,1,2,0.9978868618673268,0.5493367999320525,True,bull,bull,False,,
2011-01-12,2011-01-11,2000,1990,0,1,2,0.9990063697883065,0.5531781770289226,True,bull,bull,False,,
2011-01-13,2011-01-12,2000,1990,0,2,0,0.9888153798988193,0.43194251700645114,False,neutral,bull,True,BULL_TO_NEUTRAL,
2011-01-14,2011-01-13,2000,1990,0,1,0,0.9903653447513455,0.5435456644261155,True,bull,neutral,True,NEUTRAL_TO_BULL,
2011-01-18,2011-01-14,2000,1990,0,1,0,0.9854407159702553,0.4891054528071921,False,neutral,bull,True,BULL_TO_NEUTRAL,
2011-01-19,2011-01-18,2000,1990,0,1,0,0.9168419087511304,0.5651415985550003,True,bull,neutral,True,NEUTRAL_TO_BULL,
2011-01-20,2011-01-19,2000,1990,0,1,0,0.9512098242888433,0.32880641891394397,False,neutral,bull,True,BULL_TO_NEUTRAL,
2011-01-21,2011-01-20,2000,1990,0,1,0,0.956807527639112,0.5503840056612234,True,bull,neutral,True,NEUTRAL_TO_BULL,
2011-01-24,2011-01-21,2000,1990,0,2,0,0.9709661790251043,0.5648542243557437,True,bull,bull,False,,
2011-01-25,2011-01-24,2000,1990,0,2,0,0.9844187082349211,0.5230061520439285,True,bull,bull,False,,
2011-01-26,2011-01-25,2000,1990,0,1,0,0.9986595821362513,0.5654467522351082,True,bull,bull,False,,
2011-01-27,2011-01-26,2000,1990,0,1,0,0.9997434882916302,0.5532724048817689,True,bull,bull,False,,
2011-01-28,2011-01-27,2000,1990,0,1,2,0.4891401621354187,0.4211872533271495,False,neutral,bull,True,BULL_TO_NEUTRAL,
2011-01-31,2011-01-28,2000,1990,0,1,0,0.990361524032431,0.07992654455983383,False,neutral,neutral,False,,
2011-02-01,2011-01-31,2000,1990,0,1,0,0.9916563817585008,0.47786527697666054,False,neutral,neutral,False,,
2011-02-02,2011-02-01,2000,1990,0,1,0,0.8978778538332252,0.11653998299013611,False,neutral,neutral,False,,
2011-02-03,2011-02-02,2000,1990,0,1,2,0.8331754338937852,0.5433299450717127,True,bull,neutral,True,NEUTRAL_TO_BULL,
2011-02-04,2011-02-03,2000,1990,2,1,2,0.7918093273421242,0.5644875605837357,True,bull,bull,False,,
2011-02-07,2011-02-04,2000,1990,0,1,0,0.7149692593779533,0.5606572004098344,True,bull,bull,False,,
2011-02-08,2011-02-07,2000,1990,0,1,0,0.24473006549381254,0.5109763974089917,False,neutral,bull,True,BULL_TO_NEUTRAL,
2011-02-09,2011-02-08,2000,1990,2,1,0,1.0,0.33470100220203897,False,neutral,neutral,False,,
2011-02-10,2011-02-09,2000,1990,2,1,0,1.0,0.33351444030640814,False,neutral,neutral,False,,
2011-02-11,2011-02-10,2000,1990,0,1,0,0.286528706891265,0.4560775580368911,False,neutral,neutral,False,,
2011-02-14,2011-02-11,2000,1990,2,1,0,0.8919538460970234,0.3514355645855052,False,neutral,neutral,False,,
2011-02-15,2011-02-14,2000,1990,2,1,0,0.20463873513879113,0.3217210295383279,False,neutral,neutral,False,,
2011-02-16,2011-02-15,2000,1990,0,1,0,0.8422445236136116,0.5230789736009126,True,bull,neutral,True,NEUTRAL_TO_BULL,
2011-02-17,2011-02-16,2000,1990,0,1,0,0.8895284455126394,0.5090682794172446,True,bull,bull,False,,
2011-02-18,2011-02-17,2000,1990,0,1,0,0.926523434481911,0.5599549833773476,True,bull,bull,False,,
2011-02-22,2011-02-18,2000,1990,0,2,0,0.9586774325137328,0.5651618027293501,True,bull,bull,False,,
2011-02-23,2011-02-22,2000,1990,0,0,2,0.49677740955776656,0.26872982668253764,False,neutral,bull,True,BULL_TO_NEUTRAL,
2011-02-24,2011-02-23,2000,1990,0,1,0,0.6683587356639944,0.4508871181790404,False,neutral,neutral,False,,
2011-02-25,2011-02-24,2000,1990,0,2,0,0.24650046387027932,0.5564050577304621,False,neutral,neutral,False,,
2011-02-28,2011-02-25,2000,1990,0,1,0,0.3135523524724931,0.3661841330362879,False,neutral,neutral,False,,
2011-03-01,2011-02-28,2000,1990,2,1,0,0.802763401440276,0.35609656523614985,False,neutral,neutral,False,,
2011-03-02,2011-03-01,2000,1990,2,1,0,0.9972135656373378,0.433616037377865,False,neutral,neutral,False,,
2011-03-03,2011-03-02,2000,1990,2,1,0,0.3614900528539492,0.39662641750655786,False,neutral,neutral,False,,
2011-03-04,2011-03-03,2000,1990,0,1,0,0.9998101363685843,0.5205440806675394,True,bull,neutral,True,NEUTRAL_TO_BULL,
2011-03-07,2011-03-04,2000,1990,0,2,1,0.7183116912284825,0.3999228589499935,False,neutral,bull,True,BULL_TO_NEUTRAL,
2011-03-08,2011-03-07,2000,1990,2,1,0,0.08093338816078731,0.4050620686042598,False,neutral,neutral,False,,
2011-03-09,2011-03-08,2000,1990,1,2,1,0.8972473453055125,0.4359727066372153,False,neutral,neutral,False,,
2011-03-10,2011-03-09,2000,1990,0,1,0,0.9389524189763617,0.5463483112784355,True,bull,neutral,True,NEUTRAL_TO_BULL,
2011-03-11,2011-03-10,2000,1990,2,1,2,0.7080054759868147,0.06424855348826068,False,neutral,bull,True,BULL_TO_NEUTRAL,
2011-03-14,2011-03-11,2000,1990,1,2,1,0.5944271645257408,0.49327916075267625,False,neutral,neutral,False,,
2011-03-15,2011-03-14,2000,1990,1,2,1,0.5200320246002461,0.4514588488223826,False,neutral,neutral,False,,
2011-03-16,2011-03-15,2000,1990,2,1,0,1.0,0.44697019205049393,False,neutral,neutral,False,,
2011-03-17,2011-03-16,2000,1990,2,1,0,0.500229811873353,0.4031096550269901,False,neutral,neutral,False,,
2011-03-18,2011-03-17,2000,1990,2,1,0,0.5598157124166613,0.5012045252357795,True,bull,neutral,True,NEUTRAL_TO_BULL,
2011-03-21,2011-03-18,2000,1990,1,1,0,0.9999999989629182,0.14772757733704767,False,neutral,bull,True,BULL_TO_NEUTRAL,
2011-03-22,2011-03-21,2000,1990,2,1,0,0.7571728499182108,0.5297256825906052,True,bull,neutral,True,NEUTRAL_TO_BULL,
2011-03-23,2011-03-22,2000,1990,2,1,0,0.9999999982398874,0.3485504328305119,False,neutral,bull,True,BULL_TO_NEUTRAL,
2011-03-24,2011-03-23,2000,1990,1,2,0,0.9982094530242214,0.3230858420309428,False,neutral,neutral,False,,
2011-03-25,2011-03-24,2000,1990,0,1,2,1.0,0.4193251649403268,False,neutral,neutral,False,,
2011-03-28,2011-03-25,2000,1990,2,1,0,1.0,0.32424324665587684,False,neutral,neutral,False,,
2011-03-29,2011-03-28,2000,1990,0,1,2,1.0,0.3361372349353661,False,neutral,neutral,False,,
2011-03-30,2011-03-29,2000,1990,0,1,2,0.9973899751833752,0.36244914889426094,False,neutral,neutral,False,,
2011-03-31,2011-03-30,2000,1990,2,1,0,1.0,0.3657934647599293,False,neutral,neutral,False,,
2011-04-01,2011-03-31,2000,1990,1,2,0,1.0,0.3296880305482089,False,neutral,neutral,False,,
2011-04-04,2011-04-01,2000,1990,0,2,1,0.9986337436066007,0.33225654974019775,False,neutral,neutral,False,,
2011-04-05,2011-04-04,2000,1990,2,1,0,1.0,0.32071498228106843,False,neutral,neutral,False,,
2011-04-06,2011-04-05,2000,1990,2,1,0,0.6954223775436061,0.3228825396724203,False,neutral,neutral,False,,
2011-04-07,2011-04-06,2000,1990,2,1,0,0.18616151460036132,0.3250955296361367,False,neutral,neutral,False,,
2011-04-08,2011-04-07,2000,1990,2,1,2,0.930469567878574,0.5319659126378625,True,bull,neutral,True,NEUTRAL_TO_BULL,
2011-04-11,2011-04-08,2000,1990,1,2,1,0.9843934801389094,0.5155886970001701,True,bull,bull,False,,
2011-04-12,2011-04-11,2000,1990,0,1,0,0.9999661603783707,0.5241820948069511,True,bull,bull,False,,
2011-04-13,2011-04-12,2000,1990,0,1,0,0.9995121920865025,0.40558743672423253,False,neutral,bull,True,BULL_TO_NEUTRAL,
2011-04-14,2011-04-13,2000,1990,0,1,0,0.9911718460545669,0.5642716686521497,True,bull,neutral,True,NEUTRAL_TO_BULL,
2011-04-15,2011-04-14,2000,1990,0,1,0,0.9685399619377537,0.5693344079305167,True,bull,bull,False,,
2011-04-18,2011-04-15,2000,1990,0,1,0,0.9687841218110138,0.5562630073699716,True,bull,bull,False,,
2011-04-19,2011-04-18,2000,1990,1,0,1,0.8348924201477318,0.26218816231669284,False,neutral,bull,True,BULL_TO_NEUTRAL,
2011-04-20,2011-04-19,2000,1990,2,1,2,0.8668755725825453,0.5216129131403276,True,bull,neutral,True,NEUTRAL_TO_BULL,
2011-04-21,2011-04-20,2000,1990,0,1,0,0.9466276032619325,0.20153012922745328,False,neutral,bull,True,BULL_TO_NEUTRAL,
2011-04-25,2011-04-21,2000,1990,0,1,0,0.8623103383403635,0.5337507677886142,True,bull,neutral,True,NEUTRAL_TO_BULL,
2011-04-26,2011-04-25,2000,1990,0,1,0,0.7169835753323854,0.5565397813897807,True,bull,bull,False,,
2011-04-27,2011-04-26,2000,1990,0,1,0,0.450767733474362,0.43146717880331104,False,neutral,bull,True,BULL_TO_NEUTRAL,
2011-04-28,2011-04-27,2000,1990,0,2,1,1.0,0.3603408438781529,False,neutral,neutral,False,,
2011-04-29,2011-04-28,2000,1990,2,1,0,0.965772869330455,0.3236971586186574,False,neutral,neutral,False,,
2011-05-02,2011-04-29,2000,1990,0,2,1,0.7825702553849788,0.3197059339997577,False,neutral,neutral,False,,
2011-05-03,2011-05-02,2000,1990,2,1,0,0.7124276647490221,0.3278568619443664,False,neutral,neutral,False,,
2011-05-04,2011-05-03,2000,1990,2,1,0,1.0,0.3471121104384029,False,neutral,neutral,False,,
2011-05-05,2011-05-04,2000,1990,0,2,1,0.6023893878882042,0.3903614833648371,False,neutral,neutral,False,,
2011-05-06,2011-05-05,2000,1990,0,1,2,0.3182655630202257,0.42037374688960605,False,neutral,neutral,False,,
2011-05-09,2011-05-06,2000,1990,2,1,0,0.7787564122924401,0.5414994991317362,True,bull,neutral,True,NEUTRAL_TO_BULL,
2011-05-10,2011-05-09,2000,1990,1,2,1,0.9227850744155629,0.5494726836964403,True,bull,bull,False,,
2011-05-11,2011-05-10,2000,1990,0,1,2,0.9182602712131906,0.4371022574949061,False,neutral,bull,True,BULL_TO_NEUTRAL,
2011-05-12,2011-05-11,2000,1990,0,1,2,0.8895711146430318,0.29958321758404644,False,neutral,neutral,False,,
2011-05-13,2011-05-12,2000,1990,2,1,0,0.9332876038719313,0.5386880392479301,True,bull,neutral,True,NEUTRAL_TO_BULL,
2011-05-16,2011-05-13,2000,1990,0,1,0,0.9704624823253124,0.4015073685241408,False,neutral,bull,True,BULL_TO_NEUTRAL,
2011-05-17,2011-05-16,2000,1990,0,1,0,0.9679520075531052,0.4453637306154961,False,neutral,neutral,False,,
2011-05-18,2011-05-17,2000,1990,1,2,1,0.9689119310782027,0.5609263696454959,True,bull,neutral,True,NEUTRAL_TO_BULL,
2011-05-19,2011-05-18,2000,1990,0,1,0,0.9754440884226878,0.42472116341606975,False,neutral,bull,True,BULL_TO_NEUTRAL,
2011-05-20,2011-05-19,2000,1990,2,1,2,0.9824093965351848,0.5644500060049119,True,bull,neutral,True,NEUTRAL_TO_BULL,
2011-05-23,2011-05-20,2000,1990,0,1,0,0.9721793996657981,0.3894724614349005,False,neutral,bull,True,BULL_TO_NEUTRAL,
2011-05-24,2011-05-23,2000,1990,0,1,0,0.7064385310710989,0.25442968492612505,False,neutral,neutral,False,,
2011-05-25,2011-05-24,2000,1990,0,1,0,0.7650329660557076,0.5559757356692216,True,bull,neutral,True,NEUTRAL_TO_BULL,
2011-05-26,2011-05-25,2000,1990,0,1,0,0.6939542156234922,0.5574913153192835,True,bull,bull,False,,
2011-05-27,2011-05-26,2000,1990,2,1,2,0.9290601976241416,0.5414228140778345,True,bull,bull,False,,
2011-05-31,2011-05-27,2000,1990,0,1,0,0.9531083742310339,0.5513738976718201,True,bull,bull,False,,
2011-06-01,2011-05-31,2000,1990,0,2,0,0.7955860030949432,0.35890799712394,False,neutral,bull,True,BULL_TO_NEUTRAL,
2011-06-02,2011-06-01,2000,1990,2,1,0,0.4557841990960847,0.3000844279058139,False,neutral,neutral,False,,
2011-06-03,2011-06-02,2000,1990,0,1,2,0.5329956423995023,0.5524465598364162,True,bull,neutral,True,NEUTRAL_TO_BULL,
2011-06-06,2011-06-03,2000,1990,0,1,2,0.7332840739019272,0.4350463821667554,False,neutral,bull,True,BULL_TO_NEUTRAL,
2011-06-07,2011-06-06,2000,1990,2,1,0,1.0,0.44397405273517965,False,neutral,neutral,False,,
2011-06-08,2011-06-07,2000,1990,0,2,1,0.9728188120475333,0.32499113201014806,False,neutral,neutral,False,,
2011-06-09,2011-06-08,2000,1990,2,1,0,0.5791752964404981,0.35556914528973466,False,neutral,neutral,False,,
2011-06-10,2011-06-09,2000,1990,2,1,0,0.4910276115145548,0.37922246647856556,False,neutral,neutral,False,,
2011-06-13,2011-06-10,2000,1990,2,1,0,0.3091226204495935,0.4623111468811693,False,neutral,neutral,False,,
2011-06-14,2011-06-13,2000,1990,0,1,2,0.4103409957471135,0.31937002355826655,False,neutral,neutral,False,,
2011-06-15,2011-06-14,2000,1990,2,1,0,1.0,0.49230845150119157,False,neutral,neutral,False,,
2011-06-16,2011-06-15,2000,1990,0,1,2,1.0,0.4222219911668991,False,neutral,neutral,False,,
2011-06-17,2011-06-16,2000,1990,0,2,1,0.2856839622052372,0.3194053198377826,False,neutral,neutral,False,,
2011-06-20,2011-06-17,2000,1990,0,1,0,0.9191775300649965,0.5446364847425549,True,bull,neutral,True,NEUTRAL_TO_BULL,
2011-06-21,2011-06-20,2000,1990,0,1,0,0.9486103618383437,0.5363450705962379,True,bull,bull,False,,
2011-06-22,2011-06-21,2000,1990,0,1,0,0.8970468363719618,0.19376018516505583,False,neutral,bull,True,BULL_TO_NEUTRAL,
2011-06-23,2011-06-22,2000,1990,0,1,0,0.8843642213977323,0.45071381040572467,False,neutral,neutral,False,,
2011-06-24,2011-06-23,2000,1990,0,1,0,0.9618408606048918,0.5291912000112747,True,bull,neutral,True,NEUTRAL_TO_BULL,
2011-06-27,2011-06-24,2000,1990,1,2,1,0.9140534015630376,0.25216812959107693,False,neutral,bull,True,BULL_TO_NEUTRAL,
2011-06-28,2011-06-27,2000,1990,2,0,2,0.4432975214920429,0.32023159717900296,False,neutral,neutral,False,,
2011-06-29,2011-06-28,2000,1990,1,2,1,0.8669959996683473,0.22958949639515952,False,neutral,neutral,False,,
2011-06-30,2011-06-29,2000,1990,2,0,2,0.4990829423894955,0.3724131951571431,False,neutral,neutral,False,,
2011-07-01,2011-06-30,2000,1990,2,1,0,1.0,0.41991426495065903,False,neutral,neutral,False,,
2011-07-05,2011-07-01,2000,1990,2,1,0,0.5658618766896464,0.5242618442854887,True,bull,neutral,True,NEUTRAL_TO_BULL,
2011-07-06,2011-07-05,2000,1990,2,1,0,0.23652194825724523,0.32411306763897746,False,neutral,bull,True,BULL_TO_NEUTRAL,
2011-07-07,2011-07-06,2000,1990,2,1,0,0.09371700102056457,0.3180597551398685,False,neutral,neutral,False,,
2011-07-08,2011-07-07,2000,1990,1,1,0,0.9680643292099084,0.1989986504716566,False,neutral,neutral,False,,
2011-07-11,2011-07-08,2000,1990,1,1,0,0.9624959393501595,0.18647110754065452,False,neutral,neutral,False,,
2011-07-12,2011-07-11,2000,1990,1,1,0,0.6973854886196598,0.5235518732194242,True,bear,neutral,True,NEUTRAL_TO_BEAR,
2011-07-13,2011-07-12,2000,1990,2,1,0,0.9936850757606281,0.35649432525071295,False,neutral,bear,True,BEAR_TO_NEUTRAL,
2011-07-14,2011-07-13,2000,1990,2,1,0,1.0,0.3242195103426916,False,neutral,neutral,False,,
2011-07-15,2011-07-14,2000,1990,2,1,0,1.0,0.39459158987909043,False,neutral,neutral,False,,
2011-07-18,2011-07-15,2000,1990,2,1,0,1.0,0.34851442896925966,False,neutral,neutral,False,,
2011-07-19,2011-07-18,2000,1990,2,1,0,1.0,0.4147348748033412,False,neutral,neutral,False,,
2011-07-20,2011-07-19,2000,1990,0,2,1,1.0,0.5246710228169004,True,bull,neutral,True,NEUTRAL_TO_BULL,
2011-07-21,2011-07-20,2000,1990,2,1,0,1.0,0.3216056381134094,False,neutral,bull,True,BULL_TO_NEUTRAL,
2011-07-22,2011-07-21,2000,1990,2,1,0,0.9744033745941235,0.5095399673749657,True,bull,neutral,True,NEUTRAL_TO_BULL,
2011-07-25,2011-07-22,2000,1990,2,1,0,0.9993450193142857,0.31991119285295827,False,neutral,bull,True,BULL_TO_NEUTRAL,
2011-07-26,2011-07-25,2000,1990,2,1,0,1.0,0.37502854917518735,False,neutral,neutral,False,,
2011-07-27,2011-07-26,2000,1990,2,1,0,1.0,0.35146846148621086,False,neutral,neutral,False,,
2011-07-28,2011-07-27,2000,1990,1,2,0,1.0,0.3605188474023695,False,neutral,neutral,False,,
2011-07-29,2011-07-28,2000,1990,2,1,0,1.0,0.3389502342686464,False,neutral,neutral,False,,
2011-08-01,2011-07-29,2000,1990,2,1,0,0.9609904024878172,0.3942210245385533,False,neutral,neutral,False,,
2011-08-02,2011-08-01,2000,1990,1,2,0,0.5930248140789395,0.3556366578166083,False,neutral,neutral,False,,
2011-08-03,2011-08-02,2000,1990,2,1,0,0.6044455906043535,0.14955757277561052,False,neutral,neutral,False,,
2011-08-04,2011-08-03,2000,1990,1,1,0,0.9381477103276405,0.9975997185535594,True,bear,neutral,True,NEUTRAL_TO_BEAR,
2011-08-05,2011-08-04,2000,1990,1,1,0,0.9996945120733384,0.9967645419758738,True,bear,bear,False,,
2011-08-08,2011-08-05,2000,1990,1,1,2,0.9999705313768814,0.12211911906102527,False,neutral,bear,True,BEAR_TO_NEUTRAL,
2011-08-09,2011-08-08,2000,1990,1,1,0,0.9999999223683189,0.9999846850979986,True,bear,neutral,True,NEUTRAL_TO_BEAR,
2011-08-10,2011-08-09,2000,1990,1,1,0,0.999999940732795,0.9987239295451296,True,bear,bear,False,,
2011-08-11,2011-08-10,2000,1990,1,1,0,0.9999999940137119,0.9935838466147398,True,bear,bear,False,,
2011-08-12,2011-08-11,2000,1990,2,2,1,0.9999999862495802,0.997704292880329,True,bear,bear,False,,
2011-08-15,2011-08-12,2000,1990,2,2,1,0.9999999366170592,0.13764297632375155,False,neutral,bear,True,BEAR_TO_NEUTRAL,
2011-08-16,2011-08-15,2000,1990,1,1,0,0.9999995085014844,0.5602004245726554,True,bear,neutral,True,NEUTRAL_TO_BEAR,
2011-08-17,2011-08-16,2000,1990,1,1,0,0.9994293290937091,0.21248352431146836,False,neutral,bear,True,BEAR_TO_NEUTRAL,
2011-08-18,2011-08-17,2000,1990,1,1,0,0.9786375607282626,0.11341148420096356,False,neutral,neutral,False,,
2011-08-19,2011-08-18,2000,1990,1,1,0,0.9802967536874292,0.9918566082563145,True,bear,neutral,True,NEUTRAL_TO_BEAR,
2011-08-22,2011-08-19,2000,1990,1,1,2,0.9874972727462685,0.45570027124637635,False,neutral,bear,True,BEAR_TO_NEUTRAL,
2011-08-23,2011-08-22,2000,1990,1,1,0,0.9840163336759213,0.11333906127615301,False,neutral,neutral,False,,
2011-08-24,2011-08-23,2000,1990,1,1,0,0.982801636937676,0.9231422143161498,True,bear,neutral,True,NEUTRAL_TO_BEAR,
2011-08-25,2011-08-24,2000,1990,1,1,0,0.9429764897302413,0.3045692750814976,False,neutral,bear,True,BEAR_TO_NEUTRAL,
2011-08-26,2011-08-25,2000,1990,1,1,0,0.9439101654684583,0.4161322914530842,False,neutral,neutral,False,,
2011-08-29,2011-08-26,2000,1990,1,1,0,0.9420551256428388,0.32161502091383026,False,neutral,neutral,False,,
2011-08-30,2011-08-29,2000,1990,1,1,0,0.9626799168717014,0.8276766947188424,True,bear,neutral,True,NEUTRAL_TO_BEAR,
2011-08-31,2011-08-30,2000,1990,2,2,0,0.9864022158263823,0.11485752689580543,False,neutral,bear,True,BEAR_TO_NEUTRAL,
2011-09-01,2011-08-31,2000,1990,1,1,0,0.9957296704343921,0.12183660097365104,False,neutral,neutral,False,,
2011-09-02,2011-09-01,2000,1990,1,1,0,0.9957448953144371,0.261931504424884,False,neutral,neutral,False,,
2011-09-06,2011-09-02,2000,1990,1,1,0,0.9677815344200396,0.7726802649787241,True,bear,neutral,True,NEUTRAL_TO_BEAR,
2011-09-07,2011-09-06,2000,1990,1,1,0,0.6171358537321228,0.19027891754861553,False,neutral,bear,True,BEAR_TO_NEUTRAL,
2011-09-08,2011-09-07,2000,1990,1,1,0,0.4039776943377026,0.8089111401743614,True,bear,neutral,True,NEUTRAL_TO_BEAR,
2011-09-09,2011-09-08,2000,1990,0,2,1,0.6779395364918763,0.44245870006052174,False,neutral,bear,True,BEAR_TO_NEUTRAL,
2011-09-12,2011-09-09,2000,1990,2,1,0,0.5848561478272478,0.2087535341371508,False,neutral,neutral,False,,
2011-09-13,2011-09-12,2000,1990,0,1,2,0.40349393717655957,0.3566344417173079,False,neutral,neutral,False,,
2011-09-14,2011-09-13,2000,1990,2,1,0,0.5078113559533607,0.41111376728291166,False,neutral,neutral,False,,
2011-09-15,2011-09-14,2000,1990,0,2,1,0.826015521633203,0.5168647842079764,True,bull,neutral,True,NEUTRAL_TO_BULL,
2011-09-16,2011-09-15,2000,1990,2,1,0,0.9793161660644275,0.526091437161046,True,bull,bull,False,,
2011-09-19,2011-09-16,2000,1990,2,1,0,0.9017459658496787,0.3138529970890379,False,neutral,bull,True,BULL_TO_NEUTRAL,
2011-09-20,2011-09-19,2000,1990,0,2,1,0.8542002416009815,0.43746573726954624,False,neutral,neutral,False,,
2011-09-21,2011-09-20,2000,1990,0,1,2,0.9574351702789885,0.32117361592658844,False,neutral,neutral,False,,
2011-09-22,2011-09-21,2000,1990,2,1,0,0.8112192513156534,0.14243829141653655,False,neutral,neutral,False,,
2011-09-23,2011-09-22,2000,1990,1,1,2,0.9225267549182097,0.9086517023648077,True,bear,neutral,True,NEUTRAL_TO_BEAR,
2011-09-26,2011-09-23,2000,1990,1,1,0,0.9764365430715206,0.13357921834184822,False,neutral,bear,True,BEAR_TO_NEUTRAL,
2011-09-27,2011-09-26,2000,1990,1,1,0,0.9785857665222897,0.6454504201904708,True,bear,neutral,True,NEUTRAL_TO_BEAR,
2011-09-28,2011-09-27,2000,1990,1,1,0,0.9782061872021859,0.2212290763956619,False,neutral,bear,True,BEAR_TO_NEUTRAL,
2011-09-29,2011-09-28,2000,1990,1,1,0,0.9841622220604686,0.5943994582693618,True,bear,neutral,True,NEUTRAL_TO_BEAR,
2011-09-30,2011-09-29,2000,1990,1,1,0,0.9512261177011165,0.1561689369180537,False,neutral,bear,True,BEAR_TO_NEUTRAL,
2011-10-03,2011-09-30,2000,1990,1,1,0,0.8732154563518177,0.7450961362513365,True,bear,neutral,True,NEUTRAL_TO_BEAR,
2011-10-04,2011-10-03,2000,1990,1,1,0,0.944808212232189,0.8358523059818632,True,bear,bear,False,,
2011-10-05,2011-10-04,2000,1990,1,1,0,0.6567580613928283,0.5795232463358098,True,bear,bear,False,,
2011-10-06,2011-10-05,2000,1990,1,1,0,0.4822631968787094,0.4614232479682694,False,neutral,bear,True,BEAR_TO_NEUTRAL,
2011-10-07,2011-10-06,2000,1990,2,1,0,0.44081911704346555,0.5222780302820269,True,bull,neutral,True,NEUTRAL_TO_BULL,
2011-10-10,2011-10-07,2000,1990,2,1,0,0.43777335677095786,0.38462844585277706,False,neutral,bull,True,BULL_TO_NEUTRAL,
2011-10-11,2011-10-10,2000,1990,1,1,0,0.9117980447297349,0.9226250579486458,True,bear,neutral,True,NEUTRAL_TO_BEAR,
2011-10-12,2011-10-11,2000,1990,1,1,0,0.9706261105365404,0.11684437380199018,False,neutral,bear,True,BEAR_TO_NEUTRAL,
2011-10-13,2011-10-12,2000,1990,1,1,0,0.9951323723644709,0.17240023927034775,False,neutral,neutral,False,,
2011-10-14,2011-10-13,2000,1990,1,1,0,0.998544132391467,0.1284686873849923,False,neutral,neutral,False,,
2011-10-17,2011-10-14,2000,1990,2,2,1,0.9995512146415098,0.41574524686335945,False,neutral,neutral,False,,
2011-10-18,2011-10-17,2000,1990,1,1,0,0.9889490285222853,0.5510256623262014,True,bear,neutral,True,NEUTRAL_TO_BEAR,
2011-10-19,2011-10-18,2000,1990,1,1,2,0.9293650824437184,0.5012624411965237,True,bear,bear,False,,
2011-10-20,2011-10-19,2000,1990,1,1,2,0.5470423252555228,0.30514334196596715,False,neutral,bear,True,BEAR_TO_NEUTRAL,
2011-10-21,2011-10-20,2000,1990,0,1,2,0.9111126706042496,0.32308054601417485,False,neutral,neutral,False,,
2011-10-24,2011-10-21,2000,1990,2,1,0,0.9878059668284545,0.4943397314278356,False,neutral,neutral,False,,
2011-10-25,2011-10-24,2000,1990,0,1,2,1.0,0.47771780455289337,False,neutral,neutral,False,,
2011-10-26,2011-10-25,2000,1990,2,1,0,1.0,0.4055332810177051,False,neutral,neutral,False,,
2011-10-27,2011-10-26,2000,1990,2,1,0,1.0,0.42634174252075474,False,neutral,neutral,False,,
2011-10-28,2011-10-27,2000,1990,2,2,0,0.9832038501950492,0.9992839519611795,True,bear,neutral,True,NEUTRAL_TO_BEAR,
2011-10-31,2011-10-28,2000,1990,1,1,2,0.9518368787123781,0.12062524928507602,False,neutral,bear,True,BEAR_TO_NEUTRAL,
2011-11-01,2011-10-31,2000,1990,0,0,1,0.8567151815353604,0.7139930645431358,True,bear,neutral,True,NEUTRAL_TO_BEAR,
2011-11-02,2011-11-01,2000,1990,2,2,1,0.8823589573078182,0.8172298710587371,True,bear,bear,False,,
2011-11-03,2011-11-02,2000,1990,1,1,0,0.71312344119082,0.38853621239336644,False,neutral,bear,True,BEAR_TO_NEUTRAL,
2011-11-04,2011-11-03,2000,1990,0,1,2,0.5790991003739362,0.5129443213298671,True,bull,neutral,True,NEUTRAL_TO_BULL,
2011-11-07,2011-11-04,2000,1990,2,1,0,0.6469316663669141,0.37279766794273966,False,neutral,bull,True,BULL_TO_NEUTRAL,
2011-11-08,2011-11-07,2000,1990,0,1,2,0.6162168559247074,0.3460492120876352,False,neutral,neutral,False,,
2011-11-09,2011-11-08,2000,1990,2,1,0,0.7642624292998471,0.49312761275119005,False,neutral,neutral,False,,
2011-11-10,2011-11-09,2000,1990,0,1,2,0.5212530851275539,0.048419852856531435,False,neutral,neutral,False,,
2011-11-11,2011-11-10,2000,1990,2,1,0,0.9311892678619824,0.4080686165835602,False,neutral,neutral,False,,
2011-11-14,2011-11-11,2000,1990,2,1,0,1.0,0.5121974360190207,True,bull,neutral,True,NEUTRAL_TO_BULL,
2011-11-15,2011-11-14,2000,1990,2,1,0,1.0,0.42510148141031046,False,neutral,bull,True,BULL_TO_NEUTRAL,
2011-11-16,2011-11-15,2000,1990,1,2,0,0.9661877632275665,0.32478243010605107,False,neutral,neutral,False,,
2011-11-17,2011-11-16,2000,1990,2,1,0,0.951459203236526,0.4579023674580472,False,neutral,neutral,False,,
2011-11-18,2011-11-17,2000,1990,2,1,0,1.0,0.45803577857570654,False,neutral,neutral,False,,
2011-11-21,2011-11-18,2000,1990,2,1,0,0.8775833101576745,0.3145172140128688,False,neutral,neutral,False,,
2011-11-22,2011-11-21,2000,1990,0,2,1,0.22020955243710744,0.41255050724087083,False,neutral,neutral,False,,
2011-11-23,2011-11-22,2000,1990,0,2,1,0.17481298402856169,0.33758737895786856,False,neutral,neutral,False,,
2011-11-25,2011-11-23,2000,1990,1,1,0,0.9916838425620015,0.63693522057983,True,bear,neutral,True,NEUTRAL_TO_BEAR,
2011-11-28,2011-11-25,2000,1990,1,2,0,1.0,0.1412055881056891,False,neutral,bear,True,BEAR_TO_NEUTRAL,
2011-11-29,2011-11-28,2000,1990,1,1,2,0.9945044886937257,0.784525269663054,True,bear,neutral,True,NEUTRAL_TO_BEAR,
2011-11-30,2011-11-29,2000,1990,1,1,2,0.9769784108126331,0.1216443082149047,False,neutral,bear,True,BEAR_TO_NEUTRAL,
2011-12-01,2011-11-30,2000,1990,1,0,2,1.0,0.9990333303339825,True,bull,neutral,True,NEUTRAL_TO_BULL,
2011-12-02,2011-12-01,2000,1990,2,2,1,0.9663393263714878,0.12186327683351333,False,neutral,bull,True,BULL_TO_NEUTRAL,
2011-12-05,2011-12-02,2000,1990,2,2,0,0.9883226835745297,0.12468589939615896,False,neutral,neutral,False,,
2011-12-06,2011-12-05,2000,1990,1,1,0,0.9976810172202153,0.22123934768031042,False,neutral,neutral,False,,
2011-12-07,2011-12-06,2000,1990,1,1,0,0.9991728471819848,0.1212059287240045,False,neutral,neutral,False,,
2011-12-08,2011-12-07,2000,1990,1,1,0,0.9995262620802822,0.12445431416288429,False,neutral,neutral,False,,
2011-12-09,2011-12-08,2000,1990,2,2,1,0.9949368583662868,0.6449466789112618,True,bear,neutral,True,NEUTRAL_TO_BEAR,
2011-12-12,2011-12-09,2000,1990,1,1,0,0.7911058175253751,0.4145559165237556,False,neutral,bear,True,BEAR_TO_NEUTRAL,
2011-12-13,2011-12-12,2000,1990,0,2,1,0.9660308060927283,0.46088069799294634,False,neutral,neutral,False,,
2011-12-14,2011-12-13,2000,1990,2,1,0,0.3991367835964266,0.42096989187764955,False,neutral,neutral,False,,
2011-12-15,2011-12-14,2000,1990,2,1,0,1.0,0.4403717178525396,False,neutral,neutral,False,,
2011-12-16,2011-12-15,2000,1990,2,1,0,1.0,0.31293771652939756,False,neutral,neutral,False,,
2011-12-19,2011-12-16,2000,1990,2,1,0,0.9742337838569713,0.3508746900322331,False,neutral,neutral,False,,
2011-12-20,2011-12-19,2000,1990,2,1,0,0.5896907358345398,0.44177665530041427,False,neutral,neutral,False,,
2011-12-21,2011-12-20,2000,1990,2,1,0,0.9695353088255747,0.18230798580249677,False,neutral,neutral,False,,
2011-12-22,2011-12-21,2000,1990,2,1,0,1.0,0.303204990358468,False,neutral,neutral,False,,
2011-12-23,2011-12-22,2000,1990,0,2,1,1.0,0.3934151901476229,False,neutral,neutral,False,,
2011-12-27,2011-12-23,2000,1990,2,1,0,1.0,0.39561987245219965,False,neutral,neutral,False,,
2011-12-28,2011-12-27,2000,1990,0,1,2,0.8877543891893525,0.3025894990386759,False,neutral,neutral,False,,
2011-12-29,2011-12-28,2000,1990,2,1,0,0.8123580739668425,0.4654736003245302,False,neutral,neutral,False,,
2011-12-30,2011-12-29,2000,1990,2,1,0,0.8009701203604611,0.42878329421472344,False,neutral,neutral,False,,
2012-01-03,2011-12-30,2000,1990,0,2,1,0.96533663557738,0.3497386194326437,False,neutral,neutral,False,,
2012-01-04,2012-01-03,2000,1990,2,1,0,0.9999979586792386,0.5277873865998916,True,bull,neutral,True,NEUTRAL_TO_BULL,
2012-01-05,2012-01-04,2000,1990,2,0,2,0.482894322361173,0.6715628733863237,True,bull,bull,False,,
2012-01-06,2012-01-05,2000,1990,0,2,1,0.6509973825143217,0.3045345263641479,False,neutral,bull,True,BULL_TO_NEUTRAL,
2012-01-09,2012-01-06,2000,1990,0,1,2,0.27122208205126597,0.3212435665895434,False,neutral,neutral,False,,
2012-01-10,2012-01-09,2000,1990,0,1,0,0.7667925467665441,0.5724399777159653,True,bull,neutral,True,NEUTRAL_TO_BULL,
2012-01-11,2012-01-10,2000,1990,0,1,2,0.7707641482442215,0.38898163129347246,False,neutral,bull,True,BULL_TO_NEUTRAL,
2012-01-12,2012-01-11,2000,1990,2,1,0,0.9995051252452007,0.30446272894442383,False,neutral,neutral,False,,
2012-01-13,2012-01-12,2000,1990,2,1,0,0.7068048815017981,0.30588260678317564,False,neutral,neutral,False,,
2012-01-17,2012-01-13,2000,1990,0,0,2,0.539087055871453,0.45051866139214747,False,neutral,neutral,False,,
2012-01-18,2012-01-17,2000,1990,0,1,0,0.9936043247838654,0.5571727407302214,True,bull,neutral,True,NEUTRAL_TO_BULL,
2012-01-19,2012-01-18,2000,1990,0,0,2,0.5785017729005336,0.4171918518150062,False,neutral,bull,True,BULL_TO_NEUTRAL,
2012-01-20,2012-01-19,2000,1990,1,2,1,0.6422049941087717,0.5371726183741848,True,bull,neutral,True,NEUTRAL_TO_BULL,
2012-01-23,2012-01-20,2000,1990,0,1,0,0.2845729161558172,0.5700661187640708,False,neutral,bull,True,BULL_TO_NEUTRAL,
2012-01-24,2012-01-23,2000,1990,2,1,2,0.39626820478661245,0.5707520205399528,True,bull,neutral,True,NEUTRAL_TO_BULL,
2012-01-25,2012-01-24,2000,1990,0,1,0,0.7169816658517085,0.559158456230479,True,bull,bull,False,,
2012-01-26,2012-01-25,2000,1990,0,1,0,0.38858070682582563,0.4540695424498599,False,neutral,bull,True,BULL_TO_NEUTRAL,
2012-01-27,2012-01-26,2000,1990,0,1,0,0.5853954278067363,0.4845237579591612,False,neutral,neutral,False,,
2012-01-30,2012-01-27,2000,1990,0,1,0,0.7625331614280917,0.5668867595668045,True,bull,neutral,True,NEUTRAL_TO_BULL,
2012-01-31,2012-01-30,2000,1990,0,1,0,0.9940432312754068,0.5258308678207372,True,bull,bull,False,,
2012-02-01,2012-01-31,2000,1990,0,1,0,0.9999997497349333,0.5681326949232142,True,bull,bull,False,,
2012-02-02,2012-02-01,2000,1990,2,1,0,0.4715511821170751,0.3746203549230281,False,neutral,bull,True,BULL_TO_NEUTRAL,
2012-02-03,2012-02-02,2000,1990,0,1,0,0.9999974378948706,0.5759673628930837,True,bull,neutral,True,NEUTRAL_TO_BULL,
2012-02-06,2012-02-03,2000,1990,2,1,0,0.5190039338100416,0.36015487217597697,False,neutral,bull,True,BULL_TO_NEUTRAL,
2012-02-07,2012-02-06,2000,1990,2,1,2,0.4743686072391532,0.6259766733519618,True,bull,neutral,True,NEUTRAL_TO_BULL,
2012-02-08,2012-02-07,2000,1990,0,1,0,0.34503204346494454,0.5719062702256681,True,bull,bull,False,,
2012-02-09,2012-02-08,2000,1990,2,1,2,0.3473480351092419,0.10135946522893087,False,neutral,bull,True,BULL_TO_NEUTRAL,
2012-02-10,2012-02-09,2000,1990,0,2,1,1.0,0.4742516444517436,False,neutral,neutral,False,,
2012-02-13,2012-02-10,2000,1990,0,1,2,0.996860483449818,0.38679741463646095,False,neutral,neutral,False,,
2012-02-14,2012-02-13,2000,1990,2,1,0,0.8921102152190664,0.3586063711295739,False,neutral,neutral,False,,
2012-02-15,2012-02-14,2000,1990,2,1,0,0.22602120813977594,0.31100960852677806,False,neutral,neutral,False,,
2012-02-16,2012-02-15,2000,1990,0,1,0,0.9548077801428222,0.4975227634901715,False,neutral,neutral,False,,
2012-02-17,2012-02-16,2000,1990,2,1,2,0.9823572815566186,0.3422733629114847,False,neutral,neutral,False,,
2012-02-21,2012-02-17,2000,1990,0,1,0,0.9103118250375756,0.5723434021144869,True,bull,neutral,True,NEUTRAL_TO_BULL,
2012-02-22,2012-02-21,2000,1990,2,0,2,0.45793031539296164,0.5771254222856663,True,bull,bull,False,,
2012-02-23,2012-02-22,2000,1990,1,2,1,0.7447300683706958,0.5294742344301404,True,bull,bull,False,,
2012-02-24,2012-02-23,2000,1990,0,1,0,0.9974278468558965,0.5559979744993371,True,bull,bull,False,,
2012-02-27,2012-02-24,2000,1990,0,1,0,0.9892528970258135,0.5748066440177093,True,bull,bull,False,,
2012-02-28,2012-02-27,2000,1990,0,1,0,0.9960687723425046,0.5758905512333483,True,bull,bull,False,,
2012-02-29,2012-02-28,2000,1990,0,1,0,0.9872313458834417,0.5713750756118556,True,bull,bull,False,,
2012-03-01,2012-02-29,2000,1990,2,1,2,0.9954747878358191,0.5149110239482716,True,bull,bull,False,,
2012-03-02,2012-03-01,2000,1990,0,2,0,0.9999799459437867,0.5436047576063856,True,bull,bull,False,,
2012-03-05,2012-03-02,2000,1990,0,1,0,0.9999956426183615,0.5330722761429604,True,bull,bull,False,,
2012-03-06,2012-03-05,2000,1990,2,1,2,0.9999982171635363,0.511514054779366,True,bull,bull,False,,
2012-03-07,2012-03-06,2000,1990,2,1,2,0.9923220997479978,0.14980901232870558,False,neutral,bull,True,BULL_TO_NEUTRAL,
2012-03-08,2012-03-07,2000,1990,0,1,0,0.9863476081726539,0.5016433301138318,True,bull,neutral,True,NEUTRAL_TO_BULL,
2012-03-09,2012-03-08,2000,1990,2,2,0,0.529712490995503,0.3387755739058083,False,neutral,bull,True,BULL_TO_NEUTRAL,
2012-03-12,2012-03-09,2000,1990,0,1,0,0.9778369759012968,0.5632242790179747,True,bull,neutral,True,NEUTRAL_TO_BULL,
2012-03-13,2012-03-12,2000,1990,0,2,0,0.9699201386708748,0.5724437693678337,True,bull,bull,False,,
2012-03-14,2012-03-13,2000,1990,2,1,0,0.8300188830431919,0.5251066292453255,True,bull,bull,False,,
2012-03-15,2012-03-14,2000,1990,0,2,1,1.0,0.30809419309270075,False,neutral,bull,True,BULL_TO_NEUTRAL,
2012-03-16,2012-03-15,2000,1990,2,1,0,1.0,0.32959028605275764,False,neutral,neutral,False,,
2012-03-19,2012-03-16,2000,1990,2,1,0,0.950022046646076,0.3244402842383965,False,neutral,neutral,False,,
2012-03-20,2012-03-19,2000,1990,2,1,0,0.7265849534660639,0.31069673023747846,False,neutral,neutral,False,,
2012-03-21,2012-03-20,2000,1990,0,1,2,1.0,0.3240799942878427,False,neutral,neutral,False,,
2012-03-22,2012-03-21,2000,1990,2,0,2,0.470073390514865,0.5212326007011207,True,bull,neutral,True,NEUTRAL_TO_BULL,
2012-03-23,2012-03-22,2000,1990,2,1,0,0.29819524651131013,0.3845202011936334,False,neutral,bull,True,BULL_TO_NEUTRAL,
2012-03-26,2012-03-23,2000,1990,1,2,1,0.9753151977298462,0.569602646396668,True,bull,neutral,True,NEUTRAL_TO_BULL,
2012-03-27,2012-03-26,2000,1990,0,1,0,0.9998113761250018,0.19622385905617612,False,neutral,bull,True,BULL_TO_NEUTRAL,
2012-03-28,2012-03-27,2000,1990,2,1,2,0.997483309407907,0.5332766149132268,True,bull,neutral,True,NEUTRAL_TO_BULL,
2012-03-29,2012-03-28,2000,1990,2,1,2,0.9979705736502432,0.4896306182207799,False,neutral,bull,True,BULL_TO_NEUTRAL,
2012-03-30,2012-03-29,2000,1990,2,1,2,0.9983356710344318,0.5564385143770905,True,bull,neutral,True,NEUTRAL_TO_BULL,
2012-04-02,2012-03-30,2000,1990,2,1,2,0.9981089831240101,0.5621322702866369,True,bull,bull,False,,
2012-04-03,2012-04-02,2000,1990,0,1,0,0.9907112196529219,0.49300834528918186,False,neutral,bull,True,BULL_TO_NEUTRAL,
2012-04-04,2012-04-03,2000,1990,0,1,0,0.9973040788297509,0.5108178075531192,True,bull,neutral,True,NEUTRAL_TO_BULL,
2012-04-05,2012-04-04,2000,1990,0,1,0,0.9934850627348834,0.31848219618137036,False,neutral,bull,True,BULL_TO_NEUTRAL,
2012-04-09,2012-04-05,2000,1990,0,1,0,0.9928494668775345,0.5696887498918349,True,bull,neutral,True,NEUTRAL_TO_BULL,
2012-04-10,2012-04-09,2000,1990,0,1,0,0.8827955891546722,0.26227632837093406,False,neutral,bull,True,BULL_TO_NEUTRAL,
2012-04-11,2012-04-10,2000,1990,2,1,0,1.0,0.45558923314308886,False,neutral,neutral,False,,
2012-04-12,2012-04-11,2000,1990,0,2,0,0.0877261398388636,0.46439559281903037,False,neutral,neutral,False,,
2012-04-13,2012-04-12,2000,1990,2,1,0,1.0,0.4915702266071256,False,neutral,neutral,False,,
2012-04-16,2012-04-13,2000,1990,0,1,2,0.9999998613876386,0.45545209335762393,False,neutral,neutral,False,,
2012-04-17,2012-04-16,2000,1990,0,2,1,1.0,0.3050542461305699,False,neutral,neutral,False,,
2012-04-18,2012-04-17,2000,1990,2,1,0,1.0,0.522248918334449,True,bull,neutral,True,NEUTRAL_TO_BULL,
2012-04-19,2012-04-18,2000,1990,0,1,2,0.6682762016520608,0.328731077413365,False,neutral,bull,True,BULL_TO_NEUTRAL,
2012-04-20,2012-04-19,2000,1990,2,1,0,0.2754361490501616,0.3723111206186116,False,neutral,neutral,False,,
2012-04-23,2012-04-20,2000,1990,2,1,2,0.9566262593114327,0.577000809281249,True,bull,neutral,True,NEUTRAL_TO_BULL,
2012-04-24,2012-04-23,2000,1990,2,1,2,0.9388276424050414,0.3778503255999529,False,neutral,bull,True,BULL_TO_NEUTRAL,
2012-04-25,2012-04-24,2000,1990,2,1,2,0.9990251630265029,0.5633529886859356,True,bull,neutral,True,NEUTRAL_TO_BULL,
2012-04-26,2012-04-25,2000,1990,0,1,0,0.9904041679024554,0.21239602098585814,False,neutral,bull,True,BULL_TO_NEUTRAL,
2012-04-27,2012-04-26,2000,1990,0,1,0,0.8304759178871753,0.5018116740460966,True,bull,neutral,True,NEUTRAL_TO_BULL,
2012-04-30,2012-04-27,2000,1990,0,1,0,0.49856446556973877,0.5772252690222653,True,bull,bull,False,,
2012-05-01,2012-04-30,2000,1990,1,2,1,0.5806833469463203,0.5214094161295454,True,bull,bull,False,,
2012-05-02,2012-05-01,2000,1990,2,1,2,0.1364016591874473,0.5209078798142854,False,neutral,bull,True,BULL_TO_NEUTRAL,
2012-05-03,2012-05-02,2000,1990,2,1,0,0.9950065575821214,0.3230971656279477,False,neutral,neutral,False,,
2012-05-04,2012-05-03,2000,1990,0,2,1,0.876270616811131,0.3917746184597771,False,neutral,neutral,False,,
2012-05-07,2012-05-04,2000,1990,2,1,0,1.0,0.46136773360026384,False,neutral,neutral,False,,
2012-05-08,2012-05-07,2000,1990,2,1,0,0.9924824015993913,0.3002353068249144,False,neutral,neutral,False,,
2012-05-09,2012-05-08,2000,1990,2,1,0,1.0,0.3355215536509113,False,neutral,neutral,False,,
2012-05-10,2012-05-09,2000,1990,2,1,0,1.0,0.3642495905864596,False,neutral,neutral,False,,
2012-05-11,2012-05-10,2000,1990,0,2,1,0.9999926319720199,0.30069292698438704,False,neutral,neutral,False,,
2012-05-14,2012-05-11,2000,1990,2,1,0,0.9996437080719243,0.3245278938107693,False,neutral,neutral,False,,
2012-05-15,2012-05-14,2000,1990,2,1,0,0.8089470400292592,0.4445165215553297,False,neutral,neutral,False,,
2012-05-16,2012-05-15,2000,1990,2,1,0,0.9244905411243194,0.36113101127464103,False,neutral,neutral,False,,
2012-05-17,2012-05-16,2000,1990,2,1,0,1.0,0.3345857449296499,False,neutral,neutral,False,,
2012-05-18,2012-05-17,2000,1990,2,1,0,0.9839004903220524,0.4630365926233571,False,neutral,neutral,False,,
2012-05-21,2012-05-18,2000,1990,2,1,0,0.29031211190182654,0.407750955493001,False,neutral,neutral,False,,
2012-05-22,2012-05-21,2000,1990,1,2,0,0.40260884981476935,0.5255517604352213,True,bull,neutral,True,NEUTRAL_TO_BULL,
2012-05-23,2012-05-22,2000,1990,2,1,0,0.894187690439816,0.30339479877963943,False,neutral,bull,True,BULL_TO_NEUTRAL,
2012-05-24,2012-05-23,2000,1990,1,2,0,1.0,0.3036638985782481,False,neutral,neutral,False,,
2012-05-25,2012-05-24,2000,1990,0,1,2,1.0,0.3030408222374827,False,neutral,neutral,False,,
2012-05-29,2012-05-25,2000,1990,2,1,0,0.34683300982737325,0.32881491763192616,False,neutral,neutral,False,,
2012-05-30,2012-05-29,2000,1990,2,1,0,0.21642433362238434,0.4646349418876752,False,neutral,neutral,False,,
2012-05-31,2012-05-30,2000,1990,0,1,0,0.8877513668676396,0.15041743635834648,False,neutral,neutral,False,,
2012-06-01,2012-05-31,2000,1990,2,1,2,0.9181067503560628,0.5463588908445902,True,bull,neutral,True,NEUTRAL_TO_BULL,
2012-06-04,2012-06-01,2000,1990,0,2,1,1.0,0.2763718893020851,False,neutral,bull,True,BULL_TO_NEUTRAL,
2012-06-05,2012-06-04,2000,1990,0,1,2,1.0,0.30660998931568223,False,neutral,neutral,False,,
2012-06-06,2012-06-05,2000,1990,2,1,0,1.0,0.35966685929199926,False,neutral,neutral,False,,
2012-06-07,2012-06-06,2000,1990,2,1,0,1.0,0.4329965356284776,False,neutral,neutral,False,,
2012-06-08,2012-06-07,2000,1990,2,1,0,1.0,0.30374561616828927,False,neutral,neutral,False,,
2012-06-11,2012-06-08,2000,1990,2,1,0,0.9999930317113845,0.3657064053326818,False,neutral,neutral,False,,
2012-06-12,2012-06-11,2000,1990,2,1,0,1.0,0.4596468418065205,False,neutral,neutral,False,,
2012-06-13,2012-06-12,2000,1990,2,1,0,1.0,0.4470645078298865,False,neutral,neutral,False,,
2012-06-14,2012-06-13,2000,1990,2,1,0,1.0,0.3727130356049158,False,neutral,neutral,False,,
2012-06-15,2012-06-14,2000,1990,2,1,0,0.9956375298933007,0.4272246462973595,False,neutral,neutral,False,,
2012-06-18,2012-06-15,2000,1990,2,1,0,1.0,0.3208949295615766,False,neutral,neutral,False,,
2012-06-19,2012-06-18,2000,1990,2,1,0,1.0,0.3022629570479296,False,neutral,neutral,False,,
2012-06-20,2012-06-19,2000,1990,2,1,0,0.6576251189875725,0.40528074202168174,False,neutral,neutral,False,,
2012-06-21,2012-06-20,2000,1990,2,1,2,0.4909092342066995,0.4498410686848618,False,neutral,neutral,False,,
2012-06-22,2012-06-21,2000,1990,2,1,0,0.8998422195838243,0.34433489713331367,False,neutral,neutral,False,,
2012-06-25,2012-06-22,2000,1990,0,1,2,0.8818446965607145,0.3629011990260209,False,neutral,neutral,False,,
2012-06-26,2012-06-25,2000,1990,2,1,0,0.9208960366336002,0.46042491761578336,False,neutral,neutral,False,,
2012-06-27,2012-06-26,2000,1990,2,1,0,1.0,0.3224905534650868,False,neutral,neutral,False,,
2012-06-28,2012-06-27,2000,1990,0,1,2,0.9225572060807867,0.3891830921657274,False,neutral,neutral,False,,
2012-06-29,2012-06-28,2000,1990,1,2,0,0.9619840501420984,0.32501023691563957,False,neutral,neutral,False,,
2012-07-02,2012-06-29,2000,1990,2,1,0,1.0,0.3599384575471609,False,neutral,neutral,False,,
2012-07-03,2012-07-02,2000,1990,0,1,2,1.0,0.30638040014770873,False,neutral,neutral,False,,
2012-07-05,2012-07-03,2000,1990,2,1,0,0.9033873136203053,0.3438862628736727,False,neutral,neutral,False,,
2012-07-06,2012-07-05,2000,1990,2,1,0,0.6426041258699069,0.34426553771853624,False,neutral,neutral,False,,
2012-07-09,2012-07-06,2000,1990,2,1,0,0.7627166300527464,0.42264905210516424,False,neutral,neutral,False,,
2012-07-10,2012-07-09,2000,1990,2,1,0,0.8198770770636428,0.3114017099386213,False,neutral,neutral,False,,
2012-07-11,2012-07-10,2000,1990,2,1,0,1.0,0.4109196582498403,False,neutral,neutral,False,,
2012-07-12,2012-07-11,2000,1990,1,2,0,1.0,0.30386314035877676,False,neutral,neutral,False,,
2012-07-13,2012-07-12,2000,1990,1,2,0,1.0,0.3484994801222533,False,neutral,neutral,False,,
2012-07-16,2012-07-13,2000,1990,2,1,0,0.455762228573736,0.528113353309901,True,bull,neutral,True,NEUTRAL_TO_BULL,
2012-07-17,2012-07-16,2000,1990,1,2,0,0.42157558700076947,0.3194489321586064,False,neutral,bull,True,BULL_TO_NEUTRAL,
2012-07-18,2012-07-17,2000,1990,2,1,0,0.39043705514475396,0.3484676301628152,False,neutral,neutral,False,,
2012-07-19,2012-07-18,2000,1990,2,1,0,0.37504808528809724,0.3575911085079433,False,neutral,neutral,False,,
2012-07-20,2012-07-19,2000,1990,0,2,1,0.803007983641931,0.30500634385406644,False,neutral,neutral,False,,
2012-07-23,2012-07-20,2000,1990,2,1,0,0.9093258285193473,0.42087719850342986,False,neutral,neutral,False,,
2012-07-24,2012-07-23,2000,1990,0,2,1,0.9293566621031671,0.43594818728828283,False,neutral,neutral,False,,
2012-07-25,2012-07-24,2000,1990,0,2,1,0.9723275696429723,0.412354612635198,False,neutral,neutral,False,,
2012-07-26,2012-07-25,2000,1990,2,1,0,0.9936506955121014,0.303435388084822,False,neutral,neutral,False,,
2012-07-27,2012-07-26,2000,1990,1,2,0,0.5333886755539599,0.5301435156510071,True,bull,neutral,True,NEUTRAL_TO_BULL,
2012-07-30,2012-07-27,2000,1990,2,1,0,1.0,0.518255345730756,True,bull,bull,False,,
2012-07-31,2012-07-30,2000,1990,2,1,0,1.0,0.3040859968482102,False,neutral,bull,True,BULL_TO_NEUTRAL,
2012-08-01,2012-07-31,2000,1990,2,1,0,1.0,0.37067221521506405,False,neutral,neutral,False,,
2012-08-02,2012-08-01,2000,1990,1,2,0,1.0,0.31510856660779063,False,neutral,neutral,False,,
2012-08-03,2012-08-02,2000,1990,2,1,0,1.0,0.38244514236812593,False,neutral,neutral,False,,
2012-08-06,2012-08-03,2000,1990,0,1,2,0.8404213077077813,0.2586898018069386,False,neutral,neutral,False,,
2012-08-07,2012-08-06,2000,1990,2,1,0,0.7356221627431044,0.3699844346747628,False,neutral,neutral,False,,
2012-08-08,2012-08-07,2000,1990,2,1,0,0.9979779892497272,0.3238063654346095,False,neutral,neutral,False,,
2012-08-09,2012-08-08,2000,1990,2,1,0,1.0,0.3035789196726658,False,neutral,neutral,False,,
2012-08-10,2012-08-09,2000,1990,1,2,0,0.9353204424448561,0.30444557651034093,False,neutral,neutral,False,,
2012-08-13,2012-08-10,2000,1990,1,2,0,1.0,0.3039913577827993,False,neutral,neutral,False,,
2012-08-14,2012-08-13,2000,1990,2,1,0,1.0,0.30834252610608853,False,neutral,neutral,False,,
2012-08-15,2012-08-14,2000,1990,1,2,0,0.9988785315195812,0.3059662089950911,False,neutral,neutral,False,,
2012-08-16,2012-08-15,2000,1990,2,1,0,0.5786372903132405,0.30423813172769043,False,neutral,neutral,False,,
2012-08-17,2012-08-16,2000,1990,0,1,0,1.0,0.4880779995641815,False,neutral,neutral,False,,
2012-08-20,2012-08-17,2000,1990,0,1,0,1.0,0.5752615286273483,True,bull,neutral,True,NEUTRAL_TO_BULL,
2012-08-21,2012-08-20,2000,1990,0,1,0,0.9971982266396063,0.5728470812364937,True,bull,bull,False,,
2012-08-22,2012-08-21,2000,1990,0,1,0,1.0,0.5306779504065319,True,bull,bull,False,,
2012-08-23,2012-08-22,2000,1990,0,2,0,1.0,0.5733457226702676,True,bull,bull,False,,
2012-08-24,2012-08-23,2000,1990,0,1,0,1.0,0.384805293515096,False,neutral,bull,True,BULL_TO_NEUTRAL,
2012-08-27,2012-08-24,2000,1990,0,2,0,1.0,0.5243875609528569,True,bull,neutral,True,NEUTRAL_TO_BULL,
2012-08-28,2012-08-27,2000,1990,0,2,0,1.0,0.5724237069408423,True,bull,bull,False,,
2012-08-29,2012-08-28,2000,1990,0,2,0,0.9998569944706104,0.5629451416391129,True,bull,bull,False,,
2012-08-30,2012-08-29,2000,1990,0,1,0,1.0,0.574775911848941,True,bull,bull,False,,
2012-08-31,2012-08-30,2000,1990,0,1,0,0.9996294256606192,0.41765325246433704,False,neutral,bull,True,BULL_TO_NEUTRAL,
2012-09-04,2012-08-31,2000,1990,0,2,0,0.9998074363985848,0.5552302056758471,True,bull,neutral,True,NEUTRAL_TO_BULL,
2012-09-05,2012-09-04,2000,1990,0,1,0,0.999933009313336,0.5687672694508455,True,bull,bull,False,,
2012-09-06,2012-09-05,2000,1990,0,2,0,0.999948668551929,0.5652372102050112,True,bull,bull,False,,
2012-09-07,2012-09-06,2000,1990,0,1,0,0.9723086301559629,0.01850881464629803,False,neutral,bull,True,BULL_TO_NEUTRAL,
2012-09-10,2012-09-07,2000,1990,0,1,0,0.513339057147907,0.5603543859359391,True,bull,neutral,True,NEUTRAL_TO_BULL,
2012-09-11,2012-09-10,2000,1990,1,2,1,0.17484754686122908,0.46705335322033104,False,neutral,bull,True,BULL_TO_NEUTRAL,
2012-09-12,2012-09-11,2000,1990,1,2,0,0.9999942852502284,0.30671590985016395,False,neutral,neutral,False,,
2012-09-13,2012-09-12,2000,1990,1,2,0,1.0,0.3113385785376213,False,neutral,neutral,False,,
2012-09-14,2012-09-13,2000,1990,2,1,0,0.9997053947722806,0.5190465384606895,True,bull,neutral,True,NEUTRAL_TO_BULL,
2012-09-17,2012-09-14,2000,1990,2,1,0,0.7045329356421056,0.3155376770187033,False,neutral,bull,True,BULL_TO_NEUTRAL,
2012-09-18,2012-09-17,2000,1990,1,2,0,0.7297174907587919,0.32808924019559743,False,neutral,neutral,False,,
2012-09-19,2012-09-18,2000,1990,1,2,0,1.0,0.30903246761749625,False,neutral,neutral,False,,
2012-09-20,2012-09-19,2000,1990,2,1,0,1.0,0.30348101268403155,False,neutral,neutral,False,,
2012-09-21,2012-09-20,2000,1990,1,2,0,0.9744494765992537,0.3044808928435766,False,neutral,neutral,False,,
2012-09-24,2012-09-21,2000,1990,2,1,0,0.884879797086109,0.36408056779016257,False,neutral,neutral,False,,
2012-09-25,2012-09-24,2000,1990,2,1,0,0.1703986213373987,0.3141482451135404,False,neutral,neutral,False,,
2012-09-26,2012-09-25,2000,1990,0,2,0,0.8785131864164792,0.2827123122197506,False,neutral,neutral,False,,
2012-09-27,2012-09-26,2000,1990,0,1,0,0.4234424768134322,0.47008059105504885,False,neutral,neutral,False,,
2012-09-28,2012-09-27,2000,1990,0,1,0,0.30381997436309405,0.4080045158545357,False,neutral,neutral,False,,
2012-10-01,2012-09-28,2000,1990,2,1,0,0.7140776979756733,0.34792898261982874,False,neutral,neutral,False,,
2012-10-02,2012-10-01,2000,1990,2,1,0,0.5633294830992657,0.3060689413042944,False,neutral,neutral,False,,
2012-10-03,2012-10-02,2000,1990,0,1,0,0.7080732777793874,0.5755802067192847,True,bull,neutral,True,NEUTRAL_TO_BULL,
2012-10-04,2012-10-03,2000,1990,0,2,0,0.9214897409788305,0.558647457273434,True,bull,bull,False,,
2012-10-05,2012-10-04,2000,1990,0,1,0,0.9731620969518232,0.4928139092813375,False,neutral,bull,True,BULL_TO_NEUTRAL,
2012-10-08,2012-10-05,2000,1990,0,2,0,0.9596052041393124,0.5728753031846469,True,bull,neutral,True,NEUTRAL_TO_BULL,
2012-10-09,2012-10-08,2000,1990,0,1,0,0.9614287671980526,0.5274774654973786,True,bull,bull,False,,
2012-10-10,2012-10-09,2000,1990,0,1,0,0.9624372504244173,0.31246309246698545,False,neutral,bull,True,BULL_TO_NEUTRAL,
2012-10-11,2012-10-10,2000,1990,0,2,0,0.9615363126847503,0.4446761305464766,False,neutral,neutral,False,,
2012-10-12,2012-10-11,2000,1990,0,2,0,0.8903982852279174,0.5752442097675203,True,bull,neutral,True,NEUTRAL_TO_BULL,
2012-10-15,2012-10-12,2000,1990,0,1,2,0.5399464316036269,0.36973901047337443,False,neutral,bull,True,BULL_TO_NEUTRAL,
2012-10-16,2012-10-15,2000,1990,0,2,0,0.7170813161761009,0.45506194694542185,False,neutral,neutral,False,,
2012-10-17,2012-10-16,2000,1990,0,1,0,0.6267118430465884,0.38040703804590326,False,neutral,neutral,False,,
2012-10-18,2012-10-17,2000,1990,0,1,0,0.35995778313337845,0.5550015047850453,True,bull,neutral,True,NEUTRAL_TO_BULL,
2012-10-19,2012-10-18,2000,1990,0,2,0,0.47007652463715327,0.5421795387843883,True,bull,bull,False,,
2012-10-22,2012-10-19,2000,1990,1,2,1,0.5920709587342423,0.08718783581286264,False,neutral,bull,True,BULL_TO_NEUTRAL,
2012-10-23,2012-10-22,2000,1990,0,2,0,0.6858958223491696,0.5720210765666874,True,bull,neutral,True,NEUTRAL_TO_BULL,
2012-10-24,2012-10-23,2000,1990,2,1,0,1.0,0.4741189068008079,False,neutral,bull,True,BULL_TO_NEUTRAL,
2012-10-25,2012-10-24,2000,1990,2,1,0,1.0,0.32476373855876917,False,neutral,neutral,False,,
2012-10-26,2012-10-25,2000,1990,1,2,0,1.0,0.3070537216136633,False,neutral,neutral,False,,
2012-10-31,2012-10-26,2000,1990,2,1,0,0.9995879854418367,0.30694582984080493,False,neutral,neutral,False,,
2012-11-01,2012-10-31,2000,1990,2,1,0,0.9562581884282575,0.30650791901011704,False,neutral,neutral,False,,
2012-11-02,2012-11-01,2000,1990,1,2,0,1.0,0.4245003628849338,False,neutral,neutral,False,,
2012-11-05,2012-11-02,2000,1990,2,1,0,1.0,0.4155808237606908,False,neutral,neutral,False,,
2012-11-06,2012-11-05,2000,1990,0,1,0,0.9900286805595819,0.5737273164986368,True,bull,neutral,True,NEUTRAL_TO_BULL,
2012-11-07,2012-11-06,2000,1990,0,1,0,0.9988286816202253,0.4748035444501389,False,neutral,bull,True,BULL_TO_NEUTRAL,
2012-11-08,2012-11-07,2000,1990,0,1,0,0.9887593343344713,0.015979628838122734,False,neutral,neutral,False,,
2012-11-09,2012-11-08,2000,1990,0,1,2,0.3851483347018755,0.5032090331224203,True,bull,neutral,True,NEUTRAL_TO_BULL,
2012-11-12,2012-11-09,2000,1990,2,1,0,1.0,0.30444944418529035,False,neutral,bull,True,BULL_TO_NEUTRAL,
2012-11-13,2012-11-12,2000,1990,0,2,1,1.0,0.305231122999612,False,neutral,neutral,False,,
2012-11-14,2012-11-13,2000,1990,1,2,0,0.9622743711210203,0.33434978565322193,False,neutral,neutral,False,,
2012-11-15,2012-11-14,2000,1990,2,1,0,0.33347633978679514,0.46918439960959324,False,neutral,neutral,False,,
2012-11-16,2012-11-15,2000,1990,2,1,0,0.2992419651227309,0.3165092017710249,False,neutral,neutral,False,,
2012-11-19,2012-11-16,2000,1990,1,1,2,1.0,0.1498255618500622,False,neutral,neutral,False,,
2012-11-20,2012-11-19,2000,1990,2,1,0,0.8971227992431252,0.48075311213290134,False,neutral,neutral,False,,
2012-11-21,2012-11-20,2000,1990,2,1,0,0.8851189246519326,0.3059642023722854,False,neutral,neutral,False,,
2012-11-23,2012-11-21,2000,1990,1,2,0,0.7667919461629162,0.3056163490391081,False,neutral,neutral,False,,
2012-11-26,2012-11-23,2000,1990,2,1,0,1.0,0.492848362325741,False,neutral,neutral,False,,
2012-11-27,2012-11-26,2000,1990,0,2,1,0.9999706721833374,0.320152781193589,False,neutral,neutral,False,,
2012-11-28,2012-11-27,2000,1990,2,1,0,0.9610059894385338,0.3551546232031394,False,neutral,neutral,False,,
2012-11-29,2012-11-28,2000,1990,2,1,0,0.6821999274874805,0.37152366634584294,False,neutral,neutral,False,,
2012-11-30,2012-11-29,2000,1990,2,1,0,0.8598445739807183,0.3205754827349873,False,neutral,neutral,False,,
2012-12-03,2012-11-30,2000,1990,2,1,0,1.0,0.30725429803018406,False,neutral,neutral,False,,
2012-12-04,2012-12-03,2000,1990,0,1,2,0.23278274872543173,0.35381489902642976,False,neutral,neutral,False,,
2012-12-05,2012-12-04,2000,1990,0,1,0,0.9383495268415586,0.5554304600754137,True,bull,neutral,True,NEUTRAL_TO_BULL,
2012-12-06,2012-12-05,2000,1990,0,1,2,0.4950940270601532,0.209422203590607,False,neutral,bull,True,BULL_TO_NEUTRAL,
2012-12-07,2012-12-06,2000,1990,0,1,0,1.0,0.5643515594877364,True,bull,neutral,True,NEUTRAL_TO_BULL,
2012-12-10,2012-12-07,2000,1990,0,1,0,1.0,0.567212033213657,True,bull,bull,False,,
2012-12-11,2012-12-10,2000,1990,0,1,0,1.0,0.5709012802043891,True,bull,bull,False,,
2012-12-12,2012-12-11,2000,1990,1,2,1,1.0,0.5055158716294165,True,bull,bull,False,,
2012-12-13,2012-12-12,2000,1990,2,1,2,0.947722271166353,0.6285508488137116,True,bull,bull,False,,
2012-12-14,2012-12-13,2000,1990,0,1,0,0.9998070226458454,0.4497963258185364,False,neutral,bull,True,BULL_TO_NEUTRAL,
2012-12-17,2012-12-14,2000,1990,0,2,0,0.9997906417369525,0.5173512732128993,True,bull,neutral,True,NEUTRAL_TO_BULL,
2012-12-18,2012-12-17,2000,1990,2,1,2,0.9957427339035506,0.315271027088513,False,neutral,bull,True,BULL_TO_NEUTRAL,
2012-12-19,2012-12-18,2000,1990,1,2,1,0.8199264310623825,0.3429023438618641,False,neutral,neutral,False,,
2012-12-20,2012-12-19,2000,1990,2,1,2,0.8831223201004531,0.4077637002042252,False,neutral,neutral,False,,
2012-12-21,2012-12-20,2000,1990,0,1,0,0.8046079393670108,0.5305408669052921,True,bull,neutral,True,NEUTRAL_TO_BULL,
2012-12-24,2012-12-21,2000,1990,0,1,0,0.8524437323824532,0.10773706701634762,False,neutral,bull,True,BULL_TO_NEUTRAL,
2012-12-26,2012-12-24,2000,1990,2,1,2,0.8364346203729718,0.5270948529828411,True,bull,neutral,True,NEUTRAL_TO_BULL,
2012-12-27,2012-12-26,2000,1990,0,1,0,0.5696719197424137,0.5021040091670871,True,bull,bull,False,,
2012-12-28,2012-12-27,2000,1990,1,2,1,0.19449901068743958,0.5544663183693666,False,neutral,bull,True,BULL_TO_NEUTRAL,
2012-12-31,2012-12-28,2000,1990,0,1,2,1.0,0.44204658364378635,False,neutral,neutral,False,,
2013-01-02,2012-12-31,2000,1990,2,1,0,1.0,0.5198338246977345,True,bull,neutral,True,NEUTRAL_TO_BULL,
2013-01-03,2013-01-02,2000,1990,0,1,2,1.0,0.3328854391012752,False,neutral,bull,True,BULL_TO_NEUTRAL,
2013-01-04,2013-01-03,2000,1990,0,1,2,0.9999821688316456,0.32305188272519836,False,neutral,neutral,False,,
2013-01-07,2013-01-04,2000,1990,0,2,1,0.7272758287590767,0.31986368497824447,False,neutral,neutral,False,,
2013-01-08,2013-01-07,2000,1990,0,2,1,0.29590157235668935,0.35438829533851235,False,neutral,neutral,False,,
2013-01-09,2013-01-08,2000,1990,0,1,2,0.4094301751317076,0.3090758938648094,False,neutral,neutral,False,,
2013-01-10,2013-01-09,2000,1990,0,1,2,0.39126811779738085,0.30922372538236764,False,neutral,neutral,False,,
2013-01-11,2013-01-10,2000,1990,2,1,0,0.38761685959045056,0.36968912837333634,False,neutral,neutral,False,,
2013-01-14,2013-01-11,2000,1990,0,2,1,0.7017491912923403,0.31171090576443766,False,neutral,neutral,False,,
2013-01-15,2013-01-14,2000,1990,0,2,1,0.7236125934010168,0.3143418208082972,False,neutral,neutral,False,,
2013-01-16,2013-01-15,2000,1990,0,1,0,1.0,0.5678691358824183,True,bull,neutral,True,NEUTRAL_TO_BULL,
2013-01-17,2013-01-16,2000,1990,2,1,2,1.0,0.5640837868211379,True,bull,bull,False,,
2013-01-18,2013-01-17,2000,1990,0,1,0,1.0,0.5110602110862271,True,bull,bull,False,,
2013-01-22,2013-01-18,2000,1990,0,1,0,0.9923026163251414,0.5698113348206537,True,bull,bull,False,,
2013-01-23,2013-01-22,2000,1990,2,1,2,0.9068738663595904,0.5349814559742603,True,bull,bull,False,,
2013-01-24,2013-01-23,2000,1990,0,1,0,0.8870582988470442,0.5709667149845529,True,bull,bull,False,,
2013-01-25,2013-01-24,2000,1990,2,1,2,0.9230965419031724,0.5683526245753672,True,bull,bull,False,,
2013-01-28,2013-01-25,2000,1990,0,1,0,0.6826350693406962,0.5305818627798037,True,bull,bull,False,,
2013-01-29,2013-01-28,2000,1990,2,1,2,0.5964001153436297,0.5569491120216701,True,bull,bull,False,,
2013-01-30,2013-01-29,2000,1990,0,1,0,0.5400794627624746,0.5583101189286471,True,bull,bull,False,,
2013-01-31,2013-01-30,2000,1990,0,1,0,0.7959068029138042,0.5128805752402531,True,bull,bull,False,,
2013-02-01,2013-01-31,2000,1990,0,1,0,0.9969378920989921,0.5437646211034443,True,bull,bull,False,,
2013-02-04,2013-02-01,2000,1990,0,1,0,0.9982741395942113,0.38521914142609737,False,neutral,bull,True,BULL_TO_NEUTRAL,
2013-02-05,2013-02-04,2000,1990,0,2,0,1.0,0.2721642059711381,False,neutral,neutral,False,,
2013-02-06,2013-02-05,2000,1990,2,1,2,1.0,0.39523940566912735,False,neutral,neutral,False,,
2013-02-07,2013-02-06,2000,1990,0,1,0,1.0,0.5711568383578545,True,bull,neutral,True,NEUTRAL_TO_BULL,
2013-02-08,2013-02-07,2000,1990,0,2,0,1.0,0.5553140891115566,True,bull,bull,False,,
2013-02-11,2013-02-08,2000,1990,0,1,0,1.0,0.5336578273722238,True,bull,bull,False,,
2013-02-12,2013-02-11,2000,1990,0,2,0,0.9996038416678816,0.5666973725337349,True,bull,bull,False,,
2013-02-13,2013-02-12,2000,1990,2,1,2,0.9959269269234109,0.5705437291842204,True,bull,bull,False,,
2013-02-14,2013-02-13,2000,1990,0,2,0,0.9901631402045086,0.5722173713594744,True,bull,bull,False,,
2013-02-15,2013-02-14,2000,1990,0,1,0,0.9992713951041452,0.5729954606388189,True,bull,bull,False,,
2013-02-19,2013-02-15,2000,1990,0,1,0,0.9978214321371917,0.5574697423589251,True,bull,bull,False,,
2013-02-20,2013-02-19,2000,1990,1,2,1,1.0,0.4857022516423929,False,neutral,bull,True,BULL_TO_NEUTRAL,
2013-02-21,2013-02-20,2000,1990,2,1,2,1.0,0.21868019345734244,False,neutral,neutral,False,,
2013-02-22,2013-02-21,2000,1990,0,1,0,0.9998737727177073,0.45307514107758307,False,neutral,neutral,False,,
2013-02-25,2013-02-22,2000,1990,0,2,0,1.0,0.4033425175272842,False,neutral,neutral,False,,
2013-02-26,2013-02-25,2000,1990,2,1,2,0.7703446748124068,0.05283801438653789,False,neutral,neutral,False,,
2013-02-27,2013-02-26,2000,1990,2,1,2,0.5416401452820425,0.5059897233844267,True,bull,neutral,True,NEUTRAL_TO_BULL,
2013-02-28,2013-02-27,2000,1990,0,1,0,0.5584797723924254,0.2784008547016001,False,neutral,bull,True,BULL_TO_NEUTRAL,
2013-03-01,2013-02-28,2000,1990,1,2,1,0.6239637601127022,0.5465458418389768,True,bull,neutral,True,NEUTRAL_TO_BULL,
2013-03-04,2013-03-01,2000,1990,0,1,0,0.652122786935901,0.5648232348766083,True,bull,bull,False,,
2013-03-05,2013-03-04,2000,1990,0,1,0,0.4690396615620535,0.5376524928807422,True,bull,bull,False,,
2013-03-06,2013-03-05,2000,1990,0,1,2,1.0,0.38896541262276346,False,neutral,bull,True,BULL_TO_NEUTRAL,
2013-03-07,2013-03-06,2000,1990,2,1,0,1.0,0.30894540881773236,False,neutral,neutral,False,,
2013-03-08,2013-03-07,2000,1990,0,1,2,1.0,0.30932197754043084,False,neutral,neutral,False,,
2013-03-11,2013-03-08,2000,1990,0,1,2,0.9258467679814507,0.32064367742906746,False,neutral,neutral,False,,
2013-03-12,2013-03-11,2000,1990,2,1,0,1.0,0.3177171808603464,False,neutral,neutral,False,,
2013-03-13,2013-03-12,2000,1990,2,1,0,1.0,0.3255177083716422,False,neutral,neutral,False,,
2013-03-14,2013-03-13,2000,1990,1,2,0,1.0,0.30933219631132475,False,neutral,neutral,False,,
2013-03-15,2013-03-14,2000,1990,2,1,0,0.9646252214034797,0.3296630470105628,False,neutral,neutral,False,,
2013-03-18,2013-03-15,2000,1990,2,1,0,0.1634349203381748,0.3663698771069252,False,neutral,neutral,False,,
2013-03-19,2013-03-18,2000,1990,0,1,0,1.0,0.4708179096668661,False,neutral,neutral,False,,
2013-03-20,2013-03-19,2000,1990,0,1,0,1.0,0.5394465522838756,True,bull,neutral,True,NEUTRAL_TO_BULL,
2013-03-21,2013-03-20,2000,1990,0,1,0,1.0,0.5006846022793993,True,bull,bull,False,,
2013-03-22,2013-03-21,2000,1990,0,2,0,1.0,0.372002264026715,False,neutral,bull,True,BULL_TO_NEUTRAL,
2013-03-25,2013-03-22,2000,1990,1,2,1,1.0,0.47021984976279546,False,neutral,neutral,False,,
2013-03-26,2013-03-25,2000,1990,0,1,0,1.0,0.5040908932638448,True,bull,neutral,True,NEUTRAL_TO_BULL,
2013-03-27,2013-03-26,2000,1990,1,0,1,1.0,0.4707158383167833,False,neutral,bull,True,BULL_TO_NEUTRAL,
2013-03-28,2013-03-27,2000,1990,2,1,2,0.9998762259633432,0.5691809917627751,True,bull,neutral,True,NEUTRAL_TO_BULL,
2013-04-01,2013-03-28,2000,1990,0,1,0,0.9999517661936891,0.568774355087757,True,bull,bull,False,,
2013-04-02,2013-04-01,2000,1990,1,2,1,0.9998436025624486,0.5090599246758185,True,bull,bull,False,,
2013-04-03,2013-04-02,2000,1990,0,1,0,0.9968834297690455,0.546251329981757,True,bull,bull,False,,
2013-04-04,2013-04-03,2000,1990,2,1,2,0.9999154919326645,0.3086091954276597,False,neutral,bull,True,BULL_TO_NEUTRAL,
2013-04-05,2013-04-04,2000,1990,0,1,0,0.9998505639886713,0.5592248760180617,True,bull,neutral,True,NEUTRAL_TO_BULL,
2013-04-08,2013-04-05,2000,1990,0,1,0,1.0,0.49632319354612436,False,neutral,bull,True,BULL_TO_NEUTRAL,
2013-04-09,2013-04-08,2000,1990,0,1,0,1.0,0.5083577630484772,True,bull,neutral,True,NEUTRAL_TO_BULL,
2013-04-10,2013-04-09,2000,1990,0,1,0,1.0,0.5657292226212233,True,bull,bull,False,,
2013-04-11,2013-04-10,2000,1990,1,2,1,0.9527633295878254,0.2899365851607177,False,neutral,bull,True,BULL_TO_NEUTRAL,
2013-04-12,2013-04-11,2000,1990,0,1,0,0.3754281263489411,0.5684085378870892,True,bull,neutral,True,NEUTRAL_TO_BULL,
2013-04-15,2013-04-12,2000,1990,2,1,0,1.0,0.3249832182715013,False,neutral,bull,True,BULL_TO_NEUTRAL,
2013-04-16,2013-04-15,2000,1990,2,1,0,1.0,0.3141188205408503,False,neutral,neutral,False,,
2013-04-17,2013-04-16,2000,1990,2,1,0,1.0,0.5164122823557729,True,bull,neutral,True,NEUTRAL_TO_BULL,
2013-04-18,2013-04-17,2000,1990,2,1,0,1.0,0.46701662160491325,False,neutral,bull,True,BULL_TO_NEUTRAL,
2013-04-19,2013-04-18,2000,1990,2,1,0,1.0,0.3742256911551854,False,neutral,neutral,False,,
2013-04-22,2013-04-19,2000,1990,2,1,0,1.0,0.38364771949508214,False,neutral,neutral,False,,
2013-04-23,2013-04-22,2000,1990,0,1,2,1.0,0.31931819218638263,False,neutral,neutral,False,,
2013-04-24,2013-04-23,2000,1990,2,1,0,1.0,0.42201919428472284,False,neutral,neutral,False,,
2013-04-25,2013-04-24,2000,1990,2,1,0,1.0,0.3063159595824206,False,neutral,neutral,False,,
2013-04-26,2013-04-25,2000,1990,2,1,0,1.0,0.3157657846437609,False,neutral,neutral,False,,
2013-04-29,2013-04-26,2000,1990,0,2,1,1.0,0.3186876190620106,False,neutral,neutral,False,,
2013-04-30,2013-04-29,2000,1990,2,1,0,1.0,0.34685246014009685,False,neutral,neutral,False,,
2013-05-01,2013-04-30,2000,1990,2,1,0,1.0,0.3070934850789157,False,neutral,neutral,False,,
2013-05-02,2013-05-01,2000,1990,2,1,0,1.0,0.41425850041758444,False,neutral,neutral,False,,
2013-05-03,2013-05-02,2000,1990,2,1,0,0.839970044066882,0.39686690499480143,False,neutral,neutral,False,,
2013-05-06,2013-05-03,2000,1990,0,1,2,0.897494834070912,0.414721003428074,False,neutral,neutral,False,,
2013-05-07,2013-05-06,2000,1990,2,1,0,0.8911101914875175,0.3085933579604507,False,neutral,neutral,False,,
2013-05-08,2013-05-07,2000,1990,2,1,0,1.0,0.3258013400140874,False,neutral,neutral,False,,
2013-05-09,2013-05-08,2000,1990,0,2,1,1.0,0.32284847151065377,False,neutral,neutral,False,,
2013-05-10,2013-05-09,2000,1990,2,1,0,1.0,0.32911006620890804,False,neutral,neutral,False,,
2013-05-13,2013-05-10,2000,1990,2,1,0,1.0,0.31344335247367033,False,neutral,neutral,False,,
2013-05-14,2013-05-13,2000,1990,2,1,0,1.0,0.30861792602267984,False,neutral,neutral,False,,
2013-05-15,2013-05-14,2000,1990,2,1,0,0.999102128361252,0.4201104375608327,False,neutral,neutral,False,,
2013-05-16,2013-05-15,2000,1990,2,1,0,1.0,0.3333905502080661,False,neutral,neutral,False,,
2013-05-17,2013-05-16,2000,1990,2,1,0,1.0,0.3520024015712642,False,neutral,neutral,False,,
2013-05-20,2013-05-17,2000,1990,0,2,1,1.0,0.4051466884467356,False,neutral,neutral,False,,
2013-05-21,2013-05-20,2000,1990,2,1,0,1.0,0.31424735945555893,False,neutral,neutral,False,,
2013-05-22,2013-05-21,2000,1990,0,2,1,1.0,0.3113487267104682,False,neutral,neutral,False,,
2013-05-23,2013-05-22,2000,1990,0,2,1,1.0,0.39019043273844445,False,neutral,neutral,False,,
2013-05-24,2013-05-23,2000,1990,2,1,0,0.5713021724968665,0.33298184813393134,False,neutral,neutral,False,,
2013-05-28,2013-05-24,2000,1990,2,1,0,0.14491762417595924,0.31787687242442475,False,neutral,neutral,False,,
2013-05-29,2013-05-28,2000,1990,0,1,0,1.0,0.522112037141032,True,bull,neutral,True,NEUTRAL_TO_BULL,
2013-05-30,2013-05-29,2000,1990,2,1,2,1.0,0.44067407561224164,False,neutral,bull,True,BULL_TO_NEUTRAL,
2013-05-31,2013-05-30,2000,1990,0,1,0,1.0,0.556532725026979,True,bull,neutral,True,NEUTRAL_TO_BULL,
2013-06-03,2013-05-31,2000,1990,1,2,1,0.8372493199639759,0.16600500688804426,False,neutral,bull,True,BULL_TO_NEUTRAL,
2013-06-04,2013-06-03,2000,1990,0,1,0,0.8155704927989228,0.5294087663213054,True,bull,neutral,True,NEUTRAL_TO_BULL,
2013-06-05,2013-06-04,2000,1990,0,1,0,0.7396176988459278,0.4879558652723923,False,neutral,bull,True,BULL_TO_NEUTRAL,
2013-06-06,2013-06-05,2000,1990,2,1,0,1.0,0.45509334316785444,False,neutral,neutral,False,,
2013-06-07,2013-06-06,2000,1990,2,1,0,1.0,0.39209702286230574,False,neutral,neutral,False,,
2013-06-10,2013-06-07,2000,1990,2,1,0,1.0,0.47430835409507643,False,neutral,neutral,False,,
2013-06-11,2013-06-10,2000,1990,2,1,0,1.0,0.3137403587356159,False,neutral,neutral,False,,
2013-06-12,2013-06-11,2000,1990,2,1,0,0.7097355815983121,0.42923555403792063,False,neutral,neutral,False,,
2013-06-13,2013-06-12,2000,1990,2,1,0,0.9417664313381833,0.40426658156274503,False,neutral,neutral,False,,
2013-06-14,2013-06-13,2000,1990,2,1,0,0.31688222266219085,0.5115492326056413,True,bull,neutral,True,NEUTRAL_TO_BULL,
2013-06-17,2013-06-14,2000,1990,2,1,0,0.3232257452766613,0.3754424774007527,False,neutral,bull,True,BULL_TO_NEUTRAL,
2013-06-18,2013-06-17,2000,1990,0,2,0,0.3385949467455782,0.36838858894733467,False,neutral,neutral,False,,
2013-06-19,2013-06-18,2000,1990,2,1,0,0.9642549573557199,0.36946159655828875,False,neutral,neutral,False,,
2013-06-20,2013-06-19,2000,1990,0,1,2,0.2599776899288851,0.4567112325763215,False,neutral,neutral,False,,
2013-06-21,2013-06-20,2000,1990,0,2,0,1.0,0.26558707706582196,False,neutral,neutral,False,,
2013-06-24,2013-06-21,2000,1990,2,1,0,0.7169931060154191,0.3258752175302736,False,neutral,neutral,False,,
2013-06-25,2013-06-24,2000,1990,0,1,2,0.07476640579949989,0.4541912090326929,False,neutral,neutral,False,,
2013-06-26,2013-06-25,2000,1990,1,1,0,0.9740925590605346,0.18691814539816484,False,neutral,neutral,False,,
2013-06-27,2013-06-26,2000,1990,1,1,0,0.9794957806512071,0.19071004807152842,False,neutral,neutral,False,,
2013-06-28,2013-06-27,2000,1990,1,1,0,0.9521274848088636,0.13889431100027974,False,neutral,neutral,False,,
2013-07-01,2013-06-28,2000,1990,1,1,0,0.9297569556193224,0.15303774760715522,False,neutral,neutral,False,,
2013-07-02,2013-07-01,2000,1990,2,2,1,0.7357489885006802,0.13942133359022338,False,neutral,neutral,False,,
2013-07-03,2013-07-02,2000,1990,2,1,0,1.0,0.3192532506737906,False,neutral,neutral,False,,
2013-07-05,2013-07-03,2000,1990,1,2,0,0.9351536850456383,0.3145145738069864,False,neutral,neutral,False,,
2013-07-08,2013-07-05,2000,1990,0,2,1,1.0,0.42859762534854795,False,neutral,neutral,False,,
2013-07-09,2013-07-08,2000,1990,1,2,0,1.0,0.3375800628768727,False,neutral,neutral,False,,
2013-07-10,2013-07-09,2000,1990,1,2,0,1.0,0.35894847213350245,False,neutral,neutral,False,,
2013-07-11,2013-07-10,2000,1990,2,1,0,1.0,0.3143812197900473,False,neutral,neutral,False,,
2013-07-12,2013-07-11,2000,1990,2,1,0,0.5248720153467787,0.4875535752231266,False,neutral,neutral,False,,
2013-07-15,2013-07-12,2000,1990,2,1,0,0.1417520072580012,0.3145191868446084,False,neutral,neutral,False,,
2013-07-16,2013-07-15,2000,1990,1,2,0,0.08818211088219811,0.322454429818758,False,neutral,neutral,False,,
2013-07-17,2013-07-16,2000,1990,1,2,0,0.16252245631114418,0.34291117848739083,False,neutral,neutral,False,,
2013-07-18,2013-07-17,2000,1990,2,1,0,0.4443286211814653,0.3158647009616816,False,neutral,neutral,False,,
2013-07-19,2013-07-18,2000,1990,2,1,0,0.9999976001014138,0.33758590519610643,False,neutral,neutral,False,,
2013-07-22,2013-07-19,2000,1990,2,1,0,1.0,0.31505308710059843,False,neutral,neutral,False,,
2013-07-23,2013-07-22,2000,1990,0,2,1,0.9274997547496456,0.3175527659798355,False,neutral,neutral,False,,
2013-07-24,2013-07-23,2000,1990,2,1,0,0.39923137870160214,0.32878616455525195,False,neutral,neutral,False,,
2013-07-25,2013-07-24,2000,1990,0,1,0,0.9999959651418932,0.5101807996181008,True,bull,neutral,True,NEUTRAL_TO_BULL,
2013-07-26,2013-07-25,2000,1990,1,2,1,1.0,0.5620258708618521,True,bull,bull,False,,
2013-07-29,2013-07-26,2000,1990,0,1,0,1.0,0.5634508854962929,True,bull,bull,False,,
2013-07-30,2013-07-29,2000,1990,1,2,1,1.0,0.5217781102130215,True,bull,bull,False,,
2013-07-31,2013-07-30,2000,1990,0,1,0,1.0,0.5608287304266636,True,bull,bull,False,,
2013-08-01,2013-07-31,2000,1990,0,2,0,1.0,0.5630121945148568,True,bull,bull,False,,
2013-08-02,2013-08-01,2000,1990,0,2,0,1.0,0.32672056816770534,False,neutral,bull,True,BULL_TO_NEUTRAL,
2013-08-05,2013-08-02,2000,1990,0,1,0,0.9964890554660466,0.5640680629640605,True,bull,neutral,True,NEUTRAL_TO_BULL,
2013-08-06,2013-08-05,2000,1990,0,1,0,0.9707488271431036,0.5476930919439459,True,bull,bull,False,,
2013-08-07,2013-08-06,2000,1990,0,2,0,0.9703275548084656,0.46297309674662035,False,neutral,bull,True,BULL_TO_NEUTRAL,
2013-08-08,2013-08-07,2000,1990,0,2,1,0.9860107137697208,0.5193654502602247,True,bull,neutral,True,NEUTRAL_TO_BULL,
2013-08-09,2013-08-08,2000,1990,0,1,0,0.9904297506985781,0.5535414987825156,True,bull,bull,False,,
2013-08-12,2013-08-09,2000,1990,0,1,0,0.9922276012645637,0.5272274431546439,True,bull,bull,False,,
2013-08-13,2013-08-12,2000,1990,0,1,0,0.9981114260364886,0.5492062967419733,True,bull,bull,False,,
2013-08-14,2013-08-13,2000,1990,0,1,0,1.0,0.5586070937217205,True,bull,bull,False,,
2013-08-15,2013-08-14,2000,1990,0,1,2,1.0,0.4792318458704483,False,neutral,bull,True,BULL_TO_NEUTRAL,
2013-08-16,2013-08-15,2000,1990,0,1,2,0.629079646731584,0.18332712140602647,False,neutral,neutral,False,,
2013-08-19,2013-08-16,2000,1990,2,1,0,1.0,0.33723330384332006,False,neutral,neutral,False,,
2013-08-20,2013-08-19,2000,1990,2,1,0,1.0,0.37566474674009614,False,neutral,neutral,False,,
2013-08-21,2013-08-20,2000,1990,2,1,0,1.0,0.3300388010610951,False,neutral,neutral,False,,
2013-08-22,2013-08-21,2000,1990,0,2,0,0.9403613198264801,0.37038067212152537,False,neutral,neutral,False,,
2013-08-23,2013-08-22,2000,1990,2,1,0,1.0,0.3938853506872301,False,neutral,neutral,False,,
2013-08-26,2013-08-23,2000,1990,2,1,0,1.0,0.3197145610060328,False,neutral,neutral,False,,
2013-08-27,2013-08-26,2000,1990,2,1,0,1.0,0.34258828058365626,False,neutral,neutral,False,,
2013-08-28,2013-08-27,2000,1990,2,1,0,0.9517912586864669,0.4417321608893175,False,neutral,neutral,False,,
2013-08-29,2013-08-28,2000,1990,0,2,1,0.11886295413693228,0.32065896440506875,False,neutral,neutral,False,,
2013-08-30,2013-08-29,2000,1990,0,1,0,0.8586505025977297,0.5629107195301484,True,bull,neutral,True,NEUTRAL_TO_BULL,
2013-09-03,2013-08-30,2000,1990,0,2,0,0.8049843874778781,0.5206780484018395,True,bull,bull,False,,
2013-09-04,2013-09-03,2000,1990,0,1,0,0.7936873381863372,0.5441054539584393,True,bull,bull,False,,
2013-09-05,2013-09-04,2000,1990,0,1,0,0.7754725359919605,0.4590462364800859,False,neutral,bull,True,BULL_TO_NEUTRAL,
2013-09-06,2013-09-05,2000,1990,0,2,0,0.7082316490187979,0.5641754722530097,True,bull,neutral,True,NEUTRAL_TO_BULL,
2013-09-09,2013-09-06,2000,1990,0,2,0,0.7390311409929864,0.5624475867408716,True,bull,bull,False,,
2013-09-10,2013-09-09,2000,1990,0,2,0,0.20380589542734293,0.4123649196759222,False,neutral,bull,True,BULL_TO_NEUTRAL,
2013-09-11,2013-09-10,2000,1990,2,1,0,1.0,0.36073719065376675,False,neutral,neutral,False,,
2013-09-12,2013-09-11,2000,1990,2,1,0,0.985191375906538,0.31620541076598024,False,neutral,neutral,False,,
2013-09-13,2013-09-12,2000,1990,2,1,0,0.9298263669933705,0.3329559130212249,False,neutral,neutral,False,,
2013-09-16,2013-09-13,2000,1990,2,1,0,0.9259616398495084,0.31445871301276895,False,neutral,neutral,False,,
2013-09-17,2013-09-16,2000,1990,2,1,0,0.9999841949173706,0.33917711983693516,False,neutral,neutral,False,,
2013-09-18,2013-09-17,2000,1990,2,1,0,1.0,0.32519384941756524,False,neutral,neutral,False,,
2013-09-19,2013-09-18,2000,1990,2,1,0,0.8395155524004019,0.4503576460507463,False,neutral,neutral,False,,
2013-09-20,2013-09-19,2000,1990,1,2,0,0.8791596876672512,0.3242857325901689,False,neutral,neutral,False,,
2013-09-23,2013-09-20,2000,1990,2,1,0,1.0,0.4490056476549836,False,neutral,neutral,False,,
2013-09-24,2013-09-23,2000,1990,2,1,0,1.0,0.3535707906790953,False,neutral,neutral,False,,
2013-09-25,2013-09-24,2000,1990,2,1,0,0.9158511476539957,0.32912276929369033,False,neutral,neutral,False,,
2013-09-26,2013-09-25,2000,1990,0,2,1,0.9925216369048301,0.33322119909337927,False,neutral,neutral,False,,
2013-09-27,2013-09-26,2000,1990,0,2,1,0.8149994138397406,0.31920519928930824,False,neutral,neutral,False,,
2013-09-30,2013-09-27,2000,1990,0,2,1,0.9559569365290246,0.35382616115602067,False,neutral,neutral,False,,
2013-10-01,2013-09-30,2000,1990,2,1,0,1.0,0.36277412464452374,False,neutral,neutral,False,,
2013-10-02,2013-10-01,2000,1990,1,2,0,1.0,0.3718239978930988,False,neutral,neutral,False,,
2013-10-03,2013-10-02,2000,1990,0,2,1,0.450081335496502,0.31771671843220267,False,neutral,neutral,False,,
2013-10-04,2013-10-03,2000,1990,0,1,0,0.9862980328179957,0.3424955211603444,False,neutral,neutral,False,,
2013-10-07,2013-10-04,2000,1990,0,2,0,1.0,0.4788816332606015,False,neutral,neutral,False,,
2013-10-08,2013-10-07,2000,1990,0,1,0,1.0,0.36432455132170244,False,neutral,neutral,False,,
2013-10-09,2013-10-08,2000,1990,0,1,0,0.6037368581636088,0.2561316576677556,False,neutral,neutral,False,,
2013-10-10,2013-10-09,2000,1990,2,1,0,1.0,0.3132430952679392,False,neutral,neutral,False,,
2013-10-11,2013-10-10,2000,1990,0,1,2,0.9661313569880902,0.44324532022867313,False,neutral,neutral,False,,
2013-10-14,2013-10-11,2000,1990,2,1,0,1.0,0.3494553368783991,False,neutral,neutral,False,,
2013-10-15,2013-10-14,2000,1990,1,2,0,1.0,0.3221145306763945,False,neutral,neutral,False,,
2013-10-16,2013-10-15,2000,1990,2,1,0,1.0,0.3897619291138594,False,neutral,neutral,False,,
2013-10-17,2013-10-16,2000,1990,2,1,0,0.8410499651659621,0.5007725428576322,True,bull,neutral,True,NEUTRAL_TO_BULL,
2013-10-18,2013-10-17,2000,1990,2,1,0,0.21622105193447685,0.35245181735795117,False,neutral,bull,True,BULL_TO_NEUTRAL,
2013-10-21,2013-10-18,2000,1990,1,1,2,0.9940758220234567,0.14502727247358901,False,neutral,neutral,False,,
2013-10-22,2013-10-21,2000,1990,1,1,2,0.9993489674361501,0.12416590794652992,False,neutral,neutral,False,,
2013-10-23,2013-10-22,2000,1990,1,1,2,0.992415988900979,0.1374577530308097,False,neutral,neutral,False,,
2013-10-24,2013-10-23,2000,1990,2,1,2,0.6576070637974831,0.35385059645797273,False,neutral,neutral,False,,
2013-10-25,2013-10-24,2000,1990,2,1,2,0.9403581032799961,0.318414790471408,False,neutral,neutral,False,,
2013-10-28,2013-10-25,2000,1990,2,1,2,0.9885532043017513,0.3278679651479406,False,neutral,neutral,False,,
2013-10-29,2013-10-28,2000,1990,2,1,2,0.9999999560584731,0.3136244817253015,False,neutral,neutral,False,,
2013-10-30,2013-10-29,2000,1990,1,2,1,1.0,0.3353609257632441,False,neutral,neutral,False,,
2013-10-31,2013-10-30,2000,1990,2,1,2,0.23508557514647518,0.35544362709204824,False,neutral,neutral,False,,
2013-11-01,2013-10-31,2000,1990,0,1,2,0.9733764227808951,0.5269307156367171,True,bull,neutral,True,NEUTRAL_TO_BULL,
2013-11-04,2013-11-01,2000,1990,0,1,2,1.0,0.5618209063937047,True,bull,bull,False,,
2013-11-05,2013-11-04,2000,1990,0,1,2,1.0,0.5545997134986069,True,bull,bull,False,,
2013-11-06,2013-11-05,2000,1990,0,2,1,1.0,0.5225738577760611,True,bull,bull,False,,
2013-11-07,2013-11-06,2000,1990,0,2,1,1.0,0.5349703592424355,True,bull,bull,False,,
2013-11-08,2013-11-07,2000,1990,0,1,2,1.0,0.22459951907275028,False,neutral,bull,True,BULL_TO_NEUTRAL,
2013-11-11,2013-11-08,2000,1990,0,1,2,1.0,0.22980381981372527,False,neutral,neutral,False,,
2013-11-12,2013-11-11,2000,1990,0,1,2,1.0,0.5600696083432427,True,bull,neutral,True,NEUTRAL_TO_BULL,
2013-11-13,2013-11-12,2000,1990,0,1,2,1.0,0.5388281397529288,True,bull,bull,False,,
2013-11-14,2013-11-13,2000,1990,0,1,2,0.9547273994319271,0.4623045049970523,False,neutral,bull,True,BULL_TO_NEUTRAL,
2013-11-15,2013-11-14,2000,1990,0,1,0,0.7387611341578872,0.5355595168172979,True,bull,neutral,True,NEUTRAL_TO_BULL,
2013-11-18,2013-11-15,2000,1990,0,1,0,0.017085074348573023,0.5466822432329236,False,neutral,bull,True,BULL_TO_NEUTRAL,
2013-11-19,2013-11-18,2000,1990,2,1,0,1.0,0.3409946521163034,False,neutral,neutral,False,,
2013-11-20,2013-11-19,2000,1990,2,1,0,1.0,0.3289678239634233,False,neutral,neutral,False,,
2013-11-21,2013-11-20,2000,1990,2,1,0,1.0,0.33713441326498733,False,neutral,neutral,False,,
2013-11-22,2013-11-21,2000,1990,2,1,0,0.16949559540462167,0.37516501646586115,False,neutral,neutral,False,,
2013-11-25,2013-11-22,2000,1990,0,1,0,0.7123858859599529,0.5355130150527295,True,bull,neutral,True,NEUTRAL_TO_BULL,
2013-11-26,2013-11-25,2000,1990,0,1,2,0.7840305446706224,0.5501853524564386,True,bull,bull,False,,
2013-11-27,2013-11-26,2000,1990,0,2,0,0.9891700333469796,0.5590083679153519,True,bull,bull,False,,
2013-11-29,2013-11-27,2000,1990,0,1,0,0.9980142960060053,0.5629597487902429,True,bull,bull,False,,
2013-12-02,2013-11-29,2000,1990,0,1,0,0.9860581267962099,0.555217601184932,True,bull,bull,False,,
2013-12-03,2013-12-02,2000,1990,0,1,0,0.9813671947598346,0.5290083752537917,True,bull,bull,False,,
2013-12-04,2013-12-03,2000,1990,0,1,0,0.9937121673491909,0.4976289814894198,False,neutral,bull,True,BULL_TO_NEUTRAL,
2013-12-05,2013-12-04,2000,1990,0,1,0,1.0,0.5591561224237473,True,bull,neutral,True,NEUTRAL_TO_BULL,
2013-12-06,2013-12-05,2000,1990,0,1,2,1.0,0.494617849765002,False,neutral,bull,True,BULL_TO_NEUTRAL,
2013-12-09,2013-12-06,2000,1990,0,1,0,1.0,0.338077563189342,False,neutral,neutral,False,,
2013-12-10,2013-12-09,2000,1990,0,1,2,1.0,0.5631365356361349,True,bull,neutral,True,NEUTRAL_TO_BULL,
2013-12-11,2013-12-10,2000,1990,0,1,2,1.0,0.5121052023384914,True,bull,bull,False,,
2013-12-12,2013-12-11,2000,1990,0,1,2,0.9625463871517642,0.2737942888296888,False,neutral,bull,True,BULL_TO_NEUTRAL,
2013-12-13,2013-12-12,2000,1990,0,2,1,0.8401682701587846,0.5176480732396405,True,bull,neutral,True,NEUTRAL_TO_BULL,
2013-12-16,2013-12-13,2000,1990,0,1,2,0.7395391759147839,0.5601997381742769,True,bull,bull,False,,
2013-12-17,2013-12-16,2000,1990,0,2,0,0.7818744450204085,0.5149894701203743,True,bull,bull,False,,
2013-12-18,2013-12-17,2000,1990,0,1,0,0.7355622955491014,0.52122695049502,True,bull,bull,False,,
2013-12-19,2013-12-18,2000,1990,1,2,1,0.7989918031684523,0.52264563755648,True,bull,bull,False,,
2013-12-20,2013-12-19,2000,1990,2,1,2,1.0,0.319097421552028,False,neutral,bull,True,BULL_TO_NEUTRAL,
2013-12-23,2013-12-20,2000,1990,2,1,2,1.0,0.31364715007343574,False,neutral,neutral,False,,
2013-12-24,2013-12-23,2000,1990,2,1,2,1.0,0.33571611527710304,False,neutral,neutral,False,,
2013-12-26,2013-12-24,2000,1990,2,1,2,1.0,0.31407534813862614,False,neutral,neutral,False,,
2013-12-27,2013-12-26,2000,1990,2,1,2,0.94346915623805,0.33207103719146264,False,neutral,neutral,False,,
2013-12-30,2013-12-27,2000,1990,2,1,2,0.9767225826721548,0.3153353552050881,False,neutral,neutral,False,,
2013-12-31,2013-12-30,2000,1990,2,1,2,1.0,0.3155657369529309,False,neutral,neutral,False,,
2014-01-02,2013-12-31,2000,1990,1,2,1,1.0,0.32872814825553487,False,neutral,neutral,False,,
2014-01-03,2014-01-02,2000,1990,2,1,2,0.16727362037778654,0.42144967110356346,False,neutral,neutral,False,,
2014-01-06,2014-01-03,2000,1990,0,2,1,0.9077174919143123,0.5598896690036749,True,bull,neutral,True,NEUTRAL_TO_BULL,
2014-01-07,2014-01-06,2000,1990,0,2,1,0.9787169688146694,0.5265530032046374,True,bull,bull,False,,
2014-01-08,2014-01-07,2000,1990,0,1,2,1.0,0.5147628182680846,True,bull,bull,False,,
2014-01-09,2014-01-08,2000,1990,0,1,2,1.0,0.5617503242448475,True,bull,bull,False,,
2014-01-10,2014-01-09,2000,1990,0,1,2,1.0,0.5635956820578426,True,bull,bull,False,,
2014-01-13,2014-01-10,2000,1990,0,1,2,1.0,0.5613557195230077,True,bull,bull,False,,
2014-01-14,2014-01-13,2000,1990,0,2,1,0.9976221677747777,0.19777719712029096,False,neutral,bull,True,BULL_TO_NEUTRAL,
2014-01-15,2014-01-14,2000,1990,0,1,2,1.0,0.34775457622109135,False,neutral,neutral,False,,
2014-01-16,2014-01-15,2000,1990,0,2,1,1.0,0.5298178929319101,True,bull,neutral,True,NEUTRAL_TO_BULL,
2014-01-17,2014-01-16,2000,1990,0,1,2,0.9759912292511916,0.5484589427792964,True,bull,bull,False,,
2014-01-21,2014-01-17,2000,1990,1,2,0,0.9866013582879919,0.4990352985931541,False,neutral,bull,True,BULL_TO_NEUTRAL,
2014-01-22,2014-01-21,2000,1990,1,2,0,1.0,0.5569608018896562,True,bull,neutral,True,NEUTRAL_TO_BULL,
2014-01-23,2014-01-22,2000,1990,1,2,0,1.0,0.5613644364809509,True,bull,bull,False,,
2014-01-24,2014-01-23,2000,1990,0,2,1,0.9909833271860256,0.38599532283151894,False,neutral,bull,True,BULL_TO_NEUTRAL,
2014-01-27,2014-01-24,2000,1990,1,2,1,1.0,0.3417071436981855,False,neutral,neutral,False,,
2014-01-28,2014-01-27,2000,1990,2,1,2,0.47978353717885747,0.35606503547764834,False,neutral,neutral,False,,
2014-01-29,2014-01-28,2000,1990,1,2,1,0.16343938231106764,0.3464840737549484,False,neutral,neutral,False,,
2014-01-30,2014-01-29,2000,1990,2,2,0,0.9931958899738887,0.2468545810979186,False,neutral,neutral,False,,
2014-01-31,2014-01-30,2000,1990,2,2,0,0.9818751939154157,0.20621214333717228,False,neutral,neutral,False,,
2014-02-03,2014-01-31,2000,1990,1,1,0,0.9556696761207313,0.17505304403046787,False,neutral,neutral,False,,
2014-02-04,2014-02-03,2000,1990,2,2,0,0.9994551009630338,0.6703814501420512,True,bear,neutral,True,NEUTRAL_TO_BEAR,
2014-02-05,2014-02-04,2000,1990,1,1,2,0.9947280349462774,0.14856445621548747,False,neutral,bear,True,BEAR_TO_NEUTRAL,
2014-02-06,2014-02-05,2000,1990,1,1,0,0.6958028483052292,0.13049840382491987,False,neutral,neutral,False,,
2014-02-07,2014-02-06,2000,1990,2,1,2,0.9999964288749313,0.488102073034393,False,neutral,neutral,False,,
2014-02-10,2014-02-07,2000,1990,2,1,2,1.0,0.4715598725079392,False,neutral,neutral,False,,
2014-02-11,2014-02-10,2000,1990,2,1,2,0.9041626314130925,0.3170983412067512,False,neutral,neutral,False,,
2014-02-12,2014-02-11,2000,1990,2,1,2,0.3691844473712417,0.4422454581042535,False,neutral,neutral,False,,
2014-02-13,2014-02-12,2000,1990,2,1,2,0.05791964839864124,0.3161546781647331,False,neutral,neutral,False,,
2014-02-14,2014-02-13,2000,1990,1,1,0,0.9985771555072371,0.13444479290017214,False,neutral,neutral,False,,
2014-02-18,2014-02-14,2000,1990,1,1,2,0.9999969770274498,0.1366123554478641,False,neutral,neutral,False,,
2014-02-19,2014-02-18,2000,1990,2,2,0,0.9999230757416083,0.1239911055269342,False,neutral,neutral,False,,
2014-02-20,2014-02-19,2000,1990,1,1,2,0.9890305476151312,0.18843431227963656,False,neutral,neutral,False,,
2014-02-21,2014-02-20,2000,1990,1,2,1,0.6816215227037112,0.34512109673519203,False,neutral,neutral,False,,
2014-02-24,2014-02-21,2000,1990,2,1,2,1.0,0.3219723958681214,False,neutral,neutral,False,,
2014-02-25,2014-02-24,2000,1990,0,2,0,0.979908517435862,0.3410974399764307,False,neutral,neutral,False,,
2014-02-26,2014-02-25,2000,1990,0,1,2,0.8986641404234466,0.5539763124223805,True,bull,neutral,True,NEUTRAL_TO_BULL,
2014-02-27,2014-02-26,2000,1990,2,1,0,0.9674115208980839,0.5558846416785084,True,bull,bull,False,,
2014-02-28,2014-02-27,2000,1990,0,2,1,0.9992223000155729,0.5271755750993483,True,bull,bull,False,,
2014-03-03,2014-02-28,2000,1990,0,1,2,0.9554143530578765,0.5571599839240143,True,bull,bull,False,,
2014-03-04,2014-03-03,2000,1990,2,1,0,0.9645529084732025,0.42216809126349863,False,neutral,bull,True,BULL_TO_NEUTRAL,
2014-03-05,2014-03-04,2000,1990,1,2,0,0.5154982557158189,0.20274195103236467,False,neutral,neutral,False,,
2014-03-06,2014-03-05,2000,1990,0,1,2,0.37203593895055104,0.5575954463302516,True,bull,neutral,True,NEUTRAL_TO_BULL,
2014-03-07,2014-03-06,2000,1990,1,2,1,0.9999613938783947,0.3179931815707649,False,neutral,bull,True,BULL_TO_NEUTRAL,
2014-03-10,2014-03-07,2000,1990,0,2,0,0.9932088702507748,0.31815580310276775,False,neutral,neutral,False,,
2014-03-11,2014-03-10,2000,1990,0,1,0,0.9974539852952838,0.3210353597574192,False,neutral,neutral,False,,
2014-03-12,2014-03-11,2000,1990,0,2,0,0.5879187321243834,0.35561781248376867,False,neutral,neutral,False,,
2014-03-13,2014-03-12,2000,1990,2,1,2,0.15658962369515345,0.31899535374091037,False,neutral,neutral,False,,
2014-03-14,2014-03-13,2000,1990,0,1,2,0.7124388889552249,0.282700691716815,False,neutral,neutral,False,,
2014-03-17,2014-03-14,2000,1990,2,1,2,0.9133574911127572,0.3337501797917166,False,neutral,neutral,False,,
2014-03-18,2014-03-17,2000,1990,0,1,0,0.42257895461910183,0.400055540559701,False,neutral,neutral,False,,
2014-03-19,2014-03-18,2000,1990,0,1,2,0.5771861887019165,0.48383324567198116,False,neutral,neutral,False,,
2014-03-20,2014-03-19,2000,1990,1,2,0,0.6216053039735195,0.4710641436338531,False,neutral,neutral,False,,
2014-03-21,2014-03-20,2000,1990,0,1,2,0.7029324211037346,0.5144346916975361,True,bull,neutral,True,NEUTRAL_TO_BULL,
2014-03-24,2014-03-21,2000,1990,1,2,0,0.8174396234656215,0.384295281416371,False,neutral,bull,True,BULL_TO_NEUTRAL,
2014-03-25,2014-03-24,2000,1990,2,1,0,0.8761895298246248,0.497565315826866,False,neutral,neutral,False,,
2014-03-26,2014-03-25,2000,1990,0,1,2,0.9046117081481277,0.5328788692795327,True,bull,neutral,True,NEUTRAL_TO_BULL,
2014-03-27,2014-03-26,2000,1990,2,1,0,0.8852251953352414,0.4205470900735781,False,neutral,bull,True,BULL_TO_NEUTRAL,
2014-03-28,2014-03-27,2000,1990,2,1,0,0.8167144037422978,0.5326939897708505,True,bull,neutral,True,NEUTRAL_TO_BULL,
2014-03-31,2014-03-28,2000,1990,0,1,2,0.8962324609238944,0.5308504969357121,True,bull,bull,False,,
2014-04-01,2014-03-31,2000,1990,0,2,1,0.8681616988048696,0.4538244477263245,False,neutral,bull,True,BULL_TO_NEUTRAL,
2014-04-02,2014-04-01,2000,1990,2,1,0,0.7560390751533478,0.49788794384722557,False,neutral,neutral,False,,
2014-04-03,2014-04-02,2000,1990,0,2,1,0.049315662800119474,0.5497759480526945,False,neutral,neutral,False,,
2014-04-04,2014-04-03,2000,1990,2,0,2,1.0,0.324863568637316,False,neutral,neutral,False,,
2014-04-07,2014-04-04,2000,1990,2,1,2,1.0,0.43327116749395,False,neutral,neutral,False,,
2014-04-08,2014-04-07,2000,1990,2,1,2,1.0,0.4275257906779019,False,neutral,neutral,False,,
2014-04-09,2014-04-08,2000,1990,2,1,2,1.0,0.3283974136656693,False,neutral,neutral,False,,
2014-04-10,2014-04-09,2000,1990,2,1,2,1.0,0.43338836649138845,False,neutral,neutral,False,,
2014-04-11,2014-04-10,2000,1990,2,1,2,0.9902080616674614,0.34116737157375016,False,neutral,neutral,False,,
2014-04-14,2014-04-11,2000,1990,2,1,2,0.3587069256566859,0.4079896177875133,False,neutral,neutral,False,,
2014-04-15,2014-04-14,2000,1990,2,1,2,0.17423635030212775,0.3771515434243274,False,neutral,neutral,False,,
2014-04-16,2014-04-15,2000,1990,0,2,0,0.3467404652189475,0.36086853777895433,False,neutral,neutral,False,,
2014-04-17,2014-04-16,2000,1990,2,1,2,0.8063090087324757,0.4291562345019803,False,neutral,neutral,False,,
2014-04-21,2014-04-17,2000,1990,2,1,2,0.9998322824289814,0.3185791209989102,False,neutral,neutral,False,,
2014-04-22,2014-04-21,2000,1990,2,1,2,0.9932958861641382,0.3255149912971958,False,neutral,neutral,False,,
2014-04-23,2014-04-22,2000,1990,2,0,2,0.8434285717081293,0.33199274095751535,False,neutral,neutral,False,,
2014-04-24,2014-04-23,2000,1990,2,1,2,0.6667348454620197,0.3328158488722272,False,neutral,neutral,False,,
2014-04-25,2014-04-24,2000,1990,2,1,2,0.5851901082054578,0.3188986893007015,False,neutral,neutral,False,,
2014-04-28,2014-04-25,2000,1990,2,1,2,0.7778955780071473,0.39647665254147185,False,neutral,neutral,False,,
2014-04-29,2014-04-28,2000,1990,1,2,1,1.0,0.32293794884157495,False,neutral,neutral,False,,
2014-04-30,2014-04-29,2000,1990,0,2,0,0.1610296041417694,0.33415335598931595,False,neutral,neutral,False,,
2014-05-01,2014-04-30,2000,1990,1,2,0,1.0,0.5471045059252492,True,bull,neutral,True,NEUTRAL_TO_BULL,
2014-05-02,2014-05-01,2000,1990,0,1,2,1.0,0.5500575998930495,True,bull,bull,False,,
2014-05-05,2014-05-02,2000,1990,0,1,2,1.0,0.5432058104911653,True,bull,bull,False,,
2014-05-06,2014-05-05,2000,1990,0,1,2,1.0,0.5578710298739384,True,bull,bull,False,,
2014-05-07,2014-05-06,2000,1990,0,1,2,1.0,0.3666349533707752,False,neutral,bull,True,BULL_TO_NEUTRAL,
2014-05-08,2014-05-07,2000,1990,0,1,2,1.0,0.5154043739394513,True,bull,neutral,True,NEUTRAL_TO_BULL,
2014-05-09,2014-05-08,2000,1990,0,1,2,1.0,0.546470332085235,True,bull,bull,False,,
2014-05-12,2014-05-09,2000,1990,0,1,2,1.0,0.5589869775694198,True,bull,bull,False,,
2014-05-13,2014-05-12,2000,1990,0,1,2,1.0,0.39920581189766485,False,neutral,bull,True,BULL_TO_NEUTRAL,
2014-05-14,2014-05-13,2000,1990,0,2,1,0.9640334047200848,0.5572459366368869,True,bull,neutral,True,NEUTRAL_TO_BULL,
2014-05-15,2014-05-14,2000,1990,0,1,2,0.9485757378981421,0.4841540707637025,False,neutral,bull,True,BULL_TO_NEUTRAL,
2014-05-16,2014-05-15,2000,1990,0,2,1,0.9177908450881684,0.3645753692265867,False,neutral,neutral,False,,
2014-05-19,2014-05-16,2000,1990,0,2,1,0.9173282338357162,0.5508336473311716,True,bull,neutral,True,NEUTRAL_TO_BULL,
2014-05-20,2014-05-19,2000,1990,0,1,2,0.9108959629419536,0.5489012636801798,True,bull,bull,False,,
2014-05-21,2014-05-20,2000,1990,0,1,2,0.9731134991676382,0.44210764367471633,False,neutral,bull,True,BULL_TO_NEUTRAL,
2014-05-22,2014-05-21,2000,1990,1,2,0,0.9703313500192537,0.4462357742637541,False,neutral,neutral,False,,
2014-05-23,2014-05-22,2000,1990,1,2,0,0.9696582154642763,0.5573634591712788,True,bull,neutral,True,NEUTRAL_TO_BULL,
2014-05-27,2014-05-23,2000,1990,1,2,0,0.9199839759050215,0.5456887688139413,True,bull,bull,False,,
2014-05-28,2014-05-27,2000,1990,0,1,2,0.5387674869535022,0.510196862029952,True,bull,bull,False,,
2014-05-29,2014-05-28,2000,1990,1,2,0,0.03607431779212709,0.5514264428152822,False,neutral,bull,True,BULL_TO_NEUTRAL,
2014-05-30,2014-05-29,2000,1990,0,2,0,1.0,0.3370778282668356,False,neutral,neutral,False,,
2014-06-02,2014-05-30,2000,1990,0,2,0,0.9999528517864825,0.31617911996751286,False,neutral,neutral,False,,
2014-06-03,2014-06-02,2000,1990,2,1,2,0.9994819427991195,0.31587312358061737,False,neutral,neutral,False,,
2014-06-04,2014-06-03,2000,1990,0,1,0,0.9997876804574608,0.3205500134102012,False,neutral,neutral,False,,
2014-06-05,2014-06-04,2000,1990,0,1,0,0.9846036155905072,0.31793433382884656,False,neutral,neutral,False,,
2014-06-06,2014-06-05,2000,1990,2,1,2,0.9351654213797459,0.3555986927965629,False,neutral,neutral,False,,
2014-06-09,2014-06-06,2000,1990,0,2,0,0.9898128722233408,0.3344808860303225,False,neutral,neutral,False,,
2014-06-10,2014-06-09,2000,1990,2,1,2,0.990959595167507,0.31760890470423664,False,neutral,neutral,False,,
2014-06-11,2014-06-10,2000,1990,2,1,2,1.0,0.31758381060989477,False,neutral,neutral,False,,
2014-06-12,2014-06-11,2000,1990,2,1,2,0.5748332190347443,0.34042883054549133,False,neutral,neutral,False,,
2014-06-13,2014-06-12,2000,1990,1,2,1,0.28907630188843053,0.3840440541199271,False,neutral,neutral,False,,
2014-06-16,2014-06-13,2000,1990,0,2,1,0.8587507173146443,0.5536427301789385,True,bull,neutral,True,NEUTRAL_TO_BULL,
2014-06-17,2014-06-16,2000,1990,1,2,0,0.9405048177513673,0.5595723480374812,True,bull,bull,False,,
2014-06-18,2014-06-17,2000,1990,0,1,2,1.0,0.5560965885375235,True,bull,bull,False,,
2014-06-19,2014-06-18,2000,1990,0,1,2,1.0,0.48092672885587384,False,neutral,bull,True,BULL_TO_NEUTRAL,
2014-06-20,2014-06-19,2000,1990,0,1,2,0.9722813409247143,0.5613075636768595,True,bull,neutral,True,NEUTRAL_TO_BULL,
2014-06-23,2014-06-20,2000,1990,0,2,1,0.9532579867322964,0.5249917488915268,True,bull,bull,False,,
2014-06-24,2014-06-23,2000,1990,2,1,0,0.9423884135528295,0.5552372172064619,True,bull,bull,False,,
2014-06-25,2014-06-24,2000,1990,1,2,0,0.9428138967904929,0.45008193257790136,False,neutral,bull,True,BULL_TO_NEUTRAL,
2014-06-26,2014-06-25,2000,1990,1,2,0,0.9376193230445854,0.540270969343496,True,bull,neutral,True,NEUTRAL_TO_BULL,
2014-06-27,2014-06-26,2000,1990,1,2,0,1.0,0.5513351308533213,True,bull,bull,False,,
2014-06-30,2014-06-27,2000,1990,0,1,2,1.0,0.5624168493124972,True,bull,bull,False,,
2014-07-01,2014-06-30,2000,1990,0,1,2,1.0,0.5540843915130892,True,bull,bull,False,,
2014-07-02,2014-07-01,2000,1990,0,1,2,1.0,0.4984010334231119,False,neutral,bull,True,BULL_TO_NEUTRAL,
2014-07-03,2014-07-02,2000,1990,0,1,2,1.0,0.5615210079886874,True,bull,neutral,True,NEUTRAL_TO_BULL,
2014-07-07,2014-07-03,2000,1990,0,1,2,0.9203529161177082,0.5360141868551663,True,bull,bull,False,,
2014-07-08,2014-07-07,2000,1990,0,1,2,0.8528686206787557,0.511037233026357,True,bull,bull,False,,
2014-07-09,2014-07-08,2000,1990,0,1,2,0.8629155911621214,0.43890706176951727,False,neutral,bull,True,BULL_TO_NEUTRAL,
2014-07-10,2014-07-09,2000,1990,0,1,2,0.9663205017050452,0.5418008837371721,True,bull,neutral,True,NEUTRAL_TO_BULL,
2014-07-11,2014-07-10,2000,1990,1,0,2,0.9966971856612256,0.5009239699880977,True,bull,bull,False,,
2014-07-14,2014-07-11,2000,1990,1,2,0,1.0,0.5621097881954773,True,bull,bull,False,,
2014-07-15,2014-07-14,2000,1990,0,2,1,1.0,0.532281561127715,True,bull,bull,False,,
2014-07-16,2014-07-15,2000,1990,1,2,0,1.0,0.5411959052491923,True,bull,bull,False,,
2014-07-17,2014-07-16,2000,1990,0,1,2,1.0,0.5523231181846657,True,bull,bull,False,,
2014-07-18,2014-07-17,2000,1990,0,2,1,1.0,0.2674960389683198,False,neutral,bull,True,BULL_TO_NEUTRAL,
2014-07-21,2014-07-18,2000,1990,0,2,1,1.0,0.3697078043466512,False,neutral,neutral,False,,
2014-07-22,2014-07-21,2000,1990,0,2,1,1.0,0.541116136983389,True,bull,neutral,True,NEUTRAL_TO_BULL,
2014-07-23,2014-07-22,2000,1990,0,1,2,1.0,0.5440720506854171,True,bull,bull,False,,
2014-07-24,2014-07-23,2000,1990,1,2,0,0.9939079511604022,0.5609296271099797,True,bull,bull,False,,
2014-07-25,2014-07-24,2000,1990,2,1,0,0.9877805922847792,0.5586946776528999,True,bull,bull,False,,
2014-07-28,2014-07-25,2000,1990,0,2,1,1.0,0.48553096277975055,False,neutral,bull,True,BULL_TO_NEUTRAL,
2014-07-29,2014-07-28,2000,1990,0,1,2,1.0,0.5599373068857784,True,bull,neutral,True,NEUTRAL_TO_BULL,
2014-07-30,2014-07-29,2000,1990,0,1,2,1.0,0.4950021958869367,False,neutral,bull,True,BULL_TO_NEUTRAL,
2014-07-31,2014-07-30,2000,1990,0,1,2,0.998916829452299,0.5594058482257726,True,bull,neutral,True,NEUTRAL_TO_BULL,
2014-08-01,2014-07-31,2000,1990,0,1,0,1.0,0.3689894618465106,False,neutral,bull,True,BULL_TO_NEUTRAL,
2014-08-04,2014-08-01,2000,1990,2,1,2,0.7586270214167463,0.3357847063819847,False,neutral,neutral,False,,
2014-08-05,2014-08-04,2000,1990,1,2,1,0.5173084650285349,0.3653183013899677,False,neutral,neutral,False,,
2014-08-06,2014-08-05,2000,1990,2,1,2,0.15202965126188722,0.41833164681944873,False,neutral,neutral,False,,
2014-08-07,2014-08-06,2000,1990,2,1,2,0.1215619953199502,0.31661636397100057,False,neutral,neutral,False,,
2014-08-08,2014-08-07,2000,1990,0,1,0,0.1377323911885922,0.36285327839738996,False,neutral,neutral,False,,
2014-08-11,2014-08-08,2000,1990,2,1,2,0.4542906083665773,0.4603066880182451,False,neutral,neutral,False,,
2014-08-12,2014-08-11,2000,1990,0,2,0,0.9518637145862094,0.3197193434522276,False,neutral,neutral,False,,
2014-08-13,2014-08-12,2000,1990,2,1,2,1.0,0.32429300242362147,False,neutral,neutral,False,,
2014-08-14,2014-08-13,2000,1990,0,1,0,0.146520271378069,0.36072012761136574,False,neutral,neutral,False,,
2014-08-15,2014-08-14,2000,1990,0,1,0,0.9037484222856337,0.33430500236799493,False,neutral,neutral,False,,
2014-08-18,2014-08-15,2000,1990,1,2,1,1.0,0.3187057412579362,False,neutral,neutral,False,,
2014-08-19,2014-08-18,2000,1990,2,1,2,0.9595090273581458,0.3895450897862832,False,neutral,neutral,False,,
2014-08-20,2014-08-19,2000,1990,0,2,0,0.6217990513380233,0.3404634014298711,False,neutral,neutral,False,,
2014-08-21,2014-08-20,2000,1990,2,1,2,0.35483651829400253,0.3208112258059962,False,neutral,neutral,False,,
2014-08-22,2014-08-21,2000,1990,2,1,2,0.5956821560449742,0.3219636231758116,False,neutral,neutral,False,,
2014-08-25,2014-08-22,2000,1990,2,1,2,0.6731341396199141,0.3253042298812609,False,neutral,neutral,False,,
2014-08-26,2014-08-25,2000,1990,2,1,2,0.6837099211105097,0.33874986536693924,False,neutral,neutral,False,,
2014-08-27,2014-08-26,2000,1990,2,1,2,0.956771373571906,0.3185636589576743,False,neutral,neutral,False,,
2014-08-28,2014-08-27,2000,1990,0,2,0,1.0,0.3207333031667642,False,neutral,neutral,False,,
2014-08-29,2014-08-28,2000,1990,2,1,2,0.999993034546589,0.3215831085297861,False,neutral,neutral,False,,
2014-09-02,2014-08-29,2000,1990,0,2,1,0.9118352264539289,0.5546830140210611,True,bull,neutral,True,NEUTRAL_TO_BULL,
2014-09-03,2014-09-02,2000,1990,0,2,1,1.0,0.5525296557960192,True,bull,bull,False,,
2014-09-04,2014-09-03,2000,1990,0,2,1,1.0,0.5519998635000876,True,bull,bull,False,,
2014-09-05,2014-09-04,2000,1990,0,1,2,1.0,0.5442924474364886,True,bull,bull,False,,
2014-09-08,2014-09-05,2000,1990,0,1,2,1.0,0.5376308139027861,True,bull,bull,False,,
2014-09-09,2014-09-08,2000,1990,1,2,0,1.0,0.52798293266134,True,bull,bull,False,,
2014-09-10,2014-09-09,2000,1990,0,1,2,1.0,0.4440501750335702,False,neutral,bull,True,BULL_TO_NEUTRAL,
2014-09-11,2014-09-10,2000,1990,0,1,2,1.0,0.5467135498905025,True,bull,neutral,True,NEUTRAL_TO_BULL,
2014-09-12,2014-09-11,2000,1990,0,1,2,1.0,0.5590000443310137,True,bull,bull,False,,
2014-09-15,2014-09-12,2000,1990,0,1,2,1.0,0.4583991151099347,False,neutral,bull,True,BULL_TO_NEUTRAL,
2014-09-16,2014-09-15,2000,1990,1,2,0,1.0,0.5499235772602781,True,bull,neutral,True,NEUTRAL_TO_BULL,
2014-09-17,2014-09-16,2000,1990,0,1,2,1.0,0.4691523321659818,False,neutral,bull,True,BULL_TO_NEUTRAL,
2014-09-18,2014-09-17,2000,1990,1,2,0,1.0,0.5591807537468204,True,bull,neutral,True,NEUTRAL_TO_BULL,
2014-09-19,2014-09-18,2000,1990,1,2,0,0.9891670445639237,0.5240806762444057,True,bull,bull,False,,
2014-09-22,2014-09-19,2000,1990,0,1,2,1.0,0.46568662562904645,False,neutral,bull,True,BULL_TO_NEUTRAL,
2014-09-23,2014-09-22,2000,1990,0,1,2,0.9824854555605278,0.4050688182681224,False,neutral,neutral,False,,
2014-09-24,2014-09-23,2000,1990,0,2,1,0.8555261289867846,0.46280627719874223,False,neutral,neutral,False,,
2014-09-25,2014-09-24,2000,1990,0,2,1,0.850684211407242,0.4593105642927496,False,neutral,neutral,False,,
2014-09-26,2014-09-25,2000,1990,1,2,1,1.0,0.4217753074949966,False,neutral,neutral,False,,
2014-09-29,2014-09-26,2000,1990,2,1,2,1.0,0.3825294309717319,False,neutral,neutral,False,,
2014-09-30,2014-09-29,2000,1990,2,1,2,1.0,0.3289727142811264,False,neutral,neutral,False,,
2014-10-01,2014-09-30,2000,1990,2,1,2,0.9998976837275461,0.3347901207372075,False,neutral,neutral,False,,
2014-10-02,2014-10-01,2000,1990,0,2,0,0.7935046268706458,0.43756044191456434,False,neutral,neutral,False,,
2014-10-03,2014-10-02,2000,1990,1,2,1,0.8888734455433,0.32113876966539423,False,neutral,neutral,False,,
2014-10-06,2014-10-03,2000,1990,2,1,2,0.999999999992535,0.4469051828215092,False,neutral,neutral,False,,
2014-10-07,2014-10-06,2000,1990,0,1,0,1.0,0.3277749154571373,False,neutral,neutral,False,,
2014-10-08,2014-10-07,2000,1990,0,1,0,1.0,0.430314572251011,False,neutral,neutral,False,,
2014-10-09,2014-10-08,2000,1990,2,1,2,1.0,0.5163262234801118,True,bull,neutral,True,NEUTRAL_TO_BULL,
2014-10-10,2014-10-09,2000,1990,2,1,2,0.99946917648183,0.36122861484940477,False,neutral,bull,True,BULL_TO_NEUTRAL,
2014-10-13,2014-10-10,2000,1990,1,2,1,0.6918940777571623,0.4301116538017608,False,neutral,neutral,False,,
2014-10-14,2014-10-13,2000,1990,2,2,0,0.9956683938275889,0.4612266629469034,False,neutral,neutral,False,,
2014-10-15,2014-10-14,2000,1990,1,1,2,0.9999546581879494,0.12309577838825143,False,neutral,neutral,False,,
2014-10-16,2014-10-15,2000,1990,1,1,2,0.999975246597347,0.18960479960957158,False,neutral,neutral,False,,
2014-10-17,2014-10-16,2000,1990,1,1,0,0.9999987565100433,0.12996485981729702,False,neutral,neutral,False,,
2014-10-20,2014-10-17,2000,1990,1,1,2,0.9999744740518383,0.236621932725264,False,neutral,neutral,False,,
2014-10-21,2014-10-20,2000,1990,1,1,2,0.9999377750168698,0.19048215980075942,False,neutral,neutral,False,,
2014-10-22,2014-10-21,2000,1990,1,1,0,0.9999867427838087,0.5036778127753195,True,bear,neutral,True,NEUTRAL_TO_BEAR,
2014-10-23,2014-10-22,2000,1990,1,1,2,0.9537388231747175,0.19672365784822865,False,neutral,bear,True,BEAR_TO_NEUTRAL,
2014-10-24,2014-10-23,2000,1990,1,1,2,0.9983058416569525,0.2320817481419029,False,neutral,neutral,False,,
2014-10-27,2014-10-24,2000,1990,1,1,2,0.999999950976722,0.16008449545189476,False,neutral,neutral,False,,
2014-10-28,2014-10-27,2000,1990,2,2,1,0.999999999764863,0.13421466750444672,False,neutral,neutral,False,,
2014-10-29,2014-10-28,2000,1990,1,1,2,0.9999993708820676,0.23034177303366685,False,neutral,neutral,False,,
2014-10-30,2014-10-29,2000,1990,1,1,2,0.9999999999894452,0.13546820630532574,False,neutral,neutral,False,,
2014-10-31,2014-10-30,2000,1990,1,1,2,0.9999968964350301,0.14738927378847075,False,neutral,neutral,False,,
2014-11-03,2014-10-31,2000,1990,1,1,2,0.9999014098993366,0.23027233784416537,False,neutral,neutral,False,,
2014-11-04,2014-11-03,2000,1990,1,1,2,0.9954151366623112,0.1280639049002341,False,neutral,neutral,False,,
2014-11-05,2014-11-04,2000,1990,1,1,2,0.9933591051146048,0.15079887574276363,False,neutral,neutral,False,,
2014-11-06,2014-11-05,2000,1990,2,2,1,0.8373729354727174,0.1474578337604242,False,neutral,neutral,False,,
2014-11-07,2014-11-06,2000,1990,1,1,2,0.6669682542571485,0.13268068182929782,False,neutral,neutral,False,,
2014-11-10,2014-11-07,2000,1990,2,1,2,0.4816274819301492,0.31984554339264154,False,neutral,neutral,False,,
2014-11-11,2014-11-10,2000,1990,2,1,2,0.9110331413829902,0.32582895560990566,False,neutral,neutral,False,,
2014-11-12,2014-11-11,2000,1990,0,2,0,0.9732495400887677,0.32022977868577013,False,neutral,neutral,False,,
2014-11-13,2014-11-12,2000,1990,2,1,2,1.0,0.3240009133742807,False,neutral,neutral,False,,
2014-11-14,2014-11-13,2000,1990,1,2,1,0.19728671373900733,0.3205304361383527,False,neutral,neutral,False,,
2014-11-17,2014-11-14,2000,1990,0,2,1,0.8461194038786667,0.5488424359428292,True,bull,neutral,True,NEUTRAL_TO_BULL,
2014-11-18,2014-11-17,2000,1990,0,1,2,0.9556815275251644,0.5495934555293829,True,bull,bull,False,,
2014-11-19,2014-11-18,2000,1990,0,1,2,0.9999503795324635,0.5092347372589693,True,bull,bull,False,,
2014-11-20,2014-11-19,2000,1990,0,2,1,1.0,0.5345060501751974,True,bull,bull,False,,
2014-11-21,2014-11-20,2000,1990,0,2,1,1.0,0.5510723908526771,True,bull,bull,False,,
2014-11-24,2014-11-21,2000,1990,0,1,2,0.9943575946722208,0.5179731442535856,True,bull,bull,False,,
2014-11-25,2014-11-24,2000,1990,0,1,2,0.8793233100072425,0.5453274098691976,True,bull,bull,False,,
2014-11-26,2014-11-25,2000,1990,0,1,2,0.6976042673941084,0.5422435344379838,True,bull,bull,False,,
2014-11-28,2014-11-26,2000,1990,1,2,0,0.5181348530043708,0.5468817385223279,True,bull,bull,False,,
2014-12-01,2014-11-28,2000,1990,0,1,2,0.6968818639255362,0.5278526780008548,True,bull,bull,False,,
2014-12-02,2014-12-01,2000,1990,0,2,1,0.9406079516152033,0.428217493951516,False,neutral,bull,True,BULL_TO_NEUTRAL,
2014-12-03,2014-12-02,2000,1990,1,2,0,0.9992147206294533,0.49437317889306653,False,neutral,neutral,False,,
2014-12-04,2014-12-03,2000,1990,1,2,0,0.9976368573150727,0.5363540484959749,True,bull,neutral,True,NEUTRAL_TO_BULL,
2014-12-05,2014-12-04,2000,1990,0,1,2,1.0,0.5400466567337123,True,bull,bull,False,,
2014-12-08,2014-12-05,2000,1990,0,1,2,1.0,0.5492230029439412,True,bull,bull,False,,
2014-12-09,2014-12-08,2000,1990,0,1,2,1.0,0.4371249499764894,False,neutral,bull,True,BULL_TO_NEUTRAL,
2014-12-10,2014-12-09,2000,1990,0,1,2,1.0,0.5421528570349495,True,bull,neutral,True,NEUTRAL_TO_BULL,
2014-12-11,2014-12-10,2000,1990,2,1,2,0.9065596134589793,0.41675102930453645,False,neutral,bull,True,BULL_TO_NEUTRAL,
2014-12-12,2014-12-11,2000,1990,0,1,0,0.9548560965854422,0.346857766707468,False,neutral,neutral,False,,
2014-12-15,2014-12-12,2000,1990,2,1,2,0.5567052492570902,0.4152237784386703,False,neutral,neutral,False,,
2014-12-16,2014-12-15,2000,1990,1,1,2,0.9806180509369168,0.1937305311715343,False,neutral,neutral,False,,
2014-12-17,2014-12-16,2000,1990,1,1,2,0.9998154030603849,0.21432167345275716,False,neutral,neutral,False,,
2014-12-18,2014-12-17,2000,1990,2,2,0,0.9993045883967463,0.4971234558724733,False,neutral,neutral,False,,
2014-12-19,2014-12-18,2000,1990,2,2,0,0.9985830816322147,0.6855823339562307,True,bear,neutral,True,NEUTRAL_TO_BEAR,
2014-12-22,2014-12-19,2000,1990,1,1,2,0.9947772838104234,0.1366781583052591,False,neutral,bear,True,BEAR_TO_NEUTRAL,
2014-12-23,2014-12-22,2000,1990,1,1,2,0.9974964463345335,0.1377445199852167,False,neutral,neutral,False,,
2014-12-24,2014-12-23,2000,1990,2,2,1,0.9991479843215902,0.13010390898614538,False,neutral,neutral,False,,
2014-12-26,2014-12-24,2000,1990,2,2,1,0.9998623817632515,0.13232035021954786,False,neutral,neutral,False,,
2014-12-29,2014-12-26,2000,1990,1,1,2,0.999984248031998,0.13336053832044126,False,neutral,neutral,False,,
2014-12-30,2014-12-29,2000,1990,1,1,2,0.999981993215187,0.1314092146394012,False,neutral,neutral,False,,
2014-12-31,2014-12-30,2000,1990,2,2,1,0.9988321059737569,0.17392915794864672,False,neutral,neutral,False,,
2015-01-02,2014-12-31,2000,1990,2,1,2,0.9596207042516505,0.40637008347776055,False,neutral,neutral,False,,
2015-01-05,2015-01-02,2000,1990,2,1,2,0.0864747284498602,0.3250480935925609,False,neutral,neutral,False,,
2015-01-06,2015-01-05,2000,1990,2,1,2,0.9115147175541923,0.3914059382986811,False,neutral,neutral,False,,
2015-01-07,2015-01-06,2000,1990,1,1,2,0.973957235433912,0.24560075387438962,False,neutral,neutral,False,,
2015-01-08,2015-01-07,2000,1990,2,2,1,0.9904900138163859,0.2590350882060169,False,neutral,neutral,False,,
2015-01-09,2015-01-08,2000,1990,1,1,2,0.983105452527998,0.4302608957126376,False,neutral,neutral,False,,
2015-01-12,2015-01-09,2000,1990,1,1,2,0.9667931601223325,0.21735756590228858,False,neutral,neutral,False,,
2015-01-13,2015-01-12,2000,1990,2,2,1,0.9034682703874648,0.21396277993118673,False,neutral,neutral,False,,
2015-01-14,2015-01-13,2000,1990,1,1,2,0.5150611774314109,0.14944629216757066,False,neutral,neutral,False,,
2015-01-15,2015-01-14,2000,1990,0,1,0,0.8891645399518308,0.3644478058735757,False,neutral,neutral,False,,
2015-01-16,2015-01-15,2000,1990,2,1,2,0.7072225387161418,0.3999861301267742,False,neutral,neutral,False,,
2015-01-20,2015-01-16,2000,1990,2,1,2,0.9693731351158584,0.4621994437990243,False,neutral,neutral,False,,
2015-01-21,2015-01-20,2000,1990,2,1,2,0.9707942100900608,0.3265011630939235,False,neutral,neutral,False,,
2015-01-22,2015-01-21,2000,1990,2,1,2,0.997925691607476,0.3446445099950169,False,neutral,neutral,False,,
2015-01-23,2015-01-22,2000,1990,2,1,2,0.804782237429502,0.48257490216242505,False,neutral,neutral,False,,
2015-01-26,2015-01-23,2000,1990,2,1,2,0.925906635070331,0.36031178514702333,False,neutral,neutral,False,,
2015-01-27,2015-01-26,2000,1990,0,2,0,0.787690370013456,0.3287324468117884,False,neutral,neutral,False,,
2015-01-28,2015-01-27,2000,1990,2,1,2,0.8030761140672669,0.42180672828248067,False,neutral,neutral,False,,
2015-01-29,2015-01-28,2000,1990,1,2,1,0.5870873488966735,0.4241209364786041,False,neutral,neutral,False,,
2015-01-30,2015-01-29,2000,1990,1,2,1,0.6882707024661829,0.39652543390465717,False,neutral,neutral,False,,
2015-02-02,2015-01-30,2000,1990,2,1,0,0.7919882232529837,0.4226820612996924,False,neutral,neutral,False,,
2015-02-03,2015-02-02,2000,1990,2,1,0,0.8103199958848173,0.4433598743005789,False,neutral,neutral,False,,
2015-02-04,2015-02-03,2000,1990,2,1,0,0.7135769208642209,0.4678708099045934,False,neutral,neutral,False,,
2015-02-05,2015-02-04,2000,1990,2,1,0,0.6822654348182852,0.3489751554127743,False,neutral,neutral,False,,
2015-02-06,2015-02-05,2000,1990,2,1,2,0.6806122882662766,0.4129085149530281,False,neutral,neutral,False,,
2015-02-09,2015-02-06,2000,1990,2,1,2,0.5937283353921144,0.33815890202663756,False,neutral,neutral,False,,
2015-02-10,2015-02-09,2000,1990,0,2,0,0.6993626826526267,0.35338128249739476,False,neutral,neutral,False,,
2015-02-11,2015-02-10,2000,1990,1,2,1,0.30734237292569433,0.42473021288796586,False,neutral,neutral,False,,
2015-02-12,2015-02-11,2000,1990,2,1,2,0.46256195729195737,0.32568121680107054,False,neutral,neutral,False,,
2015-02-13,2015-02-12,2000,1990,1,2,0,0.15628127065771968,0.4024948719808812,False,neutral,neutral,False,,
2015-02-17,2015-02-13,2000,1990,2,1,0,0.6392274019761636,0.3458657112231739,False,neutral,neutral,False,,
2015-02-18,2015-02-17,2000,1990,1,2,0,0.8314742905462364,0.33362780384740726,False,neutral,neutral,False,,
2015-02-19,2015-02-18,2000,1990,1,2,0,0.6765076178199168,0.33179821048717933,False,neutral,neutral,False,,
2015-02-20,2015-02-19,2000,1990,1,2,0,0.8895050153378937,0.3324773328526424,False,neutral,neutral,False,,
2015-02-23,2015-02-20,2000,1990,2,1,0,0.7277627697144345,0.3624619551049655,False,neutral,neutral,False,,
2015-02-24,2015-02-23,2000,1990,2,1,0,0.8397598895645543,0.33185439369523506,False,neutral,neutral,False,,
2015-02-25,2015-02-24,2000,1990,2,1,0,1.0,0.3384372204520302,False,neutral,neutral,False,,
2015-02-26,2015-02-25,2000,1990,2,1,0,0.8720818901493609,0.3322435053498318,False,neutral,neutral,False,,
2015-02-27,2015-02-26,2000,1990,0,1,0,0.9994719713365674,0.5301418539118773,True,bull,neutral,True,NEUTRAL_TO_BULL,
2015-03-02,2015-02-27,2000,1990,0,1,0,1.0,0.5013346143481036,True,bull,bull,False,,
2015-03-03,2015-03-02,2000,1990,0,1,0,1.0,0.4878096171507455,False,neutral,bull,True,BULL_TO_NEUTRAL,
2015-03-04,2015-03-03,2000,1990,0,1,0,1.0,0.489918686152015,False,neutral,neutral,False,,
2015-03-05,2015-03-04,2000,1990,0,1,2,1.0,0.4884981353753631,False,neutral,neutral,False,,
2015-03-06,2015-03-05,2000,1990,0,1,2,1.0,0.5349569432601263,True,bull,neutral,True,NEUTRAL_TO_BULL,
2015-03-09,2015-03-06,2000,1990,0,1,2,0.6887642561351794,0.2107668274904478,False,neutral,bull,True,BULL_TO_NEUTRAL,
2015-03-10,2015-03-09,2000,1990,0,1,2,0.12933493975162835,0.5121101790407475,False,neutral,neutral,False,,
2015-03-11,2015-03-10,2000,1990,2,1,0,0.7755952273665696,0.4128896083353551,False,neutral,neutral,False,,
2015-03-12,2015-03-11,2000,1990,2,1,0,0.18288703040281087,0.340123370979494,False,neutral,neutral,False,,
2015-03-13,2015-03-12,2000,1990,2,1,2,0.24307947606863153,0.4498405396639102,False,neutral,neutral,False,,
2015-03-16,2015-03-13,2000,1990,2,1,2,0.20474847400995289,0.367045891215728,False,neutral,neutral,False,,
2015-03-17,2015-03-16,2000,1990,2,1,2,0.6477896597276926,0.45612334416540895,False,neutral,neutral,False,,
2015-03-18,2015-03-17,2000,1990,2,1,2,0.9999065000577115,0.338311704063495,False,neutral,neutral,False,,
2015-03-19,2015-03-18,2000,1990,2,1,2,0.9446778035537825,0.4387695074973748,False,neutral,neutral,False,,
2015-03-20,2015-03-19,2000,1990,2,1,2,0.9929002438183944,0.3476838140639604,False,neutral,neutral,False,,
2015-03-23,2015-03-20,2000,1990,2,1,2,0.8879132445032213,0.3456829893772967,False,neutral,neutral,False,,
2015-03-24,2015-03-23,2000,1990,1,2,1,0.7729497482387365,0.33877482202268705,False,neutral,neutral,False,,
2015-03-25,2015-03-24,2000,1990,0,2,0,0.9716174108937984,0.3636879844945342,False,neutral,neutral,False,,
2015-03-26,2015-03-25,2000,1990,2,1,0,0.9999999840595094,0.422375961449804,False,neutral,neutral,False,,
2015-03-27,2015-03-26,2000,1990,2,1,2,0.9743850883513689,0.3396578316756156,False,neutral,neutral,False,,
2015-03-30,2015-03-27,2000,1990,2,1,2,0.9698305456632429,0.33759149752690426,False,neutral,neutral,False,,
2015-03-31,2015-03-30,2000,1990,0,2,0,0.9711756157409466,0.4421215793280218,False,neutral,neutral,False,,
2015-04-01,2015-03-31,2000,1990,2,1,2,0.9276230075601947,0.3871729850450406,False,neutral,neutral,False,,
2015-04-02,2015-04-01,2000,1990,0,1,0,0.9656244504560687,0.3415975019328807,False,neutral,neutral,False,,
2015-04-06,2015-04-02,2000,1990,2,1,2,0.9930327024767133,0.34507209378873865,False,neutral,neutral,False,,
2015-04-07,2015-04-06,2000,1990,1,2,1,1.0,0.3669707466764986,False,neutral,neutral,False,,
2015-04-08,2015-04-07,2000,1990,2,1,2,0.13209008527827307,0.33781530112735403,False,neutral,neutral,False,,
2015-04-09,2015-04-08,2000,1990,0,1,2,0.9797920690326721,0.5156773761912821,True,bull,neutral,True,NEUTRAL_TO_BULL,
2015-04-10,2015-04-09,2000,1990,0,1,0,0.8486384301612995,0.5055449262881622,True,bull,bull,False,,
2015-04-13,2015-04-10,2000,1990,0,1,2,0.43970544388833693,0.48934583494879813,False,neutral,bull,True,BULL_TO_NEUTRAL,
2015-04-14,2015-04-13,2000,1990,2,1,0,0.6285369540808621,0.48607775143505094,False,neutral,neutral,False,,
2015-04-15,2015-04-14,2000,1990,1,2,0,0.359898852210005,0.5321043945733038,True,bull,neutral,True,NEUTRAL_TO_BULL,
2015-04-16,2015-04-15,2000,1990,0,1,2,0.13951715936062203,0.5118121755162611,False,neutral,bull,True,BULL_TO_NEUTRAL,
2015-04-17,2015-04-16,2000,1990,0,1,2,0.6249330973680367,0.5344594230351581,True,bull,neutral,True,NEUTRAL_TO_BULL,
2015-04-20,2015-04-17,2000,1990,2,1,0,0.9406610798375078,0.3026433094731909,False,neutral,bull,True,BULL_TO_NEUTRAL,
2015-04-21,2015-04-20,2000,1990,0,1,2,0.9654873115418151,0.41840134862023376,False,neutral,neutral,False,,
2015-04-22,2015-04-21,2000,1990,0,2,1,1.0,0.5312026377654084,True,bull,neutral,True,NEUTRAL_TO_BULL,
2015-04-23,2015-04-22,2000,1990,0,1,2,1.0,0.501873128873084,True,bull,bull,False,,
2015-04-24,2015-04-23,2000,1990,0,2,1,1.0,0.5280990151084702,True,bull,bull,False,,
2015-04-27,2015-04-24,2000,1990,0,2,1,0.9812310368050957,0.5289317880133632,True,bull,bull,False,,
2015-04-28,2015-04-27,2000,1990,1,2,0,0.9918235032120022,0.5014973340072655,True,bull,bull,False,,
2015-04-29,2015-04-28,2000,1990,1,2,0,0.9790640727571377,0.5255424069015308,True,bull,bull,False,,
2015-04-30,2015-04-29,2000,1990,2,1,0,0.9785337541118897,0.5030455135858075,True,bull,bull,False,,
2015-05-01,2015-04-30,2000,1990,1,2,0,0.8479328535907988,0.3502866713985183,False,neutral,bull,True,BULL_TO_NEUTRAL,
2015-05-04,2015-05-01,2000,1990,0,1,2,1.0,0.36210685878744986,False,neutral,neutral,False,,
2015-05-05,2015-05-04,2000,1990,0,1,2,1.0,0.5254973788471456,True,bull,neutral,True,NEUTRAL_TO_BULL,
2015-05-06,2015-05-05,2000,1990,0,2,1,0.9834111441725668,0.30986279453443194,False,neutral,bull,True,BULL_TO_NEUTRAL,
2015-05-07,2015-05-06,2000,1990,0,1,2,0.721428470964423,0.49811801497732794,False,neutral,neutral,False,,
2015-05-08,2015-05-07,2000,1990,0,1,2,0.659200113794392,0.515508085083213,True,bull,neutral,True,NEUTRAL_TO_BULL,
2015-05-11,2015-05-08,2000,1990,0,1,2,0.6715743402888187,0.28209743070229687,False,neutral,bull,True,BULL_TO_NEUTRAL,
2015-05-12,2015-05-11,2000,1990,0,1,2,0.6986358317861724,0.4843503843990566,False,neutral,neutral,False,,
2015-05-13,2015-05-12,2000,1990,0,1,2,0.8243256230738873,0.5178106099278685,True,bull,neutral,True,NEUTRAL_TO_BULL,
2015-05-14,2015-05-13,2000,1990,0,1,2,0.859450304304773,0.5371952344973512,True,bull,bull,False,,
2015-05-15,2015-05-14,2000,1990,0,1,2,0.7249492659669877,0.3721215499747518,False,neutral,bull,True,BULL_TO_NEUTRAL,
2015-05-18,2015-05-15,2000,1990,0,1,2,0.31069394557624835,0.5365504166938271,True,bull,neutral,True,NEUTRAL_TO_BULL,
2015-05-19,2015-05-18,2000,1990,1,2,1,1.0,0.33259990516858257,False,neutral,bull,True,BULL_TO_NEUTRAL,
2015-05-20,2015-05-19,2000,1990,2,1,2,1.0,0.32699917059455025,False,neutral,neutral,False,,
2015-05-21,2015-05-20,2000,1990,2,1,2,0.711015218133069,0.3276237779194712,False,neutral,neutral,False,,
2015-05-22,2015-05-21,2000,1990,0,1,0,0.2536051664681823,0.33499591663145706,False,neutral,neutral,False,,
2015-05-26,2015-05-22,2000,1990,0,1,2,0.6900506386022628,0.5208160870236785,True,bull,neutral,True,NEUTRAL_TO_BULL,
2015-05-27,2015-05-26,2000,1990,1,2,0,0.7136367880100195,0.32262228930134684,False,neutral,bull,True,BULL_TO_NEUTRAL,
2015-05-28,2015-05-27,2000,1990,0,2,1,0.9539305514500681,0.402135116935135,False,neutral,neutral,False,,
2015-05-29,2015-05-28,2000,1990,0,1,2,1.0,0.5305936242061571,True,bull,neutral,True,NEUTRAL_TO_BULL,
2015-06-01,2015-05-29,2000,1990,0,1,2,1.0,0.45250348040812005,False,neutral,bull,True,BULL_TO_NEUTRAL,
2015-06-02,2015-06-01,2000,1990,0,1,2,1.0,0.5353541040916742,True,bull,neutral,True,NEUTRAL_TO_BULL,
2015-06-03,2015-06-02,2000,1990,0,1,2,1.0,0.532100451939478,True,bull,bull,False,,
2015-06-04,2015-06-03,2000,1990,0,1,2,1.0,0.5278045688312007,True,bull,bull,False,,
2015-06-05,2015-06-04,2000,1990,1,2,0,0.9812746416456838,0.39341654790303354,False,neutral,bull,True,BULL_TO_NEUTRAL,
2015-06-08,2015-06-05,2000,1990,1,2,0,0.9772634589898133,0.5239258299233047,True,bull,neutral,True,NEUTRAL_TO_BULL,
2015-06-09,2015-06-08,2000,1990,0,1,2,0.7702739578489508,0.45534706695274096,False,neutral,bull,True,BULL_TO_NEUTRAL,
2015-06-10,2015-06-09,2000,1990,0,1,2,0.19485026834492022,0.5348336854261975,False,neutral,neutral,False,,
2015-06-11,2015-06-10,2000,1990,1,2,0,0.5993962927809863,0.32151389350337095,False,neutral,neutral,False,,
2015-06-12,2015-06-11,2000,1990,1,0,2,0.791332303860141,0.5278064249316843,True,bull,neutral,True,NEUTRAL_TO_BULL,
2015-06-15,2015-06-12,2000,1990,0,1,2,0.8043841776545635,0.4184147941449025,False,neutral,bull,True,BULL_TO_NEUTRAL,
2015-06-16,2015-06-15,2000,1990,0,1,2,0.8124477594998235,0.4912742615197245,False,neutral,neutral,False,,
2015-06-17,2015-06-16,2000,1990,0,1,2,0.8938586438021053,0.5009851068669561,True,bull,neutral,True,NEUTRAL_TO_BULL,
2015-06-18,2015-06-17,2000,1990,1,0,2,0.993572017655804,0.5351829354058407,True,bull,bull,False,,
2015-06-19,2015-06-18,2000,1990,1,2,0,0.6149269666816931,0.37995527940509427,False,neutral,bull,True,BULL_TO_NEUTRAL,
2015-06-22,2015-06-19,2000,1990,0,1,2,0.6102038355249494,0.37166820013731466,False,neutral,neutral,False,,
2015-06-23,2015-06-22,2000,1990,1,2,0,0.7729973202214233,0.5061028395571897,True,bull,neutral,True,NEUTRAL_TO_BULL,
2015-06-24,2015-06-23,2000,1990,1,2,0,0.9688573257018002,0.5359994456688054,True,bull,bull,False,,
2015-06-25,2015-06-24,2000,1990,1,2,0,0.9625373573154832,0.42803419813002735,False,neutral,bull,True,BULL_TO_NEUTRAL,
2015-06-26,2015-06-25,2000,1990,0,2,1,0.9488022111497458,0.5109452029744125,True,bull,neutral,True,NEUTRAL_TO_BULL,
2015-06-29,2015-06-26,2000,1990,0,2,1,0.9376818780788596,0.5350729856288176,True,bull,bull,False,,
2015-06-30,2015-06-29,2000,1990,2,1,2,0.9999817153262618,0.343814985020117,False,neutral,bull,True,BULL_TO_NEUTRAL,
2015-07-01,2015-06-30,2000,1990,0,2,0,0.4790999051590653,0.3306976203488284,False,neutral,neutral,False,,
2015-07-02,2015-07-01,2000,1990,0,1,0,0.2998461424696215,0.379959333517512,False,neutral,neutral,False,,
2015-07-06,2015-07-02,2000,1990,0,2,0,0.5899980283849979,0.3307107509163631,False,neutral,neutral,False,,
2015-07-07,2015-07-06,2000,1990,1,2,1,0.548725984467335,0.3391422210159935,False,neutral,neutral,False,,
2015-07-08,2015-07-07,2000,1990,2,1,2,0.872643567712782,0.36279457780153734,False,neutral,neutral,False,,
2015-07-09,2015-07-08,2000,1990,2,1,2,0.9631257501693626,0.40983110641575726,False,neutral,neutral,False,,
2015-07-10,2015-07-09,2000,1990,2,1,2,0.9970343872306355,0.3331612186633405,False,neutral,neutral,False,,
2015-07-13,2015-07-10,2000,1990,2,1,2,0.9709171112558546,0.44829246747144724,False,neutral,neutral,False,,
2015-07-14,2015-07-13,2000,1990,1,2,1,0.9588434027992528,0.4272679421320715,False,neutral,neutral,False,,
2015-07-15,2015-07-14,2000,1990,2,1,2,0.9880483397296765,0.3458756590428161,False,neutral,neutral,False,,
2015-07-16,2015-07-15,2000,1990,2,1,2,0.8985073603238689,0.33248967676619595,False,neutral,neutral,False,,
2015-07-17,2015-07-16,2000,1990,1,2,1,0.3284410205277194,0.38414053992531294,False,neutral,neutral,False,,
2015-07-20,2015-07-17,2000,1990,2,1,2,0.02802526447338925,0.3321454598971774,False,neutral,neutral,False,,
2015-07-21,2015-07-20,2000,1990,1,1,2,0.9995225742411183,0.13413215791036887,False,neutral,neutral,False,,
2015-07-22,2015-07-21,2000,1990,2,2,1,0.9999764005406196,0.15637804028847366,False,neutral,neutral,False,,
2015-07-23,2015-07-22,2000,1990,2,2,1,0.520734600214482,0.1417932038606389,False,neutral,neutral,False,,
2015-07-24,2015-07-23,2000,1990,1,2,1,0.8875082310018529,0.36048131913894055,False,neutral,neutral,False,,
2015-07-27,2015-07-24,2000,1990,2,1,2,0.5580446883544229,0.40378184836771264,False,neutral,neutral,False,,
2015-07-28,2015-07-27,2000,1990,2,1,2,0.9899647830423545,0.36281078617955,False,neutral,neutral,False,,
2015-07-29,2015-07-28,2000,1990,2,1,2,0.9778779684752233,0.4436540429308886,False,neutral,neutral,False,,
2015-07-30,2015-07-29,2000,1990,1,2,1,0.9781312564595493,0.3676314099405591,False,neutral,neutral,False,,
2015-07-31,2015-07-30,2000,1990,1,2,1,0.9965552374165314,0.33080729283178834,False,neutral,neutral,False,,
2015-08-03,2015-07-31,2000,1990,1,2,1,0.9999999998503325,0.334028553348658,False,neutral,neutral,False,,
2015-08-04,2015-08-03,2000,1990,2,1,2,0.8035020261261675,0.34330782942545823,False,neutral,neutral,False,,
2015-08-05,2015-08-04,2000,1990,2,1,2,0.44749716657795074,0.3370437193758299,False,neutral,neutral,False,,
2015-08-06,2015-08-05,2000,1990,1,0,1,0.503936850534861,0.7125572707404814,True,bull,neutral,True,NEUTRAL_TO_BULL,
2015-08-07,2015-08-06,2000,1990,0,1,2,0.731259507877836,0.4035596851193372,False,neutral,bull,True,BULL_TO_NEUTRAL,
2015-08-10,2015-08-07,2000,1990,2,1,0,0.7256661938483432,0.5221275555887072,True,bull,neutral,True,NEUTRAL_TO_BULL,
2015-08-11,2015-08-10,2000,1990,0,2,1,0.9983910843263535,0.2974920196574535,False,neutral,bull,True,BULL_TO_NEUTRAL,
2015-08-12,2015-08-11,2000,1990,0,2,1,0.9852484610881542,0.3793603891803777,False,neutral,neutral,False,,
2015-08-13,2015-08-12,2000,1990,0,1,2,0.9982235465535249,0.5335035600742979,True,bull,neutral,True,NEUTRAL_TO_BULL,
2015-08-14,2015-08-13,2000,1990,0,1,2,1.0,0.5253571887097153,True,bull,bull,False,,
2015-08-17,2015-08-14,2000,1990,2,1,0,1.0,0.5193438374224485,True,bull,bull,False,,
2015-08-18,2015-08-17,2000,1990,0,1,2,1.0,0.4950057285359624,False,neutral,bull,True,BULL_TO_NEUTRAL,
2015-08-19,2015-08-18,2000,1990,0,1,2,1.0,0.5101065722879226,True,bull,neutral,True,NEUTRAL_TO_BULL,
2015-08-20,2015-08-19,2000,1990,2,1,0,1.0,0.4123791063141972,False,neutral,bull,True,BULL_TO_NEUTRAL,
2015-08-21,2015-08-20,2000,1990,2,1,2,0.9959881986052952,0.3375260399831628,False,neutral,neutral,False,,
2015-08-24,2015-08-21,2000,1990,2,2,1,1.0,0.8870734031783863,True,bear,neutral,True,NEUTRAL_TO_BEAR,
2015-08-25,2015-08-24,2000,1990,2,2,1,1.0,0.9813074149376738,True,bear,bear,False,,
2015-08-26,2015-08-25,2000,1990,1,1,2,1.0,0.3013174327038193,False,neutral,bear,True,BEAR_TO_NEUTRAL,
2015-08-27,2015-08-26,2000,1990,1,1,2,1.0,0.9705166292568852,True,bear,neutral,True,NEUTRAL_TO_BEAR,
2015-08-28,2015-08-27,2000,1990,1,1,2,1.0,0.6758425287569354,True,bear,bear,False,,
2015-08-31,2015-08-28,2000,1990,1,1,2,1.0,0.13503958352958761,False,neutral,bear,True,BEAR_TO_NEUTRAL,
2015-09-01,2015-08-31,2000,1990,1,1,2,1.0,0.20831373084736876,False,neutral,neutral,False,,
2015-09-02,2015-09-01,2000,1990,1,1,2,1.0,0.8623459222405064,True,bear,neutral,True,NEUTRAL_TO_BEAR,
2015-09-03,2015-09-02,2000,1990,1,1,2,1.0,0.46494301135943594,False,neutral,bear,True,BEAR_TO_NEUTRAL,
2015-09-04,2015-09-03,2000,1990,1,1,2,1.0,0.13465315008793788,False,neutral,neutral,False,,
2015-09-08,2015-09-04,2000,1990,1,1,2,1.0,0.3947863870080586,False,neutral,neutral,False,,
2015-09-09,2015-09-08,2000,1990,2,2,0,1.0,0.6986714998225851,True,bear,neutral,True,NEUTRAL_TO_BEAR,
2015-09-10,2015-09-09,2000,1990,1,1,2,0.6972698452275612,0.33103154191658557,False,neutral,bear,True,BEAR_TO_NEUTRAL,
2015-09-11,2015-09-10,2000,1990,1,1,2,0.6211223493371192,0.1509312962416272,False,neutral,neutral,False,,
2015-09-14,2015-09-11,2000,1990,2,1,2,0.8196055972453997,0.342652534964699,False,neutral,neutral,False,,
2015-09-15,2015-09-14,2000,1990,2,1,2,1.0,0.3459036578577585,False,neutral,neutral,False,,
2015-09-16,2015-09-15,2000,1990,0,2,0,0.999621966064556,0.43806122244155576,False,neutral,neutral,False,,
2015-09-17,2015-09-16,2000,1990,0,1,0,0.9943398318601054,0.3872059679069511,False,neutral,neutral,False,,
2015-09-18,2015-09-17,2000,1990,0,1,2,0.7852752808294257,0.3364533566098704,False,neutral,neutral,False,,
2015-09-21,2015-09-18,2000,1990,2,1,2,0.772229927569924,0.34412430572859565,False,neutral,neutral,False,,
2015-09-22,2015-09-21,2000,1990,0,1,0,1.0,0.3489177624070247,False,neutral,neutral,False,,
2015-09-23,2015-09-22,2000,1990,2,1,2,0.9959222657574844,0.429891682434592,False,neutral,neutral,False,,
2015-09-24,2015-09-23,2000,1990,2,1,0,0.8904815933235591,0.3345642846673105,False,neutral,neutral,False,,
2015-09-25,2015-09-24,2000,1990,2,1,0,0.44996735169372876,0.3447938315252972,False,neutral,neutral,False,,
2015-09-28,2015-09-25,2000,1990,2,1,0,0.1339143612863325,0.3301635272879402,False,neutral,neutral,False,,
2015-09-29,2015-09-28,2000,1990,1,1,0,1.0,0.7281898137356273,True,bear,neutral,True,NEUTRAL_TO_BEAR,
2015-09-30,2015-09-29,2000,1990,1,1,0,1.0,0.13487563930069665,False,neutral,bear,True,BEAR_TO_NEUTRAL,
2015-10-01,2015-09-30,2000,1990,1,1,0,1.0,0.46239564704839464,False,neutral,neutral,False,,
2015-10-02,2015-10-01,2000,1990,1,1,2,0.8839361152160938,0.13670493825632624,False,neutral,neutral,False,,
2015-10-05,2015-10-02,2000,1990,1,1,0,0.8300133674848537,0.3315040278389535,False,neutral,neutral,False,,
2015-10-06,2015-10-05,2000,1990,1,1,0,0.9992955615643997,0.4312680699192709,False,neutral,neutral,False,,
2015-10-07,2015-10-06,2000,1990,1,1,0,1.0,0.15191051950432646,False,neutral,neutral,False,,
2015-10-08,2015-10-07,2000,1990,1,1,2,1.0,0.1802302781329621,False,neutral,neutral,False,,
2015-10-09,2015-10-08,2000,1990,1,1,2,1.0,0.19233745054150572,False,neutral,neutral,False,,
2015-10-12,2015-10-09,2000,1990,1,1,0,1.0,0.1351161484330044,False,neutral,neutral,False,,
2015-10-13,2015-10-12,2000,1990,1,1,2,1.0,0.13582197033231036,False,neutral,neutral,False,,
2015-10-14,2015-10-13,2000,1990,1,1,2,1.0,0.18092831209195379,False,neutral,neutral,False,,
2015-10-15,2015-10-14,2000,1990,1,1,0,0.9999969215985818,0.16469812623281876,False,neutral,neutral,False,,
2015-10-16,2015-10-15,2000,1990,2,1,2,0.9330326892901606,0.4618634257372328,False,neutral,neutral,False,,
2015-10-19,2015-10-16,2000,1990,0,1,0,1.0,0.3432036132769668,False,neutral,neutral,False,,
2015-10-20,2015-10-19,2000,1990,0,2,0,1.0,0.3301049408650217,False,neutral,neutral,False,,
2015-10-21,2015-10-20,2000,1990,2,1,2,0.7887666783296952,0.33389996243096765,False,neutral,neutral,False,,
2015-10-22,2015-10-21,2000,1990,2,1,2,0.2980794197396578,0.36545371749019157,False,neutral,neutral,False,,
2015-10-23,2015-10-22,2000,1990,2,1,2,1.0,0.468315204074081,False,neutral,neutral,False,,
2015-10-26,2015-10-23,2000,1990,0,1,0,0.6698799792359095,0.42177923388448624,False,neutral,neutral,False,,
2015-10-27,2015-10-26,2000,1990,2,1,2,0.1753848047611721,0.3393457702559933,False,neutral,neutral,False,,
2015-10-28,2015-10-27,2000,1990,0,2,0,0.2817723062772142,0.33726175538312814,False,neutral,neutral,False,,
2015-10-29,2015-10-28,2000,1990,2,1,2,0.5269814178276899,0.4256623076357549,False,neutral,neutral,False,,
2015-10-30,2015-10-29,2000,1990,2,1,2,0.35017192252921575,0.3329945753992875,False,neutral,neutral,False,,
2015-11-02,2015-10-30,2000,1990,1,2,1,0.42873201782144693,0.351584948625558,False,neutral,neutral,False,,
2015-11-03,2015-11-02,2000,1990,2,1,2,0.24324609060707297,0.4329952685695623,False,neutral,neutral,False,,
2015-11-04,2015-11-03,2000,1990,0,2,0,0.2716943733719906,0.3370546873984388,False,neutral,neutral,False,,
2015-11-05,2015-11-04,2000,1990,2,1,2,1.0,0.3436710250741553,False,neutral,neutral,False,,
2015-11-06,2015-11-05,2000,1990,0,2,0,0.9059998424110689,0.33541410703910934,False,neutral,neutral,False,,
2015-11-09,2015-11-06,2000,1990,0,1,0,0.8051955071824979,0.3344281163911496,False,neutral,neutral,False,,
2015-11-10,2015-11-09,2000,1990,0,2,0,0.4325011224154573,0.39945720611704666,False,neutral,neutral,False,,
2015-11-11,2015-11-10,2000,1990,2,1,0,0.9753456792515969,0.5299460591031523,True,bull,neutral,True,NEUTRAL_TO_BULL,
2015-11-12,2015-11-11,2000,1990,0,1,2,0.8890219576175088,0.49507249608561504,False,neutral,bull,True,BULL_TO_NEUTRAL,
2015-11-13,2015-11-12,2000,1990,2,1,2,1.0,0.4252569172307431,False,neutral,neutral,False,,
2015-11-16,2015-11-13,2000,1990,0,1,0,0.1372235453330791,0.41510263133297876,False,neutral,neutral,False,,
2015-11-17,2015-11-16,2000,1990,2,1,2,0.11860969693128769,0.46654941566191016,False,neutral,neutral,False,,
2015-11-18,2015-11-17,2000,1990,2,1,2,0.28926644729245155,0.3335104014422659,False,neutral,neutral,False,,
2015-11-19,2015-11-18,2000,1990,2,1,2,0.5490659264592498,0.46899133002144383,False,neutral,neutral,False,,
2015-11-20,2015-11-19,2000,1990,2,1,2,0.8117027012284802,0.33235363390826067,False,neutral,neutral,False,,
2015-11-23,2015-11-20,2000,1990,2,1,2,0.9229094572514034,0.33924789613821504,False,neutral,neutral,False,,
2015-11-24,2015-11-23,2000,1990,0,1,0,0.8488644135767742,0.3317336017250896,False,neutral,neutral,False,,
2015-11-25,2015-11-24,2000,1990,2,1,2,0.7394335636305038,0.3323230111995382,False,neutral,neutral,False,,
2015-11-27,2015-11-25,2000,1990,2,1,2,0.5919023145674017,0.3312034747361618,False,neutral,neutral,False,,
2015-11-30,2015-11-27,2000,1990,2,1,2,0.7013493550777852,0.33117367001565207,False,neutral,neutral,False,,
2015-12-01,2015-11-30,2000,1990,2,1,2,0.7724282523314329,0.3497169993240588,False,neutral,neutral,False,,
2015-12-02,2015-12-01,2000,1990,2,1,2,0.3271251241742839,0.40303807455510116,False,neutral,neutral,False,,
2015-12-03,2015-12-02,2000,1990,0,1,2,1.0,0.3444649185795384,False,neutral,neutral,False,,
2015-12-04,2015-12-03,2000,1990,0,2,1,0.7574482190280096,0.2183519541465654,False,neutral,neutral,False,,
2015-12-07,2015-12-04,2000,1990,0,1,2,0.7230890129382966,0.07383879316165237,False,neutral,neutral,False,,
2015-12-08,2015-12-07,2000,1990,0,1,2,0.7359583098851359,0.45750891109335706,False,neutral,neutral,False,,
2015-12-09,2015-12-08,2000,1990,0,1,2,0.39323519333210366,0.44182144031201703,False,neutral,neutral,False,,
2015-12-10,2015-12-09,2000,1990,2,1,2,1.0,0.3842375028483462,False,neutral,neutral,False,,
2015-12-11,2015-12-10,2000,1990,0,1,0,1.0,0.33704952588929593,False,neutral,neutral,False,,
2015-12-14,2015-12-11,2000,1990,1,2,1,0.3946987279407863,0.38082350724280783,False,neutral,neutral,False,,
2015-12-15,2015-12-14,2000,1990,2,1,2,0.10197635268631314,0.349766716956012,False,neutral,neutral,False,,
2015-12-16,2015-12-15,2000,1990,0,1,0,0.6066744026293605,0.41354533638665936,False,neutral,neutral,False,,
2015-12-17,2015-12-16,2000,1990,1,2,1,0.686302850647958,0.4609873379652249,False,neutral,neutral,False,,
2015-12-18,2015-12-17,2000,1990,2,1,2,0.6501886006516321,0.4316234057707782,False,neutral,neutral,False,,
2015-12-21,2015-12-18,2000,1990,2,1,2,0.30327923054177264,0.2926615022304709,False,neutral,neutral,False,,
2015-12-22,2015-12-21,2000,1990,2,1,2,0.45947306040140684,0.3835238094736461,False,neutral,neutral,False,,
2015-12-23,2015-12-22,2000,1990,2,1,2,0.7260932624530505,0.3943831274828352,False,neutral,neutral,False,,
2015-12-24,2015-12-23,2000,1990,1,2,1,0.6478570266776914,0.44018945009483557,False,neutral,neutral,False,,
2015-12-28,2015-12-24,2000,1990,2,1,2,0.6761922907700927,0.3368408274045663,False,neutral,neutral,False,,
2015-12-29,2015-12-28,2000,1990,2,1,2,0.7975523841314966,0.3394927820807135,False,neutral,neutral,False,,
2015-12-30,2015-12-29,2000,1990,2,1,2,0.582790268724015,0.41707105483159834,False,neutral,neutral,False,,
2015-12-31,2015-12-30,2000,1990,2,1,2,0.5681306626551638,0.378289602710927,False,neutral,neutral,False,,
2016-01-04,2015-12-31,2000,1990,1,2,1,0.9123621210445347,0.4090171169780455,False,neutral,neutral,False,,
2016-01-05,2016-01-04,2000,1990,1,0,1,0.613627312749306,0.4343645242933165,False,neutral,neutral,False,,
2016-01-06,2016-01-05,2000,1990,2,1,2,0.8872957066346104,0.3341496255190906,False,neutral,neutral,False,,
2016-01-07,2016-01-06,2000,1990,2,1,2,0.2662533048256459,0.43116524857854266,False,neutral,neutral,False,,
2016-01-08,2016-01-07,2000,1990,1,1,0,1.0,0.7115785553530477,True,bear,neutral,True,NEUTRAL_TO_BEAR,
2016-01-11,2016-01-08,2000,1990,2,2,0,1.0,0.2639392848731501,False,neutral,bear,True,BEAR_TO_NEUTRAL,
2016-01-12,2016-01-11,2000,1990,2,2,0,0.9999999999998727,0.131145882656926,False,neutral,neutral,False,,
2016-01-13,2016-01-12,2000,1990,1,1,2,1.0,0.17095814132343976,False,neutral,neutral,False,,
2016-01-14,2016-01-13,2000,1990,2,2,0,0.9999999999950846,0.6965870227474785,True,bear,neutral,True,NEUTRAL_TO_BEAR,
2016-01-15,2016-01-14,2000,1990,1,1,2,1.0,0.35830209345754666,False,neutral,bear,True,BEAR_TO_NEUTRAL,
2016-01-19,2016-01-15,2000,1990,1,1,2,1.0,0.6142817564479688,True,bear,neutral,True,NEUTRAL_TO_BEAR,
2016-01-20,2016-01-19,2000,1990,2,2,1,1.0,0.13209364355131165,False,neutral,bear,True,BEAR_TO_NEUTRAL,
2016-01-21,2016-01-20,2000,1990,2,2,1,1.0,0.3159140923438734,False,neutral,neutral,False,,
2016-01-22,2016-01-21,2000,1990,1,1,2,0.9669967190453714,0.14790640615422287,False,neutral,neutral,False,,
2016-01-25,2016-01-22,2000,1990,1,1,2,0.7014222362901478,0.5194847340112562,True,bear,neutral,True,NEUTRAL_TO_BEAR,
2016-01-26,2016-01-25,2000,1990,0,0,2,0.6336683568079708,0.39034797929231035,False,neutral,bear,True,BEAR_TO_NEUTRAL,
2016-01-27,2016-01-26,2000,1990,2,1,2,0.6071771549614016,0.4573079795526177,False,neutral,neutral,False,,
2016-01-28,2016-01-27,2000,1990,2,1,2,0.99796635753397,0.4144839002122363,False,neutral,neutral,False,,
2016-01-29,2016-01-28,2000,1990,2,1,2,0.9981471337436899,0.35170326844475075,False,neutral,neutral,False,,
2016-02-01,2016-01-29,2000,1990,2,1,2,0.8532111328952692,0.3268613498754817,False,neutral,neutral,False,,
2016-02-02,2016-02-01,2000,1990,1,2,1,0.2862167197253974,0.33348408396755347,False,neutral,neutral,False,,
2016-02-03,2016-02-02,2000,1990,2,1,2,0.33990414542152264,0.40464346320557726,False,neutral,neutral,False,,
2016-02-04,2016-02-03,2000,1990,1,2,1,0.7759245168289806,0.35905755213715146,False,neutral,neutral,False,,
2016-02-05,2016-02-04,2000,1990,2,1,2,0.9963811624612273,0.3333191369466612,False,neutral,neutral,False,,
2016-02-08,2016-02-05,2000,1990,2,1,2,0.9127920280948363,0.39165162778174867,False,neutral,neutral,False,,
2016-02-09,2016-02-08,2000,1990,2,1,2,0.45102818126826716,0.4332282941891187,False,neutral,neutral,False,,
2016-02-10,2016-02-09,2000,1990,2,1,2,0.10718765286107694,0.3324286281436675,False,neutral,neutral,False,,
2016-02-11,2016-02-10,2000,1990,1,1,2,0.9840042325397881,0.13308154874407105,False,neutral,neutral,False,,
2016-02-12,2016-02-11,2000,1990,2,2,1,0.9999497665076423,0.3199737030437953,False,neutral,neutral,False,,
2016-02-16,2016-02-12,2000,1990,1,1,2,0.9970715167324382,0.5285763965236155,True,bear,neutral,True,NEUTRAL_TO_BEAR,
2016-02-17,2016-02-16,2000,1990,1,1,2,0.8840269738605032,0.38734848525505583,False,neutral,bear,True,BEAR_TO_NEUTRAL,
2016-02-18,2016-02-17,2000,1990,1,1,2,0.9892632078690917,0.36918381157154884,False,neutral,neutral,False,,
2016-02-19,2016-02-18,2000,1990,1,1,2,0.9949975041845984,0.15138713193445216,False,neutral,neutral,False,,
2016-02-22,2016-02-19,2000,1990,1,1,2,0.9965719848517478,0.1329178914042402,False,neutral,neutral,False,,
2016-02-23,2016-02-22,2000,1990,1,1,2,0.9999965885133065,0.30864257501396014,False,neutral,neutral,False,,
2016-02-24,2016-02-23,2000,1990,1,1,2,0.9999936347308638,0.3040646768970108,False,neutral,neutral,False,,
2016-02-25,2016-02-24,2000,1990,1,1,2,0.9999735933126557,0.1411239986247623,False,neutral,neutral,False,,
2016-02-26,2016-02-25,2000,1990,2,2,1,0.9999931178701871,0.24761700705866296,False,neutral,neutral,False,,
2016-02-29,2016-02-26,2000,1990,1,1,0,0.6307989943671412,0.14078767838258568,False,neutral,neutral,False,,
2016-03-01,2016-02-29,2000,1990,2,1,2,1.0,0.3853889868635261,False,neutral,neutral,False,,
2016-03-02,2016-03-01,2000,1990,2,1,2,1.0,0.33324005685731606,False,neutral,neutral,False,,
2016-03-03,2016-03-02,2000,1990,2,1,2,0.6505741484035161,0.34803079440214346,False,neutral,neutral,False,,
2016-03-04,2016-03-03,2000,1990,2,1,2,0.2641504596855815,0.343577156688796,False,neutral,neutral,False,,
2016-03-07,2016-03-04,2000,1990,0,2,0,0.14123385057799032,0.3403011164037968,False,neutral,neutral,False,,
2016-03-08,2016-03-07,2000,1990,0,0,2,0.9663814992839187,0.13227586217209764,False,neutral,neutral,False,,
2016-03-09,2016-03-08,2000,1990,1,1,2,0.7583803782119238,0.26150912456022546,False,neutral,neutral,False,,
2016-03-10,2016-03-09,2000,1990,1,2,1,0.6862445555073184,0.35159303809363585,False,neutral,neutral,False,,
2016-03-11,2016-03-10,2000,1990,2,1,2,0.8447206094351969,0.3331733848078412,False,neutral,neutral,False,,
2016-03-14,2016-03-11,2000,1990,2,1,2,0.7804889615826629,0.46688571568352344,False,neutral,neutral,False,,
2016-03-15,2016-03-14,2000,1990,0,1,0,0.8161824292710164,0.33626065504359604,False,neutral,neutral,False,,
2016-03-16,2016-03-15,2000,1990,2,1,0,0.7549468793344271,0.33739224733311063,False,neutral,neutral,False,,
2016-03-17,2016-03-16,2000,1990,2,1,2,0.9498438658241798,0.35810175116291654,False,neutral,neutral,False,,
2016-03-18,2016-03-17,2000,1990,2,1,2,0.9996176253284145,0.36369557783343953,False,neutral,neutral,False,,
2016-03-21,2016-03-18,2000,1990,2,1,2,0.9538171733058524,0.3363198080799402,False,neutral,neutral,False,,
2016-03-22,2016-03-21,2000,1990,2,1,2,0.8437949623228606,0.3344084248510986,False,neutral,neutral,False,,
2016-03-23,2016-03-22,2000,1990,2,1,0,0.9999676944428111,0.3327074713843835,False,neutral,neutral,False,,
2016-03-24,2016-03-23,2000,1990,2,1,2,0.8469232426571573,0.37334594075322314,False,neutral,neutral,False,,
2016-03-28,2016-03-24,2000,1990,0,1,0,1.0,0.5329727933215568,True,bull,neutral,True,NEUTRAL_TO_BULL,
2016-03-29,2016-03-28,2000,1990,0,1,0,1.0,0.5356579735813289,True,bull,bull,False,,
2016-03-30,2016-03-29,2000,1990,0,1,2,1.0,0.41217140794359103,False,neutral,bull,True,BULL_TO_NEUTRAL,
2016-03-31,2016-03-30,2000,1990,2,1,0,0.9998451116883953,0.51501064208531,True,bull,neutral,True,NEUTRAL_TO_BULL,
2016-04-01,2016-03-31,2000,1990,0,1,2,0.998324635447141,0.5182247082102002,True,bull,bull,False,,
2016-04-04,2016-04-01,2000,1990,0,1,2,0.8391284155992021,0.4745390480488867,False,neutral,bull,True,BULL_TO_NEUTRAL,
2016-04-05,2016-04-04,2000,1990,0,1,2,0.701667762896596,0.5098377386051873,True,bull,neutral,True,NEUTRAL_TO_BULL,
2016-04-06,2016-04-05,2000,1990,0,1,2,0.6700398200866468,0.35214714133842817,False,neutral,bull,True,BULL_TO_NEUTRAL,
2016-04-07,2016-04-06,2000,1990,0,1,2,0.41382177990809194,0.3591117490669168,False,neutral,neutral,False,,
2016-04-08,2016-04-07,2000,1990,0,1,2,0.6708025930204701,0.28855546839202784,False,neutral,neutral,False,,
2016-04-11,2016-04-08,2000,1990,0,2,1,0.8931017218256817,0.5305741004074381,True,bull,neutral,True,NEUTRAL_TO_BULL,
2016-04-12,2016-04-11,2000,1990,0,1,2,0.9799075695213407,0.5205956834769068,True,bull,bull,False,,
2016-04-13,2016-04-12,2000,1990,0,2,1,0.9707209208838314,0.4100621315375637,False,neutral,bull,True,BULL_TO_NEUTRAL,
2016-04-14,2016-04-13,2000,1990,2,1,2,0.5939248245885949,0.38640473889069804,False,neutral,neutral,False,,
2016-04-15,2016-04-14,2000,1990,0,1,2,0.13385541933374395,0.5366786772752493,False,neutral,neutral,False,,
2016-04-18,2016-04-15,2000,1990,2,1,2,0.9440774444799784,0.336151745284822,False,neutral,neutral,False,,
2016-04-19,2016-04-18,2000,1990,2,1,2,0.9996709962435959,0.37096272315831413,False,neutral,neutral,False,,
2016-04-20,2016-04-19,2000,1990,2,1,2,0.9688801813010163,0.3400095153400676,False,neutral,neutral,False,,
2016-04-21,2016-04-20,2000,1990,2,1,2,0.7601238141470242,0.334133523921721,False,neutral,neutral,False,,
2016-04-22,2016-04-21,2000,1990,2,1,2,0.9664197000038199,0.36224461916628814,False,neutral,neutral,False,,
2016-04-25,2016-04-22,2000,1990,0,1,0,0.9975748545167621,0.33431065239563457,False,neutral,neutral,False,,
2016-04-26,2016-04-25,2000,1990,0,2,0,0.0965383968445881,0.3385916085194299,False,neutral,neutral,False,,
2016-04-27,2016-04-26,2000,1990,0,1,2,1.0,0.5365755578642777,True,bull,neutral,True,NEUTRAL_TO_BULL,
2016-04-28,2016-04-27,2000,1990,0,1,2,1.0,0.5342112217667279,True,bull,bull,False,,
2016-04-29,2016-04-28,2000,1990,0,1,2,1.0,0.3804767124025573,False,neutral,bull,True,BULL_TO_NEUTRAL,
2016-05-02,2016-04-29,2000,1990,0,1,2,0.956642692708435,0.4737784988031281,False,neutral,neutral,False,,
2016-05-03,2016-05-02,2000,1990,0,1,2,0.5290746255239878,0.4099723078281359,False,neutral,neutral,False,,
2016-05-04,2016-05-03,2000,1990,0,2,1,0.8151014849241145,0.3919636347887126,False,neutral,neutral,False,,
2016-05-05,2016-05-04,2000,1990,0,1,2,0.36574697766906267,0.4700451960319286,False,neutral,neutral,False,,
2016-05-06,2016-05-05,2000,1990,1,2,0,0.027121843351622647,0.5369342187383982,False,neutral,neutral,False,,
2016-05-09,2016-05-06,2000,1990,2,1,2,0.857359438398483,0.3414876288549353,False,neutral,neutral,False,,
2016-05-10,2016-05-09,2000,1990,0,1,0,0.8305132671587099,0.33340426718552046,False,neutral,neutral,False,,
2016-05-11,2016-05-10,2000,1990,2,1,2,0.6389188984386637,0.4474284965446038,False,neutral,neutral,False,,
2016-05-12,2016-05-11,2000,1990,2,1,2,0.07744282472770933,0.40243655730313044,False,neutral,neutral,False,,
2016-05-13,2016-05-12,2000,1990,0,1,2,0.9625252273616218,0.5380941296910369,True,bull,neutral,True,NEUTRAL_TO_BULL,
2016-05-16,2016-05-13,2000,1990,0,1,2,0.8610740003324202,0.39343656094946994,False,neutral,bull,True,BULL_TO_NEUTRAL,
2016-05-17,2016-05-16,2000,1990,0,1,2,0.9914804969958531,0.38992052449722814,False,neutral,neutral,False,,
2016-05-18,2016-05-17,2000,1990,0,1,2,0.49231108638774335,0.5392112597041692,True,bull,neutral,True,NEUTRAL_TO_BULL,
2016-05-19,2016-05-18,2000,1990,1,2,0,0.9405586253584418,0.538316742647156,True,bull,bull,False,,
2016-05-20,2016-05-19,2000,1990,0,1,2,0.8215491907547474,0.509796392838411,True,bull,bull,False,,
2016-05-23,2016-05-20,2000,1990,0,1,2,0.8131457696721569,0.48337376212260946,False,neutral,bull,True,BULL_TO_NEUTRAL,
2016-05-24,2016-05-23,2000,1990,0,1,2,0.8072698006315285,0.5303973038161529,True,bull,neutral,True,NEUTRAL_TO_BULL,
2016-05-25,2016-05-24,2000,1990,0,1,2,0.958531126803002,0.27808815470697756,False,neutral,bull,True,BULL_TO_NEUTRAL,
2016-05-26,2016-05-25,2000,1990,0,1,2,0.07678464532513438,0.4742918276916012,False,neutral,neutral,False,,
2016-05-27,2016-05-26,2000,1990,1,2,1,0.9989413815973825,0.3326266201936836,False,neutral,neutral,False,,
2016-05-31,2016-05-27,2000,1990,2,1,2,0.9269306576879772,0.3476444011708312,False,neutral,neutral,False,,
2016-06-01,2016-05-31,2000,1990,0,1,0,0.7148913658416275,0.33850903050458203,False,neutral,neutral,False,,
2016-06-02,2016-06-01,2000,1990,2,1,2,0.6750101967005592,0.33541013705200134,False,neutral,neutral,False,,
2016-06-03,2016-06-02,2000,1990,2,1,2,0.6943219703899564,0.3395249773521578,False,neutral,neutral,False,,
2016-06-06,2016-06-03,2000,1990,2,1,2,0.9988321167169166,0.3423951301165428,False,neutral,neutral,False,,
2016-06-07,2016-06-06,2000,1990,0,1,0,0.9865001364151197,0.35416519322492185,False,neutral,neutral,False,,
2016-06-08,2016-06-07,2000,1990,0,1,2,0.9862040768278156,0.5347511251957924,True,bull,neutral,True,NEUTRAL_TO_BULL,
2016-06-09,2016-06-08,2000,1990,0,1,2,0.999985434951779,0.5256633892848532,True,bull,bull,False,,
2016-06-10,2016-06-09,2000,1990,0,1,2,1.0,0.5291198211239161,True,bull,bull,False,,
2016-06-13,2016-06-10,2000,1990,0,2,1,1.0,0.3709045442261498,False,neutral,bull,True,BULL_TO_NEUTRAL,
2016-06-14,2016-06-13,2000,1990,0,1,2,0.939421069689764,0.42146790393644856,False,neutral,neutral,False,,
2016-06-15,2016-06-14,2000,1990,0,1,2,0.4551214362277333,0.5243758050369052,True,bull,neutral,True,NEUTRAL_TO_BULL,
2016-06-16,2016-06-15,2000,1990,2,1,2,0.9528141617891231,0.3353275540397628,False,neutral,bull,True,BULL_TO_NEUTRAL,
2016-06-17,2016-06-16,2000,1990,0,2,0,0.9869035206602761,0.3399770724863295,False,neutral,neutral,False,,
2016-06-20,2016-06-17,2000,1990,0,2,0,0.9885122420030072,0.3948682861344061,False,neutral,neutral,False,,
2016-06-21,2016-06-20,2000,1990,2,1,2,0.34371120107252745,0.48006682797389566,False,neutral,neutral,False,,
2016-06-22,2016-06-21,2000,1990,2,1,2,0.9985916942776726,0.33990447960628045,False,neutral,neutral,False,,
2016-06-23,2016-06-22,2000,1990,2,1,2,0.7093490724686493,0.3374094223309777,False,neutral,neutral,False,,
2016-06-24,2016-06-23,2000,1990,2,1,2,0.0915918126502033,0.4581799565486377,False,neutral,neutral,False,,
2016-06-27,2016-06-24,2000,1990,2,1,2,0.999105022204963,0.042245424439431134,False,neutral,neutral,False,,
2016-06-28,2016-06-27,2000,1990,1,1,0,0.9696488689901848,0.47500718556236937,False,neutral,neutral,False,,
2016-06-29,2016-06-28,2000,1990,2,2,1,0.9789541066488973,0.434840142173975,False,neutral,neutral,False,,
2016-06-30,2016-06-29,2000,1990,1,1,0,0.974559531201843,0.39882723169769063,False,neutral,neutral,False,,
2016-07-01,2016-06-30,2000,1990,1,1,2,0.9958487519116833,0.2864553129322907,False,neutral,neutral,False,,
2016-07-05,2016-07-01,2000,1990,1,1,0,0.9945593525562633,0.13164698424432345,False,neutral,neutral,False,,
2016-07-06,2016-07-05,2000,1990,1,1,2,0.9996935485676998,0.18913337136820624,False,neutral,neutral,False,,
2016-07-07,2016-07-06,2000,1990,1,1,2,0.9999247968754815,0.15069893516125674,False,neutral,neutral,False,,
2016-07-08,2016-07-07,2000,1990,2,2,0,0.999985825018042,0.13375413828015792,False,neutral,neutral,False,,
2016-07-11,2016-07-08,2000,1990,1,1,2,0.9999999982977648,0.32806590558418275,False,neutral,neutral,False,,
2016-07-12,2016-07-11,2000,1990,1,1,2,1.0,0.13636339422228239,False,neutral,neutral,False,,
2016-07-13,2016-07-12,2000,1990,1,1,0,0.991188886265239,0.16317504901915822,False,neutral,neutral,False,,
2016-07-14,2016-07-13,2000,1990,2,2,0,0.7676007047774173,0.13339404451181522,False,neutral,neutral,False,,
2016-07-15,2016-07-14,2000,1990,1,1,2,0.753688181614392,0.14868934480518894,False,neutral,neutral,False,,
2016-07-18,2016-07-15,2000,1990,1,1,2,0.8474318530994744,0.13709204199223538,False,neutral,neutral,False,,
2016-07-19,2016-07-18,2000,1990,1,1,2,0.8969256215316327,0.13465939170793959,False,neutral,neutral,False,,
2016-07-20,2016-07-19,2000,1990,1,1,2,0.5000191993706381,0.13542419889721433,False,neutral,neutral,False,,
2016-07-21,2016-07-20,2000,1990,2,1,2,0.8474124019404006,0.34791401979182546,False,neutral,neutral,False,,
2016-07-22,2016-07-21,2000,1990,2,1,2,0.4751302809050386,0.34761382360899606,False,neutral,neutral,False,,
2016-07-25,2016-07-22,2000,1990,0,1,2,0.9652069243300408,0.5111277178145464,True,bull,neutral,True,NEUTRAL_TO_BULL,
2016-07-26,2016-07-25,2000,1990,0,1,2,1.0,0.5179081464630585,True,bull,bull,False,,
2016-07-27,2016-07-26,2000,1990,0,2,1,1.0,0.5363694823113055,True,bull,bull,False,,
2016-07-28,2016-07-27,2000,1990,1,0,2,1.0,0.5325605261173011,True,bull,bull,False,,
2016-07-29,2016-07-28,2000,1990,0,1,2,1.0,0.5373463643665398,True,bull,bull,False,,
2016-08-01,2016-07-29,2000,1990,0,1,2,1.0,0.5364981377803301,True,bull,bull,False,,
2016-08-02,2016-08-01,2000,1990,0,1,2,1.0,0.5333375317790278,True,bull,bull,False,,
2016-08-03,2016-08-02,2000,1990,0,1,2,1.0,0.4534151970147414,False,neutral,bull,True,BULL_TO_NEUTRAL,
2016-08-04,2016-08-03,2000,1990,0,1,2,1.0,0.5279034614868706,True,bull,neutral,True,NEUTRAL_TO_BULL,
2016-08-05,2016-08-04,2000,1990,0,1,2,1.0,0.5361303243858202,True,bull,bull,False,,
2016-08-08,2016-08-05,2000,1990,1,2,0,1.0,0.43284350683460754,False,neutral,bull,True,BULL_TO_NEUTRAL,
2016-08-09,2016-08-08,2000,1990,0,1,2,1.0,0.5337284910387998,True,bull,neutral,True,NEUTRAL_TO_BULL,
2016-08-10,2016-08-09,2000,1990,0,1,2,1.0,0.5360617931634716,True,bull,bull,False,,
2016-08-11,2016-08-10,2000,1990,1,2,0,1.0,0.5198171149485917,True,bull,bull,False,,
2016-08-12,2016-08-11,2000,1990,0,1,2,1.0,0.5076204003582308,True,bull,bull,False,,
2016-08-15,2016-08-12,2000,1990,0,1,2,0.9974122740360527,0.531942656271773,True,bull,bull,False,,
2016-08-16,2016-08-15,2000,1990,0,2,1,0.9217550133692843,0.5275427208902715,True,bull,bull,False,,
2016-08-17,2016-08-16,2000,1990,0,2,1,1.0,0.4789924911569237,False,neutral,bull,True,BULL_TO_NEUTRAL,
2016-08-18,2016-08-17,2000,1990,1,2,0,1.0,0.5329482362664432,True,bull,neutral,True,NEUTRAL_TO_BULL,
2016-08-19,2016-08-18,2000,1990,1,2,0,1.0,0.533313824460128,True,bull,bull,False,,
2016-08-22,2016-08-19,2000,1990,0,1,2,1.0,0.5281321698412937,True,bull,bull,False,,
2016-08-23,2016-08-22,2000,1990,2,1,0,1.0,0.5346459448374827,True,bull,bull,False,,
2016-08-24,2016-08-23,2000,1990,0,1,2,1.0,0.5329508922827159,True,bull,bull,False,,
2016-08-25,2016-08-24,2000,1990,0,1,2,1.0,0.47987119344182216,False,neutral,bull,True,BULL_TO_NEUTRAL,
2016-08-26,2016-08-25,2000,1990,1,2,0,1.0,0.5327579661953109,True,bull,neutral,True,NEUTRAL_TO_BULL,
2016-08-29,2016-08-26,2000,1990,1,2,0,1.0,0.524795380527592,True,bull,bull,False,,
2016-08-30,2016-08-29,2000,1990,0,1,2,1.0,0.5025089243527093,True,bull,bull,False,,
2016-08-31,2016-08-30,2000,1990,0,1,2,1.0,0.5266585881099805,True,bull,bull,False,,
2016-09-01,2016-08-31,2000,1990,0,1,2,1.0,0.5155781351253818,True,bull,bull,False,,
2016-09-02,2016-09-01,2000,1990,2,1,0,1.0,0.5351757802645116,True,bull,bull,False,,
2016-09-06,2016-09-02,2000,1990,0,1,2,0.9999936110442375,0.5084893826497542,True,bull,bull,False,,
2016-09-07,2016-09-06,2000,1990,0,2,1,0.9998286812152329,0.5174741786731627,True,bull,bull,False,,
2016-09-08,2016-09-07,2000,1990,0,1,2,0.9997855781492048,0.5257852265362065,True,bull,bull,False,,
2016-09-09,2016-09-08,2000,1990,0,2,1,0.9997168613896465,0.5097417949188262,True,bull,bull,False,,
2016-09-12,2016-09-09,2000,1990,1,2,1,0.9999968196590069,0.21011069601314541,False,neutral,bull,True,BULL_TO_NEUTRAL,
2016-09-13,2016-09-12,2000,1990,2,1,2,0.9999992341678656,0.4480000770051959,False,neutral,neutral,False,,
2016-09-14,2016-09-13,2000,1990,2,1,2,0.8956141573470877,0.40691705001840234,False,neutral,neutral,False,,
2016-09-15,2016-09-14,2000,1990,0,2,0,0.5676350658805344,0.32253153188970873,False,neutral,neutral,False,,
2016-09-16,2016-09-15,2000,1990,2,1,2,0.5331130893570128,0.4135757396436365,False,neutral,neutral,False,,
2016-09-19,2016-09-16,2000,1990,2,1,2,0.33794054747187396,0.37577080018499703,False,neutral,neutral,False,,
2016-09-20,2016-09-19,2000,1990,0,1,0,0.3998077027779871,0.3293968505804995,False,neutral,neutral,False,,
2016-09-21,2016-09-20,2000,1990,2,1,2,0.7739185382386599,0.33116852571267014,False,neutral,neutral,False,,
2016-09-22,2016-09-21,2000,1990,0,2,0,0.998794272175443,0.43138431115484965,False,neutral,neutral,False,,
2016-09-23,2016-09-22,2000,1990,0,2,0,0.8540470974191632,0.3597050690020419,False,neutral,neutral,False,,
2016-09-26,2016-09-23,2000,1990,0,1,0,0.8749852026075959,0.3425713136722039,False,neutral,neutral,False,,
2016-09-27,2016-09-26,2000,1990,0,2,0,0.5815717180267106,0.37614329071347186,False,neutral,neutral,False,,
2016-09-28,2016-09-27,2000,1990,2,1,2,0.4699567687126912,0.3556920216529094,False,neutral,neutral,False,,
2016-09-29,2016-09-28,2000,1990,2,1,2,0.45494111792068537,0.3418332079082522,False,neutral,neutral,False,,
2016-09-30,2016-09-29,2000,1990,0,1,0,0.4655745172369907,0.3841267063103161,False,neutral,neutral,False,,
2016-10-03,2016-09-30,2000,1990,0,2,0,0.2849984039922624,0.3815586303907624,False,neutral,neutral,False,,
2016-10-04,2016-10-03,2000,1990,0,2,1,0.9188444155765888,0.4977890697259568,False,neutral,neutral,False,,
2016-10-05,2016-10-04,2000,1990,1,0,2,0.9860289715300086,0.45699734276138493,False,neutral,neutral,False,,
2016-10-06,2016-10-05,2000,1990,0,1,2,0.9861822529108426,0.4892964697370386,False,neutral,neutral,False,,
2016-10-07,2016-10-06,2000,1990,1,2,0,0.9979070209649067,0.5138496152280213,True,bull,neutral,True,NEUTRAL_TO_BULL,
2016-10-10,2016-10-07,2000,1990,0,1,2,0.9980443455829141,0.4851189409968243,False,neutral,bull,True,BULL_TO_NEUTRAL,
2016-10-11,2016-10-10,2000,1990,2,1,0,0.9996624667222497,0.47825053560216246,False,neutral,neutral,False,,
2016-10-12,2016-10-11,2000,1990,0,1,2,0.981158443802799,0.24531764039038176,False,neutral,neutral,False,,
2016-10-13,2016-10-12,2000,1990,1,2,0,0.9747354092500021,0.5125794281791796,True,bull,neutral,True,NEUTRAL_TO_BULL,
2016-10-14,2016-10-13,2000,1990,1,2,0,0.8795639138096026,0.48728740076937005,False,neutral,bull,True,BULL_TO_NEUTRAL,
2016-10-17,2016-10-14,2000,1990,2,1,0,0.8566261599856293,0.5122759899775656,True,bull,neutral,True,NEUTRAL_TO_BULL,
2016-10-18,2016-10-17,2000,1990,0,1,2,0.713458087972135,0.4820317576281643,False,neutral,bull,True,BULL_TO_NEUTRAL,
2016-10-19,2016-10-18,2000,1990,0,2,1,0.7068750886923214,0.4524669932377018,False,neutral,neutral,False,,
2016-10-20,2016-10-19,2000,1990,1,2,0,0.8413046337281322,0.5015559437526516,True,bull,neutral,True,NEUTRAL_TO_BULL,
2016-10-21,2016-10-20,2000,1990,0,1,2,0.9479842897594822,0.49532455609729925,False,neutral,bull,True,BULL_TO_NEUTRAL,
2016-10-24,2016-10-21,2000,1990,1,2,0,0.9723294919350483,0.5071661551322151,True,bull,neutral,True,NEUTRAL_TO_BULL,
2016-10-25,2016-10-24,2000,1990,0,1,2,0.9992302963811562,0.4839612026585927,False,neutral,bull,True,BULL_TO_NEUTRAL,
2016-10-26,2016-10-25,2000,1990,0,2,1,0.9990120833551636,0.47913863828479686,False,neutral,neutral,False,,
2016-10-27,2016-10-26,2000,1990,0,1,2,0.9990182128969918,0.49192674686468896,False,neutral,neutral,False,,
2016-10-28,2016-10-27,2000,1990,0,1,2,0.9992710677095079,0.49583802328683413,False,neutral,neutral,False,,
2016-10-31,2016-10-28,2000,1990,1,2,0,0.9975200650423323,0.48057897906540525,False,neutral,neutral,False,,
2016-11-01,2016-10-31,2000,1990,2,1,0,0.998414691468112,0.5130810361218442,True,bull,neutral,True,NEUTRAL_TO_BULL,
2016-11-02,2016-11-01,2000,1990,0,1,2,0.9234869232011546,0.4070296327881776,False,neutral,bull,True,BULL_TO_NEUTRAL,
2016-11-03,2016-11-02,2000,1990,0,1,2,0.09145452157681094,0.4372976823333516,False,neutral,neutral,False,,
2016-11-04,2016-11-03,2000,1990,2,1,2,0.9926502552957408,0.33114868863594366,False,neutral,neutral,False,,
2016-11-07,2016-11-04,2000,1990,0,2,0,0.8134242381125831,0.3167604224885952,False,neutral,neutral,False,,
2016-11-08,2016-11-07,2000,1990,2,1,2,0.9739152483936507,0.3486907379579274,False,neutral,neutral,False,,
2016-11-09,2016-11-08,2000,1990,0,1,0,0.9770297547154729,0.33429086878807845,False,neutral,neutral,False,,
2016-11-10,2016-11-09,2000,1990,1,2,1,0.4983462018723019,0.40489962265936663,False,neutral,neutral,False,,
2016-11-11,2016-11-10,2000,1990,2,1,2,0.04612639026249386,0.32518174760630575,False,neutral,neutral,False,,
2016-11-14,2016-11-11,2000,1990,1,1,2,0.9898934818565535,0.1895972587798443,False,neutral,neutral,False,,
2016-11-15,2016-11-14,2000,1990,1,1,0,0.9980504150008711,0.18019528437129434,False,neutral,neutral,False,,
2016-11-16,2016-11-15,2000,1990,1,1,2,0.9999998271279156,0.2268686680287918,False,neutral,neutral,False,,
2016-11-17,2016-11-16,2000,1990,1,1,0,0.9999949544417691,0.18750879347380273,False,neutral,neutral,False,,
2016-11-18,2016-11-17,2000,1990,1,1,2,0.99066103897555,0.19418579108423764,False,neutral,neutral,False,,
2016-11-21,2016-11-18,2000,1990,0,2,0,0.9999916239648133,0.3208204034160155,False,neutral,neutral,False,,
2016-11-22,2016-11-21,2000,1990,0,2,0,1.0,0.37018857292883833,False,neutral,neutral,False,,
2016-11-23,2016-11-22,2000,1990,0,2,0,0.7920073365729864,0.3232875542430288,False,neutral,neutral,False,,
2016-11-25,2016-11-23,2000,1990,2,1,2,0.9623382330676633,0.31992418769552994,False,neutral,neutral,False,,
2016-11-28,2016-11-25,2000,1990,1,2,1,1.0,0.33504734128130587,False,neutral,neutral,False,,
2016-11-29,2016-11-28,2000,1990,2,1,2,0.8811202769754685,0.3392703556313866,False,neutral,neutral,False,,
2016-11-30,2016-11-29,2000,1990,2,1,2,0.20114981783222763,0.3235003321833048,False,neutral,neutral,False,,
2016-12-01,2016-11-30,2000,1990,0,1,2,0.9031833222278296,0.4841250971067396,False,neutral,neutral,False,,
2016-12-02,2016-12-01,2000,1990,0,1,2,0.9875913770513992,0.4724887023647563,False,neutral,neutral,False,,
2016-12-05,2016-12-02,2000,1990,0,2,1,0.9964442428060659,0.5002070921838696,True,bull,neutral,True,NEUTRAL_TO_BULL,
2016-12-06,2016-12-05,2000,1990,1,2,0,0.9999538859304439,0.44510703105061616,False,neutral,bull,True,BULL_TO_NEUTRAL,
2016-12-07,2016-12-06,2000,1990,2,1,0,0.9994982134071512,0.48615541871436685,False,neutral,neutral,False,,
2016-12-08,2016-12-07,2000,1990,0,1,2,0.48795968838418596,0.23252443994520564,False,neutral,neutral,False,,
2016-12-09,2016-12-08,2000,1990,2,1,2,0.9999084411725959,0.32798445473266014,False,neutral,neutral,False,,
2016-12-12,2016-12-09,2000,1990,0,2,0,0.48679669270127224,0.3487995993216721,False,neutral,neutral,False,,
2016-12-13,2016-12-12,2000,1990,0,1,0,0.1468792844051071,0.32318498245331573,False,neutral,neutral,False,,
2016-12-14,2016-12-13,2000,1990,2,2,0,0.9834675048172055,0.21446833218441033,False,neutral,neutral,False,,
2016-12-15,2016-12-14,2000,1990,2,2,1,0.9717497406196248,0.2712424859692038,False,neutral,neutral,False,,
2016-12-16,2016-12-15,2000,1990,1,1,0,0.858054136439727,0.19197349789777146,False,neutral,neutral,False,,
2016-12-19,2016-12-16,2000,1990,2,1,2,0.9121159082467842,0.35306284632122875,False,neutral,neutral,False,,
2016-12-20,2016-12-19,2000,1990,2,1,2,0.9985372944679269,0.3211943397766333,False,neutral,neutral,False,,
2016-12-21,2016-12-20,2000,1990,0,1,2,0.9873119467144277,0.47658063487763014,False,neutral,neutral,False,,
2016-12-22,2016-12-21,2000,1990,0,1,2,0.997588060010287,0.4777120353840693,False,neutral,neutral,False,,
2016-12-23,2016-12-22,2000,1990,0,1,2,0.9978697642533738,0.48900761461469394,False,neutral,neutral,False,,
2016-12-27,2016-12-23,2000,1990,0,2,1,0.9982454867912308,0.49361632800050864,False,neutral,neutral,False,,
2016-12-28,2016-12-27,2000,1990,0,1,2,0.9979077549640051,0.4919989989887744,False,neutral,neutral,False,,
2016-12-29,2016-12-28,2000,1990,0,1,2,0.9992597235569809,0.3685946159358277,False,neutral,neutral,False,,
2016-12-30,2016-12-29,2000,1990,0,2,1,0.9972751167095335,0.49766736140737966,False,neutral,neutral,False,,
2017-01-03,2016-12-30,2000,1990,2,1,0,0.9930900089665522,0.4667517298681997,False,neutral,neutral,False,,
2017-01-04,2017-01-03,2000,1990,2,1,0,0.9999996470954335,0.4009183586443288,False,neutral,neutral,False,,
2017-01-05,2017-01-04,2000,1990,1,2,0,0.977231074754338,0.44169906075175863,False,neutral,neutral,False,,
2017-01-06,2017-01-05,2000,1990,0,1,2,0.9807173037373779,0.4941044558212864,False,neutral,neutral,False,,
2017-01-09,2017-01-06,2000,1990,1,2,0,0.9096655846194456,0.47772966094463926,False,neutral,neutral,False,,
2017-01-10,2017-01-09,2000,1990,0,1,2,0.8893230810001098,0.4681282287323298,False,neutral,neutral,False,,
2017-01-11,2017-01-10,2000,1990,0,1,2,0.8573850543429026,0.4956705854427168,False,neutral,neutral,False,,
2017-01-12,2017-01-11,2000,1990,2,1,0,0.7532800015233577,0.48331289851076625,False,neutral,neutral,False,,
2017-01-13,2017-01-12,2000,1990,1,2,0,0.8612022384186576,0.47763440901522214,False,neutral,neutral,False,,
2017-01-17,2017-01-13,2000,1990,0,2,1,0.9462530850559181,0.4913190125350048,False,neutral,neutral,False,,
2017-01-18,2017-01-17,2000,1990,0,1,2,0.9998130052808843,0.46761303308338437,False,neutral,neutral,False,,
2017-01-19,2017-01-18,2000,1990,0,2,1,0.9999593346612903,0.4917824162688975,False,neutral,neutral,False,,
2017-01-20,2017-01-19,2000,1990,1,2,0,0.9999998939677017,0.46274710755752596,False,neutral,neutral,False,,
2017-01-23,2017-01-20,2000,1990,0,2,1,0.9999999295967018,0.4752301042773719,False,neutral,neutral,False,,
2017-01-24,2017-01-23,2000,1990,0,2,1,0.999999993883541,0.4768343742158291,False,neutral,neutral,False,,
2017-01-25,2017-01-24,2000,1990,0,0,2,0.9999925887008522,0.43060216848397487,False,neutral,neutral,False,,
2017-01-26,2017-01-25,2000,1990,2,2,0,0.9654575458286265,0.3730601620486139,False,neutral,neutral,False,,
2017-01-27,2017-01-26,2000,1990,0,0,2,0.7655563380391877,0.4886300556804559,False,neutral,neutral,False,,
2017-01-30,2017-01-27,2000,1990,1,1,0,0.5813951010571516,0.48534974137437403,False,neutral,neutral,False,,
2017-01-31,2017-01-30,2000,1990,0,0,2,0.6150914583783252,0.4195195119009809,False,neutral,neutral,False,,
2017-02-01,2017-01-31,2000,1990,0,0,1,0.7444595054166819,0.4931296242839466,False,neutral,neutral,False,,
2017-02-02,2017-02-01,2000,1990,0,0,1,0.8051246289436983,0.49469496621268627,False,neutral,neutral,False,,
2017-02-03,2017-02-02,2000,1990,0,0,2,0.9381207058245665,0.49193865375299484,False,neutral,neutral,False,,
2017-02-06,2017-02-03,2000,1990,2,2,0,0.934713603650339,0.41546723307679617,False,neutral,neutral,False,,
2017-02-07,2017-02-06,2000,1990,0,1,2,0.993658297868343,0.48269489677286703,False,neutral,neutral,False,,
2017-02-08,2017-02-07,2000,1990,0,0,1,0.9945675108818136,0.49174139683195756,False,neutral,neutral,False,,
2017-02-09,2017-02-08,2000,1990,0,0,2,0.9978373862146632,0.49046166519350404,False,neutral,neutral,False,,
2017-02-10,2017-02-09,2000,1990,2,1,0,0.9758771389953348,0.4363541670442412,False,neutral,neutral,False,,
2017-02-13,2017-02-10,2000,1990,0,2,1,0.6367707864607867,0.4694607308648416,False,neutral,neutral,False,,
2017-02-14,2017-02-13,2000,1990,2,1,2,1.0,0.34473292791402393,False,neutral,neutral,False,,
2017-02-15,2017-02-14,2000,1990,1,2,1,0.9864849765835272,0.33370971822020934,False,neutral,neutral,False,,
2017-02-16,2017-02-15,2000,1990,2,1,2,0.7107783674291542,0.3381146904094536,False,neutral,neutral,False,,
2017-02-17,2017-02-16,2000,1990,2,1,2,0.6259452041159004,0.31741363168193737,False,neutral,neutral,False,,
2017-02-21,2017-02-17,2000,1990,1,2,1,0.4547981599289382,0.3188609042480454,False,neutral,neutral,False,,
2017-02-22,2017-02-21,2000,1990,2,1,2,0.30518520839124524,0.3451266856199554,False,neutral,neutral,False,,
2017-02-23,2017-02-22,2000,1990,2,1,2,0.564097848761251,0.31931161963013077,False,neutral,neutral,False,,
2017-02-24,2017-02-23,2000,1990,2,1,2,0.9805996013577393,0.3204717206675404,False,neutral,neutral,False,,
2017-02-27,2017-02-24,2000,1990,1,2,1,1.0,0.3218705494279861,False,neutral,neutral,False,,
2017-02-28,2017-02-27,2000,1990,1,2,1,0.5597873334848854,0.32300273991241396,False,neutral,neutral,False,,
2017-03-01,2017-02-28,2000,1990,1,2,0,0.9430758549613715,0.46857492142376594,False,neutral,neutral,False,,
2017-03-02,2017-03-01,2000,1990,2,1,2,0.5991041194508391,0.40813815490215055,False,neutral,neutral,False,,
2017-03-03,2017-03-02,2000,1990,2,1,2,0.6154700588304534,0.34496454720646424,False,neutral,neutral,False,,
2017-03-06,2017-03-03,2000,1990,0,2,1,0.6771665616585343,0.48614075954685054,False,neutral,neutral,False,,
2017-03-07,2017-03-06,2000,1990,0,1,2,0.9061271053865907,0.4673141334761118,False,neutral,neutral,False,,
2017-03-08,2017-03-07,2000,1990,0,1,2,0.9260250730771772,0.4671013857531125,False,neutral,neutral,False,,
2017-03-09,2017-03-08,2000,1990,1,2,0,0.9398457250060913,0.4779705595238224,False,neutral,neutral,False,,
2017-03-10,2017-03-09,2000,1990,1,2,0,0.962938665472279,0.48104274145574116,False,neutral,neutral,False,,
2017-03-13,2017-03-10,2000,1990,2,1,0,0.964067591858568,0.46835424575113127,False,neutral,neutral,False,,
2017-03-14,2017-03-13,2000,1990,0,1,2,0.967391520772729,0.48510213663878965,False,neutral,neutral,False,,
2017-03-15,2017-03-14,2000,1990,2,1,0,0.977866770316104,0.45593225908387347,False,neutral,neutral,False,,
2017-03-16,2017-03-15,2000,1990,2,1,0,0.9969133089426305,0.35946416189573865,False,neutral,neutral,False,,
2017-03-17,2017-03-16,2000,1990,0,2,1,0.9958208061812597,0.4734939427314499,False,neutral,neutral,False,,
2017-03-20,2017-03-17,2000,1990,2,1,0,0.9980954066533358,0.4130602749209485,False,neutral,neutral,False,,
2017-03-21,2017-03-20,2000,1990,2,1,0,0.9972456852071909,0.47806682554979696,False,neutral,neutral,False,,
2017-03-22,2017-03-21,2000,1990,0,1,2,0.5021839887949799,0.22693283313083074,False,neutral,neutral,False,,
2017-03-23,2017-03-22,2000,1990,2,0,2,1.0,0.3310416124545788,False,neutral,neutral,False,,
2017-03-24,2017-03-23,2000,1990,0,1,0,0.9998750522152218,0.32780528879401566,False,neutral,neutral,False,,
2017-03-27,2017-03-24,2000,1990,1,2,1,0.9875863403672303,0.3227238119202515,False,neutral,neutral,False,,
2017-03-28,2017-03-27,2000,1990,2,1,2,0.9658478125708038,0.3229208500347208,False,neutral,neutral,False,,
2017-03-29,2017-03-28,2000,1990,0,1,0,0.9813353194847055,0.3628174161436663,False,neutral,neutral,False,,
2017-03-30,2017-03-29,2000,1990,2,1,2,1.0,0.32927508712044085,False,neutral,neutral,False,,
2017-03-31,2017-03-30,2000,1990,2,1,2,0.2881253254403646,0.3359632765363085,False,neutral,neutral,False,,
2017-04-03,2017-03-31,2000,1990,1,2,0,0.9122514470832886,0.4687941667377865,False,neutral,neutral,False,,
2017-04-04,2017-04-03,2000,1990,2,1,0,0.9819443235415984,0.47363624293760126,False,neutral,neutral,False,,
2017-04-05,2017-04-04,2000,1990,1,2,0,0.9907320756462912,0.4839680977787287,False,neutral,neutral,False,,
2017-04-06,2017-04-05,2000,1990,0,1,2,0.9930532435773956,0.46049068475526916,False,neutral,neutral,False,,
2017-04-07,2017-04-06,2000,1990,0,1,2,0.9959467913842811,0.4749807612057718,False,neutral,neutral,False,,
2017-04-10,2017-04-07,2000,1990,0,1,2,0.9993729563553206,0.47609824530408623,False,neutral,neutral,False,,
2017-04-11,2017-04-10,2000,1990,0,1,2,0.9999501310559242,0.4852893682328067,False,neutral,neutral,False,,
2017-04-12,2017-04-11,2000,1990,1,2,0,0.9999269572174769,0.4818667849245937,False,neutral,neutral,False,,
2017-04-13,2017-04-12,2000,1990,2,1,0,0.9999122516491376,0.4435676017353799,False,neutral,neutral,False,,
2017-04-17,2017-04-13,2000,1990,0,1,2,0.9860582431314023,0.40340024363847343,False,neutral,neutral,False,,
2017-04-18,2017-04-17,2000,1990,0,1,2,0.9842611106124912,0.34763398654026983,False,neutral,neutral,False,,
2017-04-19,2017-04-18,2000,1990,0,1,2,0.9880678842968379,0.4656322903468634,False,neutral,neutral,False,,
2017-04-20,2017-04-19,2000,1990,2,1,0,0.9790574386893904,0.4831675325588567,False,neutral,neutral,False,,
2017-04-21,2017-04-20,2000,1990,2,1,0,0.979559671465308,0.37355227242636846,False,neutral,neutral,False,,
2017-04-24,2017-04-21,2000,1990,2,1,0,0.9833875017108061,0.46733184381606035,False,neutral,neutral,False,,
2017-04-25,2017-04-24,2000,1990,2,1,0,0.7746220625510114,0.26805360315335053,False,neutral,neutral,False,,
2017-04-26,2017-04-25,2000,1990,1,2,1,0.9965579795256977,0.3504810527990423,False,neutral,neutral,False,,
2017-04-27,2017-04-26,2000,1990,2,1,2,0.9578143288810239,0.3237073145071094,False,neutral,neutral,False,,
2017-04-28,2017-04-27,2000,1990,2,1,2,0.768971275213642,0.32343559373271247,False,neutral,neutral,False,,
2017-05-01,2017-04-28,2000,1990,0,2,0,0.9576060757151801,0.33234210589892926,False,neutral,neutral,False,,
2017-05-02,2017-05-01,2000,1990,0,1,0,0.936261879313618,0.3211660794514035,False,neutral,neutral,False,,
2017-05-03,2017-05-02,2000,1990,2,0,2,0.9958982639009905,0.3247937722771661,False,neutral,neutral,False,,
2017-05-04,2017-05-03,2000,1990,2,1,2,0.8896518362999924,0.32860430906386834,False,neutral,neutral,False,,
2017-05-05,2017-05-04,2000,1990,2,1,2,0.2658522856487834,0.3250637751931711,False,neutral,neutral,False,,
2017-05-08,2017-05-05,2000,1990,0,1,2,0.9993104177639323,0.47148418440401585,False,neutral,neutral,False,,
2017-05-09,2017-05-08,2000,1990,2,1,0,0.9997517760071841,0.4885479390702683,False,neutral,neutral,False,,
2017-05-10,2017-05-09,2000,1990,0,1,2,0.999665003527169,0.48387300580812326,False,neutral,neutral,False,,
2017-05-11,2017-05-10,2000,1990,2,1,0,0.9994130683781808,0.49014325417662535,False,neutral,neutral,False,,
2017-05-12,2017-05-11,2000,1990,0,1,2,0.9994560878125119,0.4780777720592628,False,neutral,neutral,False,,
2017-05-15,2017-05-12,2000,1990,0,1,2,0.9998230593324513,0.4812283115118844,False,neutral,neutral,False,,
2017-05-16,2017-05-15,2000,1990,0,2,1,0.999613644920506,0.44363190443104583,False,neutral,neutral,False,,
2017-05-17,2017-05-16,2000,1990,1,2,0,0.9999975201221275,0.48756546154272323,False,neutral,neutral,False,,
2017-05-18,2017-05-17,2000,1990,0,2,1,0.7747446273516804,0.06685496024893853,False,neutral,neutral,False,,
2017-05-19,2017-05-18,2000,1990,0,1,2,0.15294272060777955,0.46883237211246953,False,neutral,neutral,False,,
2017-05-22,2017-05-19,2000,1990,2,1,2,0.8282146622155442,0.36034592873341703,False,neutral,neutral,False,,
2017-05-23,2017-05-22,2000,1990,2,1,2,0.8067619741481691,0.3474734708093309,False,neutral,neutral,False,,
2017-05-24,2017-05-23,2000,1990,0,2,0,0.9173831071143372,0.32909183504391837,False,neutral,neutral,False,,
2017-05-25,2017-05-24,2000,1990,2,1,2,0.9999464819787915,0.329838061810427,False,neutral,neutral,False,,
2017-05-26,2017-05-25,2000,1990,2,1,2,0.9999999999211083,0.3449455178805754,False,neutral,neutral,False,,
2017-05-30,2017-05-26,2000,1990,2,1,2,0.9949579673157424,0.3255013471640505,False,neutral,neutral,False,,
2017-05-31,2017-05-30,2000,1990,2,1,2,0.9698555639085348,0.31703868933296897,False,neutral,neutral,False,,
2017-06-01,2017-05-31,2000,1990,0,2,0,0.9209678746271792,0.3130898873584417,False,neutral,neutral,False,,
2017-06-02,2017-06-01,2000,1990,0,2,0,0.999256541501881,0.3699479845535358,False,neutral,neutral,False,,
2017-06-05,2017-06-02,2000,1990,0,1,0,1.0,0.3356137457366881,False,neutral,neutral,False,,
2017-06-06,2017-06-05,2000,1990,0,1,0,1.0,0.31270966724630844,False,neutral,neutral,False,,
2017-06-07,2017-06-06,2000,1990,0,1,0,0.6326144869854204,0.3396555760150238,False,neutral,neutral,False,,
2017-06-08,2017-06-07,2000,1990,1,2,1,0.20208936814515754,0.33430091953333596,False,neutral,neutral,False,,
2017-06-09,2017-06-08,2000,1990,0,2,1,0.9276360831435265,0.4899395113443032,False,neutral,neutral,False,,
2017-06-12,2017-06-09,2000,1990,0,2,1,0.9566404100352336,0.482051781762746,False,neutral,neutral,False,,
2017-06-13,2017-06-12,2000,1990,2,1,0,0.9832506644479859,0.49169265572182175,False,neutral,neutral,False,,
2017-06-14,2017-06-13,2000,1990,0,1,2,0.9949013490770715,0.4489400755665332,False,neutral,neutral,False,,
2017-06-15,2017-06-14,2000,1990,0,1,2,0.9998925129031393,0.48481980961780163,False,neutral,neutral,False,,
2017-06-16,2017-06-15,2000,1990,0,1,2,0.9999100632282555,0.4802365495092968,False,neutral,neutral,False,,
2017-06-19,2017-06-16,2000,1990,0,1,2,0.9997852820650351,0.44205658247717794,False,neutral,neutral,False,,
2017-06-20,2017-06-19,2000,1990,1,2,0,0.9994432284535718,0.3613285886345124,False,neutral,neutral,False,,
2017-06-21,2017-06-20,2000,1990,0,1,2,0.9992988518032748,0.39375351822395044,False,neutral,neutral,False,,
2017-06-22,2017-06-21,2000,1990,0,1,2,0.9989755121237008,0.49011184497825677,False,neutral,neutral,False,,
2017-06-23,2017-06-22,2000,1990,0,1,2,0.9983278229470293,0.48900873872534606,False,neutral,neutral,False,,
2017-06-26,2017-06-23,2000,1990,2,1,0,0.9980945451031585,0.4874105757261059,False,neutral,neutral,False,,
2017-06-27,2017-06-26,2000,1990,0,1,2,0.9979705448246561,0.49053954772156466,False,neutral,neutral,False,,
2017-06-28,2017-06-27,2000,1990,2,1,0,0.9879368872126129,0.3603961678652852,False,neutral,neutral,False,,
2017-06-29,2017-06-28,2000,1990,0,1,2,0.9934714673096149,0.3306970809246007,False,neutral,neutral,False,,
2017-06-30,2017-06-29,2000,1990,0,1,2,0.9773170633103049,0.3419506094141751,False,neutral,neutral,False,,
2017-07-03,2017-06-30,2000,1990,0,1,2,0.9619013050186775,0.48654811745122645,False,neutral,neutral,False,,
2017-07-05,2017-07-03,2000,1990,0,1,2,0.9959821658124008,0.4870451725875266,False,neutral,neutral,False,,
2017-07-06,2017-07-05,2000,1990,0,1,2,0.996512026638474,0.48526943683121454,False,neutral,neutral,False,,
2017-07-07,2017-07-06,2000,1990,0,1,2,0.9741337198522491,0.3258622130393454,False,neutral,neutral,False,,
2017-07-10,2017-07-07,2000,1990,1,2,0,0.9787129516422539,0.4115743084978944,False,neutral,neutral,False,,
2017-07-11,2017-07-10,2000,1990,0,1,2,0.9871679817128787,0.49293787546672957,False,neutral,neutral,False,,
2017-07-12,2017-07-11,2000,1990,0,1,2,0.9952489154770244,0.4924880169508803,False,neutral,neutral,False,,
2017-07-13,2017-07-12,2000,1990,0,1,2,0.9707977950136586,0.3712406180135252,False,neutral,neutral,False,,
2017-07-14,2017-07-13,2000,1990,0,1,2,0.888294014009238,0.49174170710344584,False,neutral,neutral,False,,
2017-07-17,2017-07-14,2000,1990,0,1,2,0.19503081785016355,0.454660539547089,False,neutral,neutral,False,,
2017-07-18,2017-07-17,2000,1990,2,1,2,0.9999283259088417,0.3242934015378081,False,neutral,neutral,False,,
2017-07-19,2017-07-18,2000,1990,2,1,2,0.995330775272138,0.3245390734196885,False,neutral,neutral,False,,
2017-07-20,2017-07-19,2000,1990,2,1,2,0.897484572057567,0.3559815017386138,False,neutral,neutral,False,,
2017-07-21,2017-07-20,2000,1990,2,1,2,0.9741668313780828,0.32353148567872286,False,neutral,neutral,False,,
2017-07-24,2017-07-21,2000,1990,2,1,2,0.9930503616035257,0.3251614777197433,False,neutral,neutral,False,,
2017-07-25,2017-07-24,2000,1990,1,2,1,0.9483124251390012,0.3318546949122085,False,neutral,neutral,False,,
2017-07-26,2017-07-25,2000,1990,2,1,2,0.15116300743640373,0.3320894708160287,False,neutral,neutral,False,,
2017-07-27,2017-07-26,2000,1990,0,1,2,0.9657522294788539,0.4971097041654291,False,neutral,neutral,False,,
2017-07-28,2017-07-27,2000,1990,2,1,0,0.9975746724565723,0.49170459504269703,False,neutral,neutral,False,,
2017-07-31,2017-07-28,2000,1990,2,1,0,0.9992347426358185,0.49542097742580776,False,neutral,neutral,False,,
2017-08-01,2017-07-31,2000,1990,0,2,1,0.9998697809563962,0.4964731457799951,False,neutral,neutral,False,,
2017-08-02,2017-08-01,2000,1990,0,1,2,0.9999042581991878,0.488975593075266,False,neutral,neutral,False,,
2017-08-03,2017-08-02,2000,1990,0,1,2,0.9999462656445334,0.4973770162153246,False,neutral,neutral,False,,
2017-08-04,2017-08-03,2000,1990,0,1,2,0.9999511015297015,0.4874867330622231,False,neutral,neutral,False,,
2017-08-07,2017-08-04,2000,1990,0,1,2,0.999945939472111,0.49240721531078446,False,neutral,neutral,False,,
2017-08-08,2017-08-07,2000,1990,0,1,2,0.9999642452970416,0.4941198042296914,False,neutral,neutral,False,,
2017-08-09,2017-08-08,2000,1990,1,2,0,0.999949500890924,0.4822593062899275,False,neutral,neutral,False,,
2017-08-10,2017-08-09,2000,1990,0,1,2,0.9999681379352909,0.5001092770435417,True,bull,neutral,True,NEUTRAL_TO_BULL,
2017-08-11,2017-08-10,2000,1990,2,1,0,0.8938058502419337,0.15144356213088278,False,neutral,bull,True,BULL_TO_NEUTRAL,
2017-08-14,2017-08-11,2000,1990,0,1,2,0.2198625131723529,0.4970716681910108,False,neutral,neutral,False,,
2017-08-15,2017-08-14,2000,1990,0,1,2,0.258153349912623,0.29341600569743603,False,neutral,neutral,False,,
2017-08-16,2017-08-15,2000,1990,2,1,0,0.3574075570069523,0.4975786210452216,False,neutral,neutral,False,,
2017-08-17,2017-08-16,2000,1990,0,1,2,0.42745981173336434,0.49259072038049984,False,neutral,neutral,False,,
2017-08-18,2017-08-17,2000,1990,0,1,0,0.9980074824266356,0.36132456847380023,False,neutral,neutral,False,,
2017-08-21,2017-08-18,2000,1990,0,1,0,0.9526239285144975,0.32501334973131213,False,neutral,neutral,False,,
2017-08-22,2017-08-21,2000,1990,0,2,0,0.955971781821024,0.3239790109603541,False,neutral,neutral,False,,
2017-08-23,2017-08-22,2000,1990,0,2,0,0.9922371894291697,0.41178829571614406,False,neutral,neutral,False,,
2017-08-24,2017-08-23,2000,1990,0,2,0,0.9999927357599429,0.3330350769593672,False,neutral,neutral,False,,
2017-08-25,2017-08-24,2000,1990,2,1,2,0.9998135472867973,0.3281397371947313,False,neutral,neutral,False,,
2017-08-28,2017-08-25,2000,1990,2,1,2,0.9999994488742812,0.323002156354053,False,neutral,neutral,False,,
2017-08-29,2017-08-28,2000,1990,2,1,2,0.8053279157072218,0.32326038023104553,False,neutral,neutral,False,,
2017-08-30,2017-08-29,2000,1990,0,1,0,0.29172220162559737,0.3267903309801697,False,neutral,neutral,False,,
2017-08-31,2017-08-30,2000,1990,0,1,2,0.932833978221189,0.4632513540724426,False,neutral,neutral,False,,
2017-09-01,2017-08-31,2000,1990,1,0,2,0.3514529615036962,0.42131529103322773,False,neutral,neutral,False,,
2017-09-05,2017-09-01,2000,1990,2,1,2,0.9658806016596031,0.3258489665982562,False,neutral,neutral,False,,
2017-09-06,2017-09-05,2000,1990,2,1,2,0.37531337301746426,0.3703151173114508,False,neutral,neutral,False,,
2017-09-07,2017-09-06,2000,1990,2,1,2,0.5528369036357439,0.33345898699511645,False,neutral,neutral,False,,
2017-09-08,2017-09-07,2000,1990,0,1,2,0.5300016420991801,0.5002343218761214,True,bull,neutral,True,NEUTRAL_TO_BULL,
2017-09-11,2017-09-08,2000,1990,1,2,0,0.8673139446897238,0.4942544841775024,False,neutral,bull,True,BULL_TO_NEUTRAL,
2017-09-12,2017-09-11,2000,1990,1,2,0,0.48511803376277673,0.26356452424217475,False,neutral,neutral,False,,
2017-09-13,2017-09-12,2000,1990,1,2,1,0.9712380478595244,0.3343564423950719,False,neutral,neutral,False,,
2017-09-14,2017-09-13,2000,1990,2,1,2,0.9939624327868197,0.32554748198113864,False,neutral,neutral,False,,
2017-09-15,2017-09-14,2000,1990,2,1,2,1.0,0.32419850393161836,False,neutral,neutral,False,,
2017-09-18,2017-09-15,2000,1990,2,1,2,0.9999820723366702,0.34357193999227714,False,neutral,neutral,False,,
2017-09-19,2017-09-18,2000,1990,0,1,0,0.9997387663047534,0.3299658081194209,False,neutral,neutral,False,,
2017-09-20,2017-09-19,2000,1990,0,1,0,0.887207250894304,0.3258082543191278,False,neutral,neutral,False,,
2017-09-21,2017-09-20,2000,1990,0,1,0,0.4829150034934709,0.32546415204937995,False,neutral,neutral,False,,
2017-09-22,2017-09-21,2000,1990,0,1,2,0.9393908046694668,0.47454235645919096,False,neutral,neutral,False,,
2017-09-25,2017-09-22,2000,1990,1,2,0,0.9999582727344871,0.4981592831321685,False,neutral,neutral,False,,
2017-09-26,2017-09-25,2000,1990,0,1,2,0.9999345866427976,0.48261361737556285,False,neutral,neutral,False,,
2017-09-27,2017-09-26,2000,1990,2,1,0,0.9999271401032906,0.4996150686257966,False,neutral,neutral,False,,
2017-09-28,2017-09-27,2000,1990,0,1,2,0.99994616271946,0.47036178956485497,False,neutral,neutral,False,,
2017-09-29,2017-09-28,2000,1990,2,1,0,0.99993899433544,0.4992442742286793,False,neutral,neutral,False,,
2017-10-02,2017-09-29,2000,1990,0,1,2,0.9992578046260718,0.47924746918764916,False,neutral,neutral,False,,
2017-10-03,2017-10-02,2000,1990,0,1,2,0.9565034227529123,0.455550381880126,False,neutral,neutral,False,,
2017-10-04,2017-10-03,2000,1990,0,1,2,0.5076346065306688,0.48817119999803654,False,neutral,neutral,False,,
2017-10-05,2017-10-04,2000,1990,0,1,0,0.9999930493723864,0.3284011589997865,False,neutral,neutral,False,,
2017-10-06,2017-10-05,2000,1990,2,1,2,0.949475516518909,0.3511092236314071,False,neutral,neutral,False,,
2017-10-09,2017-10-06,2000,1990,2,1,2,0.8768452947603098,0.33143825980491143,False,neutral,neutral,False,,
2017-10-10,2017-10-09,2000,1990,2,1,2,0.9562948396010471,0.3240009753789001,False,neutral,neutral,False,,
2017-10-11,2017-10-10,2000,1990,0,2,0,0.9981662702726282,0.33142496138423716,False,neutral,neutral,False,,
2017-10-12,2017-10-11,2000,1990,2,1,2,0.9999998949689177,0.3257780398501418,False,neutral,neutral,False,,
2017-10-13,2017-10-12,2000,1990,2,1,2,0.25260033520819536,0.3291265981059192,False,neutral,neutral,False,,
2017-10-16,2017-10-13,2000,1990,0,2,1,0.9814247419150864,0.4997323720437716,False,neutral,neutral,False,,
2017-10-17,2017-10-16,2000,1990,0,1,2,0.9965884123548814,0.4980937851696851,False,neutral,neutral,False,,
2017-10-18,2017-10-17,2000,1990,0,1,2,0.9989853598649389,0.505857044980061,True,bull,neutral,True,NEUTRAL_TO_BULL,
2017-10-19,2017-10-18,2000,1990,0,1,2,0.9998191098521678,0.5048589933352687,True,bull,bull,False,,
2017-10-20,2017-10-19,2000,1990,0,1,2,0.9996023230239452,0.5058332854774475,True,bull,bull,False,,
2017-10-23,2017-10-20,2000,1990,0,1,2,0.9915401905022273,0.45106900876943284,False,neutral,bull,True,BULL_TO_NEUTRAL,
2017-10-24,2017-10-23,2000,1990,0,1,2,0.9961610474883735,0.46005941571956477,False,neutral,neutral,False,,
2017-10-25,2017-10-24,2000,1990,0,1,2,0.9970063945972368,0.5029635030916623,True,bull,neutral,True,NEUTRAL_TO_BULL,
2017-10-26,2017-10-25,2000,1990,0,1,2,0.9976529768380173,0.43567701411118764,False,neutral,bull,True,BULL_TO_NEUTRAL,
2017-10-27,2017-10-26,2000,1990,0,1,2,0.9992628720941207,0.5037536325611914,True,bull,neutral,True,NEUTRAL_TO_BULL,
2017-10-30,2017-10-27,2000,1990,2,1,0,0.9946378562676417,0.3530857949254404,False,neutral,bull,True,BULL_TO_NEUTRAL,
2017-10-31,2017-10-30,2000,1990,1,2,0,0.9959138512056689,0.46374963876925646,False,neutral,neutral,False,,
2017-11-01,2017-10-31,2000,1990,2,1,0,0.9957699808796675,0.5046248746271017,True,bull,neutral,True,NEUTRAL_TO_BULL,
2017-11-02,2017-11-01,2000,1990,0,1,2,0.9939018927575994,0.5057824087413944,True,bull,bull,False,,
2017-11-03,2017-11-02,2000,1990,0,2,1,0.9931916901156917,0.5083509064128316,True,bull,bull,False,,
2017-11-06,2017-11-03,2000,1990,0,1,2,0.9662337209692583,0.47997244119762233,False,neutral,bull,True,BULL_TO_NEUTRAL,
2017-11-07,2017-11-06,2000,1990,0,1,2,0.8902349191104038,0.5025418739132755,True,bull,neutral,True,NEUTRAL_TO_BULL,
2017-11-08,2017-11-07,2000,1990,0,1,2,0.8068343675002803,0.5080030597576863,True,bull,bull,False,,
2017-11-09,2017-11-08,2000,1990,0,1,2,0.9321394707191516,0.5015192122116595,True,bull,bull,False,,
2017-11-10,2017-11-09,2000,1990,0,1,2,0.9965409173688127,0.47549357048832425,False,neutral,bull,True,BULL_TO_NEUTRAL,
2017-11-13,2017-11-10,2000,1990,0,2,1,0.9946696216101046,0.5080756014992129,True,bull,neutral,True,NEUTRAL_TO_BULL,
2017-11-14,2017-11-13,2000,1990,0,2,1,0.9993255681528306,0.5091610626195125,True,bull,bull,False,,
2017-11-15,2017-11-14,2000,1990,0,2,1,0.9998336704078071,0.49316595814526404,False,neutral,bull,True,BULL_TO_NEUTRAL,
2017-11-16,2017-11-15,2000,1990,2,1,0,0.996867946930385,0.43618774582342673,False,neutral,neutral,False,,
2017-11-17,2017-11-16,2000,1990,1,2,0,0.9973070940936904,0.33697904682923013,False,neutral,neutral,False,,
2017-11-20,2017-11-17,2000,1990,1,2,0,0.99714077682235,0.48090394940466824,False,neutral,neutral,False,,
2017-11-21,2017-11-20,2000,1990,0,1,2,0.9980598234809614,0.5055606486228675,True,bull,neutral,True,NEUTRAL_TO_BULL,
2017-11-22,2017-11-21,2000,1990,0,1,2,0.9833065957717958,0.4103701486939098,False,neutral,bull,True,BULL_TO_NEUTRAL,
2017-11-24,2017-11-22,2000,1990,0,1,2,0.9626086602455268,0.5050484994560315,True,bull,neutral,True,NEUTRAL_TO_BULL,
2017-11-27,2017-11-24,2000,1990,0,2,1,0.8278884445298151,0.5006535838479494,True,bull,bull,False,,
2017-11-28,2017-11-27,2000,1990,2,1,0,0.6627291147749017,0.5093044414625335,True,bull,bull,False,,
2017-11-29,2017-11-28,2000,1990,2,1,2,0.9909338977584227,0.4170169068057588,False,neutral,bull,True,BULL_TO_NEUTRAL,
2017-11-30,2017-11-29,2000,1990,2,1,2,0.9130132112457575,0.3166087072910676,False,neutral,neutral,False,,
2017-12-01,2017-11-30,2000,1990,2,1,2,0.6698688764349857,0.40173947665787996,False,neutral,neutral,False,,
2017-12-04,2017-12-01,2000,1990,1,2,1,0.44109230979512715,0.32120037382724553,False,neutral,neutral,False,,
2017-12-05,2017-12-04,2000,1990,1,2,1,0.6173837981302934,0.3265547761397737,False,neutral,neutral,False,,
2017-12-06,2017-12-05,2000,1990,1,2,1,0.9244219491953362,0.34359113664318586,False,neutral,neutral,False,,
2017-12-07,2017-12-06,2000,1990,0,1,0,0.9822330681030084,0.3221041171729252,False,neutral,neutral,False,,
2017-12-08,2017-12-07,2000,1990,2,1,2,0.9999868850610691,0.3268302226916433,False,neutral,neutral,False,,
2017-12-11,2017-12-08,2000,1990,2,1,2,0.8520962231660472,0.34463638757229414,False,neutral,neutral,False,,
2017-12-12,2017-12-11,2000,1990,2,1,2,0.15825119795861073,0.32830223754908433,False,neutral,neutral,False,,
2017-12-13,2017-12-12,2000,1990,2,1,0,0.5424850499468303,0.5065049700316097,True,bull,neutral,True,NEUTRAL_TO_BULL,
2017-12-14,2017-12-13,2000,1990,2,1,2,0.580505621664295,0.31812001989147615,False,neutral,bull,True,BULL_TO_NEUTRAL,
2017-12-15,2017-12-14,2000,1990,2,1,0,0.5116404558384146,0.4579717902495539,False,neutral,neutral,False,,
2017-12-18,2017-12-15,2000,1990,2,1,0,0.3330410276259051,0.4825033673843866,False,neutral,neutral,False,,
2017-12-19,2017-12-18,2000,1990,2,1,2,0.9998796744345424,0.36272006378811456,False,neutral,neutral,False,,
2017-12-20,2017-12-19,2000,1990,2,1,2,0.81072876816977,0.3386776856801887,False,neutral,neutral,False,,
2017-12-21,2017-12-20,2000,1990,2,1,2,0.09820517894657271,0.31786829223655716,False,neutral,neutral,False,,
2017-12-22,2017-12-21,2000,1990,0,1,2,0.9948424375901558,0.49973730420613266,False,neutral,neutral,False,,
2017-12-26,2017-12-22,2000,1990,0,2,1,0.9983749459867185,0.5120120309894631,True,bull,neutral,True,NEUTRAL_TO_BULL,
2017-12-27,2017-12-26,2000,1990,0,1,2,0.9990275292314715,0.5035655375680687,True,bull,bull,False,,
2017-12-28,2017-12-27,2000,1990,0,1,2,0.9992419624870482,0.5094643755790743,True,bull,bull,False,,
2017-12-29,2017-12-28,2000,1990,0,2,1,0.9987017393165207,0.5038171743463693,True,bull,bull,False,,
2018-01-02,2017-12-29,2000,1990,0,1,2,0.9999377472849234,0.4654373343524932,False,neutral,bull,True,BULL_TO_NEUTRAL,
2018-01-03,2018-01-02,2000,1990,2,1,0,0.9998393078575786,0.38591732734316825,False,neutral,neutral,False,,
2018-01-04,2018-01-03,2000,1990,0,2,1,0.9256754522342674,0.40829842006299677,False,neutral,neutral,False,,
2018-01-05,2018-01-04,2000,1990,1,2,1,0.9999963694492415,0.34122052245308604,False,neutral,neutral,False,,
2018-01-08,2018-01-05,2000,1990,2,1,2,0.65849575946215,0.3722634351896471,False,neutral,neutral,False,,
2018-01-09,2018-01-08,2000,1990,2,1,2,0.21690394169671512,0.3239297381993447,False,neutral,neutral,False,,
2018-01-10,2018-01-09,2000,1990,1,1,2,0.9449315529729521,0.17580931763695673,False,neutral,neutral,False,,
2018-01-11,2018-01-10,2000,1990,1,1,0,0.9516287857421947,0.173732342418928,False,neutral,neutral,False,,
2018-01-12,2018-01-11,2000,1990,1,1,2,0.9725806811027217,0.24790677367697306,False,neutral,neutral,False,,
2018-01-16,2018-01-12,2000,1990,1,1,0,0.9903927362553112,0.22797472037534508,False,neutral,neutral,False,,
2018-01-17,2018-01-16,2000,1990,2,2,1,0.9044411612597999,0.1916752585795464,False,neutral,neutral,False,,
2018-01-18,2018-01-17,2000,1990,2,2,0,0.8772116301842393,0.30400745465795115,False,neutral,neutral,False,,
2018-01-19,2018-01-18,2000,1990,2,2,1,0.750099511664502,0.18102114980762954,False,neutral,neutral,False,,
2018-01-22,2018-01-19,2000,1990,1,1,2,0.6918123920647761,0.1943543614719392,False,neutral,neutral,False,,
2018-01-23,2018-01-22,2000,1990,1,1,2,0.9278425704153017,0.2655610909284488,False,neutral,neutral,False,,
2018-01-24,2018-01-23,2000,1990,1,1,0,0.9715232308844283,0.1774649972158259,False,neutral,neutral,False,,
2018-01-25,2018-01-24,2000,1990,1,1,2,0.9699984905782406,0.17435768198064652,False,neutral,neutral,False,,
2018-01-26,2018-01-25,2000,1990,1,1,0,0.8402044021493911,0.17335816387101846,False,neutral,neutral,False,,
2018-01-29,2018-01-26,2000,1990,1,1,0,0.9413606528524259,0.37780879643517745,False,neutral,neutral,False,,
2018-01-30,2018-01-29,2000,1990,1,1,2,0.9121128434349541,0.24684251683022654,False,neutral,neutral,False,,
2018-01-31,2018-01-30,2000,1990,2,2,0,0.3455304760386561,0.3498718026580222,False,neutral,neutral,False,,
2018-02-01,2018-01-31,2000,1990,0,1,0,0.8794887057738335,0.321421775112447,False,neutral,neutral,False,,
2018-02-02,2018-02-01,2000,1990,2,1,2,0.9981393876020707,0.3238969085355118,False,neutral,neutral,False,,
2018-02-05,2018-02-02,2000,1990,1,1,0,0.9086647636242696,0.7817417715243873,True,bear,neutral,True,NEUTRAL_TO_BEAR,
2018-02-06,2018-02-05,2000,1990,2,2,1,0.9999999995767311,0.9971732980714711,True,bear,bear,False,,
2018-02-07,2018-02-06,2000,1990,1,1,0,0.9999999999937472,0.7272390687138457,True,bear,bear,False,,
2018-02-08,2018-02-07,2000,1990,1,1,2,0.9999999999981996,0.22753939376571955,False,neutral,bear,True,BEAR_TO_NEUTRAL,
2018-02-09,2018-02-08,2000,1990,1,1,2,1.0,0.991360116137909,True,bear,neutral,True,NEUTRAL_TO_BEAR,
2018-02-12,2018-02-09,2000,1990,1,1,2,1.0,0.5160054108714373,True,bear,bear,False,,
2018-02-13,2018-02-12,2000,1990,1,1,2,0.9999999999999997,0.5041196982707495,True,bear,bear,False,,
2018-02-14,2018-02-13,2000,1990,1,1,0,0.999999999999968,0.17841086760114466,False,neutral,bear,True,BEAR_TO_NEUTRAL,
2018-02-15,2018-02-14,2000,1990,1,1,2,0.9999999999576618,0.4451525081483127,False,neutral,neutral,False,,
2018-02-16,2018-02-15,2000,1990,1,1,0,1.0,0.4148659166083086,False,neutral,neutral,False,,
2018-02-20,2018-02-16,2000,1990,1,1,2,0.9999972590350733,0.1737133276259013,False,neutral,neutral,False,,
2018-02-21,2018-02-20,2000,1990,1,1,2,0.9999985136493871,0.23826447599634548,False,neutral,neutral,False,,
2018-02-22,2018-02-21,2000,1990,1,1,2,0.9999988940417719,0.2169047929353799,False,neutral,neutral,False,,
2018-02-23,2018-02-22,2000,1990,1,1,2,0.9999993059879265,0.17503320966719343,False,neutral,neutral,False,,
2018-02-26,2018-02-23,2000,1990,1,1,2,0.9997947245995292,0.5574289394378379,True,bear,neutral,True,NEUTRAL_TO_BEAR,
2018-02-27,2018-02-26,2000,1990,2,2,0,0.9989971341126868,0.3747676989262072,False,neutral,bear,True,BEAR_TO_NEUTRAL,
2018-02-28,2018-02-27,2000,1990,1,1,2,0.9870170100609886,0.4295207466247568,False,neutral,neutral,False,,
2018-03-01,2018-02-28,2000,1990,2,2,0,0.6370382620536231,0.34411891585024174,False,neutral,neutral,False,,
2018-03-02,2018-03-01,2000,1990,1,1,0,0.8880055703279008,0.5150184508611153,True,bear,neutral,True,NEUTRAL_TO_BEAR,
2018-03-05,2018-03-02,2000,1990,1,1,0,0.9501825062830529,0.20466505346276073,False,neutral,bear,True,BEAR_TO_NEUTRAL,
2018-03-06,2018-03-05,2000,1990,1,1,2,0.9449565776265471,0.3717011044417215,False,neutral,neutral,False,,
2018-03-07,2018-03-06,2000,1990,1,1,2,0.9609001523603314,0.1811288711922383,False,neutral,neutral,False,,
2018-03-08,2018-03-07,2000,1990,1,1,2,0.9212311850028819,0.17709922241973375,False,neutral,neutral,False,,
2018-03-09,2018-03-08,2000,1990,1,1,0,0.9046466232903091,0.20232777623622863,False,neutral,neutral,False,,
2018-03-12,2018-03-09,2000,1990,2,2,0,0.9939970852391612,0.6200061104463589,True,bear,neutral,True,NEUTRAL_TO_BEAR,
2018-03-13,2018-03-12,2000,1990,1,1,2,0.9964417361562682,0.1811142182337521,False,neutral,bear,True,BEAR_TO_NEUTRAL,
2018-03-14,2018-03-13,2000,1990,1,1,2,0.9997831494996163,0.24514058892861312,False,neutral,neutral,False,,
2018-03-15,2018-03-14,2000,1990,1,1,2,0.998323914329714,0.2215391664954978,False,neutral,neutral,False,,
2018-03-16,2018-03-15,2000,1990,1,1,2,0.9437091210625417,0.18125920544201715,False,neutral,neutral,False,,
2018-03-19,2018-03-16,2000,1990,0,1,0,0.6718332200336685,0.32957421418565513,False,neutral,neutral,False,,
2018-03-20,2018-03-19,2000,1990,2,1,2,0.3102093835860613,0.39270027677106045,False,neutral,neutral,False,,
2018-03-21,2018-03-20,2000,1990,1,1,2,0.8906119589989673,0.17984892419316437,False,neutral,neutral,False,,
2018-03-22,2018-03-21,2000,1990,2,2,0,0.9759752733770578,0.18501458988824745,False,neutral,neutral,False,,
2018-03-23,2018-03-22,2000,1990,1,1,2,0.9999999816508837,0.8598594429525389,True,bear,neutral,True,NEUTRAL_TO_BEAR,
2018-03-26,2018-03-23,2000,1990,1,1,0,1.0,0.7663903110524527,True,bear,bear,False,,
2018-03-27,2018-03-26,2000,1990,1,1,2,1.0,0.9213978919124579,True,bear,bear,False,,
2018-03-28,2018-03-27,2000,1990,1,1,2,0.9999999987013717,0.6246648093688423,True,bear,bear,False,,
2018-03-29,2018-03-28,2000,1990,1,1,0,0.9999999989940128,0.19331889577706482,False,neutral,bear,True,BEAR_TO_NEUTRAL,
2018-04-02,2018-03-29,2000,1990,2,2,1,0.9999999999999413,0.424876407533318,False,neutral,neutral,False,,
2018-04-03,2018-04-02,2000,1990,1,1,2,0.9999999999880077,0.7790652915205729,True,bear,neutral,True,NEUTRAL_TO_BEAR,
2018-04-04,2018-04-03,2000,1990,1,1,2,0.9999999937637581,0.4270455891616683,False,neutral,bear,True,BEAR_TO_NEUTRAL,
2018-04-05,2018-04-04,2000,1990,2,2,1,0.9999040370046306,0.34838405711118847,False,neutral,neutral,False,,
2018-04-06,2018-04-05,2000,1990,1,1,2,0.8935833489536632,0.26598623650614067,False,neutral,neutral,False,,
2018-04-09,2018-04-06,2000,1990,1,1,2,0.8770698221645119,0.7897008388908905,True,bear,neutral,True,NEUTRAL_TO_BEAR,
2018-04-10,2018-04-09,2000,1990,1,1,2,0.6620909594503004,0.2074108091644047,False,neutral,bear,True,BEAR_TO_NEUTRAL,
2018-04-11,2018-04-10,2000,1990,2,2,0,0.6654483567783496,0.5616909905130828,True,bear,neutral,True,NEUTRAL_TO_BEAR,
2018-04-12,2018-04-11,2000,1990,2,2,1,0.7208285288639514,0.22480017911607758,False,neutral,bear,True,BEAR_TO_NEUTRAL,
2018-04-13,2018-04-12,2000,1990,1,1,2,0.8513891955125555,0.2763142611355038,False,neutral,neutral,False,,
2018-04-16,2018-04-13,2000,1990,1,1,2,0.9169894159666744,0.1951990789065346,False,neutral,neutral,False,,
2018-04-17,2018-04-16,2000,1990,1,1,2,0.5905009256811723,0.275855564543155,False,neutral,neutral,False,,
2018-04-18,2018-04-17,2000,1990,2,2,0,0.9505094581699726,0.35459285916217304,False,neutral,neutral,False,,
2018-04-19,2018-04-18,2000,1990,1,1,2,0.9975708548438689,0.1793986610536434,False,neutral,neutral,False,,
2018-04-20,2018-04-19,2000,1990,1,1,2,0.9993763989868637,0.23338039326050228,False,neutral,neutral,False,,
2018-04-23,2018-04-20,2000,1990,1,1,2,0.9268679650687085,0.3012603723628943,False,neutral,neutral,False,,
2018-04-24,2018-04-23,2000,1990,2,1,2,0.8396437047811601,0.30856896332247113,False,neutral,neutral,False,,
2018-04-25,2018-04-24,2000,1990,2,1,2,0.436462746193065,0.3915071562068667,False,neutral,neutral,False,,
2018-04-26,2018-04-25,2000,1990,2,1,2,0.43012734671087155,0.31882747828258495,False,neutral,neutral,False,,
2018-04-27,2018-04-26,2000,1990,1,2,1,0.44675908498834116,0.4129541297376926,False,neutral,neutral,False,,
2018-04-30,2018-04-27,2000,1990,2,1,2,0.5375120375142514,0.31377263716697557,False,neutral,neutral,False,,
2018-05-01,2018-04-30,2000,1990,2,1,2,0.39039548191629203,0.37200871726866686,False,neutral,neutral,False,,
2018-05-02,2018-05-01,2000,1990,2,1,2,0.7680361770454864,0.32056660955580835,False,neutral,neutral,False,,
2018-05-03,2018-05-02,2000,1990,2,1,2,0.9999683663677281,0.3617854804219367,False,neutral,neutral,False,,
2018-05-04,2018-05-03,2000,1990,2,1,2,0.9845031971782751,0.3228881414125901,False,neutral,neutral,False,,
2018-05-07,2018-05-04,2000,1990,2,1,2,0.9161717340687484,0.41500226670377344,False,neutral,neutral,False,,
2018-05-08,2018-05-07,2000,1990,2,1,2,0.9950857793026934,0.33111841442860945,False,neutral,neutral,False,,
2018-05-09,2018-05-08,2000,1990,1,2,1,0.9928027748993474,0.3197544479417911,False,neutral,neutral,False,,
2018-05-10,2018-05-09,2000,1990,2,1,2,0.9840037342552975,0.43028776513342887,False,neutral,neutral,False,,
2018-05-11,2018-05-10,2000,1990,2,1,2,0.13975245368780242,0.40042139984255815,False,neutral,neutral,False,,
2018-05-14,2018-05-11,2000,1990,1,1,2,0.9983848662796906,0.1898093678651638,False,neutral,neutral,False,,
2018-05-15,2018-05-14,2000,1990,1,1,2,0.9999162447390841,0.17989351224500194,False,neutral,neutral,False,,
2018-05-16,2018-05-15,2000,1990,1,1,2,0.9999105665059207,0.26310821645279264,False,neutral,neutral,False,,
2018-05-17,2018-05-16,2000,1990,2,2,1,0.9957945312131684,0.20179016529249555,False,neutral,neutral,False,,
2018-05-18,2018-05-17,2000,1990,1,1,2,0.777366071943948,0.18278959475253317,False,neutral,neutral,False,,
2018-05-21,2018-05-18,2000,1990,2,1,2,0.7682584637399366,0.32477597527531454,False,neutral,neutral,False,,
2018-05-22,2018-05-21,2000,1990,0,2,0,0.9984564612514347,0.37994263872360906,False,neutral,neutral,False,,
2018-05-23,2018-05-22,2000,1990,1,2,0,0.9056061101931642,0.47901656570791845,False,neutral,neutral,False,,
2018-05-24,2018-05-23,2000,1990,0,1,2,0.9962284984636736,0.48500102707115433,False,neutral,neutral,False,,
2018-05-25,2018-05-24,2000,1990,0,2,1,0.996000688585076,0.48848371739437074,False,neutral,neutral,False,,
2018-05-29,2018-05-25,2000,1990,1,2,0,0.9963760174917294,0.4841681945591525,False,neutral,neutral,False,,
2018-05-30,2018-05-29,2000,1990,0,0,1,0.6704002478253476,0.19659068028737503,False,neutral,neutral,False,,
2018-05-31,2018-05-30,2000,1990,0,1,2,0.7755111589751459,0.13022278770986692,False,neutral,neutral,False,,
2018-06-01,2018-05-31,2000,1990,0,1,2,0.6803583043696367,0.4014101194323038,False,neutral,neutral,False,,
2018-06-04,2018-06-01,2000,1990,0,1,2,0.4681146646407,0.27042590189912524,False,neutral,neutral,False,,
2018-06-05,2018-06-04,2000,1990,2,1,2,0.9707805334861638,0.3461469929394475,False,neutral,neutral,False,,
2018-06-06,2018-06-05,2000,1990,2,1,2,1.0,0.31839134567578,False,neutral,neutral,False,,
2018-06-07,2018-06-06,2000,1990,1,2,1,0.697841255827132,0.39209682143432534,False,neutral,neutral,False,,
2018-06-08,2018-06-07,2000,1990,0,2,0,0.2594621391950336,0.31693930588253033,False,neutral,neutral,False,,
2018-06-11,2018-06-08,2000,1990,2,1,2,0.04951801909112659,0.32344581422312135,False,neutral,neutral,False,,
2018-06-12,2018-06-11,2000,1990,1,2,0,0.9910690641490326,0.16957849948099463,False,neutral,neutral,False,,
2018-06-13,2018-06-12,2000,1990,1,1,2,0.8077894339222795,0.18367601438271194,False,neutral,neutral,False,,
2018-06-14,2018-06-13,2000,1990,1,1,2,0.6509898221057795,0.20233469620166702,False,neutral,neutral,False,,
2018-06-15,2018-06-14,2000,1990,0,1,0,0.9999970311073808,0.32684937934412983,False,neutral,neutral,False,,
2018-06-18,2018-06-15,2000,1990,2,1,2,0.5854160472324175,0.34915245926086114,False,neutral,neutral,False,,
2018-06-19,2018-06-18,2000,1990,2,1,2,0.10154450676444858,0.32342158893079825,False,neutral,neutral,False,,
2018-06-20,2018-06-19,2000,1990,1,2,0,0.9560319072849643,0.45905037884724226,False,neutral,neutral,False,,
2018-06-21,2018-06-20,2000,1990,2,1,0,0.8649649396575143,0.49148284786995766,False,neutral,neutral,False,,
2018-06-22,2018-06-21,2000,1990,0,1,2,0.08699564491837428,0.3964005324483275,False,neutral,neutral,False,,
2018-06-25,2018-06-22,2000,1990,2,1,2,1.0,0.3231647685100756,False,neutral,neutral,False,,
2018-06-26,2018-06-25,2000,1990,2,1,2,0.6094396051593788,0.3832662565223,False,neutral,neutral,False,,
2018-06-27,2018-06-26,2000,1990,0,2,0,0.42069299639141355,0.3243944379039795,False,neutral,neutral,False,,
2018-06-28,2018-06-27,2000,1990,2,1,2,0.04464134849909038,0.38404255850947816,False,neutral,neutral,False,,
2018-06-29,2018-06-28,2000,1990,0,2,0,0.19457098034978643,0.34849419962193245,False,neutral,neutral,False,,
2018-07-02,2018-06-29,2000,1990,2,1,2,0.417979474145003,0.3218803257561229,False,neutral,neutral,False,,
2018-07-03,2018-07-02,2000,1990,2,1,2,0.7930514423217454,0.32379788157425293,False,neutral,neutral,False,,
2018-07-05,2018-07-03,2000,1990,2,1,2,0.9521643748969559,0.33756912844020737,False,neutral,neutral,False,,
2018-07-06,2018-07-05,2000,1990,2,1,2,0.9948394998463981,0.3781519476057462,False,neutral,neutral,False,,
2018-07-09,2018-07-06,2000,1990,0,2,0,0.9999842738299841,0.3803700145487268,False,neutral,neutral,False,,
2018-07-10,2018-07-09,2000,1990,2,1,2,0.4703441986701588,0.3976656249751114,False,neutral,neutral,False,,
2018-07-11,2018-07-10,2000,1990,1,1,2,0.9890995038289164,0.19706177289420643,False,neutral,neutral,False,,
2018-07-12,2018-07-11,2000,1990,1,1,2,0.9970935131052182,0.2686143599767318,False,neutral,neutral,False,,
2018-07-13,2018-07-12,2000,1990,1,1,2,0.9984688559521558,0.3072975789972946,False,neutral,neutral,False,,
2018-07-16,2018-07-13,2000,1990,2,2,0,0.9992026906893333,0.18230652828793747,False,neutral,neutral,False,,
2018-07-17,2018-07-16,2000,1990,1,1,2,0.9959075470686954,0.18384886485628893,False,neutral,neutral,False,,
2018-07-18,2018-07-17,2000,1990,1,1,0,0.9816183004968763,0.20206687943209423,False,neutral,neutral,False,,
2018-07-19,2018-07-18,2000,1990,2,2,1,0.4107899570718487,0.18811157967655995,False,neutral,neutral,False,,
2018-07-20,2018-07-19,2000,1990,2,1,2,1.0,0.33381538747189543,False,neutral,neutral,False,,
2018-07-23,2018-07-20,2000,1990,2,1,2,0.14821350029480623,0.32169104055708736,False,neutral,neutral,False,,
2018-07-24,2018-07-23,2000,1990,0,1,2,0.9221036627764841,0.48614502456584363,False,neutral,neutral,False,,
2018-07-25,2018-07-24,2000,1990,0,1,2,0.7979857704302118,0.4326351689648167,False,neutral,neutral,False,,
2018-07-26,2018-07-25,2000,1990,1,2,0,0.5027851569144811,0.3214900141956394,False,neutral,neutral,False,,
2018-07-27,2018-07-26,2000,1990,0,1,2,0.05720620706533816,0.4809477809778252,False,neutral,neutral,False,,
2018-07-30,2018-07-27,2000,1990,2,1,2,0.8131251171802556,0.3582917164706407,False,neutral,neutral,False,,
2018-07-31,2018-07-30,2000,1990,2,1,2,0.6280381646311946,0.3451989002897316,False,neutral,neutral,False,,
2018-08-01,2018-07-31,2000,1990,2,1,2,0.5702761143475756,0.35328081885668133,False,neutral,neutral,False,,
2018-08-02,2018-08-01,2000,1990,0,1,2,0.489319440208738,0.4879731410997819,False,neutral,neutral,False,,
2018-08-03,2018-08-02,2000,1990,0,1,2,0.654433224133212,0.4302331482949342,False,neutral,neutral,False,,
2018-08-06,2018-08-03,2000,1990,0,1,2,0.6808134090164989,0.4573696029815251,False,neutral,neutral,False,,
2018-08-07,2018-08-06,2000,1990,0,2,1,0.44159168271211025,0.4687441848781246,False,neutral,neutral,False,,
2018-08-08,2018-08-07,2000,1990,2,1,2,1.0,0.34151244355598026,False,neutral,neutral,False,,
2018-08-09,2018-08-08,2000,1990,2,1,2,0.9933780623762423,0.32318688994871697,False,neutral,neutral,False,,
2018-08-10,2018-08-09,2000,1990,0,2,0,0.9504863360585281,0.3283637117713622,False,neutral,neutral,False,,
2018-08-13,2018-08-10,2000,1990,2,1,2,0.9833203077535884,0.36155318804056114,False,neutral,neutral,False,,
2018-08-14,2018-08-13,2000,1990,0,2,0,1.0,0.3315731713947497,False,neutral,neutral,False,,
2018-08-15,2018-08-14,2000,1990,2,1,2,0.89600996803533,0.36701936352404735,False,neutral,neutral,False,,
2018-08-16,2018-08-15,2000,1990,2,1,2,0.5117761442138116,0.3669391167882587,False,neutral,neutral,False,,
2018-08-17,2018-08-16,2000,1990,2,1,2,0.3078620908409973,0.3881384585706375,False,neutral,neutral,False,,
2018-08-20,2018-08-17,2000,1990,0,1,0,0.386814779608278,0.338753382829335,False,neutral,neutral,False,,
2018-08-21,2018-08-20,2000,1990,1,2,1,0.5894400274891608,0.32865058864636987,False,neutral,neutral,False,,
2018-08-22,2018-08-21,2000,1990,2,1,2,0.8144671422477856,0.3291484611685037,False,neutral,neutral,False,,
2018-08-23,2018-08-22,2000,1990,2,0,2,0.4549938327559524,0.359548815360203,False,neutral,neutral,False,,
2018-08-24,2018-08-23,2000,1990,0,0,1,0.41826021741340985,0.44909254338518445,False,neutral,neutral,False,,
2018-08-27,2018-08-24,2000,1990,1,0,1,0.9999993845205183,0.36323874052753535,False,neutral,neutral,False,,
2018-08-28,2018-08-27,2000,1990,0,2,0,0.8729096249545711,0.38501332036823527,False,neutral,neutral,False,,
2018-08-29,2018-08-28,2000,1990,2,1,2,0.5330664814165571,0.3237910672050042,False,neutral,neutral,False,,
2018-08-30,2018-08-29,2000,1990,1,2,1,0.5772561826267909,0.35545681422688646,False,neutral,neutral,False,,
2018-08-31,2018-08-30,2000,1990,2,1,2,0.696202761586855,0.3387994118304814,False,neutral,neutral,False,,
2018-09-04,2018-08-31,2000,1990,2,0,2,0.7806993355124763,0.32431410171223723,False,neutral,neutral,False,,
2018-09-05,2018-09-04,2000,1990,2,1,2,0.9626523254037093,0.32320732684944736,False,neutral,neutral,False,,
2018-09-06,2018-09-05,2000,1990,2,1,2,0.9999158252205453,0.32597481840599624,False,neutral,neutral,False,,
2018-09-07,2018-09-06,2000,1990,2,1,2,0.9900666385923245,0.3317079831534896,False,neutral,neutral,False,,
2018-09-10,2018-09-07,2000,1990,0,1,0,0.25504145268433215,0.3255530054847365,False,neutral,neutral,False,,
2018-09-11,2018-09-10,2000,1990,0,1,2,0.8543449950165064,0.49071717154881167,False,neutral,neutral,False,,
2018-09-12,2018-09-11,2000,1990,0,1,2,0.8559938281024104,0.4721810100397283,False,neutral,neutral,False,,
2018-09-13,2018-09-12,2000,1990,0,1,2,0.8679334502869671,0.4962302145321461,False,neutral,neutral,False,,
2018-09-14,2018-09-13,2000,1990,0,1,2,0.9478019693078006,0.4021811921339674,False,neutral,neutral,False,,
2018-09-17,2018-09-14,2000,1990,2,1,0,0.9020372443441851,0.4965963994110442,False,neutral,neutral,False,,
2018-09-18,2018-09-17,2000,1990,1,2,0,0.9388686077064652,0.4197348079225121,False,neutral,neutral,False,,
2018-09-19,2018-09-18,2000,1990,1,2,0,0.8506129809809782,0.4253564845550807,False,neutral,neutral,False,,
2018-09-20,2018-09-19,2000,1990,0,1,2,0.6885114369743575,0.4913995107152697,False,neutral,neutral,False,,
2018-09-21,2018-09-20,2000,1990,2,0,2,1.0,0.3883519396897345,False,neutral,neutral,False,,
2018-09-24,2018-09-21,2000,1990,0,1,0,0.9764917716174643,0.3522690224338778,False,neutral,neutral,False,,
2018-09-25,2018-09-24,2000,1990,2,1,2,0.4908325263499492,0.37008917127535546,False,neutral,neutral,False,,
2018-09-26,2018-09-25,2000,1990,1,2,0,0.9027149523269312,0.4959077931772928,False,neutral,neutral,False,,
2018-09-27,2018-09-26,2000,1990,0,1,2,0.9629123465952653,0.4757462255931845,False,neutral,neutral,False,,
2018-09-28,2018-09-27,2000,1990,2,1,0,0.9153814014127144,0.4774702683415172,False,neutral,neutral,False,,
2018-10-01,2018-09-28,2000,1990,0,2,1,0.9600165339396793,0.5005650051068053,True,bull,neutral,True,NEUTRAL_TO_BULL,
2018-10-02,2018-10-01,2000,1990,0,2,1,0.9938209964805503,0.4715380918969711,False,neutral,bull,True,BULL_TO_NEUTRAL,
2018-10-03,2018-10-02,2000,1990,2,1,0,0.9945198752606637,0.49756623638620506,False,neutral,neutral,False,,
2018-10-04,2018-10-03,2000,1990,0,1,2,0.9732021762344576,0.49435005343128985,False,neutral,neutral,False,,
2018-10-05,2018-10-04,2000,1990,0,1,2,0.9999676715911648,0.3497723067491407,False,neutral,neutral,False,,
2018-10-08,2018-10-05,2000,1990,0,1,2,0.868701843485493,0.41369216984587104,False,neutral,neutral,False,,
2018-10-09,2018-10-08,2000,1990,0,1,2,0.6406063669430817,0.5013432910308971,True,bull,neutral,True,NEUTRAL_TO_BULL,
2018-10-10,2018-10-09,2000,1990,0,1,2,0.10445164629685941,0.49541034478569485,False,neutral,bull,True,BULL_TO_NEUTRAL,
2018-10-11,2018-10-10,2000,1990,1,1,2,0.9970954730324731,0.9698966493446776,True,bear,neutral,True,NEUTRAL_TO_BEAR,
2018-10-12,2018-10-11,2000,1990,1,1,2,1.0,0.8205911596996687,True,bear,bear,False,,
2018-10-15,2018-10-12,2000,1990,1,1,2,0.9999999883527743,0.4690027595633529,False,neutral,bear,True,BEAR_TO_NEUTRAL,
2018-10-16,2018-10-15,2000,1990,1,1,2,0.9999999977549354,0.2234533911609134,False,neutral,neutral,False,,
2018-10-17,2018-10-16,2000,1990,1,1,0,0.9999999830643951,0.8103632039416272,True,bear,neutral,True,NEUTRAL_TO_BEAR,
2018-10-18,2018-10-17,2000,1990,1,1,2,0.9999996241247866,0.172864159773482,False,neutral,bear,True,BEAR_TO_NEUTRAL,
2018-10-19,2018-10-18,2000,1990,1,1,2,0.9999971062033847,0.5145144482639266,True,bear,neutral,True,NEUTRAL_TO_BEAR,
2018-10-22,2018-10-19,2000,1990,1,1,2,0.9999654005526635,0.17466524721103519,False,neutral,bear,True,BEAR_TO_NEUTRAL,
2018-10-23,2018-10-22,2000,1990,1,1,2,0.9999999454902891,0.2169538338097141,False,neutral,neutral,False,,
2018-10-24,2018-10-23,2000,1990,1,1,2,0.7681676971358499,0.22683121201397424,False,neutral,neutral,False,,
2018-10-25,2018-10-24,2000,1990,1,2,0,0.9999548682398308,0.9913627498707146,True,bull,neutral,True,NEUTRAL_TO_BULL,
2018-10-26,2018-10-25,2000,1990,1,1,2,0.9995174329936176,0.6514372538060217,True,bear,bull,True,BULL_TO_BEAR,
2018-10-29,2018-10-26,2000,1990,1,1,2,0.9999832772452392,0.6531696132952673,True,bear,bear,False,,
2018-10-30,2018-10-29,2000,1990,1,1,2,1.0,0.2343285956850471,False,neutral,bear,True,BEAR_TO_NEUTRAL,
2018-10-31,2018-10-30,2000,1990,1,1,0,0.9999960677738702,0.5146426905149493,True,bear,neutral,True,NEUTRAL_TO_BEAR,
2018-11-01,2018-10-31,2000,1990,1,1,2,0.9997767787502401,0.34366690779575776,False,neutral,bear,True,BEAR_TO_NEUTRAL,
2018-11-02,2018-11-01,2000,1990,1,1,0,0.999122521512222,0.3435122020022831,False,neutral,neutral,False,,
2018-11-05,2018-11-02,2000,1990,1,1,2,0.9997846581697207,0.23785283906152288,False,neutral,neutral,False,,
2018-11-06,2018-11-05,2000,1990,1,1,2,0.9845007029476865,0.2117564747423077,False,neutral,neutral,False,,
2018-11-07,2018-11-06,2000,1990,1,1,2,0.9995698597919964,0.2445739106253651,False,neutral,neutral,False,,
2018-11-08,2018-11-07,2000,1990,2,2,0,0.999909080883444,0.7935980748511583,True,bear,neutral,True,NEUTRAL_TO_BEAR,
2018-11-09,2018-11-08,2000,1990,1,1,2,0.999996255762678,0.18141662398899724,False,neutral,bear,True,BEAR_TO_NEUTRAL,
2018-11-12,2018-11-09,2000,1990,1,1,0,0.9999852642137032,0.33002587864563376,False,neutral,neutral,False,,
2018-11-13,2018-11-12,2000,1990,1,1,2,0.9981537875542104,0.6901467716191146,True,bear,neutral,True,NEUTRAL_TO_BEAR,
2018-11-14,2018-11-13,2000,1990,1,1,2,0.9810663540221037,0.18209445078197956,False,neutral,bear,True,BEAR_TO_NEUTRAL,
2018-11-15,2018-11-14,2000,1990,2,2,1,0.9947771882669183,0.2536170152407272,False,neutral,neutral,False,,
2018-11-16,2018-11-15,2000,1990,1,1,0,0.9867184965235767,0.3375810958541576,False,neutral,neutral,False,,
2018-11-19,2018-11-16,2000,1990,2,2,0,0.9997122039127616,0.18748551865064209,False,neutral,neutral,False,,
2018-11-20,2018-11-19,2000,1990,1,1,2,0.996489380432357,0.6193216115959885,True,bear,neutral,True,NEUTRAL_TO_BEAR,
2018-11-21,2018-11-20,2000,1990,1,1,2,1.0,0.7022681864187845,True,bear,bear,False,,
2018-11-23,2018-11-21,2000,1990,2,2,1,0.9999495568561056,0.18859570205463616,False,neutral,bear,True,BEAR_TO_NEUTRAL,
2018-11-26,2018-11-23,2000,1990,2,2,1,0.999996205937723,0.250221889350903,False,neutral,neutral,False,,
2018-11-27,2018-11-26,2000,1990,2,2,0,0.9928349995084844,0.5741457896138528,True,bear,neutral,True,NEUTRAL_TO_BEAR,
2018-11-28,2018-11-27,2000,1990,2,2,1,0.9836072386952426,0.18920998184496127,False,neutral,bear,True,BEAR_TO_NEUTRAL,
2018-11-29,2018-11-28,2000,1990,1,1,0,0.9958745739754267,0.838440569875705,True,bear,neutral,True,NEUTRAL_TO_BEAR,
2018-11-30,2018-11-29,2000,1990,1,1,2,0.9999991498501297,0.18890054857371372,False,neutral,bear,True,BEAR_TO_NEUTRAL,
2018-12-03,2018-11-30,2000,1990,1,1,2,0.9997148823819028,0.22494209826999242,False,neutral,neutral,False,,
2018-12-04,2018-12-03,2000,1990,2,2,1,0.9999999999998115,0.47092945376836387,False,neutral,neutral,False,,
2018-12-06,2018-12-04,2000,1990,2,2,1,0.9999916474061412,0.9699700351462447,True,bear,neutral,True,NEUTRAL_TO_BEAR,
2018-12-07,2018-12-06,2000,1990,2,2,1,0.9999481613546254,0.18252498669774592,False,neutral,bear,True,BEAR_TO_NEUTRAL,
2018-12-10,2018-12-07,2000,1990,1,1,2,0.9999999999917656,0.850336062953039,True,bear,neutral,True,NEUTRAL_TO_BEAR,
2018-12-11,2018-12-10,2000,1990,1,1,2,0.9999631673410445,0.18012219472454838,False,neutral,bear,True,BEAR_TO_NEUTRAL,
2018-12-12,2018-12-11,2000,1990,2,2,1,0.9999913431171462,0.1777502582161486,False,neutral,neutral,False,,
2018-12-13,2018-12-12,2000,1990,2,2,1,0.9999962565586691,0.20856696082282042,False,neutral,neutral,False,,
2018-12-14,2018-12-13,2000,1990,1,1,2,0.999994652658797,0.17841545629142888,False,neutral,neutral,False,,
2018-12-17,2018-12-14,2000,1990,2,2,0,0.9999979377873199,0.682954323807813,True,bear,neutral,True,NEUTRAL_TO_BEAR,
2018-12-18,2018-12-17,2000,1990,1,1,2,0.9999997279238796,0.7262755521623742,True,bear,bear,False,,
2018-12-19,2018-12-18,2000,1990,0,0,2,0.999958529426057,0.18015388659953163,False,neutral,bear,True,BEAR_TO_NEUTRAL,
2018-12-20,2018-12-19,2000,1990,1,1,2,0.9999981304606533,0.5404983362474391,True,bear,neutral,True,NEUTRAL_TO_BEAR,
2018-12-21,2018-12-20,2000,1990,1,1,2,0.999999860936193,0.5983202438919447,True,bear,bear,False,,
2018-12-24,2018-12-21,2000,1990,1,1,2,0.9999999999354665,0.9013739601803764,True,bear,bear,False,,
2018-12-26,2018-12-24,2000,1990,1,1,2,0.9999999999999739,0.9034753404286678,True,bear,bear,False,,
2018-12-27,2018-12-26,2000,1990,2,2,0,0.9999999999997765,0.9999985141745591,True,bear,bear,False,,
2018-12-28,2018-12-27,2000,1990,2,2,1,0.9999999999943925,0.24711305046980717,False,neutral,bear,True,BEAR_TO_NEUTRAL,
2018-12-31,2018-12-28,2000,1990,1,1,2,0.9999999970552637,0.17716685915920177,False,neutral,neutral,False,,
2019-01-02,2018-12-31,2000,1990,2,2,1,0.9999996338044052,0.27463545213253804,False,neutral,neutral,False,,
2019-01-03,2019-01-02,2000,1990,1,1,2,0.9999968965399968,0.17339355788232202,False,neutral,neutral,False,,
2019-01-04,2019-01-03,2000,1990,1,1,2,0.9999393832500563,0.8528913284233766,True,bear,neutral,True,NEUTRAL_TO_BEAR,
2019-01-07,2019-01-04,2000,1990,1,1,2,0.9999730396031844,0.9900050137500336,True,bear,bear,False,,
2019-01-08,2019-01-07,2000,1990,2,2,1,0.9999974965510242,0.25179243459106976,False,neutral,bear,True,BEAR_TO_NEUTRAL,
2019-01-09,2019-01-08,2000,1990,2,2,1,0.9999993326653024,0.29281202545227164,False,neutral,neutral,False,,
2019-01-10,2019-01-09,2000,1990,2,2,1,0.9992731845635262,0.19637620728355026,False,neutral,neutral,False,,
2019-01-11,2019-01-10,2000,1990,1,1,2,0.9998185389309363,0.18491038939464202,False,neutral,neutral,False,,
2019-01-14,2019-01-11,2000,1990,2,2,1,0.9999313561605468,0.17329047436051626,False,neutral,neutral,False,,
2019-01-15,2019-01-14,2000,1990,2,2,1,0.9998229341489615,0.23729993436267768,False,neutral,neutral,False,,
2019-01-16,2019-01-15,2000,1990,1,1,2,0.9998903565362447,0.36342514029856143,False,neutral,neutral,False,,
2019-01-17,2019-01-16,2000,1990,1,1,2,0.9998804157806724,0.1788375875482633,False,neutral,neutral,False,,
2019-01-18,2019-01-17,2000,1990,1,1,2,0.7843920631339448,0.24900531942262788,False,neutral,neutral,False,,
2019-01-22,2019-01-18,2000,1990,1,1,2,0.9243582107489255,0.4391531029132826,False,neutral,neutral,False,,
2019-01-23,2019-01-22,2000,1990,2,2,1,0.7117471508219035,0.4855765094076291,False,neutral,neutral,False,,
2019-01-24,2019-01-23,2000,1990,1,1,2,0.5698895851133381,0.1777944245839924,False,neutral,neutral,False,,
2019-01-25,2019-01-24,2000,1990,2,1,2,0.5635280612829239,0.3210314040095436,False,neutral,neutral,False,,
2019-01-28,2019-01-25,2000,1990,0,2,0,0.44971654748085166,0.3923365942448389,False,neutral,neutral,False,,
2019-01-29,2019-01-28,2000,1990,1,2,1,0.6763230752385293,0.3646478990647507,False,neutral,neutral,False,,
2019-01-30,2019-01-29,2000,1990,2,1,2,0.9993516958953351,0.31978045510849157,False,neutral,neutral,False,,
2019-01-31,2019-01-30,2000,1990,0,2,0,0.9947063372442294,0.39279472083555705,False,neutral,neutral,False,,
2019-02-01,2019-01-31,2000,1990,1,2,1,0.8711337204329903,0.40848374787743824,False,neutral,neutral,False,,
2019-02-04,2019-02-01,2000,1990,1,2,1,0.5655040215759183,0.3194441166802398,False,neutral,neutral,False,,
2019-02-05,2019-02-04,2000,1990,1,2,1,0.08494212727496421,0.3836461707025481,False,neutral,neutral,False,,
2019-02-06,2019-02-05,2000,1990,2,2,1,0.9828304519940811,0.19289828840125114,False,neutral,neutral,False,,
2019-02-07,2019-02-06,2000,1990,2,2,1,0.9883628787536002,0.177437103525058,False,neutral,neutral,False,,
2019-02-08,2019-02-07,2000,1990,2,2,1,0.9559014360514881,0.33370413186428527,False,neutral,neutral,False,,
2019-02-11,2019-02-08,2000,1990,1,1,2,0.9228693842029214,0.17421777036924385,False,neutral,neutral,False,,
2019-02-12,2019-02-11,2000,1990,2,2,1,0.4990237445029731,0.1736309338092828,False,neutral,neutral,False,,
2019-02-13,2019-02-12,2000,1990,1,2,1,0.9977703232304101,0.43583802254935455,False,neutral,neutral,False,,
2019-02-14,2019-02-13,2000,1990,0,2,0,0.9995852497787163,0.3359757237914138,False,neutral,neutral,False,,
2019-02-15,2019-02-14,2000,1990,1,2,1,0.9989759051045046,0.3206653742842329,False,neutral,neutral,False,,
2019-02-19,2019-02-15,2000,1990,0,2,0,0.9179793883437658,0.4300329506814897,False,neutral,neutral,False,,
2019-02-20,2019-02-19,2000,1990,2,1,2,0.5971606354651318,0.32338022619613327,False,neutral,neutral,False,,
2019-02-21,2019-02-20,2000,1990,2,1,2,0.24620775013300988,0.32756360202272994,False,neutral,neutral,False,,
2019-02-22,2019-02-21,2000,1990,1,2,1,0.16961976940889095,0.3314408218254026,False,neutral,neutral,False,,
2019-02-25,2019-02-22,2000,1990,2,1,2,0.2529852824533816,0.3654776055262006,False,neutral,neutral,False,,
2019-02-26,2019-02-25,2000,1990,1,2,1,0.5573043082392345,0.3229619039152573,False,neutral,neutral,False,,
2019-02-27,2019-02-26,2000,1990,1,2,1,0.9853556181580128,0.32203588697726826,False,neutral,neutral,False,,
2019-02-28,2019-02-27,2000,1990,1,2,1,0.999794479521483,0.31851657964549973,False,neutral,neutral,False,,
2019-03-01,2019-02-28,2000,1990,1,2,1,0.44621153220130283,0.32101902003642685,False,neutral,neutral,False,,
2019-03-04,2019-03-01,2000,1990,0,2,1,0.9963273219249026,0.4057542762424136,False,neutral,neutral,False,,
2019-03-05,2019-03-04,2000,1990,0,2,1,0.9992169946156536,0.47531021857226297,False,neutral,neutral,False,,
2019-03-06,2019-03-05,2000,1990,0,2,1,0.999824983476287,0.5044726500977361,True,bull,neutral,True,NEUTRAL_TO_BULL,
2019-03-07,2019-03-06,2000,1990,0,2,1,0.9978839279825252,0.41466737042648955,False,neutral,bull,True,BULL_TO_NEUTRAL,
2019-03-08,2019-03-07,2000,1990,0,1,2,0.6016301986104278,0.33366677692894686,False,neutral,neutral,False,,
2019-03-11,2019-03-08,2000,1990,1,2,1,0.9910384160780931,0.3213400203399533,False,neutral,neutral,False,,
2019-03-12,2019-03-11,2000,1990,2,1,2,0.9949696142157523,0.4179740067339624,False,neutral,neutral,False,,
2019-03-13,2019-03-12,2000,1990,2,1,2,0.9941195702367959,0.34318154042593746,False,neutral,neutral,False,,
2019-03-14,2019-03-13,2000,1990,2,1,2,0.9577690530616431,0.378697471770008,False,neutral,neutral,False,,
2019-03-15,2019-03-14,2000,1990,0,2,0,0.894493858707004,0.3224424830302069,False,neutral,neutral,False,,
2019-03-18,2019-03-15,2000,1990,2,0,2,0.8454316623026877,0.32340200266730734,False,neutral,neutral,False,,
2019-03-19,2019-03-18,2000,1990,2,1,2,0.6381286280280111,0.34203590737222833,False,neutral,neutral,False,,
2019-03-20,2019-03-19,2000,1990,2,1,2,0.43200975118864265,0.3226276716766434,False,neutral,neutral,False,,
2019-03-21,2019-03-20,2000,1990,1,2,1,0.4492563875563127,0.328775047910678,False,neutral,neutral,False,,
2019-03-22,2019-03-21,2000,1990,0,2,0,0.5929168988466195,0.43398490524029976,False,neutral,neutral,False,,
2019-03-25,2019-03-22,2000,1990,2,1,2,0.9996719549269152,0.25409927534147636,False,neutral,neutral,False,,
2019-03-26,2019-03-25,2000,1990,2,1,2,0.9044377040326127,0.3214679665643532,False,neutral,neutral,False,,
2019-03-27,2019-03-26,2000,1990,1,2,1,0.6061792387723325,0.3903650144791057,False,neutral,neutral,False,,
2019-03-28,2019-03-27,2000,1990,2,1,2,0.8641705379268392,0.3442430893536636,False,neutral,neutral,False,,
2019-03-29,2019-03-28,2000,1990,2,1,2,0.885361381609679,0.34327865389033885,False,neutral,neutral,False,,
2019-04-01,2019-03-29,2000,1990,0,2,0,0.9734995288460845,0.3746298219153017,False,neutral,neutral,False,,
2019-04-02,2019-04-01,2000,1990,1,2,1,0.9404544569795812,0.4364187872131082,False,neutral,neutral,False,,
2019-04-03,2019-04-02,2000,1990,1,2,1,0.717187031056883,0.32239719615441786,False,neutral,neutral,False,,
2019-04-04,2019-04-03,2000,1990,2,1,2,0.3921815712250047,0.3265146932307264,False,neutral,neutral,False,,
2019-04-05,2019-04-04,2000,1990,2,1,2,0.16811048071701626,0.333301782881783,False,neutral,neutral,False,,
2019-04-08,2019-04-05,2000,1990,1,1,2,0.9222638244285588,0.1986223553133437,False,neutral,neutral,False,,
2019-04-09,2019-04-08,2000,1990,2,2,0,0.893688380431269,0.17247205522315903,False,neutral,neutral,False,,
2019-04-10,2019-04-09,2000,1990,1,1,2,0.8151974955497575,0.21897133943795416,False,neutral,neutral,False,,
2019-04-11,2019-04-10,2000,1990,2,1,2,0.7062231367077166,0.34267132624968194,False,neutral,neutral,False,,
2019-04-12,2019-04-11,2000,1990,1,2,1,0.9984573208896641,0.3207273768351919,False,neutral,neutral,False,,
2019-04-15,2019-04-12,2000,1990,2,1,2,0.15915255306138856,0.38066047251609386,False,neutral,neutral,False,,
2019-04-16,2019-04-15,2000,1990,1,2,0,0.8363294650900819,0.5045533759606564,True,bull,neutral,True,NEUTRAL_TO_BULL,
2019-04-17,2019-04-16,2000,1990,0,1,2,0.910090964345462,0.5048263482990926,True,bull,bull,False,,
2019-04-18,2019-04-17,2000,1990,0,1,2,0.9863549218296126,0.49534988015129516,False,neutral,bull,True,BULL_TO_NEUTRAL,
2019-04-22,2019-04-18,2000,1990,0,1,2,0.9960560577382779,0.49707651662797736,False,neutral,neutral,False,,
2019-04-23,2019-04-22,2000,1990,0,1,2,0.993152688356667,0.505204022445002,True,bull,neutral,True,NEUTRAL_TO_BULL,
2019-04-24,2019-04-23,2000,1990,0,1,2,0.6079375763498706,0.3033746664788335,False,neutral,bull,True,BULL_TO_NEUTRAL,
2019-04-25,2019-04-24,2000,1990,0,1,2,0.7149670967775054,0.49792760642177064,False,neutral,neutral,False,,
2019-04-26,2019-04-25,2000,1990,0,2,1,0.7957071255300823,0.507266061776322,True,bull,neutral,True,NEUTRAL_TO_BULL,
2019-04-29,2019-04-26,2000,1990,0,2,1,0.7918189794839361,0.44607339396979756,False,neutral,bull,True,BULL_TO_NEUTRAL,
2019-04-30,2019-04-29,2000,1990,0,2,1,0.3686351823546786,0.5015425941764269,True,bull,neutral,True,NEUTRAL_TO_BULL,
2019-05-01,2019-04-30,2000,1990,0,2,1,0.10176517085907373,0.5089438930305166,False,neutral,bull,True,BULL_TO_NEUTRAL,
2019-05-02,2019-05-01,2000,1990,0,1,2,0.3841251508205357,0.3646072470694966,False,neutral,neutral,False,,
2019-05-03,2019-05-02,2000,1990,0,1,2,0.8270252347382292,0.5005482283090916,True,bull,neutral,True,NEUTRAL_TO_BULL,
2019-05-06,2019-05-03,2000,1990,0,1,2,0.9262658102201076,0.2700238877677375,False,neutral,bull,True,BULL_TO_NEUTRAL,
2019-05-07,2019-05-06,2000,1990,0,1,2,0.9957366245982197,0.46412414516797895,False,neutral,neutral,False,,
2019-05-08,2019-05-07,2000,1990,0,2,0,0.999421765252679,0.3213611747034372,False,neutral,neutral,False,,
2019-05-09,2019-05-08,2000,1990,2,1,2,0.8880752248053553,0.3200619754760202,False,neutral,neutral,False,,
2019-05-10,2019-05-09,2000,1990,1,2,1,0.4635976193773989,0.32817058707927693,False,neutral,neutral,False,,
2019-05-13,2019-05-10,2000,1990,2,1,2,0.4042607461686409,0.35917820452868393,False,neutral,neutral,False,,
2019-05-14,2019-05-13,2000,1990,2,2,1,0.9940177232061262,0.8871535319112669,True,bear,neutral,True,NEUTRAL_TO_BEAR,
2019-05-15,2019-05-14,2000,1990,1,1,2,0.9955965573033172,0.28723436412554404,False,neutral,bear,True,BEAR_TO_NEUTRAL,
2019-05-16,2019-05-15,2000,1990,1,1,2,0.994299270813341,0.21590650216923055,False,neutral,neutral,False,,
2019-05-17,2019-05-16,2000,1990,0,0,2,0.9879737730476906,0.2943529306740228,False,neutral,neutral,False,,
2019-05-20,2019-05-17,2000,1990,1,1,2,0.7837819443411429,0.24505525619162108,False,neutral,neutral,False,,
2019-05-21,2019-05-20,2000,1990,1,2,1,0.8930957009696228,0.35311391790511365,False,neutral,neutral,False,,
2019-05-22,2019-05-21,2000,1990,0,2,0,0.936892435718811,0.41578676367392353,False,neutral,neutral,False,,
2019-05-23,2019-05-22,2000,1990,2,0,2,0.9666011406172836,0.3247217047774919,False,neutral,neutral,False,,
2019-05-24,2019-05-23,2000,1990,1,2,1,0.9149236308911879,0.39221665416995855,False,neutral,neutral,False,,
2019-05-28,2019-05-24,2000,1990,2,1,2,0.9752159155638029,0.32774208293503626,False,neutral,neutral,False,,
2019-05-29,2019-05-28,2000,1990,2,1,2,0.9402755025782477,0.38245442362929877,False,neutral,neutral,False,,
2019-05-30,2019-05-29,2000,1990,0,2,0,0.39551910083718333,0.35565524482794253,False,neutral,neutral,False,,
2019-05-31,2019-05-30,2000,1990,0,1,0,0.1555889741678251,0.3314333702148823,False,neutral,neutral,False,,
2019-06-03,2019-05-31,2000,1990,1,1,2,0.9709599053339476,0.4992342554042755,False,neutral,neutral,False,,
2019-06-04,2019-06-03,2000,1990,1,1,2,0.9940218631732447,0.18418931925962276,False,neutral,neutral,False,,
2019-06-05,2019-06-04,2000,1990,2,2,1,0.9888646550779077,0.7902249091290007,True,bear,neutral,True,NEUTRAL_TO_BEAR,
2019-06-06,2019-06-05,2000,1990,1,1,2,0.926937405474458,0.2816354553378667,False,neutral,bear,True,BEAR_TO_NEUTRAL,
2019-06-07,2019-06-06,2000,1990,2,2,1,0.877439956424057,0.22848461234217843,False,neutral,neutral,False,,
2019-06-10,2019-06-07,2000,1990,1,1,2,0.9944145158919296,0.321611958807813,False,neutral,neutral,False,,
2019-06-11,2019-06-10,2000,1990,2,2,1,0.9997978182040781,0.198657018804416,False,neutral,neutral,False,,
2019-06-12,2019-06-11,2000,1990,2,2,1,0.9999811580239647,0.17391056271393165,False,neutral,neutral,False,,
2019-06-13,2019-06-12,2000,1990,1,1,0,0.9999901998042158,0.17971611797541973,False,neutral,neutral,False,,
2019-06-14,2019-06-13,2000,1990,1,1,2,0.9999946742355936,0.19456994269823003,False,neutral,neutral,False,,
2019-06-17,2019-06-14,2000,1990,1,1,2,0.9998512243411622,0.17723456384749173,False,neutral,neutral,False,,
2019-06-18,2019-06-17,2000,1990,1,1,2,0.7776855981025237,0.1729266764707755,False,neutral,neutral,False,,
2019-06-19,2019-06-18,2000,1990,1,1,2,0.2706619102078898,0.3395027514549606,False,neutral,neutral,False,,
2019-06-20,2019-06-19,2000,1990,1,2,1,0.9316787298333947,0.32845410722183666,False,neutral,neutral,False,,
2019-06-21,2019-06-20,2000,1990,1,2,1,0.7806063130073492,0.4219396435634737,False,neutral,neutral,False,,
2019-06-24,2019-06-21,2000,1990,2,1,2,0.7440744825992477,0.3531517849252464,False,neutral,neutral,False,,
2019-06-25,2019-06-24,2000,1990,2,1,2,0.7297363988321481,0.31741378107868196,False,neutral,neutral,False,,
2019-06-26,2019-06-25,2000,1990,1,2,1,0.8349714778342836,0.3850740910768298,False,neutral,neutral,False,,
2019-06-27,2019-06-26,2000,1990,0,2,0,0.9412032584605552,0.31785182490906,False,neutral,neutral,False,,
2019-06-28,2019-06-27,2000,1990,2,1,2,0.970486870269786,0.3385780385389509,False,neutral,neutral,False,,
2019-07-01,2019-06-28,2000,1990,2,1,2,0.9976310107494989,0.3583916396316412,False,neutral,neutral,False,,
2019-07-02,2019-07-01,2000,1990,1,2,1,0.9997957370642612,0.41663553645096774,False,neutral,neutral,False,,
2019-07-03,2019-07-02,2000,1990,2,1,2,0.9841130757751867,0.32939540027320036,False,neutral,neutral,False,,
2019-07-05,2019-07-03,2000,1990,2,0,2,0.687298892157095,0.39911555194487547,False,neutral,neutral,False,,
2019-07-08,2019-07-05,2000,1990,1,2,1,0.36842846806093166,0.31606103168179933,False,neutral,neutral,False,,
2019-07-09,2019-07-08,2000,1990,2,0,2,0.2750609228050202,0.33971628512085794,False,neutral,neutral,False,,
2019-07-10,2019-07-09,2000,1990,0,2,0,0.21000966252320719,0.318100589871871,False,neutral,neutral,False,,
2019-07-11,2019-07-10,2000,1990,2,0,2,0.3561568544885929,0.3512484754304806,False,neutral,neutral,False,,
2019-07-12,2019-07-11,2000,1990,2,1,2,0.7869983545377519,0.32300499193582805,False,neutral,neutral,False,,
2019-07-15,2019-07-12,2000,1990,1,2,1,0.9744770708583301,0.3441632699467217,False,neutral,neutral,False,,
2019-07-16,2019-07-15,2000,1990,1,2,1,0.873852978246924,0.31357097172463555,False,neutral,neutral,False,,
2019-07-17,2019-07-16,2000,1990,1,2,1,0.30827109824340365,0.3214393786596402,False,neutral,neutral,False,,
2019-07-18,2019-07-17,2000,1990,0,2,1,0.9006135019668987,0.38757838758301605,False,neutral,neutral,False,,
2019-07-19,2019-07-18,2000,1990,0,0,1,0.9084119043821922,0.46327325902191824,False,neutral,neutral,False,,
2019-07-22,2019-07-19,2000,1990,0,0,2,0.815861559041303,0.41786708275924406,False,neutral,neutral,False,,
2019-07-23,2019-07-22,2000,1990,0,1,2,0.9245078844779608,0.4846799806502102,False,neutral,neutral,False,,
2019-07-24,2019-07-23,2000,1990,0,1,2,0.9615651203393859,0.360966951213396,False,neutral,neutral,False,,
2019-07-25,2019-07-24,2000,1990,0,1,2,0.8245583327025098,0.43967389162895465,False,neutral,neutral,False,,
2019-07-26,2019-07-25,2000,1990,0,1,2,0.8066197517915001,0.4379555013711396,False,neutral,neutral,False,,
2019-07-29,2019-07-26,2000,1990,0,2,1,0.44568015419060814,0.37872341229785467,False,neutral,neutral,False,,
2019-07-30,2019-07-29,2000,1990,1,2,0,0.23414897130227738,0.4894667440935143,False,neutral,neutral,False,,
2019-07-31,2019-07-30,2000,1990,2,1,0,0.1302688495781728,0.4824259433544839,False,neutral,neutral,False,,
2019-08-01,2019-07-31,2000,1990,2,0,2,0.9838148932550178,0.38416438280233156,False,neutral,neutral,False,,
2019-08-02,2019-08-01,2000,1990,2,1,2,0.9316483834669007,0.3678187851846998,False,neutral,neutral,False,,
2019-08-05,2019-08-02,2000,1990,2,1,2,0.2791892056771857,0.3651678064609365,False,neutral,neutral,False,,
2019-08-06,2019-08-05,2000,1990,1,1,2,0.9999942976721056,0.9463669207808423,True,bear,neutral,True,NEUTRAL_TO_BEAR,
2019-08-07,2019-08-06,2000,1990,1,1,2,0.9999996362554706,0.49228774177825424,False,neutral,bear,True,BEAR_TO_NEUTRAL,
2019-08-08,2019-08-07,2000,1990,2,2,1,0.9999998352228946,0.18855211762234117,False,neutral,neutral,False,,
2019-08-09,2019-08-08,2000,1990,2,2,1,0.9999995228567096,0.7153127042947296,True,bear,neutral,True,NEUTRAL_TO_BEAR,
2019-08-12,2019-08-09,2000,1990,1,1,2,0.9999939282046785,0.27548622197903566,False,neutral,bear,True,BEAR_TO_NEUTRAL,
2019-08-13,2019-08-12,2000,1990,2,2,1,0.9999134209244557,0.45854695901613773,False,neutral,neutral,False,,
2019-08-14,2019-08-13,2000,1990,1,1,2,0.9927748761099987,0.551954164890517,True,bear,neutral,True,NEUTRAL_TO_BEAR,
2019-08-15,2019-08-14,2000,1990,1,1,2,0.98820900305332,0.9457335526395576,True,bear,bear,False,,
2019-08-16,2019-08-15,2000,1990,0,0,2,0.9760332371829067,0.19547071617253597,False,neutral,bear,True,BEAR_TO_NEUTRAL,
2019-08-19,2019-08-16,2000,1990,2,2,1,0.9306723517327573,0.5200115024237266,True,bear,neutral,True,NEUTRAL_TO_BEAR,
2019-08-20,2019-08-19,2000,1990,1,0,2,0.8638561788557881,0.4124315969849118,False,neutral,bear,True,BEAR_TO_NEUTRAL,
2019-08-21,2019-08-20,2000,1990,1,0,2,0.8320058957309701,0.29715255167730087,False,neutral,neutral,False,,
2019-08-22,2019-08-21,2000,1990,2,0,1,0.8961240955092599,0.28588385958371904,False,neutral,neutral,False,,
2019-08-23,2019-08-22,2000,1990,1,2,0,0.8079695461223186,0.1938365095267207,False,neutral,neutral,False,,
2019-08-26,2019-08-23,2000,1990,1,0,2,0.9255180878918458,0.8639620755239091,True,bull,neutral,True,NEUTRAL_TO_BULL,
2019-08-27,2019-08-26,2000,1990,2,0,1,0.9289159452572138,0.3783130314769425,False,neutral,bull,True,BULL_TO_NEUTRAL,
2019-08-28,2019-08-27,2000,1990,2,1,0,0.8590758871360776,0.22214399350684913,False,neutral,neutral,False,,
2019-08-29,2019-08-28,2000,1990,2,0,1,0.5105575953810182,0.2627444306553973,False,neutral,neutral,False,,
2019-08-30,2019-08-29,2000,1990,1,0,1,0.7338438796382188,0.42507906866791306,False,neutral,neutral,False,,
2019-09-03,2019-08-30,2000,1990,2,0,2,0.6199042863133981,0.3119933748128998,False,neutral,neutral,False,,
2019-09-04,2019-09-03,2000,1990,2,0,2,0.7244722524563008,0.34969093796924305,False,neutral,neutral,False,,
2019-09-05,2019-09-04,2000,1990,2,0,2,0.4035269462060947,0.410977408638164,False,neutral,neutral,False,,
2019-09-06,2019-09-05,2000,1990,2,0,1,0.9782117301280814,0.45839392862578565,False,neutral,neutral,False,,
2019-09-09,2019-09-06,2000,1990,2,0,1,0.9983601753242655,0.19424172517823515,False,neutral,neutral,False,,
2019-09-10,2019-09-09,2000,1990,1,2,0,0.9962810014123032,0.19327116374177775,False,neutral,neutral,False,,
2019-09-11,2019-09-10,2000,1990,2,0,1,0.9956459527333305,0.1946255381903497,False,neutral,neutral,False,,
2019-09-12,2019-09-11,2000,1990,1,0,2,0.9821209729738052,0.2652370622395991,False,neutral,neutral,False,,
2019-09-13,2019-09-12,2000,1990,1,0,2,0.952763422317946,0.2094162123359049,False,neutral,neutral,False,,
2019-09-16,2019-09-13,2000,1990,2,2,1,0.9549074886438362,0.19932404310703553,False,neutral,neutral,False,,
2019-09-17,2019-09-16,2000,1990,1,0,2,0.8464489905973859,0.21364189481179974,False,neutral,neutral,False,,
2019-09-18,2019-09-17,2000,1990,2,1,2,0.981276077474077,0.3259990992261081,False,neutral,neutral,False,,
2019-09-19,2019-09-18,2000,1990,1,0,1,0.24677375027803083,0.3154331622528324,False,neutral,neutral,False,,
2019-09-20,2019-09-19,2000,1990,0,0,2,0.8864025532693826,0.49187258482654656,False,neutral,neutral,False,,
2019-09-23,2019-09-20,2000,1990,1,1,0,0.9147736427401674,0.2798319046571119,False,neutral,neutral,False,,
2019-09-24,2019-09-23,2000,1990,0,0,2,0.9158441828939636,0.49091365691132244,False,neutral,neutral,False,,
2019-09-25,2019-09-24,2000,1990,1,0,1,0.9999990050173488,0.3687485452344369,False,neutral,neutral,False,,
2019-09-26,2019-09-25,2000,1990,0,1,0,0.9997647182539183,0.3531612605571837,False,neutral,neutral,False,,
2019-09-27,2019-09-26,2000,1990,1,0,1,0.9992593595259406,0.31610834005986627,False,neutral,neutral,False,,
2019-09-30,2019-09-27,2000,1990,1,0,1,0.9903133553047774,0.33517632609260767,False,neutral,neutral,False,,
2019-10-01,2019-09-30,2000,1990,2,0,2,0.9913891787178001,0.35323539629110834,False,neutral,neutral,False,,
2019-10-02,2019-10-01,2000,1990,1,0,1,0.9273457343482843,0.36526987516550574,False,neutral,neutral,False,,
2019-10-03,2019-10-02,2000,1990,2,0,1,0.9305112217159554,0.6860693024138059,True,bull,neutral,True,NEUTRAL_TO_BULL,
2019-10-04,2019-10-03,2000,1990,2,1,0,0.9168843080022447,0.28908429687362236,False,neutral,bull,True,BULL_TO_NEUTRAL,
2019-10-07,2019-10-04,2000,1990,2,0,1,0.8324403456960062,0.4871521956066775,False,neutral,neutral,False,,
2019-10-08,2019-10-07,2000,1990,1,0,2,0.6586531176901518,0.22936360386521726,False,neutral,neutral,False,,
2019-10-09,2019-10-08,2000,1990,1,0,2,0.9173741724418188,0.6032973821106069,True,bull,neutral,True,NEUTRAL_TO_BULL,
2019-10-10,2019-10-09,2000,1990,1,0,2,0.7695946169379286,0.32959371579824476,False,neutral,bull,True,BULL_TO_NEUTRAL,
2019-10-11,2019-10-10,2000,1990,1,0,2,0.4201625140096158,0.2567841732350081,False,neutral,neutral,False,,
2019-10-14,2019-10-11,2000,1990,1,0,1,0.4579218727396229,0.41175391406274725,False,neutral,neutral,False,,
2019-10-15,2019-10-14,2000,1990,2,0,2,0.5975511968714651,0.32707070877015043,False,neutral,neutral,False,,
2019-10-16,2019-10-15,2000,1990,2,0,1,0.926220636609146,0.34589483909894675,False,neutral,neutral,False,,
2019-10-17,2019-10-16,2000,1990,2,0,1,0.8872702688402815,0.20065570346938755,False,neutral,neutral,False,,
2019-10-18,2019-10-17,2000,1990,2,0,1,0.9237571007058835,0.20322665885050872,False,neutral,neutral,False,,
2019-10-21,2019-10-18,2000,1990,2,0,1,0.9514148940212012,0.22932110360080438,False,neutral,neutral,False,,
2019-10-22,2019-10-21,2000,1990,2,0,1,0.9762131107982929,0.2573043161966321,False,neutral,neutral,False,,
2019-10-23,2019-10-22,2000,1990,2,0,1,0.4423761985252656,0.21508428826113785,False,neutral,neutral,False,,
2019-10-24,2019-10-23,2000,1990,1,0,1,0.9918732837218519,0.3422220827627658,False,neutral,neutral,False,,
2019-10-25,2019-10-24,2000,1990,1,0,1,0.284640769937434,0.33429218070790934,False,neutral,neutral,False,,
2019-10-28,2019-10-25,2000,1990,2,0,2,0.33816477893672164,0.3525849164555537,False,neutral,neutral,False,,
2019-10-29,2019-10-28,2000,1990,2,0,2,0.4921536500320998,0.36821394286006826,False,neutral,neutral,False,,
2019-10-30,2019-10-29,2000,1990,1,0,1,0.9999738950780396,0.3266987437634465,False,neutral,neutral,False,,
2019-10-31,2019-10-30,2000,1990,1,0,1,0.9955493835349941,0.34301572761682864,False,neutral,neutral,False,,
2019-11-01,2019-10-31,2000,1990,1,0,1,0.9920927507162728,0.3274416594497714,False,neutral,neutral,False,,
2019-11-04,2019-11-01,2000,1990,2,1,2,0.9694693417832031,0.4044337334338973,False,neutral,neutral,False,,
2019-11-05,2019-11-04,2000,1990,0,2,0,0.7474306201724152,0.35136784096842505,False,neutral,neutral,False,,
2019-11-06,2019-11-05,2000,1990,1,0,1,0.8119020561653832,0.32583169212124546,False,neutral,neutral,False,,
2019-11-07,2019-11-06,2000,1990,0,1,0,0.911688870190061,0.3290602914875547,False,neutral,neutral,False,,
2019-11-08,2019-11-07,2000,1990,1,0,1,0.9705863090387978,0.347455399549432,False,neutral,neutral,False,,
2019-11-11,2019-11-08,2000,1990,2,0,2,0.9855920697998465,0.34179952971148986,False,neutral,neutral,False,,
2019-11-12,2019-11-11,2000,1990,2,1,2,0.9935366466923262,0.32853260385862215,False,neutral,neutral,False,,
2019-11-13,2019-11-12,2000,1990,1,0,1,0.9996857976180623,0.3396043307931551,False,neutral,neutral,False,,
2019-11-14,2019-11-13,2000,1990,1,0,1,0.950460065459466,0.33158948051375436,False,neutral,neutral,False,,
2019-11-15,2019-11-14,2000,1990,0,0,2,0.9943211113644373,0.4668820393646503,False,neutral,neutral,False,,
2019-11-18,2019-11-15,2000,1990,0,0,1,0.847703158348502,0.3419120730012174,False,neutral,neutral,False,,
2019-11-19,2019-11-18,2000,1990,0,0,1,0.23870016775594627,0.47020086174968767,False,neutral,neutral,False,,
2019-11-20,2019-11-19,2000,1990,1,0,1,0.8884217501441947,0.3312925994167918,False,neutral,neutral,False,,
2019-11-21,2019-11-20,2000,1990,1,1,0,0.6936776384931064,0.44712396852180847,False,neutral,neutral,False,,
2019-11-22,2019-11-21,2000,1990,1,1,2,0.8977331288469258,0.47016216758740736,False,neutral,neutral,False,,
2019-11-25,2019-11-22,2000,1990,0,0,1,0.9389463277702444,0.4593036829947582,False,neutral,neutral,False,,
2019-11-26,2019-11-25,2000,1990,0,0,1,0.8529304724088632,0.32354876044557196,False,neutral,neutral,False,,
2019-11-27,2019-11-26,2000,1990,0,0,1,0.5746008066919429,0.45858301354262915,False,neutral,neutral,False,,
2019-11-29,2019-11-27,2000,1990,0,1,0,0.9999947185144544,0.36038192544918196,False,neutral,neutral,False,,
2019-12-02,2019-11-29,2000,1990,1,0,1,0.8580206930165009,0.3304633667629413,False,neutral,neutral,False,,
2019-12-03,2019-12-02,2000,1990,2,0,2,0.881182021229063,0.3484911617446549,False,neutral,neutral,False,,
2019-12-04,2019-12-03,2000,1990,2,0,2,0.9992562837799316,0.3428767787035843,False,neutral,neutral,False,,
2019-12-05,2019-12-04,2000,1990,2,0,2,0.9990264137742496,0.3792819648367793,False,neutral,neutral,False,,
2019-12-06,2019-12-05,2000,1990,2,0,2,0.9997555279982451,0.3394930699079666,False,neutral,neutral,False,,
2019-12-09,2019-12-06,2000,1990,2,0,2,0.9997025725279808,0.40868012235109286,False,neutral,neutral,False,,
2019-12-10,2019-12-09,2000,1990,1,0,1,0.9999876678541306,0.3306404184387548,False,neutral,neutral,False,,
2019-12-11,2019-12-10,2000,1990,1,0,1,0.9999842249050278,0.33070565031018634,False,neutral,neutral,False,,
2019-12-12,2019-12-11,2000,1990,2,0,2,0.9999552573377505,0.3479629972345521,False,neutral,neutral,False,,
2019-12-13,2019-12-12,2000,1990,1,0,1,0.9898680768837496,0.40372582225228876,False,neutral,neutral,False,,
2019-12-16,2019-12-13,2000,1990,1,0,1,0.8879369131589104,0.33518300696389997,False,neutral,neutral,False,,
2019-12-17,2019-12-16,2000,1990,1,0,1,0.4123085932584531,0.38981838433697164,False,neutral,neutral,False,,
2019-12-18,2019-12-17,2000,1990,0,1,0,0.5405325382934064,0.33326559180516335,False,neutral,neutral,False,,
2019-12-19,2019-12-18,2000,1990,1,0,1,0.632088599591989,0.3336934750111725,False,neutral,neutral,False,,
2019-12-20,2019-12-19,2000,1990,0,1,0,0.6916557550978141,0.36090075197531085,False,neutral,neutral,False,,
2019-12-23,2019-12-20,2000,1990,0,1,0,0.587531818033882,0.33118692831444435,False,neutral,neutral,False,,
2019-12-24,2019-12-23,2000,1990,2,0,2,0.7323763866956953,0.34131719465751786,False,neutral,neutral,False,,
2019-12-26,2019-12-24,2000,1990,1,0,1,0.9810110340436075,0.33443679707760743,False,neutral,neutral,False,,
2019-12-27,2019-12-26,2000,1990,0,2,0,0.9999993021018757,0.3730426530273082,False,neutral,neutral,False,,
2019-12-30,2019-12-27,2000,1990,0,2,0,0.7168748565347823,0.3332263533619368,False,neutral,neutral,False,,
2019-12-31,2019-12-30,2000,1990,0,0,1,0.9820241110570586,0.41160211629217136,False,neutral,neutral,False,,
2020-01-02,2019-12-31,2000,1990,0,0,2,0.9954154161429782,0.4527505379915522,False,neutral,neutral,False,,
2020-01-03,2020-01-02,2000,1990,0,0,2,0.7748900030544855,0.26245714683448607,False,neutral,neutral,False,,
2020-01-06,2020-01-03,2000,1990,0,0,2,0.9641070124680633,0.35605627222808683,False,neutral,neutral,False,,
2020-01-07,2020-01-06,2000,1990,0,0,1,0.9501426291297859,0.43140249026049543,False,neutral,neutral,False,,
2020-01-08,2020-01-07,2000,1990,1,1,0,0.988725683322934,0.45729645466547225,False,neutral,neutral,False,,
2020-01-09,2020-01-08,2000,1990,0,0,1,0.9746435987489989,0.39848130249226715,False,neutral,neutral,False,,
2020-01-10,2020-01-09,2000,1990,0,0,2,0.47757332885233594,0.3551097457583791,False,neutral,neutral,False,,
2020-01-13,2020-01-10,2000,1990,0,0,2,0.04065470166393839,0.45840548211769255,False,neutral,neutral,False,,
2020-01-14,2020-01-13,2000,1990,0,2,0,0.9837617556838213,0.3903588474646616,False,neutral,neutral,False,,
2020-01-15,2020-01-14,2000,1990,0,2,0,0.9908583137314408,0.3301170003519654,False,neutral,neutral,False,,
2020-01-16,2020-01-15,2000,1990,2,0,2,0.9927418563108195,0.3433511906899367,False,neutral,neutral,False,,
2020-01-17,2020-01-16,2000,1990,0,2,0,0.7096822762621203,0.4064284627899049,False,neutral,neutral,False,,
2020-01-21,2020-01-17,2000,1990,2,0,2,0.4372652632579651,0.35595298000944614,False,neutral,neutral,False,,
2020-01-22,2020-01-21,2000,1990,0,1,0,0.40918655569920953,0.32693417590978974,False,neutral,neutral,False,,
2020-01-23,2020-01-22,2000,1990,1,0,1,0.795615348785326,0.33363676683625554,False,neutral,neutral,False,,
2020-01-24,2020-01-23,2000,1990,0,2,0,0.9499135820099395,0.34092332799715536,False,neutral,neutral,False,,
2020-01-27,2020-01-24,2000,1990,1,0,1,0.9868666642348763,0.3462017453536382,False,neutral,neutral,False,,
2020-01-28,2020-01-27,2000,1990,2,0,2,0.7723593955613594,0.2729687408503176,False,neutral,neutral,False,,
2020-01-29,2020-01-28,2000,1990,2,0,2,0.6995452791434725,0.41555950387116397,False,neutral,neutral,False,,
2020-01-30,2020-01-29,2000,1990,0,2,0,0.6316940531523044,0.32969198960167734,False,neutral,neutral,False,,
2020-01-31,2020-01-30,2000,1990,1,0,1,0.6080130198461098,0.3582499979726146,False,neutral,neutral,False,,
2020-02-03,2020-01-31,2000,1990,2,2,0,0.9344301709717985,0.7417094338877372,True,bear,neutral,True,NEUTRAL_TO_BEAR,
2020-02-04,2020-02-03,2000,1990,1,0,2,0.9040194890016375,0.2705413851605259,False,neutral,bear,True,BEAR_TO_NEUTRAL,
2020-02-05,2020-02-04,2000,1990,1,0,2,0.8040414879628381,0.6004121403891116,True,bull,neutral,True,NEUTRAL_TO_BULL,
2020-02-06,2020-02-05,2000,1990,2,0,1,0.9144842218947393,0.4155166758947961,False,neutral,bull,True,BULL_TO_NEUTRAL,
2020-02-07,2020-02-06,2000,1990,2,1,0,0.9768186295838777,0.2049310873145119,False,neutral,neutral,False,,
2020-02-10,2020-02-07,2000,1990,1,0,2,0.9913994826754186,0.2482407180250861,False,neutral,neutral,False,,
2020-02-11,2020-02-10,2000,1990,2,0,1,0.9957538047900524,0.2739710350140831,False,neutral,neutral,False,,
2020-02-12,2020-02-11,2000,1990,1,0,2,0.9987416839326507,0.1955150724901221,False,neutral,neutral,False,,
2020-02-13,2020-02-12,2000,1990,1,0,2,0.9996964417582818,0.2508841431451484,False,neutral,neutral,False,,
2020-02-14,2020-02-13,2000,1990,1,0,2,0.9998463525974081,0.19803442774474303,False,neutral,neutral,False,,
2020-02-18,2020-02-14,2000,1990,1,0,2,0.992503487646613,0.1960814086380745,False,neutral,neutral,False,,
2020-02-19,2020-02-18,2000,1990,2,1,0,0.9312168510696137,0.22676293652326596,False,neutral,neutral,False,,
2020-02-20,2020-02-19,2000,1990,2,0,2,0.9928507527372731,0.36587637250819316,False,neutral,neutral,False,,
2020-02-21,2020-02-20,2000,1990,0,1,0,0.9997355676163572,0.33315583228146617,False,neutral,neutral,False,,
2020-02-24,2020-02-21,2000,1990,1,0,1,0.9989561594829234,0.34600435226992343,False,neutral,neutral,False,,
2020-02-25,2020-02-24,2000,1990,2,0,1,0.9985666385637376,0.9864258875399392,True,bull,neutral,True,NEUTRAL_TO_BULL,
2020-02-26,2020-02-25,2000,1990,2,2,1,0.9999999921113262,0.9749807965202364,True,bear,bull,True,BULL_TO_BEAR,
2020-02-27,2020-02-26,2000,1990,2,2,0,0.999999999954234,0.2153635906453042,False,neutral,bear,True,BEAR_TO_NEUTRAL,
2020-02-28,2020-02-27,2000,1990,2,2,0,0.9999999999999922,0.9997768956374349,True,bear,neutral,True,NEUTRAL_TO_BEAR,
2020-03-02,2020-02-28,2000,1990,2,2,0,0.9993601119558799,0.13355956109870784,False,neutral,bear,True,BEAR_TO_NEUTRAL,
2020-03-03,2020-03-02,2000,1990,2,2,1,0.9999999999999639,0.9999999154745619,True,bear,neutral,True,NEUTRAL_TO_BEAR,
2020-03-04,2020-03-03,2000,1990,1,1,2,0.9999999999999665,0.9717604399744736,True,bear,bear,False,,
2020-03-05,2020-03-04,2000,1990,1,1,2,0.9999999999983671,0.9999998212210733,True,bear,bear,False,,
2020-03-06,2020-03-05,2000,1990,1,1,2,0.9999999998183351,0.9901402172604886,True,bear,bear,False,,
2020-03-09,2020-03-06,2000,1990,2,2,1,0.9999998860800491,0.694588312036696,True,bear,bear,False,,
2020-03-10,2020-03-09,2000,1990,2,2,1,0.9999999998350378,0.9999999996804542,True,bear,bear,False,,
2020-03-11,2020-03-10,2000,1990,1,1,2,0.9999999994485453,0.9999999999998705,True,bear,bear,False,,
2020-03-12,2020-03-11,2000,1990,1,1,2,0.999999999958995,0.9999574963352843,True,bear,bear,False,,
2020-03-13,2020-03-12,2000,1990,1,1,2,0.9999999999999958,0.9999999999992408,True,bear,bear,False,,
2020-03-16,2020-03-13,2000,1990,1,1,2,0.9999999999996583,1.0,True,bear,bear,False,,
2020-03-17,2020-03-16,2000,1990,1,1,2,0.9999999999999759,1.0,True,bear,bear,False,,
2020-03-18,2020-03-17,2000,1990,1,1,2,0.9999999999999866,1.0,True,bear,bear,False,,
2020-03-19,2020-03-18,2000,1990,1,1,2,0.9999999999999536,0.9999669933945285,True,bear,bear,False,,
2020-03-20,2020-03-19,2000,1990,1,1,2,0.9999999999996888,0.12228986291262749,False,neutral,bear,True,BEAR_TO_NEUTRAL,
2020-03-23,2020-03-20,2000,1990,1,1,2,0.9999999999983734,0.9999350081812549,True,bear,neutral,True,NEUTRAL_TO_BEAR,
2020-03-24,2020-03-23,2000,1990,1,1,2,0.9999999999997057,0.9370816572535295,True,bear,bear,False,,
2020-03-25,2020-03-24,2000,1990,2,2,1,0.9999999998757985,1.0,True,bear,bear,False,,
2020-03-26,2020-03-25,2000,1990,1,1,2,0.9999999818756614,0.4579849159881873,False,neutral,bear,True,BEAR_TO_NEUTRAL,
2020-03-27,2020-03-26,2000,1990,1,1,2,0.999999997123565,1.0,True,bear,neutral,True,NEUTRAL_TO_BEAR,
2020-03-30,2020-03-27,2000,1990,2,2,1,0.999999863566616,0.9750228874358376,True,bear,bear,False,,
2020-03-31,2020-03-30,2000,1990,2,2,1,0.9999999852757071,0.9990946316490478,True,bear,bear,False,,
2020-04-01,2020-03-31,2000,1990,1,1,2,0.9999999921199673,0.5597136389825363,True,bear,bear,False,,
2020-04-02,2020-04-01,2000,1990,2,2,1,0.9999999902484704,0.9997816606657137,True,bear,bear,False,,
2020-04-03,2020-04-02,2000,1990,1,1,2,0.9999999894557441,0.897142269053133,True,bear,bear,False,,
2020-04-06,2020-04-03,2000,1990,1,1,2,0.9999998182575967,0.537260204923726,True,bear,bear,False,,
2020-04-07,2020-04-06,2000,1990,1,1,2,0.999832643904851,1.0,True,bear,bear,False,,
2020-04-08,2020-04-07,2000,1990,1,1,0,0.9997766040597161,0.11178055903456889,False,neutral,bear,True,BEAR_TO_NEUTRAL,
2020-04-09,2020-04-08,2000,1990,1,1,2,0.9999809933220062,0.9995287531593141,True,bear,neutral,True,NEUTRAL_TO_BEAR,
2020-04-13,2020-04-09,2000,1990,2,2,1,0.999999527046247,0.46020237426644095,False,neutral,bear,True,BEAR_TO_NEUTRAL,
2020-04-14,2020-04-13,2000,1990,1,1,2,0.9999998653326017,0.27210678492750906,False,neutral,neutral,False,,
2020-04-15,2020-04-14,2000,1990,2,2,1,0.9999999934838789,0.9940005382626681,True,bear,neutral,True,NEUTRAL_TO_BEAR,
2020-04-16,2020-04-15,2000,1990,1,1,2,0.9999999963819932,0.8401334649815141,True,bear,bear,False,,
2020-04-17,2020-04-16,2000,1990,2,2,1,0.9999999539401303,0.12878338426269564,False,neutral,bear,True,BEAR_TO_NEUTRAL,
2020-04-20,2020-04-17,2000,1990,1,1,2,0.9999998257159449,0.9815751928416935,True,bear,neutral,True,NEUTRAL_TO_BEAR,
2020-04-21,2020-04-20,2000,1990,1,1,2,0.9996576954950385,0.6970388663604855,True,bear,bear,False,,
2020-04-22,2020-04-21,2000,1990,1,1,2,0.996539921510444,0.9799718669709985,True,bear,bear,False,,
2020-04-23,2020-04-22,2000,1990,1,1,2,0.8284338325372312,0.8676666068500677,True,bear,bear,False,,
2020-04-24,2020-04-23,2000,1990,1,1,2,0.672444712528607,0.11403833725382535,False,neutral,bear,True,BEAR_TO_NEUTRAL,
2020-04-27,2020-04-24,2000,1990,2,2,1,0.7394801829173989,0.39048275963759743,False,neutral,neutral,False,,
2020-04-28,2020-04-27,2000,1990,2,2,1,0.8469791925521157,0.41722825381208273,False,neutral,neutral,False,,
2020-04-29,2020-04-28,2000,1990,1,1,2,0.8939698270330251,0.15573717089536132,False,neutral,neutral,False,,
2020-04-30,2020-04-29,2000,1990,1,1,2,0.9915865125200625,0.9734481758463303,True,bear,neutral,True,NEUTRAL_TO_BEAR,
2020-05-01,2020-04-30,2000,1990,2,2,1,0.9958329763250192,0.2845148225638545,False,neutral,bear,True,BEAR_TO_NEUTRAL,
2020-05-04,2020-05-01,2000,1990,2,2,1,0.9950861381775451,0.9510481128777842,True,bear,neutral,True,NEUTRAL_TO_BEAR,
2020-05-05,2020-05-04,2000,1990,1,1,2,0.9946704015918995,0.11663386140432995,False,neutral,bear,True,BEAR_TO_NEUTRAL,
2020-05-06,2020-05-05,2000,1990,1,1,2,0.9070526351158125,0.21127884228953972,False,neutral,neutral,False,,
2020-05-07,2020-05-06,2000,1990,1,1,2,0.7619431419508311,0.2023197623645877,False,neutral,neutral,False,,
2020-05-08,2020-05-07,2000,1990,2,1,2,0.6489101230057163,0.5222486290259852,True,bull,neutral,True,NEUTRAL_TO_BULL,
2020-05-11,2020-05-08,2000,1990,1,2,1,0.4808568320281581,0.41013373909229917,False,neutral,bull,True,BULL_TO_NEUTRAL,
2020-05-12,2020-05-11,2000,1990,2,1,2,0.2809135404883657,0.3443907441618069,False,neutral,neutral,False,,
2020-05-13,2020-05-12,2000,1990,2,1,2,0.3120750267925573,0.19143382861040395,False,neutral,neutral,False,,
2020-05-14,2020-05-13,2000,1990,2,1,2,0.3137981378803276,0.2661004910829296,False,neutral,neutral,False,,
2020-05-15,2020-05-14,2000,1990,2,1,2,0.4277383269253115,0.5233850444422853,True,bull,neutral,True,NEUTRAL_TO_BULL,
2020-05-18,2020-05-15,2000,1990,1,2,1,0.5588657653700289,0.39026619629451126,False,neutral,bull,True,BULL_TO_NEUTRAL,
2020-05-19,2020-05-18,2000,1990,1,1,2,0.8109014852652733,0.9967565164926303,True,bear,neutral,True,NEUTRAL_TO_BEAR,
2020-05-20,2020-05-19,2000,1990,2,2,1,0.859673083224631,0.3244531011079422,False,neutral,bear,True,BEAR_TO_NEUTRAL,
2020-05-21,2020-05-20,2000,1990,2,2,1,0.9492651543265384,0.5820679580554212,True,bear,neutral,True,NEUTRAL_TO_BEAR,
2020-05-22,2020-05-21,2000,1990,1,1,2,0.967403748321285,0.20523992115239306,False,neutral,bear,True,BEAR_TO_NEUTRAL,
2020-05-26,2020-05-22,2000,1990,1,1,2,0.9795673576600044,0.11460388678086364,False,neutral,neutral,False,,
2020-05-27,2020-05-26,2000,1990,2,2,1,0.9944897513625508,0.3243948372567148,False,neutral,neutral,False,,
2020-05-28,2020-05-27,2000,1990,1,1,2,0.9990640978949266,0.45981607009171815,False,neutral,neutral,False,,
2020-05-29,2020-05-28,2000,1990,1,1,2,0.996597430721901,0.12432981854303413,False,neutral,neutral,False,,
2020-06-01,2020-05-29,2000,1990,1,1,2,0.990210461405027,0.12958362570457185,False,neutral,neutral,False,,
2020-06-02,2020-06-01,2000,1990,2,2,1,0.941140829216087,0.1264983536837974,False,neutral,neutral,False,,
2020-06-03,2020-06-02,2000,1990,1,1,0,0.9813831569565027,0.19173895428493948,False,neutral,neutral,False,,
2020-06-04,2020-06-03,2000,1990,1,1,2,0.9904274285884777,0.3787607027987207,False,neutral,neutral,False,,
2020-06-05,2020-06-04,2000,1990,1,1,2,0.9951248613163183,0.13282489710756049,False,neutral,neutral,False,,
2020-06-08,2020-06-05,2000,1990,1,1,2,0.9992004576825463,0.9700503305440703,True,bear,neutral,True,NEUTRAL_TO_BEAR,
2020-06-09,2020-06-08,2000,1990,1,1,2,0.9998104356709182,0.32129898895439407,False,neutral,bear,True,BEAR_TO_NEUTRAL,
2020-06-10,2020-06-09,2000,1990,1,1,2,0.9997977025261466,0.22370785232094384,False,neutral,neutral,False,,
2020-06-11,2020-06-10,2000,1990,1,1,2,0.9997421489526634,0.1770525651029283,False,neutral,neutral,False,,
2020-06-12,2020-06-11,2000,1990,2,2,1,0.9998704953618094,0.9999947244296014,True,bear,neutral,True,NEUTRAL_TO_BEAR,
2020-06-15,2020-06-12,2000,1990,1,1,2,0.9998786302099492,0.3208471006963981,False,neutral,bear,True,BEAR_TO_NEUTRAL,
2020-06-16,2020-06-15,2000,1990,1,1,2,0.9998418856146192,0.22351003636985495,False,neutral,neutral,False,,
2020-06-17,2020-06-16,2000,1990,2,2,1,0.999785665754565,0.7380267417132983,True,bear,neutral,True,NEUTRAL_TO_BEAR,
2020-06-18,2020-06-17,2000,1990,2,2,1,0.9997901853118275,0.15116692686263258,False,neutral,bear,True,BEAR_TO_NEUTRAL,
2020-06-19,2020-06-18,2000,1990,2,2,1,0.9997846549516664,0.11700774385537606,False,neutral,neutral,False,,
2020-06-22,2020-06-19,2000,1990,1,1,2,0.9996583969445939,0.32445941488861907,False,neutral,neutral,False,,
2020-06-23,2020-06-22,2000,1990,1,1,2,0.9965692999169633,0.1601772311841174,False,neutral,neutral,False,,
2020-06-24,2020-06-23,2000,1990,2,2,1,0.9683675621555621,0.13680561534499958,False,neutral,neutral,False,,
2020-06-25,2020-06-24,2000,1990,2,2,1,0.8115221691438995,0.9301509746737201,True,bear,neutral,True,NEUTRAL_TO_BEAR,
2020-06-26,2020-06-25,2000,1990,1,2,1,0.7631574074087771,0.5141087340860035,True,bull,bear,True,BEAR_TO_BULL,
2020-06-29,2020-06-26,2000,1990,2,2,1,0.7732127672595505,0.8999255283538699,True,bear,bull,True,BULL_TO_BEAR,
2020-06-30,2020-06-29,2000,1990,2,2,1,0.8413980613056038,0.4649751615891738,False,neutral,bear,True,BEAR_TO_NEUTRAL,
2020-07-01,2020-06-30,2000,1990,1,1,2,0.7192307245550673,0.36580588969884387,False,neutral,neutral,False,,
2020-07-02,2020-07-01,2000,1990,2,2,1,0.6651859895552458,0.17012263078536483,False,neutral,neutral,False,,
2020-07-06,2020-07-02,2000,1990,1,2,1,0.31919355969462176,0.41034390820771965,False,neutral,neutral,False,,
2020-07-07,2020-07-06,2000,1990,1,1,2,0.9546799887473199,0.5026654803223334,True,bear,neutral,True,NEUTRAL_TO_BEAR,
2020-07-08,2020-07-07,2000,1990,2,2,1,0.9723010134773158,0.34246869301743266,False,neutral,bear,True,BEAR_TO_NEUTRAL,
2020-07-09,2020-07-08,2000,1990,1,1,2,0.9885573980736703,0.1802196458152773,False,neutral,neutral,False,,
2020-07-10,2020-07-09,2000,1990,1,1,2,0.9846125982695441,0.18516402544249058,False,neutral,neutral,False,,
2020-07-13,2020-07-10,2000,1990,2,2,1,0.9919642583051012,0.25249632780186465,False,neutral,neutral,False,,
2020-07-14,2020-07-13,2000,1990,1,1,2,0.794009229221998,0.2753590130211572,False,neutral,neutral,False,,
2020-07-15,2020-07-14,2000,1990,2,1,2,0.7228666686866783,0.5155683711495148,True,bull,neutral,True,NEUTRAL_TO_BULL,
2020-07-16,2020-07-15,2000,1990,2,1,2,0.7088296413234232,0.4950046940052554,False,neutral,bull,True,BULL_TO_NEUTRAL,
2020-07-17,2020-07-16,2000,1990,1,2,1,0.8479418804188413,0.3413082751374098,False,neutral,neutral,False,,
2020-07-20,2020-07-17,2000,1990,2,1,2,0.8983774109334991,0.36382044942310704,False,neutral,neutral,False,,
2020-07-21,2020-07-20,2000,1990,1,2,1,0.47652330473014326,0.4717074923183241,False,neutral,neutral,False,,
2020-07-22,2020-07-21,2000,1990,1,2,1,0.3977087102031247,0.3565538463506848,False,neutral,neutral,False,,
2020-07-23,2020-07-22,2000,1990,2,1,2,0.1934759189259694,0.41433215570663173,False,neutral,neutral,False,,
2020-07-24,2020-07-23,2000,1990,2,1,2,0.5057638438100343,0.3969316653677852,False,neutral,neutral,False,,
2020-07-27,2020-07-24,2000,1990,2,1,2,0.6821278693760732,0.37021791796407627,False,neutral,neutral,False,,
2020-07-28,2020-07-27,2000,1990,1,2,1,1.0,0.452179636805429,False,neutral,neutral,False,,
2020-07-29,2020-07-28,2000,1990,1,2,1,1.0,0.3678470283961673,False,neutral,neutral,False,,
2020-07-30,2020-07-29,2000,1990,2,1,2,1.0,0.5195569554620705,True,bull,neutral,True,NEUTRAL_TO_BULL,
2020-07-31,2020-07-30,2000,1990,1,2,1,1.0,0.3430528353123304,False,neutral,bull,True,BULL_TO_NEUTRAL,
2020-08-03,2020-07-31,2000,1990,2,1,2,1.0,0.4649079784683561,False,neutral,neutral,False,,
2020-08-04,2020-08-03,2000,1990,1,2,1,1.0,0.4426999236448914,False,neutral,neutral,False,,
2020-08-05,2020-08-04,2000,1990,1,2,1,0.8623504299945662,0.37844362472675747,False,neutral,neutral,False,,
2020-08-06,2020-08-05,2000,1990,2,1,2,0.3875281594295149,0.42490754970939876,False,neutral,neutral,False,,
2020-08-07,2020-08-06,2000,1990,2,1,2,0.09562072216686311,0.43745803092286323,False,neutral,neutral,False,,
2020-08-10,2020-08-07,2000,1990,1,1,2,0.9295161079118075,0.11836318152212934,False,neutral,neutral,False,,
2020-08-11,2020-08-10,2000,1990,1,1,2,0.9554807099676148,0.1231069640859586,False,neutral,neutral,False,,
2020-08-12,2020-08-11,2000,1990,2,2,1,0.7864420497581738,0.2618438741535406,False,neutral,neutral,False,,
2020-08-13,2020-08-12,2000,1990,0,0,2,0.8199984232740003,0.42566391760127326,False,neutral,neutral,False,,
2020-08-14,2020-08-13,2000,1990,2,1,2,0.5411534163321146,0.33589181946034086,False,neutral,neutral,False,,
2020-08-17,2020-08-14,2000,1990,0,2,0,0.9299967356645481,0.33436026017081283,False,neutral,neutral,False,,
2020-08-18,2020-08-17,2000,1990,2,1,2,1.0,0.36653331679758094,False,neutral,neutral,False,,
2020-08-19,2020-08-18,2000,1990,2,1,2,1.0,0.35716365085593677,False,neutral,neutral,False,,
2020-08-20,2020-08-19,2000,1990,1,2,1,0.86536591738166,0.34844082512479835,False,neutral,neutral,False,,
2020-08-21,2020-08-20,2000,1990,1,2,1,0.7922141603953761,0.36546328564894465,False,neutral,neutral,False,,
2020-08-24,2020-08-21,2000,1990,1,2,1,0.9271025267311885,0.37158518020003545,False,neutral,neutral,False,,
2020-08-25,2020-08-24,2000,1990,0,2,0,1.0,0.5104162669425263,True,bull,neutral,True,NEUTRAL_TO_BULL,
2020-08-26,2020-08-25,2000,1990,2,1,2,1.0,0.37061839629085425,False,neutral,bull,True,BULL_TO_NEUTRAL,
2020-08-27,2020-08-26,2000,1990,2,1,2,0.48247356166633104,0.5121617768009653,True,bull,neutral,True,NEUTRAL_TO_BULL,
2020-08-28,2020-08-27,2000,1990,2,1,2,0.16528552675991845,0.3536085831307757,False,neutral,bull,True,BULL_TO_NEUTRAL,
2020-08-31,2020-08-28,2000,1990,1,1,2,0.9529713942766068,0.1620694536034521,False,neutral,neutral,False,,
2020-09-01,2020-08-31,2000,1990,1,1,2,0.9643243552486178,0.15130342907281147,False,neutral,neutral,False,,
2020-09-02,2020-09-01,2000,1990,2,2,1,0.9834984555666062,0.2291155326973587,False,neutral,neutral,False,,
2020-09-03,2020-09-02,2000,1990,2,2,1,0.9946807721120183,0.45692770129281157,False,neutral,neutral,False,,
2020-09-04,2020-09-03,2000,1990,2,2,1,0.9735136164622158,0.9893842196706434,True,bear,neutral,True,NEUTRAL_TO_BEAR,
2020-09-08,2020-09-04,2000,1990,1,1,2,0.9299720534051696,0.26085817296625613,False,neutral,bear,True,BEAR_TO_NEUTRAL,
2020-09-09,2020-09-08,2000,1990,2,2,1,0.9982538409766804,0.9478911187955097,True,bear,neutral,True,NEUTRAL_TO_BEAR,
2020-09-10,2020-09-09,2000,1990,1,1,2,0.9991278800895006,0.7908664112703497,True,bear,bear,False,,
2020-09-11,2020-09-10,2000,1990,2,2,1,0.9998868446993596,0.7010286705649195,True,bear,bear,False,,
2020-09-14,2020-09-11,2000,1990,2,2,1,0.9999656203908056,0.12092689992692993,False,neutral,bear,True,BEAR_TO_NEUTRAL,
2020-09-15,2020-09-14,2000,1990,2,2,1,0.9999516108166183,0.38487078386745016,False,neutral,neutral,False,,
2020-09-16,2020-09-15,2000,1990,2,2,0,0.9999158008227782,0.1407889873467922,False,neutral,neutral,False,,
2020-09-17,2020-09-16,2000,1990,1,1,2,0.9995305968765948,0.1579354560614783,False,neutral,neutral,False,,
2020-09-18,2020-09-17,2000,1990,1,1,2,0.7167980140397899,0.28787460091328915,False,neutral,neutral,False,,
2020-09-21,2020-09-18,2000,1990,1,1,2,0.5931250167574372,0.6187747707670256,True,bear,neutral,True,NEUTRAL_TO_BEAR,
2020-09-22,2020-09-21,2000,1990,2,2,1,0.8338688469471993,0.39541084680783356,False,neutral,bear,True,BEAR_TO_NEUTRAL,
2020-09-23,2020-09-22,2000,1990,1,1,2,0.8963573100595807,0.2548082128803866,False,neutral,neutral,False,,
2020-09-24,2020-09-23,2000,1990,2,2,1,0.9881380416277781,0.8869671275410329,True,bear,neutral,True,NEUTRAL_TO_BEAR,
2020-09-25,2020-09-24,2000,1990,1,1,2,0.9975919824560617,0.1246374722280398,False,neutral,bear,True,BEAR_TO_NEUTRAL,
2020-09-28,2020-09-25,2000,1990,1,1,2,0.9979014100451769,0.558241151965934,True,bear,neutral,True,NEUTRAL_TO_BEAR,
2020-09-29,2020-09-28,2000,1990,2,2,1,0.9950846645362311,0.5835480173328274,True,bear,bear,False,,
2020-09-30,2020-09-29,2000,1990,1,1,2,0.9722777790800893,0.18288902917488079,False,neutral,bear,True,BEAR_TO_NEUTRAL,
2020-10-01,2020-09-30,2000,1990,2,2,1,0.9086357089523708,0.18670665332337152,False,neutral,neutral,False,,
2020-10-02,2020-10-01,2000,1990,2,2,1,0.9369513369320266,0.1631811709401611,False,neutral,neutral,False,,
2020-10-05,2020-10-02,2000,1990,2,2,1,0.9531006612131312,0.32211843717874955,False,neutral,neutral,False,,
2020-10-06,2020-10-05,2000,1990,0,0,2,0.9829916459090179,0.6608095350231257,True,bear,neutral,True,NEUTRAL_TO_BEAR,
2020-10-07,2020-10-06,2000,1990,1,1,2,0.9848370675581005,0.5704281010365234,True,bear,bear,False,,
2020-10-08,2020-10-07,2000,1990,2,2,1,0.9600391546849066,0.6491560122437259,True,bear,bear,False,,
2020-10-09,2020-10-08,2000,1990,1,1,2,0.8640219607015116,0.21904012555015778,False,neutral,bear,True,BEAR_TO_NEUTRAL,
2020-10-12,2020-10-09,2000,1990,1,1,2,0.9324653763822455,0.22158122541659317,False,neutral,neutral,False,,
2020-10-13,2020-10-12,2000,1990,2,2,1,0.996715590004937,0.5602104849149008,True,bear,neutral,True,NEUTRAL_TO_BEAR,
2020-10-14,2020-10-13,2000,1990,1,1,2,0.9977305700310765,0.21369664971258864,False,neutral,bear,True,BEAR_TO_NEUTRAL,
2020-10-15,2020-10-14,2000,1990,2,2,1,0.997026191590868,0.20630806046073294,False,neutral,neutral,False,,
2020-10-16,2020-10-15,2000,1990,2,2,1,0.9959136951992703,0.12974493630797762,False,neutral,neutral,False,,
2020-10-19,2020-10-16,2000,1990,1,1,2,0.9745699074669244,0.12687267280687572,False,neutral,neutral,False,,
2020-10-20,2020-10-19,2000,1990,2,2,1,0.9624757826904456,0.6176580875070379,True,bear,neutral,True,NEUTRAL_TO_BEAR,
2020-10-21,2020-10-20,2000,1990,2,2,1,0.5347633969981895,0.13602797619795212,False,neutral,bear,True,BEAR_TO_NEUTRAL,
2020-10-22,2020-10-21,2000,1990,2,1,2,0.6729299649501338,0.3265943044415575,False,neutral,neutral,False,,
2020-10-23,2020-10-22,2000,1990,1,2,1,0.7188558985044925,0.40739780411670223,False,neutral,neutral,False,,
2020-10-26,2020-10-23,2000,1990,1,2,1,0.7234504066960915,0.36479628778362183,False,neutral,neutral,False,,
2020-10-27,2020-10-26,2000,1990,2,0,2,0.7729543115249318,0.23482404268352222,False,neutral,neutral,False,,
2020-10-28,2020-10-27,2000,1990,1,2,1,0.6880821683846711,0.3393214560306024,False,neutral,neutral,False,,
2020-10-29,2020-10-28,2000,1990,1,1,2,0.9940126825485951,0.9900474257685208,True,bear,neutral,True,NEUTRAL_TO_BEAR,
2020-10-30,2020-10-29,2000,1990,1,1,2,0.998159015897758,0.25856294444158134,False,neutral,bear,True,BEAR_TO_NEUTRAL,
2020-11-02,2020-10-30,2000,1990,2,2,1,0.999378247406955,0.3663011173218298,False,neutral,neutral,False,,
2020-11-03,2020-11-02,2000,1990,1,1,2,0.9995646540075191,0.30073809611630836,False,neutral,neutral,False,,
2020-11-04,2020-11-03,2000,1990,1,1,2,0.9992382374090312,0.660207637136861,True,bear,neutral,True,NEUTRAL_TO_BEAR,
2020-11-05,2020-11-04,2000,1990,1,1,2,0.9993780553812952,0.9152501426700118,True,bear,bear,False,,
2020-11-06,2020-11-05,2000,1990,2,2,0,0.9998571326821099,0.7810071596122281,True,bear,bear,False,,
2020-11-09,2020-11-06,2000,1990,2,2,1,0.9999467155210966,0.12726050606326786,False,neutral,bear,True,BEAR_TO_NEUTRAL,
2020-11-10,2020-11-09,2000,1990,2,2,0,0.9999954061062383,0.3588775317316099,False,neutral,neutral,False,,
2020-11-11,2020-11-10,2000,1990,1,1,2,0.9999989835589487,0.13283780293984876,False,neutral,neutral,False,,
2020-11-12,2020-11-11,2000,1990,1,1,2,0.9999989448623464,0.1851724441718073,False,neutral,neutral,False,,
2020-11-13,2020-11-12,2000,1990,2,2,1,0.9999974443406425,0.3318846637021052,False,neutral,neutral,False,,
2020-11-16,2020-11-13,2000,1990,1,1,2,0.9999725552768731,0.43348841351024353,False,neutral,neutral,False,,
2020-11-17,2020-11-16,2000,1990,1,1,2,0.9995857769816863,0.3603488646075506,False,neutral,neutral,False,,
2020-11-18,2020-11-17,2000,1990,1,1,2,0.9843485109814566,0.19251808155071784,False,neutral,neutral,False,,
2020-11-19,2020-11-18,2000,1990,1,1,2,0.7305822063849666,0.45331602338386273,False,neutral,neutral,False,,
2020-11-20,2020-11-19,2000,1990,2,1,2,0.5298248788008367,0.3843813508822012,False,neutral,neutral,False,,
2020-11-23,2020-11-20,2000,1990,2,1,2,0.9524258398759103,0.36749029546875683,False,neutral,neutral,False,,
2020-11-24,2020-11-23,2000,1990,2,1,2,0.9848001927457356,0.4219984113825483,False,neutral,neutral,False,,
2020-11-25,2020-11-24,2000,1990,2,1,2,0.8536530966874506,0.40436422533311867,False,neutral,neutral,False,,
2020-11-27,2020-11-25,2000,1990,2,1,2,0.6893483131137327,0.3313175441916808,False,neutral,neutral,False,,
2020-11-30,2020-11-27,2000,1990,2,1,2,0.8736496178763985,0.35679041954378665,False,neutral,neutral,False,,
2020-12-01,2020-11-30,2000,1990,2,1,2,0.8659970237031935,0.33752350753526034,False,neutral,neutral,False,,
2020-12-02,2020-12-01,2000,1990,2,1,2,0.5651208293714616,0.5167745970513481,True,bull,neutral,True,NEUTRAL_TO_BULL,
2020-12-03,2020-12-02,2000,1990,2,1,2,0.27160002735441097,0.34616135587778746,False,neutral,bull,True,BULL_TO_NEUTRAL,
2020-12-04,2020-12-03,2000,1990,2,1,2,0.2986010356350116,0.3268609927261545,False,neutral,neutral,False,,
2020-12-07,2020-12-04,2000,1990,1,2,1,0.18868588635871208,0.4711384487860548,False,neutral,neutral,False,,
2020-12-08,2020-12-07,2000,1990,2,1,2,0.5216564649791513,0.332027464251824,False,neutral,neutral,False,,
2020-12-09,2020-12-08,2000,1990,2,1,2,0.9289237323998385,0.3557827349292639,False,neutral,neutral,False,,
2020-12-10,2020-12-09,2000,1990,2,1,2,0.9877358653198764,0.39051217405502053,False,neutral,neutral,False,,
2020-12-11,2020-12-10,2000,1990,2,1,2,1.0,0.3289798022847591,False,neutral,neutral,False,,
2020-12-14,2020-12-11,2000,1990,2,1,2,1.0,0.32985247352694214,False,neutral,neutral,False,,
2020-12-15,2020-12-14,2000,1990,2,1,2,0.5983826606307718,0.34884519368545036,False,neutral,neutral,False,,
2020-12-16,2020-12-15,2000,1990,2,1,2,0.7430402322116754,0.4889289949901112,False,neutral,neutral,False,,
2020-12-17,2020-12-16,2000,1990,2,1,2,0.9490664876634202,0.34075493152357117,False,neutral,neutral,False,,
2020-12-18,2020-12-17,2000,1990,2,1,2,1.0,0.4039403425293295,False,neutral,neutral,False,,
2020-12-21,2020-12-18,2000,1990,2,1,2,1.0,0.3836139712298992,False,neutral,neutral,False,,
2020-12-22,2020-12-21,2000,1990,0,2,0,1.0,0.3446712346335629,False,neutral,neutral,False,,
2020-12-23,2020-12-22,2000,1990,2,1,2,1.0,0.33557356936445293,False,neutral,neutral,False,,
2020-12-24,2020-12-23,2000,1990,2,1,2,1.0,0.34103414708583596,False,neutral,neutral,False,,
2020-12-28,2020-12-24,2000,1990,2,1,2,1.0,0.37286513281838934,False,neutral,neutral,False,,
2020-12-29,2020-12-28,2000,1990,2,1,2,1.0,0.4755553459529165,False,neutral,neutral,False,,
2020-12-30,2020-12-29,2000,1990,2,1,2,0.6967697562292228,0.33647973133904746,False,neutral,neutral,False,,
2020-12-31,2020-12-30,2000,1990,2,1,2,0.9453136245171749,0.34411624861550394,False,neutral,neutral,False,,
2021-01-04,2020-12-31,2000,1990,2,1,2,1.0,0.3941478419683723,False,neutral,neutral,False,,
2021-01-05,2021-01-04,2000,1990,2,1,2,1.0,0.3595570110978602,False,neutral,neutral,False,,
2021-01-06,2021-01-05,2000,1990,0,2,0,1.0,0.43251696151269936,False,neutral,neutral,False,,
2021-01-07,2021-01-06,2000,1990,2,1,2,1.0,0.4122174811300263,False,neutral,neutral,False,,
2021-01-08,2021-01-07,2000,1990,2,1,2,0.8151047822034583,0.4560888941282696,False,neutral,neutral,False,,
2021-01-11,2021-01-08,2000,1990,2,1,2,0.32745452838632416,0.40747472550999614,False,neutral,neutral,False,,
2021-01-12,2021-01-11,2000,1990,2,1,2,0.2478656412827909,0.3325341289735161,False,neutral,neutral,False,,
2021-01-13,2021-01-12,2000,1990,2,1,2,0.25501200076496455,0.33776284703187326,False,neutral,neutral,False,,
2021-01-14,2021-01-13,2000,1990,2,1,2,0.22722142371819265,0.35586885398433366,False,neutral,neutral,False,,
2021-01-15,2021-01-14,2000,1990,2,1,2,0.32402585744340134,0.3366210532034118,False,neutral,neutral,False,,
2021-01-19,2021-01-15,2000,1990,2,1,2,0.37083656349673116,0.37467498515151726,False,neutral,neutral,False,,
2021-01-20,2021-01-19,2000,1990,2,1,2,0.9471190243765569,0.45678217422003786,False,neutral,neutral,False,,
2021-01-21,2021-01-20,2000,1990,2,1,2,0.9948998519492696,0.5003219053176948,True,bull,neutral,True,NEUTRAL_TO_BULL,
2021-01-22,2021-01-21,2000,1990,2,0,2,0.9999998241308411,0.3337364847816348,False,neutral,bull,True,BULL_TO_NEUTRAL,
2021-01-25,2021-01-22,2000,1990,2,1,2,0.9974278072692792,0.33555414474240775,False,neutral,neutral,False,,
2021-01-26,2021-01-25,2000,1990,2,1,2,0.9488472280675593,0.3706482226061948,False,neutral,neutral,False,,
2021-01-27,2021-01-26,2000,1990,2,1,2,0.9256076185176071,0.3276199678243769,False,neutral,neutral,False,,
2021-01-28,2021-01-27,2000,1990,1,2,1,0.6001937210816578,0.1095420471796856,False,neutral,neutral,False,,
2021-01-29,2021-01-28,2000,1990,2,1,2,0.5243533437099238,0.48897326273526504,False,neutral,neutral,False,,
2021-02-01,2021-01-29,2000,1990,1,1,2,0.9410754561475687,0.7822900578191399,True,bear,neutral,True,NEUTRAL_TO_BEAR,
2021-02-02,2021-02-01,2000,1990,1,1,2,0.9355875539699178,0.5754132182208239,True,bear,bear,False,,
2021-02-03,2021-02-02,2000,1990,1,1,2,0.9389077952655109,0.43528610438311904,False,neutral,bear,True,BEAR_TO_NEUTRAL,
2021-02-04,2021-02-03,2000,1990,1,1,2,0.9234362879898884,0.12598368108541688,False,neutral,neutral,False,,
2021-02-05,2021-02-04,2000,1990,1,1,2,0.9512311103651977,0.309706932038873,False,neutral,neutral,False,,
2021-02-08,2021-02-05,2000,1990,1,1,2,0.9823254168279644,0.13692162115179826,False,neutral,neutral,False,,
2021-02-09,2021-02-08,2000,1990,1,1,2,0.9957548696825761,0.18190676365080355,False,neutral,neutral,False,,
2021-02-10,2021-02-09,2000,1990,1,1,2,0.998685847513624,0.13092159591039754,False,neutral,neutral,False,,
2021-02-11,2021-02-10,2000,1990,1,1,2,0.9985773753471814,0.13078306374500548,False,neutral,neutral,False,,
2021-02-12,2021-02-11,2000,1990,2,2,1,0.9987372360081932,0.1273622200295197,False,neutral,neutral,False,,
2021-02-16,2021-02-12,2000,1990,1,1,2,0.9650143605265091,0.14737252775803744,False,neutral,neutral,False,,
2021-02-17,2021-02-16,2000,1990,1,1,2,0.6307740359076798,0.13280265910559844,False,neutral,neutral,False,,
2021-02-18,2021-02-17,2000,1990,1,2,1,0.7886525346668626,0.33495708414856956,False,neutral,neutral,False,,
2021-02-19,2021-02-18,2000,1990,2,1,2,0.9538549857999169,0.34630113632349085,False,neutral,neutral,False,,
2021-02-22,2021-02-19,2000,1990,2,1,2,0.07774300170940573,0.33354367706444993,False,neutral,neutral,False,,
2021-02-23,2021-02-22,2000,1990,0,1,2,0.8023311750007752,0.36488943879164015,False,neutral,neutral,False,,
2021-02-24,2021-02-23,2000,1990,0,1,2,0.4318543427600766,0.537646521774783,True,bull,neutral,True,NEUTRAL_TO_BULL,
2021-02-25,2021-02-24,2000,1990,0,1,2,0.3425487873105343,0.19689318812313353,False,neutral,bull,True,BULL_TO_NEUTRAL,
2021-02-26,2021-02-25,2000,1990,2,1,2,0.8524600342254208,0.10644283701537866,False,neutral,neutral,False,,
2021-03-01,2021-02-26,2000,1990,2,1,2,0.22979709511809926,0.3501737743249767,False,neutral,neutral,False,,
2021-03-02,2021-03-01,2000,1990,2,1,2,0.32995002840085813,0.04947357587483339,False,neutral,neutral,False,,
2021-03-03,2021-03-02,2000,1990,2,1,2,0.45314195097358295,0.3812184181185094,False,neutral,neutral,False,,
2021-03-04,2021-03-03,2000,1990,2,1,2,0.3895555128447306,0.3899522093441397,False,neutral,neutral,False,,
2021-03-05,2021-03-04,2000,1990,1,1,2,0.9107333792693255,0.45297711101195387,False,neutral,neutral,False,,
2021-03-08,2021-03-05,2000,1990,1,1,2,0.84806150491117,0.6838414658941215,True,bear,neutral,True,NEUTRAL_TO_BEAR,
2021-03-09,2021-03-08,2000,1990,1,1,2,0.8501622042497401,0.1824480432924112,False,neutral,bear,True,BEAR_TO_NEUTRAL,
2021-03-10,2021-03-09,2000,1990,1,1,2,0.8448341885231009,0.44097817520002436,False,neutral,neutral,False,,
2021-03-11,2021-03-10,2000,1990,2,2,1,0.6977974288806477,0.16566984506087096,False,neutral,neutral,False,,
2021-03-12,2021-03-11,2000,1990,1,1,2,0.9478970049719022,0.26094275780614357,False,neutral,neutral,False,,
2021-03-15,2021-03-12,2000,1990,1,1,2,0.9790231766208509,0.1281215881143022,False,neutral,neutral,False,,
2021-03-16,2021-03-15,2000,1990,1,1,2,0.9956779447640305,0.16406775078976826,False,neutral,neutral,False,,
2021-03-17,2021-03-16,2000,1990,1,1,2,0.9986843268355904,0.13576022487225844,False,neutral,neutral,False,,
2021-03-18,2021-03-17,2000,1990,2,2,1,0.9989178840759948,0.13727682815943737,False,neutral,neutral,False,,
2021-03-19,2021-03-18,2000,1990,1,1,2,0.9735108899332572,0.579192855404911,True,bear,neutral,True,NEUTRAL_TO_BEAR,
2021-03-22,2021-03-19,2000,1990,1,1,2,0.9158687537777167,0.18643591840801155,False,neutral,bear,True,BEAR_TO_NEUTRAL,
2021-03-23,2021-03-22,2000,1990,1,2,1,0.7929694094887484,0.4597252609965615,False,neutral,neutral,False,,
2021-03-24,2021-03-23,2000,1990,2,1,2,0.9640410272632163,0.3837279895635529,False,neutral,neutral,False,,
2021-03-25,2021-03-24,2000,1990,2,1,2,0.8257740005383837,0.35181477207595424,False,neutral,neutral,False,,
2021-03-26,2021-03-25,2000,1990,2,1,2,0.7339179053723537,0.4045602222085564,False,neutral,neutral,False,,
2021-03-29,2021-03-26,2000,1990,1,2,1,0.6286696241963455,0.3911323732088082,False,neutral,neutral,False,,
2021-03-30,2021-03-29,2000,1990,1,2,1,0.6773092178553682,0.32786363050133044,False,neutral,neutral,False,,
2021-03-31,2021-03-30,2000,1990,2,1,2,0.7500498112467135,0.3299780394706354,False,neutral,neutral,False,,
2021-04-01,2021-03-31,2000,1990,1,2,1,0.8357154858842896,0.3719718684916611,False,neutral,neutral,False,,
2021-04-05,2021-04-01,2000,1990,1,2,1,0.29388018811765937,0.509911528869839,False,neutral,neutral,False,,
2021-04-06,2021-04-05,2000,1990,1,1,2,0.9807676753500674,0.4703197310264008,False,neutral,neutral,False,,
2021-04-07,2021-04-06,2000,1990,1,1,2,0.9965451643032014,0.13167579344429617,False,neutral,neutral,False,,
2021-04-08,2021-04-07,2000,1990,2,2,1,0.9976590236947451,0.12823224334458244,False,neutral,neutral,False,,
2021-04-09,2021-04-08,2000,1990,1,1,2,0.9956414184074983,0.1494197797733175,False,neutral,neutral,False,,
2021-04-12,2021-04-09,2000,1990,2,2,1,0.9934604320328901,0.1929574902378372,False,neutral,neutral,False,,
2021-04-13,2021-04-12,2000,1990,1,1,2,0.9954770732567877,0.1289293947379003,False,neutral,neutral,False,,
2021-04-14,2021-04-13,2000,1990,1,1,2,0.994746237660957,0.1351636519370979,False,neutral,neutral,False,,
2021-04-15,2021-04-14,2000,1990,1,1,2,0.965596235113907,0.1579644700759367,False,neutral,neutral,False,,
2021-04-16,2021-04-15,2000,1990,1,1,2,0.8136332748814595,0.30328922525771906,False,neutral,neutral,False,,
2021-04-19,2021-04-16,2000,1990,2,2,0,0.6032370032476112,0.13859657897694272,False,neutral,neutral,False,,
2021-04-20,2021-04-19,2000,1990,1,2,1,0.4851745046044167,0.34842572113817516,False,neutral,neutral,False,,
2021-04-21,2021-04-20,2000,1990,2,1,2,0.8416707177367294,0.3771411804545702,False,neutral,neutral,False,,
2021-04-22,2021-04-21,2000,1990,2,1,2,0.9984717677671726,0.4930534432944811,False,neutral,neutral,False,,
2021-04-23,2021-04-22,2000,1990,2,1,2,1.0,0.39315716471221457,False,neutral,neutral,False,,
2021-04-26,2021-04-23,2000,1990,1,2,1,1.0,0.5084604006402732,True,bull,neutral,True,NEUTRAL_TO_BULL,
2021-04-27,2021-04-26,2000,1990,1,2,1,1.0,0.34451129325672936,False,neutral,bull,True,BULL_TO_NEUTRAL,
2021-04-28,2021-04-27,2000,1990,2,1,2,1.0,0.32583219579142403,False,neutral,neutral,False,,
2021-04-29,2021-04-28,2000,1990,1,2,1,0.9955033919355233,0.32782094604839396,False,neutral,neutral,False,,
2021-04-30,2021-04-29,2000,1990,2,1,2,1.0,0.4256187143228924,False,neutral,neutral,False,,
2021-05-03,2021-04-30,2000,1990,2,1,2,1.0,0.36926431169351,False,neutral,neutral,False,,
2021-05-04,2021-05-03,2000,1990,1,2,1,1.0,0.3440524470147483,False,neutral,neutral,False,,
2021-05-05,2021-05-04,2000,1990,1,2,1,0.9831996619588977,0.3641237489212366,False,neutral,neutral,False,,
2021-05-06,2021-05-05,2000,1990,2,1,2,0.9918389768345883,0.32773606728683624,False,neutral,neutral,False,,
2021-05-07,2021-05-06,2000,1990,1,2,1,0.04769450926411555,0.46576259140686344,False,neutral,neutral,False,,
2021-05-10,2021-05-07,2000,1990,2,1,2,0.9235518556962541,0.4464045778140375,False,neutral,neutral,False,,
2021-05-11,2021-05-10,2000,1990,1,2,1,0.9159664334415941,0.40116019283907955,False,neutral,neutral,False,,
2021-05-12,2021-05-11,2000,1990,2,1,2,1.0,0.39862069333626143,False,neutral,neutral,False,,
2021-05-13,2021-05-12,2000,1990,1,1,2,0.8626983299946328,0.8417880413417901,True,bear,neutral,True,NEUTRAL_TO_BEAR,
2021-05-14,2021-05-13,2000,1990,1,1,2,0.9079788723594885,0.3675877168943744,False,neutral,bear,True,BEAR_TO_NEUTRAL,
2021-05-17,2021-05-14,2000,1990,1,1,2,0.9052285440948016,0.5511427705716957,True,bear,neutral,True,NEUTRAL_TO_BEAR,
2021-05-18,2021-05-17,2000,1990,1,1,2,0.8877954682381426,0.1457097675007225,False,neutral,bear,True,BEAR_TO_NEUTRAL,
2021-05-19,2021-05-18,2000,1990,1,1,2,0.9090709476551446,0.2983104268847999,False,neutral,neutral,False,,
2021-05-20,2021-05-19,2000,1990,1,1,2,0.9304289114582271,0.1471731919757295,False,neutral,neutral,False,,
2021-05-21,2021-05-20,2000,1990,1,1,2,0.8878402281811755,0.31285881785675146,False,neutral,neutral,False,,
2021-05-24,2021-05-21,2000,1990,1,0,2,0.7956906311464098,0.11104076864276587,False,neutral,neutral,False,,
2021-05-25,2021-05-24,2000,1990,2,1,2,0.4044159047653674,0.5062207611134152,True,bull,neutral,True,NEUTRAL_TO_BULL,
2021-05-26,2021-05-25,2000,1990,1,2,1,0.265426002133615,0.3273826079782067,False,neutral,bull,True,BULL_TO_NEUTRAL,
2021-05-27,2021-05-26,2000,1990,2,1,2,0.8306748423730901,0.34059750712498116,False,neutral,neutral,False,,
2021-05-28,2021-05-27,2000,1990,1,2,1,0.955633065430653,0.32876282553370617,False,neutral,neutral,False,,
2021-06-01,2021-05-28,2000,1990,2,1,2,0.8430686314099477,0.33918847377603173,False,neutral,neutral,False,,
2021-06-02,2021-06-01,2000,1990,2,1,2,0.7649000447800751,0.3244127066000091,False,neutral,neutral,False,,
2021-06-03,2021-06-02,2000,1990,1,2,1,0.9367449628683585,0.33654067304808616,False,neutral,neutral,False,,
2021-06-04,2021-06-03,2000,1990,2,1,2,0.7775851910528567,0.3332441977533992,False,neutral,neutral,False,,
2021-06-07,2021-06-04,2000,1990,1,2,1,0.8606419973903345,0.4888343162819897,False,neutral,neutral,False,,
2021-06-08,2021-06-07,2000,1990,2,1,2,0.08225502896958092,0.3246238785833641,False,neutral,neutral,False,,
2021-06-09,2021-06-08,2000,1990,0,1,2,0.7841569876927478,0.5440874051891996,True,bull,neutral,True,NEUTRAL_TO_BULL,
2021-06-10,2021-06-09,2000,1990,0,2,1,0.9009792498810282,0.5384158378365581,True,bull,bull,False,,
2021-06-11,2021-06-10,2000,1990,0,1,2,0.7156444135498372,0.4664598795003619,False,neutral,bull,True,BULL_TO_NEUTRAL,
2021-06-14,2021-06-11,2000,1990,0,2,1,0.42741479711414065,0.5360671545136232,True,bull,neutral,True,NEUTRAL_TO_BULL,
2021-06-15,2021-06-14,2000,1990,2,1,2,0.9935330113064456,0.3424285572254085,False,neutral,bull,True,BULL_TO_NEUTRAL,
2021-06-16,2021-06-15,2000,1990,2,1,2,0.9552007376467891,0.32630477374205996,False,neutral,neutral,False,,
2021-06-17,2021-06-16,2000,1990,2,1,2,0.7087000957671197,0.35881853315428114,False,neutral,neutral,False,,
2021-06-18,2021-06-17,2000,1990,0,2,1,0.9841871547206078,0.544731161781318,True,bull,neutral,True,NEUTRAL_TO_BULL,
2021-06-21,2021-06-18,2000,1990,2,1,2,0.9840817985184938,0.2870989317849538,False,neutral,bull,True,BULL_TO_NEUTRAL,
2021-06-22,2021-06-21,2000,1990,0,0,2,0.2873398011977845,0.35811163316607253,False,neutral,neutral,False,,
2021-06-23,2021-06-22,2000,1990,2,1,2,0.9734613039089407,0.39810479360044915,False,neutral,neutral,False,,
2021-06-24,2021-06-23,2000,1990,2,1,2,0.9748184698385746,0.3254307354609127,False,neutral,neutral,False,,
2021-06-25,2021-06-24,2000,1990,2,1,2,0.9429045114716843,0.4120244917622543,False,neutral,neutral,False,,
2021-06-28,2021-06-25,2000,1990,2,1,2,0.8332858139544734,0.36275244970078335,False,neutral,neutral,False,,
2021-06-29,2021-06-28,2000,1990,1,2,1,0.6701696394272506,0.3405704231909971,False,neutral,neutral,False,,
2021-06-30,2021-06-29,2000,1990,2,1,2,0.4737540935259334,0.3286476192536832,False,neutral,neutral,False,,
2021-07-01,2021-06-30,2000,1990,2,1,2,0.32633746187285434,0.33066120551577205,False,neutral,neutral,False,,
2021-07-02,2021-07-01,2000,1990,1,2,1,0.17230299132157972,0.4030399942279196,False,neutral,neutral,False,,
2021-07-06,2021-07-02,2000,1990,2,1,2,0.48253516365388954,0.4607515876865095,False,neutral,neutral,False,,
2021-07-07,2021-07-06,2000,1990,2,1,2,0.5480099921999464,0.3250908542256929,False,neutral,neutral,False,,
2021-07-08,2021-07-07,2000,1990,2,1,2,0.4746606425118605,0.3617032801869518,False,neutral,neutral,False,,
2021-07-09,2021-07-08,2000,1990,2,1,2,0.8869973329322797,0.3901450061237903,False,neutral,neutral,False,,
2021-07-12,2021-07-09,2000,1990,2,1,2,0.8948841363463068,0.5111632763543912,True,bull,neutral,True,NEUTRAL_TO_BULL,
2021-07-13,2021-07-12,2000,1990,1,2,1,0.8000630041736493,0.3592916488171184,False,neutral,bull,True,BULL_TO_NEUTRAL,
2021-07-14,2021-07-13,2000,1990,2,1,2,0.8959767101912472,0.32826467805501186,False,neutral,neutral,False,,
2021-07-15,2021-07-14,2000,1990,1,2,1,0.9873028439751982,0.3296438597835248,False,neutral,neutral,False,,
2021-07-16,2021-07-15,2000,1990,2,1,2,0.980031636905214,0.3300591026801567,False,neutral,neutral,False,,
2021-07-19,2021-07-16,2000,1990,2,1,2,0.7902208042350899,0.38836571240108564,False,neutral,neutral,False,,
2021-07-20,2021-07-19,2000,1990,1,2,1,0.6830912173794991,0.3536454777156092,False,neutral,neutral,False,,
2021-07-21,2021-07-20,2000,1990,2,1,2,0.6333133446895304,0.46980272235918746,False,neutral,neutral,False,,
2021-07-22,2021-07-21,2000,1990,2,1,2,0.6314315634826995,0.46393745860887087,False,neutral,neutral,False,,
2021-07-23,2021-07-22,2000,1990,1,0,2,0.4947663976162299,0.11614182209710061,False,neutral,neutral,False,,
2021-07-26,2021-07-23,2000,1990,2,1,2,0.38455121775315465,0.5089382473549215,True,bull,neutral,True,NEUTRAL_TO_BULL,
2021-07-27,2021-07-26,2000,1990,2,1,2,0.16290462976848216,0.34263458224244203,False,neutral,bull,True,BULL_TO_NEUTRAL,
2021-07-28,2021-07-27,2000,1990,1,1,2,0.8901630052397872,0.17637812760043017,False,neutral,neutral,False,,
2021-07-29,2021-07-28,2000,1990,1,1,2,0.9191367112469564,0.1304672414823061,False,neutral,neutral,False,,
2021-07-30,2021-07-29,2000,1990,1,1,2,0.9530979350876515,0.1439500940074196,False,neutral,neutral,False,,
2021-08-02,2021-07-30,2000,1990,1,1,2,0.9359135365542991,0.18278709808257548,False,neutral,neutral,False,,
2021-08-03,2021-08-02,2000,1990,2,1,2,0.9321177956741177,0.32594341394125803,False,neutral,neutral,False,,
2021-08-04,2021-08-03,2000,1990,1,2,1,1.0,0.4651023845546231,False,neutral,neutral,False,,
2021-08-05,2021-08-04,2000,1990,2,1,2,0.40251530905230964,0.35060037748816986,False,neutral,neutral,False,,
2021-08-06,2021-08-05,2000,1990,0,2,1,0.9708915681358206,0.4020314480935667,False,neutral,neutral,False,,
2021-08-09,2021-08-06,2000,1990,0,1,2,0.863337880027986,0.5387422723690001,True,bull,neutral,True,NEUTRAL_TO_BULL,
2021-08-10,2021-08-09,2000,1990,0,1,2,0.7555468063017999,0.5503597777432843,True,bull,bull,False,,
2021-08-11,2021-08-10,2000,1990,0,1,2,0.5893321776208909,0.5456067490662514,True,bull,bull,False,,
2021-08-12,2021-08-11,2000,1990,0,1,2,0.28751617560727016,0.5275706846102921,False,neutral,bull,True,BULL_TO_NEUTRAL,
2021-08-13,2021-08-12,2000,1990,2,1,2,1.0,0.34830127810840517,False,neutral,neutral,False,,
2021-08-16,2021-08-13,2000,1990,1,2,1,1.0,0.3336028900655868,False,neutral,neutral,False,,
2021-08-17,2021-08-16,2000,1990,1,2,1,1.0,0.339884787164005,False,neutral,neutral,False,,
2021-08-18,2021-08-17,2000,1990,1,2,1,1.0,0.36798187171792945,False,neutral,neutral,False,,
2021-08-19,2021-08-18,2000,1990,0,2,0,1.0,0.41452336198438183,False,neutral,neutral,False,,
2021-08-20,2021-08-19,2000,1990,2,1,2,1.0,0.3301720329790389,False,neutral,neutral,False,,
2021-08-23,2021-08-20,2000,1990,1,2,1,1.0,0.46258079018033904,False,neutral,neutral,False,,
2021-08-24,2021-08-23,2000,1990,1,2,1,0.9995231912113182,0.48269085907775083,False,neutral,neutral,False,,
2021-08-25,2021-08-24,2000,1990,2,1,2,0.9734221571864081,0.3313084093828267,False,neutral,neutral,False,,
2021-08-26,2021-08-25,2000,1990,2,1,2,0.8581749823076318,0.3375337057268208,False,neutral,neutral,False,,
2021-08-27,2021-08-26,2000,1990,1,2,1,0.8410323642805946,0.3634749353913424,False,neutral,neutral,False,,
2021-08-30,2021-08-27,2000,1990,2,1,2,0.6117145655802662,0.48300256531481595,False,neutral,neutral,False,,
2021-08-31,2021-08-30,2000,1990,2,1,2,0.2915229514042419,0.3758477414950884,False,neutral,neutral,False,,
2021-09-01,2021-08-31,2000,1990,2,1,2,0.18235544807662038,0.317529526458676,False,neutral,neutral,False,,
2021-09-02,2021-09-01,2000,1990,2,1,2,0.48777190566687945,0.3199109524041002,False,neutral,neutral,False,,
2021-09-03,2021-09-02,2000,1990,2,1,2,0.9506645919544393,0.34934990038428404,False,neutral,neutral,False,,
2021-09-07,2021-09-03,2000,1990,2,1,2,1.0,0.31665866897975375,False,neutral,neutral,False,,
2021-09-08,2021-09-07,2000,1990,2,1,2,1.0,0.33182159268426,False,neutral,neutral,False,,
2021-09-09,2021-09-08,2000,1990,2,1,2,0.8557459721777335,0.31686637125830547,False,neutral,neutral,False,,
2021-09-10,2021-09-09,2000,1990,1,2,1,0.8706840695094821,0.34076798019752447,False,neutral,neutral,False,,
2021-09-13,2021-09-10,2000,1990,2,1,2,1.0,0.3939601838654896,False,neutral,neutral,False,,
2021-09-14,2021-09-13,2000,1990,2,1,2,0.9999558265236025,0.3397373072616594,False,neutral,neutral,False,,
2021-09-15,2021-09-14,2000,1990,2,1,2,0.8921190233235406,0.357112920426341,False,neutral,neutral,False,,
2021-09-16,2021-09-15,2000,1990,2,1,2,0.9039459828747501,0.47240757222877683,False,neutral,neutral,False,,
2021-09-17,2021-09-16,2000,1990,1,2,1,0.924363460470961,0.3196198484980545,False,neutral,neutral,False,,
2021-09-20,2021-09-17,2000,1990,2,1,2,0.7570614014191547,0.4035108390896834,False,neutral,neutral,False,,
2021-09-21,2021-09-20,2000,1990,1,1,2,0.9301181556730744,0.6684868184130967,True,bear,neutral,True,NEUTRAL_TO_BEAR,
2021-09-22,2021-09-21,2000,1990,2,2,1,0.9865253143666354,0.1328652766701441,False,neutral,bear,True,BEAR_TO_NEUTRAL,
2021-09-23,2021-09-22,2000,1990,2,2,0,0.9792621337038057,0.26666858496927076,False,neutral,neutral,False,,
2021-09-24,2021-09-23,2000,1990,2,2,1,0.9531018591654759,0.3661933224113654,False,neutral,neutral,False,,
2021-09-27,2021-09-24,2000,1990,1,1,2,0.9433556514195671,0.12809220843248018,False,neutral,neutral,False,,
2021-09-28,2021-09-27,2000,1990,1,1,2,0.9102181139913684,0.1508739413420554,False,neutral,neutral,False,,
2021-09-29,2021-09-28,2000,1990,1,1,2,0.9643068003608662,0.7929636672936852,True,bear,neutral,True,NEUTRAL_TO_BEAR,
2021-09-30,2021-09-29,2000,1990,1,1,2,0.927945341084368,0.12905910502903434,False,neutral,bear,True,BEAR_TO_NEUTRAL,
2021-10-01,2021-09-30,2000,1990,1,1,2,0.9354514352058738,0.4697223920893064,False,neutral,neutral,False,,
2021-10-04,2021-10-01,2000,1990,2,2,1,0.918194844246813,0.3547417451654491,False,neutral,neutral,False,,
2021-10-05,2021-10-04,2000,1990,2,2,1,0.9738330868400837,0.5028123231659953,True,bear,neutral,True,NEUTRAL_TO_BEAR,
2021-10-06,2021-10-05,2000,1990,1,0,2,0.9995750950303735,0.43872977670601987,False,neutral,bear,True,BEAR_TO_NEUTRAL,
2021-10-07,2021-10-06,2000,1990,1,1,2,0.9742736923806886,0.144918652499272,False,neutral,neutral,False,,
2021-10-08,2021-10-07,2000,1990,2,2,1,0.9296599302641161,0.23458758718242767,False,neutral,neutral,False,,
2021-10-11,2021-10-08,2000,1990,1,1,2,0.669756826502777,0.14102935091018054,False,neutral,neutral,False,,
2021-10-12,2021-10-11,2000,1990,2,1,2,0.9229388886117916,0.38386356023645296,False,neutral,neutral,False,,
2021-10-13,2021-10-12,2000,1990,1,2,1,0.9228329272213036,0.3227526135484038,False,neutral,neutral,False,,
2021-10-14,2021-10-13,2000,1990,2,1,2,0.9148525585956212,0.3545789637778487,False,neutral,neutral,False,,
2021-10-15,2021-10-14,2000,1990,1,2,1,0.6523413137655936,0.3700756034196066,False,neutral,neutral,False,,
2021-10-18,2021-10-15,2000,1990,0,2,0,0.09915806063255607,0.4512577240612175,False,neutral,neutral,False,,
2021-10-19,2021-10-18,2000,1990,2,2,1,0.9346225541671336,0.1355601718516443,False,neutral,neutral,False,,
2021-10-20,2021-10-19,2000,1990,1,1,2,0.9895485676817508,0.20868433916644835,False,neutral,neutral,False,,
2021-10-21,2021-10-20,2000,1990,1,1,2,0.997760734018228,0.14412786528704763,False,neutral,neutral,False,,
2021-10-22,2021-10-21,2000,1990,1,1,2,0.9994947980205421,0.1345340968902341,False,neutral,neutral,False,,
2021-10-25,2021-10-22,2000,1990,2,2,1,0.9997056404474198,0.13650344511771492,False,neutral,neutral,False,,
2021-10-26,2021-10-25,2000,1990,1,1,2,0.999548825747605,0.1622737940078087,False,neutral,neutral,False,,
2021-10-27,2021-10-26,2000,1990,1,1,2,0.9962171536048922,0.1308561666922095,False,neutral,neutral,False,,
2021-10-28,2021-10-27,2000,1990,1,1,2,0.78133557680956,0.1787479875133769,False,neutral,neutral,False,,
2021-10-29,2021-10-28,2000,1990,1,2,1,0.5666856154372027,0.49621872140585904,False,neutral,neutral,False,,
2021-11-01,2021-10-29,2000,1990,2,1,2,0.7668911157676032,0.32914264597869247,False,neutral,neutral,False,,
2021-11-02,2021-11-01,2000,1990,2,1,2,0.954987969215217,0.3269526512217082,False,neutral,neutral,False,,
2021-11-03,2021-11-02,2000,1990,1,2,1,0.9010710194678017,0.3607117351203257,False,neutral,neutral,False,,
2021-11-04,2021-11-03,2000,1990,2,1,2,0.5687507938085047,0.40926234845668913,False,neutral,neutral,False,,
2021-11-05,2021-11-04,2000,1990,2,1,2,0.20663470630367553,0.3755125929000274,False,neutral,neutral,False,,
2021-11-08,2021-11-05,2000,1990,2,1,2,0.10836883872493425,0.3511312730788266,False,neutral,neutral,False,,
2021-11-09,2021-11-08,2000,1990,1,1,2,0.9467893797435962,0.13084999954955082,False,neutral,neutral,False,,
2021-11-10,2021-11-09,2000,1990,1,1,2,0.9237611568167255,0.15990188828931676,False,neutral,neutral,False,,
2021-11-11,2021-11-10,2000,1990,1,1,2,0.48509584515921467,0.28293453631018356,False,neutral,neutral,False,,
2021-11-12,2021-11-11,2000,1990,2,1,2,0.8408002618335211,0.31685654583161205,False,neutral,neutral,False,,
2021-11-15,2021-11-12,2000,1990,2,1,2,0.9842916895480396,0.44762345472728715,False,neutral,neutral,False,,
2021-11-16,2021-11-15,2000,1990,1,2,1,1.0,0.3145927803369592,False,neutral,neutral,False,,
2021-11-17,2021-11-16,2000,1990,2,1,2,0.7673385593617792,0.3560870964234186,False,neutral,neutral,False,,
2021-11-18,2021-11-17,2000,1990,2,1,2,0.5727748209717455,0.3208310118278372,False,neutral,neutral,False,,
2021-11-19,2021-11-18,2000,1990,2,1,2,0.8936145288687716,0.34855409299777557,False,neutral,neutral,False,,
2021-11-22,2021-11-19,2000,1990,1,2,1,0.9421771303354669,0.31696090002927396,False,neutral,neutral,False,,
2021-11-23,2021-11-22,2000,1990,2,1,2,0.8476733743367796,0.32552085495681254,False,neutral,neutral,False,,
2021-11-24,2021-11-23,2000,1990,2,1,2,0.8969179041827642,0.3239434804022926,False,neutral,neutral,False,,
2021-11-26,2021-11-24,2000,1990,2,1,2,0.23627892947095436,0.3384752095668237,False,neutral,neutral,False,,
2021-11-29,2021-11-26,2000,1990,0,2,0,0.947486119830789,0.1495577281212501,False,neutral,neutral,False,,
2021-11-30,2021-11-29,2000,1990,2,1,2,0.9024170057242784,0.5174314238619332,True,bull,neutral,True,NEUTRAL_TO_BULL,
2021-12-01,2021-11-30,2000,1990,2,2,1,0.9011348536101806,0.7749087763586818,True,bear,bull,True,BULL_TO_BEAR,
2021-12-02,2021-12-01,2000,1990,2,2,1,0.9971579580837415,0.4198577982429307,False,neutral,bear,True,BEAR_TO_NEUTRAL,
2021-12-03,2021-12-02,2000,1990,1,1,2,0.9979414607954604,0.5379638733307875,True,bear,neutral,True,NEUTRAL_TO_BEAR,
2021-12-06,2021-12-03,2000,1990,1,1,2,0.9986968481240721,0.3117716076534028,False,neutral,bear,True,BEAR_TO_NEUTRAL,
2021-12-07,2021-12-06,2000,1990,1,1,2,0.9967810981695077,0.3620532350975244,False,neutral,neutral,False,,
2021-12-08,2021-12-07,2000,1990,1,1,2,0.9969033410249636,0.825502885229013,True,bear,neutral,True,NEUTRAL_TO_BEAR,
2021-12-09,2021-12-08,2000,1990,1,1,2,0.9978556223233592,0.13577322055263866,False,neutral,bear,True,BEAR_TO_NEUTRAL,
2021-12-10,2021-12-09,2000,1990,1,1,2,0.9956734697161491,0.2406150409563368,False,neutral,neutral,False,,
2021-12-13,2021-12-10,2000,1990,1,1,2,0.9989250254542267,0.26524850507892805,False,neutral,neutral,False,,
2021-12-14,2021-12-13,2000,1990,1,1,2,0.9991253928216144,0.31914076868228913,False,neutral,neutral,False,,
2021-12-15,2021-12-14,2000,1990,2,2,0,0.998455564238754,0.24527519410186668,False,neutral,neutral,False,,
2021-12-16,2021-12-15,2000,1990,1,1,2,0.9896832763315296,0.558881775651,True,bear,neutral,True,NEUTRAL_TO_BEAR,
2021-12-17,2021-12-16,2000,1990,2,2,1,0.9712493088320305,0.31744650691900317,False,neutral,bear,True,BEAR_TO_NEUTRAL,
2021-12-20,2021-12-17,2000,1990,1,1,2,0.6491610392220851,0.56892773642557,True,bear,neutral,True,NEUTRAL_TO_BEAR,
2021-12-21,2021-12-20,2000,1990,2,2,1,0.921554018464506,0.4023499590457019,False,neutral,bear,True,BEAR_TO_NEUTRAL,
2021-12-22,2021-12-21,2000,1990,1,1,2,0.9167757073402393,0.6805566654665659,True,bear,neutral,True,NEUTRAL_TO_BEAR,
2021-12-23,2021-12-22,2000,1990,2,2,0,0.8735347039063471,0.2845959528605271,False,neutral,bear,True,BEAR_TO_NEUTRAL,
2021-12-27,2021-12-23,2000,1990,2,2,1,0.8819464688827889,0.17021209004731125,False,neutral,neutral,False,,
2021-12-28,2021-12-27,2000,1990,1,1,2,0.9727940297892368,0.44100640767156796,False,neutral,neutral,False,,
2021-12-29,2021-12-28,2000,1990,1,2,1,0.09432904070671107,0.3009256522956687,False,neutral,neutral,False,,
2021-12-30,2021-12-29,2000,1990,1,1,2,0.9994575634788914,0.1331620416096277,False,neutral,neutral,False,,
2021-12-31,2021-12-30,2000,1990,1,1,2,0.9992552942016772,0.15366713784565417,False,neutral,neutral,False,,
2022-01-03,2021-12-31,2000,1990,2,2,1,0.999515018990092,0.15069564502713578,False,neutral,neutral,False,,
2022-01-04,2022-01-03,2000,1990,1,1,2,0.9992538890957258,0.17100259409659382,False,neutral,neutral,False,,
2022-01-05,2022-01-04,2000,1990,1,1,2,0.9163910150028589,0.13471242219928886,False,neutral,neutral,False,,
2022-01-06,2022-01-05,2000,1990,2,2,1,0.4826878128759002,0.7660701863132815,True,bear,neutral,True,NEUTRAL_TO_BEAR,
2022-01-07,2022-01-06,2000,1990,1,2,1,0.6660685162368326,0.3099142265210587,False,neutral,bear,True,BEAR_TO_NEUTRAL,
2022-01-10,2022-01-07,2000,1990,2,1,2,0.3705427167977697,0.3336070730118052,False,neutral,neutral,False,,
2022-01-11,2022-01-10,2000,1990,2,1,2,0.2770773238777969,0.293913382790187,False,neutral,neutral,False,,
2022-01-12,2022-01-11,2000,1990,1,2,1,0.32283533174489637,0.49864113103303653,False,neutral,neutral,False,,
2022-01-13,2022-01-12,2000,1990,1,2,1,0.5041387704721928,0.32040119594177807,False,neutral,neutral,False,,
2022-01-14,2022-01-13,2000,1990,1,2,1,0.4163970764471834,0.4346450355612871,False,neutral,neutral,False,,
2022-01-18,2022-01-14,2000,1990,1,2,1,0.43218003022099216,0.29399633598162134,False,neutral,neutral,False,,
2022-01-19,2022-01-18,2000,1990,2,1,2,0.22494989105581997,0.3425929991517012,False,neutral,neutral,False,,
2022-01-20,2022-01-19,2000,1990,2,1,2,0.3026550664037765,0.44133352070736864,False,neutral,neutral,False,,
2022-01-21,2022-01-20,2000,1990,1,1,2,0.9917291338662443,0.38724411842076,False,neutral,neutral,False,,
2022-01-24,2022-01-21,2000,1990,1,1,2,0.999599768566664,0.716987133387536,True,bear,neutral,True,NEUTRAL_TO_BEAR,
2022-01-25,2022-01-24,2000,1990,1,1,2,0.9998932074528435,0.13220054729786682,False,neutral,bear,True,BEAR_TO_NEUTRAL,
2022-01-26,2022-01-25,2000,1990,1,1,2,0.9999999530127208,0.48280940234216485,False,neutral,neutral,False,,
2022-01-27,2022-01-26,2000,1990,2,2,1,0.9999999603065877,0.15527733638583782,False,neutral,neutral,False,,
2022-01-28,2022-01-27,2000,1990,1,1,2,0.9999369748190545,0.17783474603818394,False,neutral,neutral,False,,
2022-01-31,2022-01-28,2000,1990,1,1,2,0.9996416763088822,0.934630332959862,True,bear,neutral,True,NEUTRAL_TO_BEAR,
2022-02-01,2022-01-31,2000,1990,2,2,1,0.9951892255918617,0.5753337901660749,True,bear,bear,False,,
2022-02-02,2022-02-01,2000,1990,2,2,1,0.9902623904671001,0.1686302085586563,False,neutral,bear,True,BEAR_TO_NEUTRAL,
2022-02-03,2022-02-02,2000,1990,1,1,2,0.9966291424832958,0.23674355241258832,False,neutral,neutral,False,,
2022-02-04,2022-02-03,2000,1990,2,2,1,0.9965517569801076,0.8269396287952275,True,bear,neutral,True,NEUTRAL_TO_BEAR,
2022-02-07,2022-02-04,2000,1990,1,1,2,0.996748461406216,0.13833131289232323,False,neutral,bear,True,BEAR_TO_NEUTRAL,
2022-02-08,2022-02-07,2000,1990,1,1,2,0.9965282665589241,0.14915647032429963,False,neutral,neutral,False,,
2022-02-09,2022-02-08,2000,1990,1,1,2,0.9937932146970885,0.20140305624859584,False,neutral,neutral,False,,
2022-02-10,2022-02-09,2000,1990,1,1,2,0.9877651951952223,0.43103251936442233,False,neutral,neutral,False,,
2022-02-11,2022-02-10,2000,1990,1,1,2,0.5013076220024987,0.6425170917759153,True,bear,neutral,True,NEUTRAL_TO_BEAR,
2022-02-14,2022-02-11,2000,1990,2,2,1,0.6632722834587127,0.6979716420126999,True,bear,bear,False,,
2022-02-15,2022-02-14,2000,1990,1,1,2,0.9187274585902648,0.15049189560686063,False,neutral,bear,True,BEAR_TO_NEUTRAL,
2022-02-16,2022-02-15,2000,1990,2,1,2,0.3014043814778832,0.5267596864858409,True,bull,neutral,True,NEUTRAL_TO_BULL,
2022-02-17,2022-02-16,2000,1990,2,1,2,0.7962969449898666,0.30343793620484977,False,neutral,bull,True,BULL_TO_NEUTRAL,
2022-02-18,2022-02-17,2000,1990,2,1,2,0.3153747360662655,0.3213168771620409,False,neutral,neutral,False,,
2022-02-22,2022-02-18,2000,1990,1,1,2,0.9169894237335906,0.18631011735254668,False,neutral,neutral,False,,
2022-02-23,2022-02-22,2000,1990,1,1,2,0.9953103310187714,0.3853729388996064,False,neutral,neutral,False,,
2022-02-24,2022-02-23,2000,1990,1,1,2,0.9993163984309897,0.6585584572826633,True,bear,neutral,True,NEUTRAL_TO_BEAR,
2022-02-25,2022-02-24,2000,1990,1,1,2,0.996989834980367,0.4251001041300927,False,neutral,bear,True,BEAR_TO_NEUTRAL,
2022-02-28,2022-02-25,2000,1990,1,1,2,0.9890671600099532,0.7898680295736761,True,bear,neutral,True,NEUTRAL_TO_BEAR,
2022-03-01,2022-02-28,2000,1990,1,1,2,0.9870490704419828,0.14331886127580648,False,neutral,bear,True,BEAR_TO_NEUTRAL,
2022-03-02,2022-03-01,2000,1990,2,2,1,0.9887197461027204,0.5680658934706947,True,bear,neutral,True,NEUTRAL_TO_BEAR,
2022-03-03,2022-03-02,2000,1990,1,1,2,0.9644044342954817,0.6010238645008208,True,bear,bear,False,,
2022-03-04,2022-03-03,2000,1990,1,1,2,0.7412154787066051,0.1842339241707377,False,neutral,bear,True,BEAR_TO_NEUTRAL,
2022-03-07,2022-03-04,2000,1990,2,2,0,0.92547888395784,0.2998441427825283,False,neutral,neutral,False,,
2022-03-08,2022-03-07,2000,1990,1,1,2,0.9380423904438697,0.9215306209412839,True,bear,neutral,True,NEUTRAL_TO_BEAR,
2022-03-09,2022-03-08,2000,1990,1,1,2,0.9916514926747466,0.2634080564775853,False,neutral,bear,True,BEAR_TO_NEUTRAL,
2022-03-10,2022-03-09,2000,1990,1,1,2,0.9857703000358233,0.9697381525007777,True,bear,neutral,True,NEUTRAL_TO_BEAR,
2022-03-11,2022-03-10,2000,1990,2,2,1,0.9874937591718639,0.1748767714953579,False,neutral,bear,True,BEAR_TO_NEUTRAL,
2022-03-14,2022-03-11,2000,1990,2,2,0,0.9878057397167456,0.4711575138832479,False,neutral,neutral,False,,
2022-03-15,2022-03-14,2000,1990,2,2,1,0.9891931515340996,0.25459626884121805,False,neutral,neutral,False,,
2022-03-16,2022-03-15,2000,1990,1,1,2,0.9876202874645479,0.8114273132898839,True,bear,neutral,True,NEUTRAL_TO_BEAR,
2022-03-17,2022-03-16,2000,1990,1,1,2,0.9803952357712602,0.7979895445064014,True,bear,bear,False,,
2022-03-18,2022-03-17,2000,1990,1,1,2,0.9937262713713091,0.3491815267855273,False,neutral,bear,True,BEAR_TO_NEUTRAL,
2022-03-21,2022-03-18,2000,1990,1,1,2,0.9991014246728293,0.1975826139719589,False,neutral,neutral,False,,
2022-03-22,2022-03-21,2000,1990,1,1,2,0.9996279671914649,0.12769606138093106,False,neutral,neutral,False,,
2022-03-23,2022-03-22,2000,1990,1,1,2,0.9997960503662146,0.3203295925040694,False,neutral,neutral,False,,
2022-03-24,2022-03-23,2000,1990,1,1,2,0.9998272710525701,0.4794550019664952,False,neutral,neutral,False,,
2022-03-25,2022-03-24,2000,1990,1,1,2,0.9998981216421947,0.45451928921434664,False,neutral,neutral,False,,
2022-03-28,2022-03-25,2000,1990,2,2,1,0.9997789867455129,0.14579590888073538,False,neutral,neutral,False,,
2022-03-29,2022-03-28,2000,1990,2,2,1,0.9964248643273024,0.1841816985052865,False,neutral,neutral,False,,
2022-03-30,2022-03-29,2000,1990,1,1,2,0.9868144584342287,0.34593188780370354,False,neutral,neutral,False,,
2022-03-31,2022-03-30,2000,1990,1,1,2,0.9697110945064689,0.21770498347947098,False,neutral,neutral,False,,
2022-04-01,2022-03-31,2000,1990,2,2,1,0.9154940341495803,0.5770822094513655,True,bear,neutral,True,NEUTRAL_TO_BEAR,
2022-04-04,2022-04-01,2000,1990,1,1,2,0.8400998400575916,0.12967650693525695,False,neutral,bear,True,BEAR_TO_NEUTRAL,
2022-04-05,2022-04-04,2000,1990,2,2,1,0.6551193060562824,0.2201777223477914,False,neutral,neutral,False,,
2022-04-06,2022-04-05,2000,1990,1,1,2,0.6147987355175297,0.47173979580146147,False,neutral,neutral,False,,
2022-04-07,2022-04-06,2000,1990,1,2,1,0.7818055240009169,0.439719133315334,False,neutral,neutral,False,,
2022-04-08,2022-04-07,2000,1990,2,1,2,0.6284928516700794,0.361711532241424,False,neutral,neutral,False,,
2022-04-11,2022-04-08,2000,1990,2,1,2,0.400530161241425,0.31110558826957546,False,neutral,neutral,False,,
2022-04-12,2022-04-11,2000,1990,2,2,1,0.9352175657932701,0.6353010975056674,True,bear,neutral,True,NEUTRAL_TO_BEAR,
2022-04-13,2022-04-12,2000,1990,2,2,1,0.9460438672517889,0.16176257694445825,False,neutral,bear,True,BEAR_TO_NEUTRAL,
2022-04-14,2022-04-13,2000,1990,1,1,2,0.9846865433640469,0.3575871935755542,False,neutral,neutral,False,,
2022-04-18,2022-04-14,2000,1990,2,1,2,0.20586262456779328,0.45436796447112293,False,neutral,neutral,False,,
2022-04-19,2022-04-18,2000,1990,2,1,2,0.24745329334366895,0.30868657371209307,False,neutral,neutral,False,,
2022-04-20,2022-04-19,2000,1990,2,1,2,0.936224207404158,0.5000198684126926,True,bull,neutral,True,NEUTRAL_TO_BULL,
2022-04-21,2022-04-20,2000,1990,2,1,2,1.0,0.3069106657370171,False,neutral,bull,True,BULL_TO_NEUTRAL,
2022-04-22,2022-04-21,2000,1990,1,2,1,1.0,0.44633723327797376,False,neutral,neutral,False,,
2022-04-25,2022-04-22,2000,1990,2,1,0,0.35543440235056367,0.18483114246521182,False,neutral,neutral,False,,
2022-04-26,2022-04-25,2000,1990,1,2,1,0.29001622617243117,0.3680644075085978,False,neutral,neutral,False,,
2022-04-27,2022-04-26,2000,1990,2,2,1,0.9932915032479956,0.8558118636194109,True,bear,neutral,True,NEUTRAL_TO_BEAR,
2022-04-28,2022-04-27,2000,1990,1,1,2,0.9987960234471986,0.12773760860592137,False,neutral,bear,True,BEAR_TO_NEUTRAL,
2022-04-29,2022-04-28,2000,1990,2,2,1,0.99802949967454,0.8597816676003412,True,bear,neutral,True,NEUTRAL_TO_BEAR,
2022-05-02,2022-04-29,2000,1990,1,1,2,0.9995871559984341,0.9532732013180969,True,bear,bear,False,,
2022-05-03,2022-05-02,2000,1990,2,2,1,0.9997330456422673,0.15367195631502725,False,neutral,bear,True,BEAR_TO_NEUTRAL,
2022-05-04,2022-05-03,2000,1990,1,1,2,0.9988462739957634,0.13903259209646507,False,neutral,neutral,False,,
2022-05-05,2022-05-04,2000,1990,2,2,0,0.9832144902941227,0.9757788413306557,True,bear,neutral,True,NEUTRAL_TO_BEAR,
2022-05-06,2022-05-05,2000,1990,2,2,1,0.9978458357526812,0.9863291847996462,True,bear,bear,False,,
2022-05-09,2022-05-06,2000,1990,2,2,1,0.8977184910395665,0.1872337882438556,False,neutral,bear,True,BEAR_TO_NEUTRAL,
2022-05-10,2022-05-09,2000,1990,1,1,2,0.9862050580531218,0.9037256333100074,True,bear,neutral,True,NEUTRAL_TO_BEAR,
2022-05-11,2022-05-10,2000,1990,2,2,0,0.997337249691908,0.12658355289002393,False,neutral,bear,True,BEAR_TO_NEUTRAL,
2022-05-12,2022-05-11,2000,1990,2,2,1,0.9996447134051851,0.5035226395316856,True,bear,neutral,True,NEUTRAL_TO_BEAR,
2022-05-13,2022-05-12,2000,1990,2,2,1,0.9996086351837978,0.13363379039541315,False,neutral,bear,True,BEAR_TO_NEUTRAL,
2022-05-16,2022-05-13,2000,1990,1,1,2,0.999669437023121,0.8012108932410124,True,bear,neutral,True,NEUTRAL_TO_BEAR,
2022-05-17,2022-05-16,2000,1990,2,2,0,0.9995788654817798,0.16165812419665018,False,neutral,bear,True,BEAR_TO_NEUTRAL,
2022-05-18,2022-05-17,2000,1990,2,2,0,0.9992401816727645,0.6444822495176663,True,bear,neutral,True,NEUTRAL_TO_BEAR,
2022-05-19,2022-05-18,2000,1990,2,2,1,0.9688710282168601,0.9401549865601284,True,bear,bear,False,,
2022-05-20,2022-05-19,2000,1990,2,2,0,0.9281028858550076,0.19641598108794212,False,neutral,bear,True,BEAR_TO_NEUTRAL,
2022-05-23,2022-05-20,2000,1990,2,2,1,0.6497107627246433,0.12649764544556139,False,neutral,neutral,False,,
2022-05-24,2022-05-23,2000,1990,2,2,0,0.6843229368887399,0.5474366791758319,True,bear,neutral,True,NEUTRAL_TO_BEAR,
2022-05-25,2022-05-24,2000,1990,1,1,2,0.9898920096612397,0.2831701505367109,False,neutral,bear,True,BEAR_TO_NEUTRAL,
2022-05-26,2022-05-25,2000,1990,1,2,1,0.39541489237231203,0.4353764404792935,False,neutral,neutral,False,,
2022-05-27,2022-05-26,2000,1990,1,1,2,0.8045119633852331,0.6238182083367474,True,bear,neutral,True,NEUTRAL_TO_BEAR,
2022-05-31,2022-05-27,2000,1990,1,1,0,0.985124435260124,0.8521510088080165,True,bear,bear,False,,
2022-06-01,2022-05-31,2000,1990,2,2,0,0.9957756430214084,0.1877304742796416,False,neutral,bear,True,BEAR_TO_NEUTRAL,
2022-06-02,2022-06-01,2000,1990,1,1,0,0.9963462242306331,0.24406138506403896,False,neutral,neutral,False,,
2022-06-03,2022-06-02,2000,1990,2,2,1,0.999997297464351,0.7348170445338836,True,bear,neutral,True,NEUTRAL_TO_BEAR,
2022-06-06,2022-06-03,2000,1990,2,2,0,0.9963269342496205,0.5164093918492693,True,bear,bear,False,,
2022-06-07,2022-06-06,2000,1990,1,1,2,0.99988441930508,0.14801467826288708,False,neutral,bear,True,BEAR_TO_NEUTRAL,
2022-06-08,2022-06-07,2000,1990,2,2,0,0.9688262595049764,0.22715478918628745,False,neutral,neutral,False,,
2022-06-09,2022-06-08,2000,1990,2,2,0,0.5603463898714649,0.32349180582985215,False,neutral,neutral,False,,
2022-06-10,2022-06-09,2000,1990,2,2,0,0.19425347773467558,0.7568835737895603,False,neutral,neutral,False,,
2022-06-13,2022-06-10,2000,1990,2,2,0,0.9777745519411026,0.8135150762181982,True,bear,neutral,True,NEUTRAL_TO_BEAR,
2022-06-14,2022-06-13,2000,1990,2,2,1,0.9999258168025382,0.9254826775324293,True,bear,bear,False,,
2022-06-15,2022-06-14,2000,1990,1,1,0,0.9999954154438914,0.1526394384651354,False,neutral,bear,True,BEAR_TO_NEUTRAL,
2022-06-16,2022-06-15,2000,1990,1,1,2,0.999999999960907,0.4839301092300009,False,neutral,neutral,False,,
2022-06-17,2022-06-16,2000,1990,1,1,2,0.9999993031267657,0.9269577438827211,True,bear,neutral,True,NEUTRAL_TO_BEAR,
2022-06-21,2022-06-17,2000,1990,2,2,1,0.9999996526699099,0.14140702324116025,False,neutral,bear,True,BEAR_TO_NEUTRAL,
2022-06-22,2022-06-21,2000,1990,1,1,2,0.9999999999525759,0.9575728315489193,True,bear,neutral,True,NEUTRAL_TO_BEAR,
2022-06-23,2022-06-22,2000,1990,1,1,2,0.9999847233577058,0.1396056629675078,False,neutral,bear,True,BEAR_TO_NEUTRAL,
2022-06-24,2022-06-23,2000,1990,1,1,2,0.9985231892574341,0.22983685275429358,False,neutral,neutral,False,,
2022-06-27,2022-06-24,2000,1990,2,2,0,0.9695258378805766,0.98388030376203,True,bear,neutral,True,NEUTRAL_TO_BEAR,
2022-06-28,2022-06-27,2000,1990,1,1,2,0.9896835645118308,0.16733294839751744,False,neutral,bear,True,BEAR_TO_NEUTRAL,
2022-06-29,2022-06-28,2000,1990,1,1,0,0.9693670465679368,0.6502613281692226,True,bear,neutral,True,NEUTRAL_TO_BEAR,
2022-06-30,2022-06-29,2000,1990,1,1,2,0.9615957849257634,0.13378283502836552,False,neutral,bear,True,BEAR_TO_NEUTRAL,
2022-07-01,2022-06-30,2000,1990,1,1,2,0.9610875498144716,0.24557731674508165,False,neutral,neutral,False,,
2022-07-05,2022-07-01,2000,1990,1,1,2,0.8650763353700249,0.2503964655508798,False,neutral,neutral,False,,
2022-07-06,2022-07-05,2000,1990,2,1,2,0.7092183415278962,0.31397993582788625,False,neutral,neutral,False,,
2022-07-07,2022-07-06,2000,1990,1,1,2,0.8058019002359489,0.14878203139752505,False,neutral,neutral,False,,
2022-07-08,2022-07-07,2000,1990,2,1,2,0.8645563564261655,0.5114606761433448,True,bull,neutral,True,NEUTRAL_TO_BULL,
2022-07-11,2022-07-08,2000,1990,2,1,0,0.9999999999594443,0.29414745096399414,False,neutral,bull,True,BULL_TO_NEUTRAL,
2022-07-12,2022-07-11,2000,1990,2,1,0,1.0,0.4270881177524846,False,neutral,neutral,False,,
2022-07-13,2022-07-12,2000,1990,2,1,2,0.8592573439794787,0.3998266912766928,False,neutral,neutral,False,,
2022-07-14,2022-07-13,2000,1990,2,1,2,0.9585283432204647,0.3476251368655171,False,neutral,neutral,False,,
2022-07-15,2022-07-14,2000,1990,2,1,0,1.0,0.31392830382367154,False,neutral,neutral,False,,
2022-07-18,2022-07-15,2000,1990,2,1,0,1.0,0.40065202582720705,False,neutral,neutral,False,,
2022-07-19,2022-07-18,2000,1990,2,1,2,0.9999998551585445,0.39832014813185135,False,neutral,neutral,False,,
2022-07-20,2022-07-19,2000,1990,2,1,2,0.999809205657174,0.0956365783017469,False,neutral,neutral,False,,
2022-07-21,2022-07-20,2000,1990,1,1,2,0.9714249196124518,0.1919555994166735,False,neutral,neutral,False,,
2022-07-22,2022-07-21,2000,1990,2,1,2,0.09644625519937036,0.46403425390219893,False,neutral,neutral,False,,
2022-07-25,2022-07-22,2000,1990,1,1,2,0.944953959275308,0.27784694763378054,False,neutral,neutral,False,,
2022-07-26,2022-07-25,2000,1990,2,2,1,0.98934101443004,0.12975699742497385,False,neutral,neutral,False,,
2022-07-27,2022-07-26,2000,1990,1,1,2,0.9441309298332895,0.3721323597317372,False,neutral,neutral,False,,
2022-07-28,2022-07-27,2000,1990,1,1,2,0.9450009572735845,0.8735890722165689,True,bear,neutral,True,NEUTRAL_TO_BEAR,
2022-07-29,2022-07-28,2000,1990,1,1,2,0.9174046099132149,0.3184581761654523,False,neutral,bear,True,BEAR_TO_NEUTRAL,
2022-08-01,2022-07-29,2000,1990,1,1,0,0.9998931297529181,0.4821713682541292,False,neutral,neutral,False,,
2022-08-02,2022-08-01,2000,1990,1,1,2,0.9964038987435986,0.16223221451850028,False,neutral,neutral,False,,
2022-08-03,2022-08-02,2000,1990,1,1,2,0.9392975859734989,0.213334942297357,False,neutral,neutral,False,,
2022-08-04,2022-08-03,2000,1990,1,1,2,0.9760671538658218,0.43893359499899204,False,neutral,neutral,False,,
2022-08-05,2022-08-04,2000,1990,2,2,0,0.986922555098719,0.13756077928655144,False,neutral,neutral,False,,
2022-08-08,2022-08-05,2000,1990,1,1,2,0.9947124565338854,0.15061510508730816,False,neutral,neutral,False,,
2022-08-09,2022-08-08,2000,1990,1,1,0,0.9468357878232371,0.14045613241613358,False,neutral,neutral,False,,
2022-08-10,2022-08-09,2000,1990,1,1,2,0.5277831054607648,0.18541644681518712,False,neutral,neutral,False,,
2022-08-11,2022-08-10,2000,1990,1,1,0,0.49112884810482554,0.8339992150249959,True,bear,neutral,True,NEUTRAL_TO_BEAR,
2022-08-12,2022-08-11,2000,1990,2,1,2,1.0,0.30364226552504087,False,neutral,bear,True,BEAR_TO_NEUTRAL,
2022-08-15,2022-08-12,2000,1990,0,1,0,0.5719165894255609,0.46930747325475347,False,neutral,neutral,False,,
2022-08-16,2022-08-15,2000,1990,1,1,2,0.9529561476516263,0.15093689275003982,False,neutral,neutral,False,,
2022-08-17,2022-08-16,2000,1990,1,1,2,0.8976168708184812,0.1345942466454319,False,neutral,neutral,False,,
2022-08-18,2022-08-17,2000,1990,1,1,0,0.9271050099068837,0.22883627418297248,False,neutral,neutral,False,,
2022-08-19,2022-08-18,2000,1990,1,1,2,0.925640650646648,0.1403967871996888,False,neutral,neutral,False,,
2022-08-22,2022-08-19,2000,1990,1,1,2,0.9841693825305345,0.5348200038513355,True,bear,neutral,True,NEUTRAL_TO_BEAR,
2022-08-23,2022-08-22,2000,1990,1,1,2,0.8014822965617042,0.6637570809607193,True,bear,bear,False,,
2022-08-24,2022-08-23,2000,1990,2,2,0,0.7741886996371156,0.15395176798784663,False,neutral,bear,True,BEAR_TO_NEUTRAL,
2022-08-25,2022-08-24,2000,1990,1,1,2,0.9974341569509397,0.151389560489791,False,neutral,neutral,False,,
2022-08-26,2022-08-25,2000,1990,2,2,0,0.9984489850054193,0.4552836286024269,False,neutral,neutral,False,,
2022-08-29,2022-08-26,2000,1990,1,1,2,0.9990927944624689,0.9790200872472548,True,bear,neutral,True,NEUTRAL_TO_BEAR,
2022-08-30,2022-08-29,2000,1990,1,1,2,0.995576911436854,0.21595777361547308,False,neutral,bear,True,BEAR_TO_NEUTRAL,
2022-08-31,2022-08-30,2000,1990,2,2,0,0.9979370747792524,0.3424612783403436,False,neutral,neutral,False,,
2022-09-01,2022-08-31,2000,1990,2,2,0,0.9998770389812477,0.25355307734192734,False,neutral,neutral,False,,
2022-09-02,2022-09-01,2000,1990,1,1,2,0.9964483915663712,0.13965761049909003,False,neutral,neutral,False,,
2022-09-06,2022-09-02,2000,1990,1,1,2,1.0,0.5155136944653481,True,bear,neutral,True,NEUTRAL_TO_BEAR,
2022-09-07,2022-09-06,2000,1990,2,2,0,0.9999890002262316,0.18004173564652834,False,neutral,bear,True,BEAR_TO_NEUTRAL,
2022-09-08,2022-09-07,2000,1990,2,2,1,0.9985643437979812,0.5680661078295817,True,bear,neutral,True,NEUTRAL_TO_BEAR,
2022-09-09,2022-09-08,2000,1990,1,1,2,0.9765536094883897,0.1725169308358503,False,neutral,bear,True,BEAR_TO_NEUTRAL,
2022-09-12,2022-09-09,2000,1990,1,1,2,0.344350659172383,0.41505665347114157,False,neutral,neutral,False,,
2022-09-13,2022-09-12,2000,1990,1,1,2,0.7373376722974152,0.2583952752134597,False,neutral,neutral,False,,
2022-09-14,2022-09-13,2000,1990,1,1,2,0.9137595262089003,0.9888302458156675,True,bear,neutral,True,NEUTRAL_TO_BEAR,
2022-09-15,2022-09-14,2000,1990,1,1,0,0.9947748945761262,0.15792017083727714,False,neutral,bear,True,BEAR_TO_NEUTRAL,
2022-09-16,2022-09-15,2000,1990,1,1,2,0.8812379906544882,0.3616704284231215,False,neutral,neutral,False,,
2022-09-19,2022-09-16,2000,1990,2,2,1,0.9643463108868127,0.37401360833274705,False,neutral,neutral,False,,
2022-09-20,2022-09-19,2000,1990,2,2,0,0.9997732492145333,0.22951500508867423,False,neutral,neutral,False,,
2022-09-21,2022-09-20,2000,1990,1,1,2,0.9896995945586589,0.36695427928846713,False,neutral,neutral,False,,
2022-09-22,2022-09-21,2000,1990,2,2,1,0.9983249708467701,0.5831464487782182,True,bear,neutral,True,NEUTRAL_TO_BEAR,
2022-09-23,2022-09-22,2000,1990,2,2,0,0.9995501756950348,0.2651875357190932,False,neutral,bear,True,BEAR_TO_NEUTRAL,
2022-09-26,2022-09-23,2000,1990,1,1,2,0.999999771319415,0.6953973528340299,True,bear,neutral,True,NEUTRAL_TO_BEAR,
2022-09-27,2022-09-26,2000,1990,2,2,1,0.9999999999983906,0.38715830465610646,False,neutral,bear,True,BEAR_TO_NEUTRAL,
2022-09-28,2022-09-27,2000,1990,2,2,0,0.9993182195164204,0.15744807168719216,False,neutral,neutral,False,,
2022-09-29,2022-09-28,2000,1990,2,2,1,0.9999935777555672,0.7659597898316373,True,bear,neutral,True,NEUTRAL_TO_BEAR,
2022-09-30,2022-09-29,2000,1990,2,2,1,0.9959506253351065,0.6688769219122113,True,bear,bear,False,,
2022-10-03,2022-09-30,2000,1990,1,1,2,0.9973369845612693,0.5163496693421927,True,bear,bear,False,,
2022-10-04,2022-10-03,2000,1990,1,1,2,0.9672310090699814,0.8745942058660063,True,bear,bear,False,,
2022-10-05,2022-10-04,2000,1990,2,2,1,0.9496152126159895,0.9858404039830712,True,bear,bear,False,,
2022-10-06,2022-10-05,2000,1990,2,2,1,0.84877624578688,0.15285350336998976,False,neutral,bear,True,BEAR_TO_NEUTRAL,
2022-10-07,2022-10-06,2000,1990,2,2,1,0.8305063712936277,0.33413935624522206,False,neutral,neutral,False,,
2022-10-10,2022-10-07,2000,1990,1,1,2,0.9540537371416233,0.8685712939288741,True,bear,neutral,True,NEUTRAL_TO_BEAR,
2022-10-11,2022-10-10,2000,1990,1,1,2,0.917439824890783,0.24535595786005115,False,neutral,bear,True,BEAR_TO_NEUTRAL,
2022-10-12,2022-10-11,2000,1990,0,0,2,0.9593690732543992,0.21465301796907693,False,neutral,neutral,False,,
2022-10-13,2022-10-12,2000,1990,1,1,2,0.9989285594234875,0.17044877401272449,False,neutral,neutral,False,,
2022-10-14,2022-10-13,2000,1990,2,2,0,0.99979383168327,0.9728171414450004,True,bear,neutral,True,NEUTRAL_TO_BEAR,
2022-10-17,2022-10-14,2000,1990,1,1,2,0.9746147330993311,0.7258037544624327,True,bear,bear,False,,
2022-10-18,2022-10-17,2000,1990,2,2,1,0.9739171022953809,0.8519595044342854,True,bear,bear,False,,
2022-10-19,2022-10-18,2000,1990,1,1,2,0.9152287616927294,0.29842460011379673,False,neutral,bear,True,BEAR_TO_NEUTRAL,
2022-10-20,2022-10-19,2000,1990,2,2,1,0.9849228622490979,0.2669425947993069,False,neutral,neutral,False,,
2022-10-21,2022-10-20,2000,1990,2,1,2,0.920050256988283,0.3897240390370847,False,neutral,neutral,False,,
2022-10-24,2022-10-21,2000,1990,2,2,1,0.9716064402742617,0.9257615625697071,True,bear,neutral,True,NEUTRAL_TO_BEAR,
2022-10-25,2022-10-24,2000,1990,1,1,2,0.9315642928175698,0.3027602031041751,False,neutral,bear,True,BEAR_TO_NEUTRAL,
2022-10-26,2022-10-25,2000,1990,1,1,2,0.9887284613003607,0.44788407442951716,False,neutral,neutral,False,,
2022-10-27,2022-10-26,2000,1990,1,1,2,0.9999520909671957,0.28221830125990166,False,neutral,neutral,False,,
2022-10-28,2022-10-27,2000,1990,1,1,2,0.9972847518992979,0.2064532368177767,False,neutral,neutral,False,,
2022-10-31,2022-10-28,2000,1990,2,2,1,0.9756296791791114,0.7998620847580169,True,bear,neutral,True,NEUTRAL_TO_BEAR,
2022-11-01,2022-10-31,2000,1990,1,1,2,0.9683493567652399,0.2355345492882087,False,neutral,bear,True,BEAR_TO_NEUTRAL,
2022-11-02,2022-11-01,2000,1990,2,2,1,0.9578935568424699,0.18361928241134762,False,neutral,neutral,False,,
2022-11-03,2022-11-02,2000,1990,1,1,2,0.8843443287666075,0.7593360039584542,True,bear,neutral,True,NEUTRAL_TO_BEAR,
2022-11-04,2022-11-03,2000,1990,2,2,0,0.9448009049825603,0.3981587119919201,False,neutral,bear,True,BEAR_TO_NEUTRAL,
2022-11-07,2022-11-04,2000,1990,2,2,1,0.47094914991939985,0.3746297816137133,False,neutral,neutral,False,,
2022-11-08,2022-11-07,2000,1990,2,2,1,0.926804489784608,0.27728168599630904,False,neutral,neutral,False,,
2022-11-09,2022-11-08,2000,1990,1,1,2,0.9557345088186554,0.1820964655753312,False,neutral,neutral,False,,
2022-11-10,2022-11-09,2000,1990,1,2,1,0.49359147917287965,0.3114901620370449,False,neutral,neutral,False,,
2022-11-11,2022-11-10,2000,1990,1,1,2,0.9442744658328885,0.9999999999999734,True,bear,neutral,True,NEUTRAL_TO_BEAR,
2022-11-14,2022-11-11,2000,1990,2,2,0,0.9976856163662018,0.25078270546316983,False,neutral,bear,True,BEAR_TO_NEUTRAL,
2022-11-15,2022-11-14,2000,1990,2,2,0,0.9965205522326471,0.27030697896754835,False,neutral,neutral,False,,
2022-11-16,2022-11-15,2000,1990,2,2,0,0.9990732695602437,0.2115362286318224,False,neutral,neutral,False,,
2022-11-17,2022-11-16,2000,1990,2,2,0,0.9989850217316509,0.2466473417556645,False,neutral,neutral,False,,
2022-11-18,2022-11-17,2000,1990,1,1,2,0.995453015544644,0.16273890456736548,False,neutral,neutral,False,,
2022-11-21,2022-11-18,2000,1990,2,2,0,0.9874485261193304,0.15555978770350062,False,neutral,neutral,False,,
2022-11-22,2022-11-21,2000,1990,2,2,0,0.9596609549428727,0.17002344090691765,False,neutral,neutral,False,,
2022-11-23,2022-11-22,2000,1990,2,2,1,0.9289590848095252,0.35943843820411403,False,neutral,neutral,False,,
2022-11-25,2022-11-23,2000,1990,1,2,1,1.0,0.3821787551006648,False,neutral,neutral,False,,
2022-11-28,2022-11-25,2000,1990,1,2,1,0.9926599306574195,0.30091397154577326,False,neutral,neutral,False,,
2022-11-29,2022-11-28,2000,1990,1,2,1,1.0,0.41800520226280363,False,neutral,neutral,False,,
2022-11-30,2022-11-29,2000,1990,0,2,0,0.9897197623047473,0.3033174228442379,False,neutral,neutral,False,,
2022-12-01,2022-11-30,2000,1990,1,2,1,0.9030062897207455,0.03117901679779548,False,neutral,neutral,False,,
2022-12-02,2022-12-01,2000,1990,1,2,1,0.7508901918252039,0.291019570025832,False,neutral,neutral,False,,
2022-12-05,2022-12-02,2000,1990,1,2,1,0.8364543585286618,0.2866744272653719,False,neutral,neutral,False,,
2022-12-06,2022-12-05,2000,1990,2,1,2,0.9485725177552055,0.3951091317147521,False,neutral,neutral,False,,
2022-12-07,2022-12-06,2000,1990,1,2,1,0.7646391407581795,0.42085376351848947,False,neutral,neutral,False,,
2022-12-08,2022-12-07,2000,1990,1,1,2,1.0,0.15674494047942095,False,neutral,neutral,False,,
2022-12-09,2022-12-08,2000,1990,2,1,2,0.4987530930966389,0.4075193794525131,False,neutral,neutral,False,,
2022-12-12,2022-12-09,2000,1990,2,1,2,0.3726979502442242,0.37386458404512807,False,neutral,neutral,False,,
2022-12-13,2022-12-12,2000,1990,2,2,1,0.9827845085313337,0.49472884058412053,False,neutral,neutral,False,,
2022-12-14,2022-12-13,2000,1990,1,2,1,0.4838175897556792,0.38971049960119863,False,neutral,neutral,False,,
2022-12-15,2022-12-14,2000,1990,2,1,2,0.8764445279940152,0.3548132786816193,False,neutral,neutral,False,,
2022-12-16,2022-12-15,2000,1990,2,2,1,0.9016120057135641,0.893714710045107,True,bear,neutral,True,NEUTRAL_TO_BEAR,
2022-12-19,2022-12-16,2000,1990,1,2,0,0.6566081568538272,0.4192234261303814,False,neutral,bear,True,BEAR_TO_NEUTRAL,
2022-12-20,2022-12-19,2000,1990,1,1,2,0.9974423782323373,0.32646176604710064,False,neutral,neutral,False,,
2022-12-21,2022-12-20,2000,1990,2,2,0,0.9806724390578393,0.14132706297569383,False,neutral,neutral,False,,
2022-12-22,2022-12-21,2000,1990,1,1,0,0.9854419053567507,0.4154799261794896,False,neutral,neutral,False,,
2022-12-23,2022-12-22,2000,1990,2,2,0,0.9925302230253525,0.4648035591973647,False,neutral,neutral,False,,
2022-12-27,2022-12-23,2000,1990,2,2,0,0.9937831493950202,0.16877546451957012,False,neutral,neutral,False,,
2022-12-28,2022-12-27,2000,1990,2,2,0,0.979851801904516,0.174949866800506,False,neutral,neutral,False,,
2022-12-29,2022-12-28,2000,1990,2,2,1,0.9926422829959379,0.5213332096267502,True,bear,neutral,True,NEUTRAL_TO_BEAR,
2022-12-30,2022-12-29,2000,1990,2,2,1,0.001573818227620905,0.5347152300188,False,neutral,bear,True,BEAR_TO_NEUTRAL,
2023-01-03,2022-12-30,2000,1990,1,2,1,0.42618408710224337,0.3050963512165029,False,neutral,neutral,False,,
2023-01-04,2023-01-03,2000,1990,0,2,0,0.3886156645937943,0.3224883491534624,False,neutral,neutral,False,,
2023-01-05,2023-01-04,2000,1990,1,2,1,0.7956637049105416,0.41959603603415446,False,neutral,neutral,False,,
2023-01-06,2023-01-05,2000,1990,0,2,0,0.5545831742926418,0.4197252339853479,False,neutral,neutral,False,,
2023-01-09,2023-01-06,2000,1990,0,1,0,1.0,0.25135484857383744,False,neutral,neutral,False,,
2023-01-10,2023-01-09,2000,1990,1,2,1,0.999999749058204,0.2974813849212623,False,neutral,neutral,False,,
2023-01-11,2023-01-10,2000,1990,2,1,2,0.9047006288468963,0.4092245552175813,False,neutral,neutral,False,,
2023-01-12,2023-01-11,2000,1990,2,1,2,0.554223726324393,0.5027263024657009,True,bull,neutral,True,NEUTRAL_TO_BULL,
2023-01-13,2023-01-12,2000,1990,1,2,1,0.37816577552533553,0.3174442047350825,False,neutral,bull,True,BULL_TO_NEUTRAL,
2023-01-17,2023-01-13,2000,1990,1,2,1,0.11528060084199973,0.3207284419938204,False,neutral,neutral,False,,
2023-01-18,2023-01-17,2000,1990,2,2,0,0.9209260745385068,0.15282298730737587,False,neutral,neutral,False,,
2023-01-19,2023-01-18,2000,1990,1,1,2,0.9022136644815315,0.5826111607073776,True,bear,neutral,True,NEUTRAL_TO_BEAR,
2023-01-20,2023-01-19,2000,1990,2,1,2,0.4563158416360558,0.37255470029509846,False,neutral,bear,True,BEAR_TO_NEUTRAL,
2023-01-23,2023-01-20,2000,1990,1,1,2,0.05055356093314238,0.6106878334747927,False,neutral,neutral,False,,
2023-01-24,2023-01-23,2000,1990,2,1,2,0.9663518458412989,0.49559625930132684,False,neutral,neutral,False,,
2023-01-25,2023-01-24,2000,1990,0,2,0,0.5945219909399015,0.30152876977988996,False,neutral,neutral,False,,
2023-01-26,2023-01-25,2000,1990,2,1,2,1.0,0.29568914914822814,False,neutral,neutral,False,,
2023-01-27,2023-01-26,2000,1990,1,2,1,0.7507547954271463,0.5152936425434446,True,bull,neutral,True,NEUTRAL_TO_BULL,
2023-01-30,2023-01-27,2000,1990,1,2,1,0.7072824849462828,0.30246376176196454,False,neutral,bull,True,BULL_TO_NEUTRAL,
2023-01-31,2023-01-30,2000,1990,0,2,0,0.6921461662400789,0.42365072576986107,False,neutral,neutral,False,,
2023-02-01,2023-01-31,2000,1990,1,2,1,0.489692356986447,0.5282538778681626,True,bull,neutral,True,NEUTRAL_TO_BULL,
2023-02-02,2023-02-01,2000,1990,1,2,1,0.39559007892609543,0.4706653402351456,False,neutral,bull,True,BULL_TO_NEUTRAL,
2023-02-03,2023-02-02,2000,1990,0,2,0,0.4137503139382434,0.5112414859676144,True,bull,neutral,True,NEUTRAL_TO_BULL,
2023-02-06,2023-02-03,2000,1990,1,2,1,0.5084520460860316,0.4245995684261284,False,neutral,bull,True,BULL_TO_NEUTRAL,
2023-02-07,2023-02-06,2000,1990,2,1,2,0.6016624188216187,0.3525479361125807,False,neutral,neutral,False,,
2023-02-08,2023-02-07,2000,1990,1,2,1,0.5944643029848254,0.5069962634906038,True,bull,neutral,True,NEUTRAL_TO_BULL,
2023-02-09,2023-02-08,2000,1990,1,2,1,0.8135361306815532,0.41540372682850213,False,neutral,bull,True,BULL_TO_NEUTRAL,
2023-02-10,2023-02-09,2000,1990,1,2,1,0.8556096220691652,0.3964460841036606,False,neutral,neutral,False,,
2023-02-13,2023-02-10,2000,1990,2,2,1,0.7258960655115891,0.150499815078826,False,neutral,neutral,False,,
2023-02-14,2023-02-13,2000,1990,1,2,1,0.9870208882387119,0.509876802621763,True,bull,neutral,True,NEUTRAL_TO_BULL,
2023-02-15,2023-02-14,2000,1990,1,2,1,0.9906913872142079,0.29771973915032857,False,neutral,bull,True,BULL_TO_NEUTRAL,
2023-02-16,2023-02-15,2000,1990,2,1,2,1.0,0.3097240132439807,False,neutral,neutral,False,,
2023-02-17,2023-02-16,2000,1990,1,2,1,0.996331870142061,0.44091790280401605,False,neutral,neutral,False,,
2023-02-21,2023-02-17,2000,1990,1,2,1,0.9606828036379554,0.30671085203811177,False,neutral,neutral,False,,
2023-02-22,2023-02-21,2000,1990,1,2,1,0.8724506580914739,0.33834095836592876,False,neutral,neutral,False,,
2023-02-23,2023-02-22,2000,1990,2,1,2,0.6984317005102565,0.2993880748341018,False,neutral,neutral,False,,
2023-02-24,2023-02-23,2000,1990,1,2,1,0.576490702966886,0.34755611537418374,False,neutral,neutral,False,,
2023-02-27,2023-02-24,2000,1990,2,1,2,0.24596498145584625,0.42747688570426534,False,neutral,neutral,False,,
2023-02-28,2023-02-27,2000,1990,2,2,1,0.9857894066188053,0.15292852516342426,False,neutral,neutral,False,,
2023-03-01,2023-02-28,2000,1990,1,2,1,0.18731863756991177,0.3202328354421038,False,neutral,neutral,False,,
2023-03-02,2023-03-01,2000,1990,1,2,1,0.3027650079413751,0.3200827378648907,False,neutral,neutral,False,,
2023-03-03,2023-03-02,2000,1990,1,1,2,0.5237024509058738,0.22767147650173278,False,neutral,neutral,False,,
2023-03-06,2023-03-03,2000,1990,1,2,1,0.9999522582580965,0.4910320507096981,False,neutral,neutral,False,,
2023-03-07,2023-03-06,2000,1990,2,1,2,0.9896373408777376,0.2983759242044809,False,neutral,neutral,False,,
2023-03-08,2023-03-07,2000,1990,1,2,1,0.9894833600547446,0.42015678691400765,False,neutral,neutral,False,,
2023-03-09,2023-03-08,2000,1990,1,2,1,0.9895463275562797,0.29660771300925814,False,neutral,neutral,False,,
2023-03-10,2023-03-09,2000,1990,0,2,0,0.8252118608349944,0.2627286857190563,False,neutral,neutral,False,,
2023-03-13,2023-03-10,2000,1990,1,2,0,0.7064224382798662,0.4390208672673753,False,neutral,neutral,False,,
2023-03-14,2023-03-13,2000,1990,1,2,1,0.25070968812867767,0.29231048811131594,False,neutral,neutral,False,,
2023-03-15,2023-03-14,2000,1990,2,1,2,0.22173020502537363,0.4809712893966286,False,neutral,neutral,False,,
2023-03-16,2023-03-15,2000,1990,1,2,1,0.15961281995539942,0.35788795005943524,False,neutral,neutral,False,,
2023-03-17,2023-03-16,2000,1990,2,2,0,0.8312925356471149,0.5192275340173138,True,bear,neutral,True,NEUTRAL_TO_BEAR,
2023-03-20,2023-03-17,2000,1990,1,1,2,0.5827657409306617,0.5171861365134898,True,bear,bear,False,,
2023-03-21,2023-03-20,2000,1990,1,2,1,0.8775650706916809,0.4522209114824626,False,neutral,bear,True,BEAR_TO_NEUTRAL,
2023-03-22,2023-03-21,2000,1990,2,1,0,0.9935411689172523,0.5087313628566131,True,bull,neutral,True,NEUTRAL_TO_BULL,
2023-03-23,2023-03-22,2000,1990,1,2,1,0.9444403977310538,0.4032296332682566,False,neutral,bull,True,BULL_TO_NEUTRAL,
2023-03-24,2023-03-23,2000,1990,1,2,1,0.9413767927127598,0.3052544273220737,False,neutral,neutral,False,,
2023-03-27,2023-03-24,2000,1990,1,2,1,0.9670443441299449,0.3684507820133037,False,neutral,neutral,False,,
2023-03-28,2023-03-27,2000,1990,1,2,1,1.0,0.31063637853208387,False,neutral,neutral,False,,
2023-03-29,2023-03-28,2000,1990,2,1,0,0.8589681405674879,0.2939979780532385,False,neutral,neutral,False,,
2023-03-30,2023-03-29,2000,1990,1,2,1,0.9859759037892093,0.5133540118145827,True,bull,neutral,True,NEUTRAL_TO_BULL,
2023-03-31,2023-03-30,2000,1990,1,2,0,1.0,0.3501574117240337,False,neutral,bull,True,BULL_TO_NEUTRAL,
2023-04-03,2023-03-31,2000,1990,2,1,0,0.7846903135852102,0.5128748423874656,True,bull,neutral,True,NEUTRAL_TO_BULL,
2023-04-04,2023-04-03,2000,1990,2,0,1,0.25300550040832415,0.3142766735554399,False,neutral,bull,True,BULL_TO_NEUTRAL,
2023-04-05,2023-04-04,2000,1990,0,2,0,0.1494312101623504,0.3431847693881712,False,neutral,neutral,False,,
2023-04-06,2023-04-05,2000,1990,2,1,2,0.256268001687477,0.3050469319188396,False,neutral,neutral,False,,
2023-04-10,2023-04-06,2000,1990,1,2,0,0.5107039052949016,0.31760127209488936,False,neutral,neutral,False,,
2023-04-11,2023-04-10,2000,1990,0,2,1,0.7389421314361392,0.29584807850938294,False,neutral,neutral,False,,
2023-04-12,2023-04-11,2000,1990,1,2,0,0.9846380353998331,0.29392962955905527,False,neutral,neutral,False,,
2023-04-13,2023-04-12,2000,1990,2,1,0,0.629163944326042,0.32177439393127716,False,neutral,neutral,False,,
2023-04-14,2023-04-13,2000,1990,2,1,0,0.22891665515862664,0.49926518980329604,False,neutral,neutral,False,,
2023-04-17,2023-04-14,2000,1990,0,1,0,0.9943083793222695,0.539515084197172,True,bull,neutral,True,NEUTRAL_TO_BULL,
2023-04-18,2023-04-17,2000,1990,0,1,0,0.8924887243097476,0.5390951312046016,True,bull,bull,False,,
2023-04-19,2023-04-18,2000,1990,0,2,0,0.7362644040618863,0.564607973453569,True,bull,bull,False,,
2023-04-20,2023-04-19,2000,1990,0,2,0,0.667426822635168,0.5597801531702481,True,bull,bull,False,,
2023-04-21,2023-04-20,2000,1990,0,1,0,0.8568096601799366,0.4637717839518986,False,neutral,bull,True,BULL_TO_NEUTRAL,
2023-04-24,2023-04-21,2000,1990,0,1,0,0.9228002733778431,0.5651448930355905,True,bull,neutral,True,NEUTRAL_TO_BULL,
2023-04-25,2023-04-24,2000,1990,0,2,0,0.969316588017536,0.5644973437107405,True,bull,bull,False,,
2023-04-26,2023-04-25,2000,1990,0,1,0,0.6248470643233374,0.06396180523216717,False,neutral,bull,True,BULL_TO_NEUTRAL,
2023-04-27,2023-04-26,2000,1990,2,0,1,0.9843343222543349,0.32030090292416824,False,neutral,neutral,False,,
2023-04-28,2023-04-27,2000,1990,1,2,0,0.9920429462152529,0.3976779421785565,False,neutral,neutral,False,,
2023-05-01,2023-04-28,2000,1990,1,2,0,1.0,0.4060294936449868,False,neutral,neutral,False,,
2023-05-02,2023-05-01,2000,1990,1,2,0,1.0,0.2964071583992214,False,neutral,neutral,False,,
2023-05-03,2023-05-02,2000,1990,2,1,0,0.9736813120027097,0.4402475329155659,False,neutral,neutral,False,,
2023-05-04,2023-05-03,2000,1990,2,1,0,1.0,0.3662823869773007,False,neutral,neutral,False,,
2023-05-05,2023-05-04,2000,1990,2,1,0,1.0,0.37005970717165815,False,neutral,neutral,False,,
2023-05-08,2023-05-05,2000,1990,1,2,0,0.9461604716198253,0.4366711527540834,False,neutral,neutral,False,,
2023-05-09,2023-05-08,2000,1990,2,1,0,1.0,0.29443186555585993,False,neutral,neutral,False,,
2023-05-10,2023-05-09,2000,1990,2,1,0,1.0,0.32643582657407194,False,neutral,neutral,False,,
2023-05-11,2023-05-10,2000,1990,2,1,0,0.8723305065489436,0.32764426968739874,False,neutral,neutral,False,,
2023-05-12,2023-05-11,2000,1990,2,1,0,0.8690565755424838,0.30132732506457893,False,neutral,neutral,False,,
2023-05-15,2023-05-12,2000,1990,2,1,2,1.0,0.2929230272253795,False,neutral,neutral,False,,
2023-05-16,2023-05-15,2000,1990,1,2,0,0.2556105934910648,0.3126689838640046,False,neutral,neutral,False,,
2023-05-17,2023-05-16,2000,1990,0,2,0,0.7420767752128484,0.41777855384403306,False,neutral,neutral,False,,
2023-05-18,2023-05-17,2000,1990,0,2,0,0.6757297137725256,0.2115070097032715,False,neutral,neutral,False,,
2023-05-19,2023-05-18,2000,1990,0,1,0,0.7453561915230981,0.3348840891992915,False,neutral,neutral,False,,
2023-05-22,2023-05-19,2000,1990,1,2,1,0.2974011454247986,0.5521342774466192,False,neutral,neutral,False,,
2023-05-23,2023-05-22,2000,1990,2,0,1,1.0,0.2957428298934809,False,neutral,neutral,False,,
2023-05-24,2023-05-23,2000,1990,0,2,1,0.8906895154035644,0.43208300576143716,False,neutral,neutral,False,,
2023-05-25,2023-05-24,2000,1990,1,2,0,0.9808186963977868,0.3700435859152578,False,neutral,neutral,False,,
2023-05-26,2023-05-25,2000,1990,1,2,0,0.9428779975332685,0.40677014360194486,False,neutral,neutral,False,,
2023-05-30,2023-05-26,2000,1990,1,2,0,0.9826616416384719,0.4960156899729951,False,neutral,neutral,False,,
2023-05-31,2023-05-30,2000,1990,1,2,0,1.0,0.2943266320465111,False,neutral,neutral,False,,
2023-06-01,2023-05-31,2000,1990,1,2,0,0.6935948905753241,0.3410466020115167,False,neutral,neutral,False,,
2023-06-02,2023-06-01,2000,1990,1,2,0,0.9476526282993463,0.42764058459088966,False,neutral,neutral,False,,
2023-06-05,2023-06-02,2000,1990,1,2,1,0.8823618785487628,0.5151641931358633,True,bull,neutral,True,NEUTRAL_TO_BULL,
2023-06-06,2023-06-05,2000,1990,1,2,1,0.7108729078400171,0.29276528174567895,False,neutral,bull,True,BULL_TO_NEUTRAL,
2023-06-07,2023-06-06,2000,1990,2,1,0,0.4687404537555165,0.30004910604038837,False,neutral,neutral,False,,
2023-06-08,2023-06-07,2000,1990,0,2,0,0.5312722205349144,0.3087995529002712,False,neutral,neutral,False,,
2023-06-09,2023-06-08,2000,1990,0,2,1,0.951050317844743,0.35370366888360805,False,neutral,neutral,False,,
2023-06-12,2023-06-09,2000,1990,1,2,0,1.0,0.29732706953936816,False,neutral,neutral,False,,
2023-06-13,2023-06-12,2000,1990,1,2,1,0.8556908247474229,0.4282262505851677,False,neutral,neutral,False,,
2023-06-14,2023-06-13,2000,1990,2,1,2,0.4784501655290972,0.3861150658253757,False,neutral,neutral,False,,
2023-06-15,2023-06-14,2000,1990,0,2,0,0.8574195727884931,0.29542606169442515,False,neutral,neutral,False,,
2023-06-16,2023-06-15,2000,1990,1,2,1,0.7022889409907305,0.5192372320877063,True,bull,neutral,True,NEUTRAL_TO_BULL,
2023-06-20,2023-06-16,2000,1990,2,1,2,0.6068206646332767,0.36356472886041236,False,neutral,bull,True,BULL_TO_NEUTRAL,
2023-06-21,2023-06-20,2000,1990,1,2,1,0.7047584362201588,0.33951402939793296,False,neutral,neutral,False,,
2023-06-22,2023-06-21,2000,1990,2,1,2,0.8199652221761279,0.33910914805341685,False,neutral,neutral,False,,
2023-06-23,2023-06-22,2000,1990,2,1,2,0.9481011830242925,0.3167645256861511,False,neutral,neutral,False,,
2023-06-26,2023-06-23,2000,1990,2,1,2,0.9791115114993706,0.38364546163378965,False,neutral,neutral,False,,
2023-06-27,2023-06-26,2000,1990,2,1,2,0.9671008226800936,0.3235084371914792,False,neutral,neutral,False,,
2023-06-28,2023-06-27,2000,1990,1,2,1,0.8910466240970211,0.48324520173786556,False,neutral,neutral,False,,
2023-06-29,2023-06-28,2000,1990,2,1,2,1.0,0.2862146542996869,False,neutral,neutral,False,,
2023-06-30,2023-06-29,2000,1990,1,2,1,0.9189157972362864,0.32178893369152684,False,neutral,neutral,False,,
2023-07-03,2023-06-30,2000,1990,2,1,2,0.9840377213224993,0.49866971179910713,False,neutral,neutral,False,,
2023-07-05,2023-07-03,2000,1990,1,2,1,0.959200925862288,0.296258834452084,False,neutral,neutral,False,,
2023-07-06,2023-07-05,2000,1990,0,2,0,0.9210705759230935,0.2986275970874759,False,neutral,neutral,False,,
2023-07-07,2023-07-06,2000,1990,2,1,2,0.9294316985662747,0.3892437747899815,False,neutral,neutral,False,,
2023-07-10,2023-07-07,2000,1990,1,2,1,0.9334342960327853,0.3063997903549024,False,neutral,neutral,False,,
2023-07-11,2023-07-10,2000,1990,2,1,2,0.999770826828036,0.29778969311388803,False,neutral,neutral,False,,
2023-07-12,2023-07-11,2000,1990,2,1,2,0.6772394282551435,0.3678817228763332,False,neutral,neutral,False,,
2023-07-13,2023-07-12,2000,1990,0,2,0,0.8577973678029893,0.4098384403535054,False,neutral,neutral,False,,
2023-07-14,2023-07-13,2000,1990,2,1,2,0.9756982245647304,0.407445905939814,False,neutral,neutral,False,,
2023-07-17,2023-07-14,2000,1990,2,1,2,0.9642628560345695,0.2955905846614992,False,neutral,neutral,False,,
2023-07-18,2023-07-17,2000,1990,0,2,0,0.9074316700129413,0.31613046116326726,False,neutral,neutral,False,,
2023-07-19,2023-07-18,2000,1990,1,2,1,0.6902973037921605,0.39437482316646566,False,neutral,neutral,False,,
2023-07-20,2023-07-19,2000,1990,2,1,2,0.3794358669023251,0.30385314431004395,False,neutral,neutral,False,,
2023-07-21,2023-07-20,2000,1990,2,1,2,0.5252403230966851,0.3673428659766505,False,neutral,neutral,False,,
2023-07-24,2023-07-21,2000,1990,2,1,2,0.6978602827690923,0.2824435846549725,False,neutral,neutral,False,,
2023-07-25,2023-07-24,2000,1990,1,2,1,0.999448158229951,0.32963074223110056,False,neutral,neutral,False,,
2023-07-26,2023-07-25,2000,1990,2,1,2,0.8306865105123264,0.3078370109101577,False,neutral,neutral,False,,
2023-07-27,2023-07-26,2000,1990,2,1,0,0.1750054615944034,0.29853614294710074,False,neutral,neutral,False,,
2023-07-28,2023-07-27,2000,1990,0,1,2,0.8794581672264258,0.4064130593994423,False,neutral,neutral,False,,
2023-07-31,2023-07-28,2000,1990,0,1,0,0.9960768652496927,0.313356521036163,False,neutral,neutral,False,,
2023-08-01,2023-07-31,2000,1990,1,2,0,0.9483919334190873,0.558817340590791,True,bull,neutral,True,NEUTRAL_TO_BULL,
2023-08-02,2023-08-01,2000,1990,1,0,2,0.9237353255822547,0.5357575434678261,True,bull,bull,False,,
2023-08-03,2023-08-02,2000,1990,0,1,2,0.6826967386514152,0.08138850867008318,False,neutral,bull,True,BULL_TO_NEUTRAL,
2023-08-04,2023-08-03,2000,1990,0,1,2,0.3617478923009386,0.5240709848676993,True,bull,neutral,True,NEUTRAL_TO_BULL,
2023-08-07,2023-08-04,2000,1990,2,1,2,0.9999956953970562,0.3289000073603758,False,neutral,bull,True,BULL_TO_NEUTRAL,
2023-08-08,2023-08-07,2000,1990,0,2,0,0.9999509123233187,0.4282019941040135,False,neutral,neutral,False,,
2023-08-09,2023-08-08,2000,1990,2,1,2,0.9995025799250439,0.3254823169976201,False,neutral,neutral,False,,
2023-08-10,2023-08-09,2000,1990,2,1,2,0.9893651960271964,0.3657722746399098,False,neutral,neutral,False,,
2023-08-11,2023-08-10,2000,1990,2,1,2,0.9536236370036797,0.289485004210033,False,neutral,neutral,False,,
2023-08-14,2023-08-11,2000,1990,2,1,2,0.9708903188918216,0.28407359783800884,False,neutral,neutral,False,,
2023-08-15,2023-08-14,2000,1990,0,2,0,0.9959305511059663,0.35371940843191285,False,neutral,neutral,False,,
2023-08-16,2023-08-15,2000,1990,2,1,2,0.2702498675740859,0.4501215674571656,False,neutral,neutral,False,,
2023-08-17,2023-08-16,2000,1990,0,2,0,0.976412984404397,0.3687439975800664,False,neutral,neutral,False,,
2023-08-18,2023-08-17,2000,1990,2,1,2,0.9783423803134336,0.388068683396872,False,neutral,neutral,False,,
2023-08-21,2023-08-18,2000,1990,2,1,0,0.9428422432424985,0.28462164797687867,False,neutral,neutral,False,,
2023-08-22,2023-08-21,2000,1990,0,1,0,0.9506574787397837,0.375948275774812,False,neutral,neutral,False,,
2023-08-23,2023-08-22,2000,1990,2,1,2,0.9430912573009294,0.30753164597684884,False,neutral,neutral,False,,
2023-08-24,2023-08-23,2000,1990,2,1,2,0.9620728076752818,0.5003045016589321,True,bull,neutral,True,NEUTRAL_TO_BULL,
2023-08-25,2023-08-24,2000,1990,2,1,2,0.9678663747281416,0.4448629530307037,False,neutral,bull,True,BULL_TO_NEUTRAL,
2023-08-28,2023-08-25,2000,1990,2,1,2,0.9886269273676058,0.3904401346839308,False,neutral,neutral,False,,
2023-08-29,2023-08-28,2000,1990,0,1,0,0.8586493857627,0.3908641436728076,False,neutral,neutral,False,,
2023-08-30,2023-08-29,2000,1990,2,1,2,0.9774280039928472,0.5064407134027533,True,bull,neutral,True,NEUTRAL_TO_BULL,
2023-08-31,2023-08-30,2000,1990,0,2,0,0.7698599852339999,0.32959449720097644,False,neutral,bull,True,BULL_TO_NEUTRAL,
2023-09-01,2023-08-31,2000,1990,0,1,0,0.519627743375678,0.29191627722778235,False,neutral,neutral,False,,
2023-09-05,2023-09-01,2000,1990,2,1,2,0.5423862742992799,0.3014653579249771,False,neutral,neutral,False,,
2023-09-06,2023-09-05,2000,1990,2,1,2,0.6274735605337899,0.3287869185670281,False,neutral,neutral,False,,
2023-09-07,2023-09-06,2000,1990,0,1,0,0.8140257862612155,0.35800666449874513,False,neutral,neutral,False,,
2023-09-08,2023-09-07,2000,1990,2,1,2,0.8358389010728864,0.30089154486212155,False,neutral,neutral,False,,
2023-09-11,2023-09-08,2000,1990,0,2,0,0.9849717130541567,0.30116829055405264,False,neutral,neutral,False,,
2023-09-12,2023-09-11,2000,1990,0,1,0,0.6762647280391493,0.37901367395757574,False,neutral,neutral,False,,
2023-09-13,2023-09-12,2000,1990,0,2,0,0.25463984639641435,0.3483182162191999,False,neutral,neutral,False,,
2023-09-14,2023-09-13,2000,1990,0,1,2,0.729839620849931,0.5666193008772326,True,bull,neutral,True,NEUTRAL_TO_BULL,
2023-09-15,2023-09-14,2000,1990,2,1,0,0.7828828494651253,0.3482466237457288,False,neutral,bull,True,BULL_TO_NEUTRAL,
2023-09-18,2023-09-15,2000,1990,0,1,2,0.6451120089467018,0.03937719399070063,False,neutral,neutral,False,,
2023-09-19,2023-09-18,2000,1990,2,1,0,0.7853670176014922,0.5666955907086284,True,bull,neutral,True,NEUTRAL_TO_BULL,
2023-09-20,2023-09-19,2000,1990,0,1,2,0.7794877897538827,0.5477549443337483,True,bull,bull,False,,
2023-09-21,2023-09-20,2000,1990,2,1,2,0.9889185545319903,0.4191629173504746,False,neutral,bull,True,BULL_TO_NEUTRAL,
2023-09-22,2023-09-21,2000,1990,0,1,0,0.6147285329133818,0.39864707591871407,False,neutral,neutral,False,,
2023-09-25,2023-09-22,2000,1990,0,1,0,0.1387139881618085,0.29461213942863296,False,neutral,neutral,False,,
2023-09-26,2023-09-25,2000,1990,2,1,2,0.15757604659936783,0.33150573757484914,False,neutral,neutral,False,,
2023-09-27,2023-09-26,2000,1990,2,2,1,0.9952995093642949,0.5535773271230199,True,bear,neutral,True,NEUTRAL_TO_BEAR,
2023-09-28,2023-09-27,2000,1990,2,2,1,0.985360603960122,0.13616646919465478,False,neutral,bear,True,BEAR_TO_NEUTRAL,
2023-09-29,2023-09-28,2000,1990,2,2,1,0.8849312379237141,0.16794182486698472,False,neutral,neutral,False,,
2023-10-02,2023-09-29,2000,1990,2,2,1,0.77548797629762,0.15503615366316484,False,neutral,neutral,False,,
2023-10-03,2023-10-02,2000,1990,0,0,2,0.36257856341817096,0.13867245073869575,False,neutral,neutral,False,,
2023-10-04,2023-10-03,2000,1990,1,2,1,0.9596159196747159,0.44584606081809575,False,neutral,neutral,False,,
2023-10-05,2023-10-04,2000,1990,1,2,1,0.9919103239468059,0.39436885157993584,False,neutral,neutral,False,,
2023-10-06,2023-10-05,2000,1990,2,1,2,0.8861385638838017,0.29531135655060614,False,neutral,neutral,False,,
2023-10-09,2023-10-06,2000,1990,1,2,1,0.8028752377998275,0.5039140787498351,True,bull,neutral,True,NEUTRAL_TO_BULL,
2023-10-10,2023-10-09,2000,1990,1,2,1,0.9423372186388069,0.3785613469069533,False,neutral,bull,True,BULL_TO_NEUTRAL,
2023-10-11,2023-10-10,2000,1990,1,2,1,0.9999696775400571,0.34537206436507667,False,neutral,neutral,False,,
2023-10-12,2023-10-11,2000,1990,1,2,1,0.9506979260365179,0.3296363277125265,False,neutral,neutral,False,,
2023-10-13,2023-10-12,2000,1990,0,1,0,0.8809430513176113,0.36497274846204747,False,neutral,neutral,False,,
2023-10-16,2023-10-13,2000,1990,2,1,2,0.8909604160541748,0.32404352774177164,False,neutral,neutral,False,,
2023-10-17,2023-10-16,2000,1990,2,1,2,0.787677444145566,0.4944088530685297,False,neutral,neutral,False,,
2023-10-18,2023-10-17,2000,1990,1,2,1,0.9330713718107927,0.29343546442844837,False,neutral,neutral,False,,
2023-10-19,2023-10-18,2000,1990,2,1,2,0.9999996953387408,0.4530449710432459,False,neutral,neutral,False,,
2023-10-20,2023-10-19,2000,1990,0,2,0,1.0,0.41910186241246095,False,neutral,neutral,False,,
2023-10-23,2023-10-20,2000,1990,1,2,1,0.9045764204100439,0.45714152751809517,False,neutral,neutral,False,,
2023-10-24,2023-10-23,2000,1990,2,1,2,0.43694653921538806,0.2998372795602066,False,neutral,neutral,False,,
2023-10-25,2023-10-24,2000,1990,2,1,2,0.3582321474400175,0.40761686175888273,False,neutral,neutral,False,,
2023-10-26,2023-10-25,2000,1990,0,2,0,0.19180303721163108,0.44317588754397236,False,neutral,neutral,False,,
2023-10-27,2023-10-26,2000,1990,2,2,0,0.9632786767558595,0.4173893295578851,False,neutral,neutral,False,,
2023-10-30,2023-10-27,2000,1990,1,1,2,0.9930458710734545,0.1784133909399343,False,neutral,neutral,False,,
2023-10-31,2023-10-30,2000,1990,1,1,2,0.9660815746896563,0.33024261587915293,False,neutral,neutral,False,,
2023-11-01,2023-10-31,2000,1990,2,2,1,0.5852457349067901,0.17841218308099752,False,neutral,neutral,False,,
2023-11-02,2023-11-01,2000,1990,2,1,2,0.8679494913446493,0.4972797266660667,False,neutral,neutral,False,,
2023-11-03,2023-11-02,2000,1990,2,1,2,0.527672054324882,0.3808364377084041,False,neutral,neutral,False,,
2023-11-06,2023-11-03,2000,1990,1,1,2,0.9429191086200225,0.24560352548608463,False,neutral,neutral,False,,
2023-11-07,2023-11-06,2000,1990,2,2,1,0.9944773880175715,0.13697731280774045,False,neutral,neutral,False,,
2023-11-08,2023-11-07,2000,1990,1,1,2,0.9994574632997194,0.13971841692689435,False,neutral,neutral,False,,
2023-11-09,2023-11-08,2000,1990,2,2,0,0.9998417168393156,0.13257616992254223,False,neutral,neutral,False,,
2023-11-10,2023-11-09,2000,1990,1,1,2,0.9992378818671575,0.271697911826283,False,neutral,neutral,False,,
2023-11-13,2023-11-10,2000,1990,2,2,1,0.9910361339509318,0.4501162583200333,False,neutral,neutral,False,,
2023-11-14,2023-11-13,2000,1990,2,2,0,0.916795177826049,0.1387588448204391,False,neutral,neutral,False,,
2023-11-15,2023-11-14,2000,1990,2,2,1,0.8214424529813155,0.6286482176212238,True,bear,neutral,True,NEUTRAL_TO_BEAR,
2023-11-16,2023-11-15,2000,1990,1,1,2,0.629476776315428,0.1366234775405833,False,neutral,bear,True,BEAR_TO_NEUTRAL,
2023-11-17,2023-11-16,2000,1990,2,2,1,0.71606846154845,0.13428772285901636,False,neutral,neutral,False,,
2023-11-20,2023-11-17,2000,1990,2,2,1,0.8125753005037197,0.13320272901220412,False,neutral,neutral,False,,
2023-11-21,2023-11-20,2000,1990,2,2,1,0.9026825750455436,0.2116687165865792,False,neutral,neutral,False,,
2023-11-22,2023-11-21,2000,1990,1,1,2,0.9039714656518313,0.14830863944138273,False,neutral,neutral,False,,
2023-11-24,2023-11-22,2000,1990,2,2,1,0.8768241420067585,0.14940211783654414,False,neutral,neutral,False,,
2023-11-27,2023-11-24,2000,1990,1,1,0,0.3461307707860875,0.13286419376725334,False,neutral,neutral,False,,
2023-11-28,2023-11-27,2000,1990,1,2,1,0.9624825715730525,0.29503724851158175,False,neutral,neutral,False,,
2023-11-29,2023-11-28,2000,1990,2,1,2,0.42238465504116895,0.29051512055535583,False,neutral,neutral,False,,
2023-11-30,2023-11-29,2000,1990,0,1,2,0.822878549041851,0.5740741090918353,True,bull,neutral,True,NEUTRAL_TO_BULL,
2023-12-01,2023-11-30,2000,1990,0,2,1,0.9136267172105592,0.5262273708241673,True,bull,bull,False,,
2023-12-04,2023-12-01,2000,1990,1,0,1,0.8241140258093783,0.4617005708523386,False,neutral,bull,True,BULL_TO_NEUTRAL,
2023-12-05,2023-12-04,2000,1990,0,2,1,1.0,0.4592627460483499,False,neutral,neutral,False,,
2023-12-06,2023-12-05,2000,1990,0,2,1,1.0,0.5757571695295661,True,bull,neutral,True,NEUTRAL_TO_BULL,
2023-12-07,2023-12-06,2000,1990,0,2,1,1.0,0.5071442501201706,True,bull,bull,False,,
2023-12-08,2023-12-07,2000,1990,0,2,1,1.0,0.3754789624068385,False,neutral,bull,True,BULL_TO_NEUTRAL,
2023-12-11,2023-12-08,2000,1990,0,2,1,0.9018996090964635,0.5158243691969566,True,bull,neutral,True,NEUTRAL_TO_BULL,
2023-12-12,2023-12-11,2000,1990,0,1,2,0.6100476492774365,0.5285581100492694,True,bull,bull,False,,
2023-12-13,2023-12-12,2000,1990,2,1,2,1.0,0.3342617835938514,False,neutral,bull,True,BULL_TO_NEUTRAL,
2023-12-14,2023-12-13,2000,1990,2,1,2,0.9377079932655407,0.5136317040712204,True,bull,neutral,True,NEUTRAL_TO_BULL,
2023-12-15,2023-12-14,2000,1990,2,1,2,0.29531244412309593,0.30456346194224115,False,neutral,bull,True,BULL_TO_NEUTRAL,
2023-12-18,2023-12-15,2000,1990,2,1,2,0.3427668055516278,0.3536717358216648,False,neutral,neutral,False,,
2023-12-19,2023-12-18,2000,1990,2,1,2,0.2520753390551932,0.363600981034058,False,neutral,neutral,False,,
2023-12-20,2023-12-19,2000,1990,2,1,2,0.11638853369932371,0.3729208549535873,False,neutral,neutral,False,,
2023-12-21,2023-12-20,2000,1990,0,2,0,0.5999459385369085,0.4444050161336121,False,neutral,neutral,False,,
2023-12-22,2023-12-21,2000,1990,2,1,2,0.8389827835639864,0.46846062862361676,False,neutral,neutral,False,,
2023-12-26,2023-12-22,2000,1990,1,2,1,0.9629600317572414,0.3006075617810369,False,neutral,neutral,False,,
2023-12-27,2023-12-26,2000,1990,1,2,1,0.9959062866493806,0.33303480006553626,False,neutral,neutral,False,,
2023-12-28,2023-12-27,2000,1990,1,2,1,0.6403753671716822,0.2991288031716079,False,neutral,neutral,False,,
2023-12-29,2023-12-28,2000,1990,2,1,2,0.891091158784357,0.29129195306755346,False,neutral,neutral,False,,
2024-01-02,2023-12-29,2000,1990,1,2,1,0.9438797408088964,0.30716144528255024,False,neutral,neutral,False,,
2024-01-03,2024-01-02,2000,1990,1,2,1,0.45117222563634063,0.3554375862215544,False,neutral,neutral,False,,
2024-01-04,2024-01-03,2000,1990,2,1,2,0.991281119049696,0.4105970783244817,False,neutral,neutral,False,,
2024-01-05,2024-01-04,2000,1990,1,2,1,0.9941863294221807,0.3130585374243732,False,neutral,neutral,False,,
2024-01-08,2024-01-05,2000,1990,1,2,1,1.0,0.29038925960407735,False,neutral,neutral,False,,
2024-01-09,2024-01-08,2000,1990,1,2,1,1.0,0.5087941020355258,True,bull,neutral,True,NEUTRAL_TO_BULL,
2024-01-10,2024-01-09,2000,1990,2,1,2,0.9915787325487562,0.29610042027608,False,neutral,bull,True,BULL_TO_NEUTRAL,
2024-01-11,2024-01-10,2000,1990,2,1,2,0.9888321671806177,0.36577390398523324,False,neutral,neutral,False,,
2024-01-12,2024-01-11,2000,1990,1,2,1,0.9894030140980068,0.29230526406609403,False,neutral,neutral,False,,
2024-01-16,2024-01-12,2000,1990,2,1,2,0.9894219401159592,0.2939620395401331,False,neutral,neutral,False,,
2024-01-17,2024-01-16,2000,1990,2,1,0,1.0,0.3189023304404848,False,neutral,neutral,False,,
2024-01-18,2024-01-17,2000,1990,1,2,1,0.9900637555805046,0.3530991271698012,False,neutral,neutral,False,,
2024-01-19,2024-01-18,2000,1990,1,2,1,0.9943159266066502,0.4546679846613266,False,neutral,neutral,False,,
2024-01-22,2024-01-19,2000,1990,1,2,1,1.0,0.5152221639984059,True,bull,neutral,True,NEUTRAL_TO_BULL,
2024-01-23,2024-01-22,2000,1990,2,1,2,0.9933869140111702,0.3038214129575085,False,neutral,bull,True,BULL_TO_NEUTRAL,
2024-01-24,2024-01-23,2000,1990,1,2,1,0.9517314573568203,0.31391331774321507,False,neutral,neutral,False,,
2024-01-25,2024-01-24,2000,1990,1,2,1,0.8997574791196093,0.29724898113544107,False,neutral,neutral,False,,
2024-01-26,2024-01-25,2000,1990,1,2,1,0.7139315051937256,0.3618182979658899,False,neutral,neutral,False,,
2024-01-29,2024-01-26,2000,1990,1,2,1,0.6142536256392808,0.2966080683969741,False,neutral,neutral,False,,
2024-01-30,2024-01-29,2000,1990,2,1,2,0.2069344849218637,0.4332896145214221,False,neutral,neutral,False,,
2024-01-31,2024-01-30,2000,1990,0,2,0,0.4555260103181659,0.2939989481868062,False,neutral,neutral,False,,
2024-02-01,2024-01-31,2000,1990,1,2,1,0.9392664671224257,0.38837478039281237,False,neutral,neutral,False,,
2024-02-02,2024-02-01,2000,1990,1,2,1,0.9980478820190909,0.5136656688347889,True,bull,neutral,True,NEUTRAL_TO_BULL,
2024-02-05,2024-02-02,2000,1990,2,1,2,0.9885827302057775,0.4927261890220815,False,neutral,bull,True,BULL_TO_NEUTRAL,
2024-02-06,2024-02-05,2000,1990,2,1,2,0.9906641204419814,0.29226694988339685,False,neutral,neutral,False,,
2024-02-07,2024-02-06,2000,1990,1,2,1,0.9880636960458435,0.3153539134318211,False,neutral,neutral,False,,
2024-02-08,2024-02-07,2000,1990,1,2,1,0.9521448417386607,0.4424299750059603,False,neutral,neutral,False,,
2024-02-09,2024-02-08,2000,1990,2,1,2,0.8843405615894705,0.2935830219470525,False,neutral,neutral,False,,
2024-02-12,2024-02-09,2000,1990,2,1,2,0.7453976614917033,0.3715405011680672,False,neutral,neutral,False,,
2024-02-13,2024-02-12,2000,1990,0,2,0,0.5780416940699966,0.293620127197932,False,neutral,neutral,False,,
2024-02-14,2024-02-13,2000,1990,2,1,2,0.624692139195707,0.43984374106338064,False,neutral,neutral,False,,
2024-02-15,2024-02-14,2000,1990,2,1,2,1.0,0.4685009602949569,False,neutral,neutral,False,,
2024-02-16,2024-02-15,2000,1990,0,1,0,0.9955862683700709,0.40273227562872826,False,neutral,neutral,False,,
2024-02-20,2024-02-16,2000,1990,1,2,1,0.9973899125055424,0.34217614928887496,False,neutral,neutral,False,,
2024-02-21,2024-02-20,2000,1990,0,1,0,0.769021919251009,0.351000442869201,False,neutral,neutral,False,,
2024-02-22,2024-02-21,2000,1990,0,2,0,0.2928969117998322,0.29659817974701563,False,neutral,neutral,False,,
2024-02-23,2024-02-22,2000,1990,2,1,2,0.9908697581272846,0.28974755089898957,False,neutral,neutral,False,,
2024-02-26,2024-02-23,2000,1990,0,2,0,0.9323044976461043,0.2954219463587202,False,neutral,neutral,False,,
2024-02-27,2024-02-26,2000,1990,0,2,0,0.8777444403873137,0.31826461624192137,False,neutral,neutral,False,,
2024-02-28,2024-02-27,2000,1990,2,1,2,0.7914550354632871,0.3032006471743759,False,neutral,neutral,False,,
2024-02-29,2024-02-28,2000,1990,1,2,1,0.919805391524028,0.29630534917815743,False,neutral,neutral,False,,
2024-03-01,2024-02-29,2000,1990,2,1,2,0.920273611215465,0.3259638451133262,False,neutral,neutral,False,,
2024-03-04,2024-03-01,2000,1990,2,1,2,0.7398987684956971,0.4707074372512003,False,neutral,neutral,False,,
2024-03-05,2024-03-04,2000,1990,2,1,2,0.7066659074664832,0.29417117085136896,False,neutral,neutral,False,,
2024-03-06,2024-03-05,2000,1990,1,2,1,0.9554282827003542,0.44546677861798806,False,neutral,neutral,False,,
2024-03-07,2024-03-06,2000,1990,1,2,1,0.30761537467163846,0.3553767609275262,False,neutral,neutral,False,,
2024-03-08,2024-03-07,2000,1990,2,1,2,0.999167457151284,0.4836986635568234,False,neutral,neutral,False,,
2024-03-11,2024-03-08,2000,1990,0,2,0,0.9988897794526467,0.3631007454123913,False,neutral,neutral,False,,
2024-03-12,2024-03-11,2000,1990,1,2,1,0.9219598137070782,0.29263144233364446,False,neutral,neutral,False,,
2024-03-13,2024-03-12,2000,1990,1,2,1,0.9970742777045749,0.5031096860128128,True,bull,neutral,True,NEUTRAL_TO_BULL,
2024-03-14,2024-03-13,2000,1990,1,2,1,0.9985900305534247,0.29553948853655854,False,neutral,bull,True,BULL_TO_NEUTRAL,
2024-03-15,2024-03-14,2000,1990,2,1,2,0.9797402900162108,0.2989364381054178,False,neutral,neutral,False,,
2024-03-18,2024-03-15,2000,1990,1,2,1,1.0,0.4609740870536259,False,neutral,neutral,False,,
2024-03-19,2024-03-18,2000,1990,1,2,1,0.9990994720245168,0.37836179213649174,False,neutral,neutral,False,,
2024-03-20,2024-03-19,2000,1990,1,2,1,0.5298927080028155,0.368018900999828,False,neutral,neutral,False,,
2024-03-21,2024-03-20,2000,1990,1,2,1,0.999054350276537,0.4684039424401412,False,neutral,neutral,False,,
2024-03-22,2024-03-21,2000,1990,1,2,1,0.9761488869506912,0.32216893588336226,False,neutral,neutral,False,,
2024-03-25,2024-03-22,2000,1990,2,1,2,0.9600537445724772,0.29916218634680164,False,neutral,neutral,False,,
2024-03-26,2024-03-25,2000,1990,2,1,2,0.9778886899083037,0.30746282119654345,False,neutral,neutral,False,,
2024-03-27,2024-03-26,2000,1990,1,2,1,0.9753892879758033,0.2984198798464765,False,neutral,neutral,False,,
2024-03-28,2024-03-27,2000,1990,1,2,1,0.9394771427122841,0.44542298605062697,False,neutral,neutral,False,,
2024-04-01,2024-03-28,2000,1990,0,2,0,0.9189288850990396,0.2928596216241405,False,neutral,neutral,False,,
2024-04-02,2024-04-01,2000,1990,1,2,1,1.0,0.29414385183569447,False,neutral,neutral,False,,
2024-04-03,2024-04-02,2000,1990,1,2,1,0.2512618576143055,0.37289979221849096,False,neutral,neutral,False,,
2024-04-04,2024-04-03,2000,1990,0,2,1,0.9863370023102519,0.5772564432906236,True,bull,neutral,True,NEUTRAL_TO_BULL,
2024-04-05,2024-04-04,2000,1990,2,1,2,0.9994406875682024,0.45392346707645936,False,neutral,bull,True,BULL_TO_NEUTRAL,
2024-04-08,2024-04-05,2000,1990,2,1,2,0.9735794524979131,0.49563757612351655,False,neutral,neutral,False,,
2024-04-09,2024-04-08,2000,1990,2,1,2,0.9455627614519665,0.2945565268411915,False,neutral,neutral,False,,
2024-04-10,2024-04-09,2000,1990,1,2,1,0.9449470198162317,0.2969041871363792,False,neutral,neutral,False,,
2024-04-11,2024-04-10,2000,1990,2,1,2,1.0,0.46686941543936933,False,neutral,neutral,False,,
2024-04-12,2024-04-11,2000,1990,1,2,1,0.9992715060574988,0.4228888081301894,False,neutral,neutral,False,,
2024-04-15,2024-04-12,2000,1990,1,2,1,0.9952789162541248,0.4399918396624384,False,neutral,neutral,False,,
2024-04-16,2024-04-15,2000,1990,2,1,0,0.837408966208777,0.46660722899997303,False,neutral,neutral,False,,
2024-04-17,2024-04-16,2000,1990,1,2,1,0.44340589209612413,0.29774443895316977,False,neutral,neutral,False,,
2024-04-18,2024-04-17,2000,1990,2,1,2,0.13908264023560485,0.3638252290631771,False,neutral,neutral,False,,
2024-04-19,2024-04-18,2000,1990,2,2,1,0.9749043663904112,0.1448434581737494,False,neutral,neutral,False,,
2024-04-22,2024-04-19,2000,1990,1,1,2,0.9950959798855715,0.30783502515969574,False,neutral,neutral,False,,
2024-04-23,2024-04-22,2000,1990,1,1,2,0.9886925599465475,0.25189591100096187,False,neutral,neutral,False,,
2024-04-24,2024-04-23,2000,1990,2,2,1,0.8939768077415449,0.34178191806314745,False,neutral,neutral,False,,
2024-04-25,2024-04-24,2000,1990,1,1,2,0.719145153799977,0.13454951517340946,False,neutral,neutral,False,,
2024-04-26,2024-04-25,2000,1990,2,1,2,0.9485275224964675,0.32056120297964036,False,neutral,neutral,False,,
2024-04-29,2024-04-26,2000,1990,0,2,0,0.984789466797368,0.4757602211206278,False,neutral,neutral,False,,
2024-04-30,2024-04-29,2000,1990,1,0,2,0.7794277650385437,0.218067062047178,False,neutral,neutral,False,,
2024-05-01,2024-04-30,2000,1990,2,1,2,0.9963066147347284,0.37333208563501574,False,neutral,neutral,False,,
2024-05-02,2024-05-01,2000,1990,2,1,2,0.9225544875127731,0.31250759108090104,False,neutral,neutral,False,,
2024-05-03,2024-05-02,2000,1990,2,1,2,0.9406991762392035,0.4718960316572993,False,neutral,neutral,False,,
2024-05-06,2024-05-03,2000,1990,0,1,0,0.9809759566899907,0.5195990036301164,True,bull,neutral,True,NEUTRAL_TO_BULL,
2024-05-07,2024-05-06,2000,1990,0,2,0,0.8611379439202604,0.49506867038382196,False,neutral,bull,True,BULL_TO_NEUTRAL,
2024-05-08,2024-05-07,2000,1990,2,1,2,0.5377273648167991,0.2967752489586468,False,neutral,neutral,False,,
2024-05-09,2024-05-08,2000,1990,2,1,2,0.30745759098625536,0.2922394016881165,False,neutral,neutral,False,,
2024-05-10,2024-05-09,2000,1990,1,2,1,0.1618512788621267,0.37210426351457565,False,neutral,neutral,False,,
2024-05-13,2024-05-10,2000,1990,2,2,0,0.954345315350611,0.13009927344175606,False,neutral,neutral,False,,
2024-05-14,2024-05-13,2000,1990,1,1,2,0.9710026795125154,0.13300576799304475,False,neutral,neutral,False,,
2024-05-15,2024-05-14,2000,1990,1,0,2,1.0,0.1808534923238031,False,neutral,neutral,False,,
2024-05-16,2024-05-15,2000,1990,1,1,2,0.7913388325242079,0.36088733637168924,False,neutral,neutral,False,,
2024-05-17,2024-05-16,2000,1990,2,2,1,0.39109790385267024,0.14634904771205037,False,neutral,neutral,False,,
2024-05-20,2024-05-17,2000,1990,2,1,2,0.7636611392020877,0.29843958892658784,False,neutral,neutral,False,,
2024-05-21,2024-05-20,2000,1990,2,1,2,0.7233070760994474,0.29440394341330317,False,neutral,neutral,False,,
2024-05-22,2024-05-21,2000,1990,2,1,2,0.7660598060544617,0.3064096603046143,False,neutral,neutral,False,,
2024-05-23,2024-05-22,2000,1990,0,2,0,0.920148678179567,0.3103992324737669,False,neutral,neutral,False,,
2024-05-24,2024-05-23,2000,1990,1,2,1,0.9769568079160547,0.3967114799160752,False,neutral,neutral,False,,
2024-05-28,2024-05-24,2000,1990,1,2,1,0.9968779382127492,0.3953327085605409,False,neutral,neutral,False,,
2024-05-29,2024-05-28,2000,1990,1,2,1,0.25197249337582955,0.29501107187438,False,neutral,neutral,False,,
2024-05-30,2024-05-29,2000,1990,0,2,1,0.9914672097052036,0.3661869491577695,False,neutral,neutral,False,,
2024-05-31,2024-05-30,2000,1990,0,2,1,0.581299922960396,0.3891008891169761,False,neutral,neutral,False,,
2024-06-03,2024-05-31,2000,1990,0,1,2,0.5736881590779487,0.29343478755032815,False,neutral,neutral,False,,
2024-06-04,2024-06-03,2000,1990,0,2,1,0.6085219689974922,0.567296093318169,True,bull,neutral,True,NEUTRAL_TO_BULL,
2024-06-05,2024-06-04,2000,1990,0,2,1,0.6833697338769205,0.5661684365564017,True,bull,bull,False,,
2024-06-06,2024-06-05,2000,1990,2,1,2,0.9989456213594763,0.5137147427304499,True,bull,bull,False,,
2024-06-07,2024-06-06,2000,1990,1,1,0,0.4928049854949503,0.32319815690552073,False,neutral,bull,True,BULL_TO_NEUTRAL,
2024-06-10,2024-06-07,2000,1990,2,1,2,0.9785297352847525,0.29904206102093195,False,neutral,neutral,False,,
2024-06-11,2024-06-10,2000,1990,2,0,2,0.25208557517972235,0.5436930994384376,False,neutral,neutral,False,,
2024-06-12,2024-06-11,2000,1990,1,2,1,0.8542695994857115,0.3099921614410228,False,neutral,neutral,False,,
2024-06-13,2024-06-12,2000,1990,1,2,1,0.6385699318490552,0.4322492585663489,False,neutral,neutral,False,,
2024-06-14,2024-06-13,2000,1990,1,2,1,0.754395465733984,0.3064633476128252,False,neutral,neutral,False,,
2024-06-17,2024-06-14,2000,1990,1,2,1,0.7574023103906046,0.2980766329271086,False,neutral,neutral,False,,
2024-06-18,2024-06-17,2000,1990,2,1,2,0.67354753999915,0.4288001203307037,False,neutral,neutral,False,,
2024-06-20,2024-06-18,2000,1990,1,2,1,0.7275907333255314,0.3123365881934344,False,neutral,neutral,False,,
2024-06-21,2024-06-20,2000,1990,2,1,2,0.6920612061172101,0.3109127901364498,False,neutral,neutral,False,,
2024-06-24,2024-06-21,2000,1990,2,1,2,0.8196402656626829,0.3384882337339494,False,neutral,neutral,False,,
2024-06-25,2024-06-24,2000,1990,1,2,1,0.9621168700648827,0.31791670688002455,False,neutral,neutral,False,,
2024-06-26,2024-06-25,2000,1990,1,2,1,0.9970949896530191,0.33179508686004644,False,neutral,neutral,False,,
2024-06-27,2024-06-26,2000,1990,0,2,0,0.5363768906510284,0.5621677066480277,True,bull,neutral,True,NEUTRAL_TO_BULL,
2024-06-28,2024-06-27,2000,1990,0,2,1,0.9190726554095886,0.5610002555161024,True,bull,bull,False,,
2024-07-01,2024-06-28,2000,1990,0,1,2,0.9507206206847322,0.5035577260565047,True,bull,bull,False,,
2024-07-02,2024-07-01,2000,1990,0,2,1,0.9982789278442932,0.5558629100897673,True,bull,bull,False,,
2024-07-03,2024-07-02,2000,1990,0,2,1,0.9592521864792213,0.4160349646680429,False,neutral,bull,True,BULL_TO_NEUTRAL,
2024-07-05,2024-07-03,2000,1990,0,2,1,0.6826424087949888,0.5040338243975702,True,bull,neutral,True,NEUTRAL_TO_BULL,
2024-07-08,2024-07-05,2000,1990,1,2,1,0.9894167803156472,0.37109584748798924,False,neutral,bull,True,BULL_TO_NEUTRAL,
2024-07-09,2024-07-08,2000,1990,2,1,2,0.9362983018590646,0.30179960179133675,False,neutral,neutral,False,,
2024-07-10,2024-07-09,2000,1990,1,2,1,0.9041848489793926,0.3013739183928015,False,neutral,neutral,False,,
2024-07-11,2024-07-10,2000,1990,2,1,2,0.5935372332877672,0.47143395541761735,False,neutral,neutral,False,,
2024-07-12,2024-07-11,2000,1990,0,2,0,0.6320268135759004,0.42131894516623497,False,neutral,neutral,False,,
2024-07-15,2024-07-12,2000,1990,2,1,2,0.5793603947664215,0.3831605363768056,False,neutral,neutral,False,,
2024-07-16,2024-07-15,2000,1990,2,1,2,0.7515949929743138,0.3170732218893405,False,neutral,neutral,False,,
2024-07-17,2024-07-16,2000,1990,2,1,2,0.8626019307331803,0.3758382856584046,False,neutral,neutral,False,,
2024-07-18,2024-07-17,2000,1990,1,2,1,0.9766681079499347,0.43054342157323017,False,neutral,neutral,False,,
2024-07-19,2024-07-18,2000,1990,0,2,0,0.9864259913875314,0.4019671883986438,False,neutral,neutral,False,,
2024-07-22,2024-07-19,2000,1990,0,1,0,0.9046180593274119,0.3807268092649684,False,neutral,neutral,False,,
2024-07-23,2024-07-22,2000,1990,2,2,0,0.7598514423807347,0.3567501025020782,False,neutral,neutral,False,,
2024-07-24,2024-07-23,2000,1990,1,2,1,0.8765739579042325,0.3053618518777183,False,neutral,neutral,False,,
2024-07-25,2024-07-24,2000,1990,0,1,0,0.2279965335969733,0.21077261276563997,False,neutral,neutral,False,,
2024-07-26,2024-07-25,2000,1990,1,1,2,0.9900087168737195,0.19589737430507,False,neutral,neutral,False,,
2024-07-29,2024-07-26,2000,1990,2,2,1,0.9912453476793376,0.312448941580299,False,neutral,neutral,False,,
2024-07-30,2024-07-29,2000,1990,1,1,2,0.9761360981995313,0.13594096580640105,False,neutral,neutral,False,,
2024-07-31,2024-07-30,2000,1990,1,1,0,0.7012858444403579,0.1934708194315956,False,neutral,neutral,False,,
2024-08-01,2024-07-31,2000,1990,2,2,0,0.4168708139792073,0.5189140049733363,True,bear,neutral,True,NEUTRAL_TO_BEAR,
2024-08-02,2024-08-01,2000,1990,0,2,0,0.6722117013409367,0.4297035968237736,False,neutral,bear,True,BEAR_TO_NEUTRAL,
2024-08-05,2024-08-02,2000,1990,2,2,0,0.8139961613777169,0.6775611280057648,True,bear,neutral,True,NEUTRAL_TO_BEAR,
2024-08-06,2024-08-05,2000,1990,1,1,0,0.9997455833982761,0.9038191066285349,True,bear,bear,False,,
2024-08-07,2024-08-06,2000,1990,2,2,1,0.9999262039373809,0.24707877946376794,False,neutral,bear,True,BEAR_TO_NEUTRAL,
2024-08-08,2024-08-07,2000,1990,1,1,2,0.999999004301537,0.23477742035786778,False,neutral,neutral,False,,
2024-08-09,2024-08-08,2000,1990,1,1,2,0.9999990828011075,0.8213066242371859,True,bear,neutral,True,NEUTRAL_TO_BEAR,
2024-08-12,2024-08-09,2000,1990,2,2,1,0.9999958273290239,0.15414319114931266,False,neutral,bear,True,BEAR_TO_NEUTRAL,
2024-08-13,2024-08-12,2000,1990,2,2,1,0.9999691448106771,0.13576597523577777,False,neutral,neutral,False,,
2024-08-14,2024-08-13,2000,1990,2,2,1,0.9999692806601447,0.5271731961490312,True,bear,neutral,True,NEUTRAL_TO_BEAR,
2024-08-15,2024-08-14,2000,1990,1,1,0,0.9993072350796807,0.14256385848942363,False,neutral,bear,True,BEAR_TO_NEUTRAL,
2024-08-16,2024-08-15,2000,1990,2,2,0,0.9999911649187458,0.5657228594661794,True,bear,neutral,True,NEUTRAL_TO_BEAR,
2024-08-19,2024-08-16,2000,1990,2,2,1,0.9999999772846649,0.1375264848183632,False,neutral,bear,True,BEAR_TO_NEUTRAL,
2024-08-20,2024-08-19,2000,1990,1,1,0,0.9999999966258493,0.26525067270946345,False,neutral,neutral,False,,
2024-08-21,2024-08-20,2000,1990,1,1,2,0.9999999946038101,0.14418923319618995,False,neutral,neutral,False,,
2024-08-22,2024-08-21,2000,1990,2,2,1,0.9999974106593141,0.14592742168224684,False,neutral,neutral,False,,
2024-08-23,2024-08-22,2000,1990,2,2,1,0.9999252531446874,0.276420635629963,False,neutral,neutral,False,,
2024-08-26,2024-08-23,2000,1990,1,1,2,0.998936203364699,0.3014403598565884,False,neutral,neutral,False,,
2024-08-27,2024-08-26,2000,1990,2,2,1,0.8667215802792051,0.15182766660441058,False,neutral,neutral,False,,
2024-08-28,2024-08-27,2000,1990,1,1,2,0.3529232206238426,0.13579236669028985,False,neutral,neutral,False,,
2024-08-29,2024-08-28,2000,1990,2,1,2,0.8778154182485829,0.3655789580294468,False,neutral,neutral,False,,
2024-08-30,2024-08-29,2000,1990,2,1,2,0.23409666249549724,0.2954076248805487,False,neutral,neutral,False,,
2024-09-03,2024-08-30,2000,1990,1,2,0,0.8999183360222163,0.2801475404329884,False,neutral,neutral,False,,
2024-09-04,2024-09-03,2000,1990,2,1,2,0.9975477760060776,0.26795819070989507,False,neutral,neutral,False,,
2024-09-05,2024-09-04,2000,1990,1,2,1,0.9607637236305128,0.30242841462743014,False,neutral,neutral,False,,
2024-09-06,2024-09-05,2000,1990,1,2,1,0.84588003322033,0.30657413390063104,False,neutral,neutral,False,,
2024-09-09,2024-09-06,2000,1990,0,2,1,0.08605739228652153,0.3742070368477402,False,neutral,neutral,False,,
2024-09-10,2024-09-09,2000,1990,2,2,0,0.9370150469889001,0.31694998224684673,False,neutral,neutral,False,,
2024-09-11,2024-09-10,2000,1990,2,2,1,0.9096746469983809,0.1567544500998832,False,neutral,neutral,False,,
2024-09-12,2024-09-11,2000,1990,1,1,0,0.7762894721850603,0.28581450857344887,False,neutral,neutral,False,,
2024-09-13,2024-09-12,2000,1990,2,2,1,0.8005338215978036,0.23246458008046395,False,neutral,neutral,False,,
2024-09-16,2024-09-13,2000,1990,1,1,0,0.8977209486082504,0.16868940565382656,False,neutral,neutral,False,,
2024-09-17,2024-09-16,2000,1990,1,1,0,0.8884664327432886,0.1397838914789767,False,neutral,neutral,False,,
2024-09-18,2024-09-17,2000,1990,0,0,1,0.9614190641947482,0.13828786640860238,False,neutral,neutral,False,,
2024-09-19,2024-09-18,2000,1990,1,1,0,0.9772919428661083,0.16115083189648807,False,neutral,neutral,False,,
2024-09-20,2024-09-19,2000,1990,1,1,0,0.9982887099221873,0.5556122275646816,True,bear,neutral,True,NEUTRAL_TO_BEAR,
2024-09-23,2024-09-20,2000,1990,1,1,0,0.963659116749785,0.19175916843324875,False,neutral,bear,True,BEAR_TO_NEUTRAL,
2024-09-24,2024-09-23,2000,1990,1,1,0,0.8074202517654697,0.14362406740669498,False,neutral,neutral,False,,
2024-09-25,2024-09-24,2000,1990,1,1,0,0.3308809756639122,0.1456359339050676,False,neutral,neutral,False,,
2024-09-26,2024-09-25,2000,1990,2,1,0,0.9228276745389694,0.3054050968271369,False,neutral,neutral,False,,
2024-09-27,2024-09-26,2000,1990,2,1,0,0.9550886259751475,0.3288870970504562,False,neutral,neutral,False,,
2024-09-30,2024-09-27,2000,1990,2,1,0,0.9730928340055599,0.3025980221022333,False,neutral,neutral,False,,
2024-10-01,2024-09-30,2000,1990,1,2,0,0.9798908244258646,0.32705573403288585,False,neutral,neutral,False,,
2024-10-02,2024-10-01,2000,1990,2,1,0,0.9762319402311693,0.4346309418611874,False,neutral,neutral,False,,
2024-10-03,2024-10-02,2000,1990,0,2,0,0.9943122768262725,0.5620215121415724,True,bull,neutral,True,NEUTRAL_TO_BULL,
2024-10-04,2024-10-03,2000,1990,0,1,0,0.9736838270095486,0.5469987735123721,True,bull,bull,False,,
2024-10-07,2024-10-04,2000,1990,0,2,0,0.9659691670071949,0.3110234290820493,False,neutral,bull,True,BULL_TO_NEUTRAL,
2024-10-08,2024-10-07,2000,1990,2,1,2,0.9196692735434903,0.23286639655989885,False,neutral,neutral,False,,
2024-10-09,2024-10-08,2000,1990,0,1,0,0.8694859387309168,0.2877358069889775,False,neutral,neutral,False,,
2024-10-10,2024-10-09,2000,1990,0,2,0,0.304431720601173,0.4100556572505515,False,neutral,neutral,False,,
2024-10-11,2024-10-10,2000,1990,0,2,1,0.9896513991814166,0.30107104884918273,False,neutral,neutral,False,,
2024-10-14,2024-10-11,2000,1990,0,2,1,1.0,0.36120382117916594,False,neutral,neutral,False,,
2024-10-15,2024-10-14,2000,1990,2,1,0,0.6549121461747975,0.4203914121334809,False,neutral,neutral,False,,
2024-10-16,2024-10-15,2000,1990,0,2,1,0.6634184867127234,0.4139314330290096,False,neutral,neutral,False,,
2024-10-17,2024-10-16,2000,1990,2,1,0,0.6443438568657616,0.33053658642594774,False,neutral,neutral,False,,
2024-10-18,2024-10-17,2000,1990,2,1,0,0.8151149109070756,0.29397774247644176,False,neutral,neutral,False,,
2024-10-21,2024-10-18,2000,1990,2,1,0,0.7690857437833385,0.32246749197824165,False,neutral,neutral,False,,
2024-10-22,2024-10-21,2000,1990,2,1,0,0.9865317577612763,0.3017980142139187,False,neutral,neutral,False,,
2024-10-23,2024-10-22,2000,1990,0,2,1,0.6160472755901908,0.295185200320608,False,neutral,neutral,False,,
2024-10-24,2024-10-23,2000,1990,0,2,1,0.4856456308205163,0.43971788067139733,False,neutral,neutral,False,,
2024-10-25,2024-10-24,2000,1990,0,2,1,0.14736064071352387,0.3035600525056145,False,neutral,neutral,False,,
2024-10-28,2024-10-25,2000,1990,2,1,2,0.8277323415763932,0.5636154193820652,True,bull,neutral,True,NEUTRAL_TO_BULL,
2024-10-29,2024-10-28,2000,1990,0,1,0,0.9010557246050239,0.5422314489367996,True,bull,bull,False,,
2024-10-30,2024-10-29,2000,1990,0,1,0,0.9210381044525814,0.5622337130812193,True,bull,bull,False,,
2024-10-31,2024-10-30,2000,1990,0,1,0,0.912872600351692,0.5184652200893815,True,bull,bull,False,,
2024-11-01,2024-10-31,2000,1990,1,2,0,0.9999999824672638,0.3206356908079463,False,neutral,bull,True,BULL_TO_NEUTRAL,
2024-11-04,2024-11-01,2000,1990,2,1,0,0.8590191789562728,0.32855883443894035,False,neutral,neutral,False,,
2024-11-05,2024-11-04,2000,1990,2,1,0,0.7692912884588473,0.30807796620385336,False,neutral,neutral,False,,
2024-11-06,2024-11-05,2000,1990,0,2,1,0.883825282605489,0.4928841638863907,False,neutral,neutral,False,,
2024-11-07,2024-11-06,2000,1990,1,1,2,1.0,0.9725568489050895,True,bear,neutral,True,NEUTRAL_TO_BEAR,
2024-11-08,2024-11-07,2000,1990,1,1,2,0.9943313758957709,0.21664066398438997,False,neutral,bear,True,BEAR_TO_NEUTRAL,
2024-11-11,2024-11-08,2000,1990,1,1,2,0.9999313389703799,0.15657060646951343,False,neutral,neutral,False,,
2024-11-12,2024-11-11,2000,1990,2,2,0,0.9999986295460933,0.1381642441974729,False,neutral,neutral,False,,
2024-11-13,2024-11-12,2000,1990,1,1,2,0.9999998781861535,0.1646355782707064,False,neutral,neutral,False,,
2024-11-14,2024-11-13,2000,1990,1,1,0,0.9999999749251208,0.13837854519170642,False,neutral,neutral,False,,
2024-11-15,2024-11-14,2000,1990,1,1,0,0.9999968261092316,0.23793273850078864,False,neutral,neutral,False,,
2024-11-18,2024-11-15,2000,1990,2,2,1,0.9996426056543702,0.4779950296126938,False,neutral,neutral,False,,
2024-11-19,2024-11-18,2000,1990,2,2,0,0.8410756491074369,0.15480885899171334,False,neutral,neutral,False,,
2024-11-20,2024-11-19,2000,1990,0,2,1,0.9999998676462798,0.3176143509579923,False,neutral,neutral,False,,
2024-11-21,2024-11-20,2000,1990,1,2,0,0.9318102385078184,0.2944988275567854,False,neutral,neutral,False,,
2024-11-22,2024-11-21,2000,1990,2,1,0,0.9999999995326676,0.34743891908060937,False,neutral,neutral,False,,
2024-11-25,2024-11-22,2000,1990,1,2,0,0.9642330815606496,0.3134038012311496,False,neutral,neutral,False,,
2024-11-26,2024-11-25,2000,1990,1,2,0,0.9760105600336697,0.3167931069683113,False,neutral,neutral,False,,
2024-11-27,2024-11-26,2000,1990,0,2,1,0.923421164406391,0.3495542546076513,False,neutral,neutral,False,,
2024-11-29,2024-11-27,2000,1990,2,0,1,0.8944655159230621,0.3169620221581518,False,neutral,neutral,False,,
2024-12-02,2024-11-29,2000,1990,2,1,0,0.6707809182560929,0.3709734887570369,False,neutral,neutral,False,,
2024-12-03,2024-12-02,2000,1990,2,1,0,0.7414695507112907,0.3011792194882007,False,neutral,neutral,False,,
2024-12-04,2024-12-03,2000,1990,1,2,0,0.8287913803515354,0.29526883812293603,False,neutral,neutral,False,,
2024-12-05,2024-12-04,2000,1990,1,2,0,0.787614191000005,0.369718121944982,False,neutral,neutral,False,,
2024-12-06,2024-12-05,2000,1990,2,1,0,0.9194270086327485,0.30214229144944227,False,neutral,neutral,False,,
2024-12-09,2024-12-06,2000,1990,2,1,0,1.0,0.2987617440967762,False,neutral,neutral,False,,
2024-12-10,2024-12-09,2000,1990,1,2,0,0.9947934337511197,0.3538485763599762,False,neutral,neutral,False,,
2024-12-11,2024-12-10,2000,1990,1,2,0,0.5062813473664199,0.3199252692602278,False,neutral,neutral,False,,
2024-12-12,2024-12-11,2000,1990,2,1,0,0.4528676725106776,0.4057190570204323,False,neutral,neutral,False,,
2024-12-13,2024-12-12,2000,1990,0,2,0,0.9618155777886285,0.44359419678262885,False,neutral,neutral,False,,
2024-12-16,2024-12-13,2000,1990,0,2,0,0.9850735769180139,0.5612787505425254,True,bull,neutral,True,NEUTRAL_TO_BULL,
2024-12-17,2024-12-16,2000,1990,0,1,0,0.9898783185646374,0.5124987583599666,True,bull,bull,False,,
2024-12-18,2024-12-17,2000,1990,0,2,0,0.9927864305447498,0.48286620482992026,False,neutral,bull,True,BULL_TO_NEUTRAL,
2024-12-19,2024-12-18,2000,1990,1,2,0,0.39535093396682575,0.08287058244674293,False,neutral,neutral,False,,
2024-12-20,2024-12-19,2000,1990,2,2,0,0.9833286901765361,0.1420081590679412,False,neutral,neutral,False,,
2024-12-23,2024-12-20,2000,1990,1,1,0,0.9903198859571832,0.23895711482486298,False,neutral,neutral,False,,
2024-12-24,2024-12-23,2000,1990,1,1,0,0.9892578450083711,0.18024013602408911,False,neutral,neutral,False,,
2024-12-26,2024-12-24,2000,1990,1,1,0,0.9876651280512682,0.3197852014797144,False,neutral,neutral,False,,
2024-12-27,2024-12-26,2000,1990,2,2,0,0.9655769808855693,0.14134446482403898,False,neutral,neutral,False,,
2024-12-30,2024-12-27,2000,1990,1,1,0,0.9432304828140595,0.3836561588205018,False,neutral,neutral,False,,
2024-12-31,2024-12-30,2000,1990,1,1,0,0.9457728014869821,0.41955017303670605,False,neutral,neutral,False,,
2025-01-02,2024-12-31,2000,1990,2,2,1,0.8424622721216833,0.1759224906717859,False,neutral,neutral,False,,
2025-01-03,2025-01-02,2000,1990,2,2,1,0.6215796586473238,0.15993220630818544,False,neutral,neutral,False,,
2025-01-06,2025-01-03,2000,1990,2,2,0,0.5041224305291098,0.36952167503115024,False,neutral,neutral,False,,
2025-01-07,2025-01-06,2000,1990,2,1,0,0.6366176158064152,0.36089597530475603,False,neutral,neutral,False,,
2025-01-08,2025-01-07,2000,1990,2,1,0,0.580415402913094,0.4503121898638382,False,neutral,neutral,False,,
2025-01-10,2025-01-08,2000,1990,2,1,2,0.595135478729843,0.30188964886928465,False,neutral,neutral,False,,
2025-01-13,2025-01-10,2000,1990,1,2,0,0.6136793644358363,0.418965051511054,False,neutral,neutral,False,,
2025-01-14,2025-01-13,2000,1990,0,1,2,0.8713805514089904,0.3017309339033523,False,neutral,neutral,False,,
2025-01-15,2025-01-14,2000,1990,2,1,0,0.9223935501604571,0.3010127367675718,False,neutral,neutral,False,,
2025-01-16,2025-01-15,2000,1990,2,1,2,0.8659228446615178,0.3957944560704389,False,neutral,neutral,False,,
2025-01-17,2025-01-16,2000,1990,0,2,1,0.7882803805080637,0.30559804436913945,False,neutral,neutral,False,,
2025-01-21,2025-01-17,2000,1990,0,2,1,0.6347271300949313,0.47193427252868075,False,neutral,neutral,False,,
2025-01-22,2025-01-21,2000,1990,0,2,1,0.15069600872167918,0.438497623969844,False,neutral,neutral,False,,
2025-01-23,2025-01-22,2000,1990,2,2,0,0.9894332777246634,0.17224831403528554,False,neutral,neutral,False,,
2025-01-24,2025-01-23,2000,1990,1,1,2,0.9997124211719931,0.16991786096991973,False,neutral,neutral,False,,
2025-01-27,2025-01-24,2000,1990,2,2,0,0.9999624351442153,0.16563613319460418,False,neutral,neutral,False,,
2025-01-28,2025-01-27,2000,1990,0,0,2,0.9992295010920745,0.5108153229717803,True,bear,neutral,True,NEUTRAL_TO_BEAR,
2025-01-29,2025-01-28,2000,1990,1,1,2,0.9826138021071177,0.23096009163199083,False,neutral,bear,True,BEAR_TO_NEUTRAL,
2025-01-30,2025-01-29,2000,1990,1,1,2,0.44732408904443965,0.18854894297383043,False,neutral,neutral,False,,
2025-01-31,2025-01-30,2000,1990,1,2,0,0.824309444340699,0.3524334813158273,False,neutral,neutral,False,,
2025-02-03,2025-01-31,2000,1990,0,2,1,0.9912233609378792,0.33318009262651616,False,neutral,neutral,False,,
2025-02-04,2025-02-03,2000,1990,0,2,1,0.991980471825516,0.377075541614749,False,neutral,neutral,False,,
2025-02-05,2025-02-04,2000,1990,2,1,0,1.0,0.3807383583397407,False,neutral,neutral,False,,
2025-02-06,2025-02-05,2000,1990,0,1,2,0.9934140334476947,0.32856337127710444,False,neutral,neutral,False,,
2025-02-07,2025-02-06,2000,1990,0,1,2,0.44396774252588245,0.32087088277042286,False,neutral,neutral,False,,
2025-02-10,2025-02-07,2000,1990,2,1,0,0.14462226431013633,0.42362829346321274,False,neutral,neutral,False,,
2025-02-11,2025-02-10,2000,1990,0,1,2,0.9080050186389004,0.4270355135771936,False,neutral,neutral,False,,
2025-02-12,2025-02-11,2000,1990,0,1,2,0.9006871798731011,0.5661198395281701,True,bull,neutral,True,NEUTRAL_TO_BULL,
2025-02-13,2025-02-12,2000,1990,2,1,0,0.9147990499703014,0.5275350551171479,True,bull,bull,False,,
2025-02-14,2025-02-13,2000,1990,1,2,1,0.3914718933699567,0.24978500693871322,False,neutral,bull,True,BULL_TO_NEUTRAL,
2025-02-18,2025-02-14,2000,1990,1,2,1,0.9921577929474972,0.28838110211139617,False,neutral,neutral,False,,
2025-02-19,2025-02-18,2000,1990,1,2,1,0.9163391226641298,0.3151455833859928,False,neutral,neutral,False,,
2025-02-20,2025-02-19,2000,1990,0,1,0,0.9880856838938972,0.30908553459866356,False,neutral,neutral,False,,
2025-02-21,2025-02-20,2000,1990,0,2,0,0.9874473151360633,0.31378696727218514,False,neutral,neutral,False,,
2025-02-24,2025-02-21,2000,1990,0,2,1,0.9487048377084321,0.3891857027353509,False,neutral,neutral,False,,
2025-02-25,2025-02-24,2000,1990,1,2,0,0.8587725428156457,0.3370411091508235,False,neutral,neutral,False,,
2025-02-26,2025-02-25,2000,1990,2,1,0,0.42879751130670585,0.34392965355743454,False,neutral,neutral,False,,
2025-02-27,2025-02-26,2000,1990,2,1,0,0.15876845136969936,0.2905240577358792,False,neutral,neutral,False,,
2025-02-28,2025-02-27,2000,1990,0,0,1,0.9965597542846653,0.556737447799717,True,bear,neutral,True,NEUTRAL_TO_BEAR,
2025-03-03,2025-02-28,2000,1990,2,2,1,0.9969982458975595,0.47580969799801925,False,neutral,bear,True,BEAR_TO_NEUTRAL,
2025-03-04,2025-03-03,2000,1990,1,1,0,0.9995408039670352,0.6188293193252824,True,bear,neutral,True,NEUTRAL_TO_BEAR,
2025-03-05,2025-03-04,2000,1990,1,1,0,0.9999439129176797,0.4236292574115032,False,neutral,bear,True,BEAR_TO_NEUTRAL,
2025-03-06,2025-03-05,2000,1990,2,2,0,0.9979634595912932,0.2945301723753408,False,neutral,neutral,False,,
2025-03-07,2025-03-06,2000,1990,1,1,0,0.9933622468190214,0.6277557952397421,True,bear,neutral,True,NEUTRAL_TO_BEAR,
2025-03-10,2025-03-07,2000,1990,1,1,0,0.9872560947544916,0.17466519079082607,False,neutral,bear,True,BEAR_TO_NEUTRAL,
2025-03-11,2025-03-10,2000,1990,1,1,0,0.9998307625110374,0.8292095282236543,True,bear,neutral,True,NEUTRAL_TO_BEAR,
2025-03-12,2025-03-11,2000,1990,2,2,0,0.9999990955586292,0.28655186761216667,False,neutral,bear,True,BEAR_TO_NEUTRAL,
2025-03-13,2025-03-12,2000,1990,2,2,0,0.9999988894808214,0.16941603013023915,False,neutral,neutral,False,,
2025-03-14,2025-03-13,2000,1990,2,2,1,0.999999982870019,0.4779089970192478,False,neutral,neutral,False,,
2025-03-17,2025-03-14,2000,1990,2,2,0,0.9999795532354113,0.6935728206132307,True,bear,neutral,True,NEUTRAL_TO_BEAR,
2025-03-18,2025-03-17,2000,1990,2,2,0,0.9994307836812806,0.21060058874311646,False,neutral,bear,True,BEAR_TO_NEUTRAL,
2025-03-19,2025-03-18,2000,1990,2,2,1,0.9975960936807773,0.3742524734914226,False,neutral,neutral,False,,
2025-03-20,2025-03-19,2000,1990,1,1,0,0.8695182274577969,0.2869640994782277,False,neutral,neutral,False,,
2025-03-21,2025-03-20,2000,1990,1,1,0,0.6946012717944618,0.1691859309191963,False,neutral,neutral,False,,
2025-03-24,2025-03-21,2000,1990,0,1,2,0.9060228010698129,0.3132074692574675,False,neutral,neutral,False,,
2025-03-25,2025-03-24,2000,1990,1,2,0,0.483234392020413,0.4039557880737079,False,neutral,neutral,False,,
2025-03-26,2025-03-25,2000,1990,2,1,0,0.24737370221516347,0.3055750465965332,False,neutral,neutral,False,,
2025-03-27,2025-03-26,2000,1990,2,1,0,0.328044937338436,0.45357313039863817,False,neutral,neutral,False,,
2025-03-28,2025-03-27,2000,1990,0,2,1,0.9999850083069024,0.3093159419169357,False,neutral,neutral,False,,
2025-03-31,2025-03-28,2000,1990,2,1,0,0.7957167493477462,0.321669263178691,False,neutral,neutral,False,,
2025-04-01,2025-03-31,2000,1990,2,1,0,0.6010854915882391,0.3748584977701461,False,neutral,neutral,False,,
2025-04-02,2025-04-01,2000,1990,2,1,0,0.5994345157061141,0.30991128510510674,False,neutral,neutral,False,,
2025-04-03,2025-04-02,2000,1990,2,1,0,0.5954285094015386,0.3684419627712904,False,neutral,neutral,False,,
2025-04-04,2025-04-03,2000,1990,1,1,0,0.9998212104984743,0.9950200250024441,True,bear,neutral,True,NEUTRAL_TO_BEAR,
2025-04-07,2025-04-04,2000,1990,2,2,0,0.9999999999999957,0.9986170172200367,True,bear,bear,False,,
2025-04-08,2025-04-07,2000,1990,2,2,0,1.0,0.138181351191288,False,neutral,bear,True,BEAR_TO_NEUTRAL,
2025-04-09,2025-04-08,2000,1990,2,2,0,1.0,0.49143031764517653,False,neutral,neutral,False,,
2025-04-10,2025-04-09,2000,1990,1,1,0,1.0,1.0,True,bear,neutral,True,NEUTRAL_TO_BEAR,
2025-04-11,2025-04-10,2000,1990,2,2,0,1.0,0.9809591184255344,True,bear,bear,False,,
2025-04-14,2025-04-11,2000,1990,1,1,0,1.0,0.47250771866257163,False,neutral,bear,True,BEAR_TO_NEUTRAL,
2025-04-15,2025-04-14,2000,1990,1,1,2,1.0,0.20676434213182507,False,neutral,neutral,False,,
2025-04-16,2025-04-15,2000,1990,1,1,0,0.9999999999999994,0.14101894475256113,False,neutral,neutral,False,,
2025-04-17,2025-04-16,2000,1990,2,2,0,0.9999999990358299,0.6720388281269047,True,bear,neutral,True,NEUTRAL_TO_BEAR,
2025-04-21,2025-04-17,2000,1990,1,1,0,0.9999999965679431,0.12268023140968501,False,neutral,bear,True,BEAR_TO_NEUTRAL,
2025-04-22,2025-04-21,2000,1990,1,1,2,0.9999999514830401,0.7153505323664444,True,bear,neutral,True,NEUTRAL_TO_BEAR,
2025-04-23,2025-04-22,2000,1990,1,1,0,0.999996059191429,0.7977438608901412,True,bear,bear,False,,
2025-04-24,2025-04-23,2000,1990,1,1,0,0.9579024484061586,0.38774819796770216,False,neutral,bear,True,BEAR_TO_NEUTRAL,
2025-04-25,2025-04-24,2000,1990,1,1,0,0.9299640135913306,0.6022603478320115,True,bear,neutral,True,NEUTRAL_TO_BEAR,
2025-04-28,2025-04-25,2000,1990,1,1,0,0.9931686121530875,0.1654898340732855,False,neutral,bear,True,BEAR_TO_NEUTRAL,
2025-04-29,2025-04-28,2000,1990,1,1,0,0.9993477122681318,0.12595165956851306,False,neutral,neutral,False,,
2025-04-30,2025-04-29,2000,1990,1,1,0,0.9999717130178006,0.15375853629152908,False,neutral,neutral,False,,
2025-05-01,2025-04-30,2000,1990,2,2,1,0.9999982258076441,0.12746678284020818,False,neutral,neutral,False,,
2025-05-02,2025-05-01,2000,1990,1,1,0,0.9999994711106437,0.16208594975776489,False,neutral,neutral,False,,
2025-05-05,2025-05-02,2000,1990,0,0,1,0.9999999425222513,0.361638475889439,False,neutral,neutral,False,,
2025-05-06,2025-05-05,2000,1990,1,1,0,0.9983117371942173,0.20531748687227183,False,neutral,neutral,False,,
2025-05-07,2025-05-06,2000,1990,1,1,0,0.8800384321668502,0.24382882812250659,False,neutral,neutral,False,,
2025-05-08,2025-05-07,2000,1990,2,1,0,1.0,0.32150774509410013,False,neutral,neutral,False,,
2025-05-09,2025-05-08,2000,1990,0,1,2,1.0,0.3650556217082075,False,neutral,neutral,False,,
2025-05-12,2025-05-09,2000,1990,2,1,0,1.0,0.30730476965583203,False,neutral,neutral,False,,
2025-05-13,2025-05-12,2000,1990,0,2,1,0.29151021072945504,0.04207178102985031,False,neutral,neutral,False,,
2025-05-14,2025-05-13,2000,1990,1,1,0,0.9881189369018142,0.15983435040604416,False,neutral,neutral,False,,
2025-05-15,2025-05-14,2000,1990,1,1,0,0.9980831260296134,0.125573630363075,False,neutral,neutral,False,,
2025-05-16,2025-05-15,2000,1990,1,1,0,0.9997716844256556,0.14241517697336015,False,neutral,neutral,False,,
2025-05-19,2025-05-16,2000,1990,2,2,0,0.9999879784586868,0.15731615260245932,False,neutral,neutral,False,,
2025-05-20,2025-05-19,2000,1990,2,2,0,0.9999965450294458,0.12980963026067904,False,neutral,neutral,False,,
2025-05-21,2025-05-20,2000,1990,2,2,1,0.9999398139709113,0.15411570616343453,False,neutral,neutral,False,,
2025-05-22,2025-05-21,2000,1990,1,1,0,0.9955355000988513,0.512432349632151,True,bear,neutral,True,NEUTRAL_TO_BEAR,
2025-05-23,2025-05-22,2000,1990,1,1,0,0.8726190490774942,0.13095845711191892,False,neutral,bear,True,BEAR_TO_NEUTRAL,
2025-05-27,2025-05-23,2000,1990,1,2,0,1.0,0.37955285404871525,False,neutral,neutral,False,,
2025-05-28,2025-05-27,2000,1990,1,2,0,1.0,0.3864220710231985,False,neutral,neutral,False,,
2025-05-29,2025-05-28,2000,1990,1,2,0,1.0,0.35916626609388125,False,neutral,neutral,False,,
2025-05-30,2025-05-29,2000,1990,1,2,0,1.0,0.3191412694937941,False,neutral,neutral,False,,
2025-06-02,2025-05-30,2000,1990,1,2,0,1.0,0.3054192428958339,False,neutral,neutral,False,,
2025-06-03,2025-06-02,2000,1990,1,2,0,1.0,0.34247467059246395,False,neutral,neutral,False,,
2025-06-04,2025-06-03,2000,1990,2,1,0,1.0,0.3424177507990981,False,neutral,neutral,False,,
2025-06-05,2025-06-04,2000,1990,1,2,0,1.0,0.30064373411457235,False,neutral,neutral,False,,
2025-06-06,2025-06-05,2000,1990,2,1,0,1.0,0.34001151273070657,False,neutral,neutral,False,,
2025-06-09,2025-06-06,2000,1990,0,2,1,1.0,0.4314343275291896,False,neutral,neutral,False,,
2025-06-10,2025-06-09,2000,1990,1,2,0,0.6186334966106216,0.30085237236999357,False,neutral,neutral,False,,
2025-06-11,2025-06-10,2000,1990,1,2,0,1.0,0.34498209194550256,False,neutral,neutral,False,,
2025-06-12,2025-06-11,2000,1990,2,1,0,1.0,0.31596134142111576,False,neutral,neutral,False,,
2025-06-13,2025-06-12,2000,1990,1,2,0,1.0,0.32051915265697556,False,neutral,neutral,False,,
2025-06-16,2025-06-13,2000,1990,2,1,0,0.44908354576317605,0.43637209158989626,False,neutral,neutral,False,,
2025-06-17,2025-06-16,2000,1990,2,1,0,0.39577887780276416,0.4264844778472488,False,neutral,neutral,False,,
2025-06-18,2025-06-17,2000,1990,1,2,0,0.22223370242199944,0.39454399152574016,False,neutral,neutral,False,,
2025-06-20,2025-06-18,2000,1990,0,1,0,0.8385884227295782,0.5677913311240457,True,bull,neutral,True,NEUTRAL_TO_BULL,
2025-06-23,2025-06-20,2000,1990,0,2,0,0.920855914798563,0.48166894082721434,False,neutral,bull,True,BULL_TO_NEUTRAL,
2025-06-24,2025-06-23,2000,1990,0,1,0,0.7912466353735935,0.309110364119891,False,neutral,neutral,False,,
2025-06-25,2025-06-24,2000,1990,0,1,0,0.5966034657450748,0.30808231121188284,False,neutral,neutral,False,,
2025-06-26,2025-06-25,2000,1990,0,2,0,0.2399753978577743,0.5643570216003337,False,neutral,neutral,False,,
2025-06-27,2025-06-26,2000,1990,0,2,1,1.0,0.3798687055305844,False,neutral,neutral,False,,
2025-06-30,2025-06-27,2000,1990,1,2,0,0.9427517640855616,0.3350364632184398,False,neutral,neutral,False,,
2025-07-01,2025-06-30,2000,1990,2,1,0,0.39491446428812355,0.33126466420975553,False,neutral,neutral,False,,
2025-07-02,2025-07-01,2000,1990,1,2,0,0.1407950150447727,0.30395945771526606,False,neutral,neutral,False,,
2025-07-03,2025-07-02,2000,1990,2,1,0,0.08758015337339786,0.32910765652665447,False,neutral,neutral,False,,
2025-07-07,2025-07-03,2000,1990,2,2,0,0.9524194822542247,0.17947044543073348,False,neutral,neutral,False,,
2025-07-08,2025-07-07,2000,1990,1,1,0,0.49242737674892595,0.22402601448440637,False,neutral,neutral,False,,
2025-07-09,2025-07-08,2000,1990,1,2,0,1.0,0.30510569429270923,False,neutral,neutral,False,,
2025-07-10,2025-07-09,2000,1990,2,1,0,1.0,0.3485569187544626,False,neutral,neutral,False,,
2025-07-11,2025-07-10,2000,1990,2,1,0,0.9003610508368509,0.3105111578808106,False,neutral,neutral,False,,
2025-07-14,2025-07-11,2000,1990,1,2,0,0.27785254439421686,0.3244761974331157,False,neutral,neutral,False,,
2025-07-15,2025-07-14,2000,1990,0,1,0,0.9392950194040938,0.5599837315915953,True,bull,neutral,True,NEUTRAL_TO_BULL,
2025-07-16,2025-07-15,2000,1990,0,1,0,0.9928578010259653,0.4972039268250967,False,neutral,bull,True,BULL_TO_NEUTRAL,
2025-07-17,2025-07-16,2000,1990,0,1,0,1.0,0.5470615287259103,True,bull,neutral,True,NEUTRAL_TO_BULL,
2025-07-18,2025-07-17,2000,1990,0,1,0,1.0,0.4940550132536478,False,neutral,bull,True,BULL_TO_NEUTRAL,
2025-07-21,2025-07-18,2000,1990,0,1,0,0.996285042084061,0.557892845075295,True,bull,neutral,True,NEUTRAL_TO_BULL,
2025-07-22,2025-07-21,2000,1990,0,2,0,0.9926976065868942,0.5610292392003798,True,bull,bull,False,,
2025-07-23,2025-07-22,2000,1990,0,2,0,1.0,0.5626767176823364,True,bull,bull,False,,
2025-07-24,2025-07-23,2000,1990,0,1,0,0.7996689436406291,0.4201404796562715,False,neutral,bull,True,BULL_TO_NEUTRAL,
2025-07-25,2025-07-24,2000,1990,0,2,0,0.34812658959086445,0.5634202326086443,True,bull,neutral,True,NEUTRAL_TO_BULL,
2025-07-28,2025-07-25,2000,1990,2,1,0,1.0,0.32337347154892515,False,neutral,bull,True,BULL_TO_NEUTRAL,
2025-07-29,2025-07-28,2000,1990,2,1,0,1.0,0.3041407928691669,False,neutral,neutral,False,,
2025-07-30,2025-07-29,2000,1990,1,2,0,0.931704894890639,0.31574910928423233,False,neutral,neutral,False,,
2025-07-31,2025-07-30,2000,1990,2,1,0,0.3607180649679513,0.30776627235039167,False,neutral,neutral,False,,
2025-08-01,2025-07-31,2000,1990,0,2,0,0.8252153775556879,0.5107942211359426,True,bull,neutral,True,NEUTRAL_TO_BULL,
2025-08-04,2025-08-01,2000,1990,1,2,0,1.0,0.4490075002703763,False,neutral,bull,True,BULL_TO_NEUTRAL,
2025-08-05,2025-08-04,2000,1990,1,2,0,0.9627956226389416,0.4867187360991366,False,neutral,neutral,False,,
2025-08-06,2025-08-05,2000,1990,2,1,0,0.9960450291188347,0.3375871262026758,False,neutral,neutral,False,,
2025-08-07,2025-08-06,2000,1990,1,2,0,0.9860551026069665,0.37493569529167925,False,neutral,neutral,False,,
2025-08-08,2025-08-07,2000,1990,1,2,0,0.9622464439649457,0.3062367940332344,False,neutral,neutral,False,,
2025-08-11,2025-08-08,2000,1990,1,2,0,0.967078898324085,0.37778511842110885,False,neutral,neutral,False,,
2025-08-12,2025-08-11,2000,1990,1,2,0,0.9031185883158424,0.312686519628887,False,neutral,neutral,False,,
2025-08-13,2025-08-12,2000,1990,2,1,0,1.0,0.43375014906041925,False,neutral,neutral,False,,
2025-08-14,2025-08-13,2000,1990,2,1,0,0.9866011152529618,0.31749503215369623,False,neutral,neutral,False,,
2025-08-15,2025-08-14,2000,1990,1,2,0,0.5907563628387164,0.29786937770698335,False,neutral,neutral,False,,
2025-08-18,2025-08-15,2000,1990,2,1,0,1.0,0.3043398209269229,False,neutral,neutral,False,,
2025-08-19,2025-08-18,2000,1990,1,2,0,1.0,0.30652817485264083,False,neutral,neutral,False,,
2025-08-20,2025-08-19,2000,1990,2,0,1,1.0,0.3511029270798426,False,neutral,neutral,False,,
2025-08-21,2025-08-20,2000,1990,2,1,0,0.7389871654103837,0.31826023721013963,False,neutral,neutral,False,,
2025-08-22,2025-08-21,2000,1990,1,2,0,0.2890706624844382,0.3327650545268321,False,neutral,neutral,False,,
2025-08-25,2025-08-22,2000,1990,2,1,0,0.32582819193506607,0.48441128005562495,False,neutral,neutral,False,,
2025-08-26,2025-08-25,2000,1990,0,1,0,0.9136050026565898,0.5026600340295416,True,bull,neutral,True,NEUTRAL_TO_BULL,
2025-08-27,2025-08-26,2000,1990,0,2,0,0.8685143657433343,0.5317962581254715,True,bull,bull,False,,
2025-08-28,2025-08-27,2000,1990,0,2,0,0.789315606824663,0.5561805543588173,True,bull,bull,False,,
2025-08-29,2025-08-28,2000,1990,0,2,0,0.47043056238366865,0.5404910099602245,True,bull,bull,False,,
2025-09-02,2025-08-29,2000,1990,0,2,0,0.42591337431336035,0.44544943541445914,False,neutral,bull,True,BULL_TO_NEUTRAL,
2025-09-03,2025-09-02,2000,1990,1,2,1,0.3534818971451642,0.39392703443720606,False,neutral,neutral,False,,
2025-09-04,2025-09-03,2000,1990,0,1,0,0.46053860596055973,0.5069136869826931,True,bull,neutral,True,NEUTRAL_TO_BULL,
2025-09-05,2025-09-04,2000,1990,0,2,0,0.47600096575013384,0.4265916381981064,False,neutral,bull,True,BULL_TO_NEUTRAL,
2025-09-08,2025-09-05,2000,1990,0,2,0,0.9857817146842452,0.5247955024116752,True,bull,neutral,True,NEUTRAL_TO_BULL,
2025-09-09,2025-09-08,2000,1990,0,1,0,0.9676730833848363,0.5515646766753443,True,bull,bull,False,,
2025-09-10,2025-09-09,2000,1990,0,2,0,0.9568884248340103,0.5515320918344145,True,bull,bull,False,,
2025-09-11,2025-09-10,2000,1990,1,2,1,0.8409122350441927,0.5472825147374577,True,bull,bull,False,,
2025-09-12,2025-09-11,2000,1990,1,2,0,1.0,0.3864518939669029,False,neutral,bull,True,BULL_TO_NEUTRAL,
2025-09-15,2025-09-12,2000,1990,1,2,0,1.0,0.309185242855709,False,neutral,neutral,False,,
2025-09-16,2025-09-15,2000,1990,2,1,0,0.9999999999992922,0.342491684359158,False,neutral,neutral,False,,
2025-09-17,2025-09-16,2000,1990,0,2,1,1.0,0.30158609353657817,False,neutral,neutral,False,,
2025-09-18,2025-09-17,2000,1990,2,1,0,1.0,0.31289180102545894,False,neutral,neutral,False,,
2025-09-19,2025-09-18,2000,1990,0,2,1,1.0,0.33288239096613415,False,neutral,neutral,False,,
2025-09-22,2025-09-19,2000,1990,1,2,0,1.0,0.3137262249326797,False,neutral,neutral,False,,
2025-09-23,2025-09-22,2000,1990,1,2,0,1.0,0.33407214644306216,False,neutral,neutral,False,,
2025-09-24,2025-09-23,2000,1990,2,1,0,0.5130912807686414,0.353392408672434,False,neutral,neutral,False,,
2025-09-25,2025-09-24,2000,1990,0,1,0,0.9795224919088777,0.5300076415577143,True,bull,neutral,True,NEUTRAL_TO_BULL,
2025-09-26,2025-09-25,2000,1990,0,2,0,0.984008192508074,0.498588415261569,False,neutral,bull,True,BULL_TO_NEUTRAL,
2025-09-29,2025-09-26,2000,1990,1,2,1,0.9973716847175944,0.49757900372096026,False,neutral,neutral,False,,
2025-09-30,2025-09-29,2000,1990,0,1,0,0.9963753503385405,0.5489401043709069,True,bull,neutral,True,NEUTRAL_TO_BULL,
2025-10-01,2025-09-30,2000,1990,0,2,0,0.989239380299486,0.5364783242820261,True,bull,bull,False,,
2025-10-02,2025-10-01,2000,1990,0,2,0,0.9659017725397769,0.5418391970198588,True,bull,bull,False,,
2025-10-03,2025-10-02,2000,1990,0,1,0,0.8577809289508235,0.5541894309230776,True,bull,bull,False,,
2025-10-06,2025-10-03,2000,1990,0,2,0,0.6948557839926076,0.553897800650387,True,bull,bull,False,,
2025-10-07,2025-10-06,2000,1990,0,2,0,0.2500493699517215,0.5357332753464771,False,neutral,bull,True,BULL_TO_NEUTRAL,
2025-10-08,2025-10-07,2000,1990,1,2,1,0.168408156237558,0.506250980044252,False,neutral,neutral,False,,
2025-10-09,2025-10-08,2000,1990,1,2,0,0.9812843905142833,0.35092583417168005,False,neutral,neutral,False,,
2025-10-10,2025-10-09,2000,1990,0,2,0,0.8425219277454483,0.5214423954784329,True,bull,neutral,True,NEUTRAL_TO_BULL,
2025-10-13,2025-10-10,2000,1990,0,2,1,1.0,0.21939959200685868,False,neutral,bull,True,BULL_TO_NEUTRAL,
2025-10-14,2025-10-13,2000,1990,0,2,1,1.0,0.47400088424446984,False,neutral,neutral,False,,
2025-10-15,2025-10-14,2000,1990,1,2,0,1.0,0.3154148421793827,False,neutral,neutral,False,,
2025-10-16,2025-10-15,2000,1990,1,2,0,1.0,0.33291131476582503,False,neutral,neutral,False,,
2025-10-17,2025-10-16,2000,1990,2,1,0,1.0,0.37339438644591677,False,neutral,neutral,False,,
2025-10-20,2025-10-17,2000,1990,1,2,0,1.0,0.3468993319558552,False,neutral,neutral,False,,
2025-10-21,2025-10-20,2000,1990,2,1,0,1.0,0.4225529283305766,False,neutral,neutral,False,,
2025-10-22,2025-10-21,2000,1990,1,2,0,1.0,0.31304845748295734,False,neutral,neutral,False,,
2025-10-23,2025-10-22,2000,1990,1,2,0,1.0,0.35064666917472237,False,neutral,neutral,False,,
2025-10-24,2025-10-23,2000,1990,0,2,1,1.0,0.35085999576937926,False,neutral,neutral,False,,
2025-10-27,2025-10-24,2000,1990,2,1,0,1.0,0.3847197605160373,False,neutral,neutral,False,,
2025-10-28,2025-10-27,2000,1990,1,2,0,0.668705865246575,0.44515845433652,False,neutral,neutral,False,,
2025-10-29,2025-10-28,2000,1990,2,1,0,0.1667317286182555,0.3205126059827545,False,neutral,neutral,False,,
2025-10-30,2025-10-29,2000,1990,1,1,0,0.9362958480599348,0.13689746207952835,False,neutral,neutral,False,,
2025-10-31,2025-10-30,2000,1990,1,1,0,0.7337279198669189,0.3164575609691493,False,neutral,neutral,False,,
2025-11-03,2025-10-31,2000,1990,1,2,0,0.777856976099552,0.3241471059090882,False,neutral,neutral,False,,
2025-11-04,2025-11-03,2000,1990,1,2,0,0.9136249848153888,0.31656046301903207,False,neutral,neutral,False,,
2025-11-05,2025-11-04,2000,1990,2,1,0,0.99897453610341,0.4437524299357068,False,neutral,neutral,False,,
2025-11-06,2025-11-05,2000,1990,2,1,0,1.0,0.32569057121572326,False,neutral,neutral,False,,
2025-11-07,2025-11-06,2000,1990,1,2,0,1.0,0.43140724952553805,False,neutral,neutral,False,,
2025-11-10,2025-11-07,2000,1990,2,1,0,1.0,0.3147665953222979,False,neutral,neutral,False,,
2025-11-11,2025-11-10,2000,1990,2,1,0,1.0,0.46974628872685964,False,neutral,neutral,False,,
2025-11-12,2025-11-11,2000,1990,2,1,0,1.0,0.31736222474941966,False,neutral,neutral,False,,
2025-11-13,2025-11-12,2000,1990,2,1,0,1.0,0.3157485441315276,False,neutral,neutral,False,,
2025-11-14,2025-11-13,2000,1990,1,2,0,1.0,0.43134186090788096,False,neutral,neutral,False,,
2025-11-17,2025-11-14,2000,1990,2,1,0,1.0,0.31652472890720584,False,neutral,neutral,False,,
2025-11-18,2025-11-17,2000,1990,1,2,0,1.0,0.41299460185685405,False,neutral,neutral,False,,
2025-11-19,2025-11-18,2000,1990,1,2,0,0.543112051487806,0.40045127255378515,False,neutral,neutral,False,,
2025-11-20,2025-11-19,2000,1990,2,1,0,0.28948351508343917,0.32585731291265413,False,neutral,neutral,False,,
2025-11-21,2025-11-20,2000,1990,2,2,1,0.9741930225676309,0.4448114983777114,False,neutral,neutral,False,,
2025-11-24,2025-11-21,2000,1990,1,1,0,0.9870131336639393,0.20879912211592727,False,neutral,neutral,False,,
2025-11-25,2025-11-24,2000,1990,2,2,0,0.9647521500964455,0.3466806192015476,False,neutral,neutral,False,,
2025-11-26,2025-11-25,2000,1990,1,1,0,0.878035788987638,0.19871362938815004,False,neutral,neutral,False,,
2025-11-28,2025-11-26,2000,1990,2,2,0,0.7293026028216374,0.16258055260115295,False,neutral,neutral,False,,
2025-12-01,2025-11-28,2000,1990,1,1,0,0.9498306782171058,0.1497182036191817,False,neutral,neutral,False,,
2025-12-02,2025-12-01,2000,1990,1,1,0,0.978062571565564,0.1785905217860849,False,neutral,neutral,False,,
2025-12-03,2025-12-02,2000,1990,1,1,0,0.989837924426382,0.13818543760564977,False,neutral,neutral,False,,
2025-12-04,2025-12-03,2000,1990,1,1,0,0.9911557499593219,0.14313616569222246,False,neutral,neutral,False,,
2025-12-05,2025-12-04,2000,1990,1,1,0,0.9906219054395945,0.13962337371381892,False,neutral,neutral,False,,
2025-12-08,2025-12-05,2000,1990,1,1,2,0.7738201994105631,0.14025000999554008,False,neutral,neutral,False,,
2025-12-09,2025-12-08,2000,1990,2,1,0,1.0,0.339106492416906,False,neutral,neutral,False,,
2025-12-10,2025-12-09,2000,1990,0,1,0,0.9615449109803151,0.5321625403042811,True,bull,neutral,True,NEUTRAL_TO_BULL,
2025-12-11,2025-12-10,2000,1990,0,1,0,0.9989782771106597,0.48622530266973607,False,neutral,bull,True,BULL_TO_NEUTRAL,
2025-12-12,2025-12-11,2000,1990,0,1,0,0.9950261663025008,0.5381181169110887,True,bull,neutral,True,NEUTRAL_TO_BULL,
2025-12-15,2025-12-12,2000,1990,0,1,0,0.9912794597588288,0.27146597536624706,False,neutral,bull,True,BULL_TO_NEUTRAL,
2025-12-16,2025-12-15,2000,1990,0,1,0,0.9938368572414442,0.5250379697030267,True,bull,neutral,True,NEUTRAL_TO_BULL,
2025-12-17,2025-12-16,2000,1990,2,1,2,0.9645258686507142,0.5076699176041111,True,bull,bull,False,,
2025-12-18,2025-12-17,2000,1990,2,1,0,1.0,0.4267873492931295,False,neutral,bull,True,BULL_TO_NEUTRAL,
2025-12-19,2025-12-18,2000,1990,2,1,0,1.0,0.37397922930489874,False,neutral,neutral,False,,
2025-12-22,2025-12-19,2000,1990,2,1,0,0.9956232406460861,0.3448181095436336,False,neutral,neutral,False,,
2025-12-23,2025-12-22,2000,1990,2,1,0,1.0,0.35757008500432685,False,neutral,neutral,False,,
2025-12-24,2025-12-23,2000,1990,2,1,0,1.0,0.3388583077442288,False,neutral,neutral,False,,
2025-12-26,2025-12-24,2000,1990,2,1,0,1.0,0.3300855143944486,False,neutral,neutral,False,,
2025-12-29,2025-12-26,2000,1990,2,1,0,1.0,0.3172442171656846,False,neutral,neutral,False,,
2025-12-30,2025-12-29,2000,1990,2,1,0,1.0,0.33391008292763863,False,neutral,neutral,False,,
2025-12-31,2025-12-30,2000,1990,2,1,0,1.0,0.31976211665101806,False,neutral,neutral,False,,
2026-01-02,2025-12-31,2000,1990,2,1,0,1.0,0.3786895267314967,False,neutral,neutral,False,,
2026-01-05,2026-01-02,2000,1990,2,1,0,0.8804254378335428,0.32095890782993086,False,neutral,neutral,False,,
2026-01-06,2026-01-05,2000,1990,2,1,0,0.09489432909215087,0.3639827843913606,False,neutral,neutral,False,,
2026-01-07,2026-01-06,2000,1990,1,2,1,0.9538121306764038,0.49898161937149266,False,neutral,neutral,False,,
2026-01-08,2026-01-07,2000,1990,0,1,0,0.9626011169339069,0.5073772347169372,True,bull,neutral,True,NEUTRAL_TO_BULL,
2026-01-09,2026-01-08,2000,1990,0,1,0,0.9549609432372294,0.5389596961751826,True,bull,bull,False,,
2026-01-12,2026-01-09,2000,1990,0,1,0,0.7959307060018489,0.47114012612876977,False,neutral,bull,True,BULL_TO_NEUTRAL,
2026-01-13,2026-01-12,2000,1990,0,1,0,0.3779395395246006,0.5412766352760718,True,bull,neutral,True,NEUTRAL_TO_BULL,
2026-01-14,2026-01-13,2000,1990,0,2,0,0.12869103168441523,0.516710068569998,False,neutral,bull,True,BULL_TO_NEUTRAL,
2026-01-15,2026-01-14,2000,1990,2,1,0,0.8113362116907781,0.35924185855327967,False,neutral,neutral,False,,
2026-01-16,2026-01-15,2000,1990,0,2,0,0.863527329498808,0.5369704815357774,True,bull,neutral,True,NEUTRAL_TO_BULL,
2026-01-20,2026-01-16,2000,1990,0,2,0,0.9996585513684553,0.5454970869413392,True,bull,bull,False,,
2026-01-21,2026-01-20,2000,1990,1,2,0,1.0,0.35927972688039433,False,neutral,bull,True,BULL_TO_NEUTRAL,
2026-01-22,2026-01-21,2000,1990,2,1,0,1.0,0.43500434274688876,False,neutral,neutral,False,,
2026-01-23,2026-01-22,2000,1990,0,2,1,0.9998867269785785,0.34855041176577795,False,neutral,neutral,False,,
2026-01-26,2026-01-23,2000,1990,1,2,0,1.0,0.31886619571817426,False,neutral,neutral,False,,
2026-01-27,2026-01-26,2000,1990,1,2,0,1.0,0.34492813810092354,False,neutral,neutral,False,,
2026-01-28,2026-01-27,2000,1990,1,2,0,1.0,0.3271914452021364,False,neutral,neutral,False,,
2026-01-29,2026-01-28,2000,1990,2,1,0,1.0,0.3193345643522565,False,neutral,neutral,False,,
2026-01-30,2026-01-29,2000,1990,1,2,0,1.0,0.31240033274115103,False,neutral,neutral,False,,
2026-02-02,2026-01-30,2000,1990,1,2,0,1.0,0.3319243239688319,False,neutral,neutral,False,,
2026-02-03,2026-02-02,2000,1990,1,2,0,1.0,0.3428311084538784,False,neutral,neutral,False,,
2026-02-04,2026-02-03,2000,1990,1,2,0,0.10376815357589225,0.39872248508771285,False,neutral,neutral,False,,
2026-02-05,2026-02-04,2000,1990,1,2,1,0.9391726156032765,0.4746704991850888,False,neutral,neutral,False,,
2026-02-06,2026-02-05,2000,1990,2,1,0,1.0,0.4443649255979705,False,neutral,neutral,False,,
2026-02-09,2026-02-06,2000,1990,1,2,0,1.0,0.42649817588463446,False,neutral,neutral,False,,
2026-02-10,2026-02-09,2000,1990,1,2,0,1.0,0.3412379691967763,False,neutral,neutral,False,,
2026-02-11,2026-02-10,2000,1990,1,2,0,1.0,0.3289724668594851,False,neutral,neutral,False,,
2026-02-12,2026-02-11,2000,1990,1,2,0,1.0,0.3192698816447804,False,neutral,neutral,False,,
2026-02-13,2026-02-12,2000,1990,0,2,1,1.0,0.4414277596760708,False,neutral,neutral,False,,
2026-02-17,2026-02-13,2000,1990,1,2,0,1.0,0.3190397135637123,False,neutral,neutral,False,,
2026-02-18,2026-02-17,2000,1990,1,2,0,1.0,0.32045564192590503,False,neutral,neutral,False,,
2026-02-19,2026-02-18,2000,1990,2,1,0,1.0,0.34417647145486596,False,neutral,neutral,False,,
2026-02-20,2026-02-19,2000,1990,1,2,0,1.0,0.3301146362141596,False,neutral,neutral,False,,
2026-02-23,2026-02-20,2000,1990,1,2,0,1.0,0.3699894564609308,False,neutral,neutral,False,,
2026-02-24,2026-02-23,2000,1990,2,1,0,1.0,0.42425944780319763,False,neutral,neutral,False,,
2026-02-25,2026-02-24,2000,1990,1,2,0,0.4903788978856437,0.37192399349791466,False,neutral,neutral,False,,
2026-02-26,2026-02-25,2000,1990,0,1,0,0.5492546596255191,0.5528324769429194,True,bull,neutral,True,NEUTRAL_TO_BULL,
2026-02-27,2026-02-26,2000,1990,1,2,0,0.3734036817200411,0.3592617510594494,False,neutral,bull,True,BULL_TO_NEUTRAL,
2026-03-02,2026-02-27,2000,1990,2,1,0,0.1800833427732851,0.3508214482037862,False,neutral,neutral,False,,
2026-03-03,2026-03-02,2000,1990,0,1,0,0.9413149930614307,0.5421210116849878,True,bull,neutral,True,NEUTRAL_TO_BULL,
2026-03-04,2026-03-03,2000,1990,0,1,0,0.8057723459240663,0.3432120699753191,False,neutral,bull,True,BULL_TO_NEUTRAL,
2026-03-05,2026-03-04,2000,1990,0,2,0,0.7954801262972154,0.4609000514492694,False,neutral,neutral,False,,
2026-03-06,2026-03-05,2000,1990,0,2,0,0.613324333559238,0.45412242322757107,False,neutral,neutral,False,,
2026-03-09,2026-03-06,2000,1990,0,2,1,1.0,0.4440357326078585,False,neutral,neutral,False,,
2026-03-10,2026-03-09,2000,1990,1,2,0,1.0,0.39560266713178005,False,neutral,neutral,False,,
2026-03-11,2026-03-10,2000,1990,2,1,0,1.0,0.3240235352664442,False,neutral,neutral,False,,
2026-03-12,2026-03-11,2000,1990,1,2,0,1.0,0.3220192325860013,False,neutral,neutral,False,,
2026-03-13,2026-03-12,2000,1990,1,2,0,1.0,0.4456008789926417,False,neutral,neutral,False,,
2026-03-16,2026-03-13,2000,1990,1,2,0,0.49321789493272905,0.36089254738453874,False,neutral,neutral,False,,
2026-03-17,2026-03-16,2000,1990,2,1,0,0.8002655407062146,0.4174586959994417,False,neutral,neutral,False,,
2026-03-18,2026-03-17,2000,1990,1,2,0,0.8962181295924632,0.32599637591496666,False,neutral,neutral,False,,
2026-03-19,2026-03-18,2000,1990,2,1,0,0.9745463098664366,0.44917264114801886,False,neutral,neutral,False,,
2026-03-20,2026-03-19,2000,1990,2,1,0,0.9832125918767621,0.328679938238543,False,neutral,neutral,False,,
