date,n_bars,n_obs,today_regime,bear_state,bull_state,vol_ratio,ret_ratio,raw_decision,persistent_state,error
2000-03-15,50,40,0,0,1,0.9873427227532523,0.5286167412834467,bear,BEAR,
2000-03-16,51,41,0,0,1,1.0,0.09412557132805156,neutral,BEAR,
2000-03-17,52,42,2,0,2,0.8077749388834781,0.9990123421075245,bull,BULL,
2000-03-20,53,43,1,2,0,0.9837048209051633,0.2449657460531238,neutral,BULL,
2000-03-21,54,44,1,0,2,1.0,0.3070783483231394,neutral,BULL,
2000-03-22,55,45,1,0,2,1.0,0.34295511392565753,neutral,BULL,
2000-03-23,56,46,1,2,1,1.0,0.3884872729472882,neutral,BULL,
2000-03-24,57,47,0,1,0,0.9968925369693192,0.6382666762888172,bull,BULL,
2000-03-27,58,48,1,0,2,0.9999999999998719,0.5363592454506756,bull,BULL,
2000-03-28,59,49,1,0,2,0.9999999999575919,0.2376296980656242,neutral,BULL,
2000-03-29,60,50,1,0,2,0.9814379944546716,0.4727379870781228,neutral,BULL,
2000-03-30,61,51,2,1,0,0.09736121549318756,0.4930431863071858,neutral,BULL,
2000-03-31,62,52,0,0,1,0.44794575550411564,0.49566304592609134,neutral,BULL,
2000-04-03,63,53,2,0,2,0.49139019500317604,0.3572066222871403,neutral,BULL,
2000-04-04,64,54,0,0,2,0.5187437812359287,0.25868292359356215,neutral,BULL,
2000-04-05,65,55,2,0,2,0.5791558928119793,0.24995490230908488,neutral,BULL,
2000-04-06,66,56,2,2,0,1.0,0.33189144286743855,neutral,BULL,
2000-04-07,67,57,2,2,0,1.0,0.3187648935479619,neutral,BULL,
2000-04-10,68,58,2,2,0,1.0,0.3332480312506105,neutral,BULL,
2000-04-11,69,59,2,2,0,1.0,0.37170987653964904,neutral,BULL,
2000-04-12,70,60,2,2,1,0.9999999960688681,0.4510751268291938,neutral,BULL,
2000-04-13,71,61,2,2,0,0.9970736840646756,0.5251710731729597,bear,BEAR,
2000-04-14,72,62,2,2,0,0.9817072507537904,0.5769296184831627,bear,BEAR,
2000-04-17,73,63,1,1,2,0.2925482855688976,0.9998943519553464,neutral,BEAR,
2000-04-18,74,64,1,2,1,0.6347018966281825,0.47590624670970494,neutral,BEAR,
2000-04-19,75,65,1,0,1,0.9999999999999999,0.6591014540503277,bull,BULL,
2000-04-20,76,66,1,0,2,0.9999999989395362,0.2727461186550285,neutral,BULL,
2000-04-24,77,67,1,2,1,0.7707086703499055,0.44386860057286043,neutral,BULL,
2000-04-25,78,68,0,2,0,0.5333189420668616,0.2668162796430892,neutral,BULL,
2000-04-26,79,69,0,2,0,0.40241205949739145,0.46301096275332926,neutral,BULL,
2000-04-27,80,70,0,2,0,0.4572277450133058,0.2643471100360894,neutral,BULL,
2000-04-28,81,71,0,2,0,0.3359430699090638,0.40492795322784375,neutral,BULL,
2000-05-01,82,72,1,2,1,0.6299271833249808,0.2130463265900127,neutral,BULL,
2000-05-02,83,73,0,2,1,0.5311067734407339,0.3752641954607869,neutral,BULL,
2000-05-03,84,74,2,2,1,0.5065880544902213,0.47431625533154514,neutral,BULL,
2000-05-04,85,75,0,2,1,0.5634286865678984,0.2345676695747625,neutral,BULL,
2000-05-05,86,76,0,0,2,0.9989166921899152,0.3940076120332698,neutral,BULL,
2000-05-08,87,77,1,1,2,1.0,0.3034279075018509,neutral,BULL,
2000-05-09,88,78,1,1,0,0.980675437160879,0.4224361868719447,neutral,BULL,
2000-05-10,89,79,1,1,0,0.986830200055624,0.4237989467402627,neutral,BULL,
2000-05-11,90,80,2,2,1,0.7092104947602844,0.5473886159122213,bear,BEAR,
2000-05-12,91,81,2,2,1,0.9080321814108623,0.26619245052033313,neutral,BEAR,
2000-05-15,92,82,2,2,1,0.9625170520962509,0.4090606898112074,neutral,BEAR,
2000-05-16,93,83,2,2,1,0.9997584815575931,0.29537365484737316,neutral,BEAR,
2000-05-17,94,84,1,1,2,1.0,0.40404033744574275,neutral,BEAR,
2000-05-18,95,85,1,1,0,0.9344074633006101,0.17757451160345594,neutral,BEAR,
2000-05-19,96,86,1,1,2,1.0,0.12829011473214597,neutral,BEAR,
2000-05-22,97,87,1,1,0,0.9200371659873797,0.6594055918744588,bear,BEAR,
2000-05-23,98,88,1,1,2,0.9976359941459029,0.40838915215928157,neutral,BEAR,
2000-05-24,99,89,2,2,1,0.0736845832224252,0.43605094464490335,neutral,BEAR,
2000-05-25,100,90,2,2,1,0.9603377778605622,0.34068591114861135,neutral,BEAR,
2000-05-26,101,91,0,0,2,0.9557927335372894,0.36323711798413233,neutral,BEAR,
2000-05-30,102,92,0,0,1,0.250843084461913,0.42038491956118135,neutral,BEAR,
2000-05-31,103,93,0,0,2,0.7809220505592837,0.10063026231727838,neutral,BEAR,
2000-06-01,104,94,0,0,1,0.928842895028448,0.43089914677216,neutral,BEAR,
2000-06-02,105,95,0,0,1,0.9245881901170517,0.42097790212743946,neutral,BEAR,
2000-06-05,106,96,2,0,1,0.013882539139091822,0.4968113273205821,neutral,BEAR,
2000-06-06,107,97,1,0,1,0.9904707716099922,0.16683181372029973,neutral,BEAR,
2000-06-07,108,98,2,0,2,0.999919706723434,0.10778571976251981,neutral,BEAR,
2000-06-08,109,99,2,0,2,0.9996467029179881,0.4545274105125234,neutral,BEAR,
2000-06-09,110,100,0,0,1,0.7743790168561545,0.6521513071698375,bear,BEAR,
2000-06-12,111,101,0,0,1,0.7293994756435843,0.63141357784494,bear,BEAR,
2000-06-13,112,102,2,0,1,0.9757619251487872,0.4639271218832807,neutral,BEAR,
2000-06-14,113,103,2,0,1,0.972289363195499,0.43507870142598,neutral,BEAR,
2000-06-15,114,104,1,1,2,0.9999989787161768,0.3653213907742846,neutral,BEAR,
2000-06-16,115,105,1,1,0,0.9999990614286263,0.3674354670444075,neutral,BEAR,
2000-06-19,116,106,1,1,0,0.9999997266838039,0.4154529690367296,neutral,BEAR,
2000-06-20,117,107,1,1,0,0.9999993729749197,0.3485307038612368,neutral,BEAR,
2000-06-21,118,108,0,0,1,0.99999938473074,0.38632027085028536,neutral,BEAR,
2000-06-22,119,109,0,0,1,0.9999994088963335,0.380524811372875,neutral,BEAR,
2000-06-23,120,110,0,0,1,0.9999991552591635,0.44398144202513573,neutral,BEAR,
2000-06-26,121,111,0,0,1,0.9930890922681507,0.4098007417584469,neutral,BEAR,
2000-06-27,122,112,2,0,1,0.5317750584292184,0.4110894591703279,neutral,BEAR,
2000-06-28,123,113,0,0,1,0.5789066701952414,0.4510135931503237,neutral,BEAR,
2000-06-29,124,114,2,0,1,0.42902572465398675,0.4096492318091513,neutral,BEAR,
2000-06-30,125,115,0,0,1,0.4528202012611351,0.4733237109765099,neutral,BEAR,
2000-07-03,126,116,0,0,2,0.999977291254654,0.3682308983682163,neutral,BEAR,
2000-07-05,127,117,0,0,1,0.9999232233570466,0.34232221022071807,neutral,BEAR,
2000-07-06,128,118,1,1,2,0.999999147983953,0.4513766325222184,neutral,BEAR,
2000-07-07,129,119,0,0,1,0.9876539281694968,0.42421234886404635,neutral,BEAR,
2000-07-10,130,120,0,1,2,0.9642869245998229,0.2845141893304418,neutral,BEAR,
2000-07-11,131,121,0,1,2,0.9493078815891773,0.49931180724881963,neutral,BEAR,
2000-07-12,132,122,2,0,1,0.999998019502112,0.34738223933213647,neutral,BEAR,
2000-07-13,133,123,2,0,1,0.9999934903109338,0.48381120332292576,neutral,BEAR,
2000-07-14,134,124,0,0,1,0.9998566847911482,0.3772492389914734,neutral,BEAR,
2000-07-17,135,125,0,0,1,0.9972883891091254,0.3394598710724152,neutral,BEAR,
2000-07-18,136,126,0,0,2,0.943113514203536,0.3867426207912026,neutral,BEAR,
2000-07-19,137,127,0,0,2,0.9408015880317238,0.41304912223134366,neutral,BEAR,
2000-07-20,138,128,0,0,1,0.9999005878932198,0.4167232711504277,neutral,BEAR,
2000-07-21,139,129,0,0,1,0.9999987346447149,0.35337838007191796,neutral,BEAR,
2000-07-24,140,130,0,0,2,0.9999983686595719,0.42889420367091313,neutral,BEAR,
2000-07-25,141,131,1,0,2,0.9421440559227752,0.41181535325043533,neutral,BEAR,
2000-07-26,142,132,2,0,1,0.5070706281940194,0.3550789250383123,neutral,BEAR,
2000-07-27,143,133,2,2,1,0.5045175057440154,0.4112847445290131,neutral,BEAR,
2000-07-28,144,134,0,2,1,0.5884123143800575,0.342175638945691,neutral,BEAR,
2000-07-31,145,135,2,2,1,0.6147734917988282,0.5104573080920928,bear,BEAR,
2000-08-01,146,136,2,0,1,0.42523847577459206,0.4017514853511657,neutral,BEAR,
2000-08-02,147,137,0,0,1,0.5758576599138788,0.36775831903735673,neutral,BEAR,
2000-08-03,148,138,0,0,1,0.7720661496958121,0.3789041158949284,neutral,BEAR,
2000-08-04,149,139,1,1,2,0.999054175175566,0.3870181452619691,neutral,BEAR,
2000-08-07,150,140,0,0,1,0.9310688570042377,0.44322892777832856,neutral,BEAR,
2000-08-08,151,141,1,1,2,0.9983196543376742,0.36631978714551305,neutral,BEAR,
2000-08-09,152,142,1,1,2,0.9868170863195712,0.40227962424575864,neutral,BEAR,
2000-08-10,153,143,2,1,0,1.0,0.45073947367484185,neutral,BEAR,
2000-08-11,154,144,0,0,1,0.9733476264973012,0.41919271891400417,neutral,BEAR,
2000-08-14,155,145,0,1,2,0.9690190766577678,0.6211496785492368,bull,BULL,
2000-08-15,156,146,2,1,0,1.0,0.5130816249921782,bull,BULL,
2000-08-16,157,147,2,2,0,0.982143341193441,0.36350456120036795,neutral,BULL,
2000-08-17,158,148,0,1,2,0.9654165303870044,0.4162024669334166,neutral,BULL,
2000-08-18,159,149,1,1,2,0.9999706662531933,0.3787731403418375,neutral,BULL,
2000-08-21,160,150,2,2,0,0.9926297570136705,0.369423094702708,neutral,BULL,
2000-08-22,161,151,2,2,0,0.9904211644240197,0.3717731874417303,neutral,BULL,
2000-08-23,162,152,0,1,2,0.9690863558831906,0.4657290964311781,neutral,BULL,
2000-08-24,163,153,0,1,2,0.9589283870828696,0.45018936842264223,neutral,BULL,
2000-08-25,164,154,0,1,2,0.4902962744776511,0.4111839740004056,neutral,BULL,
2000-08-28,165,155,1,1,2,1.0,0.35782313136690874,neutral,BULL,
2000-08-29,166,156,0,2,1,0.9781236394489702,0.48884739486750584,neutral,BULL,
2000-08-30,167,157,0,1,2,1.0,0.5020353193351765,bull,BULL,
2000-08-31,168,158,0,1,2,1.0,0.38124408674695387,neutral,BULL,
2000-09-01,169,159,0,2,1,0.9833624295462012,0.30737744552410184,neutral,BULL,
2000-09-05,170,160,0,2,1,1.0,0.5045564354625539,bull,BULL,
2000-09-06,171,161,1,0,2,1.0,0.4127931068382829,neutral,BULL,
2000-09-07,172,162,1,0,2,1.0,0.339066925847904,neutral,BULL,
2000-09-08,173,163,1,0,2,1.0,0.4117142188863758,neutral,BULL,
2000-09-11,174,164,0,2,1,1.0,0.4571127437302144,neutral,BULL,
2000-09-12,175,165,0,2,1,1.0,0.4930707174091645,neutral,BULL,
2000-09-13,176,166,0,2,1,1.0,0.4540398111550554,neutral,BULL,
2000-09-14,177,167,0,2,1,0.9285403633395702,0.4957776013910009,neutral,BULL,
2000-09-15,178,168,0,2,1,1.0,0.48461012760557026,neutral,BULL,
2000-09-18,179,169,2,2,1,1.0,0.5939957791512406,bear,BEAR,
2000-09-19,180,170,2,2,1,1.0,0.3777312305807274,neutral,BEAR,
2000-09-20,181,171,0,0,2,1.0,0.30883677449658387,neutral,BEAR,
2000-09-21,182,172,0,0,2,1.0,0.3480108938804321,neutral,BEAR,
2000-09-22,183,173,2,2,1,0.814879065145799,0.5042148408398915,bear,BEAR,
2000-09-25,184,174,0,0,2,1.0,0.36866959066449617,neutral,BEAR,
2000-09-26,185,175,0,0,2,0.9231379799339978,0.4587273345035681,neutral,BEAR,
2000-09-27,186,176,0,0,2,0.8728186535793936,0.44135717689537834,neutral,BEAR,
2000-09-28,187,177,0,2,1,0.46640810390854354,0.4227842969201679,neutral,BEAR,
2000-09-29,188,178,0,0,2,0.9893512536314976,0.3531916837112679,neutral,BEAR,
2000-10-02,189,179,0,0,1,0.5478415746608115,0.37377203237401996,neutral,BEAR,
2000-10-03,190,180,0,0,2,0.9907759196301577,0.38506461665918074,neutral,BEAR,
2000-10-04,191,181,0,0,1,0.5209489363608382,0.3759551463799479,neutral,BEAR,
2000-10-05,192,182,0,0,2,0.9928915258656684,0.3778560123459119,neutral,BEAR,
2000-10-06,193,183,0,2,1,1.0,0.493972601241106,neutral,BEAR,
2000-10-09,194,184,0,2,1,0.9935837762695833,0.08871304097761568,neutral,BEAR,
2000-10-10,195,185,0,2,1,0.8547507057995984,0.4378675175263402,neutral,BEAR,
2000-10-11,196,186,1,1,2,1.0,0.5140547773345291,bear,BEAR,
2000-10-12,197,187,2,2,1,0.3855127664006735,0.3606336708523567,neutral,BEAR,
2000-10-13,198,188,1,2,1,0.999996718919274,0.4105185786167408,neutral,BEAR,
2000-10-16,199,189,1,0,2,0.9320631133117119,0.3293964087743614,neutral,BEAR,
2000-10-17,200,190,1,2,1,1.0,0.24457926277264136,neutral,BEAR,
2000-10-18,201,191,1,2,1,0.9998986547352636,0.42433772899987005,neutral,BEAR,
2000-10-19,202,192,1,2,1,0.9954054132192655,0.21145476385960574,neutral,BEAR,
2000-10-20,203,193,1,2,1,0.15088607092885306,0.9978226495425668,neutral,BEAR,
2000-10-23,204,194,2,2,1,0.9415463016630854,0.29413748532990047,neutral,BEAR,
2000-10-24,205,195,1,1,2,0.9102945441722433,0.29671934084483204,neutral,BEAR,
2000-10-25,206,196,2,2,1,0.8366771740099249,0.3368939862910834,neutral,BEAR,
2000-10-26,207,197,2,2,1,0.8305321454810989,0.5539751170320494,bear,BEAR,
2000-10-27,208,198,2,2,1,0.9900321696487626,0.2895203751418803,neutral,BEAR,
2000-10-30,209,199,0,0,2,0.9262495247166973,0.22977449192379276,neutral,BEAR,
2000-10-31,210,200,0,0,2,0.8545810085949647,0.41112736092945495,neutral,BEAR,
2000-11-01,211,201,1,1,2,0.770034241687432,0.30161545457783306,neutral,BEAR,
2000-11-02,212,202,0,0,2,0.9561055411756518,0.4685094093832313,neutral,BEAR,
2000-11-03,213,203,0,0,1,0.9008354156325489,0.46734118288075804,neutral,BEAR,
2000-11-06,214,204,0,0,2,0.800325856199818,0.35892342678246864,neutral,BEAR,
2000-11-07,215,205,0,0,1,0.6295141809024932,0.43219568435997585,neutral,BEAR,
2000-11-08,216,206,0,0,1,0.4190661461117165,0.47359376231534756,neutral,BEAR,
2000-11-09,217,207,0,0,1,0.9150994811459756,0.2676919039269244,neutral,BEAR,
2000-11-10,218,208,1,0,2,1.0,0.5876944008465851,bull,BULL,
2000-11-13,219,209,1,0,2,0.9922708145813826,0.18707159854285235,neutral,BULL,
2000-11-14,220,210,2,0,1,0.42105840344053863,0.276880263464728,neutral,BULL,
2000-11-15,221,211,2,2,0,0.22294143002277872,0.11683927106548969,neutral,BULL,
2000-11-16,222,212,1,0,2,0.9967596894403947,0.27412438192055094,neutral,BULL,
2000-11-17,223,213,1,0,2,0.9967287133297813,0.38272842400140633,neutral,BULL,
2000-11-20,224,214,1,0,2,0.9970560976779446,0.2918851731177796,neutral,BULL,
2000-11-21,225,215,1,0,2,0.6908609203943888,0.40782669594156246,neutral,BULL,
2000-11-22,226,216,2,2,1,0.9946153671869871,0.2967573306159061,neutral,BULL,
2000-11-24,227,217,2,2,1,0.9364533008095842,0.559200634098707,bear,BEAR,
2000-11-27,228,218,2,2,1,0.9883593600257156,0.3806360636741079,neutral,BEAR,
2000-11-28,229,219,0,0,2,0.9889191553581121,0.3188434811253628,neutral,BEAR,
2000-11-29,230,220,2,2,1,0.9676560153655843,0.5135229623520832,bear,BEAR,
2000-11-30,231,221,0,0,1,0.9931010464454997,0.2893672163766495,neutral,BEAR,
2000-12-01,232,222,0,0,1,0.9999998844649547,0.35706876524470005,neutral,BEAR,
2000-12-04,233,223,1,1,2,0.9997652120207431,0.46919592794151777,neutral,BEAR,
2000-12-05,234,224,2,0,1,0.9466822547341021,0.41096946848633675,neutral,BEAR,
2000-12-06,235,225,2,0,1,1.0,0.07502188009335482,neutral,BEAR,
2000-12-07,236,226,2,0,1,1.0,0.3549799544089376,neutral,BEAR,
2000-12-08,237,227,1,1,2,1.0,0.45487426256914326,neutral,BEAR,
2000-12-11,238,228,1,1,2,0.9997102797358967,0.45675690364257493,neutral,BEAR,
2000-12-12,239,229,1,1,2,0.9950831270940469,0.143555701213143,neutral,BEAR,
2000-12-13,240,230,1,1,2,0.9373622286257054,0.30613963690811397,neutral,BEAR,
2000-12-14,241,231,0,0,1,0.9746091503827551,0.3718366538275786,neutral,BEAR,
2000-12-15,242,232,2,2,1,0.9928115667327967,0.4382834444595235,neutral,BEAR,
2000-12-18,243,233,2,2,0,0.9390082811466676,0.540750285753492,bear,BEAR,
2000-12-19,244,234,0,0,1,0.9681161685457492,0.3468317983444304,neutral,BEAR,
2000-12-20,245,235,0,0,1,0.32741712048861255,0.34488536966363037,neutral,BEAR,
2000-12-21,246,236,2,0,1,0.7400074381283096,0.4117584407609407,neutral,BEAR,
2000-12-22,247,237,2,0,1,0.25241312703437746,0.3125995517017939,neutral,BEAR,
2000-12-26,248,238,1,0,1,0.8701456013581977,0.5899244471683115,bull,BULL,
2000-12-27,249,239,2,1,2,1.0,0.37725287590117734,neutral,BULL,
2000-12-28,250,240,2,0,1,0.9973790302195193,0.32723179806543484,neutral,BULL,
2000-12-29,251,241,2,1,2,0.29824106980138887,0.22914808510510543,neutral,BULL,
2001-01-02,252,242,1,1,2,0.9152913874931502,0.5583650510995972,bear,BEAR,
2001-01-03,253,243,1,1,2,0.8763173350713998,0.5518490812544206,bear,BEAR,
2001-01-04,254,244,1,0,2,0.8523681645496729,0.24939493084022965,neutral,BEAR,
2001-01-05,255,245,1,2,1,0.7382553553785037,0.23233791887278057,neutral,BEAR,
2001-01-08,256,246,2,2,1,0.9028804631797479,0.2448924401768964,neutral,BEAR,
2001-01-09,257,247,0,0,2,0.9988379661685935,0.28169969504376,neutral,BEAR,
2001-01-10,258,248,2,2,1,0.9957019241283138,0.2982558925130845,neutral,BEAR,
2001-01-11,259,249,0,0,2,0.9960807263868703,0.32485741626600145,neutral,BEAR,
2001-01-12,260,250,0,0,2,0.9986932183897891,0.2863294769818821,neutral,BEAR,
2001-01-16,261,251,1,1,2,0.9999493541033521,0.29453403307290166,neutral,BEAR,
2001-01-17,262,252,0,0,2,0.8460091671108294,0.3331316166438403,neutral,BEAR,
2001-01-18,263,253,1,1,2,0.9999999930157751,0.30578713685248193,neutral,BEAR,
2001-01-19,264,254,1,1,2,0.9999999999908069,0.32646584848801463,neutral,BEAR,
2001-01-22,265,255,1,1,2,0.9994250487225566,0.4422756363600193,neutral,BEAR,
2001-01-23,266,256,1,1,2,0.9995733666966163,0.4382161064721599,neutral,BEAR,
2001-01-24,267,257,2,2,1,0.999999999997902,0.31952132482511153,neutral,BEAR,
2001-01-25,268,258,1,1,2,0.2838051034367608,0.30815092013218576,neutral,BEAR,
2001-01-26,269,259,0,2,1,0.9999999696948123,0.5002491210332414,bull,BULL,
2001-01-29,270,260,0,0,1,0.999758959934367,0.46173865984432444,neutral,BULL,
2001-01-30,271,261,0,1,2,0.9682663236528329,0.45510380437784875,neutral,BULL,
2001-01-31,272,262,0,2,1,0.9699336672491119,0.39921757360222837,neutral,BULL,
2001-02-01,273,263,1,0,2,1.0,0.4641104845620724,neutral,BULL,
2001-02-02,274,264,0,1,2,0.9897006829190056,0.44529612440590965,neutral,BULL,
2001-02-05,275,265,0,2,1,0.9997093599216419,0.10096721149369882,neutral,BULL,
2001-02-06,276,266,0,1,2,1.0,0.4258699166378525,neutral,BULL,
2001-02-07,277,267,0,2,1,1.0,0.4807304900263014,neutral,BULL,
2001-02-08,278,268,1,2,0,0.9964573504994215,0.4649320793796932,neutral,BULL,
2001-02-09,279,269,0,1,2,0.8711192803102715,0.35867122019527053,neutral,BULL,
2001-02-12,280,270,2,2,0,0.9999367064970938,0.363531448739486,neutral,BULL,
2001-02-13,281,271,2,2,1,0.9995885330623608,0.3365105350403413,neutral,BULL,
2001-02-14,282,272,1,1,2,0.9990795222580784,0.35092721591064424,neutral,BULL,
2001-02-15,283,273,2,2,1,0.9996008890306757,0.3109553602590711,neutral,BULL,
2001-02-16,284,274,2,2,1,0.07995935872966989,0.3317507838514571,neutral,BULL,
2001-02-20,285,275,2,2,0,0.9999999837508319,0.4702874532190056,neutral,BULL,
2001-02-21,286,276,0,0,2,0.9985569634165525,0.4305451238702131,neutral,BULL,
2001-02-22,287,277,1,1,2,0.7409442126338687,0.4758351346361044,neutral,BULL,
2001-02-23,288,278,2,2,1,0.24739394141976992,0.3033185146808964,neutral,BULL,
2001-02-26,289,279,2,1,2,0.9917054369270806,0.2188996106656191,neutral,BULL,
2001-02-27,290,280,2,1,2,1.0,0.5736850307194589,bull,BULL,
2001-02-28,291,281,2,0,2,0.8566052567295028,0.23335769230027378,neutral,BULL,
2001-03-01,292,282,2,1,2,1.0,0.3348867359637968,neutral,BULL,
2001-03-02,293,283,2,1,2,0.6172657377518912,0.2404493685396958,neutral,BULL,
2001-03-05,294,284,1,1,2,0.9994915907054567,0.3476938419215692,neutral,BULL,
2001-03-06,295,285,1,1,2,0.17381788744401497,0.32599811211946556,neutral,BULL,
2001-03-07,296,286,0,1,2,0.9873838072421113,0.36440150703773927,neutral,BULL,
2001-03-08,297,287,0,1,2,0.9614579466115788,0.4340112658614289,neutral,BULL,
2001-03-09,298,288,0,1,2,0.9232670005174233,0.48668843482195884,neutral,BULL,
2001-03-12,299,289,0,1,2,0.8054291122048814,0.09160095725581971,neutral,BULL,
2001-03-13,300,290,1,1,2,0.7855461319686369,0.2778441788381561,neutral,BULL,
2001-03-14,301,291,2,2,1,0.4287540442957165,0.3388837529774556,neutral,BULL,
2001-03-15,302,292,2,1,2,1.0,0.3846467071528147,neutral,BULL,
2001-03-16,303,293,1,2,1,1.0,0.21387800325508682,neutral,BULL,
2001-03-19,304,294,2,1,2,1.0,0.43617995447665653,neutral,BULL,
2001-03-20,305,295,1,2,1,1.0,0.5381521829984508,bull,BULL,
2001-03-21,306,296,1,2,1,1.0,0.5033680443735172,bull,BULL,
2001-03-22,307,297,2,1,2,1.0,0.35133451018199513,neutral,BULL,
2001-03-23,308,298,2,0,2,1.0,0.2600337572301881,neutral,BULL,
2001-03-26,309,299,2,0,2,0.4825296598657884,0.7566488890665699,bull,BULL,
2001-03-27,310,300,2,0,2,0.31784387203964726,0.35171134742208354,neutral,BULL,
2001-03-28,311,301,0,0,2,0.950242437457177,0.3416372307142222,neutral,BULL,
2001-03-29,312,302,2,2,1,0.9818818913525907,0.4525787265318446,neutral,BULL,
2001-03-30,313,303,1,1,2,0.9998789147694573,0.2913729815719542,neutral,BULL,
2001-04-02,314,304,1,1,2,0.998553018984701,0.3179799951068969,neutral,BULL,
2001-04-03,315,305,1,1,2,0.9999981075780968,0.4818766668890034,neutral,BULL,
2001-04-04,316,306,0,0,2,0.9214153396590774,0.4310267156009092,neutral,BULL,
2001-04-05,317,307,1,0,2,0.2570073811955706,0.48204272295139783,neutral,BULL,
2001-04-06,318,308,0,0,2,0.4435607116024853,0.22106427674004675,neutral,BULL,
2001-04-09,319,309,0,0,1,0.41898320990450766,0.3583607508689483,neutral,BULL,
2001-04-10,320,310,2,2,1,0.974423599394516,0.3220441871143922,neutral,BULL,
2001-04-11,321,311,1,1,2,0.9999644272471125,0.36464272295241024,neutral,BULL,
2001-04-12,322,312,0,0,2,0.9964465208413172,0.2829156996224419,neutral,BULL,
2001-04-16,323,313,0,2,1,0.2876623078861329,0.24619222668345783,neutral,BULL,
2001-04-17,324,314,0,0,2,0.6898339083676822,0.36012714519831784,neutral,BULL,
2001-04-18,325,315,2,2,1,0.08784973871696301,0.3502780875125182,neutral,BULL,
2001-04-19,326,316,1,2,1,1.0,0.8309418196444851,bull,BULL,
2001-04-20,327,317,2,0,2,1.0,0.36486400677421454,neutral,BULL,
2001-04-23,328,318,1,0,1,0.9999999999973067,0.25361326895347214,neutral,BULL,
2001-04-24,329,319,0,2,0,1.0,0.33813107206541354,neutral,BULL,
2001-04-25,330,320,2,0,2,1.0,0.248692772218636,neutral,BULL,
2001-04-26,331,321,0,2,0,1.0,0.30202492671998615,neutral,BULL,
2001-04-27,332,322,0,2,0,0.32206509535480987,0.24854988585236126,neutral,BULL,
2001-04-30,333,323,0,0,2,0.8379019161070439,0.3592711039619934,neutral,BULL,
2001-05-01,334,324,0,0,2,0.9995799206788455,0.29957377594214807,neutral,BULL,
2001-05-02,335,325,0,0,1,0.5214979590725511,0.34968756805905404,neutral,BULL,
2001-05-03,336,326,0,0,1,0.4936377873301484,0.43382647113211076,neutral,BULL,
2001-05-04,337,327,1,1,2,0.9999999965112888,0.3873695030289276,neutral,BULL,
2001-05-07,338,328,0,0,1,0.999999173239654,0.35855931580837075,neutral,BULL,
2001-05-08,339,329,0,0,2,1.0,0.3403237629630261,neutral,BULL,
2001-05-09,340,330,1,0,2,0.9303783756682796,0.493707949642729,neutral,BULL,
2001-05-10,341,331,0,2,1,1.0,0.475393009300364,neutral,BULL,
2001-05-11,342,332,1,0,2,1.0,0.4854900820110945,neutral,BULL,
2001-05-14,343,333,1,1,0,0.5065243597396147,0.41829512739252384,neutral,BULL,
2001-05-15,344,334,0,1,2,1.0,0.49362960540950707,neutral,BULL,
2001-05-16,345,335,1,0,2,1.0,0.48746492181780093,neutral,BULL,
2001-05-17,346,336,0,0,1,0.9994299236731408,0.13270211722603564,neutral,BULL,
2001-05-18,347,337,1,0,2,0.916936436919969,0.49307072594858414,neutral,BULL,
2001-05-21,348,338,0,2,1,0.2299156544333445,0.48218037370083094,neutral,BULL,
2001-05-22,349,339,2,2,1,0.9981302885116995,0.33421805608561095,neutral,BULL,
2001-05-23,350,340,2,2,1,0.9110796485935285,0.2925790926348122,neutral,BULL,
2001-05-24,351,341,0,0,1,0.9506675966729997,0.4483075396457799,neutral,BULL,
2001-05-25,352,342,0,1,2,0.5110207312818108,0.44700943125718634,neutral,BULL,
2001-05-29,353,343,2,2,1,0.9999999973410425,0.3940524131808132,neutral,BULL,
2001-05-30,354,344,2,2,1,1.0,0.351083323893995,neutral,BULL,
2001-05-31,355,345,0,0,2,1.0,0.4206969606074883,neutral,BULL,
2001-06-01,356,346,2,2,1,0.9999958511487268,0.28823814009835663,neutral,BULL,
2001-06-04,357,347,0,0,2,0.9994813980423719,0.2910790181118418,neutral,BULL,
2001-06-05,358,348,0,0,2,0.9997762130261888,0.28877215716997484,neutral,BULL,
2001-06-06,359,349,0,0,2,1.0,0.3177861358395647,neutral,BULL,
2001-06-07,360,350,2,2,1,0.08157048073739537,0.35592280801799425,neutral,BULL,
2001-06-08,361,351,1,0,2,0.9677601248086879,0.4842857902230688,neutral,BULL,
2001-06-11,362,352,0,2,1,1.0,0.38043105159515617,neutral,BULL,
2001-06-12,363,353,1,0,2,1.0,0.43245543991600877,neutral,BULL,
2001-06-13,364,354,0,0,2,0.5551797709122911,0.47144403966141535,neutral,BULL,
2001-06-14,365,355,0,1,2,0.9912343439961763,0.40794197729252407,neutral,BULL,
2001-06-15,366,356,2,2,1,1.0,0.4824761640622023,neutral,BULL,
2001-06-18,367,357,2,2,1,0.9615775542193066,0.2948662553058196,neutral,BULL,
2001-06-19,368,358,2,2,1,0.5859916949548621,0.31393168125247245,neutral,BULL,
2001-06-20,369,359,1,1,2,0.7212123178055667,0.2945892251108014,neutral,BULL,
2001-06-21,370,360,0,0,1,0.8887828395592334,0.2976950800660393,neutral,BULL,
2001-06-22,371,361,0,0,1,0.9999996154766939,0.32920032124434667,neutral,BULL,
2001-06-25,372,362,0,0,1,1.0,0.3403788030620826,neutral,BULL,
2001-06-26,373,363,1,1,0,0.1567147862951694,0.3552774070966221,neutral,BULL,
2001-06-27,374,364,0,2,1,0.9987013399266378,0.4926004651849319,neutral,BULL,
2001-06-28,375,365,1,0,2,0.9999965806548184,0.46330554658643186,neutral,BULL,
2001-06-29,376,366,1,0,2,0.999998533249369,0.4490552409694639,neutral,BULL,
2001-07-02,377,367,0,2,1,1.0,0.4766572289123054,neutral,BULL,
2001-07-03,378,368,0,2,1,1.0,0.31764713450905835,neutral,BULL,
2001-07-05,379,369,0,2,1,1.0,0.4943619320710405,neutral,BULL,
2001-07-06,380,370,0,2,1,1.0,0.14419832481333245,neutral,BULL,
2001-07-09,381,371,0,2,1,0.887405945849438,0.11924017400049279,neutral,BULL,
2001-07-10,382,372,0,2,1,0.6857491075625104,0.46035701153461617,neutral,BULL,
2001-07-11,383,373,2,2,0,1.0,0.38816333204468356,neutral,BULL,
2001-07-12,384,374,0,0,1,0.9997232126450655,0.29523433321466347,neutral,BULL,
2001-07-13,385,375,2,2,1,0.9997567381900461,0.3321778244924386,neutral,BULL,
2001-07-16,386,376,0,2,1,0.507673675362803,0.41419880386488706,neutral,BULL,
2001-07-17,387,377,0,0,2,0.5034232925924964,0.6436330588797812,bear,BEAR,
2001-07-18,388,378,2,0,2,0.4852794993695904,0.6384291073462649,bull,BULL,
2001-07-19,389,379,0,0,1,1.0,0.4270533927932284,neutral,BULL,
2001-07-20,390,380,0,1,2,0.8709525547945037,0.39540093680182326,neutral,BULL,
2001-07-23,391,381,0,2,1,0.9951732320900804,0.44227764652585944,neutral,BULL,
2001-07-24,392,382,0,2,1,0.9212285595306305,0.22325651315448047,neutral,BULL,
2001-07-25,393,383,2,0,1,0.8185428744150324,0.4021986054482007,neutral,BULL,
2001-07-26,394,384,1,2,0,0.8841943197337614,0.3423662018751124,neutral,BULL,
2001-07-27,395,385,1,0,2,0.8829780606223766,0.3564669760025395,neutral,BULL,
2001-07-30,396,386,1,0,2,0.9375091839515519,0.46038986079697874,neutral,BULL,
2001-07-31,397,387,2,0,1,0.9412904528913729,0.4807988908048881,neutral,BULL,
2001-08-01,398,388,1,0,2,0.49606213687169715,0.3531981805794447,neutral,BULL,
2001-08-02,399,389,2,0,1,0.9102747469286644,0.43717243764462443,neutral,BULL,
2001-08-03,400,390,2,0,1,0.8398780945399755,0.46320637746609866,neutral,BULL,
2001-08-06,401,391,0,0,2,0.48654833141849807,0.3483440511932301,neutral,BULL,
2001-08-07,402,392,1,0,2,0.9032602052676472,0.30347706573085814,neutral,BULL,
2001-08-08,403,393,0,0,1,0.5228750263978816,0.4097520949551117,neutral,BULL,
2001-08-09,404,394,1,0,2,0.999053223747748,0.2053707453724925,neutral,BULL,
2001-08-10,405,395,0,0,1,0.513032076133037,0.41687455700790976,neutral,BULL,
2001-08-13,406,396,2,0,1,0.9232367840342199,0.47792055945287204,neutral,BULL,
2001-08-14,407,397,1,0,2,0.9148933560100598,0.4867886683646277,neutral,BULL,
2001-08-15,408,398,2,0,1,0.8733266098020638,0.48377192061508223,neutral,BULL,
2001-08-16,409,399,1,0,2,0.8935162326054721,0.39776291701063854,neutral,BULL,
2001-08-17,410,400,2,0,1,0.9990691217034501,0.47969204124751985,neutral,BULL,
2001-08-20,411,401,1,0,2,1.0,0.25514321539264273,neutral,BULL,
2001-08-21,412,402,2,0,1,1.0,0.40089004573238324,neutral,BULL,
2001-08-22,413,403,2,0,1,0.9977787779538401,0.23905361757256804,neutral,BULL,
2001-08-23,414,404,1,0,2,0.4922776764520868,0.36862794310608543,neutral,BULL,
2001-08-24,415,405,0,0,1,0.4421939163091873,0.6301575587508207,bear,BEAR,
2001-08-27,416,406,0,0,1,0.4229795728238986,0.16176499644695047,neutral,BEAR,
2001-08-28,417,407,2,1,0,0.9991821464570045,0.4361806765396439,neutral,BEAR,
2001-08-29,418,408,0,2,1,0.4760927778288623,0.34442712072585485,neutral,BEAR,
2001-08-30,419,409,0,0,2,0.5084131480021401,0.41024359268865607,neutral,BEAR,
2001-08-31,420,410,0,2,1,0.5019228423050218,0.3523171300094565,neutral,BEAR,
2001-09-04,421,411,2,0,1,0.07639323545545462,0.42394783514420886,neutral,BEAR,
2001-09-05,422,412,2,2,0,1.0,0.3346508138899015,neutral,BEAR,
2001-09-06,423,413,0,0,1,1.0,0.3054713019120534,neutral,BEAR,
2001-09-07,424,414,0,0,1,0.8939822003706444,0.4217831637836309,neutral,BEAR,
2001-09-10,425,415,2,0,2,1.0,0.3497070915016877,neutral,BEAR,
2001-09-17,426,416,2,0,2,0.8791611495534682,0.3392771949313684,neutral,BEAR,
2001-09-18,427,417,2,0,2,1.0,0.942466532010635,bull,BULL,
2001-09-19,428,418,1,0,1,1.0,0.21395522881934603,neutral,BULL,
2001-09-20,429,419,0,2,0,1.0,0.396965659326974,neutral,BULL,
2001-09-21,430,420,1,0,1,1.0,0.6051712872788856,bull,BULL,
2001-09-24,431,421,2,0,2,1.0,0.31118747346836595,neutral,BULL,
2001-09-25,432,422,1,2,1,1.0,0.8280776746717587,bull,BULL,
2001-09-26,433,423,2,1,2,1.0,0.28551941701616357,neutral,BULL,
2001-09-27,434,424,2,1,2,1.0,0.21712847251358747,neutral,BULL,
2001-09-28,435,425,1,2,1,1.0,0.27059567952246055,neutral,BULL,
2001-10-01,436,426,0,0,2,0.9898667937937482,0.36934828649348883,neutral,BULL,
2001-10-02,437,427,1,1,2,0.9846642015886912,0.3140338942085624,neutral,BULL,
2001-10-03,438,428,0,0,1,0.3053384511010794,0.32390773897108793,neutral,BULL,
2001-10-04,439,429,2,0,2,1.0,0.39527787734072367,neutral,BULL,
2001-10-05,440,430,2,0,2,1.0,0.22129762891800747,neutral,BULL,
2001-10-08,441,431,0,0,1,0.8389429688063829,0.3152954368173389,neutral,BULL,
2001-10-09,442,432,1,0,2,0.4387192075502091,0.341756570914503,neutral,BULL,
2001-10-10,443,433,0,0,2,0.9999732461672327,0.323451427069775,neutral,BULL,
2001-10-11,444,434,0,0,1,1.0,0.38373249413574384,neutral,BULL,
2001-10-12,445,435,0,0,2,0.49998087283132514,0.26815818900011756,neutral,BULL,
2001-10-15,446,436,0,0,2,1.0,0.3239594224580099,neutral,BULL,
2001-10-16,447,437,0,0,1,0.12764656562791887,0.31564811420139377,neutral,BULL,
2001-10-17,448,438,2,0,1,0.8948258975432806,0.43950671993130924,neutral,BULL,
2001-10-18,449,439,0,1,2,0.9171037281010024,0.19796808711371444,neutral,BULL,
2001-10-19,450,440,2,0,1,0.9169133139974718,0.46310153563700107,neutral,BULL,
2001-10-22,451,441,0,2,1,0.921226664668443,0.46896892568321485,neutral,BULL,
2001-10-23,452,442,0,2,1,0.9544281887010424,0.13302661362664953,neutral,BULL,
2001-10-24,453,443,2,0,1,1.0,0.44247157578394747,neutral,BULL,
2001-10-25,454,444,2,0,1,1.0,0.4600669314578095,neutral,BULL,
2001-10-26,455,445,0,1,2,0.999381820923401,0.19047470299802646,neutral,BULL,
2001-10-29,456,446,0,1,2,0.9964252947880037,0.4599956639184825,neutral,BULL,
2001-10-30,457,447,0,2,1,0.9823184264824093,0.13491672892564616,neutral,BULL,
2001-10-31,458,448,0,2,1,0.9288664452977621,0.35944627547692864,neutral,BULL,
2001-11-01,459,449,0,2,1,0.4858369621091892,0.32820905612609913,neutral,BULL,
2001-11-02,460,450,2,2,1,0.5160982118493327,0.06887766401019749,neutral,BULL,
2001-11-05,461,451,0,1,2,0.7967570330450443,0.4200829488198928,neutral,BULL,
2001-11-06,462,452,0,2,1,0.4899236914428036,0.356769046490264,neutral,BULL,
2001-11-07,463,453,0,0,1,0.5021920410636935,0.26852570659212477,neutral,BULL,
2001-11-08,464,454,2,0,1,0.4572306594676944,0.3441322107442181,neutral,BULL,
2001-11-09,465,455,0,0,1,0.3572518789508313,0.41077316494875993,neutral,BULL,
2001-11-12,466,456,0,1,2,0.04379292824487296,0.4528531102306835,neutral,BULL,
2001-11-13,467,457,2,1,0,0.7997370662664152,0.3373335502832817,neutral,BULL,
2001-11-14,468,458,2,1,2,0.8452396358442215,0.4231898980734325,neutral,BULL,
2001-11-15,469,459,2,1,2,0.34620594973369984,0.3199150822216934,neutral,BULL,
2001-11-16,470,460,1,0,2,0.5007413045283271,0.349140776391354,neutral,BULL,
2001-11-19,471,461,0,0,1,0.5036537471560151,0.43137506797152936,neutral,BULL,
2001-11-20,472,462,2,0,1,0.9586679240402856,0.3337921635839558,neutral,BULL,
2001-11-21,473,463,2,2,1,0.9678567079500516,0.406665222731046,neutral,BULL,
2001-11-23,474,464,2,2,1,0.9958432249317208,0.42580939685480645,neutral,BULL,
2001-11-26,475,465,0,2,1,0.997620470580681,0.28835750962479356,neutral,BULL,
2001-11-27,476,466,2,0,1,1.0,0.4533688406897395,neutral,BULL,
2001-11-28,477,467,2,2,1,1.0,0.44605254548567097,neutral,BULL,
2001-11-29,478,468,0,0,1,1.0,0.26362294010735565,neutral,BULL,
2001-11-30,479,469,0,0,2,0.5644433747587002,0.30030409879567166,neutral,BULL,
2001-12-03,480,470,2,2,1,1.0,0.4230914318473228,neutral,BULL,
2001-12-04,481,471,2,2,1,1.0,0.43195750985473114,neutral,BULL,
2001-12-05,482,472,2,2,0,1.0,0.2897677299475192,neutral,BULL,
2001-12-06,483,473,0,2,1,0.9813460286218856,0.21653910355181272,neutral,BULL,
2001-12-07,484,474,1,0,2,0.925161971511707,0.4506723311319843,neutral,BULL,
2001-12-10,485,475,1,1,0,0.89687133751554,0.4230050712378988,neutral,BULL,
2001-12-11,486,476,0,0,1,0.9017541565002782,0.2535021352121228,neutral,BULL,
2001-12-12,487,477,1,1,2,0.501871519775421,0.4311792326289341,neutral,BULL,
2001-12-13,488,478,0,2,1,0.9219237088295273,0.44868584120690547,neutral,BULL,
2001-12-14,489,479,2,2,0,0.4943262548619558,0.6391825854066295,bear,BEAR,
2001-12-17,490,480,2,2,1,1.0,0.3400717265646383,neutral,BEAR,
2001-12-18,491,481,0,1,2,1.0,0.3499098237910161,neutral,BEAR,
2001-12-19,492,482,0,1,2,1.0,0.33748727596724615,neutral,BEAR,
2001-12-20,493,483,2,0,1,0.16631687695713587,0.34105614680152063,neutral,BEAR,
2001-12-21,494,484,1,0,2,0.9860394284413228,0.3978476389501942,neutral,BEAR,
2001-12-24,495,485,0,2,1,1.0,0.44343350359696554,neutral,BEAR,
2001-12-26,496,486,0,2,1,1.0,0.4495041203025667,neutral,BEAR,
2001-12-27,497,487,2,2,1,1.0,0.43154528025451266,neutral,BEAR,
2001-12-28,498,488,0,2,1,0.9946139795356781,0.4169322314939001,neutral,BEAR,
2001-12-31,499,489,1,1,2,1.0,0.45505651036782874,neutral,BEAR,
2002-01-02,500,490,2,2,0,1.0,0.31991870209230955,neutral,BEAR,
2002-01-03,501,491,2,2,1,1.0,0.3541972983754619,neutral,BEAR,
2002-01-04,502,492,1,1,2,0.5359530078468101,0.33783420797200464,neutral,BEAR,
2002-01-07,503,493,0,2,1,1.0,0.42279921896903494,neutral,BEAR,
2002-01-08,504,494,1,2,0,1.0,0.4283573141596061,neutral,BEAR,
2002-01-09,505,495,1,1,2,1.0,0.4595661002096793,neutral,BEAR,
2002-01-10,506,496,1,1,2,1.0,0.42457643921805954,neutral,BEAR,
2002-01-11,507,497,0,1,2,0.47229021537205207,0.360690844787619,neutral,BEAR,
2002-01-14,508,498,1,1,2,1.0,0.4060665428785245,neutral,BEAR,
2002-01-15,509,499,0,0,2,1.0,0.444296748062235,neutral,BEAR,
2002-01-16,510,500,2,2,1,1.0,0.389104995669935,neutral,BEAR,
2002-01-17,511,501,2,2,1,0.911918599310671,0.21733296708925107,neutral,BEAR,
2002-01-18,512,502,0,0,2,0.8787850538704002,0.3962364783949109,neutral,BEAR,
2002-01-22,513,503,2,2,1,0.9340623701491767,0.4530925037676614,neutral,BEAR,
2002-01-23,514,504,0,0,1,0.9183420408737017,0.4385199295927857,neutral,BEAR,
2002-01-24,515,505,2,2,1,0.9823615690627389,0.3947340313251788,neutral,BEAR,
2002-01-25,516,506,1,1,0,0.9999040310780536,0.44476927737996746,neutral,BEAR,
2002-01-28,517,507,2,2,1,1.0,0.4609444752620439,neutral,BEAR,
2002-01-29,518,508,1,1,2,1.0,0.44858948345827554,neutral,BEAR,
2002-01-30,519,509,0,0,2,0.9857647210105155,0.08496994567222592,neutral,BEAR,
2002-01-31,520,510,2,2,1,1.0,0.2844720183304003,neutral,BEAR,
2002-02-01,521,511,1,1,2,1.0,0.35215726037053696,neutral,BEAR,
2002-02-04,522,512,2,2,1,1.0,0.4353299177069866,neutral,BEAR,
2002-02-05,523,513,1,1,2,0.9339490348112418,0.17156668273697587,neutral,BEAR,
2002-02-06,524,514,1,1,2,0.09329704748631275,0.4202392818809445,neutral,BEAR,
2002-02-07,525,515,0,1,2,1.0,0.3365475434988575,neutral,BEAR,
2002-02-08,526,516,0,2,1,0.9999999012079913,0.34359566590522383,neutral,BEAR,
2002-02-11,527,517,0,2,1,1.0,0.37762826819866824,neutral,BEAR,
2002-02-12,528,518,0,1,2,1.0,0.35206298671285696,neutral,BEAR,
2002-02-13,529,519,0,1,2,1.0,0.3326911035485884,neutral,BEAR,
2002-02-14,530,520,0,1,2,1.0,0.38999700242992436,neutral,BEAR,
2002-02-15,531,521,0,1,2,0.3099430303253601,0.3251435129789615,neutral,BEAR,
2002-02-19,532,522,0,1,2,1.0,0.40401335022344104,neutral,BEAR,
2002-02-20,533,523,0,1,2,1.0,0.28684899074739784,neutral,BEAR,
2002-02-21,534,524,1,1,2,0.8906431079687219,0.22300524898019877,neutral,BEAR,
2002-02-22,535,525,0,0,2,0.8480907141428714,0.25552113520850644,neutral,BEAR,
2002-02-25,536,526,0,0,2,0.9639146827431316,0.33750118933092044,neutral,BEAR,
2002-02-26,537,527,0,0,2,0.955834410555783,0.24625617636207944,neutral,BEAR,
2002-02-27,538,528,0,1,2,1.0,0.4570826918804885,neutral,BEAR,
2002-02-28,539,529,0,0,2,0.9476975993888486,0.43807810162455213,neutral,BEAR,
2002-03-01,540,530,0,0,2,0.9836163929751781,0.4281173318348744,neutral,BEAR,
2002-03-04,541,531,0,0,2,0.8142116094163218,0.08385243165773787,neutral,BEAR,
2002-03-05,542,532,1,0,2,1.0,0.3785928691250267,neutral,BEAR,
2002-03-06,543,533,2,0,1,1.0,0.3345810146399057,neutral,BEAR,
2002-03-07,544,534,2,0,1,0.5693371608904537,0.34461014482337926,neutral,BEAR,
2002-03-08,545,535,2,0,1,0.8371068168174723,0.3331694241947636,neutral,BEAR,
2002-03-11,546,536,1,0,2,0.9416483045409136,0.32734873201771403,neutral,BEAR,
2002-03-12,547,537,0,1,2,0.942225697968707,0.3281161754607558,neutral,BEAR,
2002-03-13,548,538,1,0,2,0.36378830562696807,0.42387055520634703,neutral,BEAR,
2002-03-14,549,539,1,1,2,0.5052713832655211,0.34464620343896235,neutral,BEAR,
2002-03-15,550,540,0,0,1,1.0,0.4401956746682904,neutral,BEAR,
2002-03-18,551,541,0,0,2,1.0,0.42163737438541615,neutral,BEAR,
2002-03-19,552,542,0,0,1,1.0,0.44491238302345687,neutral,BEAR,
2002-03-20,553,543,0,0,1,1.0,0.42318251484228403,neutral,BEAR,
2002-03-21,554,544,1,0,2,0.4331146818443845,0.2358260441015297,neutral,BEAR,
2002-03-22,555,545,1,1,2,1.0,0.446290335688134,neutral,BEAR,
2002-03-25,556,546,1,1,2,1.0,0.44157711487924894,neutral,BEAR,
2002-03-26,557,547,0,0,1,1.0,0.35849821119878506,neutral,BEAR,
2002-03-27,558,548,0,0,1,1.0,0.43017281079527847,neutral,BEAR,
2002-03-28,559,549,0,0,1,0.9973423438231783,0.4466011508046948,neutral,BEAR,
2002-04-01,560,550,1,0,2,0.45589521729714316,0.4263437811868615,neutral,BEAR,
2002-04-02,561,551,1,1,0,0.5356891828687448,0.34942939351850727,neutral,BEAR,
2002-04-03,562,552,0,0,1,1.0,0.4266362040247496,neutral,BEAR,
2002-04-04,563,553,0,0,2,1.0,0.415266279690136,neutral,BEAR,
2002-04-05,564,554,1,1,2,1.0,0.43771156589688853,neutral,BEAR,
2002-04-08,565,555,1,1,2,1.0,0.45377326138807894,neutral,BEAR,
2002-04-09,566,556,1,0,2,0.5801514974172436,0.41931277654266036,neutral,BEAR,
2002-04-10,567,557,0,0,2,0.4768785287953163,0.3868620893821661,neutral,BEAR,
2002-04-11,568,558,1,1,0,1.0,0.3534295501854619,neutral,BEAR,
2002-04-12,569,559,1,1,0,0.9990886296152753,0.178884360126469,neutral,BEAR,
2002-04-15,570,560,0,0,1,1.0,0.41552933789955626,neutral,BEAR,
2002-04-16,571,561,0,0,2,1.0,0.40945684057772735,neutral,BEAR,
2002-04-17,572,562,0,0,2,1.0,0.06769654970317193,neutral,BEAR,
2002-04-18,573,563,0,0,2,1.0,0.445879986710524,neutral,BEAR,
2002-04-19,574,564,1,1,0,1.0,0.43653594336518314,neutral,BEAR,
2002-04-22,575,565,2,2,1,1.0,0.4437277866394893,neutral,BEAR,
2002-04-23,576,566,1,1,2,1.0,0.29875183207470146,neutral,BEAR,
2002-04-24,577,567,1,1,2,0.997835374311772,0.4375363165240153,neutral,BEAR,
2002-04-25,578,568,0,0,1,0.9722345505082044,0.38904087700683837,neutral,BEAR,
2002-04-26,579,569,0,0,1,0.49779421274501434,0.36169789832515364,neutral,BEAR,
2002-04-29,580,570,0,1,2,1.0,0.3615588350342856,neutral,BEAR,
2002-04-30,581,571,0,1,2,0.9969713259856,0.3362955873959968,neutral,BEAR,
2002-05-01,582,572,0,1,2,0.9995367466753988,0.3458038249965214,neutral,BEAR,
2002-05-02,583,573,0,2,1,1.0,0.36028041829158763,neutral,BEAR,
2002-05-03,584,574,0,1,2,1.0,0.33162986769436975,neutral,BEAR,
2002-05-06,585,575,2,2,1,0.9433015769066262,0.3782607931924714,neutral,BEAR,
2002-05-07,586,576,1,1,2,0.8550221756523678,0.251515957444859,neutral,BEAR,
2002-05-08,587,577,1,1,0,0.4788718553855576,0.4372100937831439,neutral,BEAR,
2002-05-09,588,578,0,0,1,0.5144359750969838,0.1372791936277717,neutral,BEAR,
2002-05-10,589,579,2,2,0,0.9377962739485022,0.3815635951423816,neutral,BEAR,
2002-05-13,590,580,1,1,0,0.8653166824194553,0.2730798587656077,neutral,BEAR,
2002-05-14,591,581,0,0,2,0.8669574013955254,0.1690098242409679,neutral,BEAR,
2002-05-15,592,582,1,1,2,0.06749691659681996,0.15057918907475157,neutral,BEAR,
2002-05-16,593,583,0,1,2,1.0,0.3322150607160599,neutral,BEAR,
2002-05-17,594,584,0,0,1,0.3342523837742693,0.2715982059046381,neutral,BEAR,
2002-05-20,595,585,0,1,2,1.0,0.33904236239987656,neutral,BEAR,
2002-05-21,596,586,0,1,2,1.0,0.3539641718578188,neutral,BEAR,
2002-05-22,597,587,0,1,2,0.2142442103694098,0.34434459838556264,neutral,BEAR,
2002-05-23,598,588,2,0,1,0.5026893080993475,0.3476013528225961,neutral,BEAR,
2002-05-24,599,589,1,1,0,0.8387469248747415,0.34971650499253404,neutral,BEAR,
2002-05-28,600,590,0,0,2,1.0,0.3671377566688045,neutral,BEAR,
2002-05-29,601,591,0,0,2,1.0,0.4379117924645575,neutral,BEAR,
2002-05-30,602,592,0,0,2,1.0,0.4265918447012127,neutral,BEAR,
2002-05-31,603,593,1,0,1,0.48171722502792663,0.4412590010764799,neutral,BEAR,
2002-06-03,604,594,1,0,1,0.6216583457291286,0.5470431392474212,bull,BULL,
2002-06-04,605,595,1,1,0,0.19369546227972775,0.1571030218006024,neutral,BULL,
2002-06-05,606,596,1,0,2,1.0,0.33157333381534354,neutral,BULL,
2002-06-06,607,597,0,2,0,0.1810584321663302,0.4498083627445897,neutral,BULL,
2002-06-07,608,598,0,0,1,0.8124729917237918,0.4341869248911078,neutral,BULL,
2002-06-10,609,599,0,1,2,1.0,0.3284527903618459,neutral,BULL,
2002-06-11,610,600,0,1,2,1.0,0.3369684636391927,neutral,BULL,
2002-06-12,611,601,0,0,2,0.8754383686880762,0.3792338822452988,neutral,BULL,
2002-06-13,612,602,0,1,0,0.9197233030163108,0.34540944280707386,neutral,BULL,
2002-06-14,613,603,1,0,2,1.0,0.3471572167048045,neutral,BULL,
2002-06-17,614,604,0,2,0,0.5991681319568908,0.5174783984402977,bull,BULL,
2002-06-18,615,605,0,0,2,0.9415892080444,0.08044175454496036,neutral,BULL,
2002-06-19,616,606,0,0,2,0.9187077410140262,0.3822465224713589,neutral,BULL,
2002-06-20,617,607,0,0,2,1.0,0.19212830302395298,neutral,BULL,
2002-06-21,618,608,0,0,1,0.9831702385230413,0.36887006352778184,neutral,BULL,
2002-06-24,619,609,0,0,2,0.33637863504001686,0.2750561018322029,neutral,BULL,
2002-06-25,620,610,0,0,2,0.055357439340548154,0.40997321327920744,neutral,BULL,
2002-06-26,621,611,2,0,1,0.9997490784376751,0.3606519444567964,neutral,BULL,
2002-06-27,622,612,1,0,2,0.8873304784672086,0.3350251645638754,neutral,BULL,
2002-06-28,623,613,0,1,2,0.8457004326679466,0.3780289190431076,neutral,BULL,
2002-07-01,624,614,1,0,2,0.7809443495414403,0.3337592166813199,neutral,BULL,
2002-07-02,625,615,2,1,0,0.9113987452598626,0.36959432048819807,neutral,BULL,
2002-07-03,626,616,2,0,1,0.9999999999093481,0.37143731727825485,neutral,BULL,
2002-07-05,627,617,0,1,2,1.0,0.34269598021204095,neutral,BULL,
2002-07-08,628,618,2,0,1,1.0,0.10479617958109488,neutral,BULL,
2002-07-09,629,619,0,1,2,0.5705371026318816,0.34589710181847694,neutral,BULL,
2002-07-10,630,620,0,1,2,0.40431505723034,0.32780028975158804,neutral,BULL,
2002-07-11,631,621,0,1,2,0.9867868358589115,0.17347979999310134,neutral,BULL,
2002-07-12,632,622,0,1,2,0.7149846873776771,0.34859590679936286,neutral,BULL,
2002-07-15,633,623,1,0,2,0.5250701108595898,0.3487618247582875,neutral,BULL,
2002-07-16,634,624,1,0,2,0.6915578320877669,0.340328087258057,neutral,BULL,
2002-07-17,635,625,1,0,2,0.36045610155962843,0.36331501154777973,neutral,BULL,
2002-07-18,636,626,2,0,1,0.053602236837958096,0.33308289425409704,neutral,BULL,
2002-07-19,637,627,2,1,2,1.0,0.6897589256056534,bull,BULL,
2002-07-22,638,628,2,0,2,1.0,0.7777018334003855,bull,BULL,
2002-07-23,639,629,1,2,1,1.0,0.6256276583106674,bull,BULL,
2002-07-24,640,630,2,1,2,1.0,0.5661931565636072,bull,BULL,
2002-07-25,641,631,2,1,2,1.0,0.9999616138304904,bull,BULL,
2002-07-26,642,632,2,1,2,1.0,0.23925439560972053,neutral,BULL,
2002-07-29,643,633,2,0,2,1.0,0.42754584039096616,neutral,BULL,
2002-07-30,644,634,0,1,0,1.0,0.9920553662062659,bull,BULL,
2002-07-31,645,635,2,0,2,1.0,0.3198734949878843,neutral,BULL,
2002-08-01,646,636,2,1,2,1.0,0.22274517858399903,neutral,BULL,
2002-08-02,647,637,2,1,2,1.0,0.5101593856008053,bull,BULL,
2002-08-05,648,638,1,2,1,1.0,0.4426977308966223,neutral,BULL,
2002-08-06,649,639,1,0,1,1.0,0.7866590423337261,bull,BULL,
2002-08-07,650,640,1,0,1,0.5864453562646278,0.7878945916830135,bull,BULL,
2002-08-08,651,641,2,1,2,0.3839150657022387,0.37955259839151756,neutral,BULL,
2002-08-09,652,642,2,0,2,0.2331366075501525,0.7678152623853117,neutral,BULL,
2002-08-12,653,643,0,2,1,0.9203748684109572,0.3462287495884993,neutral,BULL,
2002-08-13,654,644,0,2,1,0.878943819889496,0.34004900622594103,neutral,BULL,
2002-08-14,655,645,2,0,1,0.952669140906286,0.3530861311476194,neutral,BULL,
2002-08-15,656,646,0,2,1,0.8431369070050035,0.17157157421071897,neutral,BULL,
2002-08-16,657,647,2,0,1,0.11469508771719467,0.3701227086691709,neutral,BULL,
2002-08-19,658,648,1,0,1,1.0,0.21578338666451635,neutral,BULL,
2002-08-20,659,649,2,0,1,0.7568375072278053,0.33849224790578986,neutral,BULL,
2002-08-21,660,650,2,0,1,0.9884379354510832,0.34652477370736245,neutral,BULL,
2002-08-22,661,651,2,0,1,0.9989253722824823,0.37233192999150605,neutral,BULL,
2002-08-23,662,652,2,0,1,0.9527420974057398,0.3618287159062487,neutral,BULL,
2002-08-26,663,653,2,0,1,0.9785966964579744,0.35631674686258724,neutral,BULL,
2002-08-27,664,654,0,1,2,0.9995966161350616,0.3513779548868571,neutral,BULL,
2002-08-28,665,655,2,2,1,0.9722827229460457,0.39131243758499196,neutral,BULL,
2002-08-29,666,656,2,2,1,0.9642808744677489,0.2335561765406184,neutral,BULL,
2002-08-30,667,657,2,2,1,0.8646868388508756,0.44302821749453214,neutral,BULL,
2002-09-03,668,658,0,0,1,0.1624656977516523,0.44437856941047893,neutral,BULL,
2002-09-04,669,659,2,0,1,0.9477502252020796,0.18560572367540934,neutral,BULL,
2002-09-05,670,660,2,0,1,0.7142948258306531,0.3735391408135913,neutral,BULL,
2002-09-06,671,661,2,0,1,0.5217665514219229,0.3396406166081244,neutral,BULL,
2002-09-09,672,662,2,2,1,0.3330152042652765,0.3166151528203986,neutral,BULL,
2002-09-10,673,663,0,2,1,0.4222967841233771,0.3596771395281787,neutral,BULL,
2002-09-11,674,664,2,2,1,0.4869790130809284,0.34769774963514655,neutral,BULL,
2002-09-12,675,665,2,2,1,0.5300130738847765,0.3384421436546532,neutral,BULL,
2002-09-13,676,666,0,0,1,0.9690602023563292,0.2957029177108597,neutral,BULL,
2002-09-16,677,667,0,0,1,0.9985355166571628,0.4378711736949759,neutral,BULL,
2002-09-17,678,668,0,0,1,1.0,0.4383680634136083,neutral,BULL,
2002-09-18,679,669,0,0,1,1.0,0.21692668246193353,neutral,BULL,
2002-09-19,680,670,2,2,1,0.502305535238105,0.39609496383680726,neutral,BULL,
2002-09-20,681,671,0,0,1,0.5107908217788786,0.3208898120081189,neutral,BULL,
2002-09-23,682,672,2,0,1,0.19779574311279643,0.43068541591693493,neutral,BULL,
2002-09-24,683,673,0,0,1,0.11211404520128428,0.34552695164863034,neutral,BULL,
2002-09-25,684,674,2,0,1,0.16090405127451535,0.3516354860432071,neutral,BULL,
2002-09-26,685,675,2,0,1,0.6776726395520166,0.354471503450169,neutral,BULL,
2002-09-27,686,676,2,0,1,0.9270716648347995,0.3837865932481479,neutral,BULL,
2002-09-30,687,677,2,0,1,0.9907473833429209,0.24081941494436604,neutral,BULL,
2002-10-01,688,678,2,0,1,0.9999999999999929,0.3381195895941767,neutral,BULL,
2002-10-02,689,679,2,0,1,0.4174014981086739,0.07010907220102479,neutral,BULL,
2002-10-03,690,680,0,1,2,0.0017199723158147471,0.6323187203074355,neutral,BULL,
2002-10-04,691,681,1,1,0,0.9629836680547045,0.4006254062006953,neutral,BULL,
2002-10-07,692,682,2,2,1,0.6555548066935726,0.30875102668933285,neutral,BULL,
2002-10-08,693,683,0,2,1,0.9999990263362796,0.3423872124545851,neutral,BULL,
2002-10-09,694,684,0,2,1,0.9996221272261595,0.3846494411626484,neutral,BULL,
2002-10-10,695,685,0,2,1,0.9481690333217597,0.316862373203217,neutral,BULL,
2002-10-11,696,686,0,2,1,0.9998691238534567,0.28504658824435414,neutral,BULL,
2002-10-14,697,687,2,1,2,0.22739780245561142,0.921400286296892,neutral,BULL,
2002-10-15,698,688,1,0,2,0.32223040972615047,0.4025239742655611,neutral,BULL,
2002-10-16,699,689,2,0,2,0.8727796702675089,0.966069600932816,bull,BULL,
2002-10-17,700,690,1,2,1,0.9997915550746058,0.4602601303658831,neutral,BULL,
2002-10-18,701,691,0,1,0,1.0,0.4108722466334874,neutral,BULL,
2002-10-21,702,692,0,1,0,1.0,0.23332563804942646,neutral,BULL,
2002-10-22,703,693,1,2,1,1.0,0.3693910885644245,neutral,BULL,
2002-10-23,704,694,1,2,1,1.0,0.23647282636693914,neutral,BULL,
2002-10-24,705,695,1,2,1,0.9072682649252908,0.2599132555712053,neutral,BULL,
2002-10-25,706,696,0,2,1,0.9999811909441201,0.35309554081591965,neutral,BULL,
2002-10-28,707,697,0,1,2,1.0,0.3808718095797001,neutral,BULL,
2002-10-29,708,698,0,0,1,0.9999353465630954,0.4452265811721692,neutral,BULL,
2002-10-30,709,699,0,0,1,0.9999455387072429,0.40723014800260965,neutral,BULL,
2002-10-31,710,700,0,0,1,1.0,0.36055037736931345,neutral,BULL,
2002-11-01,711,701,0,0,1,1.0,0.42233031665054904,neutral,BULL,
2002-11-04,712,702,0,0,1,1.0,0.17747895152863796,neutral,BULL,
2002-11-05,713,703,0,0,1,1.0,0.3669777989218774,neutral,BULL,
2002-11-06,714,704,0,0,1,1.0,0.39012372651873706,neutral,BULL,
2002-11-07,715,705,1,1,0,0.8241636811166723,0.3156441269259336,neutral,BULL,
2002-11-08,716,706,0,0,1,0.9281955978534614,0.2157433462733264,neutral,BULL,
2002-11-11,717,707,0,0,1,0.9180208244163165,0.39518862548478473,neutral,BULL,
2002-11-12,718,708,0,0,1,0.7815019525466058,0.364246451434337,neutral,BULL,
2002-11-13,719,709,0,0,1,0.8527223004385329,0.38583666621890683,neutral,BULL,
2002-11-14,720,710,0,0,1,0.8220717835100207,0.4431812468668345,neutral,BULL,
2002-11-15,721,711,0,0,1,0.9197940348089793,0.21376488480079348,neutral,BULL,
2002-11-18,722,712,2,2,0,0.8896559708593722,0.3970383391568789,neutral,BULL,
2002-11-19,723,713,2,2,0,0.9042598560120585,0.4161567091458789,neutral,BULL,
2002-11-20,724,714,1,1,2,0.9565319938384641,0.4494738492444469,neutral,BULL,
2002-11-21,725,715,1,1,2,0.9938765957739228,0.16002603031171236,neutral,BULL,
2002-11-22,726,716,1,1,2,0.30152243874092904,0.22656954326312206,neutral,BULL,
2002-11-25,727,717,0,1,2,1.0,0.3279871169967983,neutral,BULL,
2002-11-26,728,718,0,0,2,0.5592004073188225,0.2723219061795895,neutral,BULL,
2002-11-27,729,719,2,0,1,0.31472526402521744,0.35052863285889174,neutral,BULL,
2002-11-29,730,720,0,0,2,0.4233872139179407,0.21747610457871858,neutral,BULL,
2002-12-02,731,721,2,0,2,0.5642669256343482,0.4561742493631211,neutral,BULL,
2002-12-03,732,722,0,0,1,0.8681687172318305,0.4350763049560501,neutral,BULL,
2002-12-04,733,723,0,0,1,0.989150184518555,0.38743686122943216,neutral,BULL,
2002-12-05,734,724,0,0,1,1.0,0.4439790422037453,neutral,BULL,
2002-12-06,735,725,0,0,1,1.0,0.40981928958413855,neutral,BULL,
2002-12-09,736,726,0,0,1,1.0,0.4011303770050947,neutral,BULL,
2002-12-10,737,727,0,0,1,0.8840444500533581,0.17524185336322481,neutral,BULL,
2002-12-11,738,728,0,0,1,0.8013052155807244,0.3115858297733717,neutral,BULL,
2002-12-12,739,729,2,2,1,0.6908812315610174,0.4375038398896944,neutral,BULL,
2002-12-13,740,730,2,2,1,0.8696571431660507,0.4405835376748945,neutral,BULL,
2002-12-16,741,731,2,2,1,0.8792404945373687,0.3612569102326122,neutral,BULL,
2002-12-17,742,732,0,0,1,0.9995692481776164,0.11790841494920119,neutral,BULL,
2002-12-18,743,733,0,0,1,1.0,0.4260009491899169,neutral,BULL,
2002-12-19,744,734,0,0,1,1.0,0.4055508821404869,neutral,BULL,
2002-12-20,745,735,0,0,1,1.0,0.43482175956918173,neutral,BULL,
2002-12-23,746,736,0,0,2,1.0,0.36712228028204974,neutral,BULL,
2002-12-24,747,737,0,0,2,1.0,0.4379692174154072,neutral,BULL,
2002-12-26,748,738,1,1,2,1.0,0.43379872216679627,neutral,BULL,
2002-12-27,749,739,1,1,2,1.0,0.4381680557076212,neutral,BULL,
2002-12-30,750,740,1,1,2,1.0,0.2613596846148955,neutral,BULL,
2002-12-31,751,741,1,1,2,0.995150096701413,0.37779880701862906,neutral,BULL,
2003-01-02,752,742,2,2,1,1.0,0.4362205911932494,neutral,BULL,
2003-01-03,753,743,2,2,1,1.0,0.05242957443059673,neutral,BULL,
2003-01-06,754,744,2,2,1,0.9890367221061883,0.4236060665451448,neutral,BULL,
2003-01-07,755,745,0,0,2,0.5203613763707889,0.2515288424310534,neutral,BULL,
2003-01-08,756,746,1,0,2,1.0,0.33221829368185035,neutral,BULL,
2003-01-09,757,747,2,0,1,1.0,0.3426444693844811,neutral,BULL,
2003-01-10,758,748,1,0,2,0.999997888544643,0.3724374006920195,neutral,BULL,
2003-01-13,759,749,2,0,1,0.9998304329396741,0.34012670635215386,neutral,BULL,
2003-01-14,760,750,2,0,1,1.0,0.3355544498387644,neutral,BULL,
2003-01-15,761,751,2,0,1,0.19544172920429823,0.33983529964251613,neutral,BULL,
2003-01-16,762,752,0,0,1,1.0,0.415679111817318,neutral,BULL,
2003-01-17,763,753,2,2,1,1.0,0.44181463574254926,neutral,BULL,
2003-01-21,764,754,0,0,1,1.0,0.3699735574489743,neutral,BULL,
2003-01-22,765,755,0,0,1,0.9846702961759006,0.3607977715707233,neutral,BULL,
2003-01-23,766,756,0,0,1,0.2794248454115536,0.4016456268693235,neutral,BULL,
2003-01-24,767,757,2,0,1,1.0,0.34683894677994753,neutral,BULL,
2003-01-27,768,758,2,0,1,0.9794875741506316,0.3402202478927671,neutral,BULL,
2003-01-28,769,759,2,0,1,0.5805640087869438,0.3393956612186719,neutral,BULL,
2003-01-29,770,760,1,0,2,0.5170729643428544,0.3524319255686992,neutral,BULL,
2003-01-30,771,761,0,1,2,0.9264300916430519,0.3540541472357192,neutral,BULL,
2003-01-31,772,762,2,0,1,0.974368815482177,0.34036310084523536,neutral,BULL,
2003-02-03,773,763,0,1,2,1.0,0.37287148294805333,neutral,BULL,
2003-02-04,774,764,2,0,1,0.17722439334867615,0.33936330603233567,neutral,BULL,
2003-02-05,775,765,0,0,1,0.9832964478167042,0.41856504880163076,neutral,BULL,
2003-02-06,776,766,1,1,2,0.9991199072209049,0.4372256351206566,neutral,BULL,
2003-02-07,777,767,0,0,1,1.0,0.4411987423360533,neutral,BULL,
2003-02-10,778,768,0,0,1,1.0,0.39941297093069456,neutral,BULL,
2003-02-11,779,769,0,2,1,0.9999847801830969,0.41008265006624645,neutral,BULL,
2003-02-12,780,770,0,0,1,1.0,0.43596382998672706,neutral,BULL,
2003-02-13,781,771,0,2,1,0.9958681585997933,0.3334576328884093,neutral,BULL,
2003-02-14,782,772,1,1,0,0.9267709282095988,0.4255627711975214,neutral,BULL,
2003-02-18,783,773,0,2,1,0.9953167343222596,0.18827018193509856,neutral,BULL,
2003-02-19,784,774,2,2,1,0.4912911045442735,0.20986755588182907,neutral,BULL,
2003-02-20,785,775,1,1,0,1.0,0.43959213381022183,neutral,BULL,
2003-02-21,786,776,0,0,1,1.0,0.4166954178305578,neutral,BULL,
2003-02-24,787,777,0,0,2,0.5602201973633816,0.3776176508540747,neutral,BULL,
2003-02-25,788,778,1,1,0,0.9998894755799411,0.35267844471794807,neutral,BULL,
2003-02-26,789,779,0,0,2,0.9996775710781314,0.38384379210772535,neutral,BULL,
2003-02-27,790,780,1,1,0,0.9991019249699075,0.3730477748187486,neutral,BULL,
2003-02-28,791,781,0,0,1,1.0,0.31680195951407175,neutral,BULL,
2003-03-03,792,782,0,0,1,1.0,0.39788546359803645,neutral,BULL,
2003-03-04,793,783,0,0,2,1.0,0.41942089653967446,neutral,BULL,
2003-03-05,794,784,1,1,0,1.0,0.3560908227422378,neutral,BULL,
2003-03-06,795,785,2,2,1,1.0,0.37861325673005625,neutral,BULL,
2003-03-07,796,786,0,0,1,1.0,0.42670898727737266,neutral,BULL,
2003-03-10,797,787,0,0,2,1.0,0.39509912075181175,neutral,BULL,
2003-03-11,798,788,0,0,1,1.0,0.23422378857641712,neutral,BULL,
2003-03-12,799,789,0,0,2,0.9717450804599871,0.4180887984865276,neutral,BULL,
2003-03-13,800,790,0,0,1,0.9038156453866575,0.39558480538870433,neutral,BULL,
2003-03-14,801,791,0,0,2,0.9300841831858913,0.03689227432175623,neutral,BULL,
2003-03-17,802,792,0,0,2,0.9769660936085359,0.42176539834559723,neutral,BULL,
2003-03-18,803,793,0,2,1,1.0,0.28884858385273426,neutral,BULL,
2003-03-19,804,794,1,0,2,0.9992087155814282,0.34698978974849576,neutral,BULL,
2003-03-20,805,795,0,2,1,0.8321214976520475,0.3519607593436428,neutral,BULL,
2003-03-21,806,796,0,2,1,0.3678910744612633,0.33888785681583394,neutral,BULL,
2003-03-24,807,797,0,1,0,0.9968639493880893,0.372882188419943,neutral,BULL,
2003-03-25,808,798,1,2,1,0.8728039859388947,0.6248105200700298,bull,BULL,
2003-03-26,809,799,2,1,0,0.9354318776549015,0.35793540834805554,neutral,BULL,
2003-03-27,810,800,2,1,0,1.0,0.33196435326457413,neutral,BULL,
2003-03-28,811,801,2,2,1,0.9462700715137669,0.43363191083912817,neutral,BULL,
2003-03-31,812,802,1,1,0,1.0,0.4379526819587169,neutral,BULL,
2003-04-01,813,803,2,2,1,0.9920441630674045,0.2586443514791075,neutral,BULL,
2003-04-02,814,804,2,2,1,0.9778211007848506,0.28717419059762617,neutral,BULL,
2003-04-03,815,805,0,0,2,0.9908597985360307,0.1786363681585687,neutral,BULL,
2003-04-04,816,806,2,2,1,0.9821905345081684,0.4357155096036585,neutral,BULL,
2003-04-07,817,807,0,0,2,1.0,0.40236179119046706,neutral,BULL,
2003-04-08,818,808,0,0,2,0.999859330044258,0.43495240485168046,neutral,BULL,
2003-04-09,819,809,0,0,2,1.0,0.4295556984931478,neutral,BULL,
2003-04-10,820,810,0,0,1,1.0,0.3865301511193123,neutral,BULL,
2003-04-11,821,811,0,0,1,1.0,0.40612422677436355,neutral,BULL,
2003-04-14,822,812,0,0,1,1.0,0.43805906349194956,neutral,BULL,
2003-04-15,823,813,0,0,2,1.0,0.20740353791452518,neutral,BULL,
2003-04-16,824,814,0,0,2,1.0,0.371144171870063,neutral,BULL,
2003-04-17,825,815,0,0,2,1.0,0.340174353618272,neutral,BULL,
2003-04-21,826,816,0,0,2,1.0,0.2995252563444724,neutral,BULL,
2003-04-22,827,817,0,0,1,1.0,0.43137009120153663,neutral,BULL,
2003-04-23,828,818,0,0,1,0.9584732869923337,0.24006874369208983,neutral,BULL,
2003-04-24,829,819,2,2,0,0.34849166422007805,0.3262056123651725,neutral,BULL,
2003-04-25,830,820,0,0,2,0.3923046409953029,0.4172765562645604,neutral,BULL,
2003-04-28,831,821,1,1,0,0.8415135067962461,0.3915664425024335,neutral,BULL,
2003-04-29,832,822,0,0,1,0.9819984435829713,0.2652835690798919,neutral,BULL,
2003-04-30,833,823,1,1,0,0.9768972796271935,0.420619735778458,neutral,BULL,
2003-05-01,834,824,2,2,1,0.9704379895184589,0.4370233022631857,neutral,BULL,
2003-05-02,835,825,0,0,2,1.0,0.43514063204468756,neutral,BULL,
2003-05-05,836,826,2,2,1,1.0,0.3113432111995584,neutral,BULL,
2003-05-06,837,827,1,1,0,1.0,0.4372971440680228,neutral,BULL,
2003-05-07,838,828,1,1,0,1.0,0.3724813905119169,neutral,BULL,
2003-05-08,839,829,0,1,2,0.5034790509416293,0.46221494071709684,neutral,BULL,
2003-05-09,840,830,0,0,1,1.0,0.4089237028990557,neutral,BULL,
2003-05-12,841,831,0,1,2,0.4880527886430503,0.2943064702537779,neutral,BULL,
2003-05-13,842,832,1,1,0,0.5004013430113214,0.3291973822042457,neutral,BULL,
2003-05-14,843,833,0,0,2,0.5856484157860385,0.45286519351418875,neutral,BULL,
2003-05-15,844,834,1,1,0,0.5043417188243869,0.2630369985759986,neutral,BULL,
2003-05-16,845,835,0,0,2,0.5871834306848124,0.36280967653836643,neutral,BULL,
2003-05-19,846,836,2,0,2,0.4108825703063848,0.3024496714748528,neutral,BULL,
2003-05-20,847,837,1,1,2,0.5191528269444384,0.2656621461552353,neutral,BULL,
2003-05-21,848,838,0,0,2,0.582504798580087,0.4609808776756977,neutral,BULL,
2003-05-22,849,839,0,0,1,1.0,0.4326768515699853,neutral,BULL,
2003-05-23,850,840,0,0,1,1.0,0.3719898736432244,neutral,BULL,
2003-05-27,851,841,0,0,2,1.0,0.43327727110145525,neutral,BULL,
2003-05-28,852,842,0,0,1,1.0,0.2621444949696017,neutral,BULL,
2003-05-29,853,843,0,0,2,0.9963445168745866,0.43055198913079185,neutral,BULL,
2003-05-30,854,844,0,0,2,0.9814219619135194,0.441993043527719,neutral,BULL,
2003-06-02,855,845,0,0,1,0.7902639602604068,0.29076863089664046,neutral,BULL,
2003-06-03,856,846,0,0,2,0.0176363244992612,0.42399711032578263,neutral,BULL,
2003-06-04,857,847,1,0,2,1.0,0.3367296436576028,neutral,BULL,
2003-06-05,858,848,1,0,2,1.0,0.3634899920971328,neutral,BULL,
2003-06-06,859,849,1,0,2,0.14411310188020343,0.41934265910503327,neutral,BULL,
2003-06-09,860,850,1,0,2,1.0,0.33022807567695767,neutral,BULL,
2003-06-10,861,851,1,0,2,0.7588230664215845,0.39827294652697515,neutral,BULL,
2003-06-11,862,852,1,0,2,0.8749591892030169,0.3741219505107561,neutral,BULL,
2003-06-12,863,853,0,0,2,0.8639034976958164,0.36735770287831293,neutral,BULL,
2003-06-13,864,854,1,0,2,0.9948100540464953,0.4314612813966833,neutral,BULL,
2003-06-16,865,855,0,0,2,1.0,0.3978373331562168,neutral,BULL,
2003-06-17,866,856,0,0,2,1.0,0.21555226363374771,neutral,BULL,
2003-06-18,867,857,1,1,0,0.5281048106104098,0.40629699813068326,neutral,BULL,
2003-06-19,868,858,0,0,1,0.9995439150494763,0.43887883798846944,neutral,BULL,
2003-06-20,869,859,0,0,1,0.4889826776419713,0.39352242607247784,neutral,BULL,
2003-06-23,870,860,2,0,2,0.432651451761252,0.2953762485242602,neutral,BULL,
2003-06-24,871,861,1,1,2,1.0,0.41029326976031494,neutral,BULL,
2003-06-25,872,862,2,0,2,0.4260137825937566,0.3327444192923675,neutral,BULL,
2003-06-26,873,863,1,1,2,0.8610893723981549,0.4127198758692166,neutral,BULL,
2003-06-27,874,864,0,0,2,0.8459599094073482,0.326433171514428,neutral,BULL,
2003-06-30,875,865,1,1,0,0.5915997838005947,0.39818390356738687,neutral,BULL,
2003-07-01,876,866,1,1,2,0.7964222619259497,0.4377291120679623,neutral,BULL,
2003-07-02,877,867,0,0,2,0.9888090683366765,0.3729684632046216,neutral,BULL,
2003-07-03,878,868,0,0,1,1.0,0.33413299367187377,neutral,BULL,
2003-07-07,879,869,0,0,2,1.0,0.4103561345510787,neutral,BULL,
2003-07-08,880,870,1,1,2,1.0,0.2327208737396989,neutral,BULL,
2003-07-09,881,871,0,0,2,0.985971647881093,0.41585090734487434,neutral,BULL,
2003-07-10,882,872,0,0,2,0.948136915598722,0.4372169555637059,neutral,BULL,
2003-07-11,883,873,1,1,2,0.9912725320016668,0.3862412174933889,neutral,BULL,
2003-07-14,884,874,0,0,2,0.9860549231657031,0.371441292890133,neutral,BULL,
2003-07-15,885,875,0,0,2,1.0,0.41461392218085313,neutral,BULL,
2003-07-16,886,876,0,0,2,1.0,0.44272596716242585,neutral,BULL,
2003-07-17,887,877,2,2,1,1.0,0.4393649857752103,neutral,BULL,
2003-07-18,888,878,2,2,0,1.0,0.36593121911531273,neutral,BULL,
2003-07-21,889,879,0,0,2,1.0,0.3629673393575125,neutral,BULL,
2003-07-22,890,880,0,0,1,1.0,0.38989394227350405,neutral,BULL,
2003-07-23,891,881,2,2,1,1.0,0.3766409731546923,neutral,BULL,
2003-07-24,892,882,0,0,2,1.0,0.43976187289000696,neutral,BULL,
2003-07-25,893,883,2,2,1,1.0,0.43196751819960666,neutral,BULL,
2003-07-28,894,884,2,2,1,1.0,0.2614048633100339,neutral,BULL,
2003-07-29,895,885,0,0,1,1.0,0.4450517490022436,neutral,BULL,
2003-07-30,896,886,2,2,1,1.0,0.44379342813287753,neutral,BULL,
2003-07-31,897,887,0,0,2,1.0,0.44632140258786906,neutral,BULL,
2003-08-01,898,888,0,0,1,1.0,0.4333961601110936,neutral,BULL,
2003-08-04,899,889,0,0,1,1.0,0.4238912794675213,neutral,BULL,
2003-08-05,900,890,0,0,1,1.0,0.4431715716137908,neutral,BULL,
2003-08-06,901,891,0,0,1,1.0,0.24236881131112617,neutral,BULL,
2003-08-07,902,892,0,0,2,0.9973262258467388,0.4086669477798696,neutral,BULL,
2003-08-08,903,893,0,0,1,0.9939931056518303,0.3599243822508934,neutral,BULL,
2003-08-11,904,894,1,1,0,1.0,0.43083017026299153,neutral,BULL,
2003-08-12,905,895,0,0,1,1.0,0.4256393325497654,neutral,BULL,
2003-08-13,906,896,1,1,0,1.0,0.3779347576706948,neutral,BULL,
2003-08-14,907,897,2,2,1,1.0,0.4427977379076752,neutral,BULL,
2003-08-15,908,898,2,2,1,1.0,0.4327857555037283,neutral,BULL,
2003-08-18,909,899,0,0,2,1.0,0.4309054523022886,neutral,BULL,
2003-08-19,910,900,1,1,0,0.9890334787887094,0.3842178008771383,neutral,BULL,
2003-08-20,911,901,2,2,1,1.0,0.42766626082038955,neutral,BULL,
2003-08-21,912,902,0,0,1,1.0,0.4473067162171828,neutral,BULL,
2003-08-22,913,903,2,2,1,1.0,0.4325952568703042,neutral,BULL,
2003-08-25,914,904,2,2,1,1.0,0.36744917965722595,neutral,BULL,
2003-08-26,915,905,2,2,1,1.0,0.4410329658793123,neutral,BULL,
2003-08-27,916,906,2,2,1,1.0,0.44046376702903317,neutral,BULL,
2003-08-28,917,907,2,2,1,1.0,0.4269801076966964,neutral,BULL,
2003-08-29,918,908,0,0,1,1.0,0.4107695651479613,neutral,BULL,
2003-09-02,919,909,2,2,1,1.0,0.39405478639519176,neutral,BULL,
2003-09-03,920,910,2,0,2,0.698230596611403,0.3618091019692752,neutral,BULL,
2003-09-04,921,911,0,0,1,0.9933373190797925,0.4214604897123685,neutral,BULL,
2003-09-05,922,912,0,0,1,0.8804293028142821,0.4497546748980832,neutral,BULL,
2003-09-08,923,913,0,0,1,0.7992702907238214,0.44434859205187666,neutral,BULL,
2003-09-09,924,914,0,0,1,0.776072917340098,0.3922285460242797,neutral,BULL,
2003-09-10,925,915,0,0,1,0.9142773612718625,0.43811423135935457,neutral,BULL,
2003-09-11,926,916,0,0,2,0.5780329150086136,0.49265792952377463,neutral,BULL,
2003-09-12,927,917,0,0,2,1.0,0.4370013031842927,neutral,BULL,
2003-09-15,928,918,0,0,2,0.4268138866754184,0.20769862412138088,neutral,BULL,
2003-09-16,929,919,2,2,1,1.0,0.4525793272593868,neutral,BULL,
2003-09-17,930,920,1,1,2,1.0,0.3046940922227374,neutral,BULL,
2003-09-18,931,921,1,1,2,1.0,0.4542544660677139,neutral,BULL,
2003-09-19,932,922,0,0,1,1.0,0.3488707012161669,neutral,BULL,
2003-09-22,933,923,2,0,1,1.0,0.3970920371431728,neutral,BULL,
2003-09-23,934,924,0,0,2,1.0,0.4024872043833832,neutral,BULL,
2003-09-24,935,925,2,2,1,1.0,0.4342957844833426,neutral,BULL,
2003-09-25,936,926,2,2,1,1.0,0.2941523461791266,neutral,BULL,
2003-09-26,937,927,1,1,2,0.9779182203063835,0.4291114655974719,neutral,BULL,
2003-09-29,938,928,2,2,1,0.7019215272994764,0.4164491880887405,neutral,BULL,
2003-09-30,939,929,1,1,0,0.5695234853915738,0.3746363091213263,neutral,BULL,
2003-10-01,940,930,1,1,2,0.21711365611011074,0.41664810892690335,neutral,BULL,
2003-10-02,941,931,2,2,1,0.5587912459512601,0.19572821858891207,neutral,BULL,
2003-10-03,942,932,1,1,2,0.9583645883506445,0.4331992519702737,neutral,BULL,
2003-10-06,943,933,2,0,1,0.984035602453864,0.37370748706688145,neutral,BULL,
2003-10-07,944,934,2,2,1,0.8759500907560032,0.4271506536639195,neutral,BULL,
2003-10-08,945,935,0,0,1,0.567244154254261,0.4322233991967668,neutral,BULL,
2003-10-09,946,936,1,0,1,0.9264356917699655,0.34161802117442297,neutral,BULL,
2003-10-10,947,937,1,1,2,0.15108965121524456,0.43950128286189827,neutral,BULL,
2003-10-13,948,938,0,0,2,0.6970567628262098,0.4391775757223907,neutral,BULL,
2003-10-14,949,939,1,1,2,0.8183789221222207,0.4376510845183187,neutral,BULL,
2003-10-15,950,940,0,0,1,1.0,0.4329776222374153,neutral,BULL,
2003-10-16,951,941,0,0,1,1.0,0.4243024286916506,neutral,BULL,
2003-10-17,952,942,0,0,1,1.0,0.4089641189246544,neutral,BULL,
2003-10-20,953,943,0,0,1,1.0,0.40325656451651265,neutral,BULL,
2003-10-21,954,944,2,2,1,1.0,0.3997051763756559,neutral,BULL,
2003-10-22,955,945,1,1,0,1.0,0.45364099667856705,neutral,BULL,
2003-10-23,956,946,0,0,1,1.0,0.3800201386017784,neutral,BULL,
2003-10-24,957,947,0,0,1,1.0,0.4539510753884561,neutral,BULL,
2003-10-27,958,948,0,0,1,1.0,0.44153327032357004,neutral,BULL,
2003-10-28,959,949,2,2,1,1.0,0.4510715875702641,neutral,BULL,
2003-10-29,960,950,0,0,1,1.0,0.3218454143231044,neutral,BULL,
2003-10-30,961,951,1,1,2,1.0,0.4248678622641419,neutral,BULL,
2003-10-31,962,952,0,0,1,1.0,0.4451480320834724,neutral,BULL,
2003-11-03,963,953,0,0,1,1.0,0.4544445442085591,neutral,BULL,
2003-11-04,964,954,0,0,1,1.0,0.4133818149978641,neutral,BULL,
2003-11-05,965,955,0,0,1,1.0,0.4549859942316099,neutral,BULL,
2003-11-06,966,956,0,0,1,1.0,0.4515602182765975,neutral,BULL,
2003-11-07,967,957,0,0,1,1.0,0.4291497277682397,neutral,BULL,
2003-11-10,968,958,0,0,1,1.0,0.4363315979010994,neutral,BULL,
2003-11-11,969,959,0,0,1,1.0,0.42643399825947254,neutral,BULL,
2003-11-12,970,960,0,0,2,1.0,0.43007444349073515,neutral,BULL,
2003-11-13,971,961,0,0,2,1.0,0.3591316794699157,neutral,BULL,
2003-11-14,972,962,0,0,2,1.0,0.4286386020668016,neutral,BULL,
2003-11-17,973,963,2,2,0,1.0,0.3976362383092614,neutral,BULL,
2003-11-18,974,964,1,1,2,1.0,0.4524608748190206,neutral,BULL,
2003-11-19,975,965,2,2,1,1.0,0.37980181741253904,neutral,BULL,
2003-11-20,976,966,2,2,1,1.0,0.3960083449982456,neutral,BULL,
2003-11-21,977,967,0,0,1,1.0,0.4215921924380093,neutral,BULL,
2003-11-24,978,968,2,2,1,1.0,0.43894742651459195,neutral,BULL,
2003-11-25,979,969,2,2,0,1.0,0.3191524117542523,neutral,BULL,
2003-11-26,980,970,0,0,1,1.0,0.439937742362467,neutral,BULL,
2003-11-28,981,971,0,0,1,1.0,0.44380979595319864,neutral,BULL,
2003-12-01,982,972,0,0,1,1.0,0.45781623291672247,neutral,BULL,
2003-12-02,983,973,2,2,1,0.9807342251812146,0.36482612483148663,neutral,BULL,
2003-12-03,984,974,0,0,1,0.9082098266403621,0.4610582503424738,neutral,BULL,
2003-12-04,985,975,1,1,2,0.954127490577983,0.4615838781222267,neutral,BULL,
2003-12-05,986,976,1,1,2,0.936136594725647,0.4414229662083542,neutral,BULL,
2003-12-08,987,977,0,0,1,1.0,0.44064284097966955,neutral,BULL,
2003-12-09,988,978,2,2,0,0.48205125713138924,0.34225016082421406,neutral,BULL,
2003-12-10,989,979,0,2,0,0.49842953044735927,0.357240529983179,neutral,BULL,
2003-12-11,990,980,2,2,1,1.0,0.46118700236184756,neutral,BULL,
2003-12-12,991,981,0,0,1,1.0,0.35885718544295775,neutral,BULL,
2003-12-15,992,982,2,2,1,1.0,0.4549965052124658,neutral,BULL,
2003-12-16,993,983,2,2,1,1.0,0.45379639259545246,neutral,BULL,
2003-12-17,994,984,1,1,0,1.0,0.4123973360850018,neutral,BULL,
2003-12-18,995,985,0,2,0,0.5139369804834563,0.40671133041380686,neutral,BULL,
2003-12-19,996,986,2,2,1,1.0,0.3593777240921809,neutral,BULL,
2003-12-22,997,987,2,2,1,1.0,0.43429102951890236,neutral,BULL,
2003-12-23,998,988,2,2,1,1.0,0.4172638677215408,neutral,BULL,
2003-12-24,999,989,0,0,1,1.0,0.4622443329873638,neutral,BULL,
2003-12-26,1000,990,0,0,1,1.0,0.4645659010289392,neutral,BULL,
2003-12-29,1001,991,0,0,1,1.0,0.46238553940714033,neutral,BULL,
2003-12-30,1002,992,2,2,1,1.0,0.3278029733739196,neutral,BULL,
2003-12-31,1003,993,0,0,1,1.0,0.46441119464436376,neutral,BULL,
2004-01-02,1004,994,0,0,1,1.0,0.46304262577293254,neutral,BULL,
2004-01-05,1005,995,0,0,1,1.0,0.4657754272705617,neutral,BULL,
2004-01-06,1006,996,0,0,1,1.0,0.3687036894191356,neutral,BULL,
2004-01-07,1007,997,2,2,1,1.0,0.4633321208506983,neutral,BULL,
2004-01-08,1008,998,2,2,1,0.9955857144186405,0.45242946827622227,neutral,BULL,
2004-01-09,1009,999,2,2,1,0.9767421605037911,0.44861532099482915,neutral,BULL,
2004-01-12,1010,1000,1,1,2,1.0,0.4215068287308609,neutral,BULL,
2004-01-13,1011,1001,0,1,2,0.9993185538253316,0.3948126308855025,neutral,BULL,
2004-01-14,1012,1002,0,1,2,0.9999321519356597,0.42080872113645834,neutral,BULL,
2004-01-15,1013,1003,1,1,2,0.9570144636313086,0.294738286101991,neutral,BULL,
2004-01-16,1014,1004,2,2,1,1.0,0.4593128220496689,neutral,BULL,
2004-01-20,1015,1005,1,1,2,1.0,0.45099586252857293,neutral,BULL,
2004-01-21,1016,1006,1,1,2,1.0,0.46789636637873955,neutral,BULL,
2004-01-22,1017,1007,1,1,2,1.0,0.41328553345352137,neutral,BULL,
2004-01-23,1018,1008,0,0,2,1.0,0.465096426213932,neutral,BULL,
2004-01-26,1019,1009,0,1,2,0.9988769734706573,0.4367208761136362,neutral,BULL,
2004-01-27,1020,1010,0,1,2,0.9955749610086698,0.32340202498400605,neutral,BULL,
2004-01-28,1021,1011,0,1,2,0.9987094210520753,0.3698284521872849,neutral,BULL,
2004-01-29,1022,1012,2,2,1,1.0,0.38278110621405376,neutral,BULL,
2004-01-30,1023,1013,2,2,1,1.0,0.46573803982617273,neutral,BULL,
2004-02-02,1024,1014,0,0,1,1.0,0.4686437358752084,neutral,BULL,
2004-02-03,1025,1015,2,2,1,1.0,0.4490029927116931,neutral,BULL,
2004-02-04,1026,1016,2,0,1,0.9999206700005903,0.4421847832405727,neutral,BULL,
2004-02-05,1027,1017,2,1,2,0.9994270115946166,0.3965812954978964,neutral,BULL,
2004-02-06,1028,1018,2,1,2,0.9994279023015934,0.4356584938504489,neutral,BULL,
2004-02-09,1029,1019,2,1,2,0.9994054048519133,0.3486971986198298,neutral,BULL,
2004-02-10,1030,1020,2,2,1,1.0,0.4694831459171672,neutral,BULL,
2004-02-11,1031,1021,0,0,1,1.0,0.46350461057318476,neutral,BULL,
2004-02-12,1032,1022,0,0,2,1.0,0.37561544127883123,neutral,BULL,
2004-02-13,1033,1023,0,0,1,1.0,0.46803337128135986,neutral,BULL,
2004-02-17,1034,1024,0,0,1,1.0,0.4638799135694287,neutral,BULL,
2004-02-18,1035,1025,1,1,2,1.0,0.400899373285471,neutral,BULL,
2004-02-19,1036,1026,2,1,0,0.9014289831463193,0.4334948468507916,neutral,BULL,
2004-02-20,1037,1027,2,2,1,1.0,0.4688066593803438,neutral,BULL,
2004-02-23,1038,1028,1,1,2,1.0,0.4727756615246529,neutral,BULL,
2004-02-24,1039,1029,1,1,2,1.0,0.47351943192615115,neutral,BULL,
2004-02-25,1040,1030,0,2,1,0.9999999999945217,0.44520236648434836,neutral,BULL,
2004-02-26,1041,1031,2,2,1,1.0,0.45765390038588705,neutral,BULL,
2004-02-27,1042,1032,2,2,1,1.0,0.475544434490081,neutral,BULL,
2004-03-01,1043,1033,1,1,2,1.0,0.47603835522893345,neutral,BULL,
2004-03-02,1044,1034,1,1,2,1.0,0.3875719831514664,neutral,BULL,
2004-03-03,1045,1035,2,2,1,1.0,0.4549271682051326,neutral,BULL,
2004-03-04,1046,1036,0,0,1,1.0,0.47406845454758495,neutral,BULL,
2004-03-05,1047,1037,2,0,1,1.0,0.4693860746299447,neutral,BULL,
2004-03-08,1048,1038,2,0,1,1.0,0.4653207087386513,neutral,BULL,
2004-03-09,1049,1039,2,2,1,1.0,0.36456714614888597,neutral,BULL,
2004-03-10,1050,1040,2,0,1,1.0,0.46830260279132485,neutral,BULL,
2004-03-11,1051,1041,2,2,1,1.0,0.26963762588386103,neutral,BULL,
2004-03-12,1052,1042,0,0,1,0.25706622106869825,0.35240693489,neutral,BULL,
2004-03-15,1053,1043,2,0,1,1.0,0.3617932977138877,neutral,BULL,
2004-03-16,1054,1044,0,0,1,1.0,0.354038111632175,neutral,BULL,
2004-03-17,1055,1045,2,2,1,1.0,0.3216132170504874,neutral,BULL,
2004-03-18,1056,1046,0,2,1,1.0,0.3529744346733859,neutral,BULL,
2004-03-19,1057,1047,2,0,1,0.8003764524972672,0.3117953134169913,neutral,BULL,
2004-03-22,1058,1048,2,2,1,0.13749226382998517,0.38529690144580525,neutral,BULL,
2004-03-23,1059,1049,0,0,1,0.8609372132553534,0.3546501165343771,neutral,BULL,
2004-03-24,1060,1050,2,2,1,0.9412934633827218,0.47481530195756316,neutral,BULL,
2004-03-25,1061,1051,0,0,2,0.8658417280557299,0.4740791173228227,neutral,BULL,
2004-03-26,1062,1052,0,0,1,0.8641609522662433,0.32551149001009266,neutral,BULL,
2004-03-29,1063,1053,0,0,2,0.9388518212309472,0.4755393445620304,neutral,BULL,
2004-03-30,1064,1054,0,0,1,0.8616806311901122,0.30955452105573983,neutral,BULL,
2004-03-31,1065,1055,0,0,1,0.7366128966597927,0.46264906172724085,neutral,BULL,
2004-04-01,1066,1056,0,0,1,0.7256367454646051,0.4740568214560331,neutral,BULL,
2004-04-02,1067,1057,0,0,2,0.5312299927219666,0.4392842277090764,neutral,BULL,
2004-04-05,1068,1058,0,1,2,1.0,0.33410171627083046,neutral,BULL,
2004-04-06,1069,1059,0,1,0,0.6141245103579188,0.34290524576633197,neutral,BULL,
2004-04-07,1070,1060,1,0,2,1.0,0.31322503252702516,neutral,BULL,
2004-04-08,1071,1061,2,2,1,0.36013144415583626,0.3131157527940073,neutral,BULL,
2004-04-12,1072,1062,0,0,1,0.939469758582742,0.4732308999525197,neutral,BULL,
2004-04-13,1073,1063,2,0,1,0.9980780186527288,0.43075692707781904,neutral,BULL,
2004-04-14,1074,1064,2,1,0,0.9999280641325148,0.3040106225143049,neutral,BULL,
2004-04-15,1075,1065,0,0,1,1.0,0.47293043165783577,neutral,BULL,
2004-04-16,1076,1066,0,0,1,1.0,0.46664968310889504,neutral,BULL,
2004-04-19,1077,1067,0,2,0,0.48817261782592924,0.436972753179823,neutral,BULL,
2004-04-20,1078,1068,0,0,1,1.0,0.4771185284715292,neutral,BULL,
2004-04-21,1079,1069,0,0,2,0.4579729834835684,0.28488384696541313,neutral,BULL,
2004-04-22,1080,1070,2,1,0,0.9989057777213997,0.4060470410641204,neutral,BULL,
2004-04-23,1081,1071,2,2,1,1.0,0.3127805757358556,neutral,BULL,
2004-04-26,1082,1072,2,0,2,0.5382373869824134,0.36761931078188753,neutral,BULL,
2004-04-27,1083,1073,2,2,1,1.0,0.47568199120625493,neutral,BULL,
2004-04-28,1084,1074,0,2,1,1.0,0.47605352673827495,neutral,BULL,
2004-04-29,1085,1075,2,2,1,1.0,0.34537548683659325,neutral,BULL,
2004-04-30,1086,1076,1,1,2,1.0,0.41649061544742055,neutral,BULL,
2004-05-03,1087,1077,0,0,1,0.6391224114610063,0.40873787962332203,neutral,BULL,
2004-05-04,1088,1078,2,0,2,0.5228803435248129,0.3664163546265813,neutral,BULL,
2004-05-05,1089,1079,0,0,1,0.9790577213707161,0.4773363604028092,neutral,BULL,
2004-05-06,1090,1080,0,0,1,0.9807518788584345,0.4396582135046425,neutral,BULL,
2004-05-07,1091,1081,0,2,1,0.7962467688004381,0.39460867888875156,neutral,BULL,
2004-05-10,1092,1082,0,0,2,0.9027209869724626,0.2707169038821347,neutral,BULL,
2004-05-11,1093,1083,2,2,1,0.6278221435212175,0.39540737863490455,neutral,BULL,
2004-05-12,1094,1084,0,0,1,0.8688188842239262,0.41264774306478724,neutral,BULL,
2004-05-13,1095,1085,0,0,1,0.95301639814546,0.4395719091631898,neutral,BULL,
2004-05-14,1096,1086,1,1,0,0.9464063279622039,0.46496704993073357,neutral,BULL,
2004-05-17,1097,1087,2,2,1,0.924606938618988,0.4770097290406719,neutral,BULL,
2004-05-18,1098,1088,1,1,0,0.9236607790394702,0.4211733144953205,neutral,BULL,
2004-05-19,1099,1089,0,0,1,1.0,0.45333432166788457,neutral,BULL,
2004-05-20,1100,1090,2,2,1,1.0,0.46939028322144694,neutral,BULL,
2004-05-21,1101,1091,0,0,1,1.0,0.4674811113132184,neutral,BULL,
2004-05-24,1102,1092,2,2,1,1.0,0.4746533887559544,neutral,BULL,
2004-05-25,1103,1093,1,1,0,1.0,0.4601968313948689,neutral,BULL,
2004-05-26,1104,1094,0,1,2,0.9999978605493323,0.282595968516809,neutral,BULL,
2004-05-27,1105,1095,0,0,1,1.0,0.46635833049626063,neutral,BULL,
2004-05-28,1106,1096,0,2,1,0.8922520252321335,0.44915208828720504,neutral,BULL,
2004-06-01,1107,1097,2,0,1,0.6538506646865926,0.47861961708037176,neutral,BULL,
2004-06-02,1108,1098,0,2,1,0.6684815885802989,0.4778081249515171,neutral,BULL,
2004-06-03,1109,1099,1,1,0,0.6321476210353016,0.46579441958208023,neutral,BULL,
2004-06-04,1110,1100,0,0,1,0.8941706961987181,0.4132527296120514,neutral,BULL,
2004-06-07,1111,1101,0,0,1,1.0,0.42130470227628825,neutral,BULL,
2004-06-08,1112,1102,2,0,2,0.5349425016884911,0.3692010955574385,neutral,BULL,
2004-06-09,1113,1103,2,1,0,1.0,0.4772194282007658,neutral,BULL,
2004-06-10,1114,1104,0,2,1,1.0,0.4081061947485415,neutral,BULL,
2004-06-14,1115,1105,0,0,2,0.4605855729315944,0.37384588358738985,neutral,BULL,
2004-06-15,1116,1106,0,2,0,0.9989928855940887,0.37237703797399735,neutral,BULL,
2004-06-16,1117,1107,0,2,0,0.9993287604528274,0.40346453412606514,neutral,BULL,
2004-06-17,1118,1108,0,0,2,0.4651503570505798,0.394597646848018,neutral,BULL,
2004-06-18,1119,1109,2,0,2,0.9995987015312677,0.44922218712802164,neutral,BULL,
2004-06-21,1120,1110,0,2,1,1.0,0.4777890465430878,neutral,BULL,
2004-06-22,1121,1111,0,2,0,0.9999999808449115,0.4418322371410756,neutral,BULL,
2004-06-23,1122,1112,1,0,2,1.0,0.45615983999746035,neutral,BULL,
2004-06-24,1123,1113,0,2,0,0.9999999999195207,0.3871002147865732,neutral,BULL,
2004-06-25,1124,1114,2,0,2,0.4250293432104565,0.3214344957306433,neutral,BULL,
2004-06-28,1125,1115,0,2,1,1.0,0.4619212031100263,neutral,BULL,
2004-06-29,1126,1116,1,0,2,1.0,0.47162914495983843,neutral,BULL,
2004-06-30,1127,1117,0,2,1,1.0,0.4642601371097104,neutral,BULL,
2004-07-01,1128,1118,0,0,2,0.5259259193891842,0.3056447724086022,neutral,BULL,
2004-07-02,1129,1119,0,2,1,0.9999999207157496,0.29052003510787816,neutral,BULL,
2004-07-06,1130,1120,0,2,1,1.0,0.48096901245678475,neutral,BULL,
2004-07-07,1131,1121,0,0,2,0.982826857180114,0.4686274943147918,neutral,BULL,
2004-07-08,1132,1122,0,0,1,0.9807417414956164,0.4477869197710443,neutral,BULL,
2004-07-09,1133,1123,0,0,1,1.0,0.44158986046490634,neutral,BULL,
2004-07-12,1134,1124,0,0,2,0.9201599784373109,0.44021692737753515,neutral,BULL,
2004-07-13,1135,1125,0,2,1,1.0,0.4813390663196946,neutral,BULL,
2004-07-14,1136,1126,0,2,1,1.0,0.48114279474130206,neutral,BULL,
2004-07-15,1137,1127,0,2,1,1.0,0.47511741004468716,neutral,BULL,
2004-07-16,1138,1128,2,2,1,1.0,0.44959511663882945,neutral,BULL,
2004-07-19,1139,1129,0,0,1,1.0,0.4821655070244,neutral,BULL,
2004-07-20,1140,1130,0,0,2,0.9804207552486432,0.5011415195031813,bear,BEAR,
2004-07-21,1141,1131,0,0,2,0.9999996397199523,0.3007138431291088,neutral,BEAR,
2004-07-22,1142,1132,0,0,1,1.0,0.21659612580274593,neutral,BEAR,
2004-07-23,1143,1133,0,0,2,0.9983389452203305,0.45161045178995557,neutral,BEAR,
2004-07-26,1144,1134,0,0,1,1.0,0.4273885818112365,neutral,BEAR,
2004-07-27,1145,1135,2,2,1,1.0,0.4805181422362425,neutral,BEAR,
2004-07-28,1146,1136,1,1,2,1.0,0.3965980183194637,neutral,BEAR,
2004-07-29,1147,1137,0,0,1,1.0,0.47203540981585673,neutral,BEAR,
2004-07-30,1148,1138,1,1,0,0.9985337083980667,0.44051779128039215,neutral,BEAR,
2004-08-02,1149,1139,1,1,2,1.0,0.4760805862906511,neutral,BEAR,
2004-08-03,1150,1140,0,0,1,1.0,0.477989555572752,neutral,BEAR,
2004-08-04,1151,1141,1,1,0,0.9999076818445578,0.4080835006764721,neutral,BEAR,
2004-08-05,1152,1142,0,0,2,0.9999581188061375,0.4603017746657346,neutral,BEAR,
2004-08-06,1153,1143,2,2,1,1.0,0.2675246089351767,neutral,BEAR,
2004-08-09,1154,1144,1,1,2,0.9192554800507307,0.3155591052083472,neutral,BEAR,
2004-08-10,1155,1145,1,1,2,0.6055412193016969,0.4801652747773451,neutral,BEAR,
2004-08-11,1156,1146,1,1,2,0.5398242294270608,0.32935173613465324,neutral,BEAR,
2004-08-12,1157,1147,0,0,1,0.5010582798709586,0.48081776591666214,neutral,BEAR,
2004-08-13,1158,1148,2,2,1,0.46251013926777695,0.611706017650425,bear,BEAR,
2004-08-16,1159,1149,2,0,2,0.9804426290580072,0.3293761380201153,neutral,BEAR,
2004-08-17,1160,1150,1,1,0,0.4953806447682476,0.2374953613007016,neutral,BEAR,
2004-08-18,1161,1151,1,1,0,0.9319887830169447,0.4246822545647237,neutral,BEAR,
2004-08-19,1162,1152,0,0,1,1.0,0.3836788346312588,neutral,BEAR,
2004-08-20,1163,1153,0,0,1,1.0,0.47699438666781013,neutral,BEAR,
2004-08-23,1164,1154,0,0,1,0.9594876653764661,0.43551316591583755,neutral,BEAR,
2004-08-24,1165,1155,0,0,1,0.9760459728779476,0.47886577130969293,neutral,BEAR,
2004-08-25,1166,1156,2,2,1,0.9127393999887373,0.481440885360765,neutral,BEAR,
2004-08-26,1167,1157,2,0,1,0.7957975737282558,0.43876490184830014,neutral,BEAR,
2004-08-27,1168,1158,2,0,1,0.965225062179433,0.48403292748665466,neutral,BEAR,
2004-08-30,1169,1159,0,2,1,0.9783325716112762,0.44908895574984203,neutral,BEAR,
2004-08-31,1170,1160,2,0,1,1.0,0.42560543741384926,neutral,BEAR,
2004-09-01,1171,1161,2,0,1,1.0,0.45680184327635165,neutral,BEAR,
2004-09-02,1172,1162,1,0,2,1.0,0.4804747038201009,neutral,BEAR,
2004-09-03,1173,1163,0,0,2,1.0,0.3633932088826064,neutral,BEAR,
2004-09-07,1174,1164,1,0,2,0.9999253894504377,0.43899268582012535,neutral,BEAR,
2004-09-08,1175,1165,0,1,2,1.0,0.4132243984225189,neutral,BEAR,
2004-09-09,1176,1166,0,1,2,1.0,0.4546102667390294,neutral,BEAR,
2004-09-10,1177,1167,2,2,1,1.0,0.48512188486743335,neutral,BEAR,
2004-09-13,1178,1168,1,2,1,0.9987345166401308,0.45583903257260794,neutral,BEAR,
2004-09-14,1179,1169,1,1,0,0.9914291611427002,0.45855136424301135,neutral,BEAR,
2004-09-15,1180,1170,0,0,2,1.0,0.480857872929573,neutral,BEAR,
2004-09-16,1181,1171,1,1,0,1.0,0.4358962874702372,neutral,BEAR,
2004-09-17,1182,1172,0,0,1,1.0,0.4762693438046653,neutral,BEAR,
2004-09-20,1183,1173,0,0,1,1.0,0.4862848302897093,neutral,BEAR,
2004-09-21,1184,1174,0,0,1,1.0,0.45520692688532177,neutral,BEAR,
2004-09-22,1185,1175,2,2,0,0.9999999999999993,0.4525937119634167,neutral,BEAR,
2004-09-23,1186,1176,0,0,2,0.9999999517324766,0.3081026701344108,neutral,BEAR,
2004-09-24,1187,1177,0,0,2,0.9987934436366713,0.42745438501030936,neutral,BEAR,
2004-09-27,1188,1178,0,0,2,0.9927914047416403,0.44882056580350405,neutral,BEAR,
2004-09-28,1189,1179,1,2,1,0.8244409479099639,0.4037853640473337,neutral,BEAR,
2004-09-29,1190,1180,0,0,1,1.0,0.46659232370126996,neutral,BEAR,
2004-09-30,1191,1181,0,0,1,1.0,0.4646386256079082,neutral,BEAR,
2004-10-01,1192,1182,0,0,1,1.0,0.486390087522429,neutral,BEAR,
2004-10-04,1193,1183,0,0,1,0.9936452628489046,0.17585317230870684,neutral,BEAR,
2004-10-05,1194,1184,0,0,1,0.8322338856143311,0.465409426153415,neutral,BEAR,
2004-10-06,1195,1185,0,0,1,0.9919708784372845,0.4867606448596169,neutral,BEAR,
2004-10-07,1196,1186,2,0,1,0.9891828038025056,0.33925508021529527,neutral,BEAR,
2004-10-08,1197,1187,2,0,2,0.8493699950630597,0.3652297521531173,neutral,BEAR,
2004-10-11,1198,1188,2,0,2,0.6558137247612529,0.35473599624142993,neutral,BEAR,
2004-10-12,1199,1189,2,0,2,0.13226086815165874,0.3279052579311952,neutral,BEAR,
2004-10-13,1200,1190,1,0,1,0.9503246956857143,0.4380173224938575,neutral,BEAR,
2004-10-14,1201,1191,0,0,1,1.0,0.41111163663155115,neutral,BEAR,
2004-10-15,1202,1192,0,0,1,0.9997444391457454,0.42993759751523136,neutral,BEAR,
2004-10-18,1203,1193,2,2,1,0.9312812933979733,0.4587348681990195,neutral,BEAR,
2004-10-19,1204,1194,2,2,1,0.9545210965831664,0.47541981597619937,neutral,BEAR,
2004-10-20,1205,1195,0,0,1,0.2501275638958658,0.3699427991522481,neutral,BEAR,
2004-10-21,1206,1196,0,0,1,1.0,0.4836748176875659,neutral,BEAR,
2004-10-22,1207,1197,0,0,1,1.0,0.44879934537119753,neutral,BEAR,
2004-10-25,1208,1198,0,0,1,1.0,0.3702038292168926,neutral,BEAR,
2004-10-26,1209,1199,0,0,1,0.9993756595189424,0.4650486884099653,neutral,BEAR,
2004-10-27,1210,1200,0,0,1,0.9999964902318098,0.2317119598607297,neutral,BEAR,
2004-10-28,1211,1201,0,0,2,0.9967006407669101,0.32145356284393733,neutral,BEAR,
2004-10-29,1212,1202,0,0,1,1.0,0.4800898609630021,neutral,BEAR,
2004-11-01,1213,1203,2,2,1,0.9570578274026011,0.48806071795442574,neutral,BEAR,
2004-11-02,1214,1204,2,2,1,0.7923277148026708,0.48217680234026766,neutral,BEAR,
2004-11-03,1215,1205,2,2,1,0.6885564630512243,0.48841991937412566,neutral,BEAR,
2004-11-04,1216,1206,0,0,1,0.27292689924301095,0.3398235035542645,neutral,BEAR,
2004-11-05,1217,1207,2,0,1,1.0,0.3724212948222079,neutral,BEAR,
2004-11-08,1218,1208,2,0,1,1.0,0.32077592385410303,neutral,BEAR,
2004-11-09,1219,1209,1,0,2,1.0,0.3066800740813705,neutral,BEAR,
2004-11-10,1220,1210,0,1,0,0.824594545386714,0.3262885081897549,neutral,BEAR,
2004-11-11,1221,1211,2,0,1,1.0,0.3096128656231225,neutral,BEAR,
2004-11-12,1222,1212,2,0,1,1.0,0.3326904915362369,neutral,BEAR,
2004-11-15,1223,1213,2,2,1,1.0,0.3337020853270352,neutral,BEAR,
2004-11-16,1224,1214,1,0,1,0.9615104187362704,0.3243913973223178,neutral,BEAR,
2004-11-17,1225,1215,0,0,1,1.0,0.43468763294494395,neutral,BEAR,
2004-11-18,1226,1216,0,0,1,1.0,0.4546490269935797,neutral,BEAR,
2004-11-19,1227,1217,1,1,2,1.0,0.4849588920322469,neutral,BEAR,
2004-11-22,1228,1218,2,2,1,1.0,0.36938227438887655,neutral,BEAR,
2004-11-23,1229,1219,0,0,1,0.9999490725547068,0.44750068917765395,neutral,BEAR,
2004-11-24,1230,1220,0,0,1,0.9999994258448788,0.4659316795197594,neutral,BEAR,
2004-11-26,1231,1221,0,0,1,0.9999999996058365,0.46496097217767823,neutral,BEAR,
2004-11-29,1232,1222,0,0,1,1.0,0.4848200700445556,neutral,BEAR,
2004-11-30,1233,1223,1,1,2,1.0,0.46596203838781486,neutral,BEAR,
2004-12-01,1234,1224,1,1,2,1.0,0.4891397468631424,neutral,BEAR,
2004-12-02,1235,1225,0,0,2,1.0,0.3644816885619178,neutral,BEAR,
2004-12-03,1236,1226,0,0,2,1.0,0.48918804016342204,neutral,BEAR,
2004-12-06,1237,1227,0,0,1,1.0,0.48794124011872686,neutral,BEAR,
2004-12-07,1238,1228,0,0,1,1.0,0.4878986050778766,neutral,BEAR,
2004-12-08,1239,1229,0,0,1,1.0,0.40830303744632285,neutral,BEAR,
2004-12-09,1240,1230,0,0,1,1.0,0.4607938646777672,neutral,BEAR,
2004-12-10,1241,1231,2,2,1,1.0,0.47426586479081706,neutral,BEAR,
2004-12-13,1242,1232,2,2,1,1.0,0.48916849193988654,neutral,BEAR,
2004-12-14,1243,1233,2,2,1,1.0,0.41950022473467236,neutral,BEAR,
2004-12-15,1244,1234,2,2,1,1.0,0.47943788031987955,neutral,BEAR,
2004-12-16,1245,1235,0,0,1,1.0,0.4892868387052555,neutral,BEAR,
2004-12-17,1246,1236,0,0,1,1.0,0.4885995855534308,neutral,BEAR,
2004-12-20,1247,1237,0,0,1,1.0,0.3622695766657612,neutral,BEAR,
2004-12-21,1248,1238,0,0,1,1.0,0.48960008506602004,neutral,BEAR,
2004-12-22,1249,1239,0,0,1,1.0,0.4278603387304427,neutral,BEAR,
2004-12-23,1250,1240,0,0,1,1.0,0.48373637934977515,neutral,BEAR,
2004-12-27,1251,1241,0,0,1,1.0,0.4897871110665256,neutral,BEAR,
2004-12-28,1252,1242,2,2,1,1.0,0.48712002805347665,neutral,BEAR,
2004-12-29,1253,1243,0,0,1,1.0,0.45859106362386337,neutral,BEAR,
2004-12-30,1254,1244,0,0,1,1.0,0.4904702866114538,neutral,BEAR,
2004-12-31,1255,1245,0,2,1,1.0,0.4874224280168059,neutral,BEAR,
2005-01-03,1256,1246,2,2,1,1.0,0.48542102077702337,neutral,BEAR,
2005-01-04,1257,1247,0,0,1,1.0,0.46464503738911506,neutral,BEAR,
2005-01-05,1258,1248,0,0,1,1.0,0.3395172557888597,neutral,BEAR,
2005-01-06,1259,1249,2,2,1,1.0,0.4368181418746884,neutral,BEAR,
2005-01-07,1260,1250,0,0,1,0.9932487293139839,0.47106892722127464,neutral,BEAR,
2005-01-10,1261,1251,0,2,0,0.47857592200009347,0.3863744217679072,neutral,BEAR,
2005-01-11,1262,1252,2,2,0,0.4890383032454553,0.36991383955206447,neutral,BEAR,
2005-01-12,1263,1253,2,2,0,0.49142996929637184,0.4042316808188815,neutral,BEAR,
2005-01-13,1264,1254,2,2,1,1.0,0.4857605322511733,neutral,BEAR,
2005-01-14,1265,1255,1,1,2,1.0,0.420396209428614,neutral,BEAR,
2005-01-18,1266,1256,1,1,2,1.0,0.46853691155557126,neutral,BEAR,
2005-01-19,1267,1257,0,0,1,1.0,0.3859359310628454,neutral,BEAR,
2005-01-20,1268,1258,0,0,2,0.9999999999278583,0.34459708337483236,neutral,BEAR,
2005-01-21,1269,1259,0,0,1,1.0,0.4464210085472011,neutral,BEAR,
2005-01-24,1270,1260,0,0,1,1.0,0.4470261587117239,neutral,BEAR,
2005-01-25,1271,1261,0,2,1,1.0,0.4876629046194348,neutral,BEAR,
2005-01-26,1272,1262,0,2,1,1.0,0.4883460385788073,neutral,BEAR,
2005-01-27,1273,1263,2,2,1,1.0,0.48630160965660135,neutral,BEAR,
2005-01-28,1274,1264,2,2,1,1.0,0.4927473620066581,neutral,BEAR,
2005-01-31,1275,1265,2,2,0,0.4666196890941088,0.3893881435680922,neutral,BEAR,
2005-02-01,1276,1266,0,1,2,1.0,0.4557267077112859,neutral,BEAR,
2005-02-02,1277,1267,1,0,2,1.0,0.45546366086422696,neutral,BEAR,
2005-02-03,1278,1268,1,0,2,1.0,0.48926040337350113,neutral,BEAR,
2005-02-04,1279,1269,0,0,2,0.5174022111737357,0.35281210790178114,neutral,BEAR,
2005-02-07,1280,1270,0,2,1,0.9027192343250924,0.4014744206904325,neutral,BEAR,
2005-02-08,1281,1271,0,1,2,0.8965148415452358,0.4928418408876985,neutral,BEAR,
2005-02-09,1282,1272,0,1,2,0.9345727697321021,0.4967829172331977,neutral,BEAR,
2005-02-10,1283,1273,0,1,2,1.0,0.4240701731262104,neutral,BEAR,
2005-02-11,1284,1274,0,1,2,1.0,0.48597507590987166,neutral,BEAR,
2005-02-14,1285,1275,2,0,1,1.0,0.4181586625743678,neutral,BEAR,
2005-02-15,1286,1276,2,0,1,1.0,0.4951306488475952,neutral,BEAR,
2005-02-16,1287,1277,0,1,2,1.0,0.48558392978202475,neutral,BEAR,
2005-02-17,1288,1278,0,2,1,1.0,0.49750786751301435,neutral,BEAR,
2005-02-18,1289,1279,0,1,2,1.0,0.4078615158732067,neutral,BEAR,
2005-02-22,1290,1280,0,2,1,1.0,0.49659232631953437,neutral,BEAR,
2005-02-23,1291,1281,0,1,2,1.0,0.2693921743945232,neutral,BEAR,
2005-02-24,1292,1282,0,2,1,1.0,0.44293469909137045,neutral,BEAR,
2005-02-25,1293,1283,0,1,2,1.0,0.4515474606525211,neutral,BEAR,
2005-02-28,1294,1284,0,1,2,1.0,0.39078488434269465,neutral,BEAR,
2005-03-01,1295,1285,0,2,1,1.0,0.43902160749903824,neutral,BEAR,
2005-03-02,1296,1286,0,2,1,1.0,0.46710143386072217,neutral,BEAR,
2005-03-03,1297,1287,0,2,1,1.0,0.4957907491497123,neutral,BEAR,
2005-03-04,1298,1288,0,2,1,1.0,0.49837520579269695,neutral,BEAR,
2005-03-07,1299,1289,0,2,1,0.9798779278119132,0.32450180223353364,neutral,BEAR,
2005-03-08,1300,1290,1,0,2,0.30573598640381006,0.4771677509277177,neutral,BEAR,
2005-03-09,1301,1291,1,0,2,1.0,0.4757359616806739,neutral,BEAR,
2005-03-10,1302,1292,1,0,2,1.0,0.3484196642606811,neutral,BEAR,
2005-03-11,1303,1293,1,0,2,1.0,0.49496948321602907,neutral,BEAR,
2005-03-14,1304,1294,1,1,0,0.3748533613594046,0.6447133821729245,bear,BEAR,
2005-03-15,1305,1295,0,1,2,1.0,0.4488595527774524,neutral,BEAR,
2005-03-16,1306,1296,2,2,0,0.4795358889112253,0.4767176181948129,neutral,BEAR,
2005-03-17,1307,1297,0,2,0,0.5042364271229502,0.26365575136905445,neutral,BEAR,
2005-03-18,1308,1298,0,2,1,0.7349804653092946,0.4961875477447561,neutral,BEAR,
2005-03-21,1309,1299,2,1,0,0.6129016331421475,0.43550310515186985,neutral,BEAR,
2005-03-22,1310,1300,2,1,0,0.6748173823268702,0.4774388929593264,neutral,BEAR,
2005-03-23,1311,1301,2,1,0,0.4418796281644776,0.3716244364319954,neutral,BEAR,
2005-03-24,1312,1302,0,2,1,0.14428892280030092,0.4982249904821905,neutral,BEAR,
2005-03-28,1313,1303,0,2,1,0.32804156527751643,0.4989493887812449,neutral,BEAR,
2005-03-29,1314,1304,2,1,0,0.43911665906298614,0.4976367170763166,neutral,BEAR,
2005-03-30,1315,1305,0,2,1,0.875033697816276,0.4414482120645466,neutral,BEAR,
2005-03-31,1316,1306,0,2,1,1.0,0.27237792342189693,neutral,BEAR,
2005-04-01,1317,1307,1,0,2,1.0,0.4936505763370758,neutral,BEAR,
2005-04-04,1318,1308,1,0,2,1.0,0.47131562027859136,neutral,BEAR,
2005-04-05,1319,1309,1,0,2,1.0,0.49770963847457295,neutral,BEAR,
2005-04-06,1320,1310,0,2,0,0.5462264362596211,0.4455809652329227,neutral,BEAR,
2005-04-07,1321,1311,1,0,2,1.0,0.4880466241073885,neutral,BEAR,
2005-04-08,1322,1312,0,1,2,1.0,0.47128881060608496,neutral,BEAR,
2005-04-11,1323,1313,0,2,1,1.0,0.36682171357968657,neutral,BEAR,
2005-04-12,1324,1314,0,1,0,0.9999933887467878,0.47890217147394315,neutral,BEAR,
2005-04-13,1325,1315,2,1,0,1.0,0.47302652400796535,neutral,BEAR,
2005-04-14,1326,1316,1,0,2,1.0,0.3325215027754994,neutral,BEAR,
2005-04-15,1327,1317,1,0,2,1.0,0.3017923392107666,neutral,BEAR,
2005-04-18,1328,1318,1,0,2,0.2732859599716044,0.27874931327082486,neutral,BEAR,
2005-04-19,1329,1319,1,2,0,0.834334304857604,0.32237054427404166,neutral,BEAR,
2005-04-20,1330,1320,0,0,2,1.0,0.3317312683879224,neutral,BEAR,
2005-04-21,1331,1321,0,0,2,1.0,0.38988974352645944,neutral,BEAR,
2005-04-22,1332,1322,2,2,1,1.0,0.4061038542445076,neutral,BEAR,
2005-04-25,1333,1323,1,1,2,1.0,0.31426103210471407,neutral,BEAR,
2005-04-26,1334,1324,2,2,1,0.6304690053360688,0.32300730548086715,neutral,BEAR,
2005-04-27,1335,1325,0,1,2,1.0,0.38195445012306667,neutral,BEAR,
2005-04-28,1336,1326,0,2,1,1.0,0.4839400428592841,neutral,BEAR,
2005-04-29,1337,1327,0,2,1,1.0,0.31645320924537435,neutral,BEAR,
2005-05-02,1338,1328,0,2,1,1.0,0.28569132808311476,neutral,BEAR,
2005-05-03,1339,1329,0,2,1,1.0,0.4652019136699842,neutral,BEAR,
2005-05-04,1340,1330,0,1,0,0.9394470071472479,0.4831488483009743,neutral,BEAR,
2005-05-05,1341,1331,1,0,2,1.0,0.4324176574928378,neutral,BEAR,
2005-05-06,1342,1332,2,0,1,1.0,0.4978233340939646,neutral,BEAR,
2005-05-09,1343,1333,0,1,0,0.6361874436976539,0.4567671754775361,neutral,BEAR,
2005-05-10,1344,1334,1,0,2,0.9620211688799434,0.458080630110136,neutral,BEAR,
2005-05-11,1345,1335,0,2,1,0.886469317118539,0.33285390379313906,neutral,BEAR,
2005-05-12,1346,1336,2,0,2,0.9157972553439717,0.45365174582216694,neutral,BEAR,
2005-05-13,1347,1337,0,2,0,0.9999980661553824,0.3116112291982829,neutral,BEAR,
2005-05-16,1348,1338,0,1,2,1.0,0.4915290769951317,neutral,BEAR,
2005-05-17,1349,1339,0,2,0,1.0,0.38201574006568023,neutral,BEAR,
2005-05-18,1350,1340,0,2,0,1.0,0.4393408157765644,neutral,BEAR,
2005-05-19,1351,1341,0,2,0,0.9688986236652214,0.3586645332592163,neutral,BEAR,
2005-05-20,1352,1342,0,2,1,0.9847856908236623,0.4823635623474883,neutral,BEAR,
2005-05-23,1353,1343,1,2,1,0.43359007277755374,0.46969069989968576,neutral,BEAR,
2005-05-24,1354,1344,2,0,2,0.42884509746698085,0.4074630267320898,neutral,BEAR,
2005-05-25,1355,1345,0,0,2,0.38139567077658804,0.4030419182004018,neutral,BEAR,
2005-05-26,1356,1346,1,1,0,0.9247942943643745,0.3168075523478744,neutral,BEAR,
2005-05-27,1357,1347,2,2,0,0.48150318189890523,0.29816609377885955,neutral,BEAR,
2005-05-31,1358,1348,1,0,2,1.0,0.4984566421471364,neutral,BEAR,
2005-06-01,1359,1349,1,0,2,1.0,0.44275204422992664,neutral,BEAR,
2005-06-02,1360,1350,0,2,1,1.0,0.41904522916682785,neutral,BEAR,
2005-06-03,1361,1351,0,1,2,1.0,0.4755953048885527,neutral,BEAR,
2005-06-06,1362,1352,0,1,2,1.0,0.43241587044119795,neutral,BEAR,
2005-06-07,1363,1353,0,1,2,1.0,0.4760389822326768,neutral,BEAR,
2005-06-08,1364,1354,2,1,0,1.0,0.5009357946675712,bull,BULL,
2005-06-09,1365,1355,0,0,2,0.3492216426965359,0.30534378512103133,neutral,BULL,
2005-06-10,1366,1356,0,1,2,1.0,0.468374881672441,neutral,BULL,
2005-06-13,1367,1357,0,1,2,1.0,0.46331027402363306,neutral,BULL,
2005-06-14,1368,1358,1,0,2,1.0,0.4924306090378213,neutral,BULL,
2005-06-15,1369,1359,0,1,2,1.0,0.4763855619275765,neutral,BULL,
2005-06-16,1370,1360,0,1,2,1.0,0.48091518045657805,neutral,BULL,
2005-06-17,1371,1361,1,0,2,1.0,0.49647174703925245,neutral,BULL,
2005-06-20,1372,1362,0,1,0,1.0,0.47988058028622094,neutral,BULL,
2005-06-21,1373,1363,0,2,1,1.0,0.5016955607204493,bull,BULL,
2005-06-22,1374,1364,1,2,0,0.9999999999999999,0.47862326457457116,neutral,BULL,
2005-06-23,1375,1365,0,2,0,1.0,0.48273396048466893,neutral,BULL,
2005-06-24,1376,1366,0,2,1,1.0,0.2715591289958187,neutral,BULL,
2005-06-27,1377,1367,2,0,1,1.0,0.42832795451834654,neutral,BULL,
2005-06-28,1378,1368,0,1,2,0.9637254060523336,0.4789946665782839,neutral,BULL,
2005-06-29,1379,1369,0,2,1,0.9155419778245498,0.40159901604415593,neutral,BULL,
2005-06-30,1380,1370,1,2,0,0.894505649145114,0.4613325906487196,neutral,BULL,
2005-07-01,1381,1371,0,2,1,0.9093515072519266,0.4283728340313519,neutral,BULL,
2005-07-05,1382,1372,0,2,1,0.9278728921357803,0.4807819942845066,neutral,BULL,
2005-07-06,1383,1373,0,1,2,0.993679075144561,0.41158279315934404,neutral,BULL,
2005-07-07,1384,1374,0,1,2,0.9999165777481961,0.3722653035771303,neutral,BULL,
2005-07-08,1385,1375,0,2,1,1.0,0.4727746019869664,neutral,BULL,
2005-07-11,1386,1376,0,2,1,1.0,0.34606844296845446,neutral,BULL,
2005-07-12,1387,1377,0,2,1,0.991241164154743,0.46049844836102566,neutral,BULL,
2005-07-13,1388,1378,0,2,1,0.8655678394132147,0.4806632880703498,neutral,BULL,
2005-07-14,1389,1379,0,2,1,0.3932802992919625,0.4848107452985753,neutral,BULL,
2005-07-15,1390,1380,2,1,0,0.5275841096801832,0.4895446633214614,neutral,BULL,
2005-07-18,1391,1381,0,2,1,0.6074645940566814,0.5016389471885362,bull,BULL,
2005-07-19,1392,1382,0,2,1,0.854274292241075,0.4783932056812437,neutral,BULL,
2005-07-20,1393,1383,0,0,2,0.9892310830375547,0.37188049328538614,neutral,BULL,
2005-07-21,1394,1384,0,2,1,0.9636833864005975,0.477126165285336,neutral,BULL,
2005-07-22,1395,1385,0,1,2,1.0,0.45358109924764495,neutral,BULL,
2005-07-25,1396,1386,0,1,2,0.9999999999999997,0.4416408792825688,neutral,BULL,
2005-07-26,1397,1387,2,0,2,0.4500979395009642,0.39065892410977454,neutral,BULL,
2005-07-27,1398,1388,0,2,1,1.0,0.4837615258286594,neutral,BULL,
2005-07-28,1399,1389,2,0,2,0.4465978703017718,0.5004474102911397,bull,BULL,
2005-07-29,1400,1390,0,0,2,0.44910033119290593,0.263681547099004,neutral,BULL,
2005-08-01,1401,1391,0,2,1,1.0,0.43851152821533085,neutral,BULL,
2005-08-02,1402,1392,0,2,1,1.0,0.5020116559217148,bull,BULL,
2005-08-03,1403,1393,0,1,2,1.0,0.46644141875793377,neutral,BULL,
2005-08-04,1404,1394,0,1,2,1.0,0.49956136126352435,neutral,BULL,
2005-08-05,1405,1395,0,2,1,1.0,0.4138251388813403,neutral,BULL,
2005-08-08,1406,1396,0,2,1,1.0,0.4374453521265325,neutral,BULL,
2005-08-09,1407,1397,0,2,1,1.0,0.4976820438107004,neutral,BULL,
2005-08-10,1408,1398,0,2,1,1.0,0.46422907853104695,neutral,BULL,
2005-08-11,1409,1399,1,0,1,0.9999999998747838,0.48725857253493116,neutral,BULL,
2005-08-12,1410,1400,1,2,1,1.0,0.4840768415525555,neutral,BULL,
2005-08-15,1411,1401,1,0,1,1.0,0.41064697608495443,neutral,BULL,
2005-08-16,1412,1402,1,0,1,1.0,0.4599813878170806,neutral,BULL,
2005-08-17,1413,1403,0,0,2,1.0,0.2929634770427199,neutral,BULL,
2005-08-18,1414,1404,0,2,1,1.0,0.5076313634988467,bull,BULL,
2005-08-19,1415,1405,0,2,1,1.0,0.5078874751031628,bull,BULL,
2005-08-22,1416,1406,0,2,1,1.0,0.5046499180266327,bull,BULL,
2005-08-23,1417,1407,2,1,0,1.0,0.5016811050623549,bull,BULL,
2005-08-24,1418,1408,0,2,1,1.0,0.5006090354664658,bull,BULL,
2005-08-25,1419,1409,2,1,0,1.0,0.3942226638662395,neutral,BULL,
2005-08-26,1420,1410,2,1,0,1.0,0.5023294302484245,bull,BULL,
2005-08-29,1421,1411,1,2,1,0.981920510191702,0.3813331894825029,neutral,BULL,
2005-08-30,1422,1412,0,2,0,0.521084993822578,0.5085078128577486,bull,BULL,
2005-08-31,1423,1413,0,2,0,0.999999998995435,0.42346120610104016,neutral,BULL,
2005-09-01,1424,1414,0,1,0,0.9996568026506631,0.2740963174322273,neutral,BULL,
2005-09-02,1425,1415,0,2,0,0.9999957951443295,0.47956981717862657,neutral,BULL,
2005-09-06,1426,1416,0,2,1,1.0,0.4932507748659811,neutral,BULL,
2005-09-07,1427,1417,0,1,2,1.0,0.3493948235054095,neutral,BULL,
2005-09-08,1428,1418,1,0,2,0.9906514061926303,0.5059792322203309,bull,BULL,
2005-09-09,1429,1419,1,0,1,0.6063510459700299,0.45699378637988836,neutral,BULL,
2005-09-12,1430,1420,0,1,0,0.09295286601807845,0.40054509987491627,neutral,BULL,
2005-09-13,1431,1421,0,0,2,0.49672864790007526,0.41456965280240643,neutral,BULL,
2005-09-14,1432,1422,2,0,2,0.5072738880373251,0.3245951658262934,neutral,BULL,
2005-09-15,1433,1423,1,0,1,0.9996304459837262,0.45418940505897104,neutral,BULL,
2005-09-16,1434,1424,0,2,0,0.9999779271088548,0.48811179603383403,neutral,BULL,
2005-09-19,1435,1425,0,0,2,0.41802242491432673,0.28620304048007333,neutral,BULL,
2005-09-20,1436,1426,2,0,2,0.5310007572733053,0.349075725309674,neutral,BULL,
2005-09-21,1437,1427,0,1,0,0.9984495772305445,0.34316622664691,neutral,BULL,
2005-09-22,1438,1428,0,2,0,0.7129484246646989,0.3236450376485333,neutral,BULL,
2005-09-23,1439,1429,0,2,0,0.27461137062144253,0.49146918655153643,neutral,BULL,
2005-09-26,1440,1430,1,0,1,0.48407277949694394,0.4947312521451553,neutral,BULL,
2005-09-27,1441,1431,2,0,2,0.8037697451085325,0.49382623361596634,neutral,BULL,
2005-09-28,1442,1432,2,0,2,0.5169425572887107,0.40751766260880185,neutral,BULL,
2005-09-29,1443,1433,2,0,2,0.5663055716204636,0.5219486426730068,bull,BULL,
2005-09-30,1444,1434,0,1,0,0.9965957741214747,0.4162133774450706,neutral,BULL,
2005-10-03,1445,1435,2,0,2,0.63354948006151,0.6432924107549016,bull,BULL,
2005-10-04,1446,1436,1,0,1,0.9999999911635689,0.4474717056900456,neutral,BULL,
2005-10-05,1447,1437,0,1,2,0.9999948904836313,0.2996893260131601,neutral,BULL,
2005-10-06,1448,1438,0,1,2,0.9728868592804266,0.24954618882007157,neutral,BULL,
2005-10-07,1449,1439,0,1,2,0.43530239763747225,0.4581095953298157,neutral,BULL,
2005-10-10,1450,1440,1,1,0,0.9906300697452707,0.3129722019742264,neutral,BULL,
2005-10-11,1451,1441,0,2,1,0.03313526096557058,0.4036225690700385,neutral,BULL,
2005-10-12,1452,1442,2,2,0,0.2616612195379812,0.3294919632918927,neutral,BULL,
2005-10-13,1453,1443,2,1,2,0.5342963940233959,0.35487362375564724,neutral,BULL,
2005-10-14,1454,1444,1,0,2,1.0,0.2013554135861116,neutral,BULL,
2005-10-17,1455,1445,0,2,0,0.9588616816873882,0.37100937305554077,neutral,BULL,
2005-10-18,1456,1446,2,1,0,0.2990923063282836,0.3224220636823251,neutral,BULL,
2005-10-19,1457,1447,0,1,0,0.9988555704688697,0.306267191715489,neutral,BULL,
2005-10-20,1458,1448,0,2,0,1.0,0.13132913665774337,neutral,BULL,
2005-10-21,1459,1449,2,1,2,0.9941425648345056,0.11450868485095665,neutral,BULL,
2005-10-24,1460,1450,1,2,1,0.9999693754852191,0.47507426393561003,neutral,BULL,
2005-10-25,1461,1451,0,2,0,0.9811651741424239,0.18012475585921245,neutral,BULL,
2005-10-26,1462,1452,0,1,0,0.9107257340459733,0.47170516075652813,neutral,BULL,
2005-10-27,1463,1453,1,2,1,0.9602940583960916,0.4640405908910639,neutral,BULL,
2005-10-28,1464,1454,1,0,1,0.9954622463209781,0.31237315433606216,neutral,BULL,
2005-10-31,1465,1455,1,0,1,0.9817229572683939,0.2188354722404243,neutral,BULL,
2005-11-01,1466,1456,0,1,0,0.9147509028743516,0.4859148096794614,neutral,BULL,
2005-11-02,1467,1457,1,0,1,0.9254311526930757,0.48420597646892993,neutral,BULL,
2005-11-03,1468,1458,0,1,0,0.16159558502647806,0.35346307426236484,neutral,BULL,
2005-11-04,1469,1459,2,0,2,0.45498702353009973,0.5462658160292159,bull,BULL,
2005-11-07,1470,1460,1,1,0,0.9914096188008565,0.32479720140753965,neutral,BULL,
2005-11-08,1471,1461,1,1,2,0.9824427619528531,0.31948591603119286,neutral,BULL,
2005-11-09,1472,1462,2,1,0,0.9858406655600531,0.3199153630577813,neutral,BULL,
2005-11-10,1473,1463,0,0,1,0.9789980307616479,0.31953383318940737,neutral,BULL,
2005-11-11,1474,1464,0,2,1,0.9319612407558092,0.435449543045711,neutral,BULL,
2005-11-14,1475,1465,2,0,2,0.4949301148708402,0.5122315762205213,bull,BULL,
2005-11-15,1476,1466,1,0,2,1.0,0.5079923440109629,bull,BULL,
2005-11-16,1477,1467,0,2,1,1.0,0.4900210699400932,neutral,BULL,
2005-11-17,1478,1468,2,0,2,1.0,0.49007922881226273,neutral,BULL,
2005-11-18,1479,1469,0,1,0,0.9999440179667688,0.387277280892302,neutral,BULL,
2005-11-21,1480,1470,2,0,1,1.0,0.49412941082184675,neutral,BULL,
2005-11-22,1481,1471,0,1,2,0.9154525505672026,0.4739187516568664,neutral,BULL,
2005-11-23,1482,1472,1,0,1,0.19647530269874403,0.47595429392672023,neutral,BULL,
2005-11-25,1483,1473,0,2,1,0.5580063213980453,0.473005061343862,neutral,BULL,
2005-11-28,1484,1474,1,0,2,0.2745102614606147,0.5099995193224522,neutral,BULL,
2005-11-29,1485,1475,0,2,1,0.3441778640122071,0.4294432120874479,neutral,BULL,
2005-11-30,1486,1476,0,2,1,0.5684366238271986,0.5058801743942476,bull,BULL,
2005-12-01,1487,1477,0,0,2,0.5021423344196784,0.470562341414987,neutral,BULL,
2005-12-02,1488,1478,0,2,1,1.0,0.3747241701891064,neutral,BULL,
2005-12-05,1489,1479,1,2,0,1.0,0.5098389077488081,bull,BULL,
2005-12-06,1490,1480,0,1,2,1.0,0.4996353928168058,neutral,BULL,
2005-12-07,1491,1481,0,2,1,1.0,0.5086306139985057,bull,BULL,
2005-12-08,1492,1482,0,2,0,1.0,0.4099978537937965,neutral,BULL,
2005-12-09,1493,1483,2,0,2,0.5188109255804363,0.5267401073247872,bull,BULL,
2005-12-12,1494,1484,2,0,1,1.0,0.5058276934114849,bull,BULL,
2005-12-13,1495,1485,0,1,2,1.0,0.5109849514652812,bull,BULL,
2005-12-14,1496,1486,0,2,1,1.0,0.45631809881535057,neutral,BULL,
2005-12-15,1497,1487,1,0,2,1.0,0.4966208491819648,neutral,BULL,
2005-12-16,1498,1488,1,0,2,1.0,0.49303911451739973,neutral,BULL,
2005-12-19,1499,1489,2,2,1,0.28059759619118774,0.598410803601167,neutral,BULL,
2005-12-20,1500,1490,0,2,0,0.9163671819252374,0.36250662677457146,neutral,BULL,
2005-12-21,1501,1491,0,1,2,1.0,0.5114465258992558,bull,BULL,
2005-12-22,1502,1492,0,1,2,1.0,0.5090986366741478,bull,BULL,
2005-12-23,1503,1493,0,2,1,1.0,0.48151675300735325,neutral,BULL,
2005-12-27,1504,1494,0,1,2,1.0,0.5119168998805422,bull,BULL,
2005-12-28,1505,1495,0,1,2,1.0,0.3566729758546047,neutral,BULL,
2005-12-29,1506,1496,0,1,2,1.0,0.5090865477526214,bull,BULL,
2005-12-30,1507,1497,1,0,2,1.0,0.47552966289343734,neutral,BULL,
2006-01-03,1508,1498,0,1,0,0.9994617459496196,0.4118142799225461,neutral,BULL,
2006-01-04,1509,1499,1,0,1,0.999994347314612,0.12661458670784217,neutral,BULL,
2006-01-05,1510,1500,0,1,0,0.9956271582513928,0.48096800128184547,neutral,BULL,
2006-01-06,1511,1501,0,1,0,0.9706794103393128,0.48731447128757593,neutral,BULL,
2006-01-09,1512,1502,1,2,0,0.5888023196215943,0.40355831773450085,neutral,BULL,
2006-01-10,1513,1503,0,2,1,0.4421780406476857,0.5074905715718208,bull,BULL,
2006-01-11,1514,1504,2,2,0,0.9344129222979782,0.3154842825543275,neutral,BULL,
2006-01-12,1515,1505,2,1,0,0.8966544935193784,0.32100382412266365,neutral,BULL,
2006-01-13,1516,1506,2,2,1,0.8882780705149402,0.33853446708385476,neutral,BULL,
2006-01-17,1517,1507,2,2,0,0.9788153518738549,0.3244627631409916,neutral,BULL,
2006-01-18,1518,1508,0,2,0,0.996283807387869,0.46556550846356043,neutral,BULL,
2006-01-19,1519,1509,2,0,2,0.999999800293784,0.446692688458328,neutral,BULL,
2006-01-20,1520,1510,1,0,1,1.0,0.4887024062135779,neutral,BULL,
2006-01-23,1521,1511,0,2,0,0.9558801676519513,0.11563782641459633,neutral,BULL,
2006-01-24,1522,1512,0,2,0,0.5157917778873867,0.48336652579271994,neutral,BULL,
2006-01-25,1523,1513,2,1,2,0.33177407757566435,0.4944738975451592,neutral,BULL,
2006-01-26,1524,1514,2,0,2,0.3710289488256843,0.49085588464470514,neutral,BULL,
2006-01-27,1525,1515,0,2,0,0.7624473118881986,0.4634994267516526,neutral,BULL,
2006-01-30,1526,1516,0,2,0,0.8350414790209152,0.39986762336071063,neutral,BULL,
2006-01-31,1527,1517,0,1,0,0.8891475375153817,0.4824702100636669,neutral,BULL,
2006-02-01,1528,1518,0,2,0,0.956902221725607,0.36774895673266433,neutral,BULL,
2006-02-02,1529,1519,1,0,1,0.8930083693323057,0.4509674350823556,neutral,BULL,
2006-02-03,1530,1520,2,0,2,0.9587060602278774,0.2637688160709737,neutral,BULL,
2006-02-06,1531,1521,0,1,0,0.9867802606299719,0.4181355312593025,neutral,BULL,
2006-02-07,1532,1522,0,2,0,0.9947146459388515,0.49071996318444827,neutral,BULL,
2006-02-08,1533,1523,1,1,0,0.4599628748902135,0.6646836735436641,bear,BEAR,
2006-02-09,1534,1524,2,0,2,0.7870549242242779,0.39124077023335746,neutral,BEAR,
2006-02-10,1535,1525,0,2,0,0.721996228917455,0.46862734693607944,neutral,BEAR,
2006-02-13,1536,1526,2,0,2,0.9510794381999026,0.4910280264362999,neutral,BEAR,
2006-02-14,1537,1527,0,2,0,1.0,0.4740797405957087,neutral,BEAR,
2006-02-15,1538,1528,0,2,0,1.0,0.3571705917834934,neutral,BEAR,
2006-02-16,1539,1529,0,2,0,1.0,0.48418270595950247,neutral,BEAR,
2006-02-17,1540,1530,2,0,2,0.6391554035183526,0.43023147108117166,neutral,BEAR,
2006-02-21,1541,1531,0,2,0,0.29908924670114473,0.4562345855323018,neutral,BEAR,
2006-02-22,1542,1532,2,0,2,0.16925371464994018,0.45921812740769247,neutral,BEAR,
2006-02-23,1543,1533,0,0,1,0.480570524290899,0.3659318652898059,neutral,BEAR,
2006-02-24,1544,1534,2,2,0,0.6237608120312538,0.3202001926287035,neutral,BEAR,
2006-02-27,1545,1535,0,1,0,0.6612372071877957,0.49324023033800196,neutral,BEAR,
2006-02-28,1546,1536,2,0,2,0.9451477857308238,0.4878786288131374,neutral,BEAR,
2006-03-01,1547,1537,1,0,1,1.0,0.3218894530731806,neutral,BEAR,
2006-03-02,1548,1538,2,0,2,1.0,0.4074114447752223,neutral,BEAR,
2006-03-03,1549,1539,2,0,2,1.0,0.48817512605744684,neutral,BEAR,
2006-03-06,1550,1540,1,0,1,0.437145373509187,0.3667711473650756,neutral,BEAR,
2006-03-07,1551,1541,1,0,1,1.0,0.4357656791979151,neutral,BEAR,
2006-03-08,1552,1542,1,0,1,0.5562313808435321,0.4265066948343007,neutral,BEAR,
2006-03-09,1553,1543,2,1,2,1.0,0.4924943977197035,neutral,BEAR,
2006-03-10,1554,1544,2,0,2,0.9999132951480907,0.3935890799533038,neutral,BEAR,
2006-03-13,1555,1545,1,2,1,0.5301659417516413,0.5087859121717019,bull,BULL,
2006-03-14,1556,1546,2,0,2,1.0,0.4924555278625057,neutral,BULL,
2006-03-15,1557,1547,0,2,0,1.0,0.3511218465744612,neutral,BULL,
2006-03-16,1558,1548,2,0,2,0.781845759234369,0.47786278362464313,neutral,BULL,
2006-03-17,1559,1549,0,2,0,0.607011564867763,0.5319158432334137,bull,BULL,
2006-03-20,1560,1550,0,0,2,0.993838846744411,0.3344192128111734,neutral,BULL,
2006-03-21,1561,1551,2,2,0,0.9953855442670816,0.3186685918883715,neutral,BULL,
2006-03-22,1562,1552,1,1,0,0.5344982193611505,0.4850081094564891,neutral,BULL,
2006-03-23,1563,1553,0,1,0,0.4557692105700613,0.5391143767391575,bull,BULL,
2006-03-24,1564,1554,2,0,2,1.0,0.46342605695390104,neutral,BULL,
2006-03-27,1565,1555,1,0,1,0.9999732629507909,0.4899472450005366,neutral,BULL,
2006-03-28,1566,1556,0,2,0,0.46872328786963996,0.4547268655323428,neutral,BULL,
2006-03-29,1567,1557,0,2,0,1.0,0.3925343881291104,neutral,BULL,
2006-03-30,1568,1558,0,2,0,0.3781956169645386,0.5525384775767411,bull,BULL,
2006-03-31,1569,1559,2,0,2,0.9999999998140969,0.477018474614956,neutral,BULL,
2006-04-03,1570,1560,0,0,1,0.5696494026313735,0.3362704779958668,neutral,BULL,
2006-04-04,1571,1561,0,2,0,0.9999999999999934,0.4864277588553299,neutral,BULL,
2006-04-05,1572,1562,2,0,2,0.9999999999981046,0.4533079699180655,neutral,BULL,
2006-04-06,1573,1563,0,2,0,0.9999999498696323,0.4892734677554093,neutral,BULL,
2006-04-07,1574,1564,2,0,2,0.9999975772097066,0.4841892138226734,neutral,BULL,
2006-04-10,1575,1565,0,2,0,1.0,0.3012838296660475,neutral,BULL,
2006-04-11,1576,1566,0,2,0,0.999989175536768,0.5001396627003464,bull,BULL,
2006-04-12,1577,1567,0,1,0,0.9993736013199369,0.34435464414642436,neutral,BULL,
2006-04-13,1578,1568,2,0,2,0.9945580977443759,0.4999975704156177,neutral,BULL,
2006-04-17,1579,1569,0,2,0,0.9871326952314622,0.480382249998235,neutral,BULL,
2006-04-18,1580,1570,0,2,0,0.9277785532066158,0.49477338855525116,neutral,BULL,
2006-04-19,1581,1571,0,2,0,0.752163214850212,0.1537706219646189,neutral,BULL,
2006-04-20,1582,1572,0,2,0,0.6971731547886773,0.4963913921105636,neutral,BULL,
2006-04-21,1583,1573,0,2,0,0.5320969378853984,0.5313121723285211,bull,BULL,
2006-04-24,1584,1574,0,2,0,0.5127535010844414,0.48877350084828464,neutral,BULL,
2006-04-25,1585,1575,1,0,1,0.5388548193534526,0.4778799474463813,neutral,BULL,
2006-04-26,1586,1576,0,2,0,0.4941120128529998,0.38045252231026266,neutral,BULL,
2006-04-27,1587,1577,2,0,2,0.7869771257241815,0.4935626380669284,neutral,BULL,
2006-04-28,1588,1578,1,2,1,0.9116951374994885,0.4756428592893714,neutral,BULL,
2006-05-01,1589,1579,2,0,2,0.9935532207424914,0.49028878379777646,neutral,BULL,
2006-05-02,1590,1580,0,2,0,0.539704776268009,0.3251790953939678,neutral,BULL,
2006-05-03,1591,1581,2,0,2,0.999999999993267,0.4348450305013629,neutral,BULL,
2006-05-04,1592,1582,0,1,0,0.9999999999967824,0.45388629456252666,neutral,BULL,
2006-05-05,1593,1583,2,0,2,0.9999999999584052,0.4932582393685767,neutral,BULL,
2006-05-08,1594,1584,1,2,1,0.9998033924714292,0.40044966312643104,neutral,BULL,
2006-05-09,1595,1585,0,0,2,0.5044746237828439,0.4056788989952597,neutral,BULL,
2006-05-10,1596,1586,2,0,2,0.9862967111879802,0.5011478997563569,bull,BULL,
2006-05-11,1597,1587,0,2,0,0.9877658976308855,0.49255881989303923,neutral,BULL,
2006-05-12,1598,1588,0,2,0,0.9852049982333126,0.23214891921862582,neutral,BULL,
2006-05-15,1599,1589,0,2,0,0.5089332347311635,0.20956753182911197,neutral,BULL,
2006-05-16,1600,1590,2,2,0,0.8887529051478333,0.30631187154356126,neutral,BULL,
2006-05-17,1601,1591,0,0,1,0.9884688371456947,0.32136856187725354,neutral,BULL,
2006-05-18,1602,1592,2,2,0,0.3556370631892719,0.38302737650316504,neutral,BULL,
2006-05-19,1603,1593,1,0,2,0.9534967341999318,0.22668463667545038,neutral,BULL,
2006-05-22,1604,1594,1,2,0,1.0,0.2392106209390035,neutral,BULL,
2006-05-23,1605,1595,1,2,0,0.999940883617612,0.2689953027208466,neutral,BULL,
2006-05-24,1606,1596,2,1,0,0.9987974022947584,0.2695417731443248,neutral,BULL,
2006-05-25,1607,1597,2,1,0,0.50138326092268,0.2372674820159182,neutral,BULL,
2006-05-26,1608,1598,1,1,0,0.948478740420301,0.3899218258671122,neutral,BULL,
2006-05-30,1609,1599,0,0,2,0.979110217015284,0.3183222033170956,neutral,BULL,
2006-05-31,1610,1600,0,0,2,0.9881476315745535,0.36977686168773793,neutral,BULL,
2006-06-01,1611,1601,0,0,1,0.11389149055436153,0.3758384256136135,neutral,BULL,
2006-06-02,1612,1602,0,0,1,0.5482195447783463,0.35725816454397347,neutral,BULL,
2006-06-05,1613,1603,1,1,0,0.9618168079459727,0.31102522540218136,neutral,BULL,
2006-06-06,1614,1604,2,2,0,0.9718133805133177,0.41105803156610066,neutral,BULL,
2006-06-07,1615,1605,0,0,2,0.8549397104950281,0.3274900566570527,neutral,BULL,
2006-06-08,1616,1606,2,2,0,0.6826224660302878,0.3668786298967159,neutral,BULL,
2006-06-09,1617,1607,0,2,0,0.5019124221258576,0.4303498002989727,neutral,BULL,
2006-06-12,1618,1608,2,2,0,0.9932598267884354,0.33411544946711585,neutral,BULL,
2006-06-13,1619,1609,2,2,1,0.8511309025168557,0.388372832593665,neutral,BULL,
2006-06-14,1620,1610,0,0,1,0.33557053031793366,0.40274311486297326,neutral,BULL,
2006-06-15,1621,1611,2,1,0,0.9816435033017779,0.2444082343459925,neutral,BULL,
2006-06-16,1622,1612,0,0,1,0.5499817790464305,0.34373699037431243,neutral,BULL,
2006-06-19,1623,1613,1,1,0,0.9722881633125199,0.4007389527966858,neutral,BULL,
2006-06-20,1624,1614,1,2,0,0.12052091934591083,0.21854534930501615,neutral,BULL,
2006-06-21,1625,1615,0,0,1,0.8992388792116168,0.3219114355669087,neutral,BULL,
2006-06-22,1626,1616,1,1,0,0.5303559546991036,0.3295031058759858,neutral,BULL,
2006-06-23,1627,1617,2,0,2,0.7899781909716469,0.43761759156480334,neutral,BULL,
2006-06-26,1628,1618,0,1,0,0.8444693298871637,0.4829967904541311,neutral,BULL,
2006-06-27,1629,1619,1,0,1,0.8597254531933471,0.48572953344258213,neutral,BULL,
2006-06-28,1630,1620,1,0,1,0.9954953480338917,0.3351102398003402,neutral,BULL,
2006-06-29,1631,1621,0,2,0,0.9995489846226522,0.45131253803742766,neutral,BULL,
2006-06-30,1632,1622,0,1,0,0.7796623384337735,0.04048764661908527,neutral,BULL,
2006-07-03,1633,1623,2,0,2,0.06254279825133362,0.494722188364184,neutral,BULL,
2006-07-05,1634,1624,0,0,1,0.9376085442729708,0.3241681996196542,neutral,BULL,
2006-07-06,1635,1625,2,2,0,0.33173106525151747,0.5022674849156047,bear,BEAR,
2006-07-07,1636,1626,0,0,1,0.9479803086501521,0.3134228399016323,neutral,BEAR,
2006-07-10,1637,1627,0,0,1,0.9755525212870163,0.3602127709157596,neutral,BEAR,
2006-07-11,1638,1628,0,0,1,0.9939527537866074,0.31288235935666403,neutral,BEAR,
2006-07-12,1639,1629,1,1,0,0.997442937722484,0.3247391914961421,neutral,BEAR,
2006-07-13,1640,1630,2,2,0,0.05006479363839861,0.39824997942592416,neutral,BEAR,
2006-07-14,1641,1631,1,1,0,0.391088141728391,0.39641214498176,neutral,BEAR,
2006-07-17,1642,1632,0,0,2,0.9710583825884589,0.33917867876382446,neutral,BEAR,
2006-07-18,1643,1633,1,1,0,0.627124176310188,0.319186128707093,neutral,BEAR,
2006-07-19,1644,1634,2,2,0,0.8180680651607003,0.3214690890299419,neutral,BEAR,
2006-07-20,1645,1635,0,0,2,0.7309732678103629,0.37496943762729046,neutral,BEAR,
2006-07-21,1646,1636,0,0,1,0.9673727315138383,0.36555878869987724,neutral,BEAR,
2006-07-24,1647,1637,0,0,1,0.9774891533075247,0.36772542622605386,neutral,BEAR,
2006-07-25,1648,1638,0,2,0,0.4831905362285265,0.3011893844386574,neutral,BEAR,
2006-07-26,1649,1639,0,0,1,0.8079643034640104,0.3159783303056688,neutral,BEAR,
2006-07-27,1650,1640,2,2,0,0.9942077120815964,0.3146108824074856,neutral,BEAR,
2006-07-28,1651,1641,2,2,0,0.9858993452452546,0.32070114892804463,neutral,BEAR,
2006-07-31,1652,1642,2,2,0,0.9527430010566911,0.3649497782420628,neutral,BEAR,
2006-08-01,1653,1643,2,2,0,0.9488066668491363,0.3269044092757006,neutral,BEAR,
2006-08-02,1654,1644,0,0,2,0.9973264274970676,0.34646238251356,neutral,BEAR,
2006-08-03,1655,1645,0,1,2,0.5482328079086531,0.45753777000057216,neutral,BEAR,
2006-08-04,1656,1646,1,0,2,0.6628965958402168,0.510025556594533,bull,BULL,
2006-08-07,1657,1647,1,0,2,1.0,0.5077037354994127,bull,BULL,
2006-08-08,1658,1648,0,2,1,1.0,0.5063197039555486,bull,BULL,
2006-08-09,1659,1649,1,0,2,1.0,0.48088206226770686,neutral,BULL,
2006-08-10,1660,1650,1,0,2,1.0,0.4912547013941355,neutral,BULL,
2006-08-11,1661,1651,1,2,0,1.0,0.5077651913902369,bull,BULL,
2006-08-14,1662,1652,0,2,0,0.9999997614074716,0.4650326670026249,neutral,BULL,
2006-08-15,1663,1653,2,0,2,1.0,0.48118500444640844,neutral,BULL,
2006-08-16,1664,1654,0,1,0,0.999939920655239,0.2883472633882071,neutral,BULL,
2006-08-17,1665,1655,0,2,0,0.9556231675490081,0.40927685332600894,neutral,BULL,
2006-08-18,1666,1656,2,0,2,0.5504643418370361,0.4965852716201991,neutral,BULL,
2006-08-21,1667,1657,0,0,1,0.9895493270210218,0.3297426754394648,neutral,BULL,
2006-08-22,1668,1658,2,2,0,0.37191700321468146,0.43169404838505626,neutral,BULL,
2006-08-23,1669,1659,0,0,2,0.8796686669515024,0.32473133347330047,neutral,BULL,
2006-08-24,1670,1660,0,0,2,0.9744374100415415,0.3317573962518617,neutral,BULL,
2006-08-25,1671,1661,0,2,1,0.7239770646711076,0.5142233867066753,bull,BULL,
2006-08-28,1672,1662,0,1,0,0.842172898028975,0.4950497952246562,neutral,BULL,
2006-08-29,1673,1663,1,2,0,1.0,0.4923600029428289,neutral,BULL,
2006-08-30,1674,1664,0,2,0,0.9999999999971955,0.4982638615763432,neutral,BULL,
2006-08-31,1675,1665,0,2,1,1.0,0.5191331314108167,bull,BULL,
2006-09-01,1676,1666,0,2,1,1.0,0.5179027917197594,bull,BULL,
2006-09-05,1677,1667,2,0,2,1.0,0.4403535274440196,neutral,BULL,
2006-09-06,1678,1668,2,0,2,1.0,0.48244437815580987,neutral,BULL,
2006-09-07,1679,1669,1,0,1,0.9995532852257605,0.3298325268590206,neutral,BULL,
2006-09-08,1680,1670,1,0,2,1.0,0.4773060441208861,neutral,BULL,
2006-09-11,1681,1671,1,0,1,0.9999810323451481,0.4953471183998926,neutral,BULL,
2006-09-12,1682,1672,0,1,2,1.0,0.5203409156381492,bull,BULL,
2006-09-13,1683,1673,0,2,0,1.0,0.3488384772341311,neutral,BULL,
2006-09-14,1684,1674,1,0,2,1.0,0.502689446583338,bull,BULL,
2006-09-15,1685,1675,2,0,1,1.0,0.5185490422236732,bull,BULL,
2006-09-18,1686,1676,0,2,0,0.48645389615412016,0.4854518161621084,neutral,BULL,
2006-09-19,1687,1677,0,2,0,0.9106914677581017,0.48300484308909525,neutral,BULL,
2006-09-20,1688,1678,0,1,2,1.0,0.5028516751306498,bull,BULL,
2006-09-21,1689,1679,1,0,2,1.0,0.48491825332304217,neutral,BULL,
2006-09-22,1690,1680,2,2,1,0.4058843481977124,0.4565465353324034,neutral,BULL,
2006-09-25,1691,1681,1,0,1,0.9999815978311565,0.4647310774363959,neutral,BULL,
2006-09-26,1692,1682,1,0,1,0.9999999999999819,0.4241814129244172,neutral,BULL,
2006-09-27,1693,1683,0,2,0,0.9999894638824881,0.4085725447268414,neutral,BULL,
2006-09-28,1694,1684,2,0,2,0.9967498061397033,0.4853670075157059,neutral,BULL,
2006-09-29,1695,1685,0,1,0,0.5481932150950742,0.46383627809750705,neutral,BULL,
2006-10-02,1696,1686,0,1,0,0.9197945049680678,0.4795273325644034,neutral,BULL,
2006-10-03,1697,1687,0,2,0,0.9597851722913526,0.44731215086682774,neutral,BULL,
2006-10-04,1698,1688,1,0,1,0.9847235905655548,0.5018642875590253,bull,BULL,
2006-10-05,1699,1689,0,2,0,0.6834087911371742,0.28523461780531173,neutral,BULL,
2006-10-06,1700,1690,2,0,2,0.63892377189763,0.5005541805999949,bull,BULL,
2006-10-09,1701,1691,0,1,0,0.9436804930654078,0.48749397274061285,neutral,BULL,
2006-10-10,1702,1692,2,0,2,0.9820066717661623,0.49802479595521354,neutral,BULL,
2006-10-11,1703,1693,2,0,2,0.9584939325820543,0.5027991518841542,bull,BULL,
2006-10-12,1704,1694,2,0,2,0.9508972478299835,0.485561369408568,neutral,BULL,
2006-10-13,1705,1695,0,2,0,0.777245286396436,0.4086168467867074,neutral,BULL,
2006-10-16,1706,1696,1,2,1,0.5712798802848489,0.4996465610488128,neutral,BULL,
2006-10-17,1707,1697,2,0,2,0.7831176568736948,0.5019261115428335,bull,BULL,
2006-10-18,1708,1698,2,0,2,0.9942870886875379,0.46303238965405447,neutral,BULL,
2006-10-19,1709,1699,0,2,0,0.4672961178754746,0.5148531482536677,bull,BULL,
2006-10-20,1710,1700,2,0,2,0.9915812658532431,0.5041005701408653,bull,BULL,
2006-10-23,1711,1701,0,1,0,0.9970062166748259,0.500990160553662,bull,BULL,
2006-10-24,1712,1702,0,2,0,0.99763271198721,0.4856015767332879,neutral,BULL,
2006-10-25,1713,1703,2,0,2,0.9971304839219486,0.5009891598733238,bull,BULL,
2006-10-26,1714,1704,0,2,0,0.9994765908708605,0.49771283266047067,neutral,BULL,
2006-10-27,1715,1705,0,2,0,0.9823277722592622,0.4992915740764804,neutral,BULL,
2006-10-30,1716,1706,0,2,0,0.9851402092558725,0.39651287976076455,neutral,BULL,
2006-10-31,1717,1707,0,2,0,0.988927809156908,0.49519586232251694,neutral,BULL,
2006-11-01,1718,1708,0,2,0,0.9987939671098193,0.4957478442928386,neutral,BULL,
2006-11-02,1719,1709,0,1,0,0.9996428535840743,0.38530744151607466,neutral,BULL,
2006-11-03,1720,1710,0,2,0,0.999590051953731,0.49221739498117884,neutral,BULL,
2006-11-06,1721,1711,1,0,1,0.9993278060216105,0.474374788937992,neutral,BULL,
2006-11-07,1722,1712,0,2,0,0.9978396689178719,0.3047262952305951,neutral,BULL,
2006-11-08,1723,1713,2,0,2,0.991754886642436,0.4986332015453842,neutral,BULL,
2006-11-09,1724,1714,0,2,0,0.9553209002228039,0.48667338645487596,neutral,BULL,
2006-11-10,1725,1715,0,1,0,0.990445578627545,0.41242682911103395,neutral,BULL,
2006-11-13,1726,1716,2,0,2,0.9872295878534523,0.5027327871979497,bull,BULL,
2006-11-14,1727,1717,1,0,1,0.9737020017124444,0.5032842604707873,bull,BULL,
2006-11-15,1728,1718,1,0,1,0.7743291620708126,0.4302673252838913,neutral,BULL,
2006-11-16,1729,1719,1,0,1,0.3915878452647267,0.4842106008414918,neutral,BULL,
2006-11-17,1730,1720,0,2,0,0.5107665161089205,0.5552835764025296,bull,BULL,
2006-11-20,1731,1721,0,2,0,0.8630780011753777,0.48857894701608023,neutral,BULL,
2006-11-21,1732,1722,0,2,0,0.8294920468479365,0.48950557301756853,neutral,BULL,
2006-11-22,1733,1723,0,2,0,0.7374501321524497,0.4905064381592152,neutral,BULL,
2006-11-24,1734,1724,0,2,0,0.5778996988523307,0.48959116177608886,neutral,BULL,
2006-11-27,1735,1725,1,0,1,0.9411274760942109,0.43839494051839833,neutral,BULL,
2006-11-28,1736,1726,0,2,0,0.9667967419963313,0.1806304077251339,neutral,BULL,
2006-11-29,1737,1727,0,2,0,0.9913244375771795,0.49594053962693446,neutral,BULL,
2006-11-30,1738,1728,1,0,1,0.9917900857945638,0.3367957410067887,neutral,BULL,
2006-12-01,1739,1729,2,0,2,0.9907618570464775,0.49335760898208764,neutral,BULL,
2006-12-04,1740,1730,0,2,0,0.7938444108059912,0.5548966336406341,bull,BULL,
2006-12-05,1741,1731,2,0,2,0.9266608310178821,0.41251491385578487,neutral,BULL,
2006-12-06,1742,1732,2,0,2,0.6290682788599548,0.471584774394206,neutral,BULL,
2006-12-07,1743,1733,0,2,0,0.3460621056439702,0.4831215435194907,neutral,BULL,
2006-12-08,1744,1734,0,2,0,0.2994229315614654,0.4351245658787382,neutral,BULL,
2006-12-11,1745,1735,2,0,2,0.40165543234027856,0.5073126178422586,bull,BULL,
2006-12-12,1746,1736,1,0,1,0.9298359871941284,0.50377507679448,bull,BULL,
2006-12-13,1747,1737,1,0,1,0.9999007076468838,0.4968032081771796,neutral,BULL,
2006-12-14,1748,1738,1,0,1,0.9999764473974041,0.5069328016880624,bull,BULL,
2006-12-15,1749,1739,0,2,0,0.5720386927782227,0.46032601867489376,neutral,BULL,
2006-12-18,1750,1740,2,2,0,0.45577614607602296,0.45176349780542,neutral,BULL,
2006-12-19,1751,1741,2,0,2,1.0,0.46111833581883854,neutral,BULL,
2006-12-20,1752,1742,0,1,0,1.0,0.49201288340065247,neutral,BULL,
2006-12-21,1753,1743,0,2,0,1.0,0.4858185890243466,neutral,BULL,
2006-12-22,1754,1744,0,2,0,1.0,0.4463599288762912,neutral,BULL,
2006-12-26,1755,1745,0,1,0,0.9999561438437631,0.38918543411724316,neutral,BULL,
2006-12-27,1756,1746,0,2,0,1.0,0.44957584971819,neutral,BULL,
2006-12-28,1757,1747,1,2,1,0.999881707342514,0.4541618205584873,neutral,BULL,
2006-12-29,1758,1748,1,2,1,0.9998809423933852,0.4820051105079849,neutral,BULL,
2007-01-03,1759,1749,0,1,0,0.9999995872768411,0.44716449278739057,neutral,BULL,
2007-01-04,1760,1750,1,0,1,0.9999996371732026,0.48656208777332294,neutral,BULL,
2007-01-05,1761,1751,0,2,0,0.9999999955691213,0.5030128206532364,bull,BULL,
2007-01-08,1762,1752,0,1,0,1.0,0.3440633252254813,neutral,BULL,
2007-01-09,1763,1753,0,2,0,0.9999750173625142,0.4871400097851865,neutral,BULL,
2007-01-10,1764,1754,0,1,0,0.9999601344433329,0.49660322385400696,neutral,BULL,
2007-01-11,1765,1755,0,2,0,1.0,0.48568461789112255,neutral,BULL,
2007-01-12,1766,1756,0,1,0,0.9999830768224466,0.4914840213548059,neutral,BULL,
2007-01-16,1767,1757,2,0,2,0.9967702780589257,0.4269338505926387,neutral,BULL,
2007-01-17,1768,1758,2,0,2,0.9764908030920445,0.4846076601708769,neutral,BULL,
2007-01-18,1769,1759,1,0,1,0.9064766542941881,0.505789550927573,bull,BULL,
2007-01-19,1770,1760,0,2,0,0.9030522200656623,0.4635932674203456,neutral,BULL,
2007-01-22,1771,1761,0,2,0,0.8667889165006134,0.507845172602889,bull,BULL,
2007-01-23,1772,1762,0,2,0,0.9888393809229924,0.45730254469251846,neutral,BULL,
2007-01-24,1773,1763,0,2,0,0.9997312061140452,0.48011724770093467,neutral,BULL,
2007-01-25,1774,1764,0,1,0,0.9999999845362249,0.41640269307273514,neutral,BULL,
2007-01-26,1775,1765,0,2,0,0.999988755348232,0.2209377660669946,neutral,BULL,
2007-01-29,1776,1766,2,0,2,0.9999866338874533,0.4955194428221284,neutral,BULL,
2007-01-30,1777,1767,2,0,2,0.9999426021159702,0.49503492014945155,neutral,BULL,
2007-01-31,1778,1768,0,2,0,0.9999507597809101,0.45751742905617443,neutral,BULL,
2007-02-01,1779,1769,0,2,0,0.9992158345673748,0.4728977441649489,neutral,BULL,
2007-02-02,1780,1770,1,0,1,0.954788574491699,0.48632407384443804,neutral,BULL,
2007-02-05,1781,1771,0,2,0,0.6844386505892481,0.5106401444396114,bull,BULL,
2007-02-06,1782,1772,1,0,1,0.26997297923014885,0.4926245976266192,neutral,BULL,
2007-02-07,1783,1773,2,0,2,0.26511411486845515,0.503535382588006,neutral,BULL,
2007-02-08,1784,1774,2,2,0,0.9703789900112774,0.30566582091389355,neutral,BULL,
2007-02-09,1785,1775,2,2,0,0.9604310821078276,0.316295888305916,neutral,BULL,
2007-02-12,1786,1776,1,1,2,0.41298342213890266,0.3758311378603239,neutral,BULL,
2007-02-13,1787,1777,2,0,2,0.9909247617454353,0.4664794587370446,neutral,BULL,
2007-02-14,1788,1778,2,1,2,0.9999595798645555,0.4153380122258391,neutral,BULL,
2007-02-15,1789,1779,2,1,2,0.9998660230239546,0.45351519121830636,neutral,BULL,
2007-02-16,1790,1780,0,2,0,0.9987464060379654,0.5038940450348947,bull,BULL,
2007-02-20,1791,1781,0,2,0,0.996921552658507,0.4909338689914716,neutral,BULL,
2007-02-21,1792,1782,0,2,0,0.9686412086693736,0.4915660920400203,neutral,BULL,
2007-02-22,1793,1783,0,2,0,0.92919956257246,0.4878291700443701,neutral,BULL,
2007-02-23,1794,1784,0,1,0,0.9164054630124048,0.4898982785243081,neutral,BULL,
2007-02-26,1795,1785,0,2,0,0.9174174821698226,0.45050267150240897,neutral,BULL,
2007-02-27,1796,1786,0,2,0,0.9886445979750479,0.4801327359445037,neutral,BULL,
2007-02-28,1797,1787,2,2,0,0.37208166502911794,0.0375047006101028,neutral,BULL,
2007-03-01,1798,1788,2,1,0,0.9999998930857024,0.3055124936299068,neutral,BULL,
2007-03-02,1799,1789,1,2,0,0.9999953401738291,0.20335728672619888,neutral,BULL,
2007-03-05,1800,1790,1,0,2,0.9999981804846088,0.4573844360698037,neutral,BULL,
2007-03-06,1801,1791,1,2,0,1.0,0.30586099252903964,neutral,BULL,
2007-03-07,1802,1792,1,2,0,0.9999999999196838,0.5308096219873633,bull,BULL,
2007-03-08,1803,1793,1,0,2,1.0,0.17015581633922106,neutral,BULL,
2007-03-09,1804,1794,0,1,2,0.9999546292315323,0.2556953287602482,neutral,BULL,
2007-03-12,1805,1795,1,0,2,1.0,0.1502834736721556,neutral,BULL,
2007-03-13,1806,1796,2,2,0,0.916864730251611,0.31547579302912393,neutral,BULL,
2007-03-14,1807,1797,1,0,2,0.9975342910389201,0.3372332860065772,neutral,BULL,
2007-03-15,1808,1798,0,2,0,0.43914881907550446,0.4349953305583831,neutral,BULL,
2007-03-16,1809,1799,1,1,0,0.9841625828873097,0.31490520269885486,neutral,BULL,
2007-03-19,1810,1800,2,2,0,0.9999589541765332,0.3761975494846995,neutral,BULL,
2007-03-20,1811,1801,1,1,0,0.18999983897447928,0.38458158559860606,neutral,BULL,
2007-03-21,1812,1802,1,1,0,0.3951590447086614,0.3268284145757587,neutral,BULL,
2007-03-22,1813,1803,1,1,0,0.9188584968666086,0.3860419578833208,neutral,BULL,
2007-03-23,1814,1804,2,2,0,0.40233312233960966,0.32182598562971804,neutral,BULL,
2007-03-26,1815,1805,1,1,0,0.21764726406221,0.3080432070606722,neutral,BULL,
2007-03-27,1816,1806,1,2,0,0.16997115073933672,0.31524682247333397,neutral,BULL,
2007-03-28,1817,1807,0,0,2,0.3904799956940514,0.32288162512736246,neutral,BULL,
2007-03-29,1818,1808,2,2,0,0.6517940811190408,0.3728442465939011,neutral,BULL,
2007-03-30,1819,1809,2,2,0,0.8781160990455404,0.307237252209077,neutral,BULL,
2007-04-02,1820,1810,0,0,1,0.6554716276728099,0.3174714717542786,neutral,BULL,
2007-04-03,1821,1811,0,2,0,0.9789801592070058,0.5100221160527544,bull,BULL,
2007-04-04,1822,1812,1,0,1,0.9980086545413311,0.31802587002526866,neutral,BULL,
2007-04-05,1823,1813,0,1,0,0.9914779957591183,0.5099614977010067,bull,BULL,
2007-04-09,1824,1814,0,2,0,0.9379997883159803,0.50759102770149,bull,BULL,
2007-04-10,1825,1815,0,2,0,0.774528723092374,0.5105577923783395,bull,BULL,
2007-04-11,1826,1816,0,2,0,0.4793398426020385,0.5105988615693484,bull,BULL,
2007-04-12,1827,1817,0,2,0,0.4070613321685744,0.44892566051844224,neutral,BULL,
2007-04-13,1828,1818,0,2,0,0.5547616092924961,0.4929478475954882,neutral,BULL,
2007-04-16,1829,1819,0,2,0,0.6341945482608925,0.49155439137321466,neutral,BULL,
2007-04-17,1830,1820,1,0,1,0.35571304438701123,0.366975241095683,neutral,BULL,
2007-04-18,1831,1821,0,1,0,0.2729324626496669,0.5020922322037198,neutral,BULL,
2007-04-19,1832,1822,1,1,0,0.9922464543597086,0.3048007141022158,neutral,BULL,
2007-04-20,1833,1823,2,2,0,0.9924283669700461,0.3109979995108674,neutral,BULL,
2007-04-23,1834,1824,1,1,0,0.9266877195444387,0.3624789536446575,neutral,BULL,
2007-04-24,1835,1825,2,2,0,0.9155437781019891,0.33517371106349236,neutral,BULL,
2007-04-25,1836,1826,2,2,0,0.9403028702051354,0.30886328061459584,neutral,BULL,
2007-04-26,1837,1827,2,2,0,0.3748270433921693,0.31286164840280073,neutral,BULL,
2007-04-27,1838,1828,2,2,0,0.9845968738235192,0.3075592155229562,neutral,BULL,
2007-04-30,1839,1829,2,2,0,0.47437909360605085,0.31418929261697903,neutral,BULL,
2007-05-01,1840,1830,2,2,0,0.1825740958926612,0.38566029871355484,neutral,BULL,
2007-05-02,1841,1831,0,1,0,0.9473917164870416,0.5022958324867839,bull,BULL,
2007-05-03,1842,1832,0,1,0,0.9722286622158168,0.3857585297261531,neutral,BULL,
2007-05-04,1843,1833,0,2,0,0.976934382496046,0.4581346004110436,neutral,BULL,
2007-05-07,1844,1834,0,2,0,0.6743407105183037,0.4801574739956389,neutral,BULL,
2007-05-08,1845,1835,0,1,0,0.6829308127649568,0.5067967573563372,bull,BULL,
2007-05-09,1846,1836,0,1,0,0.6965793274786759,0.4793824515575362,neutral,BULL,
2007-05-10,1847,1837,0,2,0,0.6159372562674186,0.507799280352018,bull,BULL,
2007-05-11,1848,1838,0,1,0,0.4313405566397198,0.26193411548733087,neutral,BULL,
2007-05-14,1849,1839,0,1,0,0.5399652553191592,0.4002364168708077,neutral,BULL,
2007-05-15,1850,1840,1,0,1,0.918961675484574,0.4832302728916448,neutral,BULL,
2007-05-16,1851,1841,0,1,0,1.0,0.4909253317848569,neutral,BULL,
2007-05-17,1852,1842,1,0,1,0.9999987960798465,0.4475490973008858,neutral,BULL,
2007-05-18,1853,1843,1,0,1,1.0,0.4731749402312027,neutral,BULL,
2007-05-21,1854,1844,1,0,1,0.9869615852726346,0.3940641580305716,neutral,BULL,
2007-05-22,1855,1845,0,2,0,0.8529579236254772,0.4872469207058405,neutral,BULL,
2007-05-23,1856,1846,1,0,1,0.7971985158399282,0.5001402760012742,bull,BULL,
2007-05-24,1857,1847,2,0,2,0.6731613707411167,0.5074452873102104,bull,BULL,
2007-05-25,1858,1848,2,2,0,0.5099080562661054,0.40023544581271486,neutral,BULL,
2007-05-29,1859,1849,0,2,0,0.49204952177190336,0.43437974724687184,neutral,BULL,
2007-05-30,1860,1850,2,2,0,0.5025747997235511,0.37233943146519255,neutral,BULL,
2007-05-31,1861,1851,2,0,2,0.9965120427170385,0.4151150696018642,neutral,BULL,
2007-06-01,1862,1852,2,0,2,0.9882104545096172,0.4866319724138125,neutral,BULL,
2007-06-04,1863,1853,2,0,2,0.949756620184065,0.48596528873410655,neutral,BULL,
2007-06-05,1864,1854,0,2,0,0.7949276821096508,0.5071907087577113,bull,BULL,
2007-06-06,1865,1855,2,0,2,0.7503802481862486,0.45159608993957,neutral,BULL,
2007-06-07,1866,1856,0,2,0,0.6519282133628718,0.2519282826981972,neutral,BULL,
2007-06-08,1867,1857,2,2,0,0.9229346426355696,0.37827447305976425,neutral,BULL,
2007-06-11,1868,1858,2,2,0,0.9218113541069641,0.4070941208588209,neutral,BULL,
2007-06-12,1869,1859,0,0,2,0.9044182189279769,0.3058563948727021,neutral,BULL,
2007-06-13,1870,1860,2,2,0,0.6262303056465892,0.40854450050687696,neutral,BULL,
2007-06-14,1871,1861,2,2,0,0.7261577402011498,0.417323285488079,neutral,BULL,
2007-06-15,1872,1862,2,2,0,0.7735053325147857,0.32775987405247053,neutral,BULL,
2007-06-18,1873,1863,0,0,1,0.8941497721728512,0.305960509091549,neutral,BULL,
2007-06-19,1874,1864,1,2,0,0.9370788321898322,0.321881781713421,neutral,BULL,
2007-06-20,1875,1865,1,2,0,0.9538458821540017,0.3157358890784367,neutral,BULL,
2007-06-21,1876,1866,0,2,1,0.9490094587804989,0.40141862447769866,neutral,BULL,
2007-06-22,1877,1867,0,0,2,0.5924841934126955,0.3210983501408165,neutral,BULL,
2007-06-25,1878,1868,2,2,0,0.7456949333584956,0.3962115978427652,neutral,BULL,
2007-06-26,1879,1869,2,2,0,0.9923358225696877,0.3457643710222539,neutral,BULL,
2007-06-27,1880,1870,2,2,0,0.8881649944577676,0.4042545768653515,neutral,BULL,
2007-06-28,1881,1871,2,2,0,0.8565674601878202,0.4144329815715809,neutral,BULL,
2007-06-29,1882,1872,2,2,0,0.9026886996369243,0.31034025542325794,neutral,BULL,
2007-07-02,1883,1873,1,1,0,0.9693808559361857,0.30915607962504155,neutral,BULL,
2007-07-03,1884,1874,2,2,0,0.9930424005323797,0.35909344692944145,neutral,BULL,
2007-07-05,1885,1875,1,1,0,0.68657296312688,0.3105477696402775,neutral,BULL,
2007-07-06,1886,1876,0,2,1,0.9176467232381029,0.3153722031178816,neutral,BULL,
2007-07-09,1887,1877,0,2,1,0.9862704793071697,0.3121470120110953,neutral,BULL,
2007-07-10,1888,1878,0,2,1,0.9450074130835829,0.31569725894258677,neutral,BULL,
2007-07-11,1889,1879,2,1,0,0.9711200643180351,0.41229757187089583,neutral,BULL,
2007-07-12,1890,1880,1,2,0,0.3607610924858186,0.3396549213822249,neutral,BULL,
2007-07-13,1891,1881,0,2,1,0.9988289896838966,0.38981958515701526,neutral,BULL,
2007-07-16,1892,1882,2,1,0,0.9778759675311077,0.3178825818695306,neutral,BULL,
2007-07-17,1893,1883,2,1,0,0.991990253110281,0.31152153140621786,neutral,BULL,
2007-07-18,1894,1884,2,1,0,0.9858123016159211,0.31347344183627934,neutral,BULL,
2007-07-19,1895,1885,2,1,0,0.9831152546483218,0.32064308593922763,neutral,BULL,
2007-07-20,1896,1886,2,1,0,0.9810717569323383,0.3129071075792152,neutral,BULL,
2007-07-23,1897,1887,2,1,0,0.9698329017455507,0.3974950144452966,neutral,BULL,
2007-07-24,1898,1888,0,1,2,0.9892896846992804,0.31017539064429217,neutral,BULL,
2007-07-25,1899,1889,0,1,2,0.9625605428978906,0.38106256139352845,neutral,BULL,
2007-07-26,1900,1890,0,1,2,0.9919608507280189,0.30837328421031385,neutral,BULL,
2007-07-27,1901,1891,1,1,0,0.9452620419272543,0.7372252158207167,bear,BEAR,
2007-07-30,1902,1892,1,1,2,0.999964763589162,0.6205922528717408,bear,BEAR,
2007-07-31,1903,1893,1,1,0,0.9999902229788308,0.4671589873707781,neutral,BEAR,
2007-08-01,1904,1894,1,1,0,0.9999978933548423,0.35794043958253313,neutral,BEAR,
2007-08-02,1905,1895,2,1,0,1.0,0.20392327451158163,neutral,BEAR,
2007-08-03,1906,1896,2,2,0,0.9999364003899491,0.2391136305193234,neutral,BEAR,
2007-08-06,1907,1897,1,1,0,0.9998977369317121,0.7912472053142806,bear,BEAR,
2007-08-07,1908,1898,1,1,0,0.9874735951333441,0.5077791351087715,bear,BEAR,
2007-08-08,1909,1899,1,1,0,0.9984219649930515,0.3179491654635292,neutral,BEAR,
2007-08-09,1910,1900,2,2,0,0.2114470300050985,0.40779760270926757,neutral,BEAR,
2007-08-10,1911,1901,2,2,0,0.2002046789377659,0.8717353353964523,neutral,BEAR,
2007-08-13,1912,1902,1,2,0,0.7557224607059694,0.3447931268895959,neutral,BEAR,
2007-08-14,1913,1903,2,1,0,0.7495798481867457,0.3070727545873655,neutral,BEAR,
2007-08-15,1914,1904,2,2,0,0.9898513992124759,0.48347323105356077,neutral,BEAR,
2007-08-16,1915,1905,1,1,0,0.9902746540028055,0.43204819595751476,neutral,BEAR,
2007-08-17,1916,1906,1,1,0,0.9943115192799444,0.23037339691526654,neutral,BEAR,
2007-08-20,1917,1907,1,1,2,1.0,0.5998614507172675,bear,BEAR,
2007-08-21,1918,1908,1,1,0,0.9916769387906825,0.18638967408513465,neutral,BEAR,
2007-08-22,1919,1909,1,1,2,0.9999999999812891,0.19089172605794344,neutral,BEAR,
2007-08-23,1920,1910,2,2,1,0.17478319594045677,0.33665871394667735,neutral,BEAR,
2007-08-24,1921,1911,2,2,1,0.7320278605115202,0.19443522374200106,neutral,BEAR,
2007-08-27,1922,1912,1,1,0,0.9033978960653962,0.35111143497702146,neutral,BEAR,
2007-08-28,1923,1913,1,1,0,0.9531616206288572,0.30750976895814586,neutral,BEAR,
2007-08-29,1924,1914,1,1,0,0.9389560362194442,0.6738367367804802,bear,BEAR,
2007-08-30,1925,1915,1,1,0,0.7847986279614512,0.6484728267526817,bear,BEAR,
2007-08-31,1926,1916,2,1,0,0.09122883266083338,0.2430318262745675,neutral,BEAR,
2007-09-04,1927,1917,2,1,0,0.9678542581176965,0.3623566298068844,neutral,BEAR,
2007-09-05,1928,1918,2,1,0,0.8549954645679919,0.36516632703416757,neutral,BEAR,
2007-09-06,1929,1919,2,1,0,0.9445319015719009,0.39065199509955084,neutral,BEAR,
2007-09-07,1930,1920,2,1,0,0.9138368710384328,0.31659669091517534,neutral,BEAR,
2007-09-10,1931,1921,2,1,0,0.890810606813255,0.40903259253211427,neutral,BEAR,
2007-09-11,1932,1922,2,1,0,0.9167694797941844,0.32907503133406124,neutral,BEAR,
2007-09-12,1933,1923,1,2,0,0.9098283795338267,0.38181403986180873,neutral,BEAR,
2007-09-13,1934,1924,0,1,2,0.4950031349716609,0.31598432154427003,neutral,BEAR,
2007-09-14,1935,1925,2,1,0,0.7920276883107928,0.33970646374946045,neutral,BEAR,
2007-09-17,1936,1926,2,1,0,0.7042504860603607,0.31999734486135745,neutral,BEAR,
2007-09-18,1937,1927,2,1,0,0.714837676334081,0.35748542012939394,neutral,BEAR,
2007-09-19,1938,1928,0,2,1,0.21979650484353191,0.10119522060805598,neutral,BEAR,
2007-09-20,1939,1929,1,2,0,1.0,0.22077874103234466,neutral,BEAR,
2007-09-21,1940,1930,1,2,0,1.0,0.25840081100254136,neutral,BEAR,
2007-09-24,1941,1931,1,0,2,1.0,0.19905524899167373,neutral,BEAR,
2007-09-25,1942,1932,1,2,0,1.0,0.17397501399842083,neutral,BEAR,
2007-09-26,1943,1933,2,0,1,0.9943612059929026,0.200667061139715,neutral,BEAR,
2007-09-27,1944,1934,1,2,0,0.7738559125220407,0.2296943919079247,neutral,BEAR,
2007-09-28,1945,1935,2,1,0,0.6327247696278722,0.3039919845088146,neutral,BEAR,
2007-10-01,1946,1936,2,1,0,0.18896644533745666,0.25533426385511016,neutral,BEAR,
2007-10-02,1947,1937,0,2,1,0.049949164299237625,0.37603320387027145,neutral,BEAR,
2007-10-03,1948,1938,0,2,0,0.7672454905680552,0.4807965974844786,neutral,BEAR,
2007-10-04,1949,1939,0,0,1,0.5030188925065481,0.3289506796990395,neutral,BEAR,
2007-10-05,1950,1940,1,0,1,0.4830577090817378,0.5995275018786502,bull,BULL,
2007-10-08,1951,1941,0,1,0,0.2847869824424876,0.4746520136461262,neutral,BULL,
2007-10-09,1952,1942,1,1,0,0.9927437581701428,0.3582557635566675,neutral,BULL,
2007-10-10,1953,1943,2,1,0,0.9920494610370707,0.3615066939287739,neutral,BULL,
2007-10-11,1954,1944,1,1,0,0.9934110943308104,0.32772244089962743,neutral,BULL,
2007-10-12,1955,1945,2,2,0,0.9871497215779718,0.3524720052841688,neutral,BULL,
2007-10-15,1956,1946,0,0,2,0.4493952540471213,0.3277033211887904,neutral,BULL,
2007-10-16,1957,1947,2,2,0,0.32467616384904063,0.388680301035708,neutral,BULL,
2007-10-17,1958,1948,2,2,0,0.45701326929113045,0.38413647591517025,neutral,BULL,
2007-10-18,1959,1949,0,1,0,0.7314046768527103,0.4858846303842308,neutral,BULL,
2007-10-19,1960,1950,0,2,0,0.5887701273645614,0.44619531443893046,neutral,BULL,
2007-10-22,1961,1951,2,2,1,0.9828516619232502,0.8308667382249024,bear,BEAR,
2007-10-23,1962,1952,2,2,1,1.0,0.21998240560757826,neutral,BEAR,
2007-10-24,1963,1953,0,0,1,0.999999999819401,0.25497704511467456,neutral,BEAR,
2007-10-25,1964,1954,1,1,0,0.999996245304468,0.2005625462499838,neutral,BEAR,
2007-10-26,1965,1955,2,1,0,0.9994577604492001,0.19195478426040063,neutral,BEAR,
2007-10-29,1966,1956,2,2,0,0.5888164872541221,0.3448341394609536,neutral,BEAR,
2007-10-30,1967,1957,0,2,1,0.7319496945976413,0.3196204153621265,neutral,BEAR,
2007-10-31,1968,1958,1,2,0,0.8206154369743255,0.3727492483891695,neutral,BEAR,
2007-11-01,1969,1959,0,2,1,0.5776680689111541,0.3146008644535619,neutral,BEAR,
2007-11-02,1970,1960,1,2,0,0.7518062294627283,0.22412352304321925,neutral,BEAR,
2007-11-05,1971,1961,1,2,0,0.9619258721328184,0.31825111879402956,neutral,BEAR,
2007-11-06,1972,1962,2,2,0,0.9139846426626762,0.3791613730898262,neutral,BEAR,
2007-11-07,1973,1963,2,1,0,0.9212464964357604,0.3910675255588437,neutral,BEAR,
2007-11-08,1974,1964,1,1,0,0.9950347360033106,0.8584029117660885,bear,BEAR,
2007-11-09,1975,1965,1,1,0,1.0,0.23113935613342151,neutral,BEAR,
2007-11-12,1976,1966,1,1,0,1.0,0.4437295608740324,neutral,BEAR,
2007-11-13,1977,1967,2,2,1,1.0,0.32986262126131677,neutral,BEAR,
2007-11-14,1978,1968,2,2,1,1.0,0.9215316611506976,bear,BEAR,
2007-11-15,1979,1969,2,2,0,1.0,0.20536507448691815,neutral,BEAR,
2007-11-16,1980,1970,2,2,0,1.0,0.4678299550484658,neutral,BEAR,
2007-11-19,1981,1971,1,1,0,1.0,0.19013909955544991,neutral,BEAR,
2007-11-20,1982,1972,1,1,0,1.0,0.4514542578823613,neutral,BEAR,
2007-11-21,1983,1973,2,2,0,0.35140109905924755,0.2197180220529909,neutral,BEAR,
2007-11-23,1984,1974,1,1,0,0.9826302926293353,0.6756131345612025,bear,BEAR,
2007-11-26,1985,1975,0,0,1,0.9176259564209744,0.5494044543360137,bear,BEAR,
2007-11-27,1986,1976,0,0,1,1.0,0.7247662331349354,bear,BEAR,
2007-11-28,1987,1977,2,2,0,1.0,0.33462409092153383,neutral,BEAR,
2007-11-29,1988,1978,1,2,0,0.9892953079270325,0.957837413582717,bull,BULL,
2007-11-30,1989,1979,2,2,0,0.9999149007860239,0.18966763210116425,neutral,BULL,
2007-12-03,1990,1980,1,1,0,1.0,0.2956510977787335,neutral,BULL,
2007-12-04,1991,1981,0,0,1,1.0,0.2562885794056537,neutral,BULL,
2007-12-05,1992,1982,2,2,1,1.0,0.3056246255601862,neutral,BULL,
2007-12-06,1993,1983,1,1,0,1.0,0.5396449992505494,bear,BEAR,
2007-12-07,1994,1984,2,1,0,1.0,0.4446715205272558,neutral,BEAR,
2007-12-10,1995,1985,2,1,0,1.0,0.19153601068515083,neutral,BEAR,
2007-12-11,1996,1986,1,2,0,1.0,0.25056881054888214,neutral,BEAR,
2007-12-12,1997,1987,1,1,0,0.938712779973183,0.8583829323366254,bear,BEAR,
2007-12-13,1998,1988,1,1,0,0.7997810791207315,0.29765271077157335,neutral,BEAR,
2007-12-14,1999,1989,2,2,1,0.506727127976898,0.20055068112935417,neutral,BEAR,
2007-12-17,2000,1990,2,2,0,0.7848684979075737,0.40143579509720745,neutral,BEAR,
2007-12-18,2001,1991,1,1,2,0.9999977628738542,0.45227917882892443,neutral,BEAR,
2007-12-19,2002,1992,1,1,0,0.9999999980115518,0.2179177002206982,neutral,BEAR,
2007-12-20,2003,1993,1,1,0,1.0,0.1924280609111544,neutral,BEAR,
2007-12-21,2004,1994,1,1,0,1.0,0.22783701216875704,neutral,BEAR,
2007-12-24,2005,1995,1,1,0,0.9988739620334418,0.2729020564717466,neutral,BEAR,
2007-12-26,2006,1996,2,1,0,0.8751908918044213,0.3432811462398726,neutral,BEAR,
2007-12-27,2007,1997,1,2,0,0.6665474385733352,0.17489780630785312,neutral,BEAR,
2007-12-28,2008,1998,0,2,1,0.8621839468927551,0.40820435199619226,neutral,BEAR,
2007-12-31,2009,1999,0,2,1,0.9528736440345561,0.3333464308132129,neutral,BEAR,
2008-01-02,2010,2000,1,2,0,0.9284387139549257,0.38063144874251176,neutral,BEAR,
2008-01-03,2011,2001,0,2,1,0.9323692655007785,0.3854543826276195,neutral,BEAR,
2008-01-04,2012,2002,2,1,0,0.7399310491159274,0.32227847809938864,neutral,BEAR,
2008-01-07,2013,2003,1,2,0,1.0,0.8928550169637081,bull,BULL,
2008-01-08,2014,2004,1,1,0,1.0,0.19399735350522646,neutral,BULL,
2008-01-09,2015,2005,1,1,0,1.0,0.5154366837174789,bear,BEAR,
2008-01-10,2016,2006,1,1,0,1.0,0.3156808071128666,neutral,BEAR,
2008-01-11,2017,2007,2,2,0,1.0,0.2286723606343089,neutral,BEAR,
2008-01-14,2018,2008,1,1,2,1.0,0.28751727855595366,neutral,BEAR,
2008-01-15,2019,2009,1,1,0,1.0,0.25218315436508537,neutral,BEAR,
2008-01-16,2020,2010,1,1,2,0.9999988776392551,0.7220721194369192,bear,BEAR,
2008-01-17,2021,2011,1,0,2,1.0,0.39083848889588474,neutral,BEAR,
2008-01-18,2022,2012,2,2,1,1.0,0.8289245619531539,bear,BEAR,
2008-01-22,2023,2013,0,0,1,1.0,0.34029119299108485,neutral,BEAR,
2008-01-23,2024,2014,1,1,2,1.0,0.337396687751459,neutral,BEAR,
2008-01-24,2025,2015,1,1,0,1.0,0.7783977604068258,bear,BEAR,
2008-01-25,2026,2016,2,2,1,1.0,0.258659739684903,neutral,BEAR,
2008-01-28,2027,2017,1,1,0,1.0,0.4601913373080783,neutral,BEAR,
2008-01-29,2028,2018,1,1,2,1.0,0.5293658694822732,bear,BEAR,
2008-01-30,2029,2019,1,1,0,0.9999999999999898,0.21151660915724455,neutral,BEAR,
2008-01-31,2030,2020,2,2,1,0.8944547698214221,0.22948126428109802,neutral,BEAR,
2008-02-01,2031,2021,0,0,1,0.9684523034465576,0.5029147873687877,bear,BEAR,
2008-02-04,2032,2022,2,2,1,1.0,0.5136450878432803,bear,BEAR,
2008-02-05,2033,2023,1,1,2,1.0,0.39932814043438514,neutral,BEAR,
2008-02-06,2034,2024,1,1,2,0.9933944770411287,0.8446490556036045,bear,BEAR,
2008-02-07,2035,2025,1,1,0,0.9995616074625945,0.28085319938664133,neutral,BEAR,
2008-02-08,2036,2026,0,0,1,0.9999835688577482,0.23238598802151253,neutral,BEAR,
2008-02-11,2037,2027,2,2,0,0.999976773626279,0.25050901443704165,neutral,BEAR,
2008-02-12,2038,2028,1,0,2,1.0,0.18437919830237498,neutral,BEAR,
2008-02-13,2039,2029,2,2,1,0.4541410040140105,0.35101617752070746,neutral,BEAR,
2008-02-14,2040,2030,1,1,0,0.9999999997851965,0.3083751671476242,neutral,BEAR,
2008-02-15,2041,2031,2,2,1,0.9999422775517314,0.2974725998881742,neutral,BEAR,
2008-02-19,2042,2032,2,1,0,0.9171829706072199,0.32022006218256743,neutral,BEAR,
2008-02-20,2043,2033,2,1,0,0.6043216442989138,0.3167348453290864,neutral,BEAR,
2008-02-21,2044,2034,0,1,0,0.4801150052639834,0.6119455977612194,bull,BULL,
2008-02-22,2045,2035,0,2,1,0.3509366726911505,0.3861696982813573,neutral,BULL,
2008-02-25,2046,2036,2,1,0,0.25697670266148653,0.332841750207164,neutral,BULL,
2008-02-26,2047,2037,0,1,0,0.8071028333248214,0.23522538391867973,neutral,BULL,
2008-02-27,2048,2038,0,1,0,0.2711663617111862,0.41197124852170264,neutral,BULL,
2008-02-28,2049,2039,1,2,0,0.996251091910892,0.3241441730764445,neutral,BULL,
2008-02-29,2050,2040,2,1,0,0.9945848485167362,0.3978619994041542,neutral,BULL,
2008-03-03,2051,2041,1,2,0,0.919451288894882,0.26154114041512017,neutral,BULL,
2008-03-04,2052,2042,2,1,0,0.6044402075906583,0.3351309673029864,neutral,BULL,
2008-03-05,2053,2043,2,0,1,0.04863778322522311,0.3433337749368767,neutral,BULL,
2008-03-06,2054,2044,2,2,0,0.996739370262186,0.2265092345556428,neutral,BULL,
2008-03-07,2055,2045,1,1,0,1.0,0.667454515583993,bear,BEAR,
2008-03-10,2056,2046,2,2,0,1.0,0.33518465764422933,neutral,BEAR,
2008-03-11,2057,2047,1,1,0,1.0,0.4168053458102599,neutral,BEAR,
2008-03-12,2058,2048,1,1,0,1.0,0.9725446868001282,bear,BEAR,
2008-03-13,2059,2049,2,2,0,1.0,0.3115402258100474,neutral,BEAR,
2008-03-14,2060,2050,1,1,0,0.9261642089671419,0.1939031545115458,neutral,BEAR,
2008-03-17,2061,2051,0,0,1,0.9003676433702807,0.4909289774482094,neutral,BEAR,
2008-03-18,2062,2052,2,2,0,0.9797256635919345,0.33031946392654266,neutral,BEAR,
2008-03-19,2063,2053,2,1,0,1.0,0.9951298560195228,bull,BULL,
2008-03-20,2064,2054,1,1,0,0.6842928941438452,0.7921690045681268,bear,BEAR,
2008-03-24,2065,2055,1,1,2,0.8291662486930739,0.4163338775102576,neutral,BEAR,
2008-03-25,2066,2056,1,1,0,0.9999999748063854,0.6617477938612341,bear,BEAR,
2008-03-26,2067,2057,1,1,0,0.9999874764796236,0.19149477238282378,neutral,BEAR,
2008-03-27,2068,2058,1,1,0,0.9999993387722408,0.39857573408721486,neutral,BEAR,
2008-03-28,2069,2059,2,2,0,0.9999997861205715,0.2121519558261296,neutral,BEAR,
2008-03-31,2070,2060,2,2,1,0.999999880866158,0.32434982866352124,neutral,BEAR,
2008-04-01,2071,2061,1,2,0,1.0,0.1606448410477843,neutral,BEAR,
2008-04-02,2072,2062,2,2,0,0.8526718195117816,0.9697079581753818,bear,BEAR,
2008-04-03,2073,2063,1,1,0,0.9999995681729426,0.19199683228000075,neutral,BEAR,
2008-04-04,2074,2064,2,2,0,0.9999665858712211,0.19400593642598826,neutral,BEAR,
2008-04-07,2075,2065,2,0,1,1.0,0.16542260292180105,neutral,BEAR,
2008-04-08,2076,2066,2,2,1,1.0,0.192574418950372,neutral,BEAR,
2008-04-09,2077,2067,2,2,0,1.0,0.19739801412952673,neutral,BEAR,
2008-04-10,2078,2068,2,2,0,1.0,0.2720186135504541,neutral,BEAR,
2008-04-11,2079,2069,1,1,0,0.999807569102736,0.19246666429826734,neutral,BEAR,
2008-04-14,2080,2070,2,1,0,0.8844322137086754,0.6465319451058228,bull,BULL,
2008-04-15,2081,2071,0,2,1,0.9047527498015968,0.3376308131007836,neutral,BULL,
2008-04-16,2082,2072,1,2,0,0.5662022393229049,0.31789003585757386,neutral,BULL,
2008-04-17,2083,2073,1,2,0,0.5555912279976918,0.14961514268277393,neutral,BULL,
2008-04-18,2084,2074,2,1,0,0.5586392203113002,0.315472176929731,neutral,BULL,
2008-04-21,2085,2075,1,2,0,0.11520231461262573,0.37092517174750506,neutral,BULL,
2008-04-22,2086,2076,2,2,1,0.9993298391320898,0.19319956706946495,neutral,BULL,
2008-04-23,2087,2077,2,2,0,0.9999947147904853,0.22738847866825498,neutral,BULL,
2008-04-24,2088,2078,2,2,0,0.9999999999238411,0.20205690041516955,neutral,BULL,
2008-04-25,2089,2079,0,0,1,0.999999757091146,0.20406539966006126,neutral,BULL,
2008-04-28,2090,2080,2,2,1,0.9999999999999767,0.2767398048485525,neutral,BULL,
2008-04-29,2091,2081,1,1,2,0.7976137529958789,0.19431481442375972,neutral,BULL,
2008-04-30,2092,2082,1,0,1,0.41737585353648965,0.06176437465235237,neutral,BULL,
2008-05-01,2093,2083,0,2,0,0.9840710039092134,0.39280476457771296,neutral,BULL,
2008-05-02,2094,2084,1,2,1,0.6855735505866101,0.02393098500449777,neutral,BULL,
2008-05-05,2095,2085,1,2,0,0.9967581850401221,0.315763718275895,neutral,BULL,
2008-05-06,2096,2086,1,2,0,0.9831208237385811,0.35297464486438807,neutral,BULL,
2008-05-07,2097,2087,1,2,0,0.9186965623135919,0.350916658817405,neutral,BULL,
2008-05-08,2098,2088,1,1,0,0.9948128254709983,0.3508790702095595,neutral,BULL,
2008-05-09,2099,2089,1,2,0,0.9720693915518984,0.3318153909472496,neutral,BULL,
2008-05-12,2100,2090,1,1,0,0.9982992447117612,0.3277229500490496,neutral,BULL,
2008-05-13,2101,2091,1,2,0,0.9986993630256761,0.3771966674942744,neutral,BULL,
2008-05-14,2102,2092,1,1,0,0.9750595612613523,0.3184600374435984,neutral,BULL,
2008-05-15,2103,2093,2,1,0,0.3284308703012466,0.31520426271702695,neutral,BULL,
2008-05-16,2104,2094,1,2,0,0.922511658933019,0.38790944220274587,neutral,BULL,
2008-05-19,2105,2095,1,2,0,0.9902780737828495,0.31754745470008255,neutral,BULL,
2008-05-20,2106,2096,1,2,1,0.2548321125702012,0.6470292291843645,neutral,BULL,
2008-05-21,2107,2097,2,2,1,0.47469026822567373,0.5713035575559126,bear,BEAR,
2008-05-22,2108,2098,1,1,0,0.8924954507541586,0.367324199989026,neutral,BEAR,
2008-05-23,2109,2099,1,1,0,0.93031778610979,0.3190841356595882,neutral,BEAR,
2008-05-27,2110,2100,2,2,0,0.08918184549741523,0.5209750640421497,neutral,BEAR,
2008-05-28,2111,2101,2,2,1,0.18737649491618077,0.33775594479353793,neutral,BEAR,
2008-05-29,2112,2102,1,2,0,0.9244268398243912,0.19067555325523994,neutral,BEAR,
2008-05-30,2113,2103,1,2,0,0.1348148719810319,0.32554325100739917,neutral,BEAR,
2008-06-02,2114,2104,2,1,0,0.5138076697529608,0.31581566840281095,neutral,BEAR,
2008-06-03,2115,2105,1,2,0,0.41479564984163725,0.3935459700158554,neutral,BEAR,
2008-06-04,2116,2106,2,1,0,0.8963949859795715,0.3614503845501762,neutral,BEAR,
2008-06-05,2117,2107,0,1,0,0.9217828226082592,0.48586951220556135,neutral,BEAR,
2008-06-06,2118,2108,2,1,0,0.4133145127945549,0.318412212027046,neutral,BEAR,
2008-06-09,2119,2109,2,1,0,0.9880207692289645,0.07268559393154343,neutral,BEAR,
2008-06-10,2120,2110,2,2,0,0.9033386982097262,0.312596986335392,neutral,BEAR,
2008-06-11,2121,2111,1,2,0,0.5878635715896754,0.3518713894553224,neutral,BEAR,
2008-06-12,2122,2112,2,2,0,0.999759701474936,0.4774996283395154,neutral,BEAR,
2008-06-13,2123,2113,1,1,0,0.999811543587155,0.202938854364767,neutral,BEAR,
2008-06-16,2124,2114,2,2,0,0.9739769276141726,0.3826474894245414,neutral,BEAR,
2008-06-17,2125,2115,1,1,2,0.8815640827781664,0.19355847666541867,neutral,BEAR,
2008-06-18,2126,2116,2,2,0,0.8131934753886294,0.22958124623716353,neutral,BEAR,
2008-06-19,2127,2117,1,1,0,0.8385506835394915,0.3198199827456755,neutral,BEAR,
2008-06-20,2128,2118,2,2,1,2.4479144842764458e-05,0.19367032146310928,neutral,BEAR,
2008-06-23,2129,2119,2,1,0,0.9085826151310353,0.2887326300927515,neutral,BEAR,
2008-06-24,2130,2120,0,0,2,0.48684641483530905,0.32425417307544396,neutral,BEAR,
2008-06-25,2131,2121,1,2,0,0.17816521378308378,0.32929659625870217,neutral,BEAR,
2008-06-26,2132,2122,2,2,0,0.20489540753398933,0.3162479586921885,neutral,BEAR,
2008-06-27,2133,2123,2,2,0,1.0,0.8250904198013111,bear,BEAR,
2008-06-30,2134,2124,2,1,0,0.9999997305944182,0.2204865863292053,neutral,BEAR,
2008-07-01,2135,2125,2,0,1,1.0,0.1985909246512933,neutral,BEAR,
2008-07-02,2136,2126,2,2,1,0.9999999999984963,0.1998363516332489,neutral,BEAR,
2008-07-03,2137,2127,2,2,0,0.999999999930449,0.5760386139200555,bear,BEAR,
2008-07-07,2138,2128,2,2,0,0.9990080620258194,0.19393445760193279,neutral,BEAR,
2008-07-08,2139,2129,2,2,0,0.9999649135349226,0.34229623915317164,neutral,BEAR,
2008-07-09,2140,2130,2,2,1,0.9913392295594967,0.5658611110071949,bear,BEAR,
2008-07-10,2141,2131,2,2,0,0.959538625831386,0.5962804740558217,bear,BEAR,
2008-07-11,2142,2132,0,2,1,0.9622862511974891,0.3205983209811813,neutral,BEAR,
2008-07-14,2143,2133,1,2,0,0.8997025375980573,0.4062360868563572,neutral,BEAR,
2008-07-15,2144,2134,0,0,2,0.48432674599057185,0.39516998161505323,neutral,BEAR,
2008-07-16,2145,2135,1,1,0,0.9876480798770807,0.43798421267810544,neutral,BEAR,
2008-07-17,2146,2136,1,1,2,0.4859058056890181,0.7612307367203804,bear,BEAR,
2008-07-18,2147,2137,1,1,0,0.5184141022932393,0.3005748489283932,neutral,BEAR,
2008-07-21,2148,2138,1,1,0,0.4061620591782897,0.22639230298728216,neutral,BEAR,
2008-07-22,2149,2139,0,1,2,0.4245880702622324,0.3155340816272707,neutral,BEAR,
2008-07-23,2150,2140,2,1,0,0.3553079920575131,0.36556508382940406,neutral,BEAR,
2008-07-24,2151,2141,0,2,1,0.12357922223889418,0.3221210743050242,neutral,BEAR,
2008-07-25,2152,2142,1,1,2,0.9999604664739763,0.6968702980057299,bear,BEAR,
2008-07-28,2153,2143,1,1,0,0.8615489224879394,0.19278810028817395,neutral,BEAR,
2008-07-29,2154,2144,2,2,1,0.7625319387490863,0.4518806424498203,neutral,BEAR,
2008-07-30,2155,2145,1,1,2,0.01142025824538788,0.6740681551112155,neutral,BEAR,
2008-07-31,2156,2146,0,1,2,0.9638429304696857,0.3778671514977883,neutral,BEAR,
2008-08-01,2157,2147,2,1,0,0.9743916476170998,0.4162304950705014,neutral,BEAR,
2008-08-04,2158,2148,1,2,0,0.9747801330383716,0.3548637629029496,neutral,BEAR,
2008-08-05,2159,2149,1,2,0,0.9496327986882054,0.3868116024134448,neutral,BEAR,
2008-08-06,2160,2150,0,2,1,0.8750837651484121,0.20236835224877509,neutral,BEAR,
2008-08-07,2161,2151,0,1,2,0.7495840528863484,0.30965786911413734,neutral,BEAR,
2008-08-08,2162,2152,0,1,2,0.7935166864070259,0.4130672542679617,neutral,BEAR,
2008-08-11,2163,2153,0,2,1,0.5548134256344923,0.380452021896291,neutral,BEAR,
2008-08-12,2164,2154,2,1,0,0.7189132624462712,0.36954556804986155,neutral,BEAR,
2008-08-13,2165,2155,1,2,0,0.7413543219676193,0.40307816711761046,neutral,BEAR,
2008-08-14,2166,2156,0,1,2,0.7510533863879635,0.35710687253021006,neutral,BEAR,
2008-08-15,2167,2157,0,2,1,0.7451789109611192,0.3350212246824447,neutral,BEAR,
2008-08-18,2168,2158,0,1,2,0.8673366292865453,0.3124830538590021,neutral,BEAR,
2008-08-19,2169,2159,2,1,0,0.27980209483501634,0.4159264266702197,neutral,BEAR,
2008-08-20,2170,2160,0,2,1,0.7687181085131523,0.40729850368437664,neutral,BEAR,
2008-08-21,2171,2161,2,1,0,0.9515071890324706,0.31079820972371586,neutral,BEAR,
2008-08-22,2172,2162,0,2,1,0.6757745037169581,0.30355595876810665,neutral,BEAR,
2008-08-25,2173,2163,2,1,0,0.8364988484254803,0.40454508751119855,neutral,BEAR,
2008-08-26,2174,2164,2,1,0,0.5422055929821671,0.34389500124848943,neutral,BEAR,
2008-08-27,2175,2165,0,1,2,0.563661598542812,0.3043575871605552,neutral,BEAR,
2008-08-28,2176,2166,2,1,0,0.5699639537732772,0.36111836335228736,neutral,BEAR,
2008-08-29,2177,2167,0,2,1,0.849283463546831,0.39014140905542727,neutral,BEAR,
2008-09-02,2178,2168,0,1,2,0.39748752419903893,0.40577623874700447,neutral,BEAR,
2008-09-03,2179,2169,2,1,0,0.40185755851957294,0.3591275240678546,neutral,BEAR,
2008-09-04,2180,2170,2,1,2,0.7723912150991118,0.4931814822060386,neutral,BEAR,
2008-09-05,2181,2171,1,2,0,0.8123398979629908,0.1381466690405779,neutral,BEAR,
2008-09-08,2182,2172,0,1,2,0.25961093970464355,0.3039859584598801,neutral,BEAR,
2008-09-09,2183,2173,2,1,0,0.4791347420303339,0.3438236186552091,neutral,BEAR,
2008-09-10,2184,2174,1,0,2,0.9990653562122667,0.6639043121997708,bull,BULL,
2008-09-11,2185,2175,1,1,0,0.9941368248812755,0.2013568257567083,neutral,BULL,
2008-09-12,2186,2176,1,1,0,0.9867225640016091,0.4366205226647699,neutral,BULL,
2008-09-15,2187,2177,1,1,2,0.6963791898087752,0.20588600009016897,neutral,BULL,
2008-09-16,2188,2178,2,2,0,0.9992633333081777,0.9962805752511943,bear,BEAR,
2008-09-17,2189,2179,2,2,1,0.9713229929367326,0.5161317365148281,bear,BEAR,
2008-09-18,2190,2180,1,1,2,0.9999862134013232,0.9920772226275856,bear,BEAR,
2008-09-19,2191,2181,1,1,2,0.9999977916427848,0.8602145499087436,bear,BEAR,
2008-09-22,2192,2182,2,2,1,0.9999973333688477,0.9244931915869528,bear,BEAR,
2008-09-23,2193,2183,2,1,0,1.0,0.698397562247428,bull,BULL,
2008-09-24,2194,2184,1,1,2,0.9999999867287569,0.7027699222095094,bear,BEAR,
2008-09-25,2195,2185,2,2,0,0.9999924183064137,0.1939267635993555,neutral,BEAR,
2008-09-26,2196,2186,2,2,1,0.9994779608446753,0.46390963805119245,neutral,BEAR,
2008-09-29,2197,2187,2,2,1,0.7894742172326746,0.1895064962962003,neutral,BEAR,
2008-09-30,2198,2188,1,1,0,0.9999999597166477,0.9999998441858126,bear,BEAR,
2008-10-01,2199,2189,1,1,0,0.9999999714710441,0.9844390903099843,bear,BEAR,
2008-10-02,2200,2190,2,2,0,0.9999999850086844,0.18591701460476953,neutral,BEAR,
2008-10-03,2201,2191,2,2,1,0.9999999999989744,0.9554318828852857,bear,BEAR,
2008-10-06,2202,2192,1,1,0,1.0,0.444348797919145,neutral,BEAR,
2008-10-07,2203,2193,1,1,2,1.0,0.9983987326110096,bear,BEAR,
2008-10-08,2204,2194,0,0,2,1.0,0.9931123503572784,bear,BEAR,
2008-10-09,2205,2195,1,1,0,1.0,0.8160697002597552,bear,BEAR,
2008-10-10,2206,2196,2,2,1,0.9999999999999991,0.9999987992519952,bear,BEAR,
2008-10-13,2207,2197,1,2,0,1.0,0.5914680976410627,bull,BULL,
2008-10-14,2208,2198,2,1,0,1.0,1.0,bull,BULL,
2008-10-15,2209,2199,1,1,0,1.0,0.3694599851438586,neutral,BULL,
2008-10-16,2210,2200,1,1,2,1.0,0.9999999346758834,bear,BEAR,
2008-10-17,2211,2201,1,1,0,0.9999999999999961,0.9340708313564431,bear,BEAR,
2008-10-20,2212,2202,0,0,2,0.9999999999999998,0.6423357856742503,bear,BEAR,
2008-10-21,2213,2203,1,1,0,0.9999885377629556,0.9983569039000473,bear,BEAR,
2008-10-22,2214,2204,1,1,0,0.9999204617518598,0.7360576013757844,bear,BEAR,
2008-10-23,2215,2205,1,1,0,0.9999572730151804,0.9926742718657917,bear,BEAR,
2008-10-24,2216,2206,1,1,0,0.999928753764946,0.25568239554867295,neutral,BEAR,
2008-10-27,2217,2207,1,1,0,0.9999856425947393,0.985620767357298,bear,BEAR,
2008-10-28,2218,2208,1,1,0,0.9999982362070269,0.8545034127937317,bear,BEAR,
2008-10-29,2219,2209,2,0,1,0.9980378679810354,0.9999999999999937,bull,BULL,
2008-10-30,2220,2210,2,2,0,0.999689420248067,0.19495790039263036,neutral,BULL,
2008-10-31,2221,2211,2,2,0,0.9998985213292095,0.8344058986606296,bear,BEAR,
2008-11-03,2222,2212,2,2,0,0.9999757153911171,0.159623861121301,neutral,BEAR,
2008-11-04,2223,2213,1,1,2,0.9999004232045924,0.14658767952094084,neutral,BEAR,
2008-11-05,2224,2214,2,1,0,0.999998190991809,0.8228355643460632,bull,BULL,
2008-11-06,2225,2215,1,1,0,0.9999984694162671,0.9401097640670814,bear,BEAR,
2008-11-07,2226,2216,2,2,0,0.9999986952557655,0.994871661295851,bear,BEAR,
2008-11-10,2227,2217,2,1,0,0.999999999999974,0.8717036099947731,bull,BULL,
2008-11-11,2228,2218,1,1,0,0.662802215474754,0.3031530637413801,neutral,BULL,
2008-11-12,2229,2219,2,2,0,0.9431857725235937,0.7681957698937634,bear,BEAR,
2008-11-13,2230,2220,1,1,0,0.9997932359549934,0.9582518655236303,bear,BEAR,
2008-11-14,2231,2221,1,1,2,0.999782510939596,0.9992794982549605,bear,BEAR,
2008-11-17,2232,2222,1,1,0,0.9999721088798776,0.985554645451338,bear,BEAR,
2008-11-18,2233,2223,2,2,0,0.999990795716604,0.30544909451130675,neutral,BEAR,
2008-11-19,2234,2224,1,1,0,0.9922564891203777,0.4353959793788237,neutral,BEAR,
2008-11-20,2235,2225,2,2,1,0.9925097551410865,0.9997962655046561,bear,BEAR,
2008-11-21,2236,2226,2,2,1,0.9999999712131865,0.9999596536984205,bear,BEAR,
2008-11-24,2237,2227,1,1,0,0.9999999007139291,0.9946001141205857,bear,BEAR,
2008-11-25,2238,2228,0,0,1,0.9999884977883591,0.999910385925413,bear,BEAR,
2008-11-26,2239,2229,2,2,0,0.9999020841128234,0.1690711773019314,neutral,BEAR,
2008-11-28,2240,2230,1,1,0,0.9999782247696293,0.9056217955392614,bear,BEAR,
2008-12-01,2241,2231,1,1,2,0.9999367217281337,0.25941839816408185,neutral,BEAR,
2008-12-02,2242,2232,1,1,0,0.9999345097958569,0.9999996676420582,bear,BEAR,
2008-12-03,2243,2233,2,2,1,0.9999319285269368,0.9050658744122333,bear,BEAR,
2008-12-04,2244,2234,1,1,2,0.9999399859876987,0.582196138709201,bear,BEAR,
2008-12-05,2245,2235,2,2,0,0.999896647818203,0.5594300874210896,bear,BEAR,
2008-12-08,2246,2236,2,1,0,0.9414003286496716,0.8179310605696664,bull,BULL,
2008-12-09,2247,2237,2,2,1,0.5466516215509496,0.8476852795323798,bear,BEAR,
2008-12-10,2248,2238,1,1,0,0.5900735684148666,0.3709429347746894,neutral,BEAR,
2008-12-11,2249,2239,1,1,2,0.6643812736383655,0.16235590477450615,neutral,BEAR,
2008-12-12,2250,2240,1,1,0,0.6313888528462034,0.584172551473801,bear,BEAR,
2008-12-15,2251,2241,2,0,1,0.7180234127583532,0.2565433217264884,neutral,BEAR,
2008-12-16,2252,2242,0,2,1,0.9999999292144951,0.4574137805074947,neutral,BEAR,
2008-12-17,2253,2243,2,1,0,0.9999822124375194,0.02539781229425549,neutral,BEAR,
2008-12-18,2254,2244,0,2,1,0.9998475881877857,0.39972373517352056,neutral,BEAR,
2008-12-19,2255,2245,0,2,1,0.5479469480011518,0.4703755164062556,neutral,BEAR,
2008-12-22,2256,2246,2,1,0,0.4798760518581398,0.4386203685697884,neutral,BEAR,
2008-12-23,2257,2247,2,2,0,1.0,0.244544215735329,neutral,BEAR,
2008-12-24,2258,2248,1,2,0,0.9997637986312446,0.32873848380235604,neutral,BEAR,
2008-12-26,2259,2249,0,1,2,0.9992450292980504,0.3238585704053568,neutral,BEAR,
2008-12-29,2260,2250,0,1,2,0.9981022118753916,0.32423246842662923,neutral,BEAR,
2008-12-30,2261,2251,0,1,2,0.996681050834603,0.3169818626610438,neutral,BEAR,
2008-12-31,2262,2252,1,2,0,0.996081933448555,0.4134064430205588,neutral,BEAR,
2009-01-02,2263,2253,1,1,0,1.0,0.45277308842105735,neutral,BEAR,
2009-01-05,2264,2254,1,2,0,0.9624707386619945,0.2699814609834268,neutral,BEAR,
2009-01-06,2265,2255,1,2,0,0.561714026417052,0.30454564578985965,neutral,BEAR,
2009-01-07,2266,2256,0,2,1,0.14717028849312985,0.3396034911463077,neutral,BEAR,
2009-01-08,2267,2257,2,2,0,0.9660334268240981,0.8750807956670951,bear,BEAR,
2009-01-09,2268,2258,1,0,2,0.6785081132436964,0.3140891753763333,neutral,BEAR,
2009-01-12,2269,2259,1,2,0,0.9267604454267185,0.4531684974767767,neutral,BEAR,
2009-01-13,2270,2260,0,1,2,0.9061033839480823,0.40939052480699223,neutral,BEAR,
2009-01-14,2271,2261,2,1,0,0.9262215075539072,0.3020587793493791,neutral,BEAR,
2009-01-15,2272,2262,1,2,0,0.21401662194953439,0.2431352655422123,neutral,BEAR,
2009-01-16,2273,2263,2,2,0,0.97000611311633,0.13227346995069592,neutral,BEAR,
2009-01-20,2274,2264,1,1,0,0.9657429844485239,0.17490326188770666,neutral,BEAR,
2009-01-21,2275,2265,2,2,0,0.9999999792021854,0.9993857669226437,bear,BEAR,
2009-01-22,2276,2266,1,1,2,0.939920752937451,0.9480646931288159,bear,BEAR,
2009-01-23,2277,2267,1,1,0,0.8561700749223665,0.3442158309773433,neutral,BEAR,
2009-01-26,2278,2268,2,1,0,0.7704159064774401,0.30980227543951144,neutral,BEAR,
2009-01-27,2279,2269,0,2,1,0.999985177612497,0.34126454266699197,neutral,BEAR,
2009-01-28,2280,2270,0,2,1,1.0,0.3895798811851414,neutral,BEAR,
2009-01-29,2281,2271,0,1,2,1.0,0.19401535864831282,neutral,BEAR,
2009-01-30,2282,2272,0,1,2,1.0,0.21830184253108562,neutral,BEAR,
2009-02-02,2283,2273,1,2,0,0.8126951525681234,0.701621989605947,bull,BULL,
2009-02-03,2284,2274,2,1,0,1.0,0.31047088622938285,neutral,BULL,
2009-02-04,2285,2275,1,2,0,0.46168648991610817,0.44981300270475627,neutral,BULL,
2009-02-05,2286,2276,2,1,0,0.4873061765876685,0.32669968151156675,neutral,BULL,
2009-02-06,2287,2277,2,1,0,0.40131062608751567,0.46035461070508615,neutral,BULL,
2009-02-09,2288,2278,0,2,1,0.9629778280412815,0.31303961495702765,neutral,BULL,
2009-02-10,2289,2279,1,2,0,1.0,0.2983880816780981,neutral,BULL,
2009-02-11,2290,2280,1,2,0,0.9999999965525036,0.03799175963886576,neutral,BULL,
2009-02-12,2291,2281,0,2,1,0.9526426345942148,0.3223137966101196,neutral,BULL,
2009-02-13,2292,2282,0,2,1,0.9615931693458715,0.2973159734825326,neutral,BULL,
2009-02-17,2293,2283,1,2,0,0.9712089729986741,0.4142502264100088,neutral,BULL,
2009-02-18,2294,2284,0,2,1,0.9722634700805416,0.06298409708570112,neutral,BULL,
2009-02-19,2295,2285,2,1,0,0.4992666090801218,0.3048285375855816,neutral,BULL,
2009-02-20,2296,2286,0,2,1,0.12317833620119781,0.41152811281400514,neutral,BULL,
2009-02-23,2297,2287,2,2,0,0.97932228018926,0.21600009240141907,neutral,BULL,
2009-02-24,2298,2288,2,2,0,0.9960955041919489,0.8441090223643293,bear,BEAR,
2009-02-25,2299,2289,1,1,0,0.9063558707959919,0.8749016632709904,bear,BEAR,
2009-02-26,2300,2290,1,1,0,0.8725046117840835,0.1904726147685489,neutral,BEAR,
2009-02-27,2301,2291,2,2,0,0.7096389438659246,0.3680134340691636,neutral,BEAR,
2009-03-02,2302,2292,1,1,0,0.3044246502078333,0.5298817007532377,bear,BEAR,
2009-03-03,2303,2293,1,2,0,1.0,0.9986136028836411,bull,BULL,
2009-03-04,2304,2294,1,1,0,0.8868568650885369,0.1876768040821865,neutral,BULL,
2009-03-05,2305,2295,1,2,0,1.0,0.9160339993328418,bull,BULL,
2009-03-06,2306,2296,2,2,1,0.9371503659123399,0.9197074269744951,bear,BEAR,
2009-03-09,2307,2297,1,1,2,0.9463965443625408,0.13601238572188593,neutral,BEAR,
2009-03-10,2308,2298,2,2,0,0.9821461072862647,0.27049402854599386,neutral,BEAR,
2009-03-11,2309,2299,1,1,2,0.8334649558428752,0.9979052180387346,bear,BEAR,
2009-03-12,2310,2300,0,1,2,0.8144940651229459,0.32799350009956557,neutral,BEAR,
2009-03-13,2311,2301,0,2,1,0.8403349970099097,0.10330043031864938,neutral,BEAR,
2009-03-16,2312,2302,2,1,0,0.4048297062093801,0.3505043571469809,neutral,BEAR,
2009-03-17,2313,2303,2,1,0,0.15477580154023796,0.3075844947634739,neutral,BEAR,
2009-03-18,2314,2304,2,2,0,0.9837515815077699,0.7332172351222239,bear,BEAR,
2009-03-19,2315,2305,2,2,0,0.9995760211776777,0.5308984872705089,bear,BEAR,
2009-03-20,2316,2306,1,1,0,0.9991367743639968,0.27319372861108243,neutral,BEAR,
2009-03-23,2317,2307,2,2,1,0.9874869866605381,0.6781297964153596,bear,BEAR,
2009-03-24,2318,2308,2,2,0,0.9959838907831803,0.9999999257406675,bear,BEAR,
2009-03-25,2319,2309,2,2,0,0.7389382953312192,0.4610636839933517,neutral,BEAR,
2009-03-26,2320,2310,1,1,0,0.49583348256605037,0.22462524198322917,neutral,BEAR,
2009-03-27,2321,2311,1,2,0,0.578646720718902,0.4640770567902646,neutral,BEAR,
2009-03-30,2322,2312,1,2,0,0.8101495484086251,0.48132560259001744,neutral,BEAR,
2009-03-31,2323,2313,0,2,1,0.9996038231928536,0.18642753057066733,neutral,BEAR,
2009-04-01,2324,2314,1,2,0,0.9999999949814941,0.3706532727912343,neutral,BEAR,
2009-04-02,2325,2315,2,1,0,0.9999999364972457,0.47148282893870763,neutral,BEAR,
2009-04-03,2326,2316,0,1,2,0.9980205766641699,0.30121426922689687,neutral,BEAR,
2009-04-06,2327,2317,0,1,2,1.0,0.38024357401851844,neutral,BEAR,
2009-04-07,2328,2318,0,1,2,1.0,0.3615876773881224,neutral,BEAR,
2009-04-08,2329,2319,2,1,0,1.0,0.42472148334988996,neutral,BEAR,
2009-04-09,2330,2320,0,2,1,1.0,0.39550685248364315,neutral,BEAR,
2009-04-13,2331,2321,0,2,1,0.9837831783151971,0.1009480473310215,neutral,BEAR,
2009-04-14,2332,2322,1,2,0,0.7959459744378464,0.2951780688641353,neutral,BEAR,
2009-04-15,2333,2323,1,2,0,0.9987721851340832,0.4806171722092399,neutral,BEAR,
2009-04-16,2334,2324,0,2,1,0.9999010997573775,0.3936126110481015,neutral,BEAR,
2009-04-17,2335,2325,2,1,0,0.8279121593820257,0.45492407116004707,neutral,BEAR,
2009-04-20,2336,2326,2,1,0,1.0,0.3290339440695619,neutral,BEAR,
2009-04-21,2337,2327,0,1,2,1.0,0.08921961837921144,neutral,BEAR,
2009-04-22,2338,2328,2,1,0,1.0,0.4761135202210769,neutral,BEAR,
2009-04-23,2339,2329,2,1,0,0.41125741519792786,0.33836640633439014,neutral,BEAR,
2009-04-24,2340,2330,2,1,0,0.08810959253505941,0.3803535165452791,neutral,BEAR,
2009-04-27,2341,2331,1,2,1,0.9381534061758177,0.21985024314195165,neutral,BEAR,
2009-04-28,2342,2332,1,2,1,0.9378646213754139,0.400966942018768,neutral,BEAR,
2009-04-29,2343,2333,2,1,2,0.9735839904302825,0.5400496669206245,bull,BULL,
2009-04-30,2344,2334,0,1,0,0.8622924769137358,0.04200797870430505,neutral,BULL,
2009-05-01,2345,2335,0,2,0,0.7291814874081995,0.5685535896558535,bull,BULL,
2009-05-04,2346,2336,1,2,1,0.5228145006623428,0.5322594363573617,bull,BULL,
2009-05-05,2347,2337,0,2,1,1.0,0.15117040984640004,neutral,BULL,
2009-05-06,2348,2338,0,1,2,0.9893276555601459,0.31103735134080274,neutral,BULL,
2009-05-07,2349,2339,1,1,0,1.0,0.5593251292783108,bear,BEAR,
2009-05-08,2350,2340,2,1,0,0.8358209886755964,0.4466952664285387,neutral,BEAR,
2009-05-11,2351,2341,2,1,0,0.474880063246342,0.43681113802550714,neutral,BEAR,
2009-05-12,2352,2342,0,2,1,0.7694703431856603,0.47281028703585126,neutral,BEAR,
2009-05-13,2353,2343,1,2,0,0.999922608995583,0.30880555864904535,neutral,BEAR,
2009-05-14,2354,2344,1,2,0,1.0,0.39095685219877646,neutral,BEAR,
2009-05-15,2355,2345,1,2,0,0.7590454898081811,0.3522587240674543,neutral,BEAR,
2009-05-18,2356,2346,0,1,2,0.40523168870481413,0.370665289947883,neutral,BEAR,
2009-05-19,2357,2347,1,2,0,0.4314592687779813,0.3343755495352631,neutral,BEAR,
2009-05-20,2358,2348,2,1,0,0.4471873538819261,0.2978661546385891,neutral,BEAR,
2009-05-21,2359,2349,1,2,0,0.27460804120042764,0.34890486069861903,neutral,BEAR,
2009-05-22,2360,2350,2,1,0,0.39058003431012533,0.45841176659186855,neutral,BEAR,
2009-05-26,2361,2351,0,1,0,0.9639005631170188,0.5590190693695621,bull,BULL,
2009-05-27,2362,2352,0,2,0,0.9618739996052801,0.007921990253842536,neutral,BULL,
2009-05-28,2363,2353,1,2,0,0.35515629853318315,0.4052249364610947,neutral,BULL,
2009-05-29,2364,2354,0,2,0,0.9971236580671551,0.267105043891768,neutral,BULL,
2009-06-01,2365,2355,1,2,1,0.8648890366641874,0.12751546999481286,neutral,BULL,
2009-06-02,2366,2356,0,1,2,1.0,0.4258325014195451,neutral,BULL,
2009-06-03,2367,2357,2,1,0,0.9955553494852514,0.2946788859017851,neutral,BULL,
2009-06-04,2368,2358,0,2,1,0.9677576241186112,0.43423789360985354,neutral,BULL,
2009-06-05,2369,2359,1,2,0,0.8803314287583122,0.3644952917509091,neutral,BULL,
2009-06-08,2370,2360,2,1,0,0.958637316338925,0.2955776411407675,neutral,BULL,
2009-06-09,2371,2361,1,2,0,1.0,0.3204492867727887,neutral,BULL,
2009-06-10,2372,2362,2,1,0,1.0,0.3119708426686665,neutral,BULL,
2009-06-11,2373,2363,1,2,0,0.17815426797435535,0.30760513466362577,neutral,BULL,
2009-06-12,2374,2364,0,1,0,1.0,0.5435304635233057,bull,BULL,
2009-06-15,2375,2365,0,2,0,1.0,0.5616983255805049,bull,BULL,
2009-06-16,2376,2366,0,2,0,1.0,0.03735552267493801,neutral,BULL,
2009-06-17,2377,2367,0,1,0,0.9876713938854447,0.2582850501452764,neutral,BULL,
2009-06-18,2378,2368,1,2,1,0.7386477621171851,0.5606649183230356,bull,BULL,
2009-06-19,2379,2369,0,2,0,0.633843889992468,0.49438009521211895,neutral,BULL,
2009-06-22,2380,2370,0,1,0,0.5643391490073675,0.5537414364331231,bull,BULL,
2009-06-23,2381,2371,1,2,0,0.6520334619387061,0.156963666257624,neutral,BULL,
2009-06-24,2382,2372,2,1,0,0.9985664690370913,0.29502243614429485,neutral,BULL,
2009-06-25,2383,2373,1,2,0,0.9995222271738331,0.3525490539761599,neutral,BULL,
2009-06-26,2384,2374,2,1,0,1.0,0.46330289597996394,neutral,BULL,
2009-06-29,2385,2375,2,1,2,0.4740328332758929,0.430499941777766,neutral,BULL,
2009-06-30,2386,2376,1,2,1,0.8611689054447945,0.43822883291473436,neutral,BULL,
2009-07-01,2387,2377,1,1,2,0.4921341009491782,0.46801124399846655,neutral,BULL,
2009-07-02,2388,2378,0,2,0,0.7907642225232933,0.5492977629309567,bull,BULL,
2009-07-06,2389,2379,0,1,0,0.7079862136345492,0.010913435089215778,neutral,BULL,
2009-07-07,2390,2380,1,2,1,0.6690536722639883,0.5647292628106222,bull,BULL,
2009-07-08,2391,2381,0,2,1,0.8409091826574341,0.46778591471044717,neutral,BULL,
2009-07-09,2392,2382,2,1,0,1.0,0.29704016463637406,neutral,BULL,
2009-07-10,2393,2383,0,2,1,0.9999999118329517,0.29524817889400157,neutral,BULL,
2009-07-13,2394,2384,1,2,0,0.999932712348982,0.3053836430456285,neutral,BULL,
2009-07-14,2395,2385,1,2,0,1.0,0.41985290852234364,neutral,BULL,
2009-07-15,2396,2386,1,2,0,0.9858952474658648,0.31850135486249154,neutral,BULL,
2009-07-16,2397,2387,0,2,1,1.0,0.31667288436306434,neutral,BULL,
2009-07-17,2398,2388,2,1,0,0.9997960140421979,0.3009245673162776,neutral,BULL,
2009-07-20,2399,2389,2,1,0,0.8036966958886537,0.39240233228556953,neutral,BULL,
2009-07-21,2400,2390,1,2,0,0.27442702941953806,0.38665238814781305,neutral,BULL,
2009-07-22,2401,2391,1,2,0,0.1470024246216128,0.30904282037567293,neutral,BULL,
2009-07-23,2402,2392,2,1,0,0.18907371788950303,0.2959687468399791,neutral,BULL,
2009-07-24,2403,2393,2,1,0,0.16848597018052033,0.4630911630527556,neutral,BULL,
2009-07-27,2404,2394,0,2,1,0.5709760228539719,0.29544611922585023,neutral,BULL,
2009-07-28,2405,2395,1,2,0,0.7941426995712885,0.3111277395529671,neutral,BULL,
2009-07-29,2406,2396,0,2,1,0.9998049660682806,0.3238252910327543,neutral,BULL,
2009-07-30,2407,2397,0,2,1,1.0,0.2981922501681214,neutral,BULL,
2009-07-31,2408,2398,2,1,0,0.9134737045201929,0.3601975469972766,neutral,BULL,
2009-08-03,2409,2399,2,1,0,0.35935106111786985,0.29499674419737854,neutral,BULL,
2009-08-04,2410,2400,2,1,0,0.5372261648888988,0.47745849241703164,neutral,BULL,
2009-08-05,2411,2401,2,1,0,0.5572488191501005,0.2971147209259896,neutral,BULL,
2009-08-06,2412,2402,0,1,0,0.8833569568790033,0.5436569174107879,bull,BULL,
2009-08-07,2413,2403,0,1,0,0.9265158629068342,0.504880647398016,bull,BULL,
2009-08-10,2414,2404,0,2,0,0.8386032023566619,0.2943555983999466,neutral,BULL,
2009-08-11,2415,2405,0,1,0,0.8022361080369705,0.5543607221332507,bull,BULL,
2009-08-12,2416,2406,0,1,0,0.9602285788958638,0.29653261179786816,neutral,BULL,
2009-08-13,2417,2407,2,1,2,1.0,0.3942873372221777,neutral,BULL,
2009-08-14,2418,2408,0,1,0,1.0,0.48802370209211504,neutral,BULL,
2009-08-17,2419,2409,0,1,0,1.0,0.44872327296183817,neutral,BULL,
2009-08-18,2420,2410,0,2,0,1.0,0.01702626180968961,neutral,BULL,
2009-08-19,2421,2411,0,2,0,0.9955296012613448,0.4712117849092444,neutral,BULL,
2009-08-20,2422,2412,0,2,0,0.9955002376168982,0.45946635770086086,neutral,BULL,
2009-08-21,2423,2413,2,1,2,0.9912411884042247,0.4126211980025223,neutral,BULL,
2009-08-24,2424,2414,2,1,2,0.748351465186555,0.08158214872788223,neutral,BULL,
2009-08-25,2425,2415,0,2,0,0.29150167893639517,0.565827664161657,neutral,BULL,
2009-08-26,2426,2416,1,2,1,0.011939954058064913,0.5656848272243572,neutral,BULL,
2009-08-27,2427,2417,2,1,0,1.0,0.2971702985480163,neutral,BULL,
2009-08-28,2428,2418,2,1,0,0.9999999972695978,0.2980079474178325,neutral,BULL,
2009-08-31,2429,2419,1,2,0,0.9999391612848209,0.29792562194278926,neutral,BULL,
2009-09-01,2430,2420,1,2,0,0.8388988314142305,0.37776699671224634,neutral,BULL,
2009-09-02,2431,2421,2,1,0,0.3104071159840753,0.4337528279298022,neutral,BULL,
2009-09-03,2432,2422,2,1,0,0.3802157221457464,0.31649107127789927,neutral,BULL,
2009-09-04,2433,2423,1,2,0,0.4425120706520904,0.35112678984915924,neutral,BULL,
2009-09-08,2434,2424,2,1,0,0.4100377951671444,0.4507172415134821,neutral,BULL,
2009-09-09,2435,2425,2,1,2,0.6170904534809394,0.4508435862205992,neutral,BULL,
2009-09-10,2436,2426,0,2,0,0.4733208702253447,0.4732836724188255,neutral,BULL,
2009-09-11,2437,2427,2,1,0,1.0,0.382682676545152,neutral,BULL,
2009-09-14,2438,2428,1,2,0,1.0,0.2983896742613849,neutral,BULL,
2009-09-15,2439,2429,0,2,1,0.9998433587840789,0.3142587141883459,neutral,BULL,
2009-09-16,2440,2430,1,2,0,0.9640643271083096,0.30989158940951533,neutral,BULL,
2009-09-17,2441,2431,2,1,0,0.8387405604246306,0.4692485129147213,neutral,BULL,
2009-09-18,2442,2432,1,2,0,0.9878432490448702,0.3024676852794674,neutral,BULL,
2009-09-21,2443,2433,0,2,1,1.0,0.32009074244605185,neutral,BULL,
2009-09-22,2444,2434,1,2,0,0.5660156065533536,0.3080930937566256,neutral,BULL,
2009-09-23,2445,2435,1,2,0,0.14201310772681341,0.3222095065392963,neutral,BULL,
2009-09-24,2446,2436,0,1,0,1.0,0.4417057794532125,neutral,BULL,
2009-09-25,2447,2437,2,1,2,1.0,0.34790742445451384,neutral,BULL,
2009-09-28,2448,2438,0,1,0,0.9992645966984316,0.5119894811424283,bull,BULL,
2009-09-29,2449,2439,2,1,2,1.0,0.12525757434569504,neutral,BULL,
2009-09-30,2450,2440,0,2,0,1.0,0.5403287077873173,bull,BULL,
2009-10-01,2451,2441,2,1,2,1.0,0.5289207255103393,bull,BULL,
2009-10-02,2452,2442,0,2,0,0.9850061982395149,0.13738792616570297,neutral,BULL,
2009-10-05,2453,2443,1,2,1,0.550192595258733,0.3212883024120249,neutral,BULL,
2009-10-06,2454,2444,0,1,0,0.5663732683719824,0.2297643429017437,neutral,BULL,
2009-10-07,2455,2445,0,2,0,0.8459902878063745,0.25416516743488493,neutral,BULL,
2009-10-08,2456,2446,1,2,1,0.8875643525097497,0.557073332733877,bull,BULL,
2009-10-09,2457,2447,0,1,0,0.7179738997836406,0.4793563909593215,neutral,BULL,
2009-10-12,2458,2448,0,1,0,0.42402088454368836,0.5169969400106043,bull,BULL,
2009-10-13,2459,2449,0,1,0,0.028929299783827418,0.542193063256163,neutral,BULL,
2009-10-14,2460,2450,0,2,1,1.0,0.306008774326324,neutral,BULL,
2009-10-15,2461,2451,1,2,0,0.9941311273569468,0.4865168823371164,neutral,BULL,
2009-10-16,2462,2452,2,1,0,0.9460273029088673,0.3082440012140079,neutral,BULL,
2009-10-19,2463,2453,2,1,0,1.0,0.35634013280181986,neutral,BULL,
2009-10-20,2464,2454,1,2,0,0.8475742847681453,0.35375825907540825,neutral,BULL,
2009-10-21,2465,2455,2,1,0,0.4632237797208918,0.33226944866151475,neutral,BULL,
2009-10-22,2466,2456,0,2,0,0.9564786881631804,0.41411493255735227,neutral,BULL,
2009-10-23,2467,2457,2,1,2,1.0,0.40937290843101176,neutral,BULL,
2009-10-26,2468,2458,0,1,0,1.0,0.3368534058623819,neutral,BULL,
2009-10-27,2469,2459,1,2,1,0.9997123281686315,0.35737564618388407,neutral,BULL,
2009-10-28,2470,2460,2,1,2,0.9271270800268276,0.5174870555358333,bull,BULL,
2009-10-29,2471,2461,1,2,0,1.0,0.4548269193425182,neutral,BULL,
2009-10-30,2472,2462,0,1,2,1.0,0.47264456215447614,neutral,BULL,
2009-11-02,2473,2463,1,2,0,0.9957404633960162,0.30700379044197623,neutral,BULL,
2009-11-03,2474,2464,1,2,0,0.9974851957489484,0.3409985757422801,neutral,BULL,
2009-11-04,2475,2465,1,2,0,0.9999917977035059,0.30397138276452834,neutral,BULL,
2009-11-05,2476,2466,1,2,0,1.0,0.3020916489460852,neutral,BULL,
2009-11-06,2477,2467,1,2,0,0.6062250650643839,0.48882218182715936,neutral,BULL,
2009-11-09,2478,2468,0,2,1,0.285908573155766,0.3024956088046265,neutral,BULL,
2009-11-10,2479,2469,1,2,0,1.0,0.4519587907867126,neutral,BULL,
2009-11-11,2480,2470,1,2,0,0.9810661819858941,0.2990048677379385,neutral,BULL,
2009-11-12,2481,2471,1,2,0,0.815878599449444,0.31679436986886506,neutral,BULL,
2009-11-13,2482,2472,0,2,1,0.6819226813091397,0.3901512198722071,neutral,BULL,
2009-11-16,2483,2473,0,2,1,0.9019182530581095,0.32128662495812205,neutral,BULL,
2009-11-17,2484,2474,0,2,1,0.9410749792131562,0.45839681517602393,neutral,BULL,
2009-11-18,2485,2475,2,0,1,0.9987994386072262,0.2996377936498978,neutral,BULL,
2009-11-19,2486,2476,0,1,2,0.9016607240762791,0.3006653214673248,neutral,BULL,
2009-11-20,2487,2477,1,2,0,0.18525592386171963,0.4266373096278022,neutral,BULL,
2009-11-23,2488,2478,0,2,0,1.0,0.5327448585425,bull,BULL,
2009-11-24,2489,2479,1,2,1,0.9967978272168991,0.2977163369489163,neutral,BULL,
2009-11-25,2490,2480,0,1,0,1.0,0.5550082135697557,bull,BULL,
2009-11-27,2491,2481,0,1,0,1.0,0.5464505921902569,bull,BULL,
2009-11-30,2492,2482,0,2,0,1.0,0.1804298053784702,neutral,BULL,
2009-12-01,2493,2483,2,1,2,1.0,0.5474860663563412,bull,BULL,
2009-12-02,2494,2484,0,1,0,1.0,0.3226552483741122,neutral,BULL,
2009-12-03,2495,2485,2,1,2,1.0,0.5589888040063954,bull,BULL,
2009-12-04,2496,2486,2,1,2,1.0,0.44777720505934077,neutral,BULL,
2009-12-07,2497,2487,0,1,0,1.0,0.5191570791007117,bull,BULL,
2009-12-08,2498,2488,0,1,0,1.0,0.5481130346856427,bull,BULL,
2009-12-09,2499,2489,0,2,0,1.0,0.35082130549061913,neutral,BULL,
2009-12-10,2500,2490,0,2,0,1.0,0.5452409687333782,bull,BULL,
2009-12-11,2501,2491,1,2,1,1.0,0.5199036069145734,bull,BULL,
2009-12-14,2502,2492,1,0,1,1.0,0.539954176294075,bull,BULL,
2009-12-15,2503,2493,1,0,1,1.0,0.497016890886397,neutral,BULL,
2009-12-16,2504,2494,0,2,0,1.0,0.5159676182926028,bull,BULL,
2009-12-17,2505,2495,0,1,0,1.0,0.5600890317586851,bull,BULL,
2009-12-18,2506,2496,1,2,1,0.999718343350423,0.2999514414459739,neutral,BULL,
2009-12-21,2507,2497,1,2,1,0.9995434902790572,0.5544395151923277,bull,BULL,
2009-12-22,2508,2498,0,1,0,1.0,0.4059865565008554,neutral,BULL,
2009-12-23,2509,2499,0,1,0,1.0,0.5414396258092361,bull,BULL,
2009-12-24,2510,2500,1,2,1,1.0,0.5597505186685579,bull,BULL,
2009-12-28,2511,2501,1,2,1,1.0,0.5268329195207149,bull,BULL,
2009-12-29,2512,2502,0,2,0,1.0,0.5544222383242868,bull,BULL,
2009-12-30,2513,2503,1,2,1,1.0,0.5570032980320387,bull,BULL,
2009-12-31,2514,2504,1,2,1,1.0,0.5595636729668901,bull,BULL,
2010-01-04,2515,2505,1,2,1,1.0,0.39711260863932285,neutral,BULL,
2010-01-05,2516,2506,0,2,0,1.0,0.15524307631987497,neutral,BULL,
2010-01-06,2517,2507,1,2,1,1.0,0.5548598114364496,bull,BULL,
2010-01-07,2518,2508,2,1,2,1.0,0.5605002453481687,bull,BULL,
2010-01-08,2519,2509,2,1,2,1.0,0.5339787811879905,bull,BULL,
2010-01-11,2520,2510,0,1,0,0.9791567079587801,0.5470329615637791,bull,BULL,
2010-01-12,2521,2511,0,1,0,0.9385704689860086,0.5552863219569059,bull,BULL,
2010-01-13,2522,2512,1,2,1,0.9961403070571689,0.4053659649758582,neutral,BULL,
2010-01-14,2523,2513,1,2,1,0.9935333188332355,0.45774226663014694,neutral,BULL,
2010-01-15,2524,2514,0,1,0,0.9956066308215662,0.5547396210364898,bull,BULL,
2010-01-19,2525,2515,0,1,0,1.0,0.34567311251527244,neutral,BULL,
2010-01-20,2526,2516,0,1,0,1.0,0.3195009046943345,neutral,BULL,
2010-01-21,2527,2517,0,1,0,1.0,0.3789646656547894,neutral,BULL,
2010-01-22,2528,2518,1,2,1,0.9997607005940067,0.10653132864081492,neutral,BULL,
2010-01-25,2529,2519,0,2,1,1.0,0.41591200094683134,neutral,BULL,
2010-01-26,2530,2520,0,2,1,0.9839849204991887,0.32070820080218065,neutral,BULL,
2010-01-27,2531,2521,0,2,1,0.8343008694768714,0.3207346036555061,neutral,BULL,
2010-01-28,2532,2522,1,2,0,0.6934822423448977,0.3174516066777417,neutral,BULL,
2010-01-29,2533,2523,1,2,0,0.5894717381823665,0.4079662699616253,neutral,BULL,
2010-02-01,2534,2524,0,1,2,0.5665978558615752,0.39909224617309347,neutral,BULL,
2010-02-02,2535,2525,1,2,0,0.7712029918195568,0.4737022965946333,neutral,BULL,
2010-02-03,2536,2526,0,1,2,1.0,0.42221206518714893,neutral,BULL,
2010-02-04,2537,2527,2,1,0,0.14686112535055004,0.33854085167273823,neutral,BULL,
2010-02-05,2538,2528,2,1,0,0.2756203745792579,0.2135291284059823,neutral,BULL,
2010-02-08,2539,2529,2,1,0,0.7566214301556398,0.30716771092754114,neutral,BULL,
2010-02-09,2540,2530,2,1,0,0.963059519699911,0.3521586257149387,neutral,BULL,
2010-02-10,2541,2531,2,1,0,0.9561144322506233,0.43157680037971763,neutral,BULL,
2010-02-11,2542,2532,2,1,0,0.7703133784559468,0.30694143770100607,neutral,BULL,
2010-02-12,2543,2533,2,1,0,0.7276189318242162,0.39458762275520315,neutral,BULL,
2010-02-16,2544,2534,2,1,0,0.7134734042263009,0.30329647169254165,neutral,BULL,
2010-02-17,2545,2535,2,1,0,0.8906641692333588,0.47930776278511245,neutral,BULL,
2010-02-18,2546,2536,2,1,0,0.9982761783404464,0.3208882041123643,neutral,BULL,
2010-02-19,2547,2537,2,1,0,1.0,0.328686015558066,neutral,BULL,
2010-02-22,2548,2538,1,2,0,1.0,0.30780883006841947,neutral,BULL,
2010-02-23,2549,2539,0,2,1,0.9999996572829329,0.30199226967036136,neutral,BULL,
2010-02-24,2550,2540,0,2,1,0.9569474696645983,0.4134134441485405,neutral,BULL,
2010-02-25,2551,2541,1,2,0,0.6637912414291183,0.37362737532103263,neutral,BULL,
2010-02-26,2552,2542,2,1,0,0.18497962828302272,0.3127049300610654,neutral,BULL,
2010-03-01,2553,2543,2,1,2,0.9783736496135313,0.5545051830901223,bull,BULL,
2010-03-02,2554,2544,2,1,2,0.99996722568415,0.3861506991684855,neutral,BULL,
2010-03-03,2555,2545,0,2,0,1.0,0.553540882442971,bull,BULL,
2010-03-04,2556,2546,0,2,0,1.0,0.560169498095726,bull,BULL,
2010-03-05,2557,2547,0,1,0,1.0,0.5517907619836323,bull,BULL,
2010-03-08,2558,2548,0,1,0,0.7664636330270065,0.24978198899312395,neutral,BULL,
2010-03-09,2559,2549,0,2,0,0.2811690528555778,0.5595097635567939,neutral,BULL,
2010-03-10,2560,2550,0,1,0,0.3323368711322036,0.5588081368446142,bull,BULL,
2010-03-11,2561,2551,0,1,0,0.13902672649635253,0.537792631764688,neutral,BULL,
2010-03-12,2562,2552,0,1,0,0.1557396190475299,0.5412694045301294,neutral,BULL,
2010-03-15,2563,2553,0,1,0,0.5439653017215612,0.5596257119986926,bull,BULL,
2010-03-16,2564,2554,1,2,1,0.7242215265829719,0.559991381724473,bull,BULL,
2010-03-17,2565,2555,2,1,0,0.4551878184921249,0.3571875394537288,neutral,BULL,
2010-03-18,2566,2556,2,1,0,0.3482036686471508,0.33227247624592104,neutral,BULL,
2010-03-19,2567,2557,0,1,0,0.9813332621901053,0.5529321834759298,bull,BULL,
2010-03-22,2568,2558,1,0,1,0.9998367314921625,0.40884368827528417,neutral,BULL,
2010-03-23,2569,2559,0,1,0,0.9920729030912279,0.5201549892944144,bull,BULL,
2010-03-24,2570,2560,0,1,0,0.9960787652356452,0.48920281282621986,neutral,BULL,
2010-03-25,2571,2561,0,2,0,0.9995554090510067,0.49626223388598145,neutral,BULL,
2010-03-26,2572,2562,1,1,0,0.4576881747557648,0.33444415008063016,neutral,BULL,
2010-03-29,2573,2563,0,2,0,1.0,0.55789903556896,bull,BULL,
2010-03-30,2574,2564,0,1,0,1.0,0.5082253501611227,bull,BULL,
2010-03-31,2575,2565,0,2,0,1.0,0.5608152799152799,bull,BULL,
2010-04-01,2576,2566,0,1,0,0.9999999999851534,0.5208742933055338,bull,BULL,
2010-04-05,2577,2567,1,2,1,1.0,0.498212369998103,neutral,BULL,
2010-04-06,2578,2568,0,2,0,1.0,0.4671398127308567,neutral,BULL,
2010-04-07,2579,2569,2,1,2,1.0,0.5570980240954604,bull,BULL,
2010-04-08,2580,2570,1,2,1,0.9917183091083102,0.4783791340906157,neutral,BULL,
2010-04-09,2581,2571,1,0,1,1.0,0.5489647254113885,bull,BULL,
2010-04-12,2582,2572,1,2,1,0.9679461594074906,0.49884234494104174,neutral,BULL,
2010-04-13,2583,2573,1,2,1,1.0,0.5605860375677009,bull,BULL,
2010-04-14,2584,2574,0,1,0,0.9998805352851018,0.561618340838174,bull,BULL,
2010-04-15,2585,2575,0,2,0,0.9033433035494159,0.36378462153590213,neutral,BULL,
2010-04-16,2586,2576,0,1,0,0.9230075810838708,0.5564830320121555,bull,BULL,
2010-04-19,2587,2577,0,2,0,0.9996211619170448,0.1887107622050696,neutral,BULL,
2010-04-20,2588,2578,0,1,0,1.0,0.5463884182284396,bull,BULL,
2010-04-21,2589,2579,0,2,0,0.9676563351840087,0.4376198144352497,neutral,BULL,
2010-04-22,2590,2580,0,1,0,0.9959204168881373,0.5397622741012807,bull,BULL,
2010-04-23,2591,2581,0,1,0,1.0,0.5535692868545361,bull,BULL,
2010-04-26,2592,2582,0,2,0,1.0,0.505688529681094,bull,BULL,
2010-04-27,2593,2583,0,1,0,1.0,0.5276142437452517,bull,BULL,
2010-04-28,2594,2584,0,1,0,0.9888465929647255,0.035974109249615055,neutral,BULL,
2010-04-29,2595,2585,0,2,0,0.9713558238598774,0.4812075837874186,neutral,BULL,
2010-04-30,2596,2586,0,0,1,0.5119223818469052,0.31050392218627426,neutral,BULL,
2010-05-03,2597,2587,0,2,0,0.9377800204906271,0.15847367129838164,neutral,BULL,
2010-05-04,2598,2588,0,2,0,0.9560163735806555,0.3048072355973185,neutral,BULL,
2010-05-05,2599,2589,2,1,2,0.5244060962193161,0.039578138849906595,neutral,BULL,
2010-05-06,2600,2590,0,2,1,1.0,0.3397380944273563,neutral,BULL,
2010-05-07,2601,2591,2,1,0,0.47800233051490926,0.2112294085340505,neutral,BULL,
2010-05-10,2602,2592,1,1,0,0.9690800654257928,0.3364581707393127,neutral,BULL,
2010-05-11,2603,2593,2,2,1,0.9165622102312276,0.9613500900751947,bear,BEAR,
2010-05-12,2604,2594,2,2,1,0.915782751065794,0.1493126000111884,neutral,BEAR,
2010-05-13,2605,2595,1,1,2,0.9222405794615406,0.30217311853408274,neutral,BEAR,
2010-05-14,2606,2596,1,1,0,0.7526424214683342,0.29112917111361,neutral,BEAR,
2010-05-17,2607,2597,0,2,1,0.5449955077339598,0.4472170968146859,neutral,BEAR,
2010-05-18,2608,2598,2,1,0,0.9963460440855356,0.3016035324042282,neutral,BEAR,
2010-05-19,2609,2599,2,1,0,0.9971870946835453,0.4303638053765869,neutral,BEAR,
2010-05-20,2610,2600,0,2,1,0.9933917098787325,0.3368210060658923,neutral,BEAR,
2010-05-21,2611,2601,2,2,0,0.8509816900813025,0.8647852099962495,bear,BEAR,
2010-05-24,2612,2602,0,0,1,0.9497581222653747,0.2986490849125503,neutral,BEAR,
2010-05-25,2613,2603,1,1,0,0.9874545115388289,0.28974420272858886,neutral,BEAR,
2010-05-26,2614,2604,2,2,0,0.9954575319076541,0.14254941789403006,neutral,BEAR,
2010-05-27,2615,2605,1,1,0,0.9550284570019316,0.1762662831991649,neutral,BEAR,
2010-05-28,2616,2606,1,1,0,0.5874941096388572,0.806398677017264,bear,BEAR,
2010-06-01,2617,2607,1,2,0,0.8509797760905643,0.42076850557772894,neutral,BEAR,
2010-06-02,2618,2608,2,1,0,0.9999999997508722,0.44908058252932115,neutral,BEAR,
2010-06-03,2619,2609,0,1,2,1.0,0.3381060930652636,neutral,BEAR,
2010-06-04,2620,2610,0,2,1,0.5551605136021459,0.30741359727512635,neutral,BEAR,
2010-06-07,2621,2611,0,2,1,0.7716166471194654,0.17168468961990246,neutral,BEAR,
2010-06-08,2622,2612,2,1,0,1.0,0.42234174703932514,neutral,BEAR,
2010-06-09,2623,2613,2,1,0,1.0,0.3894626433461892,neutral,BEAR,
2010-06-10,2624,2614,1,2,0,0.9995390401302547,0.3457522777932029,neutral,BEAR,
2010-06-11,2625,2615,1,2,0,0.9995738358782622,0.25798834674477505,neutral,BEAR,
2010-06-14,2626,2616,2,1,0,1.0,0.3191756819573859,neutral,BEAR,
2010-06-15,2627,2617,0,2,1,1.0,0.30641552113898807,neutral,BEAR,
2010-06-16,2628,2618,2,1,0,0.9522423215295661,0.4472223282763185,neutral,BEAR,
2010-06-17,2629,2619,0,2,1,0.767916992642509,0.30218672839013877,neutral,BEAR,
2010-06-18,2630,2620,1,2,0,0.5483175569444058,0.3008594307012193,neutral,BEAR,
2010-06-21,2631,2621,2,1,0,0.5231357731975426,0.3183870435672812,neutral,BEAR,
2010-06-22,2632,2622,1,2,0,0.9398653486729921,0.3133328227489401,neutral,BEAR,
2010-06-23,2633,2623,0,1,2,0.9999999956548065,0.4476623937656291,neutral,BEAR,
2010-06-24,2634,2624,1,2,0,0.27009606890112975,0.3142823415443308,neutral,BEAR,
2010-06-25,2635,2625,0,2,1,0.9581385545557869,0.45030434570680944,neutral,BEAR,
2010-06-28,2636,2626,2,1,0,1.0,0.3147120826604715,neutral,BEAR,
2010-06-29,2637,2627,1,2,0,0.9999501913678865,0.3151638427452108,neutral,BEAR,
2010-06-30,2638,2628,2,1,0,0.32251206475634275,0.21009429908896848,neutral,BEAR,
2010-07-01,2639,2629,0,1,2,0.11607072806790723,0.383108180756005,neutral,BEAR,
2010-07-02,2640,2630,1,1,2,0.947977921452072,0.1620821713284153,neutral,BEAR,
2010-07-06,2641,2631,1,1,0,0.9609001645897887,0.17391582651149817,neutral,BEAR,
2010-07-07,2642,2632,2,2,0,0.8185283099204621,0.16266644059051366,neutral,BEAR,
2010-07-08,2643,2633,1,1,0,0.6786808269990073,0.7996462339330676,bear,BEAR,
2010-07-09,2644,2634,2,1,0,0.7433540234725193,0.38278054508800774,neutral,BEAR,
2010-07-12,2645,2635,1,2,0,0.8362415562927046,0.3431201889847211,neutral,BEAR,
2010-07-13,2646,2636,2,1,0,0.8118445188854944,0.30111289477374353,neutral,BEAR,
2010-07-14,2647,2637,0,2,1,0.3964544861007955,0.4677225819145287,neutral,BEAR,
2010-07-15,2648,2638,0,2,1,0.15629383646918807,0.3010605939758949,neutral,BEAR,
2010-07-16,2649,2639,2,1,0,0.1349432307344442,0.30102066291817225,neutral,BEAR,
2010-07-19,2650,2640,1,1,0,0.7668370297369136,0.7116939038378516,bear,BEAR,
2010-07-20,2651,2641,1,2,0,0.9971063984017559,0.32574570645416134,neutral,BEAR,
2010-07-21,2652,2642,1,2,0,0.24891066758158223,0.39825884820002566,neutral,BEAR,
2010-07-22,2653,2643,1,2,1,0.9195337760487489,0.28179975265962265,neutral,BEAR,
2010-07-23,2654,2644,0,2,0,0.9144381183932224,0.032747114003965065,neutral,BEAR,
2010-07-26,2655,2645,2,1,0,0.5060861940161037,0.36308149588410854,neutral,BEAR,
2010-07-27,2656,2646,0,2,1,0.9030366138476832,0.38911012498876235,neutral,BEAR,
2010-07-28,2657,2647,1,2,0,1.0,0.3014409039628077,neutral,BEAR,
2010-07-29,2658,2648,2,1,0,1.0,0.34846491185483786,neutral,BEAR,
2010-07-30,2659,2649,1,2,0,1.0,0.32859864929568994,neutral,BEAR,
2010-08-02,2660,2650,1,2,0,0.9662867872070809,0.3021523183485474,neutral,BEAR,
2010-08-03,2661,2651,0,1,2,0.9797395092267466,0.45137061915811016,neutral,BEAR,
2010-08-04,2662,2652,1,2,0,1.0,0.33894991086472853,neutral,BEAR,
2010-08-05,2663,2653,2,1,0,0.10232233015453328,0.33443850970417593,neutral,BEAR,
2010-08-06,2664,2654,0,1,0,0.9660581848607623,0.5521364475703991,bull,BULL,
2010-08-09,2665,2655,0,1,0,0.9911694383227518,0.5192462495730984,bull,BULL,
2010-08-10,2666,2656,0,2,0,0.9533499492880632,0.5219675334423012,bull,BULL,
2010-08-11,2667,2657,0,1,0,0.9599493716904531,0.49462042621597435,neutral,BULL,
2010-08-12,2668,2658,2,1,2,0.6218903720371443,0.013388480857482551,neutral,BULL,
2010-08-13,2669,2659,0,2,1,1.0,0.3524513952836923,neutral,BULL,
2010-08-16,2670,2660,0,2,1,0.9999999999023872,0.31356094157273257,neutral,BULL,
2010-08-17,2671,2661,0,2,1,0.9938411252092224,0.3016585245120886,neutral,BULL,
2010-08-18,2672,2662,2,1,0,0.9939774148077647,0.4234701474766638,neutral,BULL,
2010-08-19,2673,2663,0,1,2,0.9999997563734353,0.3028638241405888,neutral,BULL,
2010-08-20,2674,2664,2,0,1,1.0,0.44241342250871946,neutral,BULL,
2010-08-23,2675,2665,2,0,1,1.0,0.3254807275896206,neutral,BULL,
2010-08-24,2676,2666,0,2,1,0.7280072658345791,0.31889453989453126,neutral,BULL,
2010-08-25,2677,2667,1,2,0,0.4212769928964645,0.441236215657812,neutral,BULL,
2010-08-26,2678,2668,2,1,0,0.45807680539733336,0.3097064308043275,neutral,BULL,
2010-08-27,2679,2669,2,1,0,0.9101155863992402,0.34880416014849647,neutral,BULL,
2010-08-30,2680,2670,0,2,1,0.8830107344854655,0.4730532683762613,neutral,BULL,
2010-08-31,2681,2671,2,1,0,0.9982867394743474,0.438726356228571,neutral,BULL,
2010-09-01,2682,2672,0,1,2,0.6818996787003452,0.30290860977491635,neutral,BULL,
2010-09-02,2683,2673,2,1,0,0.1529810948510489,0.2798447203914911,neutral,BULL,
2010-09-03,2684,2674,2,1,0,0.6772608918122397,0.3716990301243808,neutral,BULL,
2010-09-07,2685,2675,0,1,2,0.9999577254741107,0.43445357880997176,neutral,BULL,
2010-09-08,2686,2676,1,2,0,0.9298849050346731,0.41489126802323106,neutral,BULL,
2010-09-09,2687,2677,1,2,0,0.755545789716224,0.34128057382428034,neutral,BULL,
2010-09-10,2688,2678,1,2,0,0.810301902692269,0.31579590242749683,neutral,BULL,
2010-09-13,2689,2679,2,1,0,0.8793955798517018,0.3195810316665857,neutral,BULL,
2010-09-14,2690,2680,2,1,0,0.6728235233026788,0.4026344529331505,neutral,BULL,
2010-09-15,2691,2681,1,2,0,1.0,0.17338060328950075,neutral,BULL,
2010-09-16,2692,2682,2,1,0,0.8102518133872916,0.3111651718139408,neutral,BULL,
2010-09-17,2693,2683,1,2,0,0.6976720826086088,0.3099867825695,neutral,BULL,
2010-09-20,2694,2684,2,1,0,0.30172220980198416,0.34179726763201734,neutral,BULL,
2010-09-21,2695,2685,0,1,0,0.5026452545546796,0.2111758590240263,neutral,BULL,
2010-09-22,2696,2686,0,2,0,0.8150717007836112,0.5440083404314378,bull,BULL,
2010-09-23,2697,2687,2,1,2,0.994681750462709,0.5052115298727244,bull,BULL,
2010-09-24,2698,2688,1,2,1,0.9988226685467485,0.4116765267752266,neutral,BULL,
2010-09-27,2699,2689,0,1,0,1.0,0.05625455187252337,neutral,BULL,
2010-09-28,2700,2690,0,2,0,0.9968352708911022,0.49319762221855074,neutral,BULL,
2010-09-29,2701,2691,0,2,0,0.994582109521467,0.5411284048453912,bull,BULL,
2010-09-30,2702,2692,0,1,0,1.0,0.540044486663372,bull,BULL,
2010-10-01,2703,2693,0,2,0,1.0,0.5341029946743366,bull,BULL,
2010-10-04,2704,2694,0,1,0,0.9999071203589475,0.5345297356667933,bull,BULL,
2010-10-05,2705,2695,1,2,1,1.0,0.4401206735532233,neutral,BULL,
2010-10-06,2706,2696,1,2,1,1.0,0.06832975375509302,neutral,BULL,
2010-10-07,2707,2697,0,1,0,0.9865101191614284,0.5561211587426586,bull,BULL,
2010-10-08,2708,2698,2,1,2,1.0,0.5510740779023877,bull,BULL,
2010-10-11,2709,2699,0,1,0,0.9989536394250723,0.5190695814549909,bull,BULL,
2010-10-12,2710,2700,2,1,2,0.9745860081052893,0.5567979382527811,bull,BULL,
2010-10-13,2711,2701,0,1,0,0.8931262144436407,0.548572008961527,bull,BULL,
2010-10-14,2712,2702,1,2,1,0.45748786496183863,0.4684386815826635,neutral,BULL,
2010-10-15,2713,2703,1,2,1,0.6273347469600167,0.5071826451798774,bull,BULL,
2010-10-18,2714,2704,0,1,0,0.8483764476419731,0.5554474654849603,bull,BULL,
2010-10-19,2715,2705,0,2,0,1.0,0.5568409519901569,bull,BULL,
2010-10-20,2716,2706,1,2,1,1.0,0.4305327183811517,neutral,BULL,
2010-10-21,2717,2707,2,1,2,1.0,0.41840157848243914,neutral,BULL,
2010-10-22,2718,2708,1,2,1,1.0,0.5540246547030211,bull,BULL,
2010-10-25,2719,2709,2,1,2,1.0,0.5555419529993374,bull,BULL,
2010-10-26,2720,2710,0,2,0,1.0,0.5498182442974764,bull,BULL,
2010-10-27,2721,2711,0,2,0,1.0,0.5511036372073055,bull,BULL,
2010-10-28,2722,2712,0,2,0,1.0,0.5348639817649087,bull,BULL,
2010-10-29,2723,2713,0,1,0,0.9999981888193055,0.5489276517162363,bull,BULL,
2010-11-01,2724,2714,0,1,0,1.0,0.5573146052209248,bull,BULL,
2010-11-02,2725,2715,0,1,0,1.0,0.5515741579988998,bull,BULL,
2010-11-03,2726,2716,2,1,2,1.0,0.4728756426341945,neutral,BULL,
2010-11-04,2727,2717,0,2,0,1.0,0.5426749238379861,bull,BULL,
2010-11-05,2728,2718,0,2,0,0.7058167060338111,0.06755102360565711,neutral,BULL,
2010-11-08,2729,2719,0,2,0,0.02274435892748153,0.5437554787368104,neutral,BULL,
2010-11-09,2730,2720,1,2,0,1.0,0.3109970059695715,neutral,BULL,
2010-11-10,2731,2721,1,2,0,1.0,0.3585663589137304,neutral,BULL,
2010-11-11,2732,2722,1,2,0,1.0,0.3129037662553116,neutral,BULL,
2010-11-12,2733,2723,0,2,1,1.0,0.32581333431804727,neutral,BULL,
2010-11-15,2734,2724,0,2,1,0.6518314386312674,0.41930885323197276,neutral,BULL,
2010-11-16,2735,2725,2,1,0,0.27706190872281716,0.3152292528577701,neutral,BULL,
2010-11-17,2736,2726,1,2,0,0.7047363853669819,0.4479410488878371,neutral,BULL,
2010-11-18,2737,2727,1,2,0,1.0,0.306056836329794,neutral,BULL,
2010-11-19,2738,2728,1,2,0,1.0,0.45033791934043343,neutral,BULL,
2010-11-22,2739,2729,1,2,0,0.7966653019088586,0.307742108422365,neutral,BULL,
2010-11-23,2740,2730,2,1,0,0.9986727429749125,0.3168744610322323,neutral,BULL,
2010-11-24,2741,2731,1,2,0,0.6006352770855287,0.441772281936451,neutral,BULL,
2010-11-26,2742,2732,1,2,0,0.13058116016174595,0.4617685591840135,neutral,BULL,
2010-11-29,2743,2733,0,1,0,0.9978336895566267,0.3175220147791683,neutral,BULL,
2010-11-30,2744,2734,0,2,0,0.9929659147444011,0.5434857706036915,bull,BULL,
2010-12-01,2745,2735,0,2,0,0.9988943197371609,0.481270796843433,neutral,BULL,
2010-12-02,2746,2736,0,1,0,0.9936657668671927,0.047546110823681216,neutral,BULL,
2010-12-03,2747,2737,0,1,0,0.7572671577709557,0.3123156488312181,neutral,BULL,
2010-12-06,2748,2738,0,1,0,0.07397223667408474,0.5470558185322132,neutral,BULL,
2010-12-07,2749,2739,2,1,0,1.0,0.31056365304153627,neutral,BULL,
2010-12-08,2750,2740,1,2,0,1.0,0.3069853709034083,neutral,BULL,
2010-12-09,2751,2741,0,2,1,1.0,0.3131415426066613,neutral,BULL,
2010-12-10,2752,2742,2,1,0,0.9610379995938372,0.17464593519157492,neutral,BULL,
2010-12-13,2753,2743,2,1,0,0.9999999866989563,0.3283392422296598,neutral,BULL,
2010-12-14,2754,2744,2,1,0,1.0,0.30729010060631295,neutral,BULL,
2010-12-15,2755,2745,2,1,0,0.6248696128345103,0.31414333058509425,neutral,BULL,
2010-12-16,2756,2746,1,2,1,0.9977186635548172,0.49274156949748427,neutral,BULL,
2010-12-17,2757,2747,0,1,0,0.9571421304373526,0.48376146929383324,neutral,BULL,
2010-12-20,2758,2748,0,2,0,0.9994709808291913,0.5004224730630423,bull,BULL,
2010-12-21,2759,2749,0,2,0,0.9999848215720765,0.5456938314167054,bull,BULL,
2010-12-22,2760,2750,0,2,0,0.9999997004940877,0.5007150475353266,bull,BULL,
2010-12-23,2761,2751,0,1,0,0.9999987466382922,0.5417513185778964,bull,BULL,
2010-12-27,2762,2752,0,2,0,0.9999999027930893,0.5371788462100714,bull,BULL,
2010-12-28,2763,2753,0,1,0,0.99999877340468,0.5476199098554962,bull,BULL,
2010-12-29,2764,2754,0,1,0,0.9999892549014904,0.5486533623130815,bull,BULL,
2010-12-30,2765,2755,0,1,0,0.9999601634995706,0.5484720280462311,bull,BULL,
2010-12-31,2766,2756,0,2,0,0.9999998351118198,0.5361964527353384,bull,BULL,
2011-01-03,2767,2757,0,2,0,0.9999999701164616,0.5475351774396086,bull,BULL,
2011-01-04,2768,2758,1,1,0,0.4705491052760384,0.33788204384749565,neutral,BULL,
2011-01-05,2769,2759,0,0,1,0.48703269917797476,0.39014141926225165,neutral,BULL,
2011-01-06,2770,2760,0,1,0,0.9997399711949342,0.519858573187201,bull,BULL,
2011-01-07,2771,2761,0,2,0,0.9983594270145604,0.5323384647796742,bull,BULL,
2011-01-10,2772,2762,0,1,0,0.998782240991334,0.5324287320726849,bull,BULL,
2011-01-11,2773,2763,0,1,0,0.9996800490327722,0.5384334363925941,bull,BULL,
2011-01-12,2774,2764,0,1,0,0.9998419659757254,0.54020200960983,bull,BULL,
2011-01-13,2775,2765,0,1,0,0.9966009915298699,0.4346068857345381,neutral,BULL,
2011-01-14,2776,2766,0,1,0,0.9990502744152497,0.5346039954742217,bull,BULL,
2011-01-18,2777,2767,0,2,0,0.9989099480698403,0.4817306567326812,neutral,BULL,
2011-01-19,2778,2768,0,2,0,0.9808161600127,0.5493075627144147,bull,BULL,
2011-01-20,2779,2769,0,2,0,0.9923362173171515,0.35799036387507566,neutral,BULL,
2011-01-21,2780,2770,2,1,2,0.9940564697799628,0.5372648616497081,bull,BULL,
2011-01-24,2781,2771,0,2,0,0.9970066680760485,0.5476695757195924,bull,BULL,
2011-01-25,2782,2772,0,1,0,0.9990078646341003,0.5133309146117825,bull,BULL,
2011-01-26,2783,2773,0,1,0,0.9999948092549792,0.5484864776919733,bull,BULL,
2011-01-27,2784,2774,0,2,0,0.9999999585108699,0.5372324070672034,bull,BULL,
2011-01-28,2785,2775,0,1,0,0.9999854246410752,0.5471253875436413,bull,BULL,
2011-01-31,2786,2776,0,2,0,0.9996444107911587,0.12407468135923654,neutral,BULL,
2011-02-01,2787,2777,0,2,0,0.9996981079917596,0.4760319945375996,neutral,BULL,
2011-02-02,2788,2778,0,2,0,0.9814972265968532,0.16665876039799957,neutral,BULL,
2011-02-03,2789,2779,0,2,0,0.952411052270433,0.5314468525435855,bull,BULL,
2011-02-04,2790,2780,2,2,0,0.5060365123973942,0.3765460524347242,neutral,BULL,
2011-02-07,2791,2781,0,2,0,0.8964031705913346,0.5449768835080591,bull,BULL,
2011-02-08,2792,2782,0,1,0,0.5918045705834194,0.503639204988968,bull,BULL,
2011-02-09,2793,2783,0,2,0,0.09783019246279309,0.5305976916522696,neutral,BULL,
2011-02-10,2794,2784,1,2,0,1.0,0.32195106394443784,neutral,BULL,
2011-02-11,2795,2785,1,2,0,1.0,0.3108484765053814,neutral,BULL,
2011-02-14,2796,2786,0,2,1,0.5322046940455679,0.33013928138374915,neutral,BULL,
2011-02-15,2797,2787,1,2,1,0.93684710505566,0.5478936326560593,bull,BULL,
2011-02-16,2798,2788,0,2,0,0.9555632646823926,0.5159151512349279,bull,BULL,
2011-02-17,2799,2789,0,2,0,0.9742843916162052,0.5033689876054128,bull,BULL,
2011-02-18,2800,2790,0,2,0,0.9863922148349986,0.5447924858186011,bull,BULL,
2011-02-22,2801,2791,0,2,0,0.9945405042807094,0.5489826345597568,bull,BULL,
2011-02-23,2802,2792,0,2,0,0.9917042092935185,0.07285986492876165,neutral,BULL,
2011-02-24,2803,2793,0,2,0,0.8704823650549852,0.45722251255564744,neutral,BULL,
2011-02-25,2804,2794,0,2,0,0.5649703192198487,0.5422309082258996,bull,BULL,
2011-02-28,2805,2795,0,2,0,0.5669408323777397,0.3796371996646692,neutral,BULL,
2011-03-01,2806,2796,0,1,0,0.5691161467735297,0.5054563167348304,bull,BULL,
2011-03-02,2807,2797,0,1,0,0.259581218799533,0.14602809430095645,neutral,BULL,
2011-03-03,2808,2798,2,1,0,0.8849023293654541,0.30962255758898977,neutral,BULL,
2011-03-04,2809,2799,2,1,0,0.8017881821340946,0.47454350498839126,neutral,BULL,
2011-03-07,2810,2800,0,2,1,0.33874031141980127,0.37381186625666696,neutral,BULL,
2011-03-08,2811,2801,0,2,0,0.9838463146942407,0.4145815362541769,neutral,BULL,
2011-03-09,2812,2802,0,2,0,0.9750074739802431,0.4432029705320533,neutral,BULL,
2011-03-10,2813,2803,0,2,0,0.9893219208530021,0.5365052367648584,bull,BULL,
2011-03-11,2814,2804,1,2,1,0.8985283445960474,0.1053400072992526,neutral,BULL,
2011-03-14,2815,2805,0,2,0,0.8421807236478539,0.4887844959400284,neutral,BULL,
2011-03-15,2816,2806,0,1,0,0.8080533651696735,0.4628161480526437,neutral,BULL,
2011-03-16,2817,2807,0,2,0,0.23403254131846452,0.3207838900287265,neutral,BULL,
2011-03-17,2818,2808,1,2,0,0.8562278263398392,0.4312097570504745,neutral,BULL,
2011-03-18,2819,2809,2,1,0,0.8980807589341271,0.43853155283441114,neutral,BULL,
2011-03-21,2820,2810,1,2,0,0.9374986731209315,0.31417637706217433,neutral,BULL,
2011-03-22,2821,2811,2,1,0,0.9963420755667503,0.46671247901621665,neutral,BULL,
2011-03-23,2822,2812,2,1,0,1.0,0.3311379687140399,neutral,BULL,
2011-03-24,2823,2813,2,1,0,0.7613163401979808,0.31239143877319575,neutral,BULL,
2011-03-25,2824,2814,1,2,0,0.9809224760242155,0.3786164835775601,neutral,BULL,
2011-03-28,2825,2815,2,1,0,1.0,0.31213452470235425,neutral,BULL,
2011-03-29,2826,2816,2,1,0,1.0,0.3239343516896101,neutral,BULL,
2011-03-30,2827,2817,1,2,0,1.0,0.3398613567690295,neutral,BULL,
2011-03-31,2828,2818,1,2,0,1.0,0.3420470772260414,neutral,BULL,
2011-04-01,2829,2819,1,2,0,1.0,0.31740721514689524,neutral,BULL,
2011-04-04,2830,2820,1,2,0,0.72104630806665,0.3192816636290059,neutral,BULL,
2011-04-05,2831,2821,1,2,0,0.8029920121225215,0.31119567444977175,neutral,BULL,
2011-04-06,2832,2822,1,2,0,0.33311671413928745,0.31306871271094194,neutral,BULL,
2011-04-07,2833,2823,0,1,0,0.94541142143035,0.5421876992436457,bull,BULL,
2011-04-08,2834,2824,0,2,0,0.9872486016185856,0.5241155251809738,bull,BULL,
2011-04-11,2835,2825,0,1,0,0.9990267048064055,0.5111205802602903,bull,BULL,
2011-04-12,2836,2826,0,1,0,0.999999999996531,0.5172050984576176,bull,BULL,
2011-04-13,2837,2827,0,2,0,0.9999996989212008,0.42589245294979733,neutral,BULL,
2011-04-14,2838,2828,0,2,0,0.999710233073755,0.545116849408825,bull,BULL,
2011-04-15,2839,2829,0,1,0,0.9968291389659504,0.547803976706555,bull,BULL,
2011-04-18,2840,2830,1,2,1,0.9968939217237426,0.5386772438891371,bull,BULL,
2011-04-19,2841,2831,0,2,0,0.9583020388991427,0.3135509708270506,neutral,BULL,
2011-04-20,2842,2832,0,2,0,0.9692880029649514,0.51253192905463,bull,BULL,
2011-04-21,2843,2833,0,2,0,0.9925529646688592,0.2612791333781917,neutral,BULL,
2011-04-25,2844,2834,0,2,0,0.9719295998145796,0.5234173310184789,bull,BULL,
2011-04-26,2845,2835,0,1,0,0.9096746263269988,0.5387247047052096,bull,BULL,
2011-04-27,2846,2836,0,2,0,0.2907879974236519,0.4467249114753404,neutral,BULL,
2011-04-28,2847,2837,1,2,0,1.0,0.3372220621694144,neutral,BULL,
2011-04-29,2848,2838,1,2,0,1.0,0.31414251653706887,neutral,BULL,
2011-05-02,2849,2839,1,2,0,0.9984480302060165,0.31164121881707874,neutral,BULL,
2011-05-03,2850,2840,2,1,0,0.9877611015855756,0.3190312233501079,neutral,BULL,
2011-05-04,2851,2841,2,1,0,1.0,0.33365299945969895,neutral,BULL,
2011-05-05,2852,2842,2,1,0,0.2533388581369526,0.3640665558463041,neutral,BULL,
2011-05-06,2853,2843,0,1,0,0.8773571812460013,0.3816342628984824,neutral,BULL,
2011-05-09,2854,2844,0,1,0,0.9246458604403311,0.5295729179870899,bull,BULL,
2011-05-10,2855,2845,0,2,0,0.9844431015379199,0.5361734547042284,bull,BULL,
2011-05-11,2856,2846,0,2,0,0.9829687092385689,0.45025614871409764,neutral,BULL,
2011-05-12,2857,2847,0,1,0,0.9726256417911113,0.33544830065662945,neutral,BULL,
2011-05-13,2858,2848,0,1,0,0.5224745509421841,0.5008335594696254,bull,BULL,
2011-05-16,2859,2849,0,1,0,0.9968947405725962,0.41847362851473285,neutral,BULL,
2011-05-17,2860,2850,0,1,0,0.9964015472131644,0.45240100152700263,neutral,BULL,
2011-05-18,2861,2851,0,1,0,0.9965742358317892,0.5450644116449529,bull,BULL,
2011-05-19,2862,2852,0,2,0,0.9977387637800166,0.43639961629211693,neutral,BULL,
2011-05-20,2863,2853,0,2,0,0.998893703341616,0.5459636355079187,bull,BULL,
2011-05-23,2864,2854,0,2,0,0.9972081458881281,0.41199245163009884,neutral,BULL,
2011-05-24,2865,2855,2,1,2,0.8962410896871706,0.298450897390278,neutral,BULL,
2011-05-25,2866,2856,0,2,0,0.9184225768294458,0.5399145378708393,bull,BULL,
2011-05-26,2867,2857,0,2,0,0.8896381451266215,0.5406949594812698,bull,BULL,
2011-05-27,2868,2858,0,2,0,0.9846400274611881,0.5282311762676009,bull,BULL,
2011-05-31,2869,2859,0,2,0,0.991391204717461,0.5367698634704545,bull,BULL,
2011-06-01,2870,2860,0,2,0,0.9294312536742984,0.3890925766591531,neutral,BULL,
2011-06-02,2871,2861,0,1,0,0.8125170973046609,0.04136841562948642,neutral,BULL,
2011-06-03,2872,2862,1,2,1,0.7894408851531064,0.538262051743877,bull,BULL,
2011-06-06,2873,2863,0,1,0,0.6210323006981902,0.35463635592840087,neutral,BULL,
2011-06-07,2874,2864,1,2,0,1.0,0.40975049388140333,neutral,BULL,
2011-06-08,2875,2865,1,2,0,1.0,0.3149547728777405,neutral,BULL,
2011-06-09,2876,2866,1,2,0,0.9005554468734509,0.33802541120417506,neutral,BULL,
2011-06-10,2877,2867,1,2,0,0.8034635115496106,0.3521160220693359,neutral,BULL,
2011-06-13,2878,2868,2,1,0,0.5363368438105225,0.43749797182158356,neutral,BULL,
2011-06-14,2879,2869,1,2,0,0.6946159546302105,0.3118620268261919,neutral,BULL,
2011-06-15,2880,2870,2,1,0,0.9972462276785989,0.43161721884865634,neutral,BULL,
2011-06-16,2881,2871,1,2,0,0.8254583781397468,0.4327448203727352,neutral,BULL,
2011-06-17,2882,2872,2,1,0,0.10761861064527609,0.3122367228903688,neutral,BULL,
2011-06-20,2883,2873,0,1,0,0.9810300571456757,0.5300487507758638,bull,BULL,
2011-06-21,2884,2874,0,2,0,0.9903027500760603,0.5218733828764566,bull,BULL,
2011-06-22,2885,2875,0,2,0,0.9731539262503999,0.2567283704454741,neutral,BULL,
2011-06-23,2886,2876,0,2,0,0.9682218388974458,0.46062610217724853,neutral,BULL,
2011-06-24,2887,2877,0,2,0,0.9937805139320898,0.5187622873871475,bull,BULL,
2011-06-27,2888,2878,0,2,0,0.9789660553705841,0.2983175686385664,neutral,BULL,
2011-06-28,2889,2879,0,1,0,0.9800248599852774,0.43661055727210457,neutral,BULL,
2011-06-29,2890,2880,1,2,1,0.9606655743308862,0.2839754317590304,neutral,BULL,
2011-06-30,2891,2881,0,2,0,0.598595919726989,0.4485300938979571,neutral,BULL,
2011-07-01,2892,2882,1,2,0,1.0,0.37874479127784294,neutral,BULL,
2011-07-05,2893,2883,1,2,0,0.8897073403636866,0.45978893023660716,neutral,BULL,
2011-07-06,2894,2884,1,2,0,0.41317463019324924,0.3163761105465912,neutral,BULL,
2011-07-07,2895,2885,1,2,0,0.17155327358612282,0.311989165176252,neutral,BULL,
2011-07-08,2896,2886,2,2,1,0.9333425494707364,0.21847525191525846,neutral,BULL,
2011-07-11,2897,2887,1,1,0,0.9232513612149749,0.19683944931453312,neutral,BULL,
2011-07-12,2898,2888,1,2,0,1.0,0.5977863110785473,bull,BULL,
2011-07-13,2899,2889,1,2,0,0.7867153188365558,0.19952304848639865,neutral,BULL,
2011-07-14,2900,2890,1,2,0,1.0,0.3154257292983521,neutral,BULL,
2011-07-15,2901,2891,2,1,0,0.9999812593001712,0.36790263163940545,neutral,BULL,
2011-07-18,2902,2892,2,0,1,1.0,0.3311817939933184,neutral,BULL,
2011-07-19,2903,2893,2,0,1,1.0,0.3835474611544279,neutral,BULL,
2011-07-20,2904,2894,0,1,2,1.0,0.4714336629359302,neutral,BULL,
2011-07-21,2905,2895,1,2,0,0.9999960423524135,0.3158151526919381,neutral,BULL,
2011-07-22,2906,2896,0,2,1,0.8084204943389605,0.4492153308259683,neutral,BULL,
2011-07-25,2907,2897,0,2,1,0.899396314328247,0.31646908096585497,neutral,BULL,
2011-07-26,2908,2898,0,1,2,0.9583956623844493,0.35350778196709315,neutral,BULL,
2011-07-27,2909,2899,1,2,0,0.8320769514567153,0.3350729410945818,neutral,BULL,
2011-07-28,2910,2900,2,1,0,1.0,0.39879545200074173,neutral,BULL,
2011-07-29,2911,2901,2,1,0,1.0,0.3285673619940052,neutral,BULL,
2011-08-01,2912,2902,0,2,1,1.0,0.3688948760853966,neutral,BULL,
2011-08-02,2913,2903,1,2,0,0.9144852182481099,0.3403909109284238,neutral,BULL,
2011-08-03,2914,2904,0,1,2,0.8739472923819803,0.23864811261416125,neutral,BULL,
2011-08-04,2915,2905,1,1,2,0.9191123757282799,0.9933458724180295,bear,BEAR,
2011-08-05,2916,2906,2,2,0,0.9987467654729792,0.9887097388974686,bear,BEAR,
2011-08-08,2917,2907,1,1,0,0.9998216930199706,0.14698145429884,neutral,BEAR,
2011-08-09,2918,2908,2,2,0,0.9999987027828173,0.999898290657557,bear,BEAR,
2011-08-10,2919,2909,2,2,0,0.9999988864732309,0.9863262291194137,bear,BEAR,
2011-08-11,2920,2910,2,2,0,0.9999998134944651,0.9808828556309812,bear,BEAR,
2011-08-12,2921,2911,2,2,0,0.99999960996143,0.9806871007876069,bear,BEAR,
2011-08-15,2922,2912,2,2,0,0.9999987096121405,0.16441949717679594,neutral,BEAR,
2011-08-16,2923,2913,2,2,0,0.9999926758185498,0.5278325352326849,bear,BEAR,
2011-08-17,2924,2914,1,1,0,0.9976654559899586,0.21542595653306484,neutral,BEAR,
2011-08-18,2925,2915,1,1,0,0.9520571483455641,0.1400467128095206,neutral,BEAR,
2011-08-19,2926,2916,1,1,0,0.9551211445277409,0.976440313839537,bear,BEAR,
2011-08-22,2927,2917,2,2,1,0.9692785611397771,0.40244160381954136,neutral,BEAR,
2011-08-23,2928,2918,2,2,0,0.9622874798410495,0.13979568458969013,neutral,BEAR,
2011-08-24,2929,2919,2,2,1,0.9604796056058748,0.8432535086649956,bear,BEAR,
2011-08-25,2930,2920,2,2,1,0.8897042539795125,0.30561080597421086,neutral,BEAR,
2011-08-26,2931,2921,2,2,1,0.8924371451015497,0.3704692562800477,neutral,BEAR,
2011-08-29,2932,2922,2,2,0,0.8893056461750344,0.3189851711545619,neutral,BEAR,
2011-08-30,2933,2923,1,1,0,0.9237271853153145,0.7452790308623469,bear,BEAR,
2011-08-31,2934,2924,2,2,0,0.9682204899950273,0.1421182552071669,neutral,BEAR,
2011-09-01,2935,2925,1,1,0,0.9877395870275256,0.1490565612725374,neutral,BEAR,
2011-09-02,2936,2926,2,2,0,0.9878544537549909,0.25263053434038735,neutral,BEAR,
2011-09-06,2937,2927,1,1,0,0.9340250577706072,0.6872665769303002,bear,BEAR,
2011-09-07,2938,2928,2,1,0,0.6269048945372531,0.37416294317577803,neutral,BEAR,
2011-09-08,2939,2929,2,1,0,0.9058341040799129,0.2704746854459606,neutral,BEAR,
2011-09-09,2940,2930,2,1,0,0.9576310354910308,0.4115152417239352,neutral,BEAR,
2011-09-12,2941,2931,2,1,0,0.8776723350366247,0.28002053730310644,neutral,BEAR,
2011-09-13,2942,2932,2,1,0,0.6378490960208028,0.337516735252293,neutral,BEAR,
2011-09-14,2943,2933,2,1,0,0.7808347264174961,0.371178728722402,neutral,BEAR,
2011-09-15,2944,2934,2,1,0,0.9992461031516873,0.4478866392731528,neutral,BEAR,
2011-09-16,2945,2935,0,2,1,1.0,0.47559245723754057,neutral,BEAR,
2011-09-19,2946,2936,0,2,1,1.0,0.3122868143436187,neutral,BEAR,
2011-09-20,2947,2937,0,2,1,0.9999116184835695,0.40446381046587404,neutral,BEAR,
2011-09-21,2948,2938,2,1,0,1.0,0.3180391839303237,neutral,BEAR,
2011-09-22,2949,2939,2,1,0,0.9976404933076488,0.20644381337068274,neutral,BEAR,
2011-09-23,2950,2940,1,2,0,0.1373578028745179,0.15075155778879146,neutral,BEAR,
2011-09-26,2951,2941,1,1,0,0.9502702741880411,0.16010685867789687,neutral,BEAR,
2011-09-27,2952,2942,1,1,0,0.9792112252455175,0.6498328232326852,bear,BEAR,
2011-09-28,2953,2943,2,2,1,0.9543317260844297,0.23512339514055886,neutral,BEAR,
2011-09-29,2954,2944,1,1,0,0.9844441437740314,0.5736422521853487,bear,BEAR,
2011-09-30,2955,2945,2,2,0,0.9095720002883863,0.17962917697840258,neutral,BEAR,
2011-10-03,2956,2946,2,2,0,0.791161482210961,0.6689437044556353,bear,BEAR,
2011-10-04,2957,2947,2,2,0,0.8986183585704691,0.7642893363193706,bear,BEAR,
2011-10-05,2958,2948,1,1,0,0.4722452927558623,0.5508823954132709,bear,BEAR,
2011-10-06,2959,2949,1,2,0,0.7922937279679859,0.47348684195949337,neutral,BEAR,
2011-10-07,2960,2950,1,2,0,0.6658469465210718,0.4760302828326011,neutral,BEAR,
2011-10-10,2961,2951,0,2,1,0.6614723792245348,0.36367223232945434,neutral,BEAR,
2011-10-11,2962,2952,1,2,0,0.15633656057428916,0.15425768328757503,neutral,BEAR,
2011-10-12,2963,2953,1,1,2,0.9399287228217982,0.1418999722270307,neutral,BEAR,
2011-10-13,2964,2954,1,1,2,0.9862156449230525,0.19211139386608747,neutral,BEAR,
2011-10-14,2965,2955,1,1,0,0.9947134026627726,0.1503209955545449,neutral,BEAR,
2011-10-17,2966,2956,2,2,0,0.9979617515403291,0.40248367288625037,neutral,BEAR,
2011-10-18,2967,2957,0,0,2,0.9733230427377431,0.48786744494956746,neutral,BEAR,
2011-10-19,2968,2958,1,1,0,0.8738361870550942,0.47706122252958,neutral,BEAR,
2011-10-20,2969,2959,2,2,1,0.2914698840599963,0.28526244764881264,neutral,BEAR,
2011-10-21,2970,2960,2,1,0,1.0,0.320315193347813,neutral,BEAR,
2011-10-24,2971,2961,1,2,0,0.8784127208800361,0.4682779044622034,neutral,BEAR,
2011-10-25,2972,2962,1,2,0,1.0,0.4230148855347808,neutral,BEAR,
2011-10-26,2973,2963,1,2,0,1.0,0.41407928795007964,neutral,BEAR,
2011-10-27,2974,2964,0,2,1,1.0,0.38888610473448254,neutral,BEAR,
2011-10-28,2975,2965,1,2,0,0.45674007554239565,0.12765610799463384,neutral,BEAR,
2011-10-31,2976,2966,1,2,0,0.09292609054113232,0.3127960359975464,neutral,BEAR,
2011-11-01,2977,2967,1,1,0,0.7629167409850253,0.6428143816904017,bear,BEAR,
2011-11-02,2978,2968,1,1,0,0.8048692050275517,0.7499532190282532,bear,BEAR,
2011-11-03,2979,2969,2,2,0,0.5458701234117647,0.3741757945426477,neutral,BEAR,
2011-11-04,2980,2970,1,2,0,0.8617417508298763,0.47569860952819304,neutral,BEAR,
2011-11-07,2981,2971,1,2,0,0.9204442633796315,0.35590758767075387,neutral,BEAR,
2011-11-08,2982,2972,0,2,1,0.8951298320921071,0.3349598594790285,neutral,BEAR,
2011-11-09,2983,2973,1,2,0,0.953168011178222,0.43476029518126497,neutral,BEAR,
2011-11-10,2984,2974,1,2,0,0.7649749498074214,0.08559388498647362,neutral,BEAR,
2011-11-11,2985,2975,2,1,0,0.9978983166193323,0.3774340241533105,neutral,BEAR,
2011-11-14,2986,2976,1,2,0,1.0,0.4754700476499184,neutral,BEAR,
2011-11-15,2987,2977,0,1,2,1.0,0.39320124979979376,neutral,BEAR,
2011-11-16,2988,2978,2,1,0,0.8005778969006426,0.32464483366281904,neutral,BEAR,
2011-11-17,2989,2979,0,1,2,0.7652873881037728,0.43765752044268574,neutral,BEAR,
2011-11-18,2990,2980,0,1,2,1.0,0.43777700643296347,neutral,BEAR,
2011-11-21,2991,2981,2,1,0,0.9999981605651499,0.31428716939101414,neutral,BEAR,
2011-11-22,2992,2982,0,1,2,0.3695292074827963,0.42046932274154886,neutral,BEAR,
2011-11-23,2993,2983,2,1,0,0.29783945616774765,0.3333745321059525,neutral,BEAR,
2011-11-25,2994,2984,2,2,1,0.9753398584394413,0.5784147652614756,bear,BEAR,
2011-11-28,2995,2985,1,1,0,0.9944132115509534,0.15041539209205074,neutral,BEAR,
2011-11-29,2996,2986,2,2,0,0.982139916809189,0.7436679843893382,bear,BEAR,
2011-11-30,2997,2987,2,2,0,0.9446327955879543,0.1450777397498455,neutral,BEAR,
2011-12-01,2998,2988,1,1,0,0.8923954368748007,0.9579122394085507,bear,BEAR,
2011-12-02,2999,2989,2,2,0,0.9336699539871547,0.14467851189534633,neutral,BEAR,
2011-12-05,3000,2990,1,2,0,1.0,0.16725715968829138,neutral,BEAR,
2011-12-06,3001,2991,2,2,0,0.992721840030297,0.23092422125971754,neutral,BEAR,
2011-12-07,3002,2992,1,1,2,0.9966504156344427,0.14433616105382666,neutral,BEAR,
2011-12-08,3003,2993,2,2,0,0.9978310159632976,0.14876271072684716,neutral,BEAR,
2011-12-09,3004,2994,2,2,1,0.9856326723244309,0.5732179078693206,bear,BEAR,
2011-12-12,3005,2995,2,2,0,0.6603923473818601,0.3960796599225809,neutral,BEAR,
2011-12-13,3006,2996,0,2,1,1.0,0.43708465236873073,neutral,BEAR,
2011-12-14,3007,2997,2,1,0,0.22050906444038315,0.3919969078408788,neutral,BEAR,
2011-12-15,3008,2998,1,2,0,1.0,0.40797959720950877,neutral,BEAR,
2011-12-16,3009,2999,2,1,0,1.0,0.3147009424756621,neutral,BEAR,
2011-12-19,3010,3000,0,2,1,0.9999158110427729,0.34245035533812307,neutral,BEAR,
2011-12-20,3011,3001,2,1,0,0.8260603375330293,0.4081775001479649,neutral,BEAR,
2011-12-21,3012,3002,2,1,0,0.9998368419618142,0.22049883332032275,neutral,BEAR,
2011-12-22,3013,3003,0,2,1,1.0,0.3102308813099915,neutral,BEAR,
2011-12-23,3014,3004,1,2,0,1.0,0.36751337783237575,neutral,BEAR,
2011-12-27,3015,3005,0,1,2,1.0,0.36965251648557523,neutral,BEAR,
2011-12-28,3016,3006,0,1,2,0.970272024801878,0.3103733960698537,neutral,BEAR,
2011-12-29,3017,3007,0,2,1,0.9395400001279611,0.4293626901133932,neutral,BEAR,
2011-12-30,3018,3008,1,2,0,0.9335289556213596,0.3918294019934537,neutral,BEAR,
2012-01-03,3019,3009,1,2,0,0.9929953395778104,0.34220036731616016,neutral,BEAR,
2012-01-04,3020,3010,1,2,0,0.9999945070319697,0.4714998052491947,neutral,BEAR,
2012-01-05,3021,3011,2,1,0,0.45068697416598946,0.3101025993437732,neutral,BEAR,
2012-01-06,3022,3012,1,2,0,0.43999907271716826,0.3119304157928488,neutral,BEAR,
2012-01-09,3023,3013,0,2,0,0.8464690923730145,0.5225087725500763,bull,BULL,
2012-01-10,3024,3014,0,2,0,0.8630870117011656,0.5444031501291983,bull,BULL,
2012-01-11,3025,3015,0,2,0,0.4453643478878725,0.44188695144189083,neutral,BULL,
2012-01-12,3026,3016,0,2,0,0.08260651515785754,0.5460773267160949,neutral,BULL,
2012-01-13,3027,3017,0,2,0,0.6402355449254652,0.5472194687632499,bull,BULL,
2012-01-17,3028,3018,0,1,0,0.8867577203042686,0.48643155318285025,neutral,BULL,
2012-01-18,3029,3019,0,1,0,1.0,0.5360395185856689,bull,BULL,
2012-01-19,3030,3020,0,1,0,0.9740573140223776,0.3620825040066446,neutral,BULL,
2012-01-20,3031,3021,2,1,2,0.7689724654183835,0.5190167088258628,bull,BULL,
2012-01-23,3032,3022,2,1,2,0.46985706263055166,0.5467577326137631,bull,BULL,
2012-01-24,3033,3023,0,2,0,0.700612991019152,0.5479098322741027,bull,BULL,
2012-01-25,3034,3024,1,2,1,0.7983629219621808,0.5381379892986032,bull,BULL,
2012-01-26,3035,3025,2,1,2,0.6939423095494341,0.4573312456193158,neutral,BULL,
2012-01-27,3036,3026,2,1,2,0.7855337797938565,0.4866014762125885,neutral,BULL,
2012-01-30,3037,3027,0,2,0,0.8102321807264705,0.5422062294785854,bull,BULL,
2012-01-31,3038,3028,1,2,1,1.0,0.5166793737281675,bull,BULL,
2012-02-01,3039,3029,2,1,2,1.0,0.5456276565045859,bull,BULL,
2012-02-02,3040,3030,0,2,0,1.0,0.4471516246224116,neutral,BULL,
2012-02-03,3041,3031,1,2,1,0.9999999860319613,0.5477154937227953,bull,BULL,
2012-02-06,3042,3032,0,1,0,0.9994615358147608,0.2599207416775292,neutral,BULL,
2012-02-07,3043,3033,1,2,1,0.8703004472670814,0.543640302790392,bull,BULL,
2012-02-08,3044,3034,1,2,1,0.6222665773415541,0.5462895612996026,bull,BULL,
2012-02-09,3045,3035,0,1,0,0.6249584306856821,0.16637500417336828,neutral,BULL,
2012-02-10,3046,3036,1,2,0,0.8043727811932978,0.45356790645103956,neutral,BULL,
2012-02-13,3047,3037,0,2,1,0.726039706318122,0.3634102904672558,neutral,BULL,
2012-02-14,3048,3038,0,2,1,0.5543635876028139,0.34192119579290414,neutral,BULL,
2012-02-15,3049,3039,1,2,1,0.8939958117096681,0.5385359966253818,bull,BULL,
2012-02-16,3050,3040,2,1,2,0.9970752031386442,0.49492900912314786,neutral,BULL,
2012-02-17,3051,3041,2,1,2,1.0,0.37459526300103874,neutral,BULL,
2012-02-21,3052,3042,0,1,0,0.9763591885507256,0.5436390493758015,bull,BULL,
2012-02-22,3053,3043,0,1,0,0.9067450573008757,0.5466244227149215,bull,BULL,
2012-02-23,3054,3044,0,2,0,0.7885877546587129,0.5140669609759366,bull,BULL,
2012-02-24,3055,3045,0,2,0,0.9985588985447587,0.5303823367701695,bull,BULL,
2012-02-27,3056,3046,0,1,0,0.9924644388884276,0.5466093924175416,bull,BULL,
2012-02-28,3057,3047,0,1,0,0.9978816499277064,0.5478587736715557,bull,BULL,
2012-02-29,3058,3048,0,1,0,1.0,0.5439429519076739,bull,BULL,
2012-03-01,3059,3049,0,1,0,1.0,0.508968953812139,bull,BULL,
2012-03-02,3060,3050,0,1,0,0.9999999952963016,0.5037025004905877,bull,BULL,
2012-03-05,3061,3051,1,2,1,1.0,0.5214790066599928,bull,BULL,
2012-03-06,3062,3052,0,1,0,1.0,0.5062776267894101,bull,BULL,
2012-03-07,3063,3053,1,2,1,1.0,0.21609124013688688,neutral,BULL,
2012-03-08,3064,3054,0,1,0,0.9906937642541116,0.4867845533948053,neutral,BULL,
2012-03-09,3065,3055,2,1,2,1.0,0.41201493140774603,neutral,BULL,
2012-03-12,3066,3056,0,2,0,1.0,0.5362578319429617,bull,BULL,
2012-03-13,3067,3057,0,2,0,0.9998614043874893,0.5466942980591875,bull,BULL,
2012-03-14,3068,3058,0,1,0,0.273500870585459,0.09609228835487714,neutral,BULL,
2012-03-15,3069,3059,2,1,0,1.0,0.3135353492707519,neutral,BULL,
2012-03-16,3070,3060,2,1,0,1.0,0.32761918524684974,neutral,BULL,
2012-03-19,3071,3061,1,2,0,0.9931994150120504,0.3205933409090551,neutral,BULL,
2012-03-20,3072,3062,0,1,2,0.9202887544855831,0.31301729989854354,neutral,BULL,
2012-03-21,3073,3063,0,2,1,1.0,0.3247137577809833,neutral,BULL,
2012-03-22,3074,3064,2,1,0,0.9332600503651017,0.3165061610724168,neutral,BULL,
2012-03-23,3075,3065,2,1,0,0.24964767651204137,0.36719381945632507,neutral,BULL,
2012-03-26,3076,3066,0,2,0,1.0,0.5412526093278054,bull,BULL,
2012-03-27,3077,3067,1,2,1,0.9999619552619369,0.24413210821327544,neutral,BULL,
2012-03-28,3078,3068,0,2,0,0.5481772036239319,0.45059086256964576,neutral,BULL,
2012-03-29,3079,3069,2,1,2,0.9999428193967382,0.4781928538737738,neutral,BULL,
2012-03-30,3080,3070,0,2,0,0.9999193484798024,0.5329712247909281,bull,BULL,
2012-04-02,3081,3071,2,1,2,0.9998910597884444,0.5337869917881575,bull,BULL,
2012-04-03,3082,3072,1,2,1,0.9978307244454532,0.4791429523647396,neutral,BULL,
2012-04-04,3083,3073,1,2,1,0.9963246962118638,0.49925711359083735,neutral,BULL,
2012-04-05,3084,3074,0,1,0,0.9940356531571688,0.35249654580037515,neutral,BULL,
2012-04-09,3085,3075,1,2,1,0.9990259635975705,0.5426915355041014,bull,BULL,
2012-04-10,3086,3076,0,2,0,0.9200286177317475,0.31103851137988286,neutral,BULL,
2012-04-11,3087,3077,1,2,0,1.0,0.4354870073346818,neutral,BULL,
2012-04-12,3088,3078,2,1,0,1.0,0.35700177514349907,neutral,BULL,
2012-04-13,3089,3079,0,1,2,1.0,0.4391328504801435,neutral,BULL,
2012-04-16,3090,3080,0,1,2,0.999999995395524,0.4207825862753126,neutral,BULL,
2012-04-17,3091,3081,0,2,1,1.0,0.3121624133073173,neutral,BULL,
2012-04-18,3092,3082,2,1,0,1.0,0.4633882486492467,neutral,BULL,
2012-04-19,3093,3083,2,1,0,0.5388707543619994,0.32800320249112,neutral,BULL,
2012-04-20,3094,3084,2,1,0,0.20917778518824098,0.35804012831019505,neutral,BULL,
2012-04-23,3095,3085,0,1,0,0.9710356443969406,0.5475328485031784,bull,BULL,
2012-04-24,3096,3086,0,1,0,0.9594920351055525,0.3999464286933136,neutral,BULL,
2012-04-25,3097,3087,0,1,0,0.9975830294471643,0.5357416313028124,bull,BULL,
2012-04-26,3098,3088,0,1,0,0.9917468247460898,0.25166273677446827,neutral,BULL,
2012-04-27,3099,3089,0,1,0,0.879019884439556,0.48536245909251324,neutral,BULL,
2012-04-30,3100,3090,0,1,0,0.6111495643363104,0.5470002010827192,bull,BULL,
2012-05-01,3101,3091,0,1,0,0.6738720215774626,0.5067428343489458,bull,BULL,
2012-05-02,3102,3092,0,1,0,0.2465080570274512,0.5016494449176047,neutral,BULL,
2012-05-03,3103,3093,1,2,1,0.07395596191712493,0.5174678704405339,neutral,BULL,
2012-05-04,3104,3094,0,1,0,0.49226940849868617,0.4299218477566283,neutral,BULL,
2012-05-07,3105,3095,0,2,1,0.9744686457449688,0.44046575950773376,neutral,BULL,
2012-05-08,3106,3096,2,1,0,0.9234133649155014,0.3097041279715476,neutral,BULL,
2012-05-09,3107,3097,2,1,0,1.0,0.33380644536269677,neutral,BULL,
2012-05-10,3108,3098,2,2,0,0.15610438860894352,0.4246910703124676,neutral,BULL,
2012-05-11,3109,3099,2,1,0,0.999999738673524,0.3101909829794899,neutral,BULL,
2012-05-14,3110,3100,1,2,0,0.9999740309066342,0.32501403793056405,neutral,BULL,
2012-05-15,3111,3101,2,1,0,0.8936106371366956,0.4132479945713988,neutral,BULL,
2012-05-16,3112,3102,2,1,0,0.9690677086839405,0.35152838722357715,neutral,BULL,
2012-05-17,3113,3103,2,1,0,1.0,0.33198480394872987,neutral,BULL,
2012-05-18,3114,3104,0,2,1,0.9957479540400592,0.43916661158280373,neutral,BULL,
2012-05-21,3115,3105,2,1,0,0.37154051305105507,0.3843760285100441,neutral,BULL,
2012-05-22,3116,3106,2,1,0,0.5987027549866235,0.4756706314033365,neutral,BULL,
2012-05-23,3117,3107,2,1,0,0.9431933629447004,0.3097437832142253,neutral,BULL,
2012-05-24,3118,3108,2,1,0,1.0,0.3101564177354235,neutral,BULL,
2012-05-25,3119,3109,2,1,0,1.0,0.3101657438017607,neutral,BULL,
2012-05-29,3120,3110,2,1,0,0.27890628049249977,0.32827807656928376,neutral,BULL,
2012-05-30,3121,3111,0,1,0,0.8347472075722968,0.3197114373263544,neutral,BULL,
2012-05-31,3122,3112,0,1,0,0.9170801343971973,0.20567283106306672,neutral,BULL,
2012-06-01,3123,3113,1,2,1,0.9404090195393217,0.5267818169884173,bull,BULL,
2012-06-04,3124,3114,2,1,0,1.0,0.30613544823784367,neutral,BULL,
2012-06-05,3125,3115,2,2,0,0.46455351986114585,0.22301735913389695,neutral,BULL,
2012-06-06,3126,3116,0,1,2,1.0,0.34991104446008364,neutral,BULL,
2012-06-07,3127,3117,0,1,2,1.0,0.4142555867949339,neutral,BULL,
2012-06-08,3128,3118,1,2,0,0.8783485924923775,0.1378006222991696,neutral,BULL,
2012-06-11,3129,3119,1,2,0,0.9999997441440744,0.35582556459993464,neutral,BULL,
2012-06-12,3130,3120,1,2,0,1.0,0.4279115666672947,neutral,BULL,
2012-06-13,3131,3121,0,2,1,1.0,0.4117257584278545,neutral,BULL,
2012-06-14,3132,3122,2,1,0,1.0,0.35886691728220776,neutral,BULL,
2012-06-15,3133,3123,2,1,0,0.9991901777832252,0.39723843807778486,neutral,BULL,
2012-06-18,3134,3124,2,1,0,1.0,0.32438932184258445,neutral,BULL,
2012-06-19,3135,3125,0,1,2,1.0,0.3103882039667346,neutral,BULL,
2012-06-20,3136,3126,0,2,1,0.5634498756375346,0.38209982619054234,neutral,BULL,
2012-06-21,3137,3127,2,0,1,0.9087774087020049,0.3173601657034389,neutral,BULL,
2012-06-22,3138,3128,0,1,2,0.8117347116405561,0.36241257866892695,neutral,BULL,
2012-06-25,3139,3129,2,1,0,0.7931308623661769,0.3530245021721015,neutral,BULL,
2012-06-26,3140,3130,2,0,1,0.8377595760320498,0.4371387659461808,neutral,BULL,
2012-06-27,3141,3131,0,1,2,0.9840623341444275,0.32424279510422005,neutral,BULL,
2012-06-28,3142,3132,0,2,1,0.8415903671686952,0.3724292437088391,neutral,BULL,
2012-06-29,3143,3133,0,1,2,0.8930613957803832,0.3249712603107215,neutral,BULL,
2012-07-02,3144,3134,1,2,0,1.0,0.35535938933161354,neutral,BULL,
2012-07-03,3145,3135,0,1,2,1.0,0.31287763395957446,neutral,BULL,
2012-07-05,3146,3136,2,1,0,0.9563769828545664,0.339425140745812,neutral,BULL,
2012-07-06,3147,3137,0,1,2,0.7412106720114817,0.3385968321910947,neutral,BULL,
2012-07-09,3148,3138,0,2,1,0.8514625964716169,0.3948123279116149,neutral,BULL,
2012-07-10,3149,3139,1,2,0,0.884057899019801,0.3156592928703196,neutral,BULL,
2012-07-11,3150,3140,0,2,1,1.0,0.3858620189610749,neutral,BULL,
2012-07-12,3151,3141,1,2,0,1.0,0.3108105531285889,neutral,BULL,
2012-07-13,3152,3142,1,2,0,0.9993698527116626,0.3419038072955347,neutral,BULL,
2012-07-16,3153,3143,2,1,0,0.38093516185541004,0.47655024069002605,neutral,BULL,
2012-07-17,3154,3144,1,2,0,0.34284203140937614,0.32135081060826265,neutral,BULL,
2012-07-18,3155,3145,0,1,2,0.3137576114331862,0.3428196627970707,neutral,BULL,
2012-07-19,3156,3146,1,2,1,0.7059175783967653,0.47483550431753513,neutral,BULL,
2012-07-20,3157,3147,1,2,1,0.3219517112374818,0.5430638846364034,bull,BULL,
2012-07-23,3158,3148,0,1,0,0.2256675126798044,0.3757904991846918,neutral,BULL,
2012-07-24,3159,3149,2,1,0,0.8032659317368349,0.4017643168871397,neutral,BULL,
2012-07-25,3160,3150,0,2,1,0.8664103794576317,0.3857835373770469,neutral,BULL,
2012-07-26,3161,3151,2,1,0,0.9207035011715123,0.31238336551515933,neutral,BULL,
2012-07-27,3162,3152,1,2,0,0.4066494014869624,0.4735186800943328,neutral,BULL,
2012-07-30,3163,3153,2,1,0,1.0,0.47363849237925015,neutral,BULL,
2012-07-31,3164,3154,1,2,0,1.0,0.31138855824089473,neutral,BULL,
2012-08-01,3165,3155,0,2,1,1.0,0.35578010471682486,neutral,BULL,
2012-08-02,3166,3156,0,2,1,1.0,0.31857252728936664,neutral,BULL,
2012-08-03,3167,3157,0,1,2,1.0,0.3655359557189397,neutral,BULL,
2012-08-06,3168,3158,0,1,2,0.9146162415633843,0.27396780299926793,neutral,BULL,
2012-08-07,3169,3159,0,2,1,0.8260924255238791,0.3585392530370469,neutral,BULL,
2012-08-08,3170,3160,1,2,0,0.9998237099936976,0.3238243017032734,neutral,BULL,
2012-08-09,3171,3161,2,1,0,1.0,0.3107035096854743,neutral,BULL,
2012-08-10,3172,3162,2,1,0,0.8422316765149472,0.31095882304150874,neutral,BULL,
2012-08-13,3173,3163,2,1,0,0.9960642585466686,0.3109808754832024,neutral,BULL,
2012-08-14,3174,3164,0,1,2,1.0,0.31409916889650297,neutral,BULL,
2012-08-15,3175,3165,2,1,0,0.968160216317651,0.3123753097862575,neutral,BULL,
2012-08-16,3176,3166,0,1,2,0.46241821293126034,0.3111935704926436,neutral,BULL,
2012-08-17,3177,3167,1,2,1,0.9999991049042428,0.4747730881700536,neutral,BULL,
2012-08-20,3178,3168,0,1,0,0.9996597395369096,0.5452288849499941,bull,BULL,
2012-08-21,3179,3169,0,2,0,0.999859356004533,0.5425846936747073,bull,BULL,
2012-08-22,3180,3170,0,1,0,0.9999516083801041,0.5144341747753368,bull,BULL,
2012-08-23,3181,3171,0,1,0,0.9999891567291073,0.5444266093172441,bull,BULL,
2012-08-24,3182,3172,0,1,0,0.9999954866632674,0.4025180746935809,neutral,BULL,
2012-08-27,3183,3173,0,1,0,0.9999981768894274,0.504240429096848,bull,BULL,
2012-08-28,3184,3174,0,1,0,0.9999999661590734,0.5426261017946722,bull,BULL,
2012-08-29,3185,3175,1,2,1,0.999999999691742,0.5365428518111325,bull,BULL,
2012-08-30,3186,3176,1,2,1,0.9999999999998304,0.5452304463849225,bull,BULL,
2012-08-31,3187,3177,0,2,0,0.9999999368143107,0.42812451401926754,neutral,BULL,
2012-09-04,3188,3178,1,2,1,0.9999999979027898,0.528707513464433,bull,BULL,
2012-09-05,3189,3179,0,1,0,0.9999999999999276,0.5400336184569953,bull,BULL,
2012-09-06,3190,3180,0,2,0,1.0,0.5368575475704436,bull,BULL,
2012-09-07,3191,3181,0,1,0,0.9905422421765521,0.04521627090610418,neutral,BULL,
2012-09-10,3192,3182,0,1,0,0.6206103874527322,0.532886463991731,bull,BULL,
2012-09-11,3193,3183,2,1,2,0.31487010456797293,0.46466100073995187,neutral,BULL,
2012-09-12,3194,3184,2,1,0,0.9748923399017005,0.3132113250506326,neutral,BULL,
2012-09-13,3195,3185,2,1,0,1.0,0.31513128303183796,neutral,BULL,
2012-09-14,3196,3186,2,1,0,0.9998606349037868,0.4651247427530681,neutral,BULL,
2012-09-17,3197,3187,1,2,0,0.8348486743643132,0.3199452217486105,neutral,BULL,
2012-09-18,3198,3188,1,2,0,0.854586139356128,0.3284522959871522,neutral,BULL,
2012-09-19,3199,3189,0,2,1,1.0,0.31521530823166694,neutral,BULL,
2012-09-20,3200,3190,2,1,0,0.9922176344297193,0.31224630190482944,neutral,BULL,
2012-09-21,3201,3191,0,2,1,0.8940356350592898,0.3131960976259904,neutral,BULL,
2012-09-24,3202,3192,2,0,1,0.6689646020002229,0.3530802030622833,neutral,BULL,
2012-09-25,3203,3193,2,1,0,0.1027075045452062,0.3187878870839562,neutral,BULL,
2012-09-26,3204,3194,1,2,1,0.933516032561213,0.32816146117603706,neutral,BULL,
2012-09-27,3205,3195,0,1,0,0.5660386249790899,0.4676559453908998,neutral,BULL,
2012-09-28,3206,3196,1,2,1,0.45683532156931567,0.4180437101607815,neutral,BULL,
2012-10-01,3207,3197,2,1,2,0.45995076974580495,0.48632059440911,neutral,BULL,
2012-10-02,3208,3198,2,1,2,0.5913335920090836,0.5415853200947026,bull,BULL,
2012-10-03,3209,3199,1,2,1,0.7870006526848103,0.5447675792202852,bull,BULL,
2012-10-04,3210,3200,1,2,1,0.9564458994336938,0.5301706656111028,bull,BULL,
2012-10-05,3211,3201,0,1,0,0.990639488050702,0.4807235993309774,neutral,BULL,
2012-10-08,3212,3202,0,1,0,0.982737359323663,0.5431507939440746,bull,BULL,
2012-10-09,3213,3203,0,1,0,0.982813380921369,0.5086270317154875,bull,BULL,
2012-10-10,3214,3204,0,1,0,0.9846212400869268,0.3514825849724884,neutral,BULL,
2012-10-11,3215,3205,2,1,2,0.9841351609676791,0.44980152388393035,neutral,BULL,
2012-10-12,3216,3206,1,2,1,0.9391417799903018,0.5441400153304481,bull,BULL,
2012-10-15,3217,3207,0,1,0,0.7962198720280041,0.511011146462683,bull,BULL,
2012-10-16,3218,3208,2,1,2,0.7810115516422451,0.4487292417286577,neutral,BULL,
2012-10-17,3219,3209,0,1,0,0.70391995056633,0.392531838651399,neutral,BULL,
2012-10-18,3220,3210,0,1,0,0.4721222732321041,0.5257414095117483,bull,BULL,
2012-10-19,3221,3211,1,2,1,0.562236930077688,0.5202047888959834,bull,BULL,
2012-10-22,3222,3212,2,1,2,0.6706391141597606,0.14308340388365798,neutral,BULL,
2012-10-23,3223,3213,2,1,2,0.7544668313990673,0.5414944392529464,bull,BULL,
2012-10-24,3224,3214,1,2,0,0.979259333303996,0.43167684439446086,neutral,BULL,
2012-10-25,3225,3215,0,1,2,1.0,0.32753456473907894,neutral,BULL,
2012-10-26,3226,3216,1,2,0,1.0,0.31452299098472924,neutral,BULL,
2012-10-31,3227,3217,2,1,0,0.9998690868903362,0.31549446408411097,neutral,BULL,
2012-11-01,3228,3218,1,2,0,0.9855415758221686,0.3136984601394387,neutral,BULL,
2012-11-02,3229,3219,0,1,2,1.0,0.39457283931859766,neutral,BULL,
2012-11-05,3230,3220,2,1,0,0.9961579672676896,0.3897798011273094,neutral,BULL,
2012-11-06,3231,3221,0,1,0,0.9921778119421445,0.5436280941157484,bull,BULL,
2012-11-07,3232,3222,0,1,0,0.9978013278029896,0.4628421185699272,neutral,BULL,
2012-11-08,3233,3223,0,2,0,0.9906130316333458,0.03838959084451846,neutral,BULL,
2012-11-09,3234,3224,2,1,2,0.13177657085315456,0.28540923016794956,neutral,BULL,
2012-11-12,3235,3225,2,1,0,1.0,0.31235431038545836,neutral,BULL,
2012-11-13,3236,3226,0,2,1,1.0,0.312527597785911,neutral,BULL,
2012-11-14,3237,3227,2,1,0,0.9815774290662741,0.33204115127337547,neutral,BULL,
2012-11-15,3238,3228,2,1,0,0.4017780210513238,0.4319324494127982,neutral,BULL,
2012-11-16,3239,3229,1,1,0,0.9122230345207509,0.16064482486342302,neutral,BULL,
2012-11-19,3240,3230,2,1,0,0.4409040944096977,0.32574547954075717,neutral,BULL,
2012-11-20,3241,3231,0,2,1,0.9520022258607735,0.45155882610445364,neutral,BULL,
2012-11-21,3242,3232,0,2,1,0.774804719527004,0.3136475482426862,neutral,BULL,
2012-11-23,3243,3233,2,1,0,0.6588736752593287,0.3133076092387205,neutral,BULL,
2012-11-26,3244,3234,1,2,0,1.0,0.44615071672879275,neutral,BULL,
2012-11-27,3245,3235,1,2,0,0.9999998856862578,0.3231908327474822,neutral,BULL,
2012-11-28,3246,3236,1,2,0,0.9873824521859724,0.3475141434047937,neutral,BULL,
2012-11-29,3247,3237,2,1,0,0.7713505698814833,0.3595181177858146,neutral,BULL,
2012-11-30,3248,3238,2,1,0,0.9261712845282616,0.32394463022742087,neutral,BULL,
2012-12-03,3249,3239,1,2,0,1.0,0.31440345674981973,neutral,BULL,
2012-12-04,3250,3240,0,2,1,0.18328040227151757,0.34653890683772826,neutral,BULL,
2012-12-05,3251,3241,0,1,0,0.9580037974998362,0.5314815295128373,bull,BULL,
2012-12-06,3252,3242,1,2,1,0.9987003143591549,0.5429280553823032,bull,BULL,
2012-12-07,3253,3243,0,1,0,0.9999999180747372,0.535638811954363,bull,BULL,
2012-12-10,3254,3244,0,1,0,0.9999959039026605,0.5384678206292975,bull,BULL,
2012-12-11,3255,3245,2,1,2,0.9999876707233705,0.5424363094469059,bull,BULL,
2012-12-12,3256,3246,0,1,0,0.999983113988799,0.48675256309729564,neutral,BULL,
2012-12-13,3257,3247,0,1,0,0.9994137943062121,0.5429328227038039,bull,BULL,
2012-12-14,3258,3248,2,1,2,0.99926327252563,0.45430807136481755,neutral,BULL,
2012-12-17,3259,3249,2,1,2,0.9992447516651458,0.5032368368883661,bull,BULL,
2012-12-18,3260,3250,0,1,0,0.9966674410181475,0.3329632875404044,neutral,BULL,
2012-12-19,3261,3251,0,1,0,0.8672282013751824,0.35625775834704254,neutral,BULL,
2012-12-20,3262,3252,1,2,1,0.9147747701742969,0.42217217864462214,neutral,BULL,
2012-12-21,3263,3253,1,2,1,0.8482118714014094,0.5065927485158628,bull,BULL,
2012-12-24,3264,3254,1,2,1,0.8891910262965632,0.1619082474207424,neutral,BULL,
2012-12-26,3265,3255,1,2,1,0.8738595918238597,0.5118477677280843,bull,BULL,
2012-12-27,3266,3256,0,1,0,0.6373322196493045,0.4941239856915987,neutral,BULL,
2012-12-28,3267,3257,2,1,2,0.30270587110492253,0.5318675492828516,bull,BULL,
2012-12-31,3268,3258,0,2,1,1.0,0.410259664313913,neutral,BULL,
2013-01-02,3269,3259,1,2,0,1.0,0.47491752445320484,neutral,BULL,
2013-01-03,3270,3260,0,2,1,1.0,0.3354134138661812,neutral,BULL,
2013-01-04,3271,3261,2,1,0,0.999996088268536,0.3240822796953771,neutral,BULL,
2013-01-07,3272,3262,2,1,0,0.7898328158871853,0.3223709802041809,neutral,BULL,
2013-01-08,3273,3263,1,2,0,0.6168034753135135,0.3270315802579812,neutral,BULL,
2013-01-09,3274,3264,2,1,0,0.4922689581205615,0.3281038124123353,neutral,BULL,
2013-01-10,3275,3265,2,1,0,0.4609642660518002,0.3150519477515118,neutral,BULL,
2013-01-11,3276,3266,0,1,2,0.4563290360621547,0.35808141120505566,neutral,BULL,
2013-01-14,3277,3267,0,2,1,0.7686206222943228,0.31521583776345213,neutral,BULL,
2013-01-15,3278,3268,2,1,0,0.6204950957936215,0.3171076765865221,neutral,BULL,
2013-01-16,3279,3269,2,1,2,0.9999951640140319,0.5422393553060652,bull,BULL,
2013-01-17,3280,3270,1,2,1,0.999988300003459,0.5397688550943669,bull,BULL,
2013-01-18,3281,3271,2,1,2,0.9997126736134607,0.49393844199389414,neutral,BULL,
2013-01-22,3282,3272,0,2,0,0.9938248966891225,0.5421850704626345,bull,BULL,
2013-01-23,3283,3273,1,2,1,0.9320882792891287,0.5124423562146004,bull,BULL,
2013-01-24,3284,3274,0,1,0,0.9160076782123007,0.5439783870184888,bull,BULL,
2013-01-25,3285,3275,1,2,1,0.9449330733040329,0.542013886865023,bull,BULL,
2013-01-28,3286,3276,2,1,2,0.7335000335494367,0.5088947719935435,bull,BULL,
2013-01-29,3287,3277,1,0,1,0.6416648883029997,0.5326933163357205,bull,BULL,
2013-01-30,3288,3278,1,2,1,0.5922458621987896,0.5314323455673974,bull,BULL,
2013-01-31,3289,3279,1,2,1,0.8579175662299291,0.4985003484893318,neutral,BULL,
2013-02-01,3290,3280,1,2,1,0.9968430239782985,0.5211723310053945,bull,BULL,
2013-02-04,3291,3281,0,1,0,0.997784178417216,0.392578918146345,neutral,BULL,
2013-02-05,3292,3282,1,2,1,0.9999762846380996,0.3138500895641109,neutral,BULL,
2013-02-06,3293,3283,0,1,0,0.9999746001875319,0.3978374629288489,neutral,BULL,
2013-02-07,3294,3284,0,2,0,0.9999527124211776,0.5430495562298524,bull,BULL,
2013-02-08,3295,3285,0,1,0,0.999995889776526,0.5325174994414259,bull,BULL,
2013-02-11,3296,3286,2,1,2,0.9996947395045753,0.5112720226337593,bull,BULL,
2013-02-12,3297,3287,0,1,0,0.9990253552326048,0.5397361270705265,bull,BULL,
2013-02-13,3298,3288,0,2,0,0.9946289551769422,0.5443515880846134,bull,BULL,
2013-02-14,3299,3289,1,2,1,0.9926284042463034,0.5442674049553327,bull,BULL,
2013-02-15,3300,3290,0,1,0,0.9986467234247071,0.5441699660872182,bull,BULL,
2013-02-19,3301,3291,0,2,0,0.9976173241570935,0.5343715142384575,bull,BULL,
2013-02-20,3302,3292,0,1,0,0.9999375723291282,0.4716111986114284,neutral,BULL,
2013-02-21,3303,3293,0,1,0,0.999979460389834,0.2679834882949513,neutral,BULL,
2013-02-22,3304,3294,0,2,0,0.9992729031451011,0.4552832701516371,neutral,BULL,
2013-02-25,3305,3295,1,2,1,0.9998478695694502,0.40498591280852453,neutral,BULL,
2013-02-26,3306,3296,0,1,0,0.8149033674022447,0.09127151205667568,neutral,BULL,
2013-02-27,3307,3297,0,1,0,0.607026574863595,0.48544791952363986,neutral,BULL,
2013-02-28,3308,3298,1,2,1,0.6223220046522238,0.2993865822220034,neutral,BULL,
2013-03-01,3309,3299,2,1,2,0.67858281197452,0.524345035240577,bull,BULL,
2013-03-04,3310,3300,2,1,2,0.7074046083842691,0.5361430945576537,bull,BULL,
2013-03-05,3311,3301,0,1,0,0.5109771928241965,0.5145636092283482,bull,BULL,
2013-03-06,3312,3302,0,1,0,0.04562963723979407,0.4323674112535649,neutral,BULL,
2013-03-07,3313,3303,0,2,1,1.0,0.31336085367222083,neutral,BULL,
2013-03-08,3314,3304,1,2,0,1.0,0.31360935756719094,neutral,BULL,
2013-03-11,3315,3305,2,1,0,0.9561239490126805,0.3220210339689386,neutral,BULL,
2013-03-12,3316,3306,1,2,0,1.0,0.3194573066753493,neutral,BULL,
2013-03-13,3317,3307,2,1,0,1.0,0.32526202735619025,neutral,BULL,
2013-03-14,3318,3308,0,2,1,1.0,0.31321097918328555,neutral,BULL,
2013-03-15,3319,3309,1,2,0,0.884171960083508,0.3294254477879707,neutral,BULL,
2013-03-18,3320,3310,2,1,0,0.10222189648874219,0.3547572855976844,neutral,BULL,
2013-03-19,3321,3311,1,2,1,0.9994209248491704,0.46708044762502654,neutral,BULL,
2013-03-20,3322,3312,2,1,2,0.9998488140064792,0.5216108938992644,bull,BULL,
2013-03-21,3323,3313,1,2,1,0.9999902717739516,0.4824552581481042,neutral,BULL,
2013-03-22,3324,3314,0,1,0,0.9998970578456259,0.3906648985625456,neutral,BULL,
2013-03-25,3325,3315,0,1,0,0.9998980860439792,0.45664929477616056,neutral,BULL,
2013-03-26,3326,3316,0,2,0,0.9999000330111008,0.4941689389838628,neutral,BULL,
2013-03-27,3327,3317,0,1,0,0.9997073212675113,0.45836292205780194,neutral,BULL,
2013-03-28,3328,3318,2,1,2,0.9994684997206655,0.5403933808361603,bull,BULL,
2013-04-01,3329,3319,0,2,0,0.9995920544519561,0.5378507272330201,bull,BULL,
2013-04-02,3330,3320,0,2,0,0.9994262020620635,0.4979523843538591,neutral,BULL,
2013-04-03,3331,3321,0,2,1,0.9973428794417284,0.5193341302304632,bull,BULL,
2013-04-04,3332,3322,0,2,0,0.9994323483662481,0.34148422868200223,neutral,BULL,
2013-04-05,3333,3323,2,1,0,0.9994433165841143,0.5306177107639732,bull,BULL,
2013-04-08,3334,3324,2,1,0,0.9999929998281615,0.48862794826214406,neutral,BULL,
2013-04-09,3335,3325,0,1,2,0.9999929198502919,0.48702622906329646,neutral,BULL,
2013-04-10,3336,3326,1,2,0,0.9999995811530326,0.5356003435753813,bull,BULL,
2013-04-11,3337,3327,0,2,0,0.9686296184329812,0.30981912151277835,neutral,BULL,
2013-04-12,3338,3328,0,1,0,0.4323674684324019,0.5369542300602909,bull,BULL,
2013-04-15,3339,3329,0,2,1,0.023089583067972822,0.5202069188298698,neutral,BULL,
2013-04-16,3340,3330,2,1,0,1.0,0.32759555466706297,neutral,BULL,
2013-04-17,3341,3331,0,2,1,1.0,0.46377951313484767,neutral,BULL,
2013-04-18,3342,3332,2,1,0,1.0,0.43323935830821864,neutral,BULL,
2013-04-19,3343,3333,2,1,0,1.0,0.36025990147621034,neutral,BULL,
2013-04-22,3344,3334,0,1,2,1.0,0.3673611928460913,neutral,BULL,
2013-04-23,3345,3335,2,1,0,1.0,0.3221850801311191,neutral,BULL,
2013-04-24,3346,3336,0,2,1,1.0,0.3938305319836308,neutral,BULL,
2013-04-25,3347,3337,1,2,1,1.0,0.3137474723822457,neutral,BULL,
2013-04-26,3348,3338,0,2,0,1.0,0.3208062139163641,neutral,BULL,
2013-04-29,3349,3339,0,2,1,1.0,0.32166791093820957,neutral,BULL,
2013-04-30,3350,3340,2,1,0,1.0,0.3426962451810029,neutral,BULL,
2013-05-01,3351,3341,0,1,2,1.0,0.31468061879161163,neutral,BULL,
2013-05-02,3352,3342,0,2,1,1.0,0.3890741026914955,neutral,BULL,
2013-05-03,3353,3343,0,2,1,0.7759316891931135,0.3770649539072615,neutral,BULL,
2013-05-06,3354,3344,2,1,0,0.8054085656546425,0.39083619131920405,neutral,BULL,
2013-05-07,3355,3345,2,1,2,0.8030033534863482,0.3151346618688978,neutral,BULL,
2013-05-08,3356,3346,1,2,1,1.0,0.32763060392541216,neutral,BULL,
2013-05-09,3357,3347,0,1,0,1.0,0.32404807956719295,neutral,BULL,
2013-05-10,3358,3348,0,1,0,1.0,0.3292870494378411,neutral,BULL,
2013-05-13,3359,3349,1,2,1,1.0,0.317439348872493,neutral,BULL,
2013-05-14,3360,3350,2,1,2,1.0,0.31424028322413255,neutral,BULL,
2013-05-15,3361,3351,0,2,0,0.9997866527463682,0.3956595931773219,neutral,BULL,
2013-05-16,3362,3352,0,2,0,1.0,0.3304348496872295,neutral,BULL,
2013-05-17,3363,3353,1,2,1,1.0,0.3447710479195053,neutral,BULL,
2013-05-20,3364,3354,1,2,1,1.0,0.3843975798999462,neutral,BULL,
2013-05-21,3365,3355,0,1,0,1.0,0.31682417634973836,neutral,BULL,
2013-05-22,3366,3356,0,2,0,1.0,0.3141698126033428,neutral,BULL,
2013-05-23,3367,3357,0,2,0,1.0,0.37363639050332265,neutral,BULL,
2013-05-24,3368,3358,2,1,2,0.5412099880017898,0.3300016097497302,neutral,BULL,
2013-05-28,3369,3359,0,2,1,0.9147299268089989,0.5342930037260247,bull,BULL,
2013-05-29,3370,3360,0,2,1,0.9997849095288444,0.5016596997161505,bull,BULL,
2013-05-30,3371,3361,0,1,2,0.9997770133543605,0.4429452308523878,neutral,BULL,
2013-05-31,3372,3362,0,1,2,0.9997598086586548,0.5322166260348666,bull,BULL,
2013-06-03,3373,3363,0,1,2,0.89680004956731,0.2071867891537089,neutral,BULL,
2013-06-04,3374,3364,2,1,0,0.8748057518189484,0.5094367649269751,bull,BULL,
2013-06-05,3375,3365,1,2,0,0.7912748331565926,0.4805431424920858,neutral,BULL,
2013-06-06,3376,3366,0,2,0,1.0,0.4301979676265477,neutral,BULL,
2013-06-07,3377,3367,2,1,2,1.0,0.3748959404895713,neutral,BULL,
2013-06-10,3378,3368,1,2,1,1.0,0.4356567382558336,neutral,BULL,
2013-06-11,3379,3369,1,2,1,0.9955935178918602,0.3158493166109608,neutral,BULL,
2013-06-12,3380,3370,0,2,0,0.6494230129921733,0.4053994774703089,neutral,BULL,
2013-06-13,3381,3371,0,1,0,0.8657104682229725,0.3837651288218418,neutral,BULL,
2013-06-14,3382,3372,2,1,2,0.2768864776483147,0.46775406353096927,neutral,BULL,
2013-06-17,3383,3373,1,2,1,0.2818400253958339,0.3613057443826738,neutral,BULL,
2013-06-18,3384,3374,0,2,1,0.7030855053795414,0.46325981685295364,neutral,BULL,
2013-06-19,3385,3375,1,2,1,0.8812687488741414,0.3588658251982416,neutral,BULL,
2013-06-20,3386,3376,1,2,1,0.22295515593776039,0.4293248693469982,neutral,BULL,
2013-06-21,3387,3377,1,2,1,1.0,0.2826109095746743,neutral,BULL,
2013-06-24,3388,3378,0,1,0,0.7508972673635769,0.32572312921087804,neutral,BULL,
2013-06-25,3389,3379,0,1,0,0.11154649420860437,0.4238080823845897,neutral,BULL,
2013-06-26,3390,3380,2,2,0,0.9435068216546426,0.20780555866590553,neutral,BULL,
2013-06-27,3391,3381,1,1,2,0.9509676465763466,0.21234466564203378,neutral,BULL,
2013-06-28,3392,3382,2,2,1,0.9172164704137492,0.16124087994544614,neutral,BULL,
2013-07-01,3393,3383,1,1,2,0.8905895665238854,0.16827005240916715,neutral,BULL,
2013-07-02,3394,3384,1,1,2,0.706811105529061,0.1617003644357996,neutral,BULL,
2013-07-03,3395,3385,0,1,0,1.0,0.319611974703597,neutral,BULL,
2013-07-05,3396,3386,1,2,1,0.8581961298633349,0.3156672137174362,neutral,BULL,
2013-07-08,3397,3387,1,2,1,1.0,0.402680865597993,neutral,BULL,
2013-07-09,3398,3388,2,1,2,1.0,0.33366881678486937,neutral,BULL,
2013-07-10,3399,3389,1,2,1,1.0,0.35000532653731803,neutral,BULL,
2013-07-11,3400,3390,2,1,2,1.0,0.31608076458047407,neutral,BULL,
2013-07-12,3401,3391,1,2,1,0.5169339295776155,0.4489461801796838,neutral,BULL,
2013-07-15,3402,3392,2,1,2,0.19313932627658112,0.31538727720037285,neutral,BULL,
2013-07-16,3403,3393,0,2,0,0.14622980801782748,0.32114019112443815,neutral,BULL,
2013-07-17,3404,3394,1,2,1,0.19169234237190957,0.3366172815256726,neutral,BULL,
2013-07-18,3405,3395,2,1,2,0.46045608973455576,0.31668782954760144,neutral,BULL,
2013-07-19,3406,3396,0,1,0,0.9999999827450061,0.333260717179567,neutral,BULL,
2013-07-22,3407,3397,0,1,0,1.0,0.3154363267292806,neutral,BULL,
2013-07-23,3408,3398,0,1,0,0.980791971468374,0.315739071399537,neutral,BULL,
2013-07-24,3409,3399,2,1,2,0.38362655070102547,0.3255608485394645,neutral,BULL,
2013-07-25,3410,3400,0,2,1,0.9995910256411723,0.5002569658764195,bull,BULL,
2013-07-26,3411,3401,0,2,1,0.9999338800485685,0.5393364658322164,bull,BULL,
2013-07-29,3412,3402,0,1,2,0.9999975395283244,0.5410239587210871,bull,BULL,
2013-07-30,3413,3403,0,2,1,0.9999996566011372,0.5090915137196136,bull,BULL,
2013-07-31,3414,3404,0,2,1,0.9999999999999909,0.5384597456176152,bull,BULL,
2013-08-01,3415,3405,0,2,1,1.0,0.5405666303553296,bull,BULL,
2013-08-02,3416,3406,0,1,2,0.9999973370606866,0.33647111540383295,neutral,BULL,
2013-08-05,3417,3407,0,1,2,0.9962475196194134,0.5411403105801162,bull,BULL,
2013-08-06,3418,3408,0,1,2,0.9761053054826363,0.5284731178968236,bull,BULL,
2013-08-07,3419,3409,2,1,0,0.9757589850996049,0.46036889873103776,neutral,BULL,
2013-08-08,3420,3410,0,1,2,0.9883098367747141,0.5071995347488163,bull,BULL,
2013-08-09,3421,3411,0,1,2,0.9918700925078096,0.5308191491710123,bull,BULL,
2013-08-12,3422,3412,1,2,0,0.9931692400389022,0.512067342009793,bull,BULL,
2013-08-13,3423,3413,0,2,1,0.9975628288204674,0.5309610721691536,bull,BULL,
2013-08-14,3424,3414,2,1,0,0.9997336116633404,0.5363368546502549,bull,BULL,
2013-08-15,3425,3415,0,2,1,0.9997679481434307,0.47351560152531225,neutral,BULL,
2013-08-16,3426,3416,0,1,2,0.6402829341848851,0.21866510746263018,neutral,BULL,
2013-08-19,3427,3417,2,1,2,1.0,0.33314488453751234,neutral,BULL,
2013-08-20,3428,3418,0,1,0,1.0,0.36213559874324114,neutral,BULL,
2013-08-21,3429,3419,2,1,2,1.0,0.32859239516679295,neutral,BULL,
2013-08-22,3430,3420,0,2,0,0.9297389604193388,0.35977159600937697,neutral,BULL,
2013-08-23,3431,3421,1,2,1,1.0,0.37752396427681345,neutral,BULL,
2013-08-26,3432,3422,2,1,2,1.0,0.31974707833666066,neutral,BULL,
2013-08-27,3433,3423,2,1,2,1.0,0.33674569753780015,neutral,BULL,
2013-08-28,3434,3424,2,1,0,0.9109353450892264,0.42399162921260414,neutral,BULL,
2013-08-29,3435,3425,1,2,1,0.10646023765584457,0.32075213495711674,neutral,BULL,
2013-08-30,3436,3426,2,1,0,0.9127840715111211,0.5407703552948671,bull,BULL,
2013-09-03,3437,3427,2,1,0,0.8555935633380196,0.5080264763150882,bull,BULL,
2013-09-04,3438,3428,1,2,0,0.8420986823261302,0.52166238186946,bull,BULL,
2013-09-05,3439,3429,0,2,1,0.8220938768696279,0.4473001932259412,neutral,BULL,
2013-09-06,3440,3430,1,2,0,0.741741993301145,0.5412351565642461,bull,BULL,
2013-09-09,3441,3431,2,1,0,0.746912833548856,0.5406008452194248,bull,BULL,
2013-09-10,3442,3432,0,1,2,0.25841723431315977,0.40706695513520846,neutral,BULL,
2013-09-11,3443,3433,1,2,1,1.0,0.3533821854525951,neutral,BULL,
2013-09-12,3444,3434,0,1,0,0.9904550014069758,0.31887929044107693,neutral,BULL,
2013-09-13,3445,3435,2,1,2,0.8055998650491585,0.3286060231062756,neutral,BULL,
2013-09-16,3446,3436,1,2,1,0.9406294356314266,0.31615177123961463,neutral,BULL,
2013-09-17,3447,3437,2,1,2,0.9146179093428191,0.33933442587456897,neutral,BULL,
2013-09-18,3448,3438,2,1,2,0.9674439903673149,0.32863919746816217,neutral,BULL,
2013-09-19,3449,3439,0,1,0,0.8541792030965475,0.42020845767351694,neutral,BULL,
2013-09-20,3450,3440,0,2,0,0.7603345287923771,0.32327633779611886,neutral,BULL,
2013-09-23,3451,3441,1,2,1,0.9975015139455778,0.4144368912179741,neutral,BULL,
2013-09-24,3452,3442,0,1,0,0.9782410848327459,0.34362434499654565,neutral,BULL,
2013-09-25,3453,3443,0,1,0,0.8654455336224512,0.3272713061360697,neutral,BULL,
2013-09-26,3454,3444,1,2,1,0.9443479389829539,0.3307464507428823,neutral,BULL,
2013-09-27,3455,3445,0,2,0,0.771318683042118,0.3249805559334157,neutral,BULL,
2013-09-30,3456,3446,2,1,2,0.8999263426761602,0.34463254957597095,neutral,BULL,
2013-10-01,3457,3447,0,2,0,0.9998877358660171,0.3507847390658708,neutral,BULL,
2013-10-02,3458,3448,1,2,1,0.9999005310954315,0.36440801986326365,neutral,BULL,
2013-10-03,3459,3449,0,2,0,0.44128381568242575,0.32121012426335815,neutral,BULL,
2013-10-04,3460,3450,1,2,0,0.9939066772228119,0.3696740391264123,neutral,BULL,
2013-10-07,3461,3451,0,1,2,0.9999284855601422,0.462520966773301,neutral,BULL,
2013-10-08,3462,3452,0,1,2,0.9992956563426323,0.3865738021870325,neutral,BULL,
2013-10-09,3463,3453,0,2,1,0.6208859583947354,0.29475859721231024,neutral,BULL,
2013-10-10,3464,3454,0,2,1,0.01191413039751034,0.5390623415721179,neutral,BULL,
2013-10-11,3465,3455,2,1,2,0.9101576898995936,0.42044821260295934,neutral,BULL,
2013-10-14,3466,3456,2,1,2,0.999994485131458,0.34633199356089955,neutral,BULL,
2013-10-15,3467,3457,0,2,0,0.9850463775889657,0.3265307724258742,neutral,BULL,
2013-10-16,3468,3458,1,2,1,0.9792272107061774,0.37000448315616075,neutral,BULL,
2013-10-17,3469,3459,1,2,1,0.729393081679091,0.4585839976050844,neutral,BULL,
2013-10-18,3470,3460,0,2,0,0.27313003234691835,0.35007017119290085,neutral,BULL,
2013-10-21,3471,3461,1,1,2,0.9495197355259024,0.16838255892104978,neutral,BULL,
2013-10-22,3472,3462,1,1,2,0.9754007803790319,0.1449046335782308,neutral,BULL,
2013-10-23,3473,3463,2,2,0,0.9456432985388743,0.1598368510234034,neutral,BULL,
2013-10-24,3474,3464,1,1,2,0.40599775506884106,0.1744115336324702,neutral,BULL,
2013-10-25,3475,3465,2,1,2,0.8058056146609185,0.3234011771672823,neutral,BULL,
2013-10-28,3476,3466,0,1,0,0.8632762330378825,0.3307147891337263,neutral,BULL,
2013-10-29,3477,3467,2,1,2,0.921598214107229,0.3183255412956334,neutral,BULL,
2013-10-30,3478,3468,1,2,1,0.9780943995685512,0.33674918042891816,neutral,BULL,
2013-10-31,3479,3469,0,2,0,0.19073771609040951,0.3470945755498958,neutral,BULL,
2013-11-01,3480,3470,0,1,2,0.9904255070766061,0.5123625533639192,bull,BULL,
2013-11-04,3481,3471,0,2,1,0.9976812175610233,0.5361876588238804,bull,BULL,
2013-11-05,3482,3472,0,2,1,0.9996456453529701,0.5289764654775951,bull,BULL,
2013-11-06,3483,3473,0,1,2,0.9997919811915144,0.5077445391891815,bull,BULL,
2013-11-07,3484,3474,0,1,2,0.9999991553581772,0.51129476588903,bull,BULL,
2013-11-08,3485,3475,2,1,2,0.9999851689143532,0.25809110500291527,neutral,BULL,
2013-11-11,3486,3476,0,1,2,0.9999024651920096,0.25239542680413574,neutral,BULL,
2013-11-12,3487,3477,0,2,1,0.9995760144920858,0.5372300074473406,bull,BULL,
2013-11-13,3488,3478,1,2,0,0.9997579892969444,0.5207687281790836,bull,BULL,
2013-11-14,3489,3479,0,2,1,0.9836110755270733,0.4518734860325645,neutral,BULL,
2013-11-15,3490,3480,0,1,2,0.7763958943270605,0.5126285969424572,bull,BULL,
2013-11-18,3491,3481,0,1,2,0.04307416055565521,0.5207312783560897,neutral,BULL,
2013-11-19,3492,3482,2,1,2,0.9999996585101083,0.3362517234580094,neutral,BULL,
2013-11-20,3493,3483,0,1,0,0.9999999999934439,0.32765684556235297,neutral,BULL,
2013-11-21,3494,3484,2,1,0,1.0,0.3333051477575761,neutral,BULL,
2013-11-22,3495,3485,0,2,0,0.1188141035710838,0.3655290332372467,neutral,BULL,
2013-11-25,3496,3486,0,2,1,0.7426285051178555,0.5123993661022475,bull,BULL,
2013-11-26,3497,3487,1,2,1,0.8254543665700773,0.5303665048684965,bull,BULL,
2013-11-27,3498,3488,0,2,1,0.9945878293657342,0.5375259755446051,bull,BULL,
2013-11-29,3499,3489,0,2,1,0.9961855190982449,0.5363368429737816,bull,BULL,
2013-12-02,3500,3490,0,2,0,0.9928518643878026,0.5335628433076353,bull,BULL,
2013-12-03,3501,3491,0,1,2,0.9928603554009884,0.515005468331074,bull,BULL,
2013-12-04,3502,3492,0,2,1,0.9954733064380102,0.48858008799703534,neutral,BULL,
2013-12-05,3503,3493,0,2,0,0.9988815282810142,0.5368192431466723,bull,BULL,
2013-12-06,3504,3494,0,1,0,0.9999517780069643,0.48804691800547495,neutral,BULL,
2013-12-09,3505,3495,0,2,0,0.999947660440852,0.3464537596116203,neutral,BULL,
2013-12-10,3506,3496,0,2,0,0.9996130927974611,0.5362021400059014,bull,BULL,
2013-12-11,3507,3497,0,2,0,0.9995530848928824,0.500264518631579,bull,BULL,
2013-12-12,3508,3498,2,1,2,0.9855328658893439,0.3017575359207972,neutral,BULL,
2013-12-13,3509,3499,0,1,0,0.88737386914716,0.5062643498622361,bull,BULL,
2013-12-16,3510,3500,0,2,0,0.7698324430133249,0.53754738940942,bull,BULL,
2013-12-17,3511,3501,1,2,1,0.8201557642736984,0.4939521814894534,neutral,BULL,
2013-12-18,3512,3502,0,1,0,0.7630708551618994,0.5064030748290881,bull,BULL,
2013-12-19,3513,3503,2,1,2,0.2168371454539334,0.11396441931006207,neutral,BULL,
2013-12-20,3514,3504,0,1,2,0.9871138215019915,0.32170872758996627,neutral,BULL,
2013-12-23,3515,3505,0,1,2,0.9999999999993331,0.3168405413271867,neutral,BULL,
2013-12-24,3516,3506,1,2,0,0.9992991454522601,0.33491531254209,neutral,BULL,
2013-12-26,3517,3507,2,1,0,0.9511819515869948,0.3191924053023998,neutral,BULL,
2013-12-27,3518,3508,2,1,0,0.7969016333746507,0.3325388576305443,neutral,BULL,
2013-12-30,3519,3509,1,2,0,0.8214116937222294,0.31980871036386593,neutral,BULL,
2013-12-31,3520,3510,2,1,0,0.9788289621313484,0.3192786310142502,neutral,BULL,
2014-01-02,3521,3511,2,1,0,0.9939211166128645,0.3320183388587892,neutral,BULL,
2014-01-03,3522,3512,1,2,0,0.12001681040366405,0.3970078749169028,neutral,BULL,
2014-01-06,3523,3513,0,2,0,0.9557698012209817,0.5354262910863105,bull,BULL,
2014-01-07,3524,3514,0,1,0,0.9924015761823576,0.5097316398913301,bull,BULL,
2014-01-08,3525,3515,0,2,0,0.9999372775868436,0.4910725427946129,neutral,BULL,
2014-01-09,3526,3516,0,1,0,0.9999835479570698,0.5376757737408443,bull,BULL,
2014-01-10,3527,3517,0,2,0,0.9999933995107878,0.5386941437350725,bull,BULL,
2014-01-13,3528,3518,0,1,0,0.9999849206534781,0.5310023057385369,bull,BULL,
2014-01-14,3529,3519,0,2,0,0.9964272431507859,0.2373132832717362,neutral,BULL,
2014-01-15,3530,3520,0,1,0,0.9970104149816295,0.35318953776680545,neutral,BULL,
2014-01-16,3531,3521,2,1,2,0.9965830300378224,0.5059950292898908,bull,BULL,
2014-01-17,3532,3522,0,2,0,0.9904524652347384,0.5287549584680332,bull,BULL,
2014-01-21,3533,3523,0,1,0,0.993311190981427,0.4895343527983209,neutral,BULL,
2014-01-22,3534,3524,0,1,0,0.9987206806550679,0.5328875619725416,bull,BULL,
2014-01-23,3535,3525,0,2,0,0.9981739553959375,0.5382908516618039,bull,BULL,
2014-01-24,3536,3526,2,1,2,0.9943231902296426,0.3977592694822646,neutral,BULL,
2014-01-27,3537,3527,2,1,0,0.992411932831565,0.35473178635695024,neutral,BULL,
2014-01-28,3538,3528,0,1,2,0.4494232002212306,0.3474006009387659,neutral,BULL,
2014-01-29,3539,3529,1,2,0,0.2064774493662382,0.34261088242120546,neutral,BULL,
2014-01-30,3540,3530,2,2,0,0.950467988528898,0.24890511154909395,neutral,BULL,
2014-01-31,3541,3531,2,2,0,0.927926893325833,0.22821922247498147,neutral,BULL,
2014-02-03,3542,3532,2,2,0,0.8939700611038464,0.18674932862279173,neutral,BULL,
2014-02-04,3543,3533,2,2,0,0.9779875070673111,0.6361834654055509,bear,BEAR,
2014-02-05,3544,3534,1,1,0,0.9639501507590982,0.17411490060227303,neutral,BEAR,
2014-02-06,3545,3535,2,2,0,0.686496613780162,0.14918494417130593,neutral,BEAR,
2014-02-07,3546,3536,1,2,0,0.9900161831561719,0.4472418340259751,neutral,BEAR,
2014-02-10,3547,3537,2,0,2,0.19971364371568645,0.33775161853954605,neutral,BEAR,
2014-02-11,3548,3538,1,2,0,0.8485975151724403,0.3187957742449816,neutral,BEAR,
2014-02-12,3549,3539,2,1,0,0.35752870771739276,0.4128950723092089,neutral,BEAR,
2014-02-13,3550,3540,1,2,0,0.12034229680059781,0.31802212798352403,neutral,BEAR,
2014-02-14,3551,3541,1,1,0,0.9709221268770302,0.15670670051550736,neutral,BEAR,
2014-02-18,3552,3542,2,2,0,0.9936865535743393,0.15918362143245665,neutral,BEAR,
2014-02-19,3553,3543,2,2,0,0.9870273742591578,0.14422151650645998,neutral,BEAR,
2014-02-20,3554,3544,2,2,0,0.9412947490541443,0.19795032623207126,neutral,BEAR,
2014-02-21,3555,3545,0,1,2,0.6246259087760456,0.34244044712660276,neutral,BEAR,
2014-02-24,3556,3546,1,2,0,0.9995555242621121,0.3218800219758078,neutral,BEAR,
2014-02-25,3557,3547,1,2,0,0.9787186328626092,0.3390503535629095,neutral,BEAR,
2014-02-26,3558,3548,2,1,2,0.9444438343644754,0.533639393969598,bull,BULL,
2014-02-27,3559,3549,2,1,2,0.9872586249925435,0.5356806373303042,bull,BULL,
2014-02-28,3560,3550,0,1,0,0.9957859799186651,0.5063623934073483,bull,BULL,
2014-03-03,3561,3551,0,2,0,0.9820029911506863,0.5345166606227049,bull,BULL,
2014-03-04,3562,3552,0,1,0,0.9859654364733476,0.42804018367784735,neutral,BULL,
2014-03-05,3563,3553,1,2,1,0.5243191357448558,0.22558920958669698,neutral,BULL,
2014-03-06,3564,3554,0,2,0,0.36702618061813064,0.5370646907131543,bull,BULL,
2014-03-07,3565,3555,0,2,1,1.0,0.3200653467194584,neutral,BULL,
2014-03-10,3566,3556,1,2,0,0.9942712582400882,0.3183181605848535,neutral,BULL,
2014-03-11,3567,3557,0,1,2,0.9986953760514242,0.3204254002017637,neutral,BULL,
2014-03-12,3568,3558,0,2,1,0.5875867801356004,0.34747269122665503,neutral,BULL,
2014-03-13,3569,3559,0,2,1,0.1139441894242584,0.31906528779834686,neutral,BULL,
2014-03-14,3570,3560,0,1,0,0.7310686504749018,0.303841819227544,neutral,BULL,
2014-03-17,3571,3561,2,1,0,0.9138545418364787,0.3312529196278283,neutral,BULL,
2014-03-18,3572,3562,2,1,0,0.42430418410018994,0.38206868427539487,neutral,BULL,
2014-03-19,3573,3563,0,2,0,0.5711579545683428,0.468873664758852,neutral,BULL,
2014-03-20,3574,3564,0,2,1,0.624080995007272,0.46937665069170403,neutral,BULL,
2014-03-21,3575,3565,0,2,1,0.7176955918279895,0.49598181184650614,neutral,BULL,
2014-03-24,3576,3566,0,2,1,0.859147336888346,0.39695108810231094,neutral,BULL,
2014-03-25,3577,3567,1,2,0,0.9246885214899415,0.4921656833150821,neutral,BULL,
2014-03-26,3578,3568,0,1,2,0.9478152660149313,0.5128368896769298,bull,BULL,
2014-03-27,3579,3569,1,2,0,0.9335886411155113,0.42493423865092417,neutral,BULL,
2014-03-28,3580,3570,0,2,1,0.858329361323372,0.5202893637212412,bull,BULL,
2014-03-31,3581,3571,0,1,2,0.9399785449414412,0.509723856904205,bull,BULL,
2014-04-01,3582,3572,0,1,2,0.911477494518849,0.4422166490870464,neutral,BULL,
2014-04-02,3583,3573,0,1,2,0.7808581482612494,0.4789928624027367,neutral,BULL,
2014-04-03,3584,3574,0,1,2,0.08133374441497111,0.5280739310233347,neutral,BULL,
2014-04-04,3585,3575,0,2,0,0.9999999082021687,0.3220882792304865,neutral,BULL,
2014-04-07,3586,3576,2,1,0,0.9875477458772548,0.41377448412227197,neutral,BULL,
2014-04-08,3587,3577,2,1,0,0.999354421253998,0.4068811394788141,neutral,BULL,
2014-04-09,3588,3578,2,1,0,0.996571229264405,0.32865062177844473,neutral,BULL,
2014-04-10,3589,3579,2,1,0,0.9993709155434226,0.41159199293485227,neutral,BULL,
2014-04-11,3590,3580,1,2,0,0.9488171206486261,0.3539306017871348,neutral,BULL,
2014-04-14,3591,3581,2,1,0,0.35298140114167825,0.387944983020297,neutral,BULL,
2014-04-15,3592,3582,2,1,0,0.1870390431159938,0.3670335622185437,neutral,BULL,
2014-04-16,3593,3583,2,1,2,0.348787180733714,0.35501276810117144,neutral,BULL,
2014-04-17,3594,3584,2,1,2,0.7544781534559339,0.4085436225387487,neutral,BULL,
2014-04-21,3595,3585,2,1,2,0.9859328998810732,0.3185210310318484,neutral,BULL,
2014-04-22,3596,3586,2,1,2,0.9637393544973867,0.3257385662891464,neutral,BULL,
2014-04-23,3597,3587,2,1,0,0.7845292226729255,0.33161325242372436,neutral,BULL,
2014-04-24,3598,3588,0,1,0,0.6432521136189212,0.32770942252772944,neutral,BULL,
2014-04-25,3599,3589,2,1,0,0.3848291883581313,0.3213005878232786,neutral,BULL,
2014-04-28,3600,3590,1,2,1,0.7269227755631235,0.3767255618626474,neutral,BULL,
2014-04-29,3601,3591,2,0,2,0.9999911476934595,0.32521898234352653,neutral,BULL,
2014-04-30,3602,3592,1,2,1,0.11840247969992672,0.3345247904529968,neutral,BULL,
2014-05-01,3603,3593,0,1,0,0.999425101743499,0.5262948629098436,bull,BULL,
2014-05-02,3604,3594,0,1,2,0.999822027209617,0.5323589303256073,bull,BULL,
2014-05-05,3605,3595,0,1,2,0.9999846503617672,0.5204537632947523,bull,BULL,
2014-05-06,3606,3596,0,1,0,0.9999616133444031,0.5368900686243013,bull,BULL,
2014-05-07,3607,3597,2,1,0,0.9997251124168055,0.38410881410947356,neutral,BULL,
2014-05-08,3608,3598,0,2,1,0.999711795489533,0.49396022869229733,neutral,BULL,
2014-05-09,3609,3599,0,1,0,0.9997544645116635,0.5304659235815434,bull,BULL,
2014-05-12,3610,3600,0,2,0,0.9999998117424189,0.537791300267949,bull,BULL,
2014-05-13,3611,3601,0,2,0,0.9996842993797713,0.39358940204712073,neutral,BULL,
2014-05-14,3612,3602,0,2,0,0.9855666539759846,0.5386438582287718,bull,BULL,
2014-05-15,3613,3603,0,1,0,0.9782104530506858,0.4800292273731048,neutral,BULL,
2014-05-16,3614,3604,0,2,0,0.9579891829458708,0.3804843808140107,neutral,BULL,
2014-05-19,3615,3605,2,1,2,0.9578662536928266,0.5277547624988639,bull,BULL,
2014-05-20,3616,3606,0,1,0,0.952851841935046,0.525988842244501,bull,BULL,
2014-05-21,3617,3607,0,2,0,0.9891015265196433,0.44655619971764554,neutral,BULL,
2014-05-22,3618,3608,2,1,2,0.9881089334650626,0.4345722966101547,neutral,BULL,
2014-05-23,3619,3609,2,1,2,0.987862811948267,0.535397502763892,bull,BULL,
2014-05-27,3620,3610,0,2,0,0.9600703135883125,0.5229181385772854,bull,BULL,
2014-05-28,3621,3611,0,2,0,0.543700496762265,0.49045248068271796,neutral,BULL,
2014-05-29,3622,3612,0,1,0,0.044948332491793856,0.5327832947585707,neutral,BULL,
2014-05-30,3623,3613,0,2,1,0.9952638011203193,0.3352878379174056,neutral,BULL,
2014-06-02,3624,3614,0,2,1,0.9873431072628981,0.31840499944183653,neutral,BULL,
2014-06-03,3625,3615,1,2,0,0.9810060060950814,0.31814557019678785,neutral,BULL,
2014-06-04,3626,3616,2,1,0,0.9842656143312105,0.31997453912850904,neutral,BULL,
2014-06-05,3627,3617,1,2,0,0.9653220051647942,0.31947895606039467,neutral,BULL,
2014-06-06,3628,3618,2,1,0,0.9083067122142604,0.35035373177196844,neutral,BULL,
2014-06-09,3629,3619,0,2,1,0.9720341576613114,0.3332212924203279,neutral,BULL,
2014-06-10,3630,3620,1,2,0,0.9735249932227384,0.3183939924782977,neutral,BULL,
2014-06-11,3631,3621,2,1,0,1.0,0.31898905915317055,neutral,BULL,
2014-06-12,3632,3622,0,2,1,0.5613406093042171,0.33512184594063005,neutral,BULL,
2014-06-13,3633,3623,0,2,1,0.26531990000771066,0.3705038367575445,neutral,BULL,
2014-06-16,3634,3624,0,1,0,0.898632918923338,0.5316114699982654,bull,BULL,
2014-06-17,3635,3625,2,1,2,0.9711842898945572,0.5380628582112775,bull,BULL,
2014-06-18,3636,3626,0,1,0,0.9984609215042611,0.5331502540145316,bull,BULL,
2014-06-19,3637,3627,1,0,1,0.9987437452330287,0.4641802638094446,neutral,BULL,
2014-06-20,3638,3628,0,1,0,0.9873184124699628,0.5383684394319004,bull,BULL,
2014-06-23,3639,3629,2,1,2,0.9785647543957597,0.5129758944770979,bull,BULL,
2014-06-24,3640,3630,0,1,0,0.9720746312505957,0.5351578524326663,bull,BULL,
2014-06-25,3641,3631,0,1,0,0.9724078625179947,0.45335286501370037,neutral,BULL,
2014-06-26,3642,3632,2,1,2,0.9691897828616056,0.5165799642193744,bull,BULL,
2014-06-27,3643,3633,1,2,1,0.9987195213132819,0.5325522032904777,bull,BULL,
2014-06-30,3644,3634,1,2,1,0.9999576098566618,0.5368284817537357,bull,BULL,
2014-07-01,3645,3635,0,2,0,0.9999999908927327,0.5334117568447276,bull,BULL,
2014-07-02,3646,3636,0,2,0,0.9999990957954545,0.47958633054021615,neutral,BULL,
2014-07-03,3647,3637,0,1,0,0.9998073246177606,0.537861076373868,bull,BULL,
2014-07-07,3648,3638,0,1,0,0.9567179365428552,0.5124869878266042,bull,BULL,
2014-07-08,3649,3639,0,1,0,0.8933693642123954,0.5014302575484095,bull,BULL,
2014-07-09,3650,3640,0,1,0,0.9034891449573054,0.44198779370191665,neutral,BULL,
2014-07-10,3651,3641,0,2,0,0.9849501920462975,0.5173453704724128,bull,BULL,
2014-07-11,3652,3642,1,2,1,0.99473179329085,0.49391584096264135,neutral,BULL,
2014-07-14,3653,3643,0,2,0,0.9995666611762566,0.5382039574972884,bull,BULL,
2014-07-15,3654,3644,0,1,0,0.9998789490859293,0.5097532406615555,bull,BULL,
2014-07-16,3655,3645,0,1,2,0.9999997762584311,0.5204897893137123,bull,BULL,
2014-07-17,3656,3646,0,1,0,0.9999961448400966,0.5268904410292876,bull,BULL,
2014-07-18,3657,3647,0,1,0,0.9991505507216845,0.2959722260730083,neutral,BULL,
2014-07-21,3658,3648,0,2,0,0.9998709940893534,0.3757637763409425,neutral,BULL,
2014-07-22,3659,3649,0,1,0,0.9999111430047661,0.5228965157074149,bull,BULL,
2014-07-23,3660,3650,0,1,0,0.99970497512679,0.5178145958535132,bull,BULL,
2014-07-24,3661,3651,2,1,2,0.994217838096751,0.5354009260003934,bull,BULL,
2014-07-25,3662,3652,1,2,1,0.9925984887493863,0.5364001641038444,bull,BULL,
2014-07-28,3663,3653,0,1,0,0.9979365453261014,0.4800247940450003,neutral,BULL,
2014-07-29,3664,3654,0,1,0,0.9979203479365408,0.5374505564142047,bull,BULL,
2014-07-30,3665,3655,0,2,0,0.9967070941848098,0.48739501456845824,neutral,BULL,
2014-07-31,3666,3656,0,1,0,0.9952371738963169,0.5372674874791941,bull,BULL,
2014-08-01,3667,3657,2,1,0,0.999987421586045,0.37816573312546087,neutral,BULL,
2014-08-04,3668,3658,0,2,1,0.6894966376454738,0.33187258057431795,neutral,BULL,
2014-08-05,3669,3659,2,1,0,0.4547663831554034,0.359266152964759,neutral,BULL,
2014-08-06,3670,3660,2,1,0,0.19209867643929596,0.398067586717533,neutral,BULL,
2014-08-07,3671,3661,1,2,0,0.16841711182531216,0.31794752550405625,neutral,BULL,
2014-08-08,3672,3662,2,1,0,0.18002494875965516,0.351995721290532,neutral,BULL,
2014-08-11,3673,3663,0,2,1,0.4171108060825309,0.42589740315326063,neutral,BULL,
2014-08-12,3674,3664,2,1,0,0.9009226836802882,0.3219841664344006,neutral,BULL,
2014-08-13,3675,3665,2,1,0,0.9999776173667372,0.32293537378801973,neutral,BULL,
2014-08-14,3676,3666,0,2,1,0.11268033008623198,0.35337913214207234,neutral,BULL,
2014-08-15,3677,3667,1,2,0,0.8968571837942062,0.33285357686306344,neutral,BULL,
2014-08-18,3678,3668,0,2,1,0.9999975339559178,0.31908318596273505,neutral,BULL,
2014-08-19,3679,3669,1,2,0,0.9097703526244076,0.37501544263259906,neutral,BULL,
2014-08-20,3680,3670,1,2,0,0.5595415269794458,0.3373368039418805,neutral,BULL,
2014-08-21,3681,3671,2,1,0,0.3378481585723113,0.3217228172342892,neutral,BULL,
2014-08-22,3682,3672,2,1,0,0.5340139486806832,0.32282637463587804,neutral,BULL,
2014-08-25,3683,3673,1,2,0,0.6057859832725381,0.32397751205093345,neutral,BULL,
2014-08-26,3684,3674,1,2,0,0.6251314186199999,0.3369520457684577,neutral,BULL,
2014-08-27,3685,3675,1,2,0,0.9121398393137351,0.31850441638721816,neutral,BULL,
2014-08-28,3686,3676,0,1,2,0.9952948131383792,0.3201369198187318,neutral,BULL,
2014-08-29,3687,3677,0,1,2,1.0,0.320480650115129,neutral,BULL,
2014-09-02,3688,3678,0,2,0,0.9446931703931846,0.5336963295828079,bull,BULL,
2014-09-03,3689,3679,0,1,0,0.9995669431549594,0.5345131199351009,bull,BULL,
2014-09-04,3690,3680,0,2,0,0.9999994563014789,0.533563068580731,bull,BULL,
2014-09-05,3691,3681,1,2,1,0.9999999999998932,0.5277115882729727,bull,BULL,
2014-09-08,3692,3682,0,1,0,0.9999999999940177,0.5175946899550032,bull,BULL,
2014-09-09,3693,3683,1,2,1,1.0,0.5141659652460551,bull,BULL,
2014-09-10,3694,3684,1,2,1,0.9999999999999745,0.44324995515360843,neutral,BULL,
2014-09-11,3695,3685,2,1,2,0.9999999999997844,0.5266840159665012,bull,BULL,
2014-09-12,3696,3686,0,1,0,0.9999999999998209,0.5393393227764315,bull,BULL,
2014-09-15,3697,3687,0,1,0,0.9999994972003722,0.4572232259082553,neutral,BULL,
2014-09-16,3698,3688,1,2,1,0.9999536935425727,0.5332801919020307,bull,BULL,
2014-09-17,3699,3689,0,2,0,0.9999688702256309,0.4575817277621175,neutral,BULL,
2014-09-18,3700,3690,2,1,2,0.9999310931528342,0.5391000248502416,bull,BULL,
2014-09-19,3701,3691,0,1,0,0.9927388900327186,0.5048489102624352,bull,BULL,
2014-09-22,3702,3692,1,2,1,0.9962241441126352,0.46392357616388996,neutral,BULL,
2014-09-23,3703,3693,0,2,0,0.9907469358803208,0.4092651311830027,neutral,BULL,
2014-09-24,3704,3694,0,2,0,0.8871112305687036,0.4604755241735186,neutral,BULL,
2014-09-25,3705,3695,2,1,2,0.8814014120541341,0.44948030851958276,neutral,BULL,
2014-09-26,3706,3696,2,1,0,0.999999331164494,0.42004165451389813,neutral,BULL,
2014-09-29,3707,3697,2,1,0,0.9997766329535537,0.3694668844011185,neutral,BULL,
2014-09-30,3708,3698,0,1,2,0.9957293986637106,0.32521734983113093,neutral,BULL,
2014-10-01,3709,3699,2,1,0,0.9863909896796267,0.3294440437713235,neutral,BULL,
2014-10-02,3710,3700,1,2,0,0.7247156157896916,0.42479461173567773,neutral,BULL,
2014-10-03,3711,3701,1,2,0,0.8274770103155911,0.3189224368129278,neutral,BULL,
2014-10-06,3712,3702,2,1,0,0.983673037622858,0.41819653156582637,neutral,BULL,
2014-10-07,3713,3703,1,2,0,0.9999680445206258,0.3225740613485277,neutral,BULL,
2014-10-08,3714,3704,2,1,0,0.962954709088221,0.4237865043568297,neutral,BULL,
2014-10-09,3715,3705,0,1,2,0.9999999999999982,0.4711431960834478,neutral,BULL,
2014-10-10,3716,3706,0,2,1,0.9813247433406083,0.37546087746125106,neutral,BULL,
2014-10-13,3717,3707,2,1,0,0.6068744843757765,0.4139899530556616,neutral,BULL,
2014-10-14,3718,3708,1,1,0,0.9614984986543214,0.44427841421787356,neutral,BULL,
2014-10-15,3719,3709,1,1,0,0.9894655446833472,0.14247630334907596,neutral,BULL,
2014-10-16,3720,3710,1,1,2,0.9984525686833716,0.20009083817416115,neutral,BULL,
2014-10-17,3721,3711,1,1,2,0.9994998144420968,0.14712719557079632,neutral,BULL,
2014-10-20,3722,3712,2,2,0,0.9983991109343889,0.25896743995353233,neutral,BULL,
2014-10-21,3723,3713,1,1,2,0.9882060382043267,0.21370972567464955,neutral,BULL,
2014-10-22,3724,3714,2,2,0,0.9917033601410747,0.5188327485502816,bear,BEAR,
2014-10-23,3725,3715,1,1,0,0.8981854934021392,0.20566471871119704,neutral,BEAR,
2014-10-24,3726,3716,1,1,0,0.9708038320759822,0.25444843053099375,neutral,BEAR,
2014-10-27,3727,3717,2,2,0,0.9971182751591189,0.18268978376161976,neutral,BEAR,
2014-10-28,3728,3718,2,2,0,0.9986888079878158,0.14967897683695838,neutral,BEAR,
2014-10-29,3729,3719,2,2,0,0.9995964902880375,0.25186499043744265,neutral,BEAR,
2014-10-30,3730,3720,2,2,0,0.9991181539522234,0.15052248148152303,neutral,BEAR,
2014-10-31,3731,3721,2,2,0,0.9939226025375042,0.16861146375330596,neutral,BEAR,
2014-11-03,3732,3722,2,2,0,0.9870362409505586,0.25115110563975424,neutral,BEAR,
2014-11-04,3733,3723,1,1,0,0.9597330231279687,0.1449236371231544,neutral,BEAR,
2014-11-05,3734,3724,1,1,0,0.9542639966029516,0.1642000240431414,neutral,BEAR,
2014-11-06,3735,3725,2,2,0,0.8031463538685076,0.16831944045376457,neutral,BEAR,
2014-11-07,3736,3726,2,2,1,0.6822282235585941,0.15083702129112367,neutral,BEAR,
2014-11-10,3737,3727,0,1,2,0.42907552343027416,0.3173914700528909,neutral,BEAR,
2014-11-11,3738,3728,2,1,0,0.8465278847230081,0.32245169930862333,neutral,BEAR,
2014-11-12,3739,3729,0,1,2,0.9266440606502789,0.31757407003209054,neutral,BEAR,
2014-11-13,3740,3730,2,1,0,0.9999999973414773,0.32146428784268016,neutral,BEAR,
2014-11-14,3741,3731,1,2,0,0.18823693426887678,0.3175741813807064,neutral,BEAR,
2014-11-17,3742,3732,2,1,2,0.8645195152548459,0.5355197575519923,bull,BULL,
2014-11-18,3743,3733,2,0,2,0.6152580443618713,0.6659480258096919,bull,BULL,
2014-11-19,3744,3734,2,1,2,0.9974701577046764,0.4950984628309872,neutral,BULL,
2014-11-20,3745,3735,1,2,1,0.9998889423108767,0.524786278337004,bull,BULL,
2014-11-21,3746,3736,0,1,0,0.9998545648986256,0.5371535525655257,bull,BULL,
2014-11-24,3747,3737,2,1,2,0.9917128065422495,0.5034061546588282,bull,BULL,
2014-11-25,3748,3738,0,1,0,0.8431244257088687,0.5322734062654666,bull,BULL,
2014-11-26,3749,3739,0,2,0,0.6410902331405312,0.531928919874119,bull,BULL,
2014-11-28,3750,3740,0,2,0,0.45432407568413796,0.5346711873981382,bull,BULL,
2014-12-01,3751,3741,0,1,0,0.641094703223222,0.5201532390860685,bull,BULL,
2014-12-02,3752,3742,0,1,0,0.9183308094956861,0.42657987998996083,neutral,BULL,
2014-12-03,3753,3743,2,1,2,0.9950939835327043,0.48243389541105025,neutral,BULL,
2014-12-04,3754,3744,1,2,1,0.9919641727691166,0.5232458749951842,bull,BULL,
2014-12-05,3755,3745,2,1,2,0.9995873871602311,0.5298943810959912,bull,BULL,
2014-12-08,3756,3746,0,2,0,0.9999941897972938,0.5374794572605721,bull,BULL,
2014-12-09,3757,3747,0,2,0,0.9999920670654381,0.43486247379489806,neutral,BULL,
2014-12-10,3758,3748,0,1,0,0.9999583122732829,0.5332056395057222,bull,BULL,
2014-12-11,3759,3749,1,2,0,0.9678166592980857,0.42089334051119354,neutral,BULL,
2014-12-12,3760,3750,2,1,0,0.999970671249602,0.3344949689362087,neutral,BULL,
2014-12-15,3761,3751,1,2,0,0.9997288151153315,0.4165871720883602,neutral,BULL,
2014-12-16,3762,3752,1,1,0,0.9592018599787914,0.20341309165070792,neutral,BULL,
2014-12-17,3763,3753,2,2,0,0.9965108440138071,0.22294283118092037,neutral,BULL,
2014-12-18,3764,3754,2,2,1,0.993445038745336,0.5156654653504961,bear,BEAR,
2014-12-19,3765,3755,2,2,0,0.9904606954503806,0.6893049522589269,bear,BEAR,
2014-12-22,3766,3756,2,2,0,0.9808332164623176,0.15045442181041116,neutral,BEAR,
2014-12-23,3767,3757,2,2,0,0.9870398313588009,0.1550848963767122,neutral,BEAR,
2014-12-24,3768,3758,1,1,2,0.9925177775846838,0.14516919472497536,neutral,BEAR,
2014-12-26,3769,3759,2,2,0,0.9968244061913016,0.14673530219620845,neutral,BEAR,
2014-12-29,3770,3760,1,1,0,0.9987544893511833,0.1491677875163825,neutral,BEAR,
2014-12-30,3771,3761,2,2,1,0.9986319033901643,0.14551576628082186,neutral,BEAR,
2014-12-31,3772,3762,2,2,1,0.9912966242205082,0.1842407460651672,neutral,BEAR,
2015-01-02,3773,3763,2,1,0,0.906414824942159,0.39995012538634755,neutral,BEAR,
2015-01-05,3774,3764,0,1,2,0.12171906163376736,0.32186625719449163,neutral,BEAR,
2015-01-06,3775,3765,1,2,0,0.8364238093832509,0.4020750947480956,neutral,BEAR,
2015-01-07,3776,3766,1,1,0,0.9503034968679326,0.25113146314598805,neutral,BEAR,
2015-01-08,3777,3767,1,1,2,0.9749499090655261,0.28323472352336687,neutral,BEAR,
2015-01-09,3778,3768,1,1,0,0.9637438014856277,0.4562080428793302,neutral,BEAR,
2015-01-12,3779,3769,2,2,0,0.944517151640649,0.22378148218925573,neutral,BEAR,
2015-01-13,3780,3770,2,2,0,0.8844838145469491,0.2208154919164944,neutral,BEAR,
2015-01-14,3781,3771,1,1,2,0.6039212985404984,0.16216789465658607,neutral,BEAR,
2015-01-15,3782,3772,2,1,0,0.8062370219243478,0.3579328694276912,neutral,BEAR,
2015-01-16,3783,3773,2,1,0,0.618556058436061,0.3922631481017535,neutral,BEAR,
2015-01-20,3784,3774,1,2,0,0.9102370053695329,0.44687128455187647,neutral,BEAR,
2015-01-21,3785,3775,0,1,2,0.9036951063842023,0.31931873609100825,neutral,BEAR,
2015-01-22,3786,3776,1,2,0,0.9777793662965764,0.33510014737067034,neutral,BEAR,
2015-01-23,3787,3777,2,1,0,0.7135229492423149,0.4648301737158359,neutral,BEAR,
2015-01-26,3788,3778,1,2,0,0.8497358697934183,0.35299834927820245,neutral,BEAR,
2015-01-27,3789,3779,1,2,0,0.712846260218298,0.31857514336724846,neutral,BEAR,
2015-01-28,3790,3780,2,1,0,0.7165915618549725,0.42388822580629576,neutral,BEAR,
2015-01-29,3791,3781,2,1,0,0.5140472764100539,0.42197431956856024,neutral,BEAR,
2015-01-30,3792,3782,2,1,0,0.6055705467802637,0.38422871265930186,neutral,BEAR,
2015-02-02,3793,3783,1,2,0,0.7026547303238214,0.4214188956355684,neutral,BEAR,
2015-02-03,3794,3784,0,1,2,0.7245151301602909,0.4332625238339375,neutral,BEAR,
2015-02-04,3795,3785,2,1,0,0.6297830914041256,0.4609499620109751,neutral,BEAR,
2015-02-05,3796,3786,1,2,0,0.6005556068528267,0.3381709194748178,neutral,BEAR,
2015-02-06,3797,3787,2,1,0,0.5969438303104619,0.3985948521702975,neutral,BEAR,
2015-02-09,3798,3788,0,1,2,0.5193888894850704,0.33012085025664,neutral,BEAR,
2015-02-10,3799,3789,0,1,2,0.6190442314771896,0.3439646147611073,neutral,BEAR,
2015-02-11,3800,3790,2,1,0,0.2923218788503763,0.4077985084510983,neutral,BEAR,
2015-02-12,3801,3791,2,1,0,0.4125501344326044,0.31774555594626874,neutral,BEAR,
2015-02-13,3802,3792,0,2,1,0.1712220590182681,0.39142238752340536,neutral,BEAR,
2015-02-17,3803,3793,0,2,1,0.561966447191471,0.3270898744852188,neutral,BEAR,
2015-02-18,3804,3794,1,2,0,0.7477380518164536,0.3171861990589682,neutral,BEAR,
2015-02-19,3805,3795,2,1,0,0.5961772735308019,0.3176027991059213,neutral,BEAR,
2015-02-20,3806,3796,0,1,2,0.8116661422654894,0.3192454073735614,neutral,BEAR,
2015-02-23,3807,3797,2,1,0,0.6446211549364348,0.34399452612044107,neutral,BEAR,
2015-02-24,3808,3798,0,1,2,0.7571449557785079,0.3180309560883346,neutral,BEAR,
2015-02-25,3809,3799,1,2,0,0.9986811551762784,0.3210563017107361,neutral,BEAR,
2015-02-26,3810,3800,0,2,1,0.9734798473723177,0.320238926238568,neutral,BEAR,
2015-02-27,3811,3801,1,2,1,0.9821981486451666,0.5269017502694852,bull,BULL,
2015-03-02,3812,3802,1,2,1,0.99967212632531,0.5018661793518672,bull,BULL,
2015-03-03,3813,3803,0,2,0,0.9997441304584632,0.4846225946293133,neutral,BULL,
2015-03-04,3814,3804,0,1,0,0.9999735580265041,0.4894650251344406,neutral,BULL,
2015-03-05,3815,3805,1,2,1,0.9999853245547301,0.4875932534777919,neutral,BULL,
2015-03-06,3816,3806,1,2,1,0.9999996500480736,0.5367385334626987,bull,BULL,
2015-03-09,3817,3807,0,1,0,0.5265208245665909,0.20502912042031352,neutral,BULL,
2015-03-10,3818,3808,2,1,0,1.0,0.32798987355750703,neutral,BULL,
2015-03-11,3819,3809,2,1,0,0.6864932523776954,0.41917297275968185,neutral,BULL,
2015-03-12,3820,3810,1,2,0,0.18286422224340085,0.3267229538568382,neutral,BULL,
2015-03-13,3821,3811,0,2,1,0.2277357142717195,0.44245219643483547,neutral,BULL,
2015-03-16,3822,3812,2,1,0,0.20311959710189506,0.3594130761409326,neutral,BULL,
2015-03-17,3823,3813,2,1,0,0.5768019777808994,0.45411540382405063,neutral,BULL,
2015-03-18,3824,3814,0,1,2,0.9060373844601202,0.33167362118515814,neutral,BULL,
2015-03-19,3825,3815,1,2,0,0.8811368455675779,0.4341144178894302,neutral,BULL,
2015-03-20,3826,3816,1,2,0,0.960822049667624,0.34357447145244524,neutral,BULL,
2015-03-23,3827,3817,2,1,0,0.8046394389876227,0.32990929676142183,neutral,BULL,
2015-03-24,3828,3818,2,1,0,0.6715525508317546,0.32426704251913985,neutral,BULL,
2015-03-25,3829,3819,0,1,2,0.9198868260028572,0.3533414032680597,neutral,BULL,
2015-03-26,3830,3820,1,2,0,0.9962319595047838,0.423771428050141,neutral,BULL,
2015-03-27,3831,3821,2,1,0,0.9257489299960334,0.32772260535241726,neutral,BULL,
2015-03-30,3832,3822,2,1,0,0.918225647869525,0.31945756696630334,neutral,BULL,
2015-03-31,3833,3823,2,1,0,0.9204182568539959,0.4370883165565041,neutral,BULL,
2015-04-01,3834,3824,2,1,0,0.8581567994418571,0.38755305035712817,neutral,BULL,
2015-04-02,3835,3825,2,1,0,0.9118279276209017,0.3359560780904218,neutral,BULL,
2015-04-06,3836,3826,2,1,0,0.9612403043262794,0.3247329571077749,neutral,BULL,
2015-04-07,3837,3827,2,1,0,0.9999852241291024,0.35289645224807,neutral,BULL,
2015-04-08,3838,3828,1,2,0,0.28517605221985337,0.3292802838272465,neutral,BULL,
2015-04-09,3839,3829,0,1,0,0.9160340871569588,0.5265514757999783,bull,BULL,
2015-04-10,3840,3830,0,2,0,0.6833394377464705,0.516273246340626,bull,BULL,
2015-04-13,3841,3831,0,1,0,0.1467476873733711,0.500320774055725,neutral,BULL,
2015-04-14,3842,3832,1,2,1,0.3371804046494631,0.4821775002324226,neutral,BULL,
2015-04-15,3843,3833,2,1,0,0.9592553214942167,0.3190831910700305,neutral,BULL,
2015-04-16,3844,3834,1,2,0,0.9999999414030212,0.3308153507237229,neutral,BULL,
2015-04-17,3845,3835,0,1,2,0.7195941436335946,0.3199531646253299,neutral,BULL,
2015-04-20,3846,3836,1,2,0,0.14499771850923737,0.41421661799325993,neutral,BULL,
2015-04-21,3847,3837,0,2,0,0.9009071830512169,0.4074625300332601,neutral,BULL,
2015-04-22,3848,3838,0,2,0,0.9934174097378181,0.5264671922268187,bull,BULL,
2015-04-23,3849,3839,0,2,0,0.9981518605600999,0.5088679892121548,bull,BULL,
2015-04-24,3850,3840,0,2,0,0.991829649184085,0.5318494766227079,bull,BULL,
2015-04-27,3851,3841,2,1,2,0.929781116510831,0.5333395808817367,bull,BULL,
2015-04-28,3852,3842,0,2,0,0.9507253629462803,0.48759684186100477,neutral,BULL,
2015-04-29,3853,3843,1,2,1,0.6905120028966923,0.5193694770988635,bull,BULL,
2015-04-30,3854,3844,0,2,0,0.9252824251593568,0.4885797861230117,neutral,BULL,
2015-05-01,3855,3845,1,2,1,0.6802590423746141,0.33590518715060713,neutral,BULL,
2015-05-04,3856,3846,2,1,2,0.9827769907858708,0.34601491849430904,neutral,BULL,
2015-05-05,3857,3847,2,1,2,0.9816382429716322,0.5302334568460794,bull,BULL,
2015-05-06,3858,3848,0,2,0,0.9343139853487542,0.2888667974293516,neutral,BULL,
2015-05-07,3859,3849,0,1,0,0.4270203036416682,0.4892884391304082,neutral,BULL,
2015-05-08,3860,3850,1,2,0,0.3224744450880869,0.5203777960029817,bull,BULL,
2015-05-11,3861,3851,0,2,1,0.3358404310339938,0.2501906191047036,neutral,BULL,
2015-05-12,3862,3852,0,1,2,0.3673500181974334,0.4761419637737972,neutral,BULL,
2015-05-13,3863,3853,0,1,2,0.6409632362508403,0.5083279737800631,bull,BULL,
2015-05-14,3864,3854,0,2,1,0.69315405763341,0.5349274416580196,bull,BULL,
2015-05-15,3865,3855,0,2,1,0.42559012457955875,0.35929943348113436,neutral,BULL,
2015-05-18,3866,3856,0,2,0,0.9946615201300715,0.3188853577793498,neutral,BULL,
2015-05-19,3867,3857,2,1,2,0.9983518360949472,0.3242596502679367,neutral,BULL,
2015-05-20,3868,3858,0,2,1,0.7948455337724276,0.3205217836515365,neutral,BULL,
2015-05-21,3869,3859,0,2,0,1.0,0.3210635789122242,neutral,BULL,
2015-05-22,3870,3860,1,2,1,0.5326973075205333,0.32324604767336945,neutral,BULL,
2015-05-26,3871,3861,1,2,1,0.6458462265415066,0.3281598974087037,neutral,BULL,
2015-05-27,3872,3862,2,1,0,0.6083954940726813,0.40558093979078363,neutral,BULL,
2015-05-28,3873,3863,2,1,2,0.1225511711143889,0.3933308425001925,neutral,BULL,
2015-05-29,3874,3864,0,1,2,0.9994562665242807,0.5268905674752336,bull,BULL,
2015-06-01,3875,3865,1,2,1,0.9141132556259229,0.40787940743776757,neutral,BULL,
2015-06-02,3876,3866,0,2,1,0.986080285174546,0.5331617199077177,bull,BULL,
2015-06-03,3877,3867,1,2,0,0.9818979852142069,0.5280832761806243,bull,BULL,
2015-06-04,3878,3868,0,2,1,0.9898309677781955,0.5304110344542169,bull,BULL,
2015-06-05,3879,3869,0,2,1,0.9312318952610783,0.38612954973603825,neutral,BULL,
2015-06-08,3880,3870,0,2,1,0.9236649812799043,0.522192690633459,bull,BULL,
2015-06-09,3881,3871,1,2,0,0.5398576730821895,0.44784962258284794,neutral,BULL,
2015-06-10,3882,3872,1,2,1,0.9999999993304697,0.31987981430261125,neutral,BULL,
2015-06-11,3883,3873,2,1,2,0.7401098330157627,0.4337110094247781,neutral,BULL,
2015-06-12,3884,3874,0,1,0,0.42488101206804607,0.3251347396482878,neutral,BULL,
2015-06-15,3885,3875,2,1,2,0.39790606348073276,0.37432523196909623,neutral,BULL,
2015-06-16,3886,3876,2,1,0,0.6331978448108021,0.4880810762313359,neutral,BULL,
2015-06-17,3887,3877,0,2,1,0.7794594789462478,0.4985481549070614,neutral,BULL,
2015-06-18,3888,3878,0,2,1,0.9561817877492585,0.5360808467480083,bull,BULL,
2015-06-19,3889,3879,0,2,1,0.3306693830466373,0.35905796013015173,neutral,BULL,
2015-06-22,3890,3880,0,2,1,0.3278378395753985,0.36364636721278226,neutral,BULL,
2015-06-23,3891,3881,2,1,0,0.5736940194179568,0.5039691587435181,bull,BULL,
2015-06-24,3892,3882,1,2,0,0.911765869460503,0.5372034077120793,bull,BULL,
2015-06-25,3893,3883,0,2,1,0.9010864674278996,0.4208121647230154,neutral,BULL,
2015-06-26,3894,3884,0,1,2,0.8776977439956807,0.5092490828859394,bull,BULL,
2015-06-29,3895,3885,0,1,2,0.8591042109510268,0.5350745850014829,bull,BULL,
2015-06-30,3896,3886,1,2,1,0.9152391481828761,0.348805601325337,neutral,BULL,
2015-07-01,3897,3887,0,1,0,0.38067544742616083,0.3197683940998704,neutral,BULL,
2015-07-02,3898,3888,1,2,1,0.27669688927389324,0.3730052744876205,neutral,BULL,
2015-07-06,3899,3889,2,1,2,0.4619871708280795,0.32052763642859017,neutral,BULL,
2015-07-07,3900,3890,2,1,2,0.4327994481897715,0.32983949077049673,neutral,BULL,
2015-07-08,3901,3891,2,1,2,0.7832572874132382,0.35041963192456177,neutral,BULL,
2015-07-09,3902,3892,2,1,2,0.9124254501536014,0.41137656772502457,neutral,BULL,
2015-07-10,3903,3893,1,2,1,0.9753830259780832,0.3196098380519416,neutral,BULL,
2015-07-13,3904,3894,2,1,2,0.9999679713515901,0.4457032347524265,neutral,BULL,
2015-07-14,3905,3895,1,2,1,0.9999829712843348,0.4223903574974353,neutral,BULL,
2015-07-15,3906,3896,0,2,0,0.9538615344920002,0.3322183784398485,neutral,BULL,
2015-07-16,3907,3897,2,1,2,0.8179994022225536,0.31947471798298166,neutral,BULL,
2015-07-17,3908,3898,0,2,0,0.2918347270731263,0.37360859865693447,neutral,BULL,
2015-07-20,3909,3899,1,2,1,0.10120599565969546,0.3187449557719926,neutral,BULL,
2015-07-21,3910,3900,1,1,2,0.9433760058016004,0.14527914607530604,neutral,BULL,
2015-07-22,3911,3901,2,2,1,0.953365052789362,0.16840300236093503,neutral,BULL,
2015-07-23,3912,3902,2,2,1,0.6085589112735046,0.15331273080816946,neutral,BULL,
2015-07-24,3913,3903,0,2,0,0.9999652478933148,0.3522280197556982,neutral,BULL,
2015-07-27,3914,3904,1,2,1,0.8428371793857841,0.400089433830929,neutral,BULL,
2015-07-28,3915,3905,0,2,0,0.9578336772701209,0.35394096851315676,neutral,BULL,
2015-07-29,3916,3906,0,1,0,0.9356001917076251,0.4411343361192584,neutral,BULL,
2015-07-30,3917,3907,2,1,2,0.934806784641967,0.3586606238572222,neutral,BULL,
2015-07-31,3918,3908,1,2,1,0.9736022558531359,0.31851104924727264,neutral,BULL,
2015-08-03,3919,3909,1,2,1,0.9970094577623001,0.32295711031044877,neutral,BULL,
2015-08-04,3920,3910,1,2,1,0.997633668540812,0.3332191667815947,neutral,BULL,
2015-08-05,3921,3911,1,2,1,0.7573547999111411,0.3253180863375515,neutral,BULL,
2015-08-06,3922,3912,2,1,2,0.4088379772778389,0.32573996143257317,neutral,BULL,
2015-08-07,3923,3913,2,1,2,0.4990860961772869,0.3791964647550769,neutral,BULL,
2015-08-10,3924,3914,0,2,0,0.5105062339153172,0.325740869187998,neutral,BULL,
2015-08-11,3925,3915,0,2,1,0.9709496970541203,0.2724547924789596,neutral,BULL,
2015-08-12,3926,3916,1,2,0,0.946644186668689,0.3717564849710681,neutral,BULL,
2015-08-13,3927,3917,0,2,1,0.9704876125816304,0.5350393108391958,bull,BULL,
2015-08-14,3928,3918,1,2,0,0.9911251196513067,0.5266656989000407,bull,BULL,
2015-08-17,3929,3919,0,2,1,0.9980980520047288,0.5222874222454649,bull,BULL,
2015-08-18,3930,3920,0,2,1,0.9896375029481214,0.49648093601430227,neutral,BULL,
2015-08-19,3931,3921,0,2,1,0.9846874711491496,0.5105261728297135,bull,BULL,
2015-08-20,3932,3922,1,2,0,0.983404055995085,0.40228545498103385,neutral,BULL,
2015-08-21,3933,3923,1,2,1,0.9720837896095789,0.34883131528030215,neutral,BULL,
2015-08-24,3934,3924,2,2,1,0.9988103591021325,0.8693022351027524,bear,BEAR,
2015-08-25,3935,3925,0,0,2,0.9999998988122757,0.9729504315627127,bear,BEAR,
2015-08-26,3936,3926,1,1,2,0.9999999996960551,0.3132066791814229,neutral,BEAR,
2015-08-27,3937,3927,2,2,0,0.9999999998440647,0.9742733909577851,bear,BEAR,
2015-08-28,3938,3928,1,1,2,0.9999999996673529,0.6947195965173186,bear,BEAR,
2015-08-31,3939,3929,1,1,2,0.9999999988171021,0.1446496027549769,neutral,BEAR,
2015-09-01,3940,3930,1,1,0,0.9999999848628396,0.22168620051384716,neutral,BEAR,
2015-09-02,3941,3931,1,1,0,0.9999996933633483,0.8422460894227431,bear,BEAR,
2015-09-03,3942,3932,1,1,2,0.9999644159124195,0.49338613914157475,neutral,BEAR,
2015-09-04,3943,3933,2,2,0,0.9989597986014824,0.1443459524133624,neutral,BEAR,
2015-09-08,3944,3934,2,2,0,0.9986574900385002,0.403574262824074,neutral,BEAR,
2015-09-09,3945,3935,2,2,1,0.9964301023977502,0.708152867277224,bear,BEAR,
2015-09-10,3946,3936,1,1,0,0.700059929905008,0.3491189980111432,neutral,BEAR,
2015-09-11,3947,3937,1,1,0,0.6520200399807599,0.16058385967051478,neutral,BEAR,
2015-09-14,3948,3938,1,2,0,0.6604965450025807,0.33333637438991354,neutral,BEAR,
2015-09-15,3949,3939,2,1,0,0.9636758392063066,0.335084852976957,neutral,BEAR,
2015-09-16,3950,3940,0,2,1,0.9020611892348631,0.44253140192665186,neutral,BEAR,
2015-09-17,3951,3941,0,1,2,0.8834619695819456,0.3791044403852963,neutral,BEAR,
2015-09-18,3952,3942,2,1,0,0.6385440634170586,0.32585548067752584,neutral,BEAR,
2015-09-21,3953,3943,0,2,1,0.6330017142229599,0.34927966179607267,neutral,BEAR,
2015-09-22,3954,3944,2,1,0,0.9917898699908947,0.3373327221715189,neutral,BEAR,
2015-09-23,3955,3945,0,1,2,0.8765765186824044,0.42160632720030916,neutral,BEAR,
2015-09-24,3956,3946,0,1,2,0.7249279639802383,0.3241479071304599,neutral,BEAR,
2015-09-25,3957,3947,2,1,0,0.38397006593455574,0.33539064442981614,neutral,BEAR,
2015-09-28,3958,3948,2,1,0,0.1821808555637201,0.3192693505682093,neutral,BEAR,
2015-09-29,3959,3949,1,1,2,0.9953744882674903,0.7185850540461791,bear,BEAR,
2015-09-30,3960,3950,1,1,0,0.9989842971881341,0.14541130399554886,neutral,BEAR,
2015-10-01,3961,3951,2,2,1,0.991831065011119,0.48224572200579063,neutral,BEAR,
2015-10-02,3962,3952,2,2,1,0.8218858337078262,0.14743735172178596,neutral,BEAR,
2015-10-05,3963,3953,1,1,0,0.7901026887442844,0.35510743774921877,neutral,BEAR,
2015-10-06,3964,3954,1,1,0,0.9487766293223062,0.45293433621485757,neutral,BEAR,
2015-10-07,3965,3955,1,1,0,0.9885593261027823,0.1632342136105356,neutral,BEAR,
2015-10-08,3966,3956,2,2,1,0.9985772332477345,0.19361880505969184,neutral,BEAR,
2015-10-09,3967,3957,1,1,0,0.9998553516677714,0.2059791822761931,neutral,BEAR,
2015-10-12,3968,3958,2,2,0,0.9999708183036339,0.14655388637083008,neutral,BEAR,
2015-10-13,3969,3959,1,1,2,0.9998929488275614,0.14564346569409092,neutral,BEAR,
2015-10-14,3970,3960,1,1,2,0.9958286867568824,0.1947507237214784,neutral,BEAR,
2015-10-15,3971,3961,1,1,0,0.9360610484331822,0.17650082476430703,neutral,BEAR,
2015-10-16,3972,3962,1,2,1,0.7900832984745243,0.46508070124157874,neutral,BEAR,
2015-10-19,3973,3963,1,2,0,0.9969740948512912,0.33376957801013346,neutral,BEAR,
2015-10-20,3974,3964,1,2,0,0.9937086191817619,0.3175107543480993,neutral,BEAR,
2015-10-21,3975,3965,1,2,0,0.9606324091934128,0.3214701176310874,neutral,BEAR,
2015-10-22,3976,3966,2,1,0,0.4978998129600402,0.35599425947958035,neutral,BEAR,
2015-10-23,3977,3967,2,1,0,0.9987683609275126,0.4663391417952912,neutral,BEAR,
2015-10-26,3978,3968,2,1,0,0.5605607174994627,0.4176477155302211,neutral,BEAR,
2015-10-27,3979,3969,2,1,0,0.24485438132194617,0.3273052728433473,neutral,BEAR,
2015-10-28,3980,3970,1,2,1,0.31267949620089003,0.3246635371342169,neutral,BEAR,
2015-10-29,3981,3971,1,2,0,0.4677953572430249,0.42102917963026637,neutral,BEAR,
2015-10-30,3982,3972,2,1,2,0.3583192916162166,0.31834552851739023,neutral,BEAR,
2015-11-02,3983,3973,1,2,1,0.40907300272514785,0.3397746580720954,neutral,BEAR,
2015-11-03,3984,3974,0,1,2,0.23827953265252302,0.4307549154073544,neutral,BEAR,
2015-11-04,3985,3975,2,1,0,0.29319569617466806,0.32032264751082473,neutral,BEAR,
2015-11-05,3986,3976,1,2,0,1.0,0.3294669601214964,neutral,BEAR,
2015-11-06,3987,3977,2,1,2,0.9366441776816379,0.31847830962389717,neutral,BEAR,
2015-11-09,3988,3978,1,2,0,0.9734200842851591,0.32131098698917315,neutral,BEAR,
2015-11-10,3989,3979,2,1,2,0.6114010924315029,0.38957832971107836,neutral,BEAR,
2015-11-11,3990,3980,0,1,2,0.8992583298316733,0.5333328874177623,bull,BULL,
2015-11-12,3991,3981,2,1,2,0.7905617459919022,0.4939950599990314,neutral,BULL,
2015-11-13,3992,3982,2,1,2,0.9857025283419726,0.42758686193764484,neutral,BULL,
2015-11-16,3993,3983,0,2,1,0.17382136833516607,0.4118247422057101,neutral,BULL,
2015-11-17,3994,3984,1,2,0,0.17522581570819376,0.4524772273026052,neutral,BULL,
2015-11-18,3995,3985,2,1,0,0.2757386964236018,0.3206562097110211,neutral,BULL,
2015-11-19,3996,3986,1,2,0,0.517904371611287,0.4550533645846867,neutral,BULL,
2015-11-20,3997,3987,2,1,0,0.7896881430986805,0.32009980673709265,neutral,BULL,
2015-11-23,3998,3988,1,2,0,0.9203088216482672,0.32354034154676736,neutral,BULL,
2015-11-24,3999,3989,0,2,1,0.8201834334950827,0.32058252696448764,neutral,BULL,
2015-11-25,4000,3990,1,2,0,0.7088330941620831,0.31706058787487895,neutral,BULL,
2015-11-27,4001,3991,0,2,1,0.5521860271246702,0.31811635361471163,neutral,BULL,
2015-11-30,4002,3992,0,1,2,0.6642685297457164,0.31757793012999375,neutral,BULL,
2015-12-01,4003,3993,1,2,0,0.8381315634359698,0.3380678809388275,neutral,BULL,
2015-12-02,4004,3994,2,1,0,0.5124693136399731,0.39396141999654793,neutral,BULL,
2015-12-03,4005,3995,0,1,0,1.0,0.34513327332405197,neutral,BULL,
2015-12-04,4006,3996,0,1,0,0.6990072895995297,0.22531238291881445,neutral,BULL,
2015-12-07,4007,3997,0,1,0,0.6691561585625513,0.06281265433880322,neutral,BULL,
2015-12-08,4008,3998,0,2,0,0.6533610217110132,0.45688448169092316,neutral,BULL,
2015-12-09,4009,3999,0,2,0,0.33757316397929554,0.4420378326522919,neutral,BULL,
2015-12-10,4010,4000,2,1,0,1.0,0.37475004562334124,neutral,BULL,
2015-12-11,4011,4001,2,1,0,1.0,0.31980367927555536,neutral,BULL,
2015-12-14,4012,4002,2,1,0,0.3705729084107779,0.4030548242986492,neutral,BULL,
2015-12-15,4013,4003,2,1,0,0.14324818460894703,0.33797373199046987,neutral,BULL,
2015-12-16,4014,4004,2,1,0,0.5460504259948163,0.39845399845645807,neutral,BULL,
2015-12-17,4015,4005,1,2,0,0.6319113146348574,0.4484589764017244,neutral,BULL,
2015-12-18,4016,4006,1,2,0,0.5931393217863189,0.43172986506378813,neutral,BULL,
2015-12-21,4017,4007,0,1,2,0.2751539668832253,0.327435611240646,neutral,BULL,
2015-12-22,4018,4008,0,1,2,0.4172147183871102,0.36735995119446085,neutral,BULL,
2015-12-23,4019,4009,2,1,0,0.6978078424656028,0.37842734017906565,neutral,BULL,
2015-12-24,4020,4010,0,2,1,0.6066153099354239,0.4258487335949384,neutral,BULL,
2015-12-28,4021,4011,2,1,0,0.6334276951792797,0.3217362097588529,neutral,BULL,
2015-12-29,4022,4012,2,1,0,0.7836521375021328,0.32467429783786617,neutral,BULL,
2015-12-30,4023,4013,0,2,1,0.5654685557005309,0.401310274104214,neutral,BULL,
2015-12-31,4024,4014,2,1,0,0.5048990684291169,0.366193919886004,neutral,BULL,
2016-01-04,4025,4015,2,1,0,0.9217297363738256,0.3973316944826292,neutral,BULL,
2016-01-05,4026,4016,1,2,0,0.5750574087528104,0.43049389631427665,neutral,BULL,
2016-01-06,4027,4017,2,1,0,0.9030886201972861,0.31611391265131644,neutral,BULL,
2016-01-07,4028,4018,2,1,0,0.23984233730770974,0.4225812459056726,neutral,BULL,
2016-01-08,4029,4019,1,1,0,0.9993175802165459,0.6648294156780058,bear,BEAR,
2016-01-11,4030,4020,2,2,0,0.9999932145363571,0.2717126400097245,neutral,BEAR,
2016-01-12,4031,4021,2,2,1,0.9999984546852909,0.1460947257915513,neutral,BEAR,
2016-01-13,4032,4022,2,2,0,0.9999995884009266,0.19506161332158226,neutral,BEAR,
2016-01-14,4033,4023,1,1,2,0.9999995740754197,0.6795784879264096,bear,BEAR,
2016-01-15,4034,4024,1,1,0,0.99999053368024,0.3926898442859358,neutral,BEAR,
2016-01-19,4035,4025,1,1,0,0.9999604057847097,0.5674855653816638,bear,BEAR,
2016-01-20,4036,4026,2,2,1,0.9998318832854447,0.14911130441558174,neutral,BEAR,
2016-01-21,4037,4027,1,1,0,0.99754740202422,0.3156488464414906,neutral,BEAR,
2016-01-22,4038,4028,2,2,0,0.9197236550302429,0.1680360684123989,neutral,BEAR,
2016-01-25,4039,4029,1,1,2,0.7145201174814817,0.5400217201437842,bear,BEAR,
2016-01-26,4040,4030,2,2,0,0.6978212079844192,0.40070091485695675,neutral,BEAR,
2016-01-27,4041,4031,0,2,1,0.5710664876790874,0.4395816009546003,neutral,BEAR,
2016-01-28,4042,4032,2,1,0,1.0,0.4065914557235921,neutral,BEAR,
2016-01-29,4043,4033,2,1,0,1.0,0.33245502129945903,neutral,BEAR,
2016-02-01,4044,4034,0,2,1,0.8448581289931824,0.3281734706764215,neutral,BEAR,
2016-02-02,4045,4035,0,2,1,0.2448603223991743,0.3168404520553604,neutral,BEAR,
2016-02-03,4046,4036,0,1,2,0.2751921595530881,0.42313822854892363,neutral,BEAR,
2016-02-04,4047,4037,2,1,0,0.7392153896004657,0.33972058101686364,neutral,BEAR,
2016-02-05,4048,4038,2,1,0,0.999214724854344,0.31608384928501365,neutral,BEAR,
2016-02-08,4049,4039,1,2,0,0.9230632996459054,0.4130802362827314,neutral,BEAR,
2016-02-09,4050,4040,2,1,0,0.3801507364029128,0.42896746943937447,neutral,BEAR,
2016-02-10,4051,4041,2,1,0,0.08805308416231673,0.31638741604405163,neutral,BEAR,
2016-02-11,4052,4042,2,2,0,0.9726777869834646,0.15171140435217303,neutral,BEAR,
2016-02-12,4053,4043,2,2,1,0.9973226995575245,0.33225386517971495,neutral,BEAR,
2016-02-16,4054,4044,1,1,0,0.9886951649240777,0.5436893321313725,bear,BEAR,
2016-02-17,4055,4045,2,2,0,0.9058695239215289,0.41865205662498933,neutral,BEAR,
2016-02-18,4056,4046,2,2,0,0.97824757771552,0.39991813931459214,neutral,BEAR,
2016-02-19,4057,4047,1,1,0,0.9855862941043939,0.16935282612833424,neutral,BEAR,
2016-02-22,4058,4048,1,1,0,0.9882950048861425,0.15141242493439364,neutral,BEAR,
2016-02-23,4059,4049,1,1,0,0.9991451275138813,0.3415913664022492,neutral,BEAR,
2016-02-24,4060,4050,2,2,0,0.9990059215210622,0.3112978614367464,neutral,BEAR,
2016-02-25,4061,4051,2,2,0,0.9984640368759454,0.16200665978199583,neutral,BEAR,
2016-02-26,4062,4052,1,1,0,0.9977485205910078,0.27652670964610415,neutral,BEAR,
2016-02-29,4063,4053,1,1,0,0.701829714901727,0.15853317172033987,neutral,BEAR,
2016-03-01,4064,4054,0,1,2,1.0,0.3721785052277521,neutral,BEAR,
2016-03-02,4065,4055,0,2,1,1.0,0.3475191333092796,neutral,BEAR,
2016-03-03,4066,4056,1,2,0,0.5956463821535614,0.32722302806509407,neutral,BEAR,
2016-03-04,4067,4057,2,1,0,0.20858765189086698,0.3233546519027739,neutral,BEAR,
2016-03-07,4068,4058,2,1,0,0.12313815951222287,0.32016217366730465,neutral,BEAR,
2016-03-08,4069,4059,2,2,1,0.9589389240122379,0.1508180359926298,neutral,BEAR,
2016-03-09,4070,4060,1,1,0,0.8092030431042684,0.27131305499241376,neutral,BEAR,
2016-03-10,4071,4061,1,2,0,0.6353907506439567,0.32994558553867326,neutral,BEAR,
2016-03-11,4072,4062,0,2,1,0.824450200174323,0.31445114156282244,neutral,BEAR,
2016-03-14,4073,4063,2,1,0,0.7411555657607859,0.4509010464548064,neutral,BEAR,
2016-03-15,4074,4064,1,2,0,0.9143383591493855,0.3186684761424664,neutral,BEAR,
2016-03-16,4075,4065,0,1,2,0.841227928362596,0.32053573201967384,neutral,BEAR,
2016-03-17,4076,4066,2,1,0,1.0,0.33732969865240064,neutral,BEAR,
2016-03-18,4077,4067,2,1,0,0.9999995244974158,0.3426152473781548,neutral,BEAR,
2016-03-21,4078,4068,1,2,0,0.9640860734757152,0.3190457374353545,neutral,BEAR,
2016-03-22,4079,4069,1,2,0,0.8234071316278115,0.3156735290404976,neutral,BEAR,
2016-03-23,4080,4070,1,2,0,0.9999999983399619,0.3171375693462663,neutral,BEAR,
2016-03-24,4081,4071,0,2,1,0.9430534319040883,0.359454538927402,neutral,BEAR,
2016-03-28,4082,4072,0,2,0,0.989875738256378,0.5311084832945545,bull,BULL,
2016-03-29,4083,4073,0,2,0,0.9937551358918627,0.5340550638125092,bull,BULL,
2016-03-30,4084,4074,0,2,0,0.9890174179456012,0.4044491662723253,neutral,BULL,
2016-03-31,4085,4075,0,2,0,0.9864847997121666,0.5120451605868137,bull,BULL,
2016-04-01,4086,4076,0,1,0,0.9825990904197052,0.5152570070837511,bull,BULL,
2016-04-04,4087,4077,0,1,0,0.7993555328901442,0.47110046775095094,neutral,BULL,
2016-04-05,4088,4078,0,1,0,0.640731620632429,0.5061953359459651,bull,BULL,
2016-04-06,4089,4079,0,1,0,0.6057508839737816,0.350242295911347,neutral,BULL,
2016-04-07,4090,4080,2,1,2,0.3853587224944876,0.3497964810159912,neutral,BULL,
2016-04-08,4091,4081,0,1,0,0.6141285392497111,0.28868666429145357,neutral,BULL,
2016-04-11,4092,4082,2,1,2,0.8758741499727793,0.5282082911093604,bull,BULL,
2016-04-12,4093,4083,0,2,0,0.958552846616048,0.5178784142545235,bull,BULL,
2016-04-13,4094,4084,0,2,0,0.9518809135791496,0.40457697661913594,neutral,BULL,
2016-04-14,4095,4085,2,1,2,0.6020181008686885,0.37913763679114887,neutral,BULL,
2016-04-15,4096,4086,0,1,0,0.08124786952738054,0.5330634018518086,neutral,BULL,
2016-04-18,4097,4087,0,2,1,1.0,0.3192814149695656,neutral,BULL,
2016-04-19,4098,4088,2,1,0,1.0,0.35053834504334513,neutral,BULL,
2016-04-20,4099,4089,1,2,0,0.9794272023522084,0.3206106457977609,neutral,BULL,
2016-04-21,4100,4090,0,1,2,0.7132850892524534,0.3152733694871084,neutral,BULL,
2016-04-22,4101,4091,1,2,0,0.9761614643385259,0.3477163653363227,neutral,BULL,
2016-04-25,4102,4092,2,1,0,1.0,0.3161037231346253,neutral,BULL,
2016-04-26,4103,4093,2,1,0,0.12044793436863922,0.32153990150754747,neutral,BULL,
2016-04-27,4104,4094,0,2,0,0.999207650788459,0.5327728671315924,bull,BULL,
2016-04-28,4105,4095,0,1,0,0.9996482429833892,0.530759640007282,bull,BULL,
2016-04-29,4106,4096,0,1,0,0.9983334788531883,0.3782200820628198,neutral,BULL,
2016-05-02,4107,4097,0,2,0,0.9382824104625359,0.4696281146703029,neutral,BULL,
2016-05-03,4108,4098,0,1,0,0.9332073847358441,0.4419564365895351,neutral,BULL,
2016-05-04,4109,4099,0,1,0,0.7749166256744603,0.39084298487734315,neutral,BULL,
2016-05-05,4110,4100,1,2,1,0.3212284738174853,0.46669361022730826,neutral,BULL,
2016-05-06,4111,4101,2,1,0,0.9998949605575973,0.31663208579550767,neutral,BULL,
2016-05-09,4112,4102,2,1,0,0.9927352652354146,0.3239386847433004,neutral,BULL,
2016-05-10,4113,4103,2,1,0,0.8992023273669764,0.315938476314161,neutral,BULL,
2016-05-11,4114,4104,1,2,0,0.7277775174909811,0.42291625330721144,neutral,BULL,
2016-05-12,4115,4105,2,1,0,0.09502573046950913,0.3888990287114754,neutral,BULL,
2016-05-13,4116,4106,1,2,1,0.9378403230302487,0.5334959599461218,bull,BULL,
2016-05-16,4117,4107,0,2,0,0.8510822073501783,0.3911067160303249,neutral,BULL,
2016-05-17,4118,4108,0,1,0,0.9572536302242227,0.3843396665708662,neutral,BULL,
2016-05-18,4119,4109,0,2,0,0.9205569157624702,0.3733933743122044,neutral,BULL,
2016-05-19,4120,4110,1,2,1,0.9136767291378846,0.5324711895483693,bull,BULL,
2016-05-20,4121,4111,0,2,0,0.816390801792845,0.5027858571248612,bull,BULL,
2016-05-23,4122,4112,2,1,2,0.8100684623156438,0.47836632695170866,neutral,BULL,
2016-05-24,4123,4113,0,2,0,0.7883717619191858,0.5259797906148349,bull,BULL,
2016-05-25,4124,4114,0,2,0,0.9247404093774312,0.2725677003448283,neutral,BULL,
2016-05-26,4125,4115,0,1,0,0.0336912840037264,0.46971066467518935,neutral,BULL,
2016-05-27,4126,4116,0,2,1,1.0,0.31620084015919087,neutral,BULL,
2016-05-31,4127,4117,1,2,0,0.9365014737536925,0.32780234501052985,neutral,BULL,
2016-06-01,4128,4118,1,2,0,0.6678589594205554,0.3220419842186412,neutral,BULL,
2016-06-02,4129,4119,2,1,0,0.6016886791166257,0.3176272816624821,neutral,BULL,
2016-06-03,4130,4120,2,1,0,0.6260815527559138,0.32120210595806276,neutral,BULL,
2016-06-06,4131,4121,2,1,0,0.9998978888648193,0.32808720184069695,neutral,BULL,
2016-06-07,4132,4122,2,1,0,0.5471768076777326,0.19279348924977413,neutral,BULL,
2016-06-08,4133,4123,1,2,1,0.9507012029023832,0.5315833422356184,bull,BULL,
2016-06-09,4134,4124,0,1,0,0.982665292401567,0.522326915028929,bull,BULL,
2016-06-10,4135,4125,0,1,0,0.9837979536442287,0.5250947425061956,bull,BULL,
2016-06-13,4136,4126,1,2,0,0.9879472581979729,0.34216507957370934,neutral,BULL,
2016-06-14,4137,4127,0,1,0,0.9016864914547216,0.4182635646399287,neutral,BULL,
2016-06-15,4138,4128,2,1,2,0.4330330234923632,0.5206674510629221,bull,BULL,
2016-06-16,4139,4129,0,1,2,1.0,0.320206988722105,neutral,BULL,
2016-06-17,4140,4130,2,1,0,1.0,0.3208157288883564,neutral,BULL,
2016-06-20,4141,4131,1,2,0,0.9949137426971216,0.3843689860751421,neutral,BULL,
2016-06-21,4142,4132,2,1,0,0.9977609026056288,0.34512846485559745,neutral,BULL,
2016-06-22,4143,4133,2,1,0,1.0,0.320071998253745,neutral,BULL,
2016-06-23,4144,4134,2,1,0,0.7648572988004904,0.32205694958070097,neutral,BULL,
2016-06-24,4145,4135,2,1,0,0.11523870978464432,0.4311026871726482,neutral,BULL,
2016-06-27,4146,4136,1,2,0,1.0,0.08085340248950133,neutral,BULL,
2016-06-28,4147,4137,1,1,0,0.9620697745598087,0.45090378817981114,neutral,BULL,
2016-06-29,4148,4138,2,2,0,0.9812389323215169,0.4587632993875434,neutral,BULL,
2016-06-30,4149,4139,2,1,0,1.0,0.6141711785395442,bull,BULL,
2016-07-01,4150,4140,2,2,1,0.9866677507559751,0.31763091137958765,neutral,BULL,
2016-07-05,4151,4141,2,2,0,0.9935277962752088,0.1525061496190546,neutral,BULL,
2016-07-06,4152,4142,1,1,0,0.9948742292071284,0.21450050185822428,neutral,BULL,
2016-07-07,4153,4143,2,2,1,0.9960092643650275,0.17431216399351415,neutral,BULL,
2016-07-08,4154,4144,1,1,0,0.9972964074077643,0.1537135695468313,neutral,BULL,
2016-07-11,4155,4145,1,1,2,0.9990310833334534,0.35696767248042427,neutral,BULL,
2016-07-12,4156,4146,1,1,2,0.9994969679482196,0.15785905523087312,neutral,BULL,
2016-07-13,4157,4147,1,1,0,0.983740724322214,0.18851764185160153,neutral,BULL,
2016-07-14,4158,4148,1,1,0,0.8361183072051417,0.15307659803721638,neutral,BULL,
2016-07-15,4159,4149,2,2,0,0.8598032666295866,0.16611699283408624,neutral,BULL,
2016-07-18,4160,4150,1,1,0,0.8864123194572469,0.15644060409830432,neutral,BULL,
2016-07-19,4161,4151,2,2,0,0.9193916185269662,0.15562051481757191,neutral,BULL,
2016-07-20,4162,4152,1,1,0,0.6269726295081038,0.155643727913278,neutral,BULL,
2016-07-21,4163,4153,1,2,0,0.820625708698079,0.3263028723134645,neutral,BULL,
2016-07-22,4164,4154,1,2,0,0.4823476105890727,0.33358696379103486,neutral,BULL,
2016-07-25,4165,4155,0,2,0,0.931439279003712,0.5073825203775448,bull,BULL,
2016-07-26,4166,4156,0,2,0,0.998879910343441,0.5088517648845934,bull,BULL,
2016-07-27,4167,4157,2,1,2,0.9998903524406094,0.5307963635402708,bull,BULL,
2016-07-28,4168,4158,1,2,1,0.9999987930153702,0.5254789052056879,bull,BULL,
2016-07-29,4169,4159,0,2,0,0.999999069177446,0.5309487061005069,bull,BULL,
2016-08-01,4170,4160,0,1,0,0.999999665343996,0.5300693759719838,bull,BULL,
2016-08-02,4171,4161,0,2,0,0.9999994477334334,0.5247951458744782,bull,BULL,
2016-08-03,4172,4162,0,2,0,0.9999962052854652,0.44745515899115607,neutral,BULL,
2016-08-04,4173,4163,0,2,0,0.9999960319134077,0.5241654570183361,bull,BULL,
2016-08-05,4174,4164,0,2,0,0.9999966976686728,0.5319184501877995,bull,BULL,
2016-08-08,4175,4165,0,1,0,0.9998140569691012,0.435847522367826,neutral,BULL,
2016-08-09,4176,4166,0,1,0,0.9988939136987908,0.528985396370478,bull,BULL,
2016-08-10,4177,4167,0,1,0,0.9952146218948525,0.5325741546120075,bull,BULL,
2016-08-11,4178,4168,0,2,0,0.9949092909355843,0.5142224545691493,bull,BULL,
2016-08-12,4179,4169,0,1,0,0.98028203892616,0.5063814364601427,bull,BULL,
2016-08-15,4180,4170,0,2,0,0.9621632187112288,0.5278704674345901,bull,BULL,
2016-08-16,4181,4171,0,1,0,0.8865832496322864,0.5231972134521056,bull,BULL,
2016-08-17,4182,4172,0,2,0,0.9934103304506228,0.4732717824129929,neutral,BULL,
2016-08-18,4183,4173,0,1,0,0.9996636093761168,0.5302859002589384,bull,BULL,
2016-08-19,4184,4174,0,1,0,0.9999975374870493,0.5291726424732954,bull,BULL,
2016-08-22,4185,4175,0,2,0,0.9999975562932398,0.5240693793642177,bull,BULL,
2016-08-23,4186,4176,0,1,0,0.9999983390558376,0.5316525395555097,bull,BULL,
2016-08-24,4187,4177,0,1,0,0.9999971526344408,0.530414748603889,bull,BULL,
2016-08-25,4188,4178,1,2,1,0.9999986331859931,0.4757364879665694,neutral,BULL,
2016-08-26,4189,4179,0,2,0,0.9999950428917118,0.5297027400290811,bull,BULL,
2016-08-29,4190,4180,0,2,0,0.9999532339726602,0.5207918032396012,bull,BULL,
2016-08-30,4191,4181,0,1,0,0.9999859159673431,0.5031590524500064,bull,BULL,
2016-08-31,4192,4182,0,2,0,0.9999862192139101,0.5228431261991133,bull,BULL,
2016-09-01,4193,4183,0,1,0,0.9999558315174341,0.5108943300127142,bull,BULL,
2016-09-02,4194,4184,0,1,0,0.9999658517153667,0.5326403298792663,bull,BULL,
2016-09-06,4195,4185,0,2,0,0.9999742483037846,0.5092016351027582,bull,BULL,
2016-09-07,4196,4186,0,2,0,0.9999061131378897,0.5248225049583981,bull,BULL,
2016-09-08,4197,4187,0,2,0,0.9998945617411601,0.5321196937048281,bull,BULL,
2016-09-09,4198,4188,0,1,0,0.9998425142448142,0.5176017919730876,bull,BULL,
2016-09-12,4199,4189,1,2,0,1.0,0.3053421165554977,neutral,BULL,
2016-09-13,4200,4190,1,2,0,1.0,0.44522782600591054,neutral,BULL,
2016-09-14,4201,4191,1,2,0,0.933530974768048,0.42818981562629593,neutral,BULL,
2016-09-15,4202,4192,2,1,0,0.5441927489137934,0.31506590385621114,neutral,BULL,
2016-09-16,4203,4193,1,2,0,0.5626992462102376,0.3912105189243217,neutral,BULL,
2016-09-19,4204,4194,1,2,0,0.3718123444533608,0.3832157664724677,neutral,BULL,
2016-09-20,4205,4195,2,1,0,0.4319439092698205,0.3142756138514136,neutral,BULL,
2016-09-21,4206,4196,1,2,0,0.7992260824558748,0.3156637427882121,neutral,BULL,
2016-09-22,4207,4197,2,1,0,1.0,0.4085581757497115,neutral,BULL,
2016-09-23,4208,4198,1,2,0,0.8609482301014317,0.3435502533822318,neutral,BULL,
2016-09-26,4209,4199,2,1,0,0.8848089243507561,0.34605812524040247,neutral,BULL,
2016-09-27,4210,4200,1,2,0,0.5979981608425046,0.374285475858872,neutral,BULL,
2016-09-28,4211,4201,0,2,1,0.48629590364636516,0.34229595997822093,neutral,BULL,
2016-09-29,4212,4202,1,2,0,0.47076171015740564,0.3314734249844818,neutral,BULL,
2016-09-30,4213,4203,2,1,0,0.48130022035231707,0.38519694067033605,neutral,BULL,
2016-10-03,4214,4204,1,2,0,0.2961676652861521,0.35775704178651324,neutral,BULL,
2016-10-04,4215,4205,0,2,0,0.9276729101850205,0.5171641567013469,bull,BULL,
2016-10-05,4216,4206,0,2,0,0.9924885486926202,0.4753309354055729,neutral,BULL,
2016-10-06,4217,4207,0,1,0,0.9926080967714577,0.5109400652929964,bull,BULL,
2016-10-07,4218,4208,0,2,0,0.9992396455959381,0.5341774599007432,bull,BULL,
2016-10-10,4219,4209,0,1,0,0.9992934392261222,0.5047219000081938,bull,BULL,
2016-10-11,4220,4210,0,2,0,0.9998662567987662,0.4990609849003938,neutral,BULL,
2016-10-12,4221,4211,0,1,0,0.9871955143268367,0.2634557627050763,neutral,BULL,
2016-10-13,4222,4212,0,1,0,0.9842612212511546,0.5338194191268916,bull,BULL,
2016-10-14,4223,4213,0,2,0,0.8873404817935033,0.5065837928551643,bull,BULL,
2016-10-17,4224,4214,0,2,0,0.862952397152214,0.5343017537411239,bull,BULL,
2016-10-18,4225,4215,0,2,0,0.5432133928592476,0.5009814586982807,bull,BULL,
2016-10-19,4226,4216,0,1,0,0.6830577165261101,0.4802987192413826,neutral,BULL,
2016-10-20,4227,4217,0,2,0,0.8381055384221706,0.5285700081455103,bull,BULL,
2016-10-21,4228,4218,0,2,0,0.9586348570806236,0.5227478337684639,bull,BULL,
2016-10-24,4229,4219,0,2,0,0.9817140702312904,0.5344816282182123,bull,BULL,
2016-10-25,4230,4220,0,2,0,0.9997267859821936,0.512955912236674,bull,BULL,
2016-10-26,4231,4221,0,1,0,0.9996521878359784,0.5053686609684134,bull,BULL,
2016-10-27,4232,4222,0,1,0,0.9996520492962409,0.5216786183447316,bull,BULL,
2016-10-28,4233,4223,0,1,0,0.9997339223627948,0.5148422101340244,bull,BULL,
2016-10-31,4234,4224,0,1,0,0.9990849407441982,0.5108206545581241,bull,BULL,
2016-11-01,4235,4225,0,1,0,0.999431486539791,0.5340627337812321,bull,BULL,
2016-11-02,4236,4226,0,2,0,0.9290867617338056,0.42754190247471563,neutral,BULL,
2016-11-03,4237,4227,0,2,0,0.07884100636494695,0.4677419490364618,neutral,BULL,
2016-11-04,4238,4228,1,2,0,0.9941651718663189,0.3385823101671643,neutral,BULL,
2016-11-07,4239,4229,1,2,0,0.8215753824626846,0.31872759405435575,neutral,BULL,
2016-11-08,4240,4230,2,0,1,0.9806277015616046,0.379295089914514,neutral,BULL,
2016-11-09,4241,4231,2,1,0,0.9828208446504635,0.3279849837716367,neutral,BULL,
2016-11-10,4242,4232,1,2,0,0.5481623329587787,0.4003041253830774,neutral,BULL,
2016-11-11,4243,4233,1,2,0,0.11874408686440335,0.31702374863984856,neutral,BULL,
2016-11-14,4244,4234,2,2,0,0.9620042161496255,0.1585630697288892,neutral,BULL,
2016-11-15,4245,4235,1,1,2,0.985663989858314,0.15170917769853215,neutral,BULL,
2016-11-16,4246,4236,1,1,2,0.9953752332537176,0.19723536939002453,neutral,BULL,
2016-11-17,4247,4237,1,1,2,0.9920189853165153,0.1581979156803417,neutral,BULL,
2016-11-18,4248,4238,1,1,0,0.942793617736117,0.16894418294053595,neutral,BULL,
2016-11-21,4249,4239,0,2,1,0.9999985034497971,0.3214242942046195,neutral,BULL,
2016-11-22,4250,4240,2,1,0,1.0,0.3580453170904523,neutral,BULL,
2016-11-23,4251,4241,0,1,2,0.8043485698574917,0.31536531159419234,neutral,BULL,
2016-11-25,4252,4242,0,1,2,0.9709636040071934,0.3140018862142084,neutral,BULL,
2016-11-28,4253,4243,0,0,1,0.4837366221403513,0.24608281136331978,neutral,BULL,
2016-11-29,4254,4244,0,1,2,0.8890594889504689,0.33822814874979124,neutral,BULL,
2016-11-30,4255,4245,0,1,2,0.2084819861653665,0.31916161468467474,neutral,BULL,
2016-12-01,4256,4246,2,1,2,0.9135267336472941,0.516138231621097,bull,BULL,
2016-12-02,4257,4247,1,2,1,0.993951111790047,0.5070491480467196,bull,BULL,
2016-12-05,4258,4248,2,1,2,0.9975695437339215,0.5311568886514394,bull,BULL,
2016-12-06,4259,4249,2,1,2,0.9999624781161759,0.4730785191413081,neutral,BULL,
2016-12-07,4260,4250,0,1,0,0.9997393447160473,0.5211881679256969,bull,BULL,
2016-12-08,4261,4251,0,1,0,0.47245046559024256,0.25901595155486645,neutral,BULL,
2016-12-09,4262,4252,2,1,2,0.9999327017966799,0.3211679200058381,neutral,BULL,
2016-12-12,4263,4253,2,1,0,0.5195857218541801,0.345102211470949,neutral,BULL,
2016-12-13,4264,4254,0,1,2,0.2333427646293152,0.319859630501646,neutral,BULL,
2016-12-14,4265,4255,1,1,0,0.9498214418225557,0.18112814324162385,neutral,BULL,
2016-12-15,4266,4256,0,0,2,0.9217293583965624,0.22341421800084907,neutral,BULL,
2016-12-16,4267,4257,1,1,2,0.7818098497214098,0.16031794475652908,neutral,BULL,
2016-12-19,4268,4258,2,1,0,0.9216771325023317,0.36999619673299977,neutral,BULL,
2016-12-20,4269,4259,0,2,1,0.9992892857629303,0.3169850847945387,neutral,BULL,
2016-12-21,4270,4260,2,1,2,0.9907683465031748,0.5158149306082477,bull,BULL,
2016-12-22,4271,4261,0,1,0,0.99832602553832,0.5112334602487525,bull,BULL,
2016-12-23,4272,4262,2,1,2,0.9988712096049315,0.5210467695257065,bull,BULL,
2016-12-27,4273,4263,2,1,0,0.9989245380806108,0.5296040090057995,bull,BULL,
2016-12-28,4274,4264,1,2,0,0.9976133848956276,0.5283558256062528,bull,BULL,
2016-12-29,4275,4265,0,1,0,0.9997353528330293,0.40439524014497324,neutral,BULL,
2016-12-30,4276,4266,0,1,0,0.99838533719253,0.5317918151069511,bull,BULL,
2017-01-03,4277,4267,0,1,2,0.993129477981401,0.4983891718533425,neutral,BULL,
2017-01-04,4278,4268,0,1,0,0.9940150666440587,0.4452201772171771,neutral,BULL,
2017-01-05,4279,4269,0,2,0,0.9819568938377754,0.48442618659297454,neutral,BULL,
2017-01-06,4280,4270,0,2,0,0.9819616375757103,0.5280377824771099,bull,BULL,
2017-01-09,4281,4271,0,2,0,0.9135228694846855,0.5194797576399633,bull,BULL,
2017-01-10,4282,4272,0,2,0,0.8817583679623737,0.5046102191088081,bull,BULL,
2017-01-11,4283,4273,0,2,0,0.8496386573563816,0.5318247114649775,bull,BULL,
2017-01-12,4284,4274,0,1,0,0.7489610678791092,0.5255852886666185,bull,BULL,
2017-01-13,4285,4275,1,2,1,0.856015535948384,0.5180758823526087,bull,BULL,
2017-01-17,4286,4276,0,2,0,0.9463534663492401,0.5250666088867553,bull,BULL,
2017-01-18,4287,4277,0,1,0,0.9999809923014058,0.5086927415841,bull,BULL,
2017-01-19,4288,4278,0,2,0,0.9999993859386271,0.5280504367810729,bull,BULL,
2017-01-20,4289,4279,0,2,0,0.9999991044924157,0.5005354682567408,bull,BULL,
2017-01-23,4290,4280,0,1,0,0.9999991974632315,0.5113265916755377,bull,BULL,
2017-01-24,4291,4281,0,1,0,0.9999995034089898,0.5193051464787886,bull,BULL,
2017-01-25,4292,4282,0,2,0,0.999994249471178,0.47491639194948854,neutral,BULL,
2017-01-26,4293,4283,0,1,0,0.9709121025077468,0.4172734963311452,neutral,BULL,
2017-01-27,4294,4284,0,2,0,0.7608972251571782,0.5270003151632788,bull,BULL,
2017-01-30,4295,4285,0,2,0,0.5915017259138026,0.5278412262716228,bull,BULL,
2017-01-31,4296,4286,0,2,1,0.5884264756603307,0.451284219959425,neutral,BULL,
2017-02-01,4297,4287,0,2,0,0.7512216857252813,0.5333846939526956,bull,BULL,
2017-02-02,4298,4288,0,2,0,0.8065234977555499,0.5333407578360742,bull,BULL,
2017-02-03,4299,4289,0,2,0,0.9479205712052445,0.532496666699662,bull,BULL,
2017-02-06,4300,4290,0,2,0,0.9493695986180739,0.45404745210759423,neutral,BULL,
2017-02-07,4301,4291,0,1,2,0.9924680890028408,0.519727071132561,bull,BULL,
2017-02-08,4302,4292,0,2,1,0.997484185939963,0.5329426543322133,bull,BULL,
2017-02-09,4303,4293,0,2,0,0.9986916923927484,0.5312647886833788,bull,BULL,
2017-02-10,4304,4294,0,2,0,0.9796245912957942,0.47507338047723485,neutral,BULL,
2017-02-13,4305,4295,0,2,1,0.6121541556568629,0.51660654245248,bull,BULL,
2017-02-14,4306,4296,1,2,0,1.0,0.3398581832608856,neutral,BULL,
2017-02-15,4307,4297,1,2,0,0.9858110007579277,0.3297417527999916,neutral,BULL,
2017-02-16,4308,4298,0,2,1,0.6915111707665943,0.3380350576768418,neutral,BULL,
2017-02-17,4309,4299,1,2,1,0.6330560956867112,0.3142183592076044,neutral,BULL,
2017-02-21,4310,4300,1,2,0,0.4529105710284677,0.31504989093944097,neutral,BULL,
2017-02-22,4311,4301,2,1,2,0.34781792631599373,0.34295455591434243,neutral,BULL,
2017-02-23,4312,4302,1,2,1,0.5868733160937519,0.3158781629967996,neutral,BULL,
2017-02-24,4313,4303,1,2,1,0.9798850284283468,0.3146388099325431,neutral,BULL,
2017-02-27,4314,4304,1,2,1,1.0,0.31528131111716007,neutral,BULL,
2017-02-28,4315,4305,2,1,2,0.5382179393134395,0.3158196483839646,neutral,BULL,
2017-03-01,4316,4306,0,1,2,0.9483679017101151,0.5206511760040844,bull,BULL,
2017-03-02,4317,4307,1,2,1,0.588562712837573,0.4442910790823525,neutral,BULL,
2017-03-03,4318,4308,2,1,2,0.6048548987482443,0.3529074962946884,neutral,BULL,
2017-03-06,4319,4309,0,1,0,0.6616698135460914,0.5331572335190472,bull,BULL,
2017-03-07,4320,4310,0,1,2,0.8760156143848702,0.5071776621959276,bull,BULL,
2017-03-08,4321,4311,0,2,0,0.9419912712701732,0.5031708466205103,bull,BULL,
2017-03-09,4322,4312,0,1,2,0.9256774717452214,0.520222727907731,bull,BULL,
2017-03-10,4323,4313,0,1,0,0.9689855211483377,0.5323528472879087,bull,BULL,
2017-03-13,4324,4314,0,2,0,0.9782262167098345,0.5143211517402299,bull,BULL,
2017-03-14,4325,4315,0,2,0,0.9810382365176744,0.5344683224745354,bull,BULL,
2017-03-15,4326,4316,0,2,0,0.9872338069260884,0.4963381698286004,neutral,BULL,
2017-03-16,4327,4317,1,2,1,0.9990890614782157,0.4062252558422858,neutral,BULL,
2017-03-17,4328,4318,0,2,0,0.9978194689239339,0.5212225652012696,bull,BULL,
2017-03-20,4329,4319,0,2,1,0.9991665877374537,0.4517697469672964,neutral,BULL,
2017-03-21,4330,4320,0,2,0,0.9975347207204335,0.5293484634341411,bull,BULL,
2017-03-22,4331,4321,0,2,0,0.49819939308351535,0.25735182023175895,neutral,BULL,
2017-03-23,4332,4322,2,1,0,1.0,0.3200011562036477,neutral,BULL,
2017-03-24,4333,4323,2,1,0,0.9999905523547724,0.3150911469664086,neutral,BULL,
2017-03-27,4334,4324,1,2,0,0.9925258594395728,0.3145259895307042,neutral,BULL,
2017-03-28,4335,4325,2,1,0,0.976260409212421,0.31512413169866743,neutral,BULL,
2017-03-29,4336,4326,1,2,0,0.9876719936648808,0.36394156721639276,neutral,BULL,
2017-03-30,4337,4327,1,2,0,0.9997593001302357,0.31777160100319896,neutral,BULL,
2017-03-31,4338,4328,1,2,0,0.27597422094340196,0.3247231300065587,neutral,BULL,
2017-04-03,4339,4329,0,2,0,0.9219701676094598,0.5225472281596683,bull,BULL,
2017-04-04,4340,4330,1,2,1,0.9877885669388063,0.5272316903113594,bull,BULL,
2017-04-05,4341,4331,0,1,0,0.9932232386133121,0.5318144942527238,bull,BULL,
2017-04-06,4342,4332,0,1,0,0.995485397262106,0.5161969500367339,bull,BULL,
2017-04-07,4343,4333,0,1,2,0.9979102680572602,0.5199158159171069,bull,BULL,
2017-04-10,4344,4334,0,2,0,0.9993049503170842,0.5305093106498651,bull,BULL,
2017-04-11,4345,4335,0,2,1,0.9999981459158991,0.5345898006603903,bull,BULL,
2017-04-12,4346,4336,0,2,0,0.9999778415027145,0.5315162425950511,bull,BULL,
2017-04-13,4347,4337,0,2,0,0.9999628177501869,0.4967126264794523,neutral,BULL,
2017-04-17,4348,4338,0,2,1,0.9891170966517832,0.45440521069518586,neutral,BULL,
2017-04-18,4349,4339,0,1,0,0.9937253545779147,0.3989335026817756,neutral,BULL,
2017-04-19,4350,4340,0,2,1,0.9844874889759759,0.510781977889462,bull,BULL,
2017-04-20,4351,4341,0,1,0,0.9898795341262704,0.5258264111909171,bull,BULL,
2017-04-21,4352,4342,0,2,0,0.9839934928228874,0.4198668523671868,neutral,BULL,
2017-04-24,4353,4343,0,1,2,0.9917213918685291,0.5138500318376392,bull,BULL,
2017-04-25,4354,4344,0,2,0,0.790153866662277,0.3302349833488855,neutral,BULL,
2017-04-26,4355,4345,2,1,0,0.9970270842023801,0.34959206198035786,neutral,BULL,
2017-04-27,4356,4346,1,2,0,0.914235546395887,0.31626475631335466,neutral,BULL,
2017-04-28,4357,4347,1,2,0,0.7552836593206482,0.3173324634871793,neutral,BULL,
2017-05-01,4358,4348,1,2,0,0.8369608706592531,0.32420099569108357,neutral,BULL,
2017-05-02,4359,4349,1,2,0,0.891569558100152,0.32344003954406253,neutral,BULL,
2017-05-03,4360,4350,2,1,0,0.9670114845575993,0.3168715630881795,neutral,BULL,
2017-05-04,4361,4351,0,2,1,0.8755894566823459,0.3184054254286385,neutral,BULL,
2017-05-05,4362,4352,1,2,0,0.24688410253495263,0.31865451351424817,neutral,BULL,
2017-05-08,4363,4353,1,2,1,0.9999225797623373,0.5066018270860687,bull,BULL,
2017-05-09,4364,4354,0,2,0,0.9999903815130757,0.5324053173374751,bull,BULL,
2017-05-10,4365,4355,0,2,0,0.999981460610787,0.531650468405485,bull,BULL,
2017-05-11,4366,4356,0,2,1,0.9999434074755136,0.5278515350676676,bull,BULL,
2017-05-12,4367,4357,0,1,2,0.9999509104361254,0.5245883338225166,bull,BULL,
2017-05-15,4368,4358,0,1,2,0.999998298914519,0.5170832656428985,bull,BULL,
2017-05-16,4369,4359,0,2,1,0.9999717153264469,0.4809078852388973,neutral,BULL,
2017-05-17,4370,4360,0,1,2,0.9999765793692691,0.5236586758719246,bull,BULL,
2017-05-18,4371,4361,0,1,0,0.7740613978550719,0.10103974555126466,neutral,BULL,
2017-05-19,4372,4362,0,1,2,0.27905191934648427,0.5136772370469491,neutral,BULL,
2017-05-22,4373,4363,0,1,0,0.3055376224878972,0.4607467370276758,neutral,BULL,
2017-05-23,4374,4364,0,1,0,0.3333078449107335,0.4894395306924436,neutral,BULL,
2017-05-24,4375,4365,0,1,0,0.21724944280493366,0.5297757920708216,neutral,BULL,
2017-05-25,4376,4366,1,2,1,0.9506675080774545,0.32213067598415934,neutral,BULL,
2017-05-26,4377,4367,2,1,0,0.899861597717455,0.33393728885037416,neutral,BULL,
2017-05-30,4378,4368,1,2,1,0.9359961431278941,0.3172783954141476,neutral,BULL,
2017-05-31,4379,4369,1,2,1,0.9331416528082737,0.31856251755980614,neutral,BULL,
2017-06-01,4380,4370,1,2,0,0.888391349124581,0.31625408392024795,neutral,BULL,
2017-06-02,4381,4371,1,2,0,0.9812398425610688,0.3757835815300049,neutral,BULL,
2017-06-05,4382,4372,2,1,0,0.9988913266891605,0.328377046459084,neutral,BULL,
2017-06-06,4383,4373,1,2,1,0.96329779499541,0.3185590060650274,neutral,BULL,
2017-06-07,4384,4374,2,1,0,0.5364558212877584,0.324605531235839,neutral,BULL,
2017-06-08,4385,4375,2,1,0,0.21219199328493163,0.3206702249260826,neutral,BULL,
2017-06-09,4386,4376,0,2,0,0.9386358829494967,0.5323302679807344,bull,BULL,
2017-06-12,4387,4377,0,2,0,0.9659489518764831,0.5243018745517198,bull,BULL,
2017-06-13,4388,4378,0,1,0,0.9811537867856898,0.535759076771301,bull,BULL,
2017-06-14,4389,4379,0,2,0,0.9978611263370838,0.5009502757246045,bull,BULL,
2017-06-15,4390,4380,0,1,0,0.9999930487401326,0.5274188099220883,bull,BULL,
2017-06-16,4391,4381,0,1,0,0.9999989372558861,0.5255822515577945,bull,BULL,
2017-06-19,4392,4382,0,2,0,0.9999880687626329,0.4923641125441594,neutral,BULL,
2017-06-20,4393,4383,0,2,0,0.9999403903536767,0.4132783416868309,neutral,BULL,
2017-06-21,4394,4384,0,1,0,0.9999105502736816,0.447815483817634,neutral,BULL,
2017-06-22,4395,4385,0,2,0,0.9998010443636967,0.5328478035283868,bull,BULL,
2017-06-23,4396,4386,2,1,0,0.9994944627471177,0.5321527075971207,bull,BULL,
2017-06-26,4397,4387,0,1,2,0.9993971617754933,0.5309644441193319,bull,BULL,
2017-06-27,4398,4388,2,1,0,0.9993783095010963,0.5326454302894801,bull,BULL,
2017-06-28,4399,4389,0,1,2,0.9925450981758348,0.41264829565446226,neutral,BULL,
2017-06-29,4400,4390,0,1,2,0.9969458038954738,0.39686991390537746,neutral,BULL,
2017-06-30,4401,4391,1,2,0,0.9758857981465183,0.37586818986022097,neutral,BULL,
2017-07-03,4402,4392,0,1,2,0.9720748126507713,0.5288887889221613,bull,BULL,
2017-07-05,4403,4393,1,2,0,0.9969848730235117,0.533833332114354,bull,BULL,
2017-07-06,4404,4394,0,1,2,0.9986984766180861,0.5290947040685358,bull,BULL,
2017-07-07,4405,4395,2,1,0,0.9833491453187276,0.37848749037070734,neutral,BULL,
2017-07-10,4406,4396,1,2,1,0.9785138679207378,0.4729148261828272,neutral,BULL,
2017-07-11,4407,4397,0,1,2,0.9878194531135667,0.5350890507771402,bull,BULL,
2017-07-12,4408,4398,2,1,2,0.9973752363978515,0.5317576815906886,bull,BULL,
2017-07-13,4409,4399,2,1,2,0.9800873925471058,0.44615439094131015,neutral,BULL,
2017-07-14,4410,4400,2,1,2,0.9104181901978012,0.5337417726659075,bull,BULL,
2017-07-17,4411,4401,2,1,0,0.34281074814210677,0.5045526823730777,bull,BULL,
2017-07-18,4412,4402,1,2,0,0.9994287245416046,0.31590343580216146,neutral,BULL,
2017-07-19,4413,4403,0,2,0,0.9957775663143307,0.31715787072237306,neutral,BULL,
2017-07-20,4414,4404,2,1,0,0.93403673401129,0.3382414132973667,neutral,BULL,
2017-07-21,4415,4405,0,2,0,0.9781419864016808,0.3164226014858203,neutral,BULL,
2017-07-24,4416,4406,1,2,0,0.9961708313259477,0.31688926249968447,neutral,BULL,
2017-07-25,4417,4407,2,1,0,0.9755904339681873,0.31595464430509584,neutral,BULL,
2017-07-26,4418,4408,2,1,0,0.12830722533222855,0.3215386285953143,neutral,BULL,
2017-07-27,4419,4409,0,2,0,0.9714644694083787,0.5360947863014766,bull,BULL,
2017-07-28,4420,4410,1,0,1,0.9984493635697969,0.5285902836423697,bull,BULL,
2017-07-31,4421,4411,0,1,0,0.9996526878510222,0.5254955478279756,bull,BULL,
2017-08-01,4422,4412,0,1,2,0.9999839537041055,0.5318864839892828,bull,BULL,
2017-08-02,4423,4413,0,1,0,0.9999931127334457,0.5297671364252141,bull,BULL,
2017-08-03,4424,4414,0,1,0,0.9999957313129391,0.5364619128045623,bull,BULL,
2017-08-04,4425,4415,1,2,1,0.9999997973064674,0.5221450496562976,bull,BULL,
2017-08-07,4426,4416,0,2,0,0.9999881497216725,0.5368094995631219,bull,BULL,
2017-08-08,4427,4417,0,1,0,0.9999996468650214,0.532716214668045,bull,BULL,
2017-08-09,4428,4418,1,2,1,0.9999896542128396,0.5189660646997574,bull,BULL,
2017-08-10,4429,4419,2,1,2,0.9999918224611264,0.5384795627301238,bull,BULL,
2017-08-11,4430,4420,2,1,0,0.8622385499501097,0.1919569567574513,neutral,BULL,
2017-08-14,4431,4421,0,2,0,0.3650856340249773,0.5333804332860516,bull,BULL,
2017-08-15,4432,4422,2,1,2,0.38007483685062143,0.36362802989384546,neutral,BULL,
2017-08-16,4433,4423,0,1,0,0.44840760048212125,0.5337457465630627,bull,BULL,
2017-08-17,4434,4424,1,2,1,0.5258442210307595,0.5294184717330441,bull,BULL,
2017-08-18,4435,4425,2,1,0,0.9988881893704952,0.4244953673712994,neutral,BULL,
2017-08-21,4436,4426,0,2,0,0.958544569540102,0.32137796666333274,neutral,BULL,
2017-08-22,4437,4427,0,2,1,0.9736974433649892,0.31402993021994907,neutral,BULL,
2017-08-23,4438,4428,1,2,0,0.9957101063143032,0.4060387719200605,neutral,BULL,
2017-08-24,4439,4429,0,2,1,0.9867786153451716,0.32573163705808605,neutral,BULL,
2017-08-25,4440,4430,1,2,0,0.9759549195668146,0.3190945401416803,neutral,BULL,
2017-08-28,4441,4431,1,2,0,0.999652475529517,0.32123022448214306,neutral,BULL,
2017-08-29,4442,4432,2,1,0,0.6786759103995331,0.3130830880025766,neutral,BULL,
2017-08-30,4443,4433,1,2,0,0.35268947126612493,0.3179263416430158,neutral,BULL,
2017-08-31,4444,4434,0,1,0,0.9406686658994269,0.4974706638357614,neutral,BULL,
2017-09-01,4445,4435,0,1,0,0.46322279155124874,0.4727957861169467,neutral,BULL,
2017-09-05,4446,4436,0,2,0,0.9277875004158618,0.31677518854396647,neutral,BULL,
2017-09-06,4447,4437,0,1,0,0.7084944325130583,0.4340452327390255,neutral,BULL,
2017-09-07,4448,4438,2,1,2,0.5687686895638198,0.3265469492578677,neutral,BULL,
2017-09-08,4449,4439,0,1,0,0.6140369604718526,0.5328820851863254,bull,BULL,
2017-09-11,4450,4440,2,1,2,0.8762185465691291,0.5329465063986087,bull,BULL,
2017-09-12,4451,4441,0,1,0,0.5657658083755625,0.35390035958361127,neutral,BULL,
2017-09-13,4452,4442,1,2,1,0.12495017564474142,0.5159505554579114,neutral,BULL,
2017-09-14,4453,4443,2,1,0,0.922853180490229,0.32019066704037014,neutral,BULL,
2017-09-15,4454,4444,0,1,2,0.9759376162395441,0.3230774392645979,neutral,BULL,
2017-09-18,4455,4445,0,1,2,0.9891005970567713,0.33471470311024826,neutral,BULL,
2017-09-19,4456,4446,1,2,1,0.9996413901856303,0.3164335308413795,neutral,BULL,
2017-09-20,4457,4447,2,1,0,0.7290315669244185,0.3169117247110548,neutral,BULL,
2017-09-21,4458,4448,2,1,0,0.36962500465592113,0.3158703470304477,neutral,BULL,
2017-09-22,4459,4449,0,1,0,0.9575297661703965,0.5198238657857119,bull,BULL,
2017-09-25,4460,4450,0,1,0,0.9999984785578971,0.5303402413216683,bull,BULL,
2017-09-26,4461,4451,0,1,0,0.9999950527024408,0.5212240697726991,bull,BULL,
2017-09-27,4462,4452,1,2,1,0.9999931371301651,0.5345045831615769,bull,BULL,
2017-09-28,4463,4453,0,1,0,0.9999947217343321,0.5092687763200782,bull,BULL,
2017-09-29,4464,4454,0,2,1,0.9999887220232546,0.5348378762044622,bull,BULL,
2017-10-02,4465,4455,0,2,0,0.9997254586337937,0.5212737333589657,bull,BULL,
2017-10-03,4466,4456,1,2,1,0.9695607805219016,0.5109168226072692,bull,BULL,
2017-10-04,4467,4457,0,1,2,0.4835418905611657,0.5310607372021054,bull,BULL,
2017-10-05,4468,4458,1,2,1,0.02617638906086528,0.5350139108079668,neutral,BULL,
2017-10-06,4469,4459,1,2,0,0.969930247754502,0.34425410531801337,neutral,BULL,
2017-10-09,4470,4460,0,2,0,0.8853725350239221,0.3202414269422179,neutral,BULL,
2017-10-10,4471,4461,2,1,0,0.9753810454831625,0.31981712226950065,neutral,BULL,
2017-10-11,4472,4462,0,2,1,0.9990000062275631,0.3195947857623364,neutral,BULL,
2017-10-12,4473,4463,0,1,2,0.9303018906700079,0.31634557224961557,neutral,BULL,
2017-10-13,4474,4464,2,1,0,0.18499637869197896,0.3194242532004154,neutral,BULL,
2017-10-16,4475,4465,2,1,2,0.9818109202147358,0.535092963330449,bull,BULL,
2017-10-17,4476,4466,0,2,1,0.9971801619918308,0.5362031127294324,bull,BULL,
2017-10-18,4477,4467,2,1,2,0.9996051652627783,0.5361292462260756,bull,BULL,
2017-10-19,4478,4468,0,2,1,0.9999905059474812,0.5362568628078557,bull,BULL,
2017-10-20,4479,4469,1,2,0,0.9998560199209379,0.5352816919686911,bull,BULL,
2017-10-23,4480,4470,0,2,0,0.9953304051879021,0.48925106187615264,neutral,BULL,
2017-10-24,4481,4471,0,2,0,0.9987154908163515,0.5058041471072758,bull,BULL,
2017-10-25,4482,4472,0,1,0,0.9986071652006778,0.5316584033104107,bull,BULL,
2017-10-26,4483,4473,0,2,0,0.9988762555287652,0.46962721388388456,neutral,BULL,
2017-10-27,4484,4474,0,2,0,0.9997171707357305,0.5341209035588272,bull,BULL,
2017-10-30,4485,4475,1,2,1,0.9971630212965469,0.46902639740302005,neutral,BULL,
2017-10-31,4486,4476,0,1,0,0.9972570764993421,0.5010448136152494,bull,BULL,
2017-11-01,4487,4477,1,2,1,0.9972715193135034,0.5371670442360839,bull,BULL,
2017-11-02,4488,4478,1,2,1,0.9956037554892899,0.5374609396355916,bull,BULL,
2017-11-03,4489,4479,1,2,1,0.9952137433048165,0.5383354649775524,bull,BULL,
2017-11-06,4490,4480,2,1,2,0.9726679743684569,0.5263111876888001,bull,BULL,
2017-11-07,4491,4481,1,2,1,0.9070329338640873,0.5378665356925745,bull,BULL,
2017-11-08,4492,4482,0,1,0,0.8358554230529182,0.5347582786136049,bull,BULL,
2017-11-09,4493,4483,0,2,1,0.923521558278397,0.5349330172812199,bull,BULL,
2017-11-10,4494,4484,1,2,1,0.9977792341155497,0.5024632557827866,bull,BULL,
2017-11-13,4495,4485,0,1,0,0.9979700216137335,0.5372612394244309,bull,BULL,
2017-11-14,4496,4486,0,1,2,0.9997352663446447,0.539625796279623,bull,BULL,
2017-11-15,4497,4487,0,2,1,0.9999365973659119,0.5211908570874763,bull,BULL,
2017-11-16,4498,4488,1,2,0,0.9979206876054618,0.47373404300022204,neutral,BULL,
2017-11-17,4499,4489,0,2,1,0.998802747082688,0.41141943905258904,neutral,BULL,
2017-11-20,4500,4490,0,2,1,0.9987797823199769,0.5105434414159408,bull,BULL,
2017-11-21,4501,4491,0,2,1,0.9993022427951506,0.5346192996464276,bull,BULL,
2017-11-22,4502,4492,2,1,0,0.9876028698209434,0.4674866065943293,neutral,BULL,
2017-11-24,4503,4493,0,2,1,0.9673636837718694,0.5316826380273388,bull,BULL,
2017-11-27,4504,4494,0,1,2,0.8003721756449811,0.5319681919439989,bull,BULL,
2017-11-28,4505,4495,0,2,1,0.6694079755268584,0.5337249682241105,bull,BULL,
2017-11-29,4506,4496,2,1,2,0.9918534304207918,0.4128615709150438,neutral,BULL,
2017-11-30,4507,4497,0,2,0,0.9249070797194198,0.3173681284008917,neutral,BULL,
2017-12-01,4508,4498,1,2,1,0.6986076700341194,0.3875228258298324,neutral,BULL,
2017-12-04,4509,4499,1,2,1,0.4754717709414345,0.32228820829337146,neutral,BULL,
2017-12-05,4510,4500,2,1,2,0.6461912775125704,0.3185727282269372,neutral,BULL,
2017-12-06,4511,4501,1,2,1,0.9346414938734929,0.3318944443876245,neutral,BULL,
2017-12-07,4512,4502,0,2,0,0.9848106399588619,0.31599317717352843,neutral,BULL,
2017-12-08,4513,4503,2,1,2,0.9999684707409238,0.32414288305583777,neutral,BULL,
2017-12-11,4514,4504,1,2,1,0.9045604663844592,0.34369079601038793,neutral,BULL,
2017-12-12,4515,4505,2,1,2,0.17241646792829043,0.32334065204772927,neutral,BULL,
2017-12-13,4516,4506,0,2,1,0.5451194052527624,0.5360871606103794,bull,BULL,
2017-12-14,4517,4507,0,2,1,0.5665093265816178,0.5381783486449262,bull,BULL,
2017-12-15,4518,4508,0,2,0,0.5257582257578981,0.4941108241942742,neutral,BULL,
2017-12-18,4519,4509,0,2,1,0.26007871705250785,0.5237494900179944,neutral,BULL,
2017-12-19,4520,4510,1,2,1,0.9997189240189417,0.3505532477246403,neutral,BULL,
2017-12-20,4521,4511,1,2,1,0.7958049669536178,0.3336658166407579,neutral,BULL,
2017-12-21,4522,4512,1,2,1,0.9147675551408379,0.5366499434210683,bull,BULL,
2017-12-22,4523,4513,0,2,0,0.9963420736098921,0.5350929378516894,bull,BULL,
2017-12-26,4524,4514,0,2,1,0.9991169569360759,0.5341033960770318,bull,BULL,
2017-12-27,4525,4515,0,2,0,0.9993425593530132,0.5324660419996521,bull,BULL,
2017-12-28,4526,4516,0,1,2,0.9995639569530272,0.5364481769386825,bull,BULL,
2017-12-29,4527,4517,0,2,1,0.9992619194121188,0.5345731186960523,bull,BULL,
2018-01-02,4528,4518,0,2,1,0.9999832419931698,0.49952018475783344,neutral,BULL,
2018-01-03,4529,4519,1,2,0,0.9999317528451871,0.45130576281794677,neutral,BULL,
2018-01-04,4530,4520,0,1,2,0.9294593403385808,0.47283131236805226,neutral,BULL,
2018-01-05,4531,4521,0,2,1,0.9682823114360368,0.32696662277373767,neutral,BULL,
2018-01-08,4532,4522,1,2,1,0.7688403394179696,0.3571202605328344,neutral,BULL,
2018-01-09,4533,4523,1,2,1,0.2353893894451551,0.3191460487344599,neutral,BULL,
2018-01-10,4534,4524,2,1,2,0.07754954027986682,0.31657744210074534,neutral,BULL,
2018-01-11,4535,4525,2,2,1,0.9342662632523407,0.15233130434590283,neutral,BULL,
2018-01-12,4536,4526,2,2,1,0.9602732537133907,0.18642907192136252,neutral,BULL,
2018-01-16,4537,4527,2,2,1,0.9831826914545609,0.17581871456513196,neutral,BULL,
2018-01-17,4538,4528,1,1,2,0.8796276775982929,0.16545324580818477,neutral,BULL,
2018-01-18,4539,4529,2,2,1,0.8568451502812658,0.22483762413090205,neutral,BULL,
2018-01-19,4540,4530,1,1,2,0.7385440978555938,0.15339859175695847,neutral,BULL,
2018-01-22,4541,4531,2,2,0,0.6801461391318963,0.15834391058853828,neutral,BULL,
2018-01-23,4542,4532,1,1,2,0.9078659246962701,0.2004011929037478,neutral,BULL,
2018-01-24,4543,4533,2,2,0,0.960258969432037,0.1479955907267256,neutral,BULL,
2018-01-25,4544,4534,2,2,0,0.9564513251336683,0.14977734175133478,neutral,BULL,
2018-01-26,4545,4535,1,1,2,0.8084681191651861,0.14842598212994726,neutral,BULL,
2018-01-29,4546,4536,1,1,2,0.9228268333170386,0.27455068464012167,neutral,BULL,
2018-01-30,4547,4537,2,2,1,0.8877789480379938,0.20430585919789943,neutral,BULL,
2018-01-31,4548,4538,2,2,1,0.32711662509349276,0.27704953779281927,neutral,BULL,
2018-02-01,4549,4539,2,1,2,0.8699390308616053,0.31723790627818055,neutral,BULL,
2018-02-02,4550,4540,1,2,1,0.9978316768242268,0.31820922057158024,neutral,BULL,
2018-02-05,4551,4541,1,1,2,0.8902148499398641,0.6584783149667506,bear,BEAR,
2018-02-06,4552,4542,2,2,1,0.9999999565224019,0.9778552624048594,bear,BEAR,
2018-02-07,4553,4543,2,2,1,0.9999999984699628,0.5461417158487054,bear,BEAR,
2018-02-08,4554,4544,2,2,0,0.9999999999620017,0.18760125514239476,neutral,BEAR,
2018-02-09,4555,4545,2,2,0,0.9999999999999809,0.9450927455660577,bear,BEAR,
2018-02-12,4556,4546,1,1,0,0.9999999999999729,0.37078697877753874,neutral,BEAR,
2018-02-13,4557,4547,2,2,1,0.9999999999993671,0.364615410980381,neutral,BEAR,
2018-02-14,4558,4548,1,1,2,0.9999999995211327,0.14908685998863844,neutral,BEAR,
2018-02-15,4559,4549,2,2,0,0.9999999939823814,0.3284990739548091,neutral,BEAR,
2018-02-16,4560,4550,1,1,0,0.9999957126532323,0.30679077373870045,neutral,BEAR,
2018-02-20,4561,4551,1,1,2,0.9999773826335961,0.1496108224488676,neutral,BEAR,
2018-02-21,4562,4552,2,2,1,0.9999682015844349,0.19853559218876607,neutral,BEAR,
2018-02-22,4563,4553,1,1,0,0.999987428681822,0.18050931113843366,neutral,BEAR,
2018-02-23,4564,4554,1,1,0,0.9999912432770467,0.15058950308091906,neutral,BEAR,
2018-02-26,4565,4555,2,2,1,0.9992038068840523,0.40947151732619236,neutral,BEAR,
2018-02-27,4566,4556,2,2,1,0.9972264493017388,0.27451183960543685,neutral,BEAR,
2018-02-28,4567,4557,2,2,1,0.9769756375975704,0.3394219052751145,neutral,BEAR,
2018-03-01,4568,4558,2,1,0,0.9596086360486454,0.4148698530576431,neutral,BEAR,
2018-03-02,4569,4559,1,1,0,0.842456034534504,0.3847012534055493,neutral,BEAR,
2018-03-05,4570,4560,1,1,0,0.924613683675915,0.16802752727492531,neutral,BEAR,
2018-03-06,4571,4561,1,1,0,0.9174114533876966,0.2722100950393075,neutral,BEAR,
2018-03-07,4572,4562,1,1,0,0.9196211531068247,0.15449776339386873,neutral,BEAR,
2018-03-08,4573,4563,1,1,0,0.8868319429301467,0.1537834550095875,neutral,BEAR,
2018-03-09,4574,4564,1,1,0,0.8656393615246685,0.16615834188621614,neutral,BEAR,
2018-03-12,4575,4565,2,2,1,0.987877766309773,0.4639500461002124,neutral,BEAR,
2018-03-13,4576,4566,1,1,0,0.9923436466060106,0.15681062398750753,neutral,BEAR,
2018-03-14,4577,4567,1,1,0,0.9962474319380025,0.20066675366747522,neutral,BEAR,
2018-03-15,4578,4568,1,1,0,0.9960100385149357,0.1848100454949852,neutral,BEAR,
2018-03-16,4579,4569,1,1,2,0.9170741123816254,0.15686115179758733,neutral,BEAR,
2018-03-19,4580,4570,2,1,0,0.6937431263385,0.3267116247223528,neutral,BEAR,
2018-03-20,4581,4571,2,1,0,0.36565953746076385,0.4238696048940633,neutral,BEAR,
2018-03-21,4582,4572,0,2,1,0.17274462134583965,0.3141926165308387,neutral,BEAR,
2018-03-22,4583,4573,2,2,1,0.9440189957297228,0.16072656267953012,neutral,BEAR,
2018-03-23,4584,4574,1,1,0,0.9999428431574094,0.7164244439011593,bear,BEAR,
2018-03-26,4585,4575,1,1,2,0.9999997108975192,0.6367768365499027,bear,BEAR,
2018-03-27,4586,4576,1,1,2,0.9999992652978512,0.8079690089239637,bear,BEAR,
2018-03-28,4587,4577,1,1,2,0.9999999388637971,0.4665828805889014,neutral,BEAR,
2018-03-29,4588,4578,1,1,0,0.9999999393715178,0.1664755101265847,neutral,BEAR,
2018-04-02,4589,4579,1,1,0,0.9999989960812412,0.3076073260685942,neutral,BEAR,
2018-04-03,4590,4580,2,2,1,0.9999950755443259,0.6176677246593768,bear,BEAR,
2018-04-04,4591,4581,1,1,0,0.9999589648932026,0.30883357058605637,neutral,BEAR,
2018-04-05,4592,4582,2,2,0,0.9968339057625923,0.2555393034780917,neutral,BEAR,
2018-04-06,4593,4583,2,2,0,0.8413423845587157,0.19889282646825707,neutral,BEAR,
2018-04-09,4594,4584,1,1,0,0.8301422371888619,0.6439439071431743,bear,BEAR,
2018-04-10,4595,4585,2,2,0,0.6262328921739015,0.1663931801217026,neutral,BEAR,
2018-04-11,4596,4586,1,1,0,0.6795737301330919,0.41570696854327116,neutral,BEAR,
2018-04-12,4597,4587,2,1,0,0.3224464670187924,0.3477843032513435,neutral,BEAR,
2018-04-13,4598,4588,2,1,0,0.19869268315420419,0.36870498813504604,neutral,BEAR,
2018-04-16,4599,4589,2,2,0,0.8730322952428798,0.166391676233018,neutral,BEAR,
2018-04-17,4600,4590,1,2,0,0.46607080317475486,0.36757758590918704,neutral,BEAR,
2018-04-18,4601,4591,1,1,0,0.9116511241888631,0.25551131674837735,neutral,BEAR,
2018-04-19,4602,4592,1,1,0,0.987229990732151,0.1553454903120236,neutral,BEAR,
2018-04-20,4603,4593,1,1,0,0.9941499790130196,0.19356705966388124,neutral,BEAR,
2018-04-23,4604,4594,1,1,0,0.8807969652739367,0.2390496616705428,neutral,BEAR,
2018-04-24,4605,4595,2,1,0,0.8131180871292445,0.31541754471271655,neutral,BEAR,
2018-04-25,4606,4596,2,1,0,0.49138324322402305,0.4227046044545282,neutral,BEAR,
2018-04-26,4607,4597,2,1,0,0.46292838370709083,0.3143120066155389,neutral,BEAR,
2018-04-27,4608,4598,2,1,0,0.47793439957196465,0.3965664031813966,neutral,BEAR,
2018-04-30,4609,4599,0,2,0,0.4898835153561703,0.31553993777091055,neutral,BEAR,
2018-05-01,4610,4600,2,1,0,0.42258929287901564,0.3708086678502259,neutral,BEAR,
2018-05-02,4611,4601,0,2,0,0.7003730774024552,0.316353935495454,neutral,BEAR,
2018-05-03,4612,4602,2,1,0,0.9999998877540528,0.3593906234855724,neutral,BEAR,
2018-05-04,4613,4603,0,2,1,0.9828480751928235,0.3192694018514536,neutral,BEAR,
2018-05-07,4614,4604,0,2,1,0.9029885766123971,0.4351191599032556,neutral,BEAR,
2018-05-08,4615,4605,2,1,0,0.9704315835100658,0.3188101399501685,neutral,BEAR,
2018-05-09,4616,4606,0,1,2,0.9652223318609588,0.31331349947673315,neutral,BEAR,
2018-05-10,4617,4607,0,2,1,0.9482443292501866,0.3925994258721517,neutral,BEAR,
2018-05-11,4618,4608,0,1,2,0.16993662156770326,0.38494676403849143,neutral,BEAR,
2018-05-14,4619,4609,2,2,1,0.9894544555083677,0.1577790704934409,neutral,BEAR,
2018-05-15,4620,4610,1,1,0,0.997778641426469,0.1540375030177968,neutral,BEAR,
2018-05-16,4621,4611,1,1,0,0.9976602596184974,0.21171566864849156,neutral,BEAR,
2018-05-17,4622,4612,2,2,1,0.9906234343036925,0.16481954475340366,neutral,BEAR,
2018-05-18,4623,4613,1,1,0,0.7203814091220476,0.15678817989817156,neutral,BEAR,
2018-05-21,4624,4614,2,1,0,0.764613723291748,0.320859635337706,neutral,BEAR,
2018-05-22,4625,4615,2,1,0,0.9730613653935166,0.36125641991925245,neutral,BEAR,
2018-05-23,4626,4616,2,1,2,0.12330160523716185,0.32592116129555365,neutral,BEAR,
2018-05-24,4627,4617,0,1,0,0.9987217241737291,0.5253602643995606,bull,BULL,
2018-05-25,4628,4618,0,1,0,0.9987490134669323,0.5190678345612287,bull,BULL,
2018-05-29,4629,4619,0,1,0,0.998872489941529,0.5155380900524521,bull,BULL,
2018-05-30,4630,4620,0,1,0,0.7285894412453308,0.2775244411910221,neutral,BULL,
2018-05-31,4631,4621,0,1,0,0.795439093489892,0.23186957448076384,neutral,BULL,
2018-06-01,4632,4622,0,1,0,0.7007675289149402,0.4484824229674884,neutral,BULL,
2018-06-04,4633,4623,1,2,1,0.4993805857841851,0.36908306351593795,neutral,BULL,
2018-06-05,4634,4624,0,1,0,0.04288621783699868,0.502816490257368,neutral,BULL,
2018-06-06,4635,4625,2,1,0,0.9959972017599198,0.31319914976965796,neutral,BULL,
2018-06-07,4636,4626,0,1,2,0.7136960841194607,0.3728307855068638,neutral,BULL,
2018-06-08,4637,4627,0,1,0,0.2601764271806313,0.31565466569782347,neutral,BULL,
2018-06-11,4638,4628,2,1,0,0.08250827451433185,0.32096952888235764,neutral,BULL,
2018-06-12,4639,4629,1,1,2,0.9637352585254073,0.1542851592332057,neutral,BULL,
2018-06-13,4640,4630,1,1,2,0.7585958854507365,0.15455312085138537,neutral,BULL,
2018-06-14,4641,4631,1,1,2,0.6003461640637429,0.16901949560476515,neutral,BULL,
2018-06-15,4642,4632,2,1,2,0.9818280521611362,0.3193742061756983,neutral,BULL,
2018-06-18,4643,4633,2,1,0,0.531082815299015,0.34890662663136357,neutral,BULL,
2018-06-19,4644,4634,2,1,2,0.9114146300537117,0.5134451635534815,bull,BULL,
2018-06-20,4645,4635,1,2,0,0.933942453271541,0.4921709695599568,neutral,BULL,
2018-06-21,4646,4636,0,1,0,0.8866252707111751,0.528298109825374,bull,BULL,
2018-06-22,4647,4637,0,1,0,0.0779123797112053,0.44411841121357903,neutral,BULL,
2018-06-25,4648,4638,2,1,0,0.9994681310524226,0.3159264985434152,neutral,BULL,
2018-06-26,4649,4639,2,1,0,0.6373241727648541,0.4238320159786092,neutral,BULL,
2018-06-27,4650,4640,2,1,0,0.4445600499501208,0.3173638252841448,neutral,BULL,
2018-06-28,4651,4641,2,1,0,0.10040507944207369,0.37651362643911807,neutral,BULL,
2018-06-29,4652,4642,2,1,0,0.24327914263878467,0.3413765166767433,neutral,BULL,
2018-07-02,4653,4643,2,1,0,0.3991638428990546,0.3150923872018473,neutral,BULL,
2018-07-03,4654,4644,0,1,2,0.8259912335756434,0.31415340250166474,neutral,BULL,
2018-07-05,4655,4645,0,1,2,0.9739952966324441,0.32835710379221494,neutral,BULL,
2018-07-06,4656,4646,2,1,0,0.9976549213375473,0.3678058714830629,neutral,BULL,
2018-07-09,4657,4647,2,1,0,0.9999999989469407,0.37205114026500524,neutral,BULL,
2018-07-10,4658,4648,0,1,2,0.47849302013627343,0.380451032424423,neutral,BULL,
2018-07-11,4659,4649,1,1,0,0.9574384518676486,0.16132242390812493,neutral,BULL,
2018-07-12,4660,4650,1,1,0,0.978639077184917,0.21728924699343904,neutral,BULL,
2018-07-13,4661,4651,1,1,0,0.9841871603498283,0.22206307620830942,neutral,BULL,
2018-07-16,4662,4652,1,1,2,0.9863838300561869,0.1549751229700603,neutral,BULL,
2018-07-17,4663,4653,1,1,2,0.9743935726116987,0.15586336699797063,neutral,BULL,
2018-07-18,4664,4654,1,1,0,0.945891878965506,0.16498375374745203,neutral,BULL,
2018-07-19,4665,4655,0,1,2,0.5910077369489087,0.3140947747555243,neutral,BULL,
2018-07-20,4666,4656,2,1,0,1.0,0.33000938606675023,neutral,BULL,
2018-07-23,4667,4657,2,1,0,0.1339926405687185,0.31519091859996984,neutral,BULL,
2018-07-24,4668,4658,0,1,0,0.935187742224401,0.530538447574394,bull,BULL,
2018-07-25,4669,4659,0,1,0,0.7901248803098198,0.49666528684157923,neutral,BULL,
2018-07-26,4670,4660,0,1,0,0.4657810294585,0.41249221894015137,neutral,BULL,
2018-07-27,4671,4661,0,1,0,0.04309355364085438,0.516066240321677,neutral,BULL,
2018-07-30,4672,4662,0,2,1,0.8390141216185394,0.3596631469222861,neutral,BULL,
2018-07-31,4673,4663,0,1,2,0.6677303996246277,0.3436695472065431,neutral,BULL,
2018-08-01,4674,4664,2,1,2,0.7807087256159391,0.33547730205395176,neutral,BULL,
2018-08-02,4675,4665,2,1,0,0.6911409860715483,0.3167044395670956,neutral,BULL,
2018-08-03,4676,4666,0,2,1,0.5387078863107277,0.3353573943575573,neutral,BULL,
2018-08-06,4677,4667,2,1,0,0.5058137601287883,0.32508011226602807,neutral,BULL,
2018-08-07,4678,4668,0,2,0,0.9270184366367872,0.3252800524517366,neutral,BULL,
2018-08-08,4679,4669,2,1,0,0.9944597501071316,0.32391728953794674,neutral,BULL,
2018-08-09,4680,4670,2,1,0,0.9617854103633574,0.315346769322461,neutral,BULL,
2018-08-10,4681,4671,0,1,2,0.9082142387575275,0.31717742028054147,neutral,BULL,
2018-08-13,4682,4672,2,0,1,0.9465650257679663,0.3560023796305298,neutral,BULL,
2018-08-14,4683,4673,2,1,0,0.9990077817866775,0.32832382807940796,neutral,BULL,
2018-08-15,4684,4674,2,1,0,0.8972749462494011,0.352494174800245,neutral,BULL,
2018-08-16,4685,4675,0,1,2,0.48126831783851415,0.364042126261391,neutral,BULL,
2018-08-17,4686,4676,0,1,2,0.2901927066960003,0.3735728460888097,neutral,BULL,
2018-08-20,4687,4677,1,2,1,0.6336422334784629,0.5114660356834054,bull,BULL,
2018-08-21,4688,4678,1,2,1,0.4134376494466321,0.5271238857840796,bull,BULL,
2018-08-22,4689,4679,2,1,2,0.9787828838574656,0.3207262664186333,neutral,BULL,
2018-08-23,4690,4680,2,1,0,0.9688856832433066,0.316297389264545,neutral,BULL,
2018-08-24,4691,4681,0,2,1,0.9983527398531932,0.3182878229624845,neutral,BULL,
2018-08-27,4692,4682,0,2,1,0.9888010231301373,0.3444682468373571,neutral,BULL,
2018-08-28,4693,4683,0,1,2,0.8606493429557218,0.36716004459255086,neutral,BULL,
2018-08-29,4694,4684,0,2,1,0.558467581671716,0.3150598502662187,neutral,BULL,
2018-08-30,4695,4685,1,2,1,0.5945501645743214,0.33838324633131617,neutral,BULL,
2018-08-31,4696,4686,2,1,0,0.699769331724692,0.3348959339945727,neutral,BULL,
2018-09-04,4697,4687,0,2,0,0.7391806832934883,0.31772813911319453,neutral,BULL,
2018-09-05,4698,4688,2,1,0,0.9216589010189812,0.32088127148095535,neutral,BULL,
2018-09-06,4699,4689,0,2,1,0.9836967496632942,0.32551368434499234,neutral,BULL,
2018-09-07,4700,4690,0,2,1,0.9939631998632608,0.32779369492036436,neutral,BULL,
2018-09-10,4701,4691,2,1,0,0.25628311930222386,0.32187398578374166,neutral,BULL,
2018-09-11,4702,4692,0,1,0,0.867322783675872,0.5248507899522837,bull,BULL,
2018-09-12,4703,4693,0,1,0,0.8675564119941431,0.5107088503568109,bull,BULL,
2018-09-13,4704,4694,0,1,0,0.8817837097923074,0.5297214887556806,bull,BULL,
2018-09-14,4705,4695,0,1,0,0.9608078155773805,0.4782507531448705,neutral,BULL,
2018-09-17,4706,4696,1,2,1,0.9184864875906618,0.5293781309314479,bull,BULL,
2018-09-18,4707,4697,1,2,1,0.951750780568137,0.4645962149512683,neutral,BULL,
2018-09-19,4708,4698,0,1,0,0.8628094492825792,0.47809093200056446,neutral,BULL,
2018-09-20,4709,4699,0,1,0,0.643279457461189,0.5299981840068957,bull,BULL,
2018-09-21,4710,4700,2,1,0,0.9976457475743465,0.37074761672728973,neutral,BULL,
2018-09-24,4711,4701,2,1,0,0.9791129211362293,0.3459649305557535,neutral,BULL,
2018-09-25,4712,4702,1,2,0,0.4592474340193049,0.32942501171327176,neutral,BULL,
2018-09-26,4713,4703,0,2,0,0.8158546899489824,0.5279047349593919,bull,BULL,
2018-09-27,4714,4704,0,1,0,0.924894492821,0.5062155835861357,bull,BULL,
2018-09-28,4715,4705,0,2,0,0.9223428769751856,0.5192341746688254,bull,BULL,
2018-10-01,4716,4706,1,2,1,0.919955754288872,0.5200850656912237,bull,BULL,
2018-10-02,4717,4707,0,1,0,0.9820311482872681,0.5106841444017863,bull,BULL,
2018-10-03,4718,4708,0,1,0,0.9807635548652932,0.5276183400173599,bull,BULL,
2018-10-04,4719,4709,0,1,0,0.9794478894710992,0.531344869023919,bull,BULL,
2018-10-05,4720,4710,2,1,2,0.9977790975898062,0.40182201165992026,neutral,BULL,
2018-10-08,4721,4711,0,1,0,0.8614157653056856,0.4594707194245424,neutral,BULL,
2018-10-09,4722,4712,1,2,1,0.3497613929976448,0.5300369485206574,bull,BULL,
2018-10-10,4723,4713,0,1,2,0.9996424259723078,0.3184140498182859,neutral,BULL,
2018-10-11,4724,4714,1,1,0,0.9989114671434967,0.8737560479754976,bear,BEAR,
2018-10-12,4725,4715,2,2,1,0.9999999711829654,0.6434320051106026,bear,BEAR,
2018-10-15,4726,4716,1,1,0,0.999999997798025,0.3436370870382651,neutral,BEAR,
2018-10-16,4727,4717,1,1,0,0.9999999995175883,0.192489999998578,neutral,BEAR,
2018-10-17,4728,4718,2,2,0,0.9999999971986776,0.6240125651985412,bear,BEAR,
2018-10-18,4729,4719,2,2,1,0.9999999372689471,0.1547013352763463,neutral,BEAR,
2018-10-19,4730,4720,2,2,1,0.999999310702492,0.3969610191267975,neutral,BEAR,
2018-10-22,4731,4721,2,2,1,0.9999919981357818,0.15571810367594716,neutral,BEAR,
2018-10-23,4732,4722,1,1,2,0.999619759827059,0.18033963456165605,neutral,BEAR,
2018-10-24,4733,4723,1,1,2,0.7397803406088008,0.18639886778554862,neutral,BEAR,
2018-10-25,4734,4724,1,1,2,0.9994657519580104,0.8745108540398188,bear,BEAR,
2018-10-26,4735,4725,1,1,2,0.999861839980115,0.4869648290502152,neutral,BEAR,
2018-10-29,4736,4726,1,1,2,0.9999967795286452,0.49396781779909876,neutral,BEAR,
2018-10-30,4737,4727,1,1,2,0.9999998700256265,0.19192461031417798,neutral,BEAR,
2018-10-31,4738,4728,2,2,0,0.9999990649072944,0.3794500365979801,neutral,BEAR,
2018-11-01,4739,4729,1,1,2,0.9999440005203071,0.2589616091274349,neutral,BEAR,
2018-11-02,4740,4730,2,2,1,0.9997703680781556,0.2582262422119742,neutral,BEAR,
2018-11-05,4741,4731,2,2,0,0.9983236183330579,0.19754395559595886,neutral,BEAR,
2018-11-06,4742,4732,1,1,2,0.9956662499545587,0.1765846996705214,neutral,BEAR,
2018-11-07,4743,4733,2,2,1,0.9982743980026525,0.18513578660789015,neutral,BEAR,
2018-11-08,4744,4734,1,1,2,0.9999831799045974,0.6090427600671128,bear,BEAR,
2018-11-09,4745,4735,2,2,1,0.9999993589188952,0.16180030948236399,neutral,BEAR,
2018-11-12,4746,4736,1,1,2,0.999997249484071,0.26552760257441954,neutral,BEAR,
2018-11-13,4747,4737,1,1,2,0.9995663132808246,0.5307567444342579,bear,BEAR,
2018-11-14,4748,4738,1,1,2,0.9946530612405671,0.1623495750901479,neutral,BEAR,
2018-11-15,4749,4739,2,2,1,0.9958444751835029,0.21127654698750034,neutral,BEAR,
2018-11-16,4750,4740,2,2,1,0.9962327661186918,0.2551383791897019,neutral,BEAR,
2018-11-19,4751,4741,2,2,0,0.9937281571586789,0.15889939739311099,neutral,BEAR,
2018-11-20,4752,4742,2,2,1,0.9990538185835054,0.473339558690346,neutral,BEAR,
2018-11-21,4753,4743,2,2,0,0.9999890643737831,0.5421290190846295,bear,BEAR,
2018-11-23,4754,4744,1,1,0,0.9999880985884446,0.16236652625570983,neutral,BEAR,
2018-11-26,4755,4745,2,2,1,0.9999422654654444,0.2096763437074121,neutral,BEAR,
2018-11-27,4756,4746,2,2,1,0.9979243887422784,0.4271610204496737,neutral,BEAR,
2018-11-28,4757,4747,1,1,0,0.9951098866511464,0.1624509406136574,neutral,BEAR,
2018-11-29,4758,4748,1,1,0,0.9988593999858372,0.6636061004152726,bear,BEAR,
2018-11-30,4759,4749,2,2,1,0.999690019595624,0.16475154257160612,neutral,BEAR,
2018-12-03,4760,4750,1,1,0,0.999926350771119,0.18381911223359376,neutral,BEAR,
2018-12-04,4761,4751,1,1,0,0.9999978673125044,0.33123095601834407,neutral,BEAR,
2018-12-06,4762,4752,1,1,0,0.9999977741078199,0.8858042484864445,bear,BEAR,
2018-12-07,4763,4753,1,1,0,0.9999861978291539,0.16175748633005851,neutral,BEAR,
2018-12-10,4764,4754,1,1,0,0.9999942216117356,0.6756680120178604,bear,BEAR,
2018-12-11,4765,4755,1,1,2,0.9999901855151849,0.15791975864896635,neutral,BEAR,
2018-12-12,4766,4756,1,1,0,0.9999976879734105,0.15732201043899394,neutral,BEAR,
2018-12-13,4767,4757,1,1,0,0.9999989951649881,0.1740124392832878,neutral,BEAR,
2018-12-14,4768,4758,2,2,1,0.9999987872894713,0.15839091205280748,neutral,BEAR,
2018-12-17,4769,4759,1,1,2,0.9999996707289281,0.5242810698334229,bear,BEAR,
2018-12-18,4770,4760,2,2,1,0.999999959896382,0.5603891505917994,bear,BEAR,
2018-12-19,4771,4761,1,1,2,0.9999922461329515,0.16158612701608624,neutral,BEAR,
2018-12-20,4772,4762,2,2,0,0.9999993799763535,0.41107641446089943,neutral,BEAR,
2018-12-21,4773,4763,1,1,2,0.9999999730025975,0.4522053211163955,neutral,BEAR,
2018-12-24,4774,4764,1,1,0,0.999999999989126,0.751128418967361,bear,BEAR,
2018-12-26,4775,4765,2,2,0,0.9999999999999859,0.7529728261888142,bear,BEAR,
2018-12-27,4776,4766,2,2,1,0.9999999999995601,0.9980295812239265,bear,BEAR,
2018-12-28,4777,4767,1,1,2,0.9999999999911574,0.20011264392037964,neutral,BEAR,
2018-12-31,4778,4768,1,1,0,0.9999999820093297,0.15714605764496067,neutral,BEAR,
2019-01-02,4779,4769,2,2,0,0.9999989749348838,0.21127751462702118,neutral,BEAR,
2019-01-03,4780,4770,2,2,1,0.999997010628105,0.15535089848871256,neutral,BEAR,
2019-01-04,4781,4771,2,2,0,0.9999256944159877,0.6899766972327422,bear,BEAR,
2019-01-07,4782,4772,1,1,0,0.9999898158538114,0.9147051930193218,bear,BEAR,
2019-01-08,4783,4773,2,2,1,0.999997769921236,0.20084878102767167,neutral,BEAR,
2019-01-09,4784,4774,2,2,1,0.9999994232234137,0.22861935665926622,neutral,BEAR,
2019-01-10,4785,4775,1,1,0,0.9993484884909266,0.16502689171979829,neutral,BEAR,
2019-01-11,4786,4776,2,2,0,0.999810381438203,0.15860444749389374,neutral,BEAR,
2019-01-14,4787,4777,2,2,1,0.9999590939108989,0.15585721301356437,neutral,BEAR,
2019-01-15,4788,4778,1,1,0,0.9998106642721634,0.19982623860152443,neutral,BEAR,
2019-01-16,4789,4779,1,1,0,0.9998783846273201,0.2674611483071929,neutral,BEAR,
2019-01-17,4790,4780,2,2,1,0.9999287020187799,0.15927641726552216,neutral,BEAR,
2019-01-18,4791,4781,2,2,0,0.8747576749447172,0.19517290576244875,neutral,BEAR,
2019-01-22,4792,4782,2,2,0,0.9568972208422382,0.317300193155823,neutral,BEAR,
2019-01-23,4793,4783,1,1,2,0.8609386315013742,0.3685004546830902,neutral,BEAR,
2019-01-24,4794,4784,1,1,0,0.7272070775974523,0.15505825300303672,neutral,BEAR,
2019-01-25,4795,4785,2,2,0,0.611239259718818,0.15417764749380913,neutral,BEAR,
2019-01-28,4796,4786,2,1,0,0.2887335264668182,0.37134555589557044,neutral,BEAR,
2019-01-29,4797,4787,0,2,1,0.5270190992426166,0.36758636475820283,neutral,BEAR,
2019-01-30,4798,4788,1,2,0,0.9999999746313736,0.3139704207130215,neutral,BEAR,
2019-01-31,4799,4789,2,1,0,0.9991487456221646,0.4615213591033337,neutral,BEAR,
2019-02-01,4800,4790,2,1,0,0.7214259189667308,0.37570337147734306,neutral,BEAR,
2019-02-04,4801,4791,1,2,1,0.34963909329339676,0.30995047375384016,neutral,BEAR,
2019-02-05,4802,4792,2,2,0,0.9506775910481274,0.1880158905242143,neutral,BEAR,
2019-02-06,4803,4793,2,2,1,0.9888205416580302,0.16259672157410382,neutral,BEAR,
2019-02-07,4804,4794,1,1,0,0.9926852545071366,0.15886745641275557,neutral,BEAR,
2019-02-08,4805,4795,2,2,1,0.974582174274708,0.2617267213364904,neutral,BEAR,
2019-02-11,4806,4796,1,1,0,0.956640831236123,0.1542890202400257,neutral,BEAR,
2019-02-12,4807,4797,2,2,0,0.6599100913524214,0.15457022719675406,neutral,BEAR,
2019-02-13,4808,4798,0,2,1,0.9999277171355513,0.43820134563129964,neutral,BEAR,
2019-02-14,4809,4799,1,2,0,0.999999999876912,0.31697226016167457,neutral,BEAR,
2019-02-15,4810,4800,2,1,0,0.999997898643417,0.31776052600771226,neutral,BEAR,
2019-02-19,4811,4801,0,2,1,0.8813753601395453,0.4093086160939891,neutral,BEAR,
2019-02-20,4812,4802,2,1,2,0.4363506419126053,0.3109048649254928,neutral,BEAR,
2019-02-21,4813,4803,2,1,2,0.13711164632208955,0.3119910812558404,neutral,BEAR,
2019-02-22,4814,4804,1,1,2,0.9108865679251359,0.1725272872636517,neutral,BEAR,
2019-02-25,4815,4805,1,1,0,0.8706544357829692,0.17964783568804635,neutral,BEAR,
2019-02-26,4816,4806,1,1,2,0.6363970144256115,0.15423212715747675,neutral,BEAR,
2019-02-27,4817,4807,1,2,1,0.9906538416980721,0.3128810237391766,neutral,BEAR,
2019-02-28,4818,4808,1,2,1,1.0,0.31116226063135116,neutral,BEAR,
2019-03-01,4819,4809,2,1,2,0.7204570642872828,0.3159862190248854,neutral,BEAR,
2019-03-04,4820,4810,1,0,2,0.988853578487549,0.478074591041764,neutral,BEAR,
2019-03-05,4821,4811,0,1,2,0.9973600952126089,0.49681738774837503,neutral,BEAR,
2019-03-06,4822,4812,0,2,1,0.999315657663054,0.5251712968429324,bull,BULL,
2019-03-07,4823,4813,1,2,0,0.9925430005599128,0.44906445314087695,neutral,BULL,
2019-03-08,4824,4814,1,2,0,0.3443861719630863,0.3869071264770889,neutral,BULL,
2019-03-11,4825,4815,2,1,0,0.9967269789992206,0.31662542371380736,neutral,BULL,
2019-03-12,4826,4816,0,2,0,0.9992136385981366,0.4558895679647555,neutral,BULL,
2019-03-13,4827,4817,0,2,0,0.9988044449645811,0.3201963519076792,neutral,BULL,
2019-03-14,4828,4818,2,1,2,0.9462753111995216,0.34736849041487633,neutral,BULL,
2019-03-15,4829,4819,2,1,2,0.8247373282752498,0.3115666626579818,neutral,BULL,
2019-03-18,4830,4820,1,2,1,0.7344169861069226,0.3101600191065144,neutral,BULL,
2019-03-19,4831,4821,2,1,2,0.44445407560230893,0.3195518240696581,neutral,BULL,
2019-03-20,4832,4822,1,2,1,0.25656632679001146,0.3107504810361722,neutral,BULL,
2019-03-21,4833,4823,1,2,1,0.23023890824326304,0.32403401931088477,neutral,BULL,
2019-03-22,4834,4824,1,2,1,0.4135463792229975,0.41712345179914745,neutral,BULL,
2019-03-25,4835,4825,1,2,1,1.0,0.38813720740838337,neutral,BULL,
2019-03-26,4836,4826,1,2,1,1.0,0.31169073811546816,neutral,BULL,
2019-03-27,4837,4827,2,1,2,0.9152034697427623,0.3583480874330952,neutral,BULL,
2019-03-28,4838,4828,2,1,2,1.0,0.3403703106233408,neutral,BULL,
2019-03-29,4839,4829,1,2,0,1.0,0.32115415581144,neutral,BULL,
2019-04-01,4840,4830,1,2,1,1.0,0.344463248863258,neutral,BULL,
2019-04-02,4841,4831,1,2,1,0.9110471776570584,0.4252110775462928,neutral,BULL,
2019-04-03,4842,4832,2,1,2,0.5359466613253143,0.3105634850272268,neutral,BULL,
2019-04-04,4843,4833,1,2,1,0.22970588442389042,0.31167486253724863,neutral,BULL,
2019-04-05,4844,4834,1,2,1,0.09304257477103452,0.3149942498761433,neutral,BULL,
2019-04-08,4845,4835,2,2,1,0.9549082004794127,0.16748041570360414,neutral,BULL,
2019-04-09,4846,4836,2,2,0,0.9400668103342713,0.15396717204887023,neutral,BULL,
2019-04-10,4847,4837,2,2,1,0.8984677128986018,0.18717654859152416,neutral,BULL,
2019-04-11,4848,4838,1,1,2,0.4787050591175743,0.16036558735071355,neutral,BULL,
2019-04-12,4849,4839,2,1,2,0.9999876972267548,0.3111576983042259,neutral,BULL,
2019-04-15,4850,4840,1,2,1,0.3306871281278557,0.34908700817402993,neutral,BULL,
2019-04-16,4851,4841,2,1,2,0.3442199495757188,0.3122023308853937,neutral,BULL,
2019-04-17,4852,4842,1,2,0,0.78664905390005,0.5336375265868822,bull,BULL,
2019-04-18,4853,4843,0,1,2,0.9522579611491804,0.5126735137171321,bull,BULL,
2019-04-22,4854,4844,0,1,0,0.9862027466401555,0.5319351678630883,bull,BULL,
2019-04-23,4855,4845,1,2,0,0.9774653310682893,0.5338982898912077,bull,BULL,
2019-04-24,4856,4846,0,1,2,0.30698152919558436,0.4004765507934787,neutral,BULL,
2019-04-25,4857,4847,2,1,2,0.8413894929960528,0.32096932016573565,neutral,BULL,
2019-04-26,4858,4848,0,2,1,0.5826093087310875,0.5329757441870295,bull,BULL,
2019-04-29,4859,4849,0,2,1,0.5754089699425132,0.5064042303820193,bull,BULL,
2019-04-30,4860,4850,0,2,1,0.0743827458453877,0.5351497603573017,neutral,BULL,
2019-05-01,4861,4851,1,2,1,1.0,0.3098158630985218,neutral,BULL,
2019-05-02,4862,4852,1,2,1,0.9245186281579834,0.3664158810734677,neutral,BULL,
2019-05-03,4863,4853,2,1,2,0.4049356979859539,0.31942835449264384,neutral,BULL,
2019-05-06,4864,4854,0,2,1,0.8280631811187597,0.37305909982362734,neutral,BULL,
2019-05-07,4865,4855,0,2,1,0.9926500767344052,0.49277638250210365,neutral,BULL,
2019-05-08,4866,4856,1,2,1,0.99999999813774,0.4228851169503782,neutral,BULL,
2019-05-09,4867,4857,2,1,2,0.8202784060311571,0.31374964811599754,neutral,BULL,
2019-05-10,4868,4858,1,2,1,0.2707725113119317,0.32232202191100134,neutral,BULL,
2019-05-13,4869,4859,1,2,0,0.24079588806807692,0.3296120937608728,neutral,BULL,
2019-05-14,4870,4860,1,1,2,0.9945791997792923,0.7162114695689333,bear,BEAR,
2019-05-15,4871,4861,1,1,2,0.9984907406292494,0.22583228049451465,neutral,BEAR,
2019-05-16,4872,4862,2,2,1,0.9947776249108294,0.17770282986575928,neutral,BEAR,
2019-05-17,4873,4863,2,2,0,0.9973782910150373,0.23597079571948126,neutral,BEAR,
2019-05-20,4874,4864,2,2,0,0.9022295082335777,0.20470636330651326,neutral,BEAR,
2019-05-21,4875,4865,2,1,0,0.8264774612121378,0.35598144383524877,neutral,BEAR,
2019-05-22,4876,4866,2,1,2,0.9079475706056351,0.37904499583994195,neutral,BEAR,
2019-05-23,4877,4867,1,2,0,0.9605483111793808,0.32254514229919556,neutral,BEAR,
2019-05-24,4878,4868,2,1,0,0.8665197037531687,0.41789895390946935,neutral,BEAR,
2019-05-28,4879,4869,1,2,0,0.9749322077286803,0.312554082431502,neutral,BEAR,
2019-05-29,4880,4870,0,2,0,0.8949986065063504,0.386686920096779,neutral,BEAR,
2019-05-30,4881,4871,2,1,0,0.22604028582651814,0.35761995246976613,neutral,BEAR,
2019-05-31,4882,4872,1,2,0,0.08602970062431746,0.31454081077450907,neutral,BEAR,
2019-06-03,4883,4873,2,2,0,0.9930754855027304,0.36042404727473143,neutral,BEAR,
2019-06-04,4884,4874,2,2,0,0.999282734305539,0.1654933835570117,neutral,BEAR,
2019-06-05,4885,4875,1,1,0,0.9981935254633058,0.594594019447254,bear,BEAR,
2019-06-06,4886,4876,1,1,0,0.9755872973423245,0.21615160435420505,neutral,BEAR,
2019-06-07,4887,4877,1,1,0,0.9520997997522105,0.18579460347628257,neutral,BEAR,
2019-06-10,4888,4878,2,2,0,0.9992608516386919,0.24175884895702357,neutral,BEAR,
2019-06-11,4889,4879,1,1,0,0.9999968390402634,0.16841911180562272,neutral,BEAR,
2019-06-12,4890,4880,2,2,1,0.9999846297790614,0.1593982799958501,neutral,BEAR,
2019-06-13,4891,4881,1,1,0,0.9999999926185565,0.16198098661559,neutral,BEAR,
2019-06-14,4892,4882,2,2,0,0.9999999980927161,0.16572232267253295,neutral,BEAR,
2019-06-17,4893,4883,2,2,0,0.9999989676885929,0.16066553374928222,neutral,BEAR,
2019-06-18,4894,4884,1,1,2,0.9105330304095576,0.15897042122639402,neutral,BEAR,
2019-06-19,4895,4885,1,1,0,0.43273372802561133,0.25269486030183363,neutral,BEAR,
2019-06-20,4896,4886,1,2,0,0.8920663744575839,0.31215058236459714,neutral,BEAR,
2019-06-21,4897,4887,1,2,1,0.5782655943198048,0.38489771353233787,neutral,BEAR,
2019-06-24,4898,4888,2,1,0,0.5876012729530042,0.3515915884542241,neutral,BEAR,
2019-06-25,4899,4889,1,2,0,0.5691832483412252,0.3127831534312823,neutral,BEAR,
2019-06-26,4900,4890,2,1,0,0.7229056162548381,0.3932888947311499,neutral,BEAR,
2019-06-27,4901,4891,2,1,0,0.9090265680759051,0.31177231396253813,neutral,BEAR,
2019-06-28,4902,4892,1,2,0,0.9721917202947322,0.3184128226450055,neutral,BEAR,
2019-07-01,4903,4893,1,2,0,0.9998366656164447,0.3304702114913802,neutral,BEAR,
2019-07-02,4904,4894,1,2,0,0.9999999833596341,0.37941622375535616,neutral,BEAR,
2019-07-03,4905,4895,2,1,2,0.9779821098858028,0.31464267569818677,neutral,BEAR,
2019-07-05,4906,4896,2,1,2,0.41785100341406717,0.3637936165133693,neutral,BEAR,
2019-07-08,4907,4897,2,1,0,0.2076647310717059,0.31312531271389654,neutral,BEAR,
2019-07-09,4908,4898,1,2,0,0.1581172473281311,0.34446147716784536,neutral,BEAR,
2019-07-10,4909,4899,1,1,0,0.9005928967075559,0.1558974518047074,neutral,BEAR,
2019-07-11,4910,4900,2,2,0,0.8049086832507589,0.1702724955463374,neutral,BEAR,
2019-07-12,4911,4901,1,2,0,0.6309645580590538,0.3132548319276661,neutral,BEAR,
2019-07-15,4912,4902,1,2,0,0.9660972759356024,0.325049921013505,neutral,BEAR,
2019-07-16,4913,4903,2,1,2,1.0,0.31024430328056674,neutral,BEAR,
2019-07-17,4914,4904,1,2,0,0.6159164084680135,0.3269879851114792,neutral,BEAR,
2019-07-18,4915,4905,0,2,1,0.23986965842861763,0.357025940066679,neutral,BEAR,
2019-07-19,4916,4906,0,1,0,0.7414409423693916,0.5168775078139652,bull,BULL,
2019-07-22,4917,4907,0,2,1,0.5612534485957085,0.46119389864911947,neutral,BULL,
2019-07-23,4918,4908,0,2,0,0.8066347875762518,0.5290448268520237,bull,BULL,
2019-07-24,4919,4909,0,1,0,0.8953016066074537,0.45383274858970957,neutral,BULL,
2019-07-25,4920,4910,0,2,1,0.5779430923332175,0.5035579668879345,bull,BULL,
2019-07-26,4921,4911,0,1,2,0.5469140895247943,0.4787982025758638,neutral,BULL,
2019-07-29,4922,4912,1,2,1,0.11590159021613054,0.46605973463009626,neutral,BULL,
2019-07-30,4923,4913,1,2,0,0.998356468912623,0.3163254856176496,neutral,BULL,
2019-07-31,4924,4914,1,2,0,1.0,0.3192678662979223,neutral,BULL,
2019-08-01,4925,4915,1,2,0,1.0,0.4074624969716838,neutral,BULL,
2019-08-02,4926,4916,1,2,0,0.8539312544000749,0.38020129056779917,neutral,BULL,
2019-08-05,4927,4917,1,2,0,0.15787932603627952,0.36804442621990074,neutral,BULL,
2019-08-06,4928,4918,2,2,0,0.9999715604318001,0.8328813925372964,bear,BEAR,
2019-08-07,4929,4919,1,1,0,0.9999964253113545,0.34577503173236235,neutral,BEAR,
2019-08-08,4930,4920,1,1,2,0.9999980422787866,0.15531830373329492,neutral,BEAR,
2019-08-09,4931,4921,1,1,0,0.9999958094017063,0.5300545165672764,bear,BEAR,
2019-08-12,4932,4922,1,1,0,0.9999774557447677,0.21199722228745713,neutral,BEAR,
2019-08-13,4933,4923,2,2,0,0.9998059896734687,0.3255095142572537,neutral,BEAR,
2019-08-14,4934,4924,1,1,0,0.9935096343543408,0.3947471469728521,neutral,BEAR,
2019-08-15,4935,4925,2,2,0,0.9903494538851227,0.822010748192884,bear,BEAR,
2019-08-16,4936,4926,1,1,0,0.9827614579328511,0.15859982837137301,neutral,BEAR,
2019-08-19,4937,4927,1,1,0,0.9577278805831749,0.3692041100149899,neutral,BEAR,
2019-08-20,4938,4928,2,2,0,0.9230909269821836,0.290591325688458,neutral,BEAR,
2019-08-21,4939,4929,2,2,0,0.9168093896713327,0.22371569633886906,neutral,BEAR,
2019-08-22,4940,4930,1,1,0,0.9463340364110482,0.21052274699444345,neutral,BEAR,
2019-08-23,4941,4931,1,1,0,0.9379474015584197,0.15914525845715613,neutral,BEAR,
2019-08-26,4942,4932,2,2,0,0.9589242820853547,0.729594393802648,bear,BEAR,
2019-08-27,4943,4933,1,1,0,0.9592618541810212,0.2668854027928428,neutral,BEAR,
2019-08-28,4944,4934,2,2,1,0.9242327066256247,0.1771010332687629,neutral,BEAR,
2019-08-29,4945,4935,1,1,2,0.7801170829402402,0.19693979826061353,neutral,BEAR,
2019-08-30,4946,4936,2,2,1,0.6122578016766156,0.319178433806749,neutral,BEAR,
2019-09-03,4947,4937,1,2,0,0.3866294014472467,0.311433161907686,neutral,BEAR,
2019-09-04,4948,4938,0,1,2,0.49155534534402573,0.3478071691491094,neutral,BEAR,
2019-09-05,4949,4939,0,1,2,0.22333380639571832,0.41239471466826466,neutral,BEAR,
2019-09-06,4950,4940,2,2,0,0.9850369585004525,0.3140609610439586,neutral,BEAR,
2019-09-09,4951,4941,2,2,0,0.9982113794470973,0.15756652668694066,neutral,BEAR,
2019-09-10,4952,4942,2,2,0,0.9965359374164361,0.15777891004753256,neutral,BEAR,
2019-09-11,4953,4943,2,2,0,0.9958282051012988,0.15881809982580386,neutral,BEAR,
2019-09-12,4954,4944,2,2,0,0.9871661800938385,0.19641493813747113,neutral,BEAR,
2019-09-13,4955,4945,2,2,1,0.9709765265485075,0.16429885236588043,neutral,BEAR,
2019-09-16,4956,4946,1,1,0,0.9723831383207914,0.15992070834882155,neutral,BEAR,
2019-09-17,4957,4947,1,1,0,0.9186484478615857,0.171870931840689,neutral,BEAR,
2019-09-18,4958,4948,0,2,1,0.9397070486628409,0.3128305310718459,neutral,BEAR,
2019-09-19,4959,4949,0,2,1,0.4937213612292597,0.3091273349708371,neutral,BEAR,
2019-09-20,4960,4950,1,2,0,0.26958547354091417,0.3095213225766444,neutral,BEAR,
2019-09-23,4961,4951,0,1,0,0.7894403463309031,0.3555712780715646,neutral,BEAR,
2019-09-24,4962,4952,0,1,0,0.7923723015283131,0.5314713184890468,bull,BULL,
2019-09-25,4963,4953,1,2,0,1.0,0.36920640056194554,neutral,BULL,
2019-09-26,4964,4954,1,2,1,0.9999673858132433,0.3384368068721335,neutral,BULL,
2019-09-27,4965,4955,1,2,1,0.9991658929287647,0.3175005905713469,neutral,BULL,
2019-09-30,4966,4956,1,2,0,0.971921914186399,0.34180414921210345,neutral,BULL,
2019-10-01,4967,4957,1,2,0,0.9706187413357369,0.32546035453644084,neutral,BULL,
2019-10-02,4968,4958,2,1,0,0.796931882288198,0.4146028919746119,neutral,BULL,
2019-10-03,4969,4959,2,2,0,0.95971419329744,0.49286768776113377,neutral,BULL,
2019-10-04,4970,4960,2,2,0,0.9531718545563699,0.2127157926646859,neutral,BULL,
2019-10-07,4971,4961,2,2,0,0.951008427015126,0.33850644909100647,neutral,BULL,
2019-10-08,4972,4962,2,2,0,0.8264854931527924,0.18287961832296828,neutral,BULL,
2019-10-09,4973,4963,1,1,0,0.9544471584269923,0.4270470554697932,neutral,BULL,
2019-10-10,4974,4964,1,1,0,0.8840496332382242,0.23572743713575042,neutral,BULL,
2019-10-11,4975,4965,2,2,0,0.6664168434610912,0.1929431129004217,neutral,BULL,
2019-10-14,4976,4966,2,2,0,0.864900957005449,0.26497109979605793,neutral,BULL,
2019-10-15,4977,4967,2,2,0,0.6523712538974837,0.16234697817101063,neutral,BULL,
2019-10-16,4978,4968,1,1,0,0.9592504947903713,0.24471873883365744,neutral,BULL,
2019-10-17,4979,4969,2,2,1,0.9673925775634659,0.16899799796827022,neutral,BULL,
2019-10-18,4980,4970,2,2,0,0.9607764549484168,0.16387895025932,neutral,BULL,
2019-10-21,4981,4971,2,2,0,0.9737605946292387,0.18502308480287605,neutral,BULL,
2019-10-22,4982,4972,2,2,0,0.9861185768786129,0.1942524985489633,neutral,BULL,
2019-10-23,4983,4973,1,1,0,0.680810464698661,0.1755598172704343,neutral,BULL,
2019-10-24,4984,4974,1,2,0,0.9784850860642782,0.3145100988244565,neutral,BULL,
2019-10-25,4985,4975,2,1,0,0.6311688451411167,0.309415542655613,neutral,BULL,
2019-10-28,4986,4976,2,1,0,0.7248703458143458,0.32040821680991677,neutral,BULL,
2019-10-29,4987,4977,1,2,0,0.847412328930699,0.33401050007844374,neutral,BULL,
2019-10-30,4988,4978,1,2,0,0.999999929622233,0.3103959463595815,neutral,BULL,
2019-10-31,4989,4979,2,1,2,0.9877934006950877,0.3152971788590127,neutral,BULL,
2019-11-01,4990,4980,2,1,0,0.9746228461329768,0.3197495365306118,neutral,BULL,
2019-11-04,4991,4981,1,2,0,0.9117477223645442,0.3796391745973859,neutral,BULL,
2019-11-05,4992,4982,1,2,0,0.5150098069789234,0.32095240024897603,neutral,BULL,
2019-11-06,4993,4983,2,1,0,0.6005589758333806,0.312910246040146,neutral,BULL,
2019-11-07,4994,4984,2,1,0,0.7770796529141364,0.31007050015918497,neutral,BULL,
2019-11-08,4995,4985,2,1,0,0.9164414041104783,0.3182343055692373,neutral,BULL,
2019-11-11,4996,4986,2,1,0,0.951169791235381,0.3128111956305965,neutral,BULL,
2019-11-12,4997,4987,2,1,0,0.9809086056905175,0.31625465461213914,neutral,BULL,
2019-11-13,4998,4988,0,2,1,0.9999234950803974,0.3112052818686055,neutral,BULL,
2019-11-14,4999,4989,2,1,0,1.0,0.3102507508927494,neutral,BULL,
2019-11-15,5000,4990,0,1,0,0.9661833187571605,0.5294208564869062,bull,BULL,
2019-11-18,5001,4991,0,1,0,0.6107693960025221,0.44819895891867584,neutral,BULL,
2019-11-19,5002,4992,2,1,0,1.0,0.3106036769164153,neutral,BULL,
2019-11-20,5003,4993,2,1,0,1.0,0.31122446994998126,neutral,BULL,
2019-11-21,5004,4994,2,1,0,0.6487444184215401,0.3274778239920049,neutral,BULL,
2019-11-22,5005,4995,1,2,0,0.325126934799873,0.3150558364346125,neutral,BULL,
2019-11-25,5006,4996,0,2,0,0.7700055836216892,0.5261187268935315,bull,BULL,
2019-11-26,5007,4997,0,1,0,0.5915526506858165,0.43385500001593263,neutral,BULL,
2019-11-27,5008,4998,0,2,0,0.19265899531689606,0.5254788240694668,neutral,BULL,
2019-11-29,5009,4999,2,1,2,1.0,0.3248171251190166,neutral,BULL,
2019-12-02,5010,5000,2,1,2,1.0,0.3284014940211125,neutral,BULL,
2019-12-03,5011,5001,1,2,1,1.0,0.3774003315965827,neutral,BULL,
2019-12-04,5012,5002,2,1,0,0.9991687719867064,0.35719909558047336,neutral,BULL,
2019-12-05,5013,5003,1,2,0,0.998691484259946,0.34077565901684503,neutral,BULL,
2019-12-06,5014,5004,1,2,0,0.9999116970747179,0.3125614992103513,neutral,BULL,
2019-12-09,5015,5005,1,2,0,0.9999372338704092,0.3761752633639314,neutral,BULL,
2019-12-10,5016,5006,1,2,0,1.0,0.32465309831016703,neutral,BULL,
2019-12-11,5017,5007,1,2,1,0.9999999999969954,0.31436652389672126,neutral,BULL,
2019-12-12,5018,5008,2,1,2,0.9999999989566242,0.3155901033483885,neutral,BULL,
2019-12-13,5019,5009,1,2,1,0.9690316095085371,0.37175030801146935,neutral,BULL,
2019-12-16,5020,5010,1,2,1,0.6191275653789051,0.31450147827981817,neutral,BULL,
2019-12-17,5021,5011,0,2,0,0.19879441689195557,0.3494870670334597,neutral,BULL,
2019-12-18,5022,5012,0,2,0,0.28892436356358747,0.3119845094614746,neutral,BULL,
2019-12-19,5023,5013,1,2,1,0.3635208800154212,0.3115048219138236,neutral,BULL,
2019-12-20,5024,5014,2,1,0,0.42444766833581343,0.3230753683843939,neutral,BULL,
2019-12-23,5025,5015,1,2,1,0.2896317477481945,0.3133783193411655,neutral,BULL,
2019-12-24,5026,5016,2,1,0,0.47146479770602784,0.31248964052782446,neutral,BULL,
2019-12-26,5027,5017,0,2,1,0.9426173105213589,0.31208635654323985,neutral,BULL,
2019-12-27,5028,5018,1,2,0,1.0,0.3335170506315942,neutral,BULL,
2019-12-30,5029,5019,1,2,0,0.9950862829957999,0.3123743865525384,neutral,BULL,
2019-12-31,5030,5020,2,1,2,0.1116199967124559,0.3453169050807791,neutral,BULL,
2020-01-02,5031,5021,0,1,0,0.9529271844237482,0.5236213924654,bull,BULL,
2020-01-03,5032,5022,0,2,1,0.4414751769081998,0.38284008847889195,neutral,BULL,
2020-01-06,5033,5023,0,1,2,0.8380366333858102,0.40672037236504843,neutral,BULL,
2020-01-07,5034,5024,0,1,2,0.8005365692869736,0.5111294845139657,bull,BULL,
2020-01-08,5035,5025,0,1,2,0.9206707063954461,0.5068647467002868,bull,BULL,
2020-01-09,5036,5026,0,2,0,0.8733214005193646,0.4885282573837958,neutral,BULL,
2020-01-10,5037,5027,0,2,1,0.10222070230100852,0.45785498690508886,neutral,BULL,
2020-01-13,5038,5028,0,2,0,1.0,0.3229195130729152,neutral,BULL,
2020-01-14,5039,5029,2,1,2,0.9467714645137275,0.3496760429677818,neutral,BULL,
2020-01-15,5040,5030,1,2,1,0.9751205931462941,0.3160906434362201,neutral,BULL,
2020-01-16,5041,5031,1,2,1,0.9808836005392784,0.3143913628167715,neutral,BULL,
2020-01-17,5042,5032,2,1,2,0.4520367302712407,0.3680469044429371,neutral,BULL,
2020-01-21,5043,5033,0,2,1,0.22871663887874075,0.31725168147870486,neutral,BULL,
2020-01-22,5044,5034,1,2,0,0.20686174378782485,0.31727494477383195,neutral,BULL,
2020-01-23,5045,5035,1,2,0,0.5618489287513022,0.31145491827743504,neutral,BULL,
2020-01-24,5046,5036,1,2,0,0.8564057784797584,0.31155129132572174,neutral,BULL,
2020-01-27,5047,5037,1,2,0,0.9630590857076231,0.38235106492110954,neutral,BULL,
2020-01-28,5048,5038,2,1,0,0.5191611893030652,0.41929532360111915,neutral,BULL,
2020-01-29,5049,5039,1,2,0,0.444193514153881,0.3988443636064159,neutral,BULL,
2020-01-30,5050,5040,1,2,0,0.37901444940454593,0.3135009963075255,neutral,BULL,
2020-01-31,5051,5041,2,1,0,0.3464356613522556,0.31806282641883826,neutral,BULL,
2020-02-03,5052,5042,2,2,1,0.968245570106562,0.5154863739856197,bear,BEAR,
2020-02-04,5053,5043,2,2,0,0.9562321185079553,0.2012877164724569,neutral,BEAR,
2020-02-05,5054,5044,1,1,0,0.910669939712408,0.39056911277761514,neutral,BEAR,
2020-02-06,5055,5045,1,1,0,0.9609454612704222,0.2826664974840339,neutral,BEAR,
2020-02-07,5056,5046,1,1,0,0.9889925571712245,0.16497585317169508,neutral,BEAR,
2020-02-10,5057,5047,1,1,2,0.9957685684260946,0.19518761735975465,neutral,BEAR,
2020-02-11,5058,5048,2,2,0,0.997708751887236,0.20299168646909652,neutral,BEAR,
2020-02-12,5059,5049,2,2,0,0.9992820104116111,0.16007960048847675,neutral,BEAR,
2020-02-13,5060,5050,1,1,0,0.9998140911946625,0.1901751590565187,neutral,BEAR,
2020-02-14,5061,5051,2,2,1,0.9999172622647801,0.16350914573826977,neutral,BEAR,
2020-02-18,5062,5052,2,2,1,0.9963413885574289,0.16059162293875354,neutral,BEAR,
2020-02-19,5063,5053,1,1,0,0.5491509782800724,0.17026777733087467,neutral,BEAR,
2020-02-20,5064,5054,1,2,0,0.9799774612991752,0.32784518388119177,neutral,BEAR,
2020-02-21,5065,5055,1,2,0,0.9998750904773283,0.3311898724790717,neutral,BEAR,
2020-02-24,5066,5056,2,1,0,0.9985236262846434,0.39772280634207574,neutral,BEAR,
2020-02-25,5067,5057,2,2,1,0.9991956272454752,0.8914663931251674,bear,BEAR,
2020-02-26,5068,5058,2,2,0,0.9999999932372303,0.8434009914662784,bear,BEAR,
2020-02-27,5069,5059,1,1,2,0.9999999999996682,0.18212698550478143,neutral,BEAR,
2020-02-28,5070,5060,2,2,0,1.0,0.9855722432701653,bear,BEAR,
2020-03-02,5071,5061,2,2,1,1.0,0.17929772789853923,neutral,BEAR,
2020-03-03,5072,5062,2,2,1,1.0,0.9861291537428806,bear,BEAR,
2020-03-04,5073,5063,2,2,0,1.0,0.7926633741745363,bear,BEAR,
2020-03-05,5074,5064,1,1,2,1.0,0.980922233666617,bear,BEAR,
2020-03-06,5075,5065,2,2,1,1.0,0.8807971554331114,bear,BEAR,
2020-03-09,5076,5066,1,1,0,1.0,0.4476855100003271,neutral,BEAR,
2020-03-10,5077,5067,1,1,0,1.0,0.9999963783563055,bear,BEAR,
2020-03-11,5078,5068,2,2,1,1.0,0.998469273883305,bear,BEAR,
2020-03-12,5079,5069,1,1,2,1.0,0.9925714459709243,bear,BEAR,
2020-03-13,5080,5070,1,1,0,1.0,0.9999999925764035,bear,BEAR,
2020-03-16,5081,5071,1,1,2,1.0,0.999999994918357,bear,BEAR,
2020-03-17,5082,5072,1,1,2,1.0,0.9999999999258448,bear,BEAR,
2020-03-18,5083,5073,1,1,2,0.9999999999999997,0.9978997244636134,bear,BEAR,
2020-03-19,5084,5074,1,1,2,0.9999999999999987,0.9945051936786445,bear,BEAR,
2020-03-20,5085,5075,1,1,2,0.9999999999999877,0.13668116824273038,neutral,BEAR,
2020-03-23,5086,5076,1,1,2,0.9999999999998859,0.9914943933652784,bear,BEAR,
2020-03-24,5087,5077,1,1,2,0.9999999999999785,0.6893366301914539,bear,BEAR,
2020-03-25,5088,5078,1,1,2,0.9999999999848448,0.9999999988787028,bear,BEAR,
2020-03-26,5089,5079,2,2,1,0.9999999971482995,0.3228804217003512,neutral,BEAR,
2020-03-27,5090,5080,1,1,2,0.9999999995891585,0.9994614211883688,bear,BEAR,
2020-03-30,5091,5081,1,1,2,0.9999999775463411,0.8009534684240953,bear,BEAR,
2020-03-31,5092,5082,1,1,2,0.9999999977029762,0.8245465104913223,bear,BEAR,
2020-04-01,5093,5083,1,1,2,0.9999999988739926,0.3617050430505786,neutral,BEAR,
2020-04-02,5094,5084,1,1,2,0.9999999986111324,0.9821309298351435,bear,BEAR,
2020-04-03,5095,5085,1,1,2,0.9999999985096225,0.5655796904687408,bear,BEAR,
2020-04-06,5096,5086,1,1,2,0.9999999625922908,0.34831327076875496,neutral,BEAR,
2020-04-07,5097,5087,2,2,1,0.9999552792734243,0.9999743140919496,bear,BEAR,
2020-04-08,5098,5088,2,2,1,0.9999396729761874,0.13016569111776047,neutral,BEAR,
2020-04-09,5099,5089,1,1,2,0.9999956970759731,0.8482953486021542,bear,BEAR,
2020-04-13,5100,5090,1,1,2,0.999999902258393,0.3278940737748994,neutral,BEAR,
2020-04-14,5101,5091,1,1,2,0.9999999670281787,0.21713048984187894,neutral,BEAR,
2020-04-15,5102,5092,2,2,1,0.9999999981406922,0.7514076175946359,bear,BEAR,
2020-04-16,5103,5093,1,1,2,0.9999999989144224,0.5587170708537427,bear,BEAR,
2020-04-17,5104,5094,1,1,2,0.9999999865433834,0.1426056646469066,neutral,BEAR,
2020-04-20,5105,5095,1,1,2,0.9999999507154512,0.6820909676861737,bear,BEAR,
2020-04-21,5106,5096,1,1,2,0.9999035452820759,0.4420059230088904,neutral,BEAR,
2020-04-22,5107,5097,1,1,2,0.9990148627587694,0.8127833276966737,bear,BEAR,
2020-04-23,5108,5098,1,1,2,0.9462760712795336,0.5404668147457943,bear,BEAR,
2020-04-24,5109,5099,1,1,0,0.8846397166767024,0.1318976985317516,neutral,BEAR,
2020-04-27,5110,5100,1,1,2,0.9124292375555841,0.2930640108259516,neutral,BEAR,
2020-04-28,5111,5101,1,1,2,0.9523277908596021,0.3059928383317968,neutral,BEAR,
2020-04-29,5112,5102,1,1,2,0.9679587527553667,0.15615080689234304,neutral,BEAR,
2020-04-30,5113,5103,1,1,2,0.9979178990480011,0.6578630394895307,bear,BEAR,
2020-05-01,5114,5104,1,1,2,0.9990713639654696,0.223211058169754,neutral,BEAR,
2020-05-04,5115,5105,1,1,2,0.9989088110276915,0.7157003376012281,bear,BEAR,
2020-05-05,5116,5106,1,1,2,0.9988137334838282,0.135789992602483,neutral,BEAR,
2020-05-06,5117,5107,1,1,2,0.9756130301911963,0.19382940747469699,neutral,BEAR,
2020-05-07,5118,5108,1,1,2,0.9274428747496996,0.18297701311958162,neutral,BEAR,
2020-05-08,5119,5109,1,1,2,0.6962236251153237,0.2496148666797984,neutral,BEAR,
2020-05-11,5120,5110,1,1,2,0.821190922341097,0.37408483752042737,neutral,BEAR,
2020-05-12,5121,5111,1,1,2,0.9159337627270346,0.13496951093337145,neutral,BEAR,
2020-05-13,5122,5112,1,1,2,0.9070995081449137,0.5185819185491871,bear,BEAR,
2020-05-14,5123,5113,1,1,2,0.906750586557061,0.44999428334496544,neutral,BEAR,
2020-05-15,5124,5114,1,1,2,0.8591298908316578,0.24771693215796206,neutral,BEAR,
2020-05-18,5125,5115,1,1,2,0.7832199418021751,0.14497258551029948,neutral,BEAR,
2020-05-19,5126,5116,1,1,2,0.9524294390482847,0.7793919540008164,bear,BEAR,
2020-05-20,5127,5117,1,1,2,0.9664774938641444,0.24408419819470004,neutral,BEAR,
2020-05-21,5128,5118,1,1,2,0.9891038580455872,0.3896442395839732,neutral,BEAR,
2020-05-22,5129,5119,2,2,0,0.9932679178905907,0.18603304799552609,neutral,BEAR,
2020-05-26,5130,5120,1,1,2,0.9959770014511027,0.13649309656344547,neutral,BEAR,
2020-05-27,5131,5121,1,1,2,0.9990166995466312,0.2598337223342812,neutral,BEAR,
2020-05-28,5132,5122,1,1,2,0.999853823220394,0.32788448485792365,neutral,BEAR,
2020-05-29,5133,5123,1,1,0,0.9994144044138781,0.14216004528168946,neutral,BEAR,
2020-06-01,5134,5124,1,1,2,0.9981511216671546,0.1465418409872906,neutral,BEAR,
2020-06-02,5135,5125,1,1,2,0.9871708754458239,0.14440530415566522,neutral,BEAR,
2020-06-03,5136,5126,1,1,2,0.9963308069721691,0.1845352979093916,neutral,BEAR,
2020-06-04,5137,5127,1,1,2,0.9982229078367538,0.28626107077866053,neutral,BEAR,
2020-06-05,5138,5128,1,1,2,0.9991102870096127,0.14680819793976083,neutral,BEAR,
2020-06-08,5139,5129,1,1,0,0.9998763280425741,0.6498969512150143,bear,BEAR,
2020-06-09,5140,5130,1,1,0,0.9999740286964158,0.2566682016550528,neutral,BEAR,
2020-06-10,5141,5131,1,1,2,0.999974711721454,0.1958095370083786,neutral,BEAR,
2020-06-11,5142,5132,1,1,2,0.9999657027721505,0.1716966864033586,neutral,BEAR,
2020-06-12,5143,5133,1,1,2,0.9999825049972483,0.9988214880188027,bear,BEAR,
2020-06-15,5144,5134,1,1,2,0.9999846546939114,0.2548649653679435,neutral,BEAR,
2020-06-16,5145,5135,1,1,2,0.9999798132715212,0.2020711761891521,neutral,BEAR,
2020-06-17,5146,5136,1,1,2,0.9999716092989908,0.4638177074048763,neutral,BEAR,
2020-06-18,5147,5137,1,1,2,0.999972182108228,0.15764915128148632,neutral,BEAR,
2020-06-19,5148,5138,1,1,2,0.9999717103176318,0.13818823005305617,neutral,BEAR,
2020-06-22,5149,5139,1,1,2,0.9999536446052157,0.2427763937697975,neutral,BEAR,
2020-06-23,5150,5140,1,1,2,0.9994297851787355,0.1641229440550056,neutral,BEAR,
2020-06-24,5151,5141,1,1,2,0.9936741887952932,0.14970030819619126,neutral,BEAR,
2020-06-25,5152,5142,1,1,2,0.9525967640587558,0.6858783536342618,bear,BEAR,
2020-06-26,5153,5143,1,1,2,0.6116776660947771,0.22899272774911306,neutral,BEAR,
2020-06-29,5154,5144,1,1,2,0.9396242621019494,0.6359845664835914,bear,BEAR,
2020-06-30,5155,5145,2,2,0,0.96094452716585,0.3274704323942401,neutral,BEAR,
2020-07-01,5156,5146,1,1,2,0.9199447100923094,0.2771137080043099,neutral,BEAR,
2020-07-02,5157,5147,1,1,2,0.8993567080326575,0.17140403403170143,neutral,BEAR,
2020-07-06,5158,5148,1,1,2,0.911091538995455,0.1571463748956271,neutral,BEAR,
2020-07-07,5159,5149,1,1,2,0.9906297610602682,0.35005860239468334,neutral,BEAR,
2020-07-08,5160,5150,1,1,2,0.9945665385658029,0.24971702889852374,neutral,BEAR,
2020-07-09,5161,5151,1,1,2,0.9979336911252594,0.17965941791554377,neutral,BEAR,
2020-07-10,5162,5152,1,1,2,0.9971408486641968,0.17546197021136095,neutral,BEAR,
2020-07-13,5163,5153,1,1,2,0.9985913292511008,0.22057538777641203,neutral,BEAR,
2020-07-14,5164,5154,2,2,1,0.9456302436837607,0.21847483684433955,neutral,BEAR,
2020-07-15,5165,5155,1,1,2,0.6352964309013321,0.282298769270493,neutral,BEAR,
2020-07-16,5166,5156,2,1,2,0.35191594110634616,0.3826924725620902,neutral,BEAR,
2020-07-17,5167,5157,2,1,2,0.5457933553683214,0.32145774616855494,neutral,BEAR,
2020-07-20,5168,5158,2,1,2,0.6511829873023968,0.3116680736691271,neutral,BEAR,
2020-07-21,5169,5159,2,1,2,0.17560760436093337,0.3656897845278596,neutral,BEAR,
2020-07-22,5170,5160,2,1,2,0.13154110553549672,0.3089722314873115,neutral,BEAR,
2020-07-23,5171,5161,1,1,2,0.950403296931979,0.1582770887797737,neutral,BEAR,
2020-07-24,5172,5162,2,2,1,0.8169792418687042,0.28849191846506844,neutral,BEAR,
2020-07-27,5173,5163,1,1,2,0.686252627894116,0.1854111655604553,neutral,BEAR,
2020-07-28,5174,5164,2,1,2,1.0,0.35377852198870025,neutral,BEAR,
2020-07-29,5175,5165,2,1,2,1.0,0.35159238646241986,neutral,BEAR,
2020-07-30,5176,5166,2,1,2,1.0,0.43854881631938364,neutral,BEAR,
2020-07-31,5177,5167,2,1,2,1.0,0.32383114355885084,neutral,BEAR,
2020-08-03,5178,5168,2,1,2,1.0,0.36305813856591146,neutral,BEAR,
2020-08-04,5179,5169,2,1,2,1.0,0.3495148075179471,neutral,BEAR,
2020-08-05,5180,5170,2,1,2,0.5627667586730611,0.31780293323413544,neutral,BEAR,
2020-08-06,5181,5171,2,1,2,0.12639500488758962,0.3400356274933078,neutral,BEAR,
2020-08-07,5182,5172,1,1,2,0.9796435901063755,0.16802482353903006,neutral,BEAR,
2020-08-10,5183,5173,1,1,2,0.9851993231879516,0.14034884415980223,neutral,BEAR,
2020-08-11,5184,5174,1,1,2,0.9911521337635174,0.1434476398155217,neutral,BEAR,
2020-08-12,5185,5175,1,1,2,0.9449029023150282,0.212916966537143,neutral,BEAR,
2020-08-13,5186,5176,1,1,2,0.9553687514625032,0.3079429436606062,neutral,BEAR,
2020-08-14,5187,5177,1,1,2,0.793317221518137,0.14657814496145352,neutral,BEAR,
2020-08-17,5188,5178,2,1,2,0.7319581462963336,0.3066544763046284,neutral,BEAR,
2020-08-18,5189,5179,2,1,2,1.0,0.3132577745636628,neutral,BEAR,
2020-08-19,5190,5180,2,1,2,1.0,0.3089169929514316,neutral,BEAR,
2020-08-20,5191,5181,2,1,2,1.0,0.3284499448766883,neutral,BEAR,
2020-08-21,5192,5182,2,1,2,1.0,0.313062772489894,neutral,BEAR,
2020-08-24,5193,5183,2,1,2,1.0,0.31550309118745173,neutral,BEAR,
2020-08-25,5194,5184,2,1,2,1.0,0.3995562715733827,neutral,BEAR,
2020-08-26,5195,5185,2,1,2,1.0,0.31533706879793655,neutral,BEAR,
2020-08-27,5196,5186,2,1,2,0.17225522858218176,0.3978198509059408,neutral,BEAR,
2020-08-28,5197,5187,1,1,2,0.9606285527437152,0.14189049568942522,neutral,BEAR,
2020-08-31,5198,5188,1,1,2,0.9906042708620257,0.1667711408150009,neutral,BEAR,
2020-09-01,5199,5189,1,1,2,0.9933927601108583,0.15804916913069375,neutral,BEAR,
2020-09-02,5200,5190,1,1,2,0.9972044054744568,0.20747363696337212,neutral,BEAR,
2020-09-03,5201,5191,1,1,2,0.9991988392509756,0.32383950855618115,neutral,BEAR,
2020-09-04,5202,5192,1,1,2,0.9952456501626378,0.886744849312066,bear,BEAR,
2020-09-08,5203,5193,1,1,2,0.9857204907591146,0.21280618252378852,neutral,BEAR,
2020-09-09,5204,5194,1,1,2,0.9997651999497146,0.7401632934630081,bear,BEAR,
2020-09-10,5205,5195,1,1,2,0.9998907840782952,0.4809024030873416,neutral,BEAR,
2020-09-11,5206,5196,1,1,2,0.9999884172677027,0.44744347885781005,neutral,BEAR,
2020-09-14,5207,5197,1,1,2,0.9999968868228595,0.14222644888401956,neutral,BEAR,
2020-09-15,5208,5198,2,2,1,0.9999954635875629,0.2911601820628109,neutral,BEAR,
2020-09-16,5209,5199,2,2,1,0.9999916437249516,0.15647354231808927,neutral,BEAR,
2020-09-17,5210,5200,2,2,1,0.9999443425555004,0.16166387298474885,neutral,BEAR,
2020-09-18,5211,5201,2,2,1,0.9224520116496909,0.2244469105737138,neutral,BEAR,
2020-09-21,5212,5202,1,1,2,0.8708521139605512,0.3904933706140946,neutral,BEAR,
2020-09-22,5213,5203,1,1,2,0.9606929850830005,0.273761267796637,neutral,BEAR,
2020-09-23,5214,5204,1,1,2,0.97759927989603,0.2222362391503169,neutral,BEAR,
2020-09-24,5215,5205,1,1,2,0.9980576746343293,0.628806697622621,bear,BEAR,
2020-09-25,5216,5206,1,1,2,0.9996478906649591,0.1455239220361233,neutral,BEAR,
2020-09-28,5217,5207,1,1,2,0.9996810408570933,0.37435459010799466,neutral,BEAR,
2020-09-29,5218,5208,1,1,2,0.9992692269518842,0.3881505281218343,neutral,BEAR,
2020-09-30,5219,5209,1,1,2,0.995040603682641,0.17772792701189694,neutral,BEAR,
2020-10-01,5220,5210,2,2,1,0.9803527237002198,0.18218949213934427,neutral,BEAR,
2020-10-02,5221,5211,2,2,1,0.9871447962114718,0.16991179798705572,neutral,BEAR,
2020-10-05,5222,5212,2,2,1,0.9907930716362869,0.23986005892440473,neutral,BEAR,
2020-10-06,5223,5213,2,2,1,0.9977810897716483,0.42247306533254114,neutral,BEAR,
2020-10-07,5224,5214,2,2,1,0.9980689023577953,0.3562731244051753,neutral,BEAR,
2020-10-08,5225,5215,1,1,2,0.9935697738383161,0.41293210481007386,neutral,BEAR,
2020-10-09,5226,5216,1,1,2,0.970589965939636,0.2018317443994665,neutral,BEAR,
2020-10-12,5227,5217,2,2,1,0.9877402360944394,0.20263143970528008,neutral,BEAR,
2020-10-13,5228,5218,2,2,1,0.9997023906176598,0.37444741659039166,neutral,BEAR,
2020-10-14,5229,5219,2,2,1,0.999811820121614,0.19140694133740208,neutral,BEAR,
2020-10-15,5230,5220,2,2,1,0.9997394316990446,0.18875276622313625,neutral,BEAR,
2020-10-16,5231,5221,2,2,0,0.999613348793135,0.14893077968663476,neutral,BEAR,
2020-10-19,5232,5222,1,1,2,0.9963813441835454,0.1463473745402037,neutral,BEAR,
2020-10-20,5233,5223,1,1,2,0.9941442761004036,0.3866703790040733,neutral,BEAR,
2020-10-21,5234,5224,1,1,2,0.8390147763089185,0.15268996108852126,neutral,BEAR,
2020-10-22,5235,5225,1,1,2,0.694365242598401,0.15148435790894366,neutral,BEAR,
2020-10-23,5236,5226,1,2,1,0.35260235503613424,0.32979859306697035,neutral,BEAR,
2020-10-26,5237,5227,2,1,2,0.35005332571681536,0.31330927579377554,neutral,BEAR,
2020-10-27,5238,5228,2,1,2,0.42142517849704186,0.42464493690104416,neutral,BEAR,
2020-10-28,5239,5229,2,1,2,0.32543014357837424,0.3216598831734601,neutral,BEAR,
2020-10-29,5240,5230,1,1,2,0.9993154141592475,0.8822472215470069,bear,BEAR,
2020-10-30,5241,5231,2,2,1,0.999826181971311,0.2240476148619075,neutral,BEAR,
2020-11-02,5242,5232,2,2,1,0.9999595758439921,0.26086035183915757,neutral,BEAR,
2020-11-03,5243,5233,2,2,1,0.999973930050914,0.2463046351989239,neutral,BEAR,
2020-11-04,5244,5234,1,1,2,0.9999453903457682,0.4218594431101434,neutral,BEAR,
2020-11-05,5245,5235,1,1,2,0.9999544060968284,0.5625198028544628,bear,BEAR,
2020-11-06,5246,5236,1,1,2,0.9999922989069655,0.47898518960792646,neutral,BEAR,
2020-11-09,5247,5237,1,1,2,0.9999979930899368,0.14654702188034283,neutral,BEAR,
2020-11-10,5248,5238,1,1,2,0.9999998800480291,0.2784897762291869,neutral,BEAR,
2020-11-11,5249,5239,1,1,2,0.9999999817352524,0.15068145214292614,neutral,BEAR,
2020-11-12,5250,5240,1,1,2,0.9999999784133419,0.18303694281978916,neutral,BEAR,
2020-11-13,5251,5241,2,2,1,0.9999999457076639,0.24637784429141774,neutral,BEAR,
2020-11-16,5252,5242,1,1,2,0.9999988835958383,0.31311866407807903,neutral,BEAR,
2020-11-17,5253,5243,1,1,2,0.9999701340982087,0.2790566693618051,neutral,BEAR,
2020-11-18,5254,5244,1,1,2,0.9978159423608236,0.1800787638933784,neutral,BEAR,
2020-11-19,5255,5245,2,2,1,0.932197173593863,0.2995521880598646,neutral,BEAR,
2020-11-20,5256,5246,2,2,1,0.8143465399304232,0.1557560145580577,neutral,BEAR,
2020-11-23,5257,5247,2,1,2,0.7732739647262524,0.3549430965215653,neutral,BEAR,
2020-11-24,5258,5248,2,1,2,0.9150656520893689,0.33526594618443367,neutral,BEAR,
2020-11-25,5259,5249,1,2,1,0.5234634851985354,0.47493656747478785,neutral,BEAR,
2020-11-27,5260,5250,2,1,2,0.3108508964699204,0.31008359027022875,neutral,BEAR,
2020-11-30,5261,5251,2,1,2,0.561938533921678,0.3103316856394465,neutral,BEAR,
2020-12-01,5262,5252,2,1,2,0.5469071796716993,0.3294713168460375,neutral,BEAR,
2020-12-02,5263,5253,1,2,1,0.2304465510678649,0.40987544171463297,neutral,BEAR,
2020-12-03,5264,5254,1,1,2,0.9243742672114813,0.14599182171383232,neutral,BEAR,
2020-12-04,5265,5255,2,2,1,0.9267943950059995,0.14773760889149753,neutral,BEAR,
2020-12-07,5266,5256,2,2,1,0.9657273801001686,0.20076127416071704,neutral,BEAR,
2020-12-08,5267,5257,2,2,1,0.8312729823208513,0.1538650981277042,neutral,BEAR,
2020-12-09,5268,5258,2,1,2,0.6806062933401797,0.3106860742191184,neutral,BEAR,
2020-12-10,5269,5259,1,2,1,0.8767043388211949,0.38196613828565157,neutral,BEAR,
2020-12-11,5270,5260,1,2,1,1.0,0.3063423203311611,neutral,BEAR,
2020-12-14,5271,5261,1,2,1,1.0,0.30869676075320457,neutral,BEAR,
2020-12-15,5272,5262,2,1,2,0.9951964102098241,0.3301095631317425,neutral,BEAR,
2020-12-16,5273,5263,2,1,2,1.0,0.44940456000746876,neutral,BEAR,
2020-12-17,5274,5264,1,2,1,1.0,0.30674639656807345,neutral,BEAR,
2020-12-18,5275,5265,1,2,1,1.0,0.3310936075580864,neutral,BEAR,
2020-12-21,5276,5266,1,2,1,1.0,0.37214767880695576,neutral,BEAR,
2020-12-22,5277,5267,1,2,1,1.0,0.3225701359592906,neutral,BEAR,
2020-12-23,5278,5268,1,2,1,1.0,0.3111322289183877,neutral,BEAR,
2020-12-24,5279,5269,1,2,1,1.0,0.3061028486660347,neutral,BEAR,
2020-12-28,5280,5270,2,1,2,1.0,0.31684537628581505,neutral,BEAR,
2020-12-29,5281,5271,1,2,1,1.0,0.3702885636638588,neutral,BEAR,
2020-12-30,5282,5272,1,2,1,1.0,0.3121939131374599,neutral,BEAR,
2020-12-31,5283,5273,2,1,2,1.0,0.30673037444197715,neutral,BEAR,
2021-01-04,5284,5274,1,2,1,1.0,0.3266436810254287,neutral,BEAR,
2021-01-05,5285,5275,2,1,2,1.0,0.4306230118948704,neutral,BEAR,
2021-01-06,5286,5276,2,1,2,1.0,0.3464847004310185,neutral,BEAR,
2021-01-07,5287,5277,2,1,2,1.0,0.3358107669010272,neutral,BEAR,
2021-01-08,5288,5278,1,2,1,0.4248608408198839,0.46584264588728025,neutral,BEAR,
2021-01-11,5289,5279,2,1,2,0.07798454134828217,0.33279948048795144,neutral,BEAR,
2021-01-12,5290,5280,2,2,1,0.928423859284368,0.19714712736300288,neutral,BEAR,
2021-01-13,5291,5281,1,1,2,0.9508041172574521,0.14740891144334045,neutral,BEAR,
2021-01-14,5292,5282,2,2,1,0.9582738134460698,0.14950636780162763,neutral,BEAR,
2021-01-15,5293,5283,1,1,2,0.9426579661126036,0.16342147359692066,neutral,BEAR,
2021-01-19,5294,5284,1,1,2,0.9308711706138445,0.20573935830824294,neutral,BEAR,
2021-01-20,5295,5285,2,1,2,0.6404479785382585,0.3595502341700709,neutral,BEAR,
2021-01-21,5296,5286,2,1,2,0.9539498194617843,0.45395071436264983,neutral,BEAR,
2021-01-22,5297,5287,2,1,2,1.0,0.30611797182347056,neutral,BEAR,
2021-01-25,5298,5288,2,1,2,0.9817261529325095,0.32230836003461294,neutral,BEAR,
2021-01-26,5299,5289,2,1,2,0.6515496154345259,0.3174593348420822,neutral,BEAR,
2021-01-27,5300,5290,1,2,1,0.5584254350179381,0.3107900582142449,neutral,BEAR,
2021-01-28,5301,5291,1,2,1,0.15426476860903965,0.3163350209189945,neutral,BEAR,
2021-01-29,5302,5292,1,2,1,0.12067012423527589,0.3706428473781378,neutral,BEAR,
2021-02-01,5303,5293,2,2,1,0.9924649616798971,0.5368781487787693,bear,BEAR,
2021-02-02,5304,5294,2,2,1,0.9917109627673607,0.39531456642183455,neutral,BEAR,
2021-02-03,5305,5295,1,1,2,0.9921167889868948,0.32284378332440955,neutral,BEAR,
2021-02-04,5306,5296,1,1,2,0.9891683656518593,0.1476312963031954,neutral,BEAR,
2021-02-05,5307,5297,1,1,2,0.9936463008748184,0.2529828374189163,neutral,BEAR,
2021-02-08,5308,5298,1,1,2,0.9980926823182008,0.15550036327953476,neutral,BEAR,
2021-02-09,5309,5299,1,1,2,0.9996443406984689,0.18381482474555996,neutral,BEAR,
2021-02-10,5310,5300,1,1,2,0.9999031809921314,0.15035905892282897,neutral,BEAR,
2021-02-11,5311,5301,2,2,1,0.9998938539571176,0.1504906608670163,neutral,BEAR,
2021-02-12,5312,5302,2,2,1,0.9999073797121043,0.14926896930434105,neutral,BEAR,
2021-02-16,5313,5303,1,1,2,0.9957990199682173,0.1628670048360781,neutral,BEAR,
2021-02-17,5314,5304,1,1,2,0.9207292564117268,0.15167222028828128,neutral,BEAR,
2021-02-18,5315,5305,2,2,1,0.6603068787167224,0.15008171495863293,neutral,BEAR,
2021-02-19,5316,5306,1,2,1,1.0,0.32767831596742264,neutral,BEAR,
2021-02-22,5317,5307,1,2,1,0.29288968038488483,0.31114989237541246,neutral,BEAR,
2021-02-23,5318,5308,1,2,1,0.6512801523652011,0.36479292229535926,neutral,BEAR,
2021-02-24,5319,5309,0,2,0,1.0,0.30612461607485697,neutral,BEAR,
2021-02-25,5320,5310,2,1,2,1.0,0.4094621498616092,neutral,BEAR,
2021-02-26,5321,5311,1,2,1,0.4348573081081302,0.32413439054581183,neutral,BEAR,
2021-03-01,5322,5312,2,2,1,0.9658146864188077,0.1804772581116725,neutral,BEAR,
2021-03-02,5323,5313,2,2,1,0.9451037548438248,0.6256575969328891,bear,BEAR,
2021-03-03,5324,5314,2,2,1,0.9114070730201301,0.21538207167790047,neutral,BEAR,
2021-03-04,5325,5315,1,1,2,0.9319158559105071,0.33403232883850753,neutral,BEAR,
2021-03-05,5326,5316,1,1,2,0.9895266687454719,0.31108037449916803,neutral,BEAR,
2021-03-08,5327,5317,1,1,2,0.9803034082229011,0.4522078030346106,neutral,BEAR,
2021-03-09,5328,5318,1,1,2,0.9805860436720213,0.17906641826859604,neutral,BEAR,
2021-03-10,5329,5319,2,2,1,0.9794269835508852,0.33240535406977684,neutral,BEAR,
2021-03-11,5330,5320,2,2,1,0.95163047718576,0.17590971363612892,neutral,BEAR,
2021-03-12,5331,5321,1,1,2,0.9942315203009886,0.23295261707564568,neutral,BEAR,
2021-03-15,5332,5322,1,1,2,0.9977938192020103,0.15097196523269618,neutral,BEAR,
2021-03-16,5333,5323,2,2,1,0.9996140143429681,0.1739176504034788,neutral,BEAR,
2021-03-17,5334,5324,2,2,1,0.9998862481929731,0.15475214710698212,neutral,BEAR,
2021-03-18,5335,5325,2,2,1,0.9999161802533307,0.15679702216907956,neutral,BEAR,
2021-03-19,5336,5326,1,1,2,0.9970817840498182,0.3711553417411785,neutral,BEAR,
2021-03-22,5337,5327,1,1,2,0.9883065306150237,0.1816881701899935,neutral,BEAR,
2021-03-23,5338,5328,2,2,1,0.6282976055077212,0.1979866416264505,neutral,BEAR,
2021-03-24,5339,5329,2,1,2,0.7875409344380179,0.36612676539663463,neutral,BEAR,
2021-03-25,5340,5330,2,1,2,0.4238658054608614,0.3346636378905214,neutral,BEAR,
2021-03-26,5341,5331,1,2,1,0.326004208280922,0.3300890691434768,neutral,BEAR,
2021-03-29,5342,5332,1,2,1,0.23354454309511524,0.47011447340328305,neutral,BEAR,
2021-03-30,5343,5333,1,2,1,0.2738496089978324,0.3065585556983992,neutral,BEAR,
2021-03-31,5344,5334,2,1,2,0.3499928632764436,0.315472999733362,neutral,BEAR,
2021-04-01,5345,5335,2,1,2,0.47438611301709044,0.31737362887640785,neutral,BEAR,
2021-04-05,5346,5336,1,1,2,0.9378324244696213,0.24456122666219648,neutral,BEAR,
2021-04-06,5347,5337,1,1,2,0.9977423328084135,0.3327225590559929,neutral,BEAR,
2021-04-07,5348,5338,1,1,2,0.9996945634953448,0.153041369519467,neutral,BEAR,
2021-04-08,5349,5339,2,2,1,0.9998232776614754,0.15105591339017851,neutral,BEAR,
2021-04-09,5350,5340,1,1,2,0.9996333354596746,0.1637977319663414,neutral,BEAR,
2021-04-12,5351,5341,2,2,1,0.9994231313152298,0.18766206034143068,neutral,BEAR,
2021-04-13,5352,5342,2,2,1,0.999631663691346,0.15137412302784944,neutral,BEAR,
2021-04-14,5353,5343,2,2,1,0.9995423402561711,0.15472219294137618,neutral,BEAR,
2021-04-15,5354,5344,2,2,1,0.9956657203808098,0.16737955542338884,neutral,BEAR,
2021-04-16,5355,5345,2,2,1,0.9647132552764701,0.24700040342199267,neutral,BEAR,
2021-04-19,5356,5346,1,1,2,0.8965174841446926,0.15759440901081867,neutral,BEAR,
2021-04-20,5357,5347,1,1,2,0.8636585883845482,0.18069836574118545,neutral,BEAR,
2021-04-21,5358,5348,2,2,1,0.5444638261980058,0.21082019654533266,neutral,BEAR,
2021-04-22,5359,5349,2,1,2,0.9936656433958175,0.38067468842074786,neutral,BEAR,
2021-04-23,5360,5350,1,2,1,1.0,0.3815211987492805,neutral,BEAR,
2021-04-26,5361,5351,1,2,1,1.0,0.4030283803666087,neutral,BEAR,
2021-04-27,5362,5352,2,1,2,1.0,0.3069444768054842,neutral,BEAR,
2021-04-28,5363,5353,1,2,1,1.0,0.30564456213337093,neutral,BEAR,
2021-04-29,5364,5354,2,1,2,1.0,0.30576628271642076,neutral,BEAR,
2021-04-30,5365,5355,2,1,2,1.0,0.33797258466572444,neutral,BEAR,
2021-05-03,5366,5356,2,1,2,1.0,0.3503089635512704,neutral,BEAR,
2021-05-04,5367,5357,2,1,2,1.0,0.3073594176881165,neutral,BEAR,
2021-05-05,5368,5358,1,2,1,1.0,0.34599603706037235,neutral,BEAR,
2021-05-06,5369,5359,2,1,2,1.0,0.30529748396263845,neutral,BEAR,
2021-05-07,5370,5360,1,2,1,0.15769085869393745,0.3587425039900771,neutral,BEAR,
2021-05-10,5371,5361,1,2,1,1.0,0.34913500765248573,neutral,BEAR,
2021-05-11,5372,5362,2,1,2,1.0,0.39105135730038454,neutral,BEAR,
2021-05-12,5373,5363,1,2,1,1.0,0.3791737685570852,neutral,BEAR,
2021-05-13,5374,5364,2,2,1,0.9762863714075672,0.5738469254620805,bear,BEAR,
2021-05-14,5375,5365,2,2,1,0.9858998427564126,0.2763115241412565,neutral,BEAR,
2021-05-17,5376,5366,2,2,1,0.9851358274124438,0.367366867418858,neutral,BEAR,
2021-05-18,5377,5367,2,2,1,0.9815684609407724,0.1623548328308376,neutral,BEAR,
2021-05-19,5378,5368,2,2,1,0.9857715163301753,0.2326874075080306,neutral,BEAR,
2021-05-20,5379,5369,1,1,2,0.9899188428023649,0.16317870681049065,neutral,BEAR,
2021-05-21,5380,5370,2,2,1,0.9817885277349303,0.24879241620322112,neutral,BEAR,
2021-05-24,5381,5371,1,1,2,0.839941098520853,0.15573677537540845,neutral,BEAR,
2021-05-25,5382,5372,2,2,1,0.8966096698673389,0.23766903012011198,neutral,BEAR,
2021-05-26,5383,5373,2,2,1,0.9474601990197049,0.16135857777151671,neutral,BEAR,
2021-05-27,5384,5374,1,1,2,0.5633314232826996,0.15465498117980445,neutral,BEAR,
2021-05-28,5385,5375,2,1,2,0.7547920892403348,0.3049615882723938,neutral,BEAR,
2021-06-01,5386,5376,2,1,2,0.46404747794124135,0.30640480800187564,neutral,BEAR,
2021-06-02,5387,5377,1,2,1,0.34930979906710674,0.30734926869922474,neutral,BEAR,
2021-06-03,5388,5378,1,2,1,0.685923374889714,0.3060332647494473,neutral,BEAR,
2021-06-04,5389,5379,2,1,2,1.0,0.3225799444797461,neutral,BEAR,
2021-06-07,5390,5380,1,2,1,1.0,0.3757017016609756,neutral,BEAR,
2021-06-08,5391,5381,2,1,2,0.24416980204479366,0.30779556818268206,neutral,BEAR,
2021-06-09,5392,5382,1,2,1,0.5292251274200864,0.3055800380415773,neutral,BEAR,
2021-06-10,5393,5383,0,1,2,0.7142146179003143,0.5329236599879973,bull,BULL,
2021-06-11,5394,5384,0,2,1,0.3394448335046783,0.5133253465070734,bull,BULL,
2021-06-14,5395,5385,1,2,1,0.9986179832598039,0.3065447377423402,neutral,BULL,
2021-06-15,5396,5386,1,2,1,1.0,0.3080832969380271,neutral,BULL,
2021-06-16,5397,5387,2,1,2,1.0,0.31133121283890186,neutral,BULL,
2021-06-17,5398,5388,1,2,1,1.0,0.3398554641838042,neutral,BULL,
2021-06-18,5399,5389,1,2,1,0.07171689080659331,0.30650310471144127,neutral,BULL,
2021-06-21,5400,5390,1,2,1,0.8944176459306569,0.4298882630490932,neutral,BULL,
2021-06-22,5401,5391,2,1,2,0.8543691245212431,0.4516025622378187,neutral,BULL,
2021-06-23,5402,5392,1,2,1,0.835097500128534,0.3277246701777281,neutral,BULL,
2021-06-24,5403,5393,2,1,2,0.8417993371267471,0.30898939546333387,neutral,BULL,
2021-06-25,5404,5394,2,1,2,0.70512772435474,0.3334906018151763,neutral,BULL,
2021-06-28,5405,5395,2,1,2,0.4447291883782991,0.3142252884824148,neutral,BULL,
2021-06-29,5406,5396,1,2,1,0.2540824253770914,0.30775730018557407,neutral,BULL,
2021-06-30,5407,5397,1,2,1,0.1423311574259564,0.30656355268745056,neutral,BULL,
2021-07-01,5408,5398,1,1,2,0.9274681260939088,0.15321709101405537,neutral,BULL,
2021-07-02,5409,5399,1,1,2,0.9727916843675622,0.1726248995743482,neutral,BULL,
2021-07-06,5410,5400,1,1,2,0.8784337631954426,0.19410032303635444,neutral,BULL,
2021-07-07,5411,5401,1,1,2,0.8485276780213556,0.1597372044458842,neutral,BULL,
2021-07-08,5412,5402,1,1,2,0.8918518097114841,0.16002438967290347,neutral,BULL,
2021-07-09,5413,5403,1,1,2,0.5254199789800472,0.22584720057592103,neutral,BULL,
2021-07-12,5414,5404,2,1,2,0.46227532335599686,0.3998548076633139,neutral,BULL,
2021-07-13,5415,5405,2,1,2,0.32432695082638646,0.31518396435422796,neutral,BULL,
2021-07-14,5416,5406,1,2,1,0.48629167168909926,0.32186706227172174,neutral,BULL,
2021-07-15,5417,5407,1,2,1,0.8711460832537382,0.3077530880397399,neutral,BULL,
2021-07-16,5418,5408,2,1,2,1.0,0.3221075257650848,neutral,BULL,
2021-07-19,5419,5409,2,1,2,1.0,0.3661061545118984,neutral,BULL,
2021-07-20,5420,5410,1,2,1,0.24106780601273045,0.4305114170001094,neutral,BULL,
2021-07-21,5421,5411,1,2,1,0.21105337869148336,0.4537978427909015,neutral,BULL,
2021-07-22,5422,5412,2,1,2,0.21114193206508922,0.3615795906761835,neutral,BULL,
2021-07-23,5423,5413,1,2,1,0.22784190951952146,0.3085548151493483,neutral,BULL,
2021-07-26,5424,5414,1,1,2,0.9206248247621249,0.2351985786884927,neutral,BULL,
2021-07-27,5425,5415,1,1,2,0.971857270120824,0.15315324692073276,neutral,BULL,
2021-07-28,5426,5416,1,1,2,0.982136526404506,0.177089038833938,neutral,BULL,
2021-07-29,5427,5417,1,1,2,0.987671818187761,0.15377430012371038,neutral,BULL,
2021-07-30,5428,5418,2,2,1,0.9934151168222584,0.16187627409395502,neutral,BULL,
2021-08-02,5429,5419,2,2,1,0.9905527415637717,0.18074102163857386,neutral,BULL,
2021-08-03,5430,5420,1,2,1,0.6256425418263498,0.31376600127800014,neutral,BULL,
2021-08-04,5431,5421,2,1,2,1.0,0.36094484097719987,neutral,BULL,
2021-08-05,5432,5422,2,1,2,0.8859595193917871,0.334688644136496,neutral,BULL,
2021-08-06,5433,5423,2,1,2,0.15386006981496875,0.33813886396143283,neutral,BULL,
2021-08-09,5434,5424,2,1,2,0.618960129461117,0.30754717082508665,neutral,BULL,
2021-08-10,5435,5425,2,1,2,0.8804280209854359,0.30892665386996343,neutral,BULL,
2021-08-11,5436,5426,1,2,1,1.0,0.3075760797266631,neutral,BULL,
2021-08-12,5437,5427,1,2,1,1.0,0.3103784377117514,neutral,BULL,
2021-08-13,5438,5428,2,1,2,1.0,0.3124924751037324,neutral,BULL,
2021-08-16,5439,5429,2,1,2,1.0,0.30857067749065037,neutral,BULL,
2021-08-17,5440,5430,1,2,1,1.0,0.31014610369355305,neutral,BULL,
2021-08-18,5441,5431,2,1,2,1.0,0.35147914398866953,neutral,BULL,
2021-08-19,5442,5432,1,2,1,1.0,0.40224977052483596,neutral,BULL,
2021-08-20,5443,5433,1,2,1,1.0,0.307670898074178,neutral,BULL,
2021-08-23,5444,5434,1,2,1,1.0,0.35956605649253187,neutral,BULL,
2021-08-24,5445,5435,2,1,2,0.9975498665213943,0.3717001088928463,neutral,BULL,
2021-08-25,5446,5436,1,2,1,0.7804012740807071,0.3078390521440066,neutral,BULL,
2021-08-26,5447,5437,2,1,2,0.4399890077730604,0.30955145258262207,neutral,BULL,
2021-08-27,5448,5438,2,1,2,0.4179421226958492,0.3448688241462476,neutral,BULL,
2021-08-30,5449,5439,2,1,2,0.18614420000804824,0.3735577038668966,neutral,BULL,
2021-08-31,5450,5440,1,1,2,0.9484080988913376,0.16366447617218283,neutral,BULL,
2021-09-01,5451,5441,1,1,2,0.9720198225363471,0.1576937676751662,neutral,BULL,
2021-09-02,5452,5442,2,2,1,0.896795835309974,0.15320238537438416,neutral,BULL,
2021-09-03,5453,5443,2,1,2,0.6418823363593212,0.3126612616228204,neutral,BULL,
2021-09-07,5454,5444,2,1,2,1.0,0.30801903570587813,neutral,BULL,
2021-09-08,5455,5445,1,2,1,1.0,0.3239203993923986,neutral,BULL,
2021-09-09,5456,5446,2,1,2,1.0,0.3109644014548493,neutral,BULL,
2021-09-10,5457,5447,1,2,1,1.0,0.32943883788452377,neutral,BULL,
2021-09-13,5458,5448,1,2,1,1.0,0.36666810828571356,neutral,BULL,
2021-09-14,5459,5449,2,1,2,0.9999999092495586,0.31137482355523416,neutral,BULL,
2021-09-15,5460,5450,2,1,2,0.48547745455435004,0.33997617704536015,neutral,BULL,
2021-09-16,5461,5451,2,1,2,0.5088759944721929,0.3641942318791453,neutral,BULL,
2021-09-17,5462,5452,1,2,1,0.5756122424998331,0.31274305365813965,neutral,BULL,
2021-09-20,5463,5453,1,2,1,0.26383059223500505,0.42164393923371596,neutral,BULL,
2021-09-21,5464,5454,2,2,1,0.9906733776518805,0.4358538848405615,neutral,BULL,
2021-09-22,5465,5455,1,1,2,0.9983461516168964,0.15539899505629787,neutral,BULL,
2021-09-23,5466,5456,2,2,1,0.9972533007120873,0.22852954267151723,neutral,BULL,
2021-09-24,5467,5457,2,2,1,0.9936997589930844,0.28119423459415666,neutral,BULL,
2021-09-27,5468,5458,1,1,2,0.9924804047319848,0.15383725777468973,neutral,BULL,
2021-09-28,5469,5459,1,1,2,0.9875402611130337,0.16550645993206253,neutral,BULL,
2021-09-29,5470,5460,2,2,1,0.9954122042113038,0.5450982060051028,bear,BEAR,
2021-09-30,5471,5461,1,1,2,0.9900761189133189,0.15436472225981168,neutral,BEAR,
2021-10-01,5472,5462,2,2,1,0.9912026092026208,0.31263082145376453,neutral,BEAR,
2021-10-04,5473,5463,1,1,2,0.9885950112794266,0.2729835775564237,neutral,BEAR,
2021-10-05,5474,5464,1,1,2,0.9965905590505157,0.33080448138782487,neutral,BEAR,
2021-10-06,5475,5465,1,1,2,0.9967914873198253,0.24086353067818408,neutral,BEAR,
2021-10-07,5476,5466,2,2,1,0.9966188742639371,0.16251370514672947,neutral,BEAR,
2021-10-08,5477,5467,1,1,2,0.99037496351957,0.20988242958713502,neutral,BEAR,
2021-10-11,5478,5468,1,1,2,0.9480936691436644,0.1625589116022634,neutral,BEAR,
2021-10-12,5479,5469,2,1,2,0.5594209806066065,0.35939655906265944,neutral,BEAR,
2021-10-13,5480,5470,2,1,2,0.5587164818955498,0.3162105194072482,neutral,BEAR,
2021-10-14,5481,5471,2,1,2,0.5380675871248,0.3155164236901005,neutral,BEAR,
2021-10-15,5482,5472,1,2,1,0.195079647190546,0.4639080188550683,neutral,BEAR,
2021-10-18,5483,5473,2,2,1,0.9871761243006443,0.1956163216718704,neutral,BEAR,
2021-10-19,5484,5474,2,2,1,0.991584961778932,0.15850978526432094,neutral,BEAR,
2021-10-20,5485,5475,2,2,1,0.9987237133358045,0.19815455672120544,neutral,BEAR,
2021-10-21,5486,5476,2,2,1,0.9997364163548514,0.16313950076005027,neutral,BEAR,
2021-10-22,5487,5477,1,1,2,0.9999418734405227,0.15775835104258956,neutral,BEAR,
2021-10-25,5488,5478,2,2,1,0.9999663451371916,0.1580966930203948,neutral,BEAR,
2021-10-26,5489,5479,1,1,2,0.9999481783693008,0.1726813784026187,neutral,BEAR,
2021-10-27,5490,5480,2,2,1,0.9995495181834896,0.15556328878392117,neutral,BEAR,
2021-10-28,5491,5481,2,2,1,0.9654795605693641,0.17964203764730843,neutral,BEAR,
2021-10-29,5492,5482,2,2,1,0.8667924421166276,0.23030449107893403,neutral,BEAR,
2021-11-01,5493,5483,2,2,1,0.7371633909463817,0.15704303094139382,neutral,BEAR,
2021-11-02,5494,5484,2,1,2,0.6472817990328271,0.30765387413894735,neutral,BEAR,
2021-11-03,5495,5485,2,1,2,0.4762040528281175,0.31780022782118444,neutral,BEAR,
2021-11-04,5496,5486,1,2,1,0.1382107270911793,0.33843141758803225,neutral,BEAR,
2021-11-05,5497,5487,1,1,2,0.9707054186988489,0.1692322076714584,neutral,BEAR,
2021-11-08,5498,5488,1,1,2,0.9873478739299688,0.1622368782390827,neutral,BEAR,
2021-11-09,5499,5489,2,2,1,0.993392427942699,0.15660659830174534,neutral,BEAR,
2021-11-10,5500,5490,2,2,1,0.9902712068366388,0.17143001244555023,neutral,BEAR,
2021-11-11,5501,5491,2,2,1,0.8899549224830099,0.2263984434600485,neutral,BEAR,
2021-11-12,5502,5492,1,1,2,0.657333110802547,0.15726237803968918,neutral,BEAR,
2021-11-15,5503,5493,2,1,2,0.8170259719033505,0.3518239367143689,neutral,BEAR,
2021-11-16,5504,5494,2,1,2,1.0,0.306517545692628,neutral,BEAR,
2021-11-17,5505,5495,2,1,2,1.0,0.31656103840103006,neutral,BEAR,
2021-11-18,5506,5496,2,1,2,1.0,0.31551564988798675,neutral,BEAR,
2021-11-19,5507,5497,2,1,2,1.0,0.31336165778347974,neutral,BEAR,
2021-11-22,5508,5498,2,1,2,1.0,0.3124304577958173,neutral,BEAR,
2021-11-23,5509,5499,2,1,2,1.0,0.31802284130583214,neutral,BEAR,
2021-11-24,5510,5500,2,1,2,1.0,0.306931300740782,neutral,BEAR,
2021-11-26,5511,5501,2,1,2,0.8529149167034985,0.3102820887757176,neutral,BEAR,
2021-11-29,5512,5502,2,1,2,0.6323184830595171,0.3567050107710884,neutral,BEAR,
2021-11-30,5513,5503,2,1,2,0.491277250042297,0.42086608092071737,neutral,BEAR,
2021-12-01,5514,5504,1,1,2,0.9864301730033668,0.5247115774318895,bear,BEAR,
2021-12-02,5515,5505,2,2,1,0.999686794052828,0.28772043595982827,neutral,BEAR,
2021-12-03,5516,5506,1,1,2,0.9997647628298272,0.37111823807192224,neutral,BEAR,
2021-12-06,5517,5507,1,1,2,0.9998359792058062,0.23969558327267537,neutral,BEAR,
2021-12-07,5518,5508,2,2,1,0.999600282852921,0.2784533702892727,neutral,BEAR,
2021-12-08,5519,5509,2,2,1,0.9996636280637168,0.5388811268350857,bear,BEAR,
2021-12-09,5520,5510,2,2,1,0.9997626093305874,0.1604028482705393,neutral,BEAR,
2021-12-10,5521,5511,1,1,2,0.9995047884962251,0.20824826866424925,neutral,BEAR,
2021-12-13,5522,5512,2,2,1,0.9998822708000876,0.22777063126484118,neutral,BEAR,
2021-12-14,5523,5513,1,1,2,0.99991124652114,0.24310635066392,neutral,BEAR,
2021-12-15,5524,5514,1,1,2,0.9998378092758434,0.21051198859768602,neutral,BEAR,
2021-12-16,5525,5515,1,1,2,0.9988979697324832,0.38348023082779575,neutral,BEAR,
2021-12-17,5526,5516,1,1,2,0.9967219311695185,0.24290188095390705,neutral,BEAR,
2021-12-20,5527,5517,1,1,2,0.9393752521802479,0.3676488211050209,neutral,BEAR,
2021-12-21,5528,5518,1,1,2,0.9902680932953825,0.2807021168045025,neutral,BEAR,
2021-12-22,5529,5519,1,1,2,0.9901791415007195,0.4506470720290317,neutral,BEAR,
2021-12-23,5530,5520,2,2,0,0.9875523678999697,0.24048022437359692,neutral,BEAR,
2021-12-27,5531,5521,1,1,2,0.9934919805181744,0.18596126196677318,neutral,BEAR,
2021-12-28,5532,5522,2,2,0,0.9993563406068839,0.3431224807085849,neutral,BEAR,
2021-12-29,5533,5523,1,1,2,0.999897527586463,0.1626834721689407,neutral,BEAR,
2021-12-30,5534,5524,1,1,2,0.9999663882060926,0.16001920712009032,neutral,BEAR,
2021-12-31,5535,5525,1,1,2,0.9999834297697016,0.1718353056946222,neutral,BEAR,
2022-01-03,5536,5526,1,1,2,0.9999874690288848,0.17054538570628144,neutral,BEAR,
2022-01-04,5537,5527,1,1,0,0.9999671656285918,0.1828960027515847,neutral,BEAR,
2022-01-05,5538,5528,1,1,2,0.9931072423725146,0.1619910940957,neutral,BEAR,
2022-01-06,5539,5529,1,1,2,0.9133490293144265,0.519173128321918,bear,BEAR,
2022-01-07,5540,5530,1,1,2,0.9034766756393259,0.16407721029385425,neutral,BEAR,
2022-01-10,5541,5531,1,1,2,0.9805824111043344,0.1816156587533919,neutral,BEAR,
2022-01-11,5542,5532,1,1,2,0.9943721821325884,0.16540629040542226,neutral,BEAR,
2022-01-12,5543,5533,1,1,2,0.9925912173023802,0.22648500880533637,neutral,BEAR,
2022-01-13,5544,5534,1,1,2,0.9834774825279803,0.16448785056370668,neutral,BEAR,
2022-01-14,5545,5535,1,1,2,0.988311204934371,0.3624352254320012,neutral,BEAR,
2022-01-18,5546,5536,1,1,2,0.9882713780658092,0.1619118512376904,neutral,BEAR,
2022-01-19,5547,5537,1,1,2,0.9963700902225374,0.47611565983261406,neutral,BEAR,
2022-01-20,5548,5538,1,1,2,0.9990707243381941,0.2777588817402071,neutral,BEAR,
2022-01-21,5549,5539,1,1,2,0.9999843596676753,0.29299115384037516,neutral,BEAR,
2022-01-24,5550,5540,1,1,2,0.9999998964031961,0.5352967661038848,bear,BEAR,
2022-01-25,5551,5541,1,1,0,0.9999999881159577,0.17144031476596894,neutral,BEAR,
2022-01-26,5552,5542,1,1,0,0.9999999988769956,0.3225732147490514,neutral,BEAR,
2022-01-27,5553,5543,1,1,2,0.9999999990631921,0.17195105470097036,neutral,BEAR,
2022-01-28,5554,5544,1,1,2,0.9999999951818279,0.19154191947856067,neutral,BEAR,
2022-01-31,5555,5545,1,1,2,0.9999999028159602,0.6552343527613397,bear,BEAR,
2022-02-01,5556,5546,2,2,1,0.9999933015104182,0.45990954779796167,neutral,BEAR,
2022-02-02,5557,5547,2,2,1,0.9999792489243844,0.19401081718658364,neutral,BEAR,
2022-02-03,5558,5548,2,2,1,0.9999962530204197,0.2383300717670086,neutral,BEAR,
2022-02-04,5559,5549,1,0,2,1.0,0.6117775248815291,bull,BULL,
2022-02-07,5560,5550,1,1,0,0.9999967049038201,0.17575023705626122,neutral,BULL,
2022-02-08,5561,5551,1,1,0,0.9999967882984363,0.17691840126146413,neutral,BULL,
2022-02-09,5562,5552,1,1,0,0.999991155478175,0.2130020283371751,neutral,BULL,
2022-02-10,5563,5553,1,1,2,0.9999716966775317,0.3595835575820101,neutral,BULL,
2022-02-11,5564,5554,1,1,2,0.9856585232140259,0.48514807357444856,neutral,BULL,
2022-02-14,5565,5555,1,1,2,0.9927780710796819,0.5395772711296296,bear,BEAR,
2022-02-15,5566,5556,1,1,2,0.9993493621171142,0.17806297603375484,neutral,BEAR,
2022-02-16,5567,5557,1,1,2,0.9991839725638797,0.4041731999896692,neutral,BEAR,
2022-02-17,5568,5558,1,1,2,0.9942555292088802,0.1631989683963647,neutral,BEAR,
2022-02-18,5569,5559,1,1,2,0.9992531514260933,0.5854069642200534,bear,BEAR,
2022-02-22,5570,5560,2,2,1,0.9999078558803224,0.21181732318490976,neutral,BEAR,
2022-02-23,5571,5561,1,1,2,0.9999940890648378,0.28796816662497676,neutral,BEAR,
2022-02-24,5572,5562,1,1,2,0.9999997714938932,0.4808660326777979,neutral,BEAR,
2022-02-25,5573,5563,2,2,0,0.999997032279991,0.3690572448219627,neutral,BEAR,
2022-02-28,5574,5564,2,2,0,0.9999773518892798,0.5768365432484412,bear,BEAR,
2022-03-01,5575,5565,1,1,2,0.9999696023494605,0.17406922098635358,neutral,BEAR,
2022-03-02,5576,5566,1,1,2,0.9999751173430231,0.40659956514857215,neutral,BEAR,
2022-03-03,5577,5567,1,1,2,0.9998298394018841,0.472756198392601,neutral,BEAR,
2022-03-04,5578,5568,1,1,2,0.9952534809508434,0.19397740639930613,neutral,BEAR,
2022-03-07,5579,5569,0,0,2,0.9923645153966245,0.23700316916458194,neutral,BEAR,
2022-03-08,5580,5570,1,1,0,0.9996249719842797,0.7940012974208343,bear,BEAR,
2022-03-09,5581,5571,1,1,2,0.9999817978044112,0.228595329070214,neutral,BEAR,
2022-03-10,5582,5572,1,1,2,0.9999957790110098,0.7277021485916474,bear,BEAR,
2022-03-11,5583,5573,1,1,2,0.9999992771908477,0.19453936105887581,neutral,BEAR,
2022-03-14,5584,5574,1,1,2,0.9999705481933957,0.3379125308455827,neutral,BEAR,
2022-03-15,5585,5575,1,1,2,0.9999751660105509,0.22461374726184205,neutral,BEAR,
2022-03-16,5586,5576,1,1,2,0.9999688288358021,0.574179571792091,bear,BEAR,
2022-03-17,5587,5577,1,1,2,0.9999344204895433,0.582400801121865,bear,BEAR,
2022-03-18,5588,5578,1,1,2,0.9999901175313377,0.30258212613816315,neutral,BEAR,
2022-03-21,5589,5579,1,1,2,0.999999605518713,0.20868064074293097,neutral,BEAR,
2022-03-22,5590,5580,1,1,2,0.9999999160400063,0.16573658707606156,neutral,BEAR,
2022-03-23,5591,5581,1,1,2,0.99999996305177,0.28133595335557837,neutral,BEAR,
2022-03-24,5592,5582,1,1,2,0.9999999767202467,0.3424362738725623,neutral,BEAR,
2022-03-25,5593,5583,2,2,0,0.999999990279908,0.3723193088006699,neutral,BEAR,
2022-03-28,5594,5584,1,1,2,0.9999999648947515,0.1781600891970976,neutral,BEAR,
2022-03-29,5595,5585,1,1,2,0.999996344275951,0.20105539523661847,neutral,BEAR,
2022-03-30,5596,5586,1,1,2,0.9999672375959526,0.2981530419770866,neutral,BEAR,
2022-03-31,5597,5587,1,1,2,0.9998603983310274,0.20913232616178748,neutral,BEAR,
2022-04-01,5598,5588,1,1,2,0.999233952581233,0.411180376350006,neutral,BEAR,
2022-04-04,5599,5589,1,1,2,0.9978474895593521,0.16787508211086663,neutral,BEAR,
2022-04-05,5600,5590,2,2,0,0.9923696750648145,0.22100622711207643,neutral,BEAR,
2022-04-06,5601,5591,1,1,2,0.9903987822357804,0.3361373114372445,neutral,BEAR,
2022-04-07,5602,5592,2,2,0,0.9657228596665715,0.2746347286423526,neutral,BEAR,
2022-04-08,5603,5593,2,2,0,0.9771988431117817,0.18061984983929175,neutral,BEAR,
2022-04-11,5604,5594,1,1,2,0.9907446404902265,0.17654908798809363,neutral,BEAR,
2022-04-12,5605,5595,1,1,2,0.9995584551063994,0.46128155562319967,neutral,BEAR,
2022-04-13,5606,5596,1,1,2,0.9997022610993326,0.184377250384788,neutral,BEAR,
2022-04-14,5607,5597,1,1,2,0.998654001747809,0.27704351640323727,neutral,BEAR,
2022-04-18,5608,5598,1,1,2,0.999601728293555,0.33294474341469005,neutral,BEAR,
2022-04-19,5609,5599,1,1,2,0.9996231198625101,0.16560366761287149,neutral,BEAR,
2022-04-20,5610,5600,1,1,2,0.9886352822631697,0.40421152197630067,neutral,BEAR,
2022-04-21,5611,5601,1,1,2,0.9409478130268375,0.16882861034479663,neutral,BEAR,
2022-04-22,5612,5602,1,1,2,0.9489861452766676,0.4016932289296914,neutral,BEAR,
2022-04-25,5613,5603,1,1,2,0.9990762384063884,0.7491307238624858,bear,BEAR,
2022-04-26,5614,5604,1,1,2,0.9995153932535937,0.18750023400484853,neutral,BEAR,
2022-04-27,5615,5605,1,1,2,0.9999986093114825,0.7829330594107495,bear,BEAR,
2022-04-28,5616,5606,1,1,2,0.999999912946887,0.16971778225154097,neutral,BEAR,
2022-04-29,5617,5607,1,1,2,0.9999998073903604,0.663772791177033,bear,BEAR,
2022-05-02,5618,5608,1,1,2,0.9999999841939895,0.9163384499454134,bear,BEAR,
2022-05-03,5619,5609,1,1,2,0.9999999921055399,0.1906554041932045,neutral,BEAR,
2022-05-04,5620,5610,1,1,2,0.9999999188726345,0.17756281244031705,neutral,BEAR,
2022-05-05,5621,5611,1,1,2,0.9999934076937924,0.7920747735589564,bear,BEAR,
2022-05-06,5622,5612,1,1,2,0.9998353921608527,0.8988011112771468,bear,BEAR,
2022-05-09,5623,5613,1,1,2,0.9998843581649925,0.2080908095603548,neutral,BEAR,
2022-05-10,5624,5614,1,1,0,0.9999955276951753,0.844254237844051,bear,BEAR,
2022-05-11,5625,5615,1,1,2,0.9999996881246844,0.16725415500761942,neutral,BEAR,
2022-05-12,5626,5616,1,1,2,0.9999999879841615,0.4295322547594853,neutral,BEAR,
2022-05-13,5627,5617,1,1,2,0.9999999855567486,0.1691540066601162,neutral,BEAR,
2022-05-16,5628,5618,1,1,2,0.9999999861120177,0.6300020813011191,bear,BEAR,
2022-05-17,5629,5619,1,1,2,0.9999999854736955,0.188152313600791,neutral,BEAR,
2022-05-18,5630,5620,1,1,2,0.9999999617667099,0.5383353279855221,bear,BEAR,
2022-05-19,5631,5621,1,1,2,0.9999831764443303,0.9486020279956222,bear,BEAR,
2022-05-20,5632,5622,1,1,2,0.9999331508488651,0.21054122068441564,neutral,BEAR,
2022-05-23,5633,5623,1,1,2,0.9992745132220918,0.16662600611464445,neutral,BEAR,
2022-05-24,5634,5624,2,2,0,0.999256081166231,0.4841348039613814,neutral,BEAR,
2022-05-25,5635,5625,2,2,0,0.9991696684465075,0.232173044234852,neutral,BEAR,
2022-05-26,5636,5626,1,1,2,0.9990236074199502,0.22782548459354002,neutral,BEAR,
2022-05-27,5637,5627,2,2,0,0.9996470221031389,0.5217504718704894,bear,BEAR,
2022-05-31,5638,5628,1,1,2,0.9999949270672642,0.6466997363216193,bear,BEAR,
2022-06-01,5639,5629,1,1,2,0.9999993739037589,0.20426065742002159,neutral,BEAR,
2022-06-02,5640,5630,1,1,2,0.9999995065188113,0.23974719768483563,neutral,BEAR,
2022-06-03,5641,5631,2,2,1,0.999999896524956,0.4949111472149075,neutral,BEAR,
2022-06-06,5642,5632,2,2,1,0.9999995013785153,0.44193914589841915,neutral,BEAR,
2022-06-07,5643,5633,2,2,1,0.9999924110024149,0.17111972329586553,neutral,BEAR,
2022-06-08,5644,5634,2,2,1,0.9999807669063876,0.24193488840213814,neutral,BEAR,
2022-06-09,5645,5635,2,2,1,0.9986209522766184,0.2951474529898867,neutral,BEAR,
2022-06-10,5646,5636,1,1,2,0.9870772667932396,0.6537833853500188,bear,BEAR,
2022-06-13,5647,5637,1,1,2,0.9999908881352125,0.7804780418250679,bear,BEAR,
2022-06-14,5648,5638,1,1,2,0.9999999986860884,0.9259920224888047,bear,BEAR,
2022-06-15,5649,5639,1,1,2,0.9999999999837532,0.1803850232473618,neutral,BEAR,
2022-06-16,5650,5640,1,1,2,0.999999999989623,0.34923555795968486,neutral,BEAR,
2022-06-17,5651,5641,2,2,1,0.999999999996732,0.861875279649016,bear,BEAR,
2022-06-21,5652,5642,1,1,2,0.9999999999985536,0.17231459961170353,neutral,BEAR,
2022-06-22,5653,5643,1,1,2,0.9999999999929051,0.6627755099959571,bear,BEAR,
2022-06-23,5654,5644,1,1,2,0.9999999995360099,0.1714805329360919,neutral,BEAR,
2022-06-24,5655,5645,2,2,1,0.9999996953527701,0.2432399936178361,neutral,BEAR,
2022-06-27,5656,5646,1,1,2,0.999977217075219,0.8223760383925415,bear,BEAR,
2022-06-28,5657,5647,2,2,1,0.999966448794444,0.18456382052850218,neutral,BEAR,
2022-06-29,5658,5648,1,1,2,0.999970816025447,0.5605984308677284,bear,BEAR,
2022-06-30,5659,5649,1,1,2,0.9999681632558218,0.1678422551265933,neutral,BEAR,
2022-07-01,5660,5650,1,1,2,0.9999678343860039,0.23926919374119685,neutral,BEAR,
2022-07-05,5661,5651,1,1,2,0.9997892560460155,0.25899249934125557,neutral,BEAR,
2022-07-06,5662,5652,2,2,0,0.9916014788493358,0.16634558063460048,neutral,BEAR,
2022-07-07,5663,5653,1,1,2,0.9812771097061462,0.1710689761037768,neutral,BEAR,
2022-07-08,5664,5654,2,2,0,0.969893085131194,0.372195905213758,neutral,BEAR,
2022-07-11,5665,5655,2,2,0,0.9663898812834704,0.16847031124123713,neutral,BEAR,
2022-07-12,5666,5656,1,1,0,0.8954550622691547,0.3069830466396889,neutral,BEAR,
2022-07-13,5667,5657,1,1,2,0.7721747590523643,0.2526896056189728,neutral,BEAR,
2022-07-14,5668,5658,1,1,2,0.8381978939780464,0.1976837226703854,neutral,BEAR,
2022-07-15,5669,5659,1,1,2,0.9022641073011253,0.1758986025615134,neutral,BEAR,
2022-07-18,5670,5660,1,1,2,0.792502862173012,0.4922478519689584,neutral,BEAR,
2022-07-19,5671,5661,1,1,2,0.7777217198006675,0.23993415373941998,neutral,BEAR,
2022-07-20,5672,5662,1,1,2,0.9726285585057959,0.7103551637035405,bear,BEAR,
2022-07-21,5673,5663,1,1,2,0.9971831761014516,0.19663344837692884,neutral,BEAR,
2022-07-22,5674,5664,1,1,2,0.9998270707964254,0.25415981604443705,neutral,BEAR,
2022-07-25,5675,5665,2,2,1,0.9999353197018387,0.2592674617278742,neutral,BEAR,
2022-07-26,5676,5666,1,1,2,0.9999685601299991,0.16728950362244122,neutral,BEAR,
2022-07-27,5677,5667,1,1,2,0.9999335265159423,0.31674698880810914,neutral,BEAR,
2022-07-28,5678,5668,1,1,2,0.9999200438206767,0.6823225252152791,bear,BEAR,
2022-07-29,5679,5669,1,1,2,0.9998501263925081,0.30644240492000707,neutral,BEAR,
2022-08-01,5680,5670,1,1,2,0.9999839873651639,0.3604063085389746,neutral,BEAR,
2022-08-02,5681,5671,1,1,2,0.99993153641821,0.17866483277313663,neutral,BEAR,
2022-08-03,5682,5672,2,2,1,0.9999200184290464,0.21491409108861256,neutral,BEAR,
2022-08-04,5683,5673,1,1,2,0.9999766456827611,0.39143754839852724,neutral,BEAR,
2022-08-05,5684,5674,1,1,2,0.9999906381047393,0.16911697575254306,neutral,BEAR,
2022-08-08,5685,5675,1,1,2,0.9999822707240756,0.17228650365506715,neutral,BEAR,
2022-08-09,5686,5676,2,2,1,0.9999206995504558,0.17049163082068317,neutral,BEAR,
2022-08-10,5687,5677,2,2,1,0.931337557794518,0.1864565298001834,neutral,BEAR,
2022-08-11,5688,5678,1,1,2,0.809523275751149,0.5534382779945106,bear,BEAR,
2022-08-12,5689,5679,1,1,2,0.8113600110800545,0.16832719512437744,neutral,BEAR,
2022-08-15,5690,5680,2,2,0,0.9965977425610009,0.43434944182038915,neutral,BEAR,
2022-08-16,5691,5681,2,2,0,0.9997081110177566,0.17740694665866127,neutral,BEAR,
2022-08-17,5692,5682,2,2,1,0.9998283084431209,0.16899117149815004,neutral,BEAR,
2022-08-18,5693,5683,1,1,2,0.9998678807670902,0.2247807465304499,neutral,BEAR,
2022-08-19,5694,5684,1,1,2,0.9998641824861951,0.17184233406459712,neutral,BEAR,
2022-08-22,5695,5685,2,2,0,0.9995319971114518,0.35845174245461264,neutral,BEAR,
2022-08-23,5696,5686,1,1,2,0.9994764751014594,0.5701702109829586,bear,BEAR,
2022-08-24,5697,5687,1,1,2,0.9992309899999999,0.17760262224718468,neutral,BEAR,
2022-08-25,5698,5688,2,2,0,0.9998049172331053,0.1739993208556067,neutral,BEAR,
2022-08-26,5699,5689,0,0,1,0.9999502892960083,0.3580507288977031,neutral,BEAR,
2022-08-29,5700,5690,1,1,2,0.9999880155121751,0.8706330389914443,bear,BEAR,
2022-08-30,5701,5691,2,2,0,0.9999977827264208,0.2183613713237164,neutral,BEAR,
2022-08-31,5702,5692,1,1,2,0.9999992472895551,0.29825965316194375,neutral,BEAR,
2022-09-01,5703,5693,2,2,1,0.9999997868583141,0.23386357618157771,neutral,BEAR,
2022-09-02,5704,5694,2,2,1,0.9999986123173644,0.1731965467569385,neutral,BEAR,
2022-09-06,5705,5695,1,1,2,0.9999977453808613,0.28898621037103,neutral,BEAR,
2022-09-07,5706,5696,2,2,1,0.999998987090051,0.18773227819208368,neutral,BEAR,
2022-09-08,5707,5697,1,1,2,0.9999974411885945,0.4654680102710855,neutral,BEAR,
2022-09-09,5708,5698,1,1,2,0.9999809105502454,0.19896703091842777,neutral,BEAR,
2022-09-12,5709,5699,1,1,2,0.9927670352604198,0.3933205547364937,neutral,BEAR,
2022-09-13,5710,5700,1,1,2,0.9991688700106175,0.26775199000138933,neutral,BEAR,
2022-09-14,5711,5701,1,1,2,0.999364073265027,0.9684203810829604,bear,BEAR,
2022-09-15,5712,5702,1,1,2,0.9994802014846995,0.17675456345860285,neutral,BEAR,
2022-09-16,5713,5703,1,1,0,0.9997732753718891,0.30757402083147134,neutral,BEAR,
2022-09-19,5714,5704,1,1,2,0.999964461542188,0.3172533599253711,neutral,BEAR,
2022-09-20,5715,5705,1,1,2,0.9999793993742462,0.21411113549470814,neutral,BEAR,
2022-09-21,5716,5706,1,1,2,0.9999943694179421,0.31108182898072845,neutral,BEAR,
2022-09-22,5717,5707,2,2,0,0.9999996182188372,0.47555142078927004,neutral,BEAR,
2022-09-23,5718,5708,1,1,2,0.9999999459851467,0.2479846350959459,neutral,BEAR,
2022-09-26,5719,5709,1,1,2,0.9999999736159269,0.4562005246134648,neutral,BEAR,
2022-09-27,5720,5710,1,1,2,0.9999996880915184,0.27783037993702264,neutral,BEAR,
2022-09-28,5721,5711,2,2,1,0.9999999272856622,0.18065867875571262,neutral,BEAR,
2022-09-29,5722,5712,1,1,2,0.9999992730127218,0.5141863677722199,bear,BEAR,
2022-09-30,5723,5713,2,2,1,0.9999986109743557,0.5759445996681165,bear,BEAR,
2022-10-03,5724,5714,1,1,2,0.9999992552877038,0.41939146974524677,neutral,BEAR,
2022-10-04,5725,5715,2,2,1,0.9999746261528724,0.6923298521098367,bear,BEAR,
2022-10-05,5726,5716,1,1,2,0.9997037517445183,0.8005715706193334,bear,BEAR,
2022-10-06,5727,5717,1,1,2,0.9997238892824805,0.17931247469403977,neutral,BEAR,
2022-10-07,5728,5718,1,1,2,0.9996169363258969,0.28710821852930196,neutral,BEAR,
2022-10-10,5729,5719,2,2,1,0.9997466825198055,0.7558260306567544,bear,BEAR,
2022-10-11,5730,5720,2,2,1,0.9998760534709721,0.23558685121157288,neutral,BEAR,
2022-10-12,5731,5721,1,1,2,0.9999566120648845,0.2166829405236887,neutral,BEAR,
2022-10-13,5732,5722,1,1,2,0.9999813888660832,0.18531319767415827,neutral,BEAR,
2022-10-14,5733,5723,2,2,1,0.9999798860114283,0.6929944619417989,bear,BEAR,
2022-10-17,5734,5724,1,1,2,0.9999784087696283,0.6269211806722029,bear,BEAR,
2022-10-18,5735,5725,1,1,2,0.9999785659569438,0.6760526719422123,bear,BEAR,
2022-10-19,5736,5726,1,1,2,0.9998720539603255,0.2904050410711895,neutral,BEAR,
2022-10-20,5737,5727,1,1,2,0.9984777480221138,0.22740956912771795,neutral,BEAR,
2022-10-21,5738,5728,1,1,2,0.9895111633087613,0.24831484062061335,neutral,BEAR,
2022-10-24,5739,5729,1,1,2,0.9989696066801838,0.6411970756004801,bear,BEAR,
2022-10-25,5740,5730,1,1,2,0.9999202202664275,0.30298343888347135,neutral,BEAR,
2022-10-26,5741,5731,1,1,2,0.9999939704194836,0.40674922429485544,neutral,BEAR,
2022-10-27,5742,5732,2,2,0,0.999989066684453,0.23417789093102526,neutral,BEAR,
2022-10-28,5743,5733,1,1,2,0.999991423246936,0.20466755452529276,neutral,BEAR,
2022-10-31,5744,5734,2,2,0,0.9999782020328473,0.6284301015540091,bear,BEAR,
2022-11-01,5745,5735,2,2,0,0.9999711935305935,0.22951921841507913,neutral,BEAR,
2022-11-02,5746,5736,2,2,0,0.9999604643688595,0.19483593455100012,neutral,BEAR,
2022-11-03,5747,5737,2,2,1,0.9998444873574944,0.6843588667156157,bear,BEAR,
2022-11-04,5748,5738,1,1,2,0.9980845763886965,0.28590370482719857,neutral,BEAR,
2022-11-07,5749,5739,2,2,1,0.9969585071091389,0.3618344935660156,neutral,BEAR,
2022-11-08,5750,5740,2,2,1,0.9967520395307289,0.24601768068608978,neutral,BEAR,
2022-11-09,5751,5741,2,2,1,0.9956045380696048,0.1902625701320797,neutral,BEAR,
2022-11-10,5752,5742,2,2,1,0.9978869329693096,0.5643536697241096,bear,BEAR,
2022-11-11,5753,5743,2,2,1,0.9999299359544112,0.9975887283155844,bear,BEAR,
2022-11-14,5754,5744,2,2,1,0.9999965810129499,0.2477029467021555,neutral,BEAR,
2022-11-15,5755,5745,2,2,1,0.9999991384343881,0.2508720699532345,neutral,BEAR,
2022-11-16,5756,5746,1,1,2,0.9999998765539589,0.22793697238743685,neutral,BEAR,
2022-11-17,5757,5747,1,1,2,0.9999998597924327,0.2362658542654847,neutral,BEAR,
2022-11-18,5758,5748,1,1,2,0.9999987508995823,0.1844513912383733,neutral,BEAR,
2022-11-21,5759,5749,2,2,1,0.9999939531052894,0.18345022845323075,neutral,BEAR,
2022-11-22,5760,5750,2,2,1,0.9999704157857808,0.18891774833985733,neutral,BEAR,
2022-11-23,5761,5751,2,2,0,0.9999056520309387,0.3366537035408733,neutral,BEAR,
2022-11-25,5762,5752,2,1,2,0.9939569604798418,0.33028177931382113,neutral,BEAR,
2022-11-28,5763,5753,2,1,2,0.7574657937542237,0.30216971854691155,neutral,BEAR,
2022-11-29,5764,5754,2,1,2,0.7282381407838634,0.4191401155587712,neutral,BEAR,
2022-11-30,5765,5755,1,2,1,0.7375620454435204,0.3051059996614355,neutral,BEAR,
2022-12-01,5766,5756,2,2,1,0.9606934505529863,0.8118968171257772,bear,BEAR,
2022-12-02,5767,5757,1,1,2,0.9914516401494081,0.17290464074652814,neutral,BEAR,
2022-12-05,5768,5758,2,2,1,0.9931434714797631,0.1746079665345247,neutral,BEAR,
2022-12-06,5769,5759,2,2,1,0.9881119089447097,0.48910419349400214,neutral,BEAR,
2022-12-07,5770,5760,2,2,1,0.9908314006338932,0.3877986575365014,neutral,BEAR,
2022-12-08,5771,5761,2,2,0,0.9974712645701549,0.1769921527727025,neutral,BEAR,
2022-12-09,5772,5762,2,2,0,0.9980184539899328,0.21826331775581567,neutral,BEAR,
2022-12-12,5773,5763,1,1,2,0.9988763362480333,0.23437436565182201,neutral,BEAR,
2022-12-13,5774,5764,1,1,2,0.9986140952860227,0.3634642336300762,neutral,BEAR,
2022-12-14,5775,5765,1,1,2,0.9982055806325103,0.21473169365857042,neutral,BEAR,
2022-12-15,5776,5766,1,1,2,0.992172536657474,0.21899422869582538,neutral,BEAR,
2022-12-16,5777,5767,2,2,1,0.9896834121235387,0.6671625974319411,bear,BEAR,
2022-12-19,5778,5768,1,1,2,0.9968457801949991,0.44228754917033863,neutral,BEAR,
2022-12-20,5779,5769,1,1,2,0.9998489775020225,0.2517011442737105,neutral,BEAR,
2022-12-21,5780,5770,2,2,1,0.9999793905126997,0.17247657566551658,neutral,BEAR,
2022-12-22,5781,5771,1,1,2,0.9999846319349265,0.3792138087459544,neutral,BEAR,
2022-12-23,5782,5772,2,2,1,0.9999920905159001,0.38509663764380414,neutral,BEAR,
2022-12-27,5783,5773,1,1,2,0.999993518229686,0.19453282057669027,neutral,BEAR,
2022-12-28,5784,5774,2,2,1,0.9999786029618755,0.19300414426043627,neutral,BEAR,
2022-12-29,5785,5775,1,1,2,0.9995211490474941,0.3373739547384102,neutral,BEAR,
2022-12-30,5786,5776,2,2,1,0.6803137853071163,0.4691096882845408,neutral,BEAR,
2023-01-03,5787,5777,1,2,1,1.0,0.31029092132888625,neutral,BEAR,
2023-01-04,5788,5778,1,2,1,1.0,0.32133248430249683,neutral,BEAR,
2023-01-05,5789,5779,1,2,1,1.0,0.3456319608385413,neutral,BEAR,
2023-01-06,5790,5780,1,2,1,1.0,0.3962734183342469,neutral,BEAR,
2023-01-09,5791,5781,2,1,2,0.8383098697057688,0.37948994592429447,neutral,BEAR,
2023-01-10,5792,5782,2,1,2,0.38761758100525284,0.30213468029799656,neutral,BEAR,
2023-01-11,5793,5783,2,2,1,0.937253149837917,0.20976710380446512,neutral,BEAR,
2023-01-12,5794,5784,2,2,1,0.9972008712896785,0.31560139097924933,neutral,BEAR,
2023-01-13,5795,5785,1,1,2,0.9987237991974727,0.1808181201069936,neutral,BEAR,
2023-01-17,5796,5786,1,1,2,0.9997885848514036,0.18224989349436627,neutral,BEAR,
2023-01-18,5797,5787,1,1,2,0.9998670110911024,0.1783690563191136,neutral,BEAR,
2023-01-19,5798,5788,2,2,1,0.9993752099007014,0.43173400402088014,neutral,BEAR,
2023-01-20,5799,5789,1,1,2,0.9983976258316443,0.23096162181451296,neutral,BEAR,
2023-01-23,5800,5790,1,1,2,0.9268289750207239,0.4828111095374298,neutral,BEAR,
2023-01-24,5801,5791,1,1,2,0.9549753290971269,0.3011598817680951,neutral,BEAR,
2023-01-25,5802,5792,1,1,2,0.9058357568571618,0.17608477918604384,neutral,BEAR,
2023-01-26,5803,5793,2,2,1,0.8587041165590549,0.17369229668976305,neutral,BEAR,
2023-01-27,5804,5794,2,2,1,0.975000248327285,0.27876665430682246,neutral,BEAR,
2023-01-30,5805,5795,1,1,2,0.9944126853108437,0.17625071319094782,neutral,BEAR,
2023-01-31,5806,5796,1,1,2,0.9949602960299893,0.3408180782631852,neutral,BEAR,
2023-02-01,5807,5797,1,1,2,0.9984384605746208,0.37040006266791303,neutral,BEAR,
2023-02-02,5808,5798,1,1,2,0.9990947138964656,0.27148129477662303,neutral,BEAR,
2023-02-03,5809,5799,1,1,2,0.9989942410304754,0.3665944329451695,neutral,BEAR,
2023-02-06,5810,5800,2,2,0,0.9981588274466933,0.2975986395647165,neutral,BEAR,
2023-02-07,5811,5801,2,2,1,0.9971431917186623,0.218288284200574,neutral,BEAR,
2023-02-08,5812,5802,1,1,2,0.9974657128334382,0.3284697075165664,neutral,BEAR,
2023-02-09,5813,5803,1,1,2,0.9874207179947574,0.3040428989464598,neutral,BEAR,
2023-02-10,5814,5804,2,2,1,0.9807389375575578,0.2581222321100104,neutral,BEAR,
2023-02-13,5815,5805,1,1,2,0.9721414610257934,0.17601987013421214,neutral,BEAR,
2023-02-14,5816,5806,2,2,0,0.513295586789297,0.294935208878781,neutral,BEAR,
2023-02-15,5817,5807,2,1,2,0.8641246936996699,0.30073433138632394,neutral,BEAR,
2023-02-16,5818,5808,2,1,2,0.7988309756040106,0.3078571007005068,neutral,BEAR,
2023-02-17,5819,5809,2,1,2,0.996986771002309,0.413078146222094,neutral,BEAR,
2023-02-21,5820,5810,0,2,0,0.9094430865348894,0.3090451466962687,neutral,BEAR,
2023-02-22,5821,5811,1,1,2,0.9757763508604123,0.5509741964122755,bear,BEAR,
2023-02-23,5822,5812,1,1,2,0.9947547996233945,0.17869091003084311,neutral,BEAR,
2023-02-24,5823,5813,2,2,1,0.9975325538941899,0.1920652256607049,neutral,BEAR,
2023-02-27,5824,5814,1,1,2,0.9996306249079872,0.29920960745060604,neutral,BEAR,
2023-02-28,5825,5815,2,2,1,0.9998382825996216,0.17989724946463317,neutral,BEAR,
2023-03-01,5826,5816,1,1,2,0.9997713808988894,0.1933934199339735,neutral,BEAR,
2023-03-02,5827,5817,1,1,2,0.9994111075484025,0.19470875956090464,neutral,BEAR,
2023-03-03,5828,5818,1,1,2,0.9686324246793071,0.22027124864487216,neutral,BEAR,
2023-03-06,5829,5819,1,1,2,0.8241008916408717,0.4085993700078944,neutral,BEAR,
2023-03-07,5830,5820,1,1,2,0.39648860224775045,0.1746970455366776,neutral,BEAR,
2023-03-08,5831,5821,2,1,2,0.5988662575611177,0.4165116896194038,neutral,BEAR,
2023-03-09,5832,5822,2,1,2,0.6109555104240537,0.30219532044989056,neutral,BEAR,
2023-03-10,5833,5823,2,1,2,0.15302895419554188,0.4065400245968917,neutral,BEAR,
2023-03-13,5834,5824,1,1,2,0.996231347842621,0.3935764266040632,neutral,BEAR,
2023-03-14,5835,5825,1,1,2,0.9996428364927132,0.18021067466870455,neutral,BEAR,
2023-03-15,5836,5826,1,1,2,0.9997191055810644,0.42585612684953517,neutral,BEAR,
2023-03-16,5837,5827,2,2,1,0.9998376549810992,0.2215536098004011,neutral,BEAR,
2023-03-17,5838,5828,2,2,1,0.9998157615132581,0.4558654582615285,neutral,BEAR,
2023-03-20,5839,5829,1,1,2,0.999063889623895,0.4220072893046594,neutral,BEAR,
2023-03-21,5840,5830,1,1,2,0.9774185959499117,0.25089915961543025,neutral,BEAR,
2023-03-22,5841,5831,2,2,1,0.9821197021304613,0.33104838515528484,neutral,BEAR,
2023-03-23,5842,5832,2,2,1,0.9223102212706724,0.46657586248780697,neutral,BEAR,
2023-03-24,5843,5833,1,1,2,0.9285201175651564,0.17856562464829637,neutral,BEAR,
2023-03-27,5844,5834,1,1,2,0.8369558423276254,0.20589886660671008,neutral,BEAR,
2023-03-28,5845,5835,2,1,2,0.7885513725679955,0.3006184698397229,neutral,BEAR,
2023-03-29,5846,5836,1,2,1,0.8234252119859006,0.3071304746995568,neutral,BEAR,
2023-03-30,5847,5837,2,1,2,0.5716662779831211,0.43286234872499013,neutral,BEAR,
2023-03-31,5848,5838,1,1,2,0.927656910043436,0.19988809533297594,neutral,BEAR,
2023-04-03,5849,5839,2,2,1,0.9953912108536607,0.357145831785438,neutral,BEAR,
2023-04-04,5850,5840,2,2,1,0.9995796358077639,0.18331474205081072,neutral,BEAR,
2023-04-05,5851,5841,2,2,1,0.9998688160436501,0.21372063319597615,neutral,BEAR,
2023-04-06,5852,5842,2,2,1,0.99969752245334,0.18673052271260449,neutral,BEAR,
2023-04-10,5853,5843,1,1,2,0.9990928275911439,0.18398600395792694,neutral,BEAR,
2023-04-11,5854,5844,1,1,2,0.997380055847519,0.17617548741572045,neutral,BEAR,
2023-04-12,5855,5845,1,1,2,0.9846884407959089,0.176635024981832,neutral,BEAR,
2023-04-13,5856,5846,2,1,2,0.8647357338705642,0.31859829080293467,neutral,BEAR,
2023-04-14,5857,5847,0,1,0,1.0,0.420334869698729,neutral,BEAR,
2023-04-17,5858,5848,2,1,2,1.0,0.3081203041484019,neutral,BEAR,
2023-04-18,5859,5849,2,1,2,1.0,0.30681379966652106,neutral,BEAR,
2023-04-19,5860,5850,2,1,2,1.0,0.2994244173548309,neutral,BEAR,
2023-04-20,5861,5851,2,1,2,0.9999974711434624,0.30020306256054996,neutral,BEAR,
2023-04-21,5862,5852,2,1,2,1.0,0.3310573198896633,neutral,BEAR,
2023-04-24,5863,5853,2,1,2,1.0,0.2995566256819122,neutral,BEAR,
2023-04-25,5864,5854,2,1,2,1.0,0.29973858198056275,neutral,BEAR,
2023-04-26,5865,5855,2,1,2,0.9981627342516578,0.4148568450658495,neutral,BEAR,
2023-04-27,5866,5856,2,1,2,0.4154832636582553,0.3206506835799276,neutral,BEAR,
2023-04-28,5867,5857,1,2,1,0.4614812904045192,0.4242313854338013,neutral,BEAR,
2023-05-01,5868,5858,1,2,1,0.25452697398492174,0.3549658489810705,neutral,BEAR,
2023-05-02,5869,5859,2,1,2,0.19823980020829143,0.3027053758434216,neutral,BEAR,
2023-05-03,5870,5860,2,1,2,0.23547637969021604,0.39216397336204994,neutral,BEAR,
2023-05-04,5871,5861,0,2,0,0.21688069049178824,0.34550632557187044,neutral,BEAR,
2023-05-05,5872,5862,1,1,0,0.919695321440198,0.23198782992956415,neutral,BEAR,
2023-05-08,5873,5863,1,1,2,0.9260561792343903,0.4800199494965845,neutral,BEAR,
2023-05-09,5874,5864,0,0,2,0.927294466381162,0.17714425917946924,neutral,BEAR,
2023-05-10,5875,5865,1,1,2,0.861412256157268,0.2016597205334338,neutral,BEAR,
2023-05-11,5876,5866,1,1,2,0.38279209714761436,0.19139694913010036,neutral,BEAR,
2023-05-12,5877,5867,2,1,2,0.6256920377855502,0.30468936566265514,neutral,BEAR,
2023-05-15,5878,5868,2,1,2,0.9558908749192562,0.30206819439146987,neutral,BEAR,
2023-05-16,5879,5869,0,1,0,1.0,0.31002744383853315,neutral,BEAR,
2023-05-17,5880,5870,2,1,2,1.0,0.33839703155410283,neutral,BEAR,
2023-05-18,5881,5871,2,1,2,0.9999987782630573,0.4068019199746205,neutral,BEAR,
2023-05-19,5882,5872,2,1,2,1.0,0.3742441290667052,neutral,BEAR,
2023-05-22,5883,5873,0,2,0,0.7825451992063236,0.3040763909098705,neutral,BEAR,
2023-05-23,5884,5874,2,1,2,0.4242277964770427,0.3001410899040158,neutral,BEAR,
2023-05-24,5885,5875,0,2,0,0.6133233894473213,0.39217929153709485,neutral,BEAR,
2023-05-25,5886,5876,2,0,2,0.47001143573301135,0.3446403694727283,neutral,BEAR,
2023-05-26,5887,5877,0,2,0,0.5613634534847812,0.35707994318403424,neutral,BEAR,
2023-05-30,5888,5878,2,1,2,0.385855219631152,0.41753073126548285,neutral,BEAR,
2023-05-31,5889,5879,2,1,2,0.27916042930888296,0.3007033031015233,neutral,BEAR,
2023-06-01,5890,5880,0,2,0,0.8435937102364561,0.33261143057760445,neutral,BEAR,
2023-06-02,5891,5881,2,1,2,0.5690444074048311,0.3692970450703482,neutral,BEAR,
2023-06-05,5892,5882,1,1,2,0.9701510679146188,0.3680034284722603,neutral,BEAR,
2023-06-06,5893,5883,1,1,2,0.9942983335981708,0.1825062032539863,neutral,BEAR,
2023-06-07,5894,5884,1,1,2,0.9985736684790835,0.1771530633338663,neutral,BEAR,
2023-06-08,5895,5885,1,1,2,0.9981383743486069,0.1927354594818951,neutral,BEAR,
2023-06-09,5896,5886,1,1,2,0.9882566823654548,0.2011110004490576,neutral,BEAR,
2023-06-12,5897,5887,1,1,2,0.9484296129210359,0.17685904618224194,neutral,BEAR,
2023-06-13,5898,5888,1,1,2,0.9814847244973651,0.2424143779161586,neutral,BEAR,
2023-06-14,5899,5889,1,1,2,0.9938053247604902,0.2070424721973934,neutral,BEAR,
2023-06-15,5900,5890,1,1,2,0.978417680189885,0.17641418300122463,neutral,BEAR,
2023-06-16,5901,5891,1,1,2,0.994550684281901,0.31359918882063814,neutral,BEAR,
2023-06-20,5902,5892,1,1,2,0.9970513990336654,0.23416871249260357,neutral,BEAR,
2023-06-21,5903,5893,1,1,2,0.9945532680906743,0.20952420447112452,neutral,BEAR,
2023-06-22,5904,5894,2,2,0,0.9858643864018265,0.20890602407890205,neutral,BEAR,
2023-06-23,5905,5895,1,1,2,0.8861053181176562,0.1834598608986139,neutral,BEAR,
2023-06-26,5906,5896,1,1,2,0.5972673546354412,0.24170443997625987,neutral,BEAR,
2023-06-27,5907,5897,2,1,2,0.6781432773326929,0.3197921503131559,neutral,BEAR,
2023-06-28,5908,5898,0,2,0,0.7966568493232064,0.38150389540376045,neutral,BEAR,
2023-06-29,5909,5899,2,1,2,0.7968232968220129,0.30701406639027856,neutral,BEAR,
2023-06-30,5910,5900,2,1,2,0.7622009092296305,0.31472194384206875,neutral,BEAR,
2023-07-03,5911,5901,2,1,2,0.6148068022185804,0.39269614208857917,neutral,BEAR,
2023-07-05,5912,5902,0,2,0,0.172301400766738,0.30734975678608045,neutral,BEAR,
2023-07-06,5913,5903,1,1,2,0.9396134256175409,0.18473493465331506,neutral,BEAR,
2023-07-07,5914,5904,1,1,2,0.9278883769447128,0.2427126684540321,neutral,BEAR,
2023-07-10,5915,5905,2,2,1,0.9210492216372032,0.18957091994632944,neutral,BEAR,
2023-07-11,5916,5906,1,1,2,0.8026137920825549,0.18291194678386516,neutral,BEAR,
2023-07-12,5917,5907,1,2,1,0.9568356689317218,0.33062243942365394,neutral,BEAR,
2023-07-13,5918,5908,2,1,2,0.8289818995629404,0.3465790464659585,neutral,BEAR,
2023-07-14,5919,5909,2,1,2,0.34453136845649684,0.3459219631782625,neutral,BEAR,
2023-07-17,5920,5910,2,1,2,0.2064717447736099,0.302474413474565,neutral,BEAR,
2023-07-18,5921,5911,1,1,2,0.9521171393596525,0.18605150297689355,neutral,BEAR,
2023-07-19,5922,5912,2,2,1,0.9944829127859504,0.21738336825929802,neutral,BEAR,
2023-07-20,5923,5913,1,1,2,0.9989228161336694,0.1824704123111371,neutral,BEAR,
2023-07-21,5924,5914,1,1,2,0.9980388740127654,0.2266722416522348,neutral,BEAR,
2023-07-24,5925,5915,1,1,2,0.9873143329196996,0.18175915137809295,neutral,BEAR,
2023-07-25,5926,5916,1,1,2,0.8560488385383571,0.19165060259042155,neutral,BEAR,
2023-07-26,5927,5917,1,2,1,0.8581769697733039,0.31003032838743855,neutral,BEAR,
2023-07-27,5928,5918,2,1,2,1.0,0.30707978763150334,neutral,BEAR,
2023-07-28,5929,5919,1,2,1,1.0,0.3401647147427616,neutral,BEAR,
2023-07-31,5930,5920,1,2,1,1.0,0.36678107107829105,neutral,BEAR,
2023-08-01,5931,5921,1,2,1,1.0,0.3082311193836495,neutral,BEAR,
2023-08-02,5932,5922,1,2,1,1.0,0.3152846470434418,neutral,BEAR,
2023-08-03,5933,5923,1,2,1,1.0,0.40242032131172906,neutral,BEAR,
2023-08-04,5934,5924,1,2,1,0.8811098575452069,0.3152794924986294,neutral,BEAR,
2023-08-07,5935,5925,2,1,2,0.2471667530309548,0.32438355817430653,neutral,BEAR,
2023-08-08,5936,5926,2,1,2,0.2055100626621717,0.35844729684662846,neutral,BEAR,
2023-08-09,5937,5927,1,2,1,0.15413227524074036,0.3217293516823409,neutral,BEAR,
2023-08-10,5938,5928,2,2,1,0.9337097761078559,0.22770783820024407,neutral,BEAR,
2023-08-11,5939,5929,1,1,2,0.968056831997826,0.18167490191954455,neutral,BEAR,
2023-08-14,5940,5930,1,1,2,0.9377563789251934,0.18320302465437616,neutral,BEAR,
2023-08-15,5941,5931,2,2,1,0.3914830512409537,0.19951332473746408,neutral,BEAR,
2023-08-16,5942,5932,1,2,1,1.0,0.38612367608259024,neutral,BEAR,
2023-08-17,5943,5933,1,2,1,0.6864780448852614,0.3496970855709668,neutral,BEAR,
2023-08-18,5944,5934,2,2,1,0.940404792879658,0.2433288001209371,neutral,BEAR,
2023-08-21,5945,5935,1,1,2,0.987927376976258,0.17808065751227975,neutral,BEAR,
2023-08-22,5946,5936,2,2,1,0.9694299345236823,0.20840990359653377,neutral,BEAR,
2023-08-23,5947,5937,1,1,2,0.9409728579708002,0.19185938023762164,neutral,BEAR,
2023-08-24,5948,5938,1,1,2,0.9081662400410815,0.27959613016549645,neutral,BEAR,
2023-08-25,5949,5939,2,2,1,0.8914643045197844,0.37310587825436864,neutral,BEAR,
2023-08-28,5950,5940,1,1,2,0.7345014217042746,0.21440101153454577,neutral,BEAR,
2023-08-29,5951,5941,1,2,1,1.0,0.32971075243464054,neutral,BEAR,
2023-08-30,5952,5942,2,2,0,0.842627932660598,0.36954966638254017,neutral,BEAR,
2023-08-31,5953,5943,2,2,1,0.991359173349187,0.19076284089934947,neutral,BEAR,
2023-09-01,5954,5944,1,1,2,0.9962144159601143,0.18652056203272233,neutral,BEAR,
2023-09-05,5955,5945,1,1,2,0.9970723753505547,0.18324256977383063,neutral,BEAR,
2023-09-06,5956,5946,2,2,1,0.9965177054817793,0.20374843315973953,neutral,BEAR,
2023-09-07,5957,5947,1,1,2,0.9879956863171969,0.22936686979238408,neutral,BEAR,
2023-09-08,5958,5948,2,2,1,0.985448297504872,0.19486380945116952,neutral,BEAR,
2023-09-11,5959,5949,2,2,1,0.782706774865197,0.18307594900257343,neutral,BEAR,
2023-09-12,5960,5950,1,2,1,0.9337206056406266,0.3316817477364946,neutral,BEAR,
2023-09-13,5961,5951,1,2,1,1.0,0.3309145559462183,neutral,BEAR,
2023-09-14,5962,5952,2,1,2,1.0,0.30087139663890555,neutral,BEAR,
2023-09-15,5963,5953,2,1,2,1.0,0.3519645826015247,neutral,BEAR,
2023-09-18,5964,5954,1,2,1,1.0,0.4130497709636867,neutral,BEAR,
2023-09-19,5965,5955,1,2,1,1.0,0.3006135725888363,neutral,BEAR,
2023-09-20,5966,5956,2,1,2,1.0,0.3117583184201302,neutral,BEAR,
2023-09-21,5967,5957,1,2,1,0.6339758807005851,0.3633992995359783,neutral,BEAR,
2023-09-22,5968,5958,2,2,1,0.9944074442984868,0.4543032493067079,neutral,BEAR,
2023-09-25,5969,5959,1,1,2,0.9996773272246507,0.19039418803480906,neutral,BEAR,
2023-09-26,5970,5960,1,1,2,0.9998119101186741,0.1894049002406473,neutral,BEAR,
2023-09-27,5971,5961,1,1,2,0.9999756571497957,0.4033208326075897,neutral,BEAR,
2023-09-28,5972,5962,1,1,2,0.9999868979317483,0.17943939147616278,neutral,BEAR,
2023-09-29,5973,5963,1,1,2,0.9998540552125431,0.20214537705707558,neutral,BEAR,
2023-10-02,5974,5964,2,2,1,0.9996068256996001,0.1889536312170704,neutral,BEAR,
2023-10-03,5975,5965,2,2,1,0.9963158627118066,0.1808750402071995,neutral,BEAR,
2023-10-04,5976,5966,2,2,1,0.9658111376158574,0.36166963241603284,neutral,BEAR,
2023-10-05,5977,5967,2,2,1,0.3702375132876459,0.21907186765806494,neutral,BEAR,
2023-10-06,5978,5968,1,2,1,0.7981730707864336,0.30155375819445784,neutral,BEAR,
2023-10-09,5979,5969,1,2,1,0.8797289124306303,0.40017013614925817,neutral,BEAR,
2023-10-10,5980,5970,1,2,1,0.871571652991834,0.33001187619703043,neutral,BEAR,
2023-10-11,5981,5971,1,2,1,0.20934423049470016,0.319262165078676,neutral,BEAR,
2023-10-12,5982,5972,2,2,1,0.9691096431982087,0.18910465304038748,neutral,BEAR,
2023-10-13,5983,5973,2,2,1,0.9828777771665219,0.22348014042312456,neutral,BEAR,
2023-10-16,5984,5974,2,2,1,0.9832833104625331,0.21035112614344995,neutral,BEAR,
2023-10-17,5985,5975,2,2,1,0.9917815174329456,0.27358826380438084,neutral,BEAR,
2023-10-18,5986,5976,2,2,1,0.9504558151567715,0.18064808156783146,neutral,BEAR,
2023-10-19,5987,5977,1,1,2,0.7408558716915292,0.36776027706673636,neutral,BEAR,
2023-10-20,5988,5978,2,2,1,0.3997901522122178,0.26586568851178966,neutral,BEAR,
2023-10-23,5989,5979,2,2,1,0.9810283935598065,0.34174606749536335,neutral,BEAR,
2023-10-24,5990,5980,1,1,2,0.9985580404421127,0.1861346163767398,neutral,BEAR,
2023-10-25,5991,5981,2,2,1,0.9990510597685583,0.2230465469209424,neutral,BEAR,
2023-10-26,5992,5982,2,2,1,0.9996845905455485,0.39552149784630874,neutral,BEAR,
2023-10-27,5993,5983,2,2,1,0.9999647641627604,0.3344677450898915,neutral,BEAR,
2023-10-30,5994,5984,2,2,1,0.9999938501419381,0.2065180567014727,neutral,BEAR,
2023-10-31,5995,5985,1,1,2,0.9999670453829808,0.2997248258212023,neutral,BEAR,
2023-11-01,5996,5986,2,2,1,0.9986672903736,0.2081198545547769,neutral,BEAR,
2023-11-02,5997,5987,2,2,1,0.9855687469085783,0.2773909969437171,neutral,BEAR,
2023-11-03,5998,5988,1,1,2,0.9977663233447962,0.5069300926946965,bear,BEAR,
2023-11-06,5999,5989,1,1,2,0.9999387958650029,0.24800626873557033,neutral,BEAR,
2023-11-07,6000,5990,2,2,1,0.9999950296367764,0.18258640809267168,neutral,BEAR,
2023-11-08,6001,5991,2,2,1,0.9999993223408618,0.18436159195701632,neutral,BEAR,
2023-11-09,6002,5992,1,1,2,0.9999997529535135,0.1808890067329704,neutral,BEAR,
2023-11-10,6003,5993,1,1,2,0.9999991094803614,0.24960339317249802,neutral,BEAR,
2023-11-13,6004,5994,2,2,1,0.9999921641558167,0.40485034939663556,neutral,BEAR,
2023-11-14,6005,5995,2,2,1,0.9999010937749032,0.18396447788488274,neutral,BEAR,
2023-11-15,6006,5996,2,2,1,0.9997065564908428,0.5141602410790213,bear,BEAR,
2023-11-16,6007,5997,1,1,2,0.998975455900753,0.1825753194874965,neutral,BEAR,
2023-11-17,6008,5998,1,1,2,0.9993717198827257,0.1813414624982129,neutral,BEAR,
2023-11-20,6009,5999,2,2,1,0.9996688009104194,0.18143175698027006,neutral,BEAR,
2023-11-21,6010,6000,2,2,1,0.9998760030732442,0.2255119421298857,neutral,BEAR,
2023-11-22,6011,6001,2,2,1,0.9998770909193899,0.18960845512211674,neutral,BEAR,
2023-11-24,6012,6002,2,2,0,0.9998259630290508,0.18978237034829257,neutral,BEAR,
2023-11-27,6013,6003,2,2,1,0.9952260898206143,0.18163993215443708,neutral,BEAR,
2023-11-28,6014,6004,2,2,1,0.9628758070375524,0.1913377730883333,neutral,BEAR,
2023-11-29,6015,6005,1,2,1,1.0,0.29992684081975574,neutral,BEAR,
2023-11-30,6016,6006,1,2,1,1.0,0.30154599423275563,neutral,BEAR,
2023-12-01,6017,6007,1,2,1,1.0,0.30923969767466153,neutral,BEAR,
2023-12-04,6018,6008,2,1,2,1.0,0.32433865400214584,neutral,BEAR,
2023-12-05,6019,6009,1,2,1,0.6295853623735601,0.3281003452925961,neutral,BEAR,
2023-12-06,6020,6010,2,1,2,0.5951831940396318,0.30640001528741057,neutral,BEAR,
2023-12-07,6021,6011,1,2,1,0.22748401725817563,0.3181484350455736,neutral,BEAR,
2023-12-08,6022,6012,2,1,2,0.5319369434405641,0.34237679368030677,neutral,BEAR,
2023-12-11,6023,6013,1,2,1,1.0,0.3154016584549429,neutral,BEAR,
2023-12-12,6024,6014,2,1,2,1.0,0.3135410339412827,neutral,BEAR,
2023-12-13,6025,6015,2,1,2,0.7626361563387817,0.3129018226842951,neutral,BEAR,
2023-12-14,6026,6016,1,1,2,0.9726463963474231,0.34770214734877275,neutral,BEAR,
2023-12-15,6027,6017,2,2,1,0.9980004539231738,0.19009994546041648,neutral,BEAR,
2023-12-18,6028,6018,2,2,1,0.9991872994077111,0.22028932363496273,neutral,BEAR,
2023-12-19,6029,6019,2,2,1,0.999558603966656,0.2046029472411672,neutral,BEAR,
2023-12-20,6030,6020,2,2,0,0.9997398938322949,0.20870116456850596,neutral,BEAR,
2023-12-21,6031,6021,2,2,1,0.9968778710828908,0.37679796363171064,neutral,BEAR,
2023-12-22,6032,6022,2,2,1,0.9841173172832357,0.2524876415132796,neutral,BEAR,
2023-12-26,6033,6023,1,1,2,0.9044398367161831,0.18721649840011004,neutral,BEAR,
2023-12-27,6034,6024,2,2,1,0.5351084903692458,0.19538336561100075,neutral,BEAR,
2023-12-28,6035,6025,2,1,2,0.994528597497151,0.30114674325608276,neutral,BEAR,
2023-12-29,6036,6026,1,2,1,0.9376252202870043,0.3002317840099231,neutral,BEAR,
2024-01-02,6037,6027,2,1,2,0.9138948848821551,0.31078528161313745,neutral,BEAR,
2024-01-03,6038,6028,1,2,1,0.9999998753437446,0.33170429846160965,neutral,BEAR,
2024-01-04,6039,6029,1,2,1,0.8741193113865506,0.35765305146915877,neutral,BEAR,
2024-01-05,6040,6030,1,2,1,0.39986125425912644,0.3132867716769014,neutral,BEAR,
2024-01-08,6041,6031,1,2,1,0.36250206486107384,0.3010889006053099,neutral,BEAR,
2024-01-09,6042,6032,1,2,1,0.3291811958888007,0.4255210363823356,neutral,BEAR,
2024-01-10,6043,6033,1,2,1,0.3294852495433035,0.3048139776434516,neutral,BEAR,
2024-01-11,6044,6034,2,1,2,0.2763760872163498,0.32261364587253355,neutral,BEAR,
2024-01-12,6045,6035,2,1,2,0.28686163435604756,0.30197374700861634,neutral,BEAR,
2024-01-16,6046,6036,1,2,1,0.289333119772819,0.30098650582228376,neutral,BEAR,
2024-01-17,6047,6037,1,2,1,0.30524417585919383,0.3163865143717728,neutral,BEAR,
2024-01-18,6048,6038,1,2,1,0.30744653349058537,0.331616589915761,neutral,BEAR,
2024-01-19,6049,6039,1,2,1,0.4190455007108544,0.358814374908069,neutral,BEAR,
2024-01-22,6050,6040,2,1,2,0.2977163410610587,0.40645167401398996,neutral,BEAR,
2024-01-23,6051,6041,1,2,1,0.398580608619086,0.30400140775860773,neutral,BEAR,
2024-01-24,6052,6042,1,1,2,0.9150516447833169,0.1852161716883958,neutral,BEAR,
2024-01-25,6053,6043,2,2,1,0.962548142205043,0.1816155106953399,neutral,BEAR,
2024-01-26,6054,6044,1,1,2,0.9920021813512498,0.20085151550663485,neutral,BEAR,
2024-01-29,6055,6045,2,2,1,0.9955265792840916,0.18578147783412122,neutral,BEAR,
2024-01-30,6056,6046,1,1,2,0.99857237574756,0.2293731041418308,neutral,BEAR,
2024-01-31,6057,6047,2,2,1,0.9980446304169468,0.18426249656587812,neutral,BEAR,
2024-02-01,6058,6048,2,2,1,0.9382536762446441,0.451991665310877,neutral,BEAR,
2024-02-02,6059,6049,2,2,0,0.3432669802004079,0.3347116749735242,neutral,BEAR,
2024-02-05,6060,6050,2,2,0,0.7149873585368745,0.27502794884566256,neutral,BEAR,
2024-02-06,6061,6051,2,1,2,0.3273957070493776,0.31699039538624363,neutral,BEAR,
2024-02-07,6062,6052,1,2,1,0.27999072046139634,0.30633848940953995,neutral,BEAR,
2024-02-08,6063,6053,1,1,2,0.9154484085449599,0.23607149156061083,neutral,BEAR,
2024-02-09,6064,6054,2,2,1,0.9695468171188509,0.18245327104063364,neutral,BEAR,
2024-02-12,6065,6055,1,1,2,0.9904941847391554,0.20506634323555772,neutral,BEAR,
2024-02-13,6066,6056,2,2,1,0.9964107492506206,0.18429320147044187,neutral,BEAR,
2024-02-14,6067,6057,2,2,1,0.9954012912335636,0.3812264241952748,neutral,BEAR,
2024-02-15,6068,6058,1,1,2,0.8112557947388642,0.24887582396444963,neutral,BEAR,
2024-02-16,6069,6059,1,1,2,0.5198347244602395,0.21690868541814426,neutral,BEAR,
2024-02-20,6070,6060,1,2,1,0.5948180824504244,0.32668543312283643,neutral,BEAR,
2024-02-21,6071,6061,1,2,1,0.9789139900225304,0.33120888553921807,neutral,BEAR,
2024-02-22,6072,6062,2,1,2,1.0,0.3020398494228617,neutral,BEAR,
2024-02-23,6073,6063,2,1,2,0.3284748718853169,0.4094013110719607,neutral,BEAR,
2024-02-26,6074,6064,2,2,1,0.9421334644310109,0.18268273083548373,neutral,BEAR,
2024-02-27,6075,6065,1,1,2,0.9716488023773627,0.2008869737794312,neutral,BEAR,
2024-02-28,6076,6066,2,2,1,0.9867561062173437,0.1835782928760284,neutral,BEAR,
2024-02-29,6077,6067,1,1,2,0.9522872989361735,0.18704079767010007,neutral,BEAR,
2024-03-01,6078,6068,2,2,1,0.9520787022845578,0.18955530813066532,neutral,BEAR,
2024-03-04,6079,6069,2,2,1,0.9907950265768689,0.25422842218839126,neutral,BEAR,
2024-03-05,6080,6070,2,2,1,0.9925362570033318,0.18633644529453317,neutral,BEAR,
2024-03-06,6081,6071,2,2,1,0.9099033142368754,0.29186172693550744,neutral,BEAR,
2024-03-07,6082,6072,0,2,0,1.0,0.3184762579327976,neutral,BEAR,
2024-03-08,6083,6073,1,2,1,0.8012106010481028,0.37207488865609806,neutral,BEAR,
2024-03-11,6084,6074,2,1,2,0.7535086043762557,0.33558180686947475,neutral,BEAR,
2024-03-12,6085,6075,0,2,0,0.9290243345542635,0.30381754292590396,neutral,BEAR,
2024-03-13,6086,6076,1,2,1,0.5702697956522674,0.38305421040997517,neutral,BEAR,
2024-03-14,6087,6077,0,2,0,0.7152803426799228,0.3060472243423998,neutral,BEAR,
2024-03-15,6088,6078,0,2,0,0.8953622789503068,0.3076865530835755,neutral,BEAR,
2024-03-18,6089,6079,1,2,1,0.7892898293664277,0.3748680800130618,neutral,BEAR,
2024-03-19,6090,6080,2,1,2,0.7876619764766614,0.32591729578985296,neutral,BEAR,
2024-03-20,6091,6081,1,2,1,0.9998129820872678,0.32256778855138235,neutral,BEAR,
2024-03-21,6092,6082,1,2,1,0.7802072190359942,0.3636535595020455,neutral,BEAR,
2024-03-22,6093,6083,2,1,2,0.16555765770429823,0.3084489672148297,neutral,BEAR,
2024-03-25,6094,6084,2,2,1,0.8970255802562476,0.18996053172295063,neutral,BEAR,
2024-03-26,6095,6085,1,1,2,0.8267625696040998,0.1949772830498274,neutral,BEAR,
2024-03-27,6096,6086,1,1,2,0.8418922915757401,0.18990321498199464,neutral,BEAR,
2024-03-28,6097,6087,2,2,1,0.9338965820653727,0.23817263509778647,neutral,BEAR,
2024-04-01,6098,6088,1,1,2,0.9520579776553937,0.18450569501189124,neutral,BEAR,
2024-04-02,6099,6089,2,2,1,0.44473932930341764,0.1895331763234919,neutral,BEAR,
2024-04-03,6100,6090,2,1,2,1.0,0.33865838186321223,neutral,BEAR,
2024-04-04,6101,6091,1,2,1,0.745105365482967,0.3021925665144049,neutral,BEAR,
2024-04-05,6102,6092,1,2,1,0.866979386768728,0.3941035697632272,neutral,BEAR,
2024-04-08,6103,6093,2,1,2,0.8988050444001566,0.3793250808997746,neutral,BEAR,
2024-04-09,6104,6094,1,2,1,0.9156484697349566,0.3021160637929527,neutral,BEAR,
2024-04-10,6105,6095,1,2,1,0.9166243832410034,0.30252257497858587,neutral,BEAR,
2024-04-11,6106,6096,1,2,1,0.5293038553325495,0.3744487274124325,neutral,BEAR,
2024-04-12,6107,6097,1,2,1,0.8191697501192837,0.3434849797096364,neutral,BEAR,
2024-04-15,6108,6098,2,1,2,0.4701759873113075,0.401415490690044,neutral,BEAR,
2024-04-16,6109,6099,2,2,1,0.9794378182630027,0.3493207426752878,neutral,BEAR,
2024-04-17,6110,6100,2,2,1,0.9979319914570296,0.1903106039792857,neutral,BEAR,
2024-04-18,6111,6101,1,1,2,0.9997099024926205,0.2249996522867348,neutral,BEAR,
2024-04-19,6112,6102,2,2,1,0.9999506049948728,0.19160933791211196,neutral,BEAR,
2024-04-22,6113,6103,1,1,2,0.9999897078558908,0.26806665725642964,neutral,BEAR,
2024-04-23,6114,6104,1,1,2,0.9999763512838042,0.2512556806209136,neutral,BEAR,
2024-04-24,6115,6105,2,2,1,0.9997693134037589,0.30499616287933773,neutral,BEAR,
2024-04-25,6116,6106,2,2,1,0.9991661649148179,0.18554989354687107,neutral,BEAR,
2024-04-26,6117,6107,2,2,1,0.9225606068164868,0.20338653314189648,neutral,BEAR,
2024-04-29,6118,6108,2,2,1,0.7703822644306664,0.25618666311669547,neutral,BEAR,
2024-04-30,6119,6109,1,1,2,0.9464793975745597,0.1909085187970689,neutral,BEAR,
2024-05-01,6120,6110,2,2,1,0.9481224362686422,0.4384746743835454,neutral,BEAR,
2024-05-02,6121,6111,2,2,1,0.9493080927665767,0.19969928185272823,neutral,BEAR,
2024-05-03,6122,6112,1,1,2,0.9325000827447404,0.25482220370566927,neutral,BEAR,
2024-05-06,6123,6113,2,2,1,0.8087032241028453,0.31895048398860426,neutral,BEAR,
2024-05-07,6124,6114,2,2,1,0.975631508144964,0.27333371033873044,neutral,BEAR,
2024-05-08,6125,6115,2,2,1,0.9967413296207116,0.18484766377828354,neutral,BEAR,
2024-05-09,6126,6116,1,1,2,0.9989830736420439,0.18532165511726054,neutral,BEAR,
2024-05-10,6127,6117,1,1,2,0.9996469761140799,0.2068057531411384,neutral,BEAR,
2024-05-13,6128,6118,2,2,1,0.9998848883472334,0.18483815209613108,neutral,BEAR,
2024-05-14,6129,6119,1,1,2,0.9999486072121508,0.1852492009351271,neutral,BEAR,
2024-05-15,6130,6120,2,2,1,0.9998777504505983,0.19744521973155948,neutral,BEAR,
2024-05-16,6131,6121,2,2,1,0.999477877001196,0.32004051152052526,neutral,BEAR,
2024-05-17,6132,6122,1,1,2,0.9954697694681817,0.19253010679336885,neutral,BEAR,
2024-05-20,6133,6123,2,2,1,0.989045537677636,0.18530885039230174,neutral,BEAR,
2024-05-21,6134,6124,2,2,1,0.9905232151888288,0.18516891072609132,neutral,BEAR,
2024-05-22,6135,6125,2,2,1,0.9891294458600105,0.1873646179411083,neutral,BEAR,
2024-05-23,6136,6126,1,1,2,0.9536593139954744,0.19768838763189056,neutral,BEAR,
2024-05-24,6137,6127,2,2,1,0.8396100420162305,0.2458040553305165,neutral,BEAR,
2024-05-28,6138,6128,1,1,2,0.46214405932713926,0.21644582105733084,neutral,BEAR,
2024-05-29,6139,6129,2,1,2,1.0,0.3018058230943257,neutral,BEAR,
2024-05-30,6140,6130,1,2,1,0.8447191355577947,0.3439404235509514,neutral,BEAR,
2024-05-31,6141,6131,1,2,1,0.999441532735388,0.3404212136174825,neutral,BEAR,
2024-06-03,6142,6132,1,2,1,0.9990342777860516,0.36070919352460107,neutral,BEAR,
2024-06-04,6143,6133,1,2,1,0.9998362553441728,0.30272788457755384,neutral,BEAR,
2024-06-05,6144,6134,1,2,1,1.0,0.30297319361252306,neutral,BEAR,
2024-06-06,6145,6135,1,2,1,0.7417410270602375,0.3961495438082262,neutral,BEAR,
2024-06-07,6146,6136,2,1,2,0.2665738696344228,0.30410430637383673,neutral,BEAR,
2024-06-10,6147,6137,1,2,1,0.17052274466005263,0.3062134398447349,neutral,BEAR,
2024-06-11,6148,6138,1,1,2,0.9390736046579924,0.19062523930473793,neutral,BEAR,
2024-06-12,6149,6139,2,2,1,0.9795816624771626,0.18836876987259304,neutral,BEAR,
2024-06-13,6150,6140,2,2,1,0.9951684493950492,0.237873958331107,neutral,BEAR,
2024-06-14,6151,6141,1,1,2,0.9906196414766809,0.1875438211515982,neutral,BEAR,
2024-06-17,6152,6142,2,2,1,0.9904458988582615,0.18641826485683272,neutral,BEAR,
2024-06-18,6153,6143,2,2,1,0.9942583729906307,0.23439601933709797,neutral,BEAR,
2024-06-20,6154,6144,1,1,2,0.9921383054515229,0.1891124675709661,neutral,BEAR,
2024-06-21,6155,6145,2,2,1,0.9936566430091921,0.19749608209102612,neutral,BEAR,
2024-06-24,6156,6146,1,1,2,0.9850194676864028,0.21222252077693213,neutral,BEAR,
2024-06-25,6157,6147,1,1,2,0.9006367755600067,0.20129795043817145,neutral,BEAR,
2024-06-26,6158,6148,1,1,2,0.43722937742476825,0.1949585146473097,neutral,BEAR,
2024-06-27,6159,6149,2,1,2,1.0,0.3040906507340206,neutral,BEAR,
2024-06-28,6160,6150,1,2,1,1.0,0.30458466680877266,neutral,BEAR,
2024-07-01,6161,6151,0,2,0,1.0,0.3186933673719646,neutral,BEAR,
2024-07-02,6162,6152,1,2,1,0.7014552390488435,0.30501692276943027,neutral,BEAR,
2024-07-03,6163,6153,1,2,1,1.0,0.3339343457560314,neutral,BEAR,
2024-07-05,6164,6154,1,2,1,1.0,0.31540081296882544,neutral,BEAR,
2024-07-08,6165,6155,1,2,1,0.28758151252829556,0.32631348135360666,neutral,BEAR,
2024-07-09,6166,6156,0,0,2,0.942811236082673,0.18679883192913588,neutral,BEAR,
2024-07-10,6167,6157,2,2,1,0.9648248075303376,0.18679646581939482,neutral,BEAR,
2024-07-11,6168,6158,2,2,1,0.9961885191529755,0.2667825446842149,neutral,BEAR,
2024-07-12,6169,6159,2,2,1,0.995365735372075,0.2689604759508353,neutral,BEAR,
2024-07-15,6170,6160,2,2,1,0.9965417962659622,0.2146014347265841,neutral,BEAR,
2024-07-16,6171,6161,1,1,2,0.9908982495766376,0.18999202214547428,neutral,BEAR,
2024-07-17,6172,6162,2,2,1,0.9781508438346349,0.21057195185465205,neutral,BEAR,
2024-07-18,6173,6163,2,2,1,0.8441907054916534,0.39003803745277804,neutral,BEAR,
2024-07-19,6174,6164,2,2,1,0.7592487715770381,0.25225079680312784,neutral,BEAR,
2024-07-22,6175,6165,0,0,2,0.9649932429326532,0.2373638500953787,neutral,BEAR,
2024-07-23,6176,6166,2,2,1,0.9678774778631399,0.27530302152464114,neutral,BEAR,
2024-07-24,6177,6167,2,2,1,0.9750413128728208,0.19219202634221674,neutral,BEAR,
2024-07-25,6178,6168,1,1,2,0.9994236639406977,0.6291599839227581,bear,BEAR,
2024-07-26,6179,6169,2,2,1,0.9999770081693923,0.21992155574369165,neutral,BEAR,
2024-07-29,6180,6170,1,1,2,0.9999793572690268,0.29318817413420567,neutral,BEAR,
2024-07-30,6181,6171,2,2,1,0.9999492022548666,0.18716631818742077,neutral,BEAR,
2024-07-31,6182,6172,2,2,0,0.9991195024067021,0.21820452625561143,neutral,BEAR,
2024-08-01,6183,6173,2,2,1,0.9964461643435583,0.4254835580338976,neutral,BEAR,
2024-08-02,6184,6174,2,2,0,0.99447930287195,0.3949863507147423,neutral,BEAR,
2024-08-05,6185,6175,2,2,0,0.9995530142854986,0.5194284796320073,bear,BEAR,
2024-08-06,6186,6176,2,2,1,0.9999982415367427,0.7798062284341866,bear,BEAR,
2024-08-07,6187,6177,2,2,1,0.9999991154729525,0.2551374688451341,neutral,BEAR,
2024-08-08,6188,6178,1,1,2,0.9999998957839418,0.23833994861127072,neutral,BEAR,
2024-08-09,6189,6179,2,2,0,0.9999999102102121,0.6157788039220142,bear,BEAR,
2024-08-12,6190,6180,2,2,1,0.9999998094510781,0.19897971385484914,neutral,BEAR,
2024-08-13,6191,6181,2,2,1,0.9999995053262343,0.187720292825362,neutral,BEAR,
2024-08-14,6192,6182,1,1,2,0.9999995143387974,0.42996907480582397,neutral,BEAR,
2024-08-15,6193,6183,1,1,2,0.9999971168812188,0.1927068238084459,neutral,BEAR,
2024-08-16,6194,6184,2,2,1,0.9999997752901278,0.4502147861134327,neutral,BEAR,
2024-08-19,6195,6185,2,2,1,0.9999999842445693,0.18977763147280052,neutral,BEAR,
2024-08-20,6196,6186,2,2,1,0.9999999923676084,0.26166939522624644,neutral,BEAR,
2024-08-21,6197,6187,1,1,2,0.9999999907217895,0.19343925150661845,neutral,BEAR,
2024-08-22,6198,6188,1,1,2,0.9999998771190813,0.19425032416937357,neutral,BEAR,
2024-08-23,6199,6189,1,1,2,0.999999279897425,0.2561329456029252,neutral,BEAR,
2024-08-26,6200,6190,1,1,2,0.9999961353162196,0.2820487583070523,neutral,BEAR,
2024-08-27,6201,6191,1,1,2,0.9997263818535385,0.19744947492117557,neutral,BEAR,
2024-08-28,6202,6192,1,1,2,0.9951745228934914,0.18873536019265122,neutral,BEAR,
2024-08-29,6203,6193,2,1,2,0.8146435616184304,0.3316898040840871,neutral,BEAR,
2024-08-30,6204,6194,2,1,2,1.0,0.303371571165299,neutral,BEAR,
2024-09-03,6205,6195,2,1,2,1.0,0.3665686593576956,neutral,BEAR,
2024-09-04,6206,6196,2,1,2,0.5934809147724049,0.3667261196021262,neutral,BEAR,
2024-09-05,6207,6197,1,1,2,0.9082736620085754,0.19611758282924735,neutral,BEAR,
2024-09-06,6208,6198,2,2,0,0.9824307521813403,0.19787314776925485,neutral,BEAR,
2024-09-09,6209,6199,2,2,0,0.9998386343509148,0.46893043342282253,neutral,BEAR,
2024-09-10,6210,6200,2,2,0,0.9998816423212354,0.29451532717915635,neutral,BEAR,
2024-09-11,6211,6201,1,1,2,0.9998259501392074,0.199925979989917,neutral,BEAR,
2024-09-12,6212,6202,2,2,1,0.9994623720438768,0.2754646196603944,neutral,BEAR,
2024-09-13,6213,6203,2,2,1,0.9995408053893634,0.24369800084486987,neutral,BEAR,
2024-09-16,6214,6204,2,2,1,0.9997990137305398,0.20650202278426252,neutral,BEAR,
2024-09-17,6215,6205,2,2,1,0.999731001982782,0.1889377960379978,neutral,BEAR,
2024-09-18,6216,6206,2,2,1,0.9999294544702254,0.1892141519063608,neutral,BEAR,
2024-09-19,6217,6207,2,2,1,0.9999567427759875,0.20168257699894984,neutral,BEAR,
2024-09-20,6218,6208,2,2,1,0.9999943915106991,0.4492018040783381,neutral,BEAR,
2024-09-23,6219,6209,1,1,2,0.9999332949525364,0.2168724881092982,neutral,BEAR,
2024-09-24,6220,6210,1,1,2,0.9995816872428906,0.19177336222933924,neutral,BEAR,
2024-09-25,6221,6211,1,1,2,0.9949327058483556,0.19304544017294087,neutral,BEAR,
2024-09-26,6222,6212,2,2,0,0.9589458298317081,0.1974201170142618,neutral,BEAR,
2024-09-27,6223,6213,2,2,1,0.9243858746416704,0.1983445920294938,neutral,BEAR,
2024-09-30,6224,6214,2,2,1,0.8735450513533559,0.19406247919911607,neutral,BEAR,
2024-10-01,6225,6215,1,1,2,0.8373503496929601,0.19872942514768316,neutral,BEAR,
2024-10-02,6226,6216,2,2,0,0.44590958474351183,0.2762862368992221,neutral,BEAR,
2024-10-03,6227,6217,2,1,2,0.9170321485361118,0.30290992503865954,neutral,BEAR,
2024-10-04,6228,6218,2,1,2,1.0,0.30715415685243186,neutral,BEAR,
2024-10-07,6229,6219,2,1,2,1.0,0.35925207302345386,neutral,BEAR,
2024-10-08,6230,6220,1,2,1,1.0,0.36260881878900514,neutral,BEAR,
2024-10-09,6231,6221,1,2,1,1.0,0.36451368233222414,neutral,BEAR,
2024-10-10,6232,6222,1,2,1,0.8303825524544268,0.33588899828941154,neutral,BEAR,
2024-10-11,6233,6223,2,1,2,0.5221607991909416,0.30697976384863596,neutral,BEAR,
2024-10-14,6234,6224,2,2,0,0.8985657859026418,0.21397765383747613,neutral,BEAR,
2024-10-15,6235,6225,2,2,0,0.995347017521564,0.2409905957839434,neutral,BEAR,
2024-10-16,6236,6226,2,2,1,0.9953491689212027,0.2560291335481104,neutral,BEAR,
2024-10-17,6237,6227,2,2,1,0.9957158626149722,0.20100442919526906,neutral,BEAR,
2024-10-18,6238,6228,2,2,1,0.9872314231297794,0.1903517335186539,neutral,BEAR,
2024-10-21,6239,6229,2,2,1,0.9909271621589042,0.198152616247236,neutral,BEAR,
2024-10-22,6240,6230,2,2,1,0.774491736350148,0.19530285935720715,neutral,BEAR,
2024-10-23,6241,6231,1,2,1,0.8851654488852033,0.30375143500030716,neutral,BEAR,
2024-10-24,6242,6232,1,2,1,0.9521966554509717,0.36216077102515,neutral,BEAR,
2024-10-25,6243,6233,1,2,1,1.0,0.30510822949096794,neutral,BEAR,
2024-10-28,6244,6234,1,2,1,1.0,0.3036028134751686,neutral,BEAR,
2024-10-29,6245,6235,1,2,1,1.0,0.3083599161744882,neutral,BEAR,
2024-10-30,6246,6236,1,2,1,1.0,0.30407946920676265,neutral,BEAR,
2024-10-31,6247,6237,0,2,0,1.0,0.31265692736024303,neutral,BEAR,
2024-11-01,6248,6238,2,2,0,0.950256796924788,0.5460380590342553,bear,BEAR,
2024-11-04,6249,6239,1,1,2,0.9818563413361262,0.20052272488859424,neutral,BEAR,
2024-11-05,6250,6240,1,1,2,0.9911406832694026,0.19779342608385767,neutral,BEAR,
2024-11-06,6251,6241,2,2,1,0.9761301678682771,0.31640902191885933,neutral,BEAR,
2024-11-07,6252,6242,2,2,1,0.999457119533243,0.6611548413793749,bear,BEAR,
2024-11-08,6253,6243,1,1,2,0.9999866904562698,0.23522178535654298,neutral,BEAR,
2024-11-11,6254,6244,2,2,0,0.999999268271816,0.2013564613194244,neutral,BEAR,
2024-11-12,6255,6245,2,2,1,0.9999999058735691,0.19043614952374124,neutral,BEAR,
2024-11-13,6256,6246,2,2,1,0.999999966260855,0.20385072052939374,neutral,BEAR,
2024-11-14,6257,6247,2,2,1,0.9999999814761805,0.19050318439479635,neutral,BEAR,
2024-11-15,6258,6248,1,1,2,0.9999998533026522,0.23719167045585907,neutral,BEAR,
2024-11-18,6259,6249,1,1,2,0.9999980666841469,0.3605511131227018,neutral,BEAR,
2024-11-19,6260,6250,1,1,2,0.9996840269248397,0.20023946468731288,neutral,BEAR,
2024-11-20,6261,6251,1,1,2,0.9507933706773946,0.19784880371501873,neutral,BEAR,
2024-11-21,6262,6252,1,1,0,0.9546325800244014,0.19090697459766784,neutral,BEAR,
2024-11-22,6263,6253,1,1,0,0.9480963985507399,0.20967777087369774,neutral,BEAR,
2024-11-25,6264,6254,2,2,0,0.9083995912955829,0.19548433470957524,neutral,BEAR,
2024-11-26,6265,6255,1,1,2,0.8656246960013929,0.1968356739282819,neutral,BEAR,
2024-11-27,6266,6256,1,1,2,0.9606558531096893,0.2086646808633949,neutral,BEAR,
2024-11-29,6267,6257,1,1,2,0.9736400792308955,0.2039691488874582,neutral,BEAR,
2024-12-02,6268,6258,2,2,1,0.9952240145054603,0.2179888210813892,neutral,BEAR,
2024-12-03,6269,6259,2,2,0,0.9929731715953328,0.19240294148341083,neutral,BEAR,
2024-12-04,6270,6260,1,1,2,0.9864407110223279,0.19134531459767323,neutral,BEAR,
2024-12-05,6271,6261,1,1,2,0.9901772468706304,0.2181789062464378,neutral,BEAR,
2024-12-06,6272,6262,2,2,1,0.963245636174018,0.19664275710213563,neutral,BEAR,
2024-12-09,6273,6263,1,1,2,0.9174153986115197,0.19247364291811736,neutral,BEAR,
2024-12-10,6274,6264,2,2,0,0.5941619070158665,0.2229130919601289,neutral,BEAR,
2024-12-11,6275,6265,1,2,1,0.9293231103231363,0.3126255017752745,neutral,BEAR,
2024-12-12,6276,6266,1,2,1,0.9543832522752103,0.34357858315846673,neutral,BEAR,
2024-12-13,6277,6267,2,1,2,1.0,0.32602375600256095,neutral,BEAR,
2024-12-16,6278,6268,0,1,0,1.0,0.30323644391658655,neutral,BEAR,
2024-12-17,6279,6269,2,1,2,0.9992767643716225,0.31404229802423617,neutral,BEAR,
2024-12-18,6280,6270,2,1,2,0.9743663838013636,0.3187971497954795,neutral,BEAR,
2024-12-19,6281,6271,1,1,2,0.9987838043784563,0.7904647368350953,bear,BEAR,
2024-12-20,6282,6272,1,1,2,0.9999655093604412,0.1924454483797416,neutral,BEAR,
2024-12-23,6283,6273,1,1,2,0.9999783595501442,0.2495723540949014,neutral,BEAR,
2024-12-24,6284,6274,1,1,2,0.9999764674354243,0.21617303860706255,neutral,BEAR,
2024-12-26,6285,6275,2,2,1,0.9999731279044497,0.2951578188292387,neutral,BEAR,
2024-12-27,6286,6276,2,2,1,0.9999378871555125,0.19244992255405183,neutral,BEAR,
2024-12-30,6287,6277,1,1,2,0.9998940277512078,0.30888234053459357,neutral,BEAR,
2024-12-31,6288,6278,1,1,2,0.9998985587150624,0.32834603518357297,neutral,BEAR,
2025-01-02,6289,6279,1,1,2,0.9996834809177205,0.2092055575067274,neutral,BEAR,
2025-01-03,6290,6280,1,1,2,0.9988790132800169,0.2012347933817082,neutral,BEAR,
2025-01-06,6291,6281,1,1,0,0.9980837496994932,0.32810487229487584,neutral,BEAR,
2025-01-07,6292,6282,1,1,0,0.9963977497179736,0.21442363726034788,neutral,BEAR,
2025-01-08,6293,6283,2,2,1,0.997309768157432,0.32617964000568306,neutral,BEAR,
2025-01-10,6294,6284,2,2,1,0.9976225055247254,0.1927134906221326,neutral,BEAR,
2025-01-13,6295,6285,2,2,1,0.9979908741696112,0.42588387146234347,neutral,BEAR,
2025-01-14,6296,6286,2,2,1,0.9872379934063994,0.19295167635473312,neutral,BEAR,
2025-01-15,6297,6287,2,2,0,0.974327403590528,0.19282112547402122,neutral,BEAR,
2025-01-16,6298,6288,2,2,1,0.988019731444534,0.4837341703844909,neutral,BEAR,
2025-01-17,6299,6289,2,2,1,0.9913418467085893,0.19919075720130755,neutral,BEAR,
2025-01-21,6300,6290,2,2,0,0.9978210142107055,0.2754450688277244,neutral,BEAR,
2025-01-22,6301,6291,1,1,2,0.9998628707817409,0.259629188081864,neutral,BEAR,
2025-01-23,6302,6292,1,1,2,0.9999904599858481,0.2139916825137932,neutral,BEAR,
2025-01-24,6303,6293,2,2,0,0.9999993053273487,0.2126081768266751,neutral,BEAR,
2025-01-27,6304,6294,2,2,1,0.9999997964122292,0.20511882941498932,neutral,BEAR,
2025-01-28,6305,6295,1,1,2,0.9999986565111848,0.39622974540627487,neutral,BEAR,
2025-01-29,6306,6296,1,1,0,0.9999847576971151,0.25075965319966426,neutral,BEAR,
2025-01-30,6307,6297,1,1,2,0.9984429808026646,0.21819015480511145,neutral,BEAR,
2025-01-31,6308,6298,1,1,2,0.9926290605691944,0.212077604263385,neutral,BEAR,
2025-02-03,6309,6299,1,1,2,0.7424507056407462,0.22651812306249475,neutral,BEAR,
2025-02-04,6310,6300,2,2,0,0.7235105315647811,0.2440554820181159,neutral,BEAR,
2025-02-05,6311,6301,1,1,2,0.7539137804775562,0.2258109882780021,neutral,BEAR,
2025-02-06,6312,6302,1,1,2,0.6833676917143829,0.20286557401458769,neutral,BEAR,
2025-02-07,6313,6303,2,1,2,0.7864157388344639,0.3092971786170136,neutral,BEAR,
2025-02-10,6314,6304,2,0,2,0.9981776568669323,0.36074295171879445,neutral,BEAR,
2025-02-11,6315,6305,2,1,2,0.999999998355159,0.3334216698202722,neutral,BEAR,
2025-02-12,6316,6306,2,1,2,0.9997733942842317,0.30253184912030834,neutral,BEAR,
2025-02-13,6317,6307,2,1,2,0.9999787698026562,0.31298318769028133,neutral,BEAR,
2025-02-14,6318,6308,2,1,2,0.6325196927932243,0.37651163838582863,neutral,BEAR,
2025-02-18,6319,6309,2,1,2,0.2831057712799099,0.30267172672774945,neutral,BEAR,
2025-02-19,6320,6310,2,1,2,0.4101673337522265,0.3071214505580848,neutral,BEAR,
2025-02-20,6321,6311,1,2,1,0.20177102972552408,0.30521222987692437,neutral,BEAR,
2025-02-21,6322,6312,2,1,2,0.19561538116267674,0.3187583558664536,neutral,BEAR,
2025-02-24,6323,6313,1,1,2,0.9575354826429914,0.47752291464469454,neutral,BEAR,
2025-02-25,6324,6314,1,1,2,0.9889701601234955,0.2185603913178778,neutral,BEAR,
2025-02-26,6325,6315,2,2,0,0.9991887570006015,0.22287048775156032,neutral,BEAR,
2025-02-27,6326,6316,2,2,0,0.9998370380826103,0.19320769568309654,neutral,BEAR,
2025-02-28,6327,6317,1,1,2,0.9999962863219212,0.44627310062440834,neutral,BEAR,
2025-03-03,6328,6318,1,1,2,0.9999960586540239,0.41045919552327864,neutral,BEAR,
2025-03-04,6329,6319,2,2,0,0.9999989619177763,0.4894179606304369,neutral,BEAR,
2025-03-05,6330,6320,1,1,2,0.9999997230556381,0.34014454357636603,neutral,BEAR,
2025-03-06,6331,6321,2,2,0,0.9999975103855427,0.2895138261932768,neutral,BEAR,
2025-03-07,6332,6322,1,1,2,0.9999927560110634,0.4960547603167208,neutral,BEAR,
2025-03-10,6333,6323,2,2,1,0.9999883388059242,0.2140923366820591,neutral,BEAR,
2025-03-11,6334,6324,2,2,1,0.9999995542307596,0.72358258414111,bear,BEAR,
2025-03-12,6335,6325,2,2,1,0.9999999679343514,0.2690362584562674,neutral,BEAR,
2025-03-13,6336,6326,2,2,1,0.9999999637574594,0.2114354473021074,neutral,BEAR,
2025-03-14,6337,6327,2,2,0,0.9999999940060329,0.3771702492245781,neutral,BEAR,
2025-03-17,6338,6328,2,2,1,0.999999845701003,0.5508214291819916,bear,BEAR,
2025-03-18,6339,6329,2,2,1,0.999998818078101,0.23778096986880617,neutral,BEAR,
2025-03-19,6340,6330,2,2,1,0.9999971452637871,0.3175729926276933,neutral,BEAR,
2025-03-20,6341,6331,1,1,2,0.9998717128944128,0.29259603907026394,neutral,BEAR,
2025-03-21,6342,6332,1,1,2,0.9995362171792577,0.20586792101414764,neutral,BEAR,
2025-03-24,6343,6333,2,2,1,0.9832025462064051,0.20451925127263923,neutral,BEAR,
2025-03-25,6344,6334,2,2,1,0.998990089140827,0.47519013828832046,neutral,BEAR,
2025-03-26,6345,6335,2,2,1,0.9996925923014959,0.1958645988437728,neutral,BEAR,
2025-03-27,6346,6336,1,1,2,0.9995224957184123,0.3432462427239679,neutral,BEAR,
2025-03-28,6347,6337,2,2,0,0.9536368318628986,0.20460540386987594,neutral,BEAR,
2025-03-31,6348,6338,0,0,2,0.9963954007847057,0.5618622215541711,bear,BEAR,
2025-04-01,6349,6339,2,2,1,0.9984230137580976,0.22577133350763146,neutral,BEAR,
2025-04-02,6350,6340,1,1,2,0.9984371235129063,0.19738582851440903,neutral,BEAR,
2025-04-03,6351,6341,1,1,2,0.9984125328864994,0.22172240796776493,neutral,BEAR,
2025-04-04,6352,6342,1,1,2,0.9999995963478046,0.9840995882161243,bear,BEAR,
2025-04-07,6353,6343,2,2,1,0.9999999999978763,0.997497107164081,bear,BEAR,
2025-04-08,6354,6344,2,2,1,0.9999999999999449,0.19895939966718784,neutral,BEAR,
2025-04-09,6355,6345,1,1,2,0.9999999999999889,0.440827848598282,neutral,BEAR,
2025-04-10,6356,6346,1,1,2,0.9999999999998835,0.9999999995461212,bear,BEAR,
2025-04-11,6357,6347,2,2,1,0.9999999999889666,0.963739712260261,bear,BEAR,
2025-04-14,6358,6348,1,1,2,0.9999999999712061,0.4621961714098132,neutral,BEAR,
2025-04-15,6359,6349,1,1,2,0.999999999909981,0.260948041380965,neutral,BEAR,
2025-04-16,6360,6350,1,1,2,0.9999999995709503,0.1994520569397327,neutral,BEAR,
2025-04-17,6361,6351,1,1,2,0.9999999890280518,0.6202277288011372,bear,BEAR,
2025-04-21,6362,6352,1,1,2,0.9999999844315595,0.18763100338582564,neutral,BEAR,
2025-04-22,6363,6353,1,1,2,0.99999996636661,0.6613248834715951,bear,BEAR,
2025-04-23,6364,6354,1,1,2,0.9999998259531355,0.6767913326984358,bear,BEAR,
2025-04-24,6365,6355,2,2,1,0.9999627453606847,0.3963695333668146,neutral,BEAR,
2025-04-25,6366,6356,1,1,2,0.9999398528628564,0.5508109387942292,bear,BEAR,
2025-04-28,6367,6357,2,0,1,1.0,0.2650122093890582,neutral,BEAR,
2025-04-29,6368,6358,1,1,2,0.9999979240446223,0.18778436537358997,neutral,BEAR,
2025-04-30,6369,6359,1,1,2,0.99999953941074,0.21409336436216747,neutral,BEAR,
2025-05-01,6370,6360,1,1,2,0.9999998533649689,0.18790410886458458,neutral,BEAR,
2025-05-02,6371,6361,1,1,2,0.9999999073594702,0.22292496509694432,neutral,BEAR,
2025-05-05,6372,6362,1,1,2,0.9999999570624812,0.3796490192275246,neutral,BEAR,
2025-05-06,6373,6363,1,1,0,0.999997832920951,0.22680030595210468,neutral,BEAR,
2025-05-07,6374,6364,1,1,2,0.9998980951559958,0.26525746470926015,neutral,BEAR,
2025-05-08,6375,6365,1,1,2,0.9949949756151837,0.1976414917000655,neutral,BEAR,
2025-05-09,6376,6366,1,1,2,0.9874166717500816,0.22184530317066112,neutral,BEAR,
2025-05-12,6377,6367,1,1,2,0.9725933947301038,0.1922227386690094,neutral,BEAR,
2025-05-13,6378,6368,1,1,2,0.999733138954229,0.8327099196329204,bear,BEAR,
2025-05-14,6379,6369,1,1,2,0.9999868452746399,0.21787450673770878,neutral,BEAR,
2025-05-15,6380,6370,1,1,2,0.9999962359496307,0.1882503063033016,neutral,BEAR,
2025-05-16,6381,6371,1,1,2,0.9999987512000263,0.20244558391956632,neutral,BEAR,
2025-05-19,6382,6372,1,1,2,0.9999997309544876,0.21530582416883046,neutral,BEAR,
2025-05-20,6383,6373,1,1,2,0.9999998456105385,0.18836261840024077,neutral,BEAR,
2025-05-21,6384,6374,2,2,1,0.9999994560050913,0.20420584681006887,neutral,BEAR,
2025-05-22,6385,6375,2,2,1,0.9999936109153794,0.47009270272157805,neutral,BEAR,
2025-05-23,6386,6376,2,2,1,0.9998953082779994,0.18870416709143764,neutral,BEAR,
2025-05-27,6387,6377,2,2,1,0.9792379437846814,0.2417324426465309,neutral,BEAR,
2025-05-28,6388,6378,1,1,2,0.9734426338350628,0.5450954360673365,bear,BEAR,
2025-05-29,6389,6379,2,2,1,0.9724976969299695,0.22810278117506183,neutral,BEAR,
2025-05-30,6390,6380,2,2,1,0.9732824819150303,0.19692826140462188,neutral,BEAR,
2025-06-02,6391,6381,2,2,1,0.9718091372479901,0.1922727218622448,neutral,BEAR,
2025-06-03,6392,6382,2,2,0,0.9626140282447331,0.20906425283250996,neutral,BEAR,
2025-06-04,6393,6383,2,2,1,0.9731453924475221,0.2097997782122673,neutral,BEAR,
2025-06-05,6394,6384,2,2,1,0.9857227845975489,0.1901239728644325,neutral,BEAR,
2025-06-06,6395,6385,1,1,2,0.9766524781473236,0.21787005158524547,neutral,BEAR,
2025-06-09,6396,6386,2,2,1,0.9823371012675207,0.2736142253856625,neutral,BEAR,
2025-06-10,6397,6387,1,1,2,0.7461987352824943,0.18913290631976445,neutral,BEAR,
2025-06-11,6398,6388,2,2,1,0.9506825742234626,0.20985007878019055,neutral,BEAR,
2025-06-12,6399,6389,2,2,1,0.9206520205180101,0.20149526855450492,neutral,BEAR,
2025-06-13,6400,6390,2,2,1,0.9282358080729975,0.19776087172611742,neutral,BEAR,
2025-06-16,6401,6391,1,1,2,0.631891628356813,0.32273699346665674,neutral,BEAR,
2025-06-17,6402,6392,2,2,1,0.4319124006474683,0.2602674049945823,neutral,BEAR,
2025-06-18,6403,6393,2,1,2,0.654700635795849,0.35401137967038493,neutral,BEAR,
2025-06-20,6404,6394,1,2,1,0.7530320207003073,0.30209810625484024,neutral,BEAR,
2025-06-23,6405,6395,2,1,2,0.9033227251260572,0.32602506678100374,neutral,BEAR,
2025-06-24,6406,6396,1,2,1,0.9032839541828029,0.37118923808412385,neutral,BEAR,
2025-06-25,6407,6397,2,1,2,0.40756415332714013,0.3863888259396172,neutral,BEAR,
2025-06-26,6408,6398,2,1,2,0.1723731919614222,0.30223214398268144,neutral,BEAR,
2025-06-27,6409,6399,1,1,2,0.9826128989781534,0.23406881592446116,neutral,BEAR,
2025-06-30,6410,6400,2,2,1,0.9981992429227847,0.20435989045295172,neutral,BEAR,
2025-07-01,6411,6401,2,2,1,0.9996297834294673,0.20307162813961557,neutral,BEAR,
2025-07-02,6412,6402,2,2,0,0.9998856569503374,0.19114073607008453,neutral,BEAR,
2025-07-03,6413,6403,1,1,2,0.9999315743006869,0.20151553943987174,neutral,BEAR,
2025-07-07,6414,6404,1,1,2,0.9999583125271886,0.235242220575247,neutral,BEAR,
2025-07-08,6415,6405,1,1,2,0.9994651948243983,0.25233737642126614,neutral,BEAR,
2025-07-09,6416,6406,1,1,2,0.9931003422592735,0.19184152495777101,neutral,BEAR,
2025-07-10,6417,6407,1,1,2,0.9814466457462278,0.2135849359857466,neutral,BEAR,
2025-07-11,6418,6408,2,2,0,0.8764617574234356,0.19331810736825386,neutral,BEAR,
2025-07-14,6419,6409,2,2,0,0.4443352643301628,0.20728590545974165,neutral,BEAR,
2025-07-15,6420,6410,2,1,2,0.9259990778899322,0.3032834611347403,neutral,BEAR,
2025-07-16,6421,6411,0,1,0,0.9992077997306186,0.3182125188189332,neutral,BEAR,
2025-07-17,6422,6412,2,1,2,1.0,0.308522147584547,neutral,BEAR,
2025-07-18,6423,6413,2,1,2,1.0,0.3281341175836795,neutral,BEAR,
2025-07-21,6424,6414,2,1,2,0.9999387812903674,0.3031868409239811,neutral,BEAR,
2025-07-22,6425,6415,2,1,2,0.9991406229723215,0.30364768905635486,neutral,BEAR,
2025-07-23,6426,6416,2,1,2,1.0,0.3020254054100919,neutral,BEAR,
2025-07-24,6427,6417,2,1,2,0.6603305026687791,0.3533253700573759,neutral,BEAR,
2025-07-25,6428,6418,2,1,2,0.21637177017466822,0.30241790660468465,neutral,BEAR,
2025-07-28,6429,6419,1,1,2,0.937982844780081,0.19994329152905727,neutral,BEAR,
2025-07-29,6430,6420,1,1,2,0.9666128821088718,0.19142885903010448,neutral,BEAR,
2025-07-30,6431,6421,1,1,0,0.8876891697822027,0.2012926909694128,neutral,BEAR,
2025-07-31,6432,6422,2,2,0,0.581141512584656,0.19449053531899185,neutral,BEAR,
2025-08-01,6433,6423,2,1,2,0.6637603119452957,0.3149326857229248,neutral,BEAR,
2025-08-04,6434,6424,1,1,0,0.9228688603981398,0.45742391379119113,neutral,BEAR,
2025-08-05,6435,6425,1,1,2,0.8988237246174126,0.3918171669698222,neutral,BEAR,
2025-08-06,6436,6426,1,1,2,0.9144821314123188,0.2220781009933079,neutral,BEAR,
2025-08-07,6437,6427,1,1,2,0.9085605814046736,0.23287303026922027,neutral,BEAR,
2025-08-08,6438,6428,1,1,2,0.8989097652837652,0.19336324113537848,neutral,BEAR,
2025-08-11,6439,6429,1,1,2,0.9006170233600197,0.23485203733254098,neutral,BEAR,
2025-08-12,6440,6430,1,1,2,0.8787300288164416,0.19812191927245534,neutral,BEAR,
2025-08-13,6441,6431,1,1,2,0.9827705948697661,0.28244951589853007,neutral,BEAR,
2025-08-14,6442,6432,0,0,2,0.9976109083689283,0.1964915404162236,neutral,BEAR,
2025-08-15,6443,6433,1,1,2,0.999295512120813,0.19161462671826565,neutral,BEAR,
2025-08-18,6444,6434,1,1,2,0.9948774331782109,0.20031741049961804,neutral,BEAR,
2025-08-19,6445,6435,1,1,2,0.9934296645413073,0.19228025876439436,neutral,BEAR,
2025-08-20,6446,6436,1,1,2,0.940604367349628,0.22662639971849832,neutral,BEAR,
2025-08-21,6447,6437,1,1,2,0.8232489319121018,0.202410518687922,neutral,BEAR,
2025-08-22,6448,6438,1,1,2,0.5120045816509273,0.21260228620675525,neutral,BEAR,
2025-08-25,6449,6439,2,1,2,0.44702212998586244,0.42950645388971737,neutral,BEAR,
2025-08-26,6450,6440,0,2,0,0.827893447142607,0.3186756504470736,neutral,BEAR,
2025-08-27,6451,6441,2,1,2,0.7286165398118665,0.3129405513972347,neutral,BEAR,
2025-08-28,6452,6442,2,1,2,0.5882621773322039,0.30437637139028795,neutral,BEAR,
2025-08-29,6453,6443,2,1,2,0.27321214627666396,0.30935802622581376,neutral,BEAR,
2025-09-02,6454,6444,2,1,2,0.247807202685296,0.3304421711834267,neutral,BEAR,
2025-09-03,6455,6445,2,1,2,0.21433241538546824,0.34328691491535723,neutral,BEAR,
2025-09-04,6456,6446,2,1,2,0.26721932348591154,0.32170213985183993,neutral,BEAR,
2025-09-05,6457,6447,2,1,2,0.2766668101180771,0.35121675887296333,neutral,BEAR,
2025-09-08,6458,6448,2,1,2,0.9937643566119008,0.3104531598108227,neutral,BEAR,
2025-09-09,6459,6449,2,1,2,0.955046897867025,0.30494863326057114,neutral,BEAR,
2025-09-10,6460,6450,2,1,2,0.9271901494459612,0.30518462282808995,neutral,BEAR,
2025-09-11,6461,6451,2,1,2,0.6597173589099816,0.30700871142347724,neutral,BEAR,
2025-09-12,6462,6452,1,1,0,0.9228036376852677,0.24232059874018108,neutral,BEAR,
2025-09-15,6463,6453,1,1,2,0.9816617451750668,0.19231012667602754,neutral,BEAR,
2025-09-16,6464,6454,1,1,2,0.9957539633967146,0.20859683001259613,neutral,BEAR,
2025-09-17,6465,6455,1,1,2,0.9891445690233379,0.1956426405308221,neutral,BEAR,
2025-09-18,6466,6456,1,1,2,0.9676771018890774,0.19519294053779718,neutral,BEAR,
2025-09-19,6467,6457,1,1,2,0.9774897738699424,0.2038928540188237,neutral,BEAR,
2025-09-22,6468,6458,1,1,2,0.9598027392682185,0.19268206822573145,neutral,BEAR,
2025-09-23,6469,6459,1,1,2,0.9489798838741333,0.2044420876378977,neutral,BEAR,
2025-09-24,6470,6460,1,1,0,0.7271733638022766,0.22701670042803335,neutral,BEAR,
2025-09-25,6471,6461,2,1,2,0.9725226864724837,0.31190118544696194,neutral,BEAR,
2025-09-26,6472,6462,2,1,2,0.9835456089831416,0.3205112095100598,neutral,BEAR,
2025-09-29,6473,6463,2,1,2,1.0,0.3244954864468971,neutral,BEAR,
2025-09-30,6474,6464,1,2,1,0.9999992785289923,0.3066910395029979,neutral,BEAR,
2025-10-01,6475,6465,2,1,2,0.9940535661125484,0.31085942577441483,neutral,BEAR,
2025-10-02,6476,6466,0,2,0,0.9329104042977991,0.30943449988622795,neutral,BEAR,
2025-10-03,6477,6467,2,1,2,0.6639642048308811,0.3026283280185204,neutral,BEAR,
2025-10-06,6478,6468,1,2,1,0.4265630516711584,0.3024144421340236,neutral,BEAR,
2025-10-07,6479,6469,2,1,2,0.1709316392229837,0.3103839044186365,neutral,BEAR,
2025-10-08,6480,6470,2,2,1,0.8560721337042245,0.20953026425631105,neutral,BEAR,
2025-10-09,6481,6471,1,1,0,0.9016468018379935,0.21473419995374082,neutral,BEAR,
2025-10-10,6482,6472,2,2,0,0.3797506894334689,0.2038464258928084,neutral,BEAR,
2025-10-13,6483,6473,1,1,2,0.9863127003450535,0.7329339022247536,bear,BEAR,
2025-10-14,6484,6474,1,1,2,0.987421449984202,0.3971211951728095,neutral,BEAR,
2025-10-15,6485,6475,1,1,2,0.9913603768541823,0.19548207639050436,neutral,BEAR,
2025-10-16,6486,6476,1,1,2,0.9914013062366471,0.2027410185015487,neutral,BEAR,
2025-10-17,6487,6477,2,2,1,0.9938685609020438,0.2447250748713733,neutral,BEAR,
2025-10-20,6488,6478,1,1,2,0.9927388635467475,0.21234442736895517,neutral,BEAR,
2025-10-21,6489,6479,1,1,2,0.9923185045154933,0.2789091673806848,neutral,BEAR,
2025-10-22,6490,6480,1,1,2,0.9943348316861159,0.1925767230315229,neutral,BEAR,
2025-10-23,6491,6481,2,2,1,0.9868666000060254,0.22475732933119474,neutral,BEAR,
2025-10-24,6492,6482,2,2,1,0.9884108287822269,0.2149358946294495,neutral,BEAR,
2025-10-27,6493,6483,1,1,2,0.969967381232017,0.24161642616081863,neutral,BEAR,
2025-10-28,6494,6484,2,2,1,0.9990557309459009,0.3084487485947228,neutral,BEAR,
2025-10-29,6495,6485,2,2,1,0.9998388376644297,0.1948657555833224,neutral,BEAR,
2025-10-30,6496,6486,1,1,2,0.999944788940151,0.19240341276514641,neutral,BEAR,
2025-10-31,6497,6487,1,1,2,0.9997148937515856,0.3211054545342542,neutral,BEAR,
2025-11-03,6498,6488,2,2,1,0.9987926255296367,0.19728792337118026,neutral,BEAR,
2025-11-04,6499,6489,1,1,2,0.9982197324128911,0.19319181514116027,neutral,BEAR,
2025-11-05,6500,6490,1,1,2,0.9966893153058618,0.3407252122020406,neutral,BEAR,
2025-11-06,6501,6491,1,1,2,0.9669141321771045,0.19827066294620777,neutral,BEAR,
2025-11-07,6502,6492,1,1,2,0.9800236099606878,0.31560358541459343,neutral,BEAR,
2025-11-10,6503,6493,1,1,2,0.9940795371911266,0.19258859162488545,neutral,BEAR,
2025-11-11,6504,6494,1,1,2,0.9910744274930813,0.4053353431267025,neutral,BEAR,
2025-11-12,6505,6495,1,1,2,0.9809784769318936,0.19435466222446665,neutral,BEAR,
2025-11-13,6506,6496,1,1,2,0.9501111627208016,0.19290533223625614,neutral,BEAR,
2025-11-14,6507,6497,1,1,0,0.9755274245577884,0.4642369530227086,neutral,BEAR,
2025-11-17,6508,6498,1,1,2,0.9790788504178071,0.1938849099576882,neutral,BEAR,
2025-11-18,6509,6499,1,1,0,0.991428720868776,0.28727729614403946,neutral,BEAR,
2025-11-19,6510,6500,2,2,1,0.9993370609961727,0.2708648557193048,neutral,BEAR,
2025-11-20,6511,6501,1,1,2,0.9997096600911122,0.2007981708638142,neutral,BEAR,
2025-11-21,6512,6502,1,1,2,0.9999804046124953,0.4278335914608876,neutral,BEAR,
2025-11-24,6513,6503,2,2,0,0.9999904396459052,0.2719188081913179,neutral,BEAR,
2025-11-25,6514,6504,1,1,0,0.999972304308851,0.38140909258147115,neutral,BEAR,
2025-11-26,6515,6505,1,1,2,0.9998917418397428,0.2620853408924166,neutral,BEAR,
2025-11-28,6516,6506,1,1,2,0.9997237767926913,0.2264230529739601,neutral,BEAR,
2025-12-01,6517,6507,1,1,2,0.9999593604318846,0.21207756480672907,neutral,BEAR,
2025-12-02,6518,6508,2,2,0,0.999983183244019,0.21970280767389005,neutral,BEAR,
2025-12-03,6519,6509,2,2,0,0.999992395256401,0.19422421226448267,neutral,BEAR,
2025-12-04,6520,6510,1,1,2,0.9999933934088692,0.19929432611811346,neutral,BEAR,
2025-12-05,6521,6511,1,1,2,0.9999929904117746,0.19360877051020864,neutral,BEAR,
2025-12-08,6522,6512,1,1,2,0.9997781009429452,0.1951222468017739,neutral,BEAR,
2025-12-09,6523,6513,1,1,2,0.9652487272979428,0.2092176269007636,neutral,BEAR,
2025-12-10,6524,6514,2,1,2,0.9014031342485662,0.30264842305078427,neutral,BEAR,
2025-12-11,6525,6515,2,1,2,1.0,0.3317972832566145,neutral,BEAR,
2025-12-12,6526,6516,2,1,2,0.999365592360431,0.30437728002774683,neutral,BEAR,
2025-12-15,6527,6517,2,1,2,0.9940551155751037,0.37256713275351555,neutral,BEAR,
2025-12-16,6528,6518,2,1,2,0.9982275236320867,0.30450933994937707,neutral,BEAR,
2025-12-17,6529,6519,0,2,0,0.9110098906768629,0.3090060768034613,neutral,BEAR,
2025-12-18,6530,6520,1,1,2,0.9515814491622517,0.32269029533421606,neutral,BEAR,
2025-12-19,6531,6521,1,1,0,0.9723165820166287,0.23495773516687016,neutral,BEAR,
2025-12-22,6532,6522,1,1,0,0.9613101331904647,0.21846263555468234,neutral,BEAR,
2025-12-23,6533,6523,2,2,0,0.9661176880432519,0.21992053488394167,neutral,BEAR,
2025-12-24,6534,6524,1,1,2,0.9828610394241376,0.20609657679034088,neutral,BEAR,
2025-12-26,6535,6525,1,1,2,0.9909247867134844,0.20016988963284232,neutral,BEAR,
2025-12-29,6536,6526,1,1,2,0.9930627304010347,0.19514462017351059,neutral,BEAR,
2025-12-30,6537,6527,2,2,0,0.9952817051489615,0.2118033526956631,neutral,BEAR,
2025-12-31,6538,6528,1,1,2,0.9957695379940453,0.19833550504883768,neutral,BEAR,
2026-01-02,6539,6529,2,2,0,0.9943579114806997,0.25618085506103744,neutral,BEAR,
2026-01-05,6540,6530,1,1,0,0.8766983483279774,0.19524512950878906,neutral,BEAR,
2026-01-06,6541,6531,1,1,0,0.2739981073327272,0.22502142236606626,neutral,BEAR,
2026-01-07,6542,6532,2,1,2,0.8608705560116788,0.3253458324624042,neutral,BEAR,
2026-01-08,6543,6533,0,2,0,0.890115922218527,0.3112529075177742,neutral,BEAR,
2026-01-09,6544,6534,0,2,0,0.8646989002498436,0.3015730039894475,neutral,BEAR,
2026-01-12,6545,6535,0,2,0,0.5182165096279976,0.3300886592845296,neutral,BEAR,
2026-01-13,6546,6536,2,1,2,0.2028021325417208,0.3023977253258475,neutral,BEAR,
2026-01-14,6547,6537,1,1,2,0.8749798050300093,0.2015483924025441,neutral,BEAR,
2026-01-15,6548,6538,1,1,2,0.8580920921722978,0.22383716468998158,neutral,BEAR,
2026-01-16,6549,6539,2,1,2,0.6294125279097468,0.305277205139354,neutral,BEAR,
2026-01-20,6550,6540,2,1,2,1.0,0.30372084788775794,neutral,BEAR,
2026-01-21,6551,6541,1,1,2,0.9417953240752776,0.5677348049222796,bear,BEAR,
2026-01-22,6552,6542,1,1,2,0.962043623924836,0.3061308874171277,neutral,BEAR,
2026-01-23,6553,6543,1,1,2,0.962611355214988,0.21179590982211083,neutral,BEAR,
2026-01-26,6554,6544,1,1,2,0.9628271331765904,0.19494366211157863,neutral,BEAR,
2026-01-27,6555,6545,1,1,2,0.9549635339725094,0.21077764342248334,neutral,BEAR,
2026-01-28,6556,6546,1,1,2,0.9581878235765634,0.20349528194919558,neutral,BEAR,
2026-01-29,6557,6547,1,1,0,0.9692165677628451,0.19573361678536785,neutral,BEAR,
2026-01-30,6558,6548,1,1,2,0.9769315291008821,0.20208507245467125,neutral,BEAR,
2026-02-02,6559,6549,1,1,2,0.9765200220279462,0.20801107371468133,neutral,BEAR,
2026-02-03,6560,6550,1,1,2,0.9844238477871309,0.21027509215116982,neutral,BEAR,
2026-02-04,6561,6551,1,1,2,0.31087210226449724,0.2731341324102043,neutral,BEAR,
2026-02-05,6562,6552,2,1,2,0.7905408174068855,0.32238978992981887,neutral,BEAR,
2026-02-06,6563,6553,2,2,0,0.9813408940358206,0.35708205953893213,neutral,BEAR,
2026-02-09,6564,6554,1,1,2,0.9805007473326683,0.5066474680443058,bear,BEAR,
2026-02-10,6565,6555,1,1,2,0.9825120288626773,0.2094477620684839,neutral,BEAR,
2026-02-11,6566,6556,1,1,2,0.9750426758244048,0.2061261782501299,neutral,BEAR,
2026-02-12,6567,6557,1,1,2,0.9621194157058391,0.19652755910506434,neutral,BEAR,
2026-02-13,6568,6558,1,1,2,0.985588180572456,0.43341791000687446,neutral,BEAR,
2026-02-17,6569,6559,1,1,2,0.991671082774439,0.19557555081370218,neutral,BEAR,
2026-02-18,6570,6560,1,1,2,0.9831239548997767,0.19609478514833167,neutral,BEAR,
2026-02-19,6571,6561,1,1,2,0.9806081621731834,0.21145496610804382,neutral,BEAR,
2026-02-20,6572,6562,1,1,0,0.9817984062600077,0.20656522166325553,neutral,BEAR,
2026-02-23,6573,6563,2,2,1,0.9130716241682567,0.23352953979330487,neutral,BEAR,
2026-02-24,6574,6564,2,2,1,0.9287928455732991,0.3067573062552716,neutral,BEAR,
2026-02-25,6575,6565,2,2,1,0.7372133761838742,0.23407496301963682,neutral,BEAR,
2026-02-26,6576,6566,1,1,2,0.8092670303238416,0.2502084628235795,neutral,BEAR,
2026-02-27,6577,6567,1,1,2,0.6622526706573738,0.23276953697951275,neutral,BEAR,
2026-03-02,6578,6568,2,2,1,0.44281843763904066,0.2243778916855476,neutral,BEAR,
2026-03-03,6579,6569,1,2,1,0.8031168412400319,0.30146979653280664,neutral,BEAR,
2026-03-04,6580,6570,1,2,1,0.5339035553596644,0.3559515481770301,neutral,BEAR,
2026-03-05,6581,6571,2,1,2,0.5182599072407504,0.3350034937339863,neutral,BEAR,
2026-03-06,6582,6572,2,1,2,0.3246390952557998,0.3282463199791234,neutral,BEAR,
2026-03-09,6583,6573,1,1,2,0.9839669380272861,0.3715313438728862,neutral,BEAR,
2026-03-10,6584,6574,1,1,2,0.9902945198514684,0.2545914280652926,neutral,BEAR,
2026-03-11,6585,6575,2,2,0,0.9932141037769121,0.20095486263143467,neutral,BEAR,
2026-03-12,6586,6576,1,1,2,0.971626716227464,0.1996261360415549,neutral,BEAR,
2026-03-13,6587,6577,1,1,2,0.9951322229846562,0.42566747580897973,neutral,BEAR,
2026-03-16,6588,6578,2,2,1,0.9993429439578019,0.23316537351579758,neutral,BEAR,
2026-03-17,6589,6579,1,1,2,0.9986186707563551,0.27925222121102167,neutral,BEAR,
2026-03-18,6590,6580,1,1,2,0.9982005020781153,0.19870059609697305,neutral,BEAR,
2026-03-19,6591,6581,1,1,2,0.9974836669838736,0.3933864253328487,neutral,BEAR,
2026-03-20,6592,6582,2,2,0,0.9973131706523226,0.20563739130273484,neutral,BEAR,
