decision_date,last_bar_used,n_bars,n_obs,today_regime,bear_state,bull_state,vol_ratio,ret_ratio,confidence_pass,raw_decision,previous_raw_decision,decision_changed,transition_type,error
2000-03-15,2000-03-14,50,40,0,0,1,0.9873427227532524,0.5286167412834467,True,bear,,False,INITIAL,
2000-03-16,2000-03-15,51,41,0,0,1,1.0,0.0941255713280515,False,neutral,bear,True,BEAR_TO_NEUTRAL,
2000-03-17,2000-03-16,52,42,2,0,2,0.8077749388834781,0.9990123421075244,True,bull,neutral,True,NEUTRAL_TO_BULL,
2000-03-20,2000-03-17,53,43,1,2,0,0.9837048209051632,0.2449657460531238,False,neutral,bull,True,BULL_TO_NEUTRAL,
2000-03-21,2000-03-20,54,44,1,0,2,1.0,0.3070783483231394,False,neutral,neutral,False,,
2000-03-22,2000-03-21,55,45,1,0,2,1.0,0.3429551139256575,False,neutral,neutral,False,,
2000-03-23,2000-03-22,56,46,1,2,1,1.0,0.3884872729472882,False,neutral,neutral,False,,
2000-03-24,2000-03-23,57,47,0,1,0,0.9968925369693192,0.6382666762888172,True,bull,neutral,True,NEUTRAL_TO_BULL,
2000-03-27,2000-03-24,58,48,1,0,2,0.999999999999872,0.5363592454506756,True,bull,bull,False,,
2000-03-28,2000-03-27,59,49,1,0,2,0.999999999957592,0.2376296980656242,False,neutral,bull,True,BULL_TO_NEUTRAL,
2000-03-29,2000-03-28,60,50,1,0,2,0.9814379944546716,0.4727379870781228,False,neutral,neutral,False,,
2000-03-30,2000-03-29,61,51,2,1,0,0.0973612154931875,0.4930431863071858,False,neutral,neutral,False,,
2000-03-31,2000-03-30,62,52,0,0,1,0.4479457555041156,0.4956630459260913,False,neutral,neutral,False,,
2000-04-03,2000-03-31,63,53,2,0,2,0.491390195003176,0.3572066222871403,False,neutral,neutral,False,,
2000-04-04,2000-04-03,64,54,0,0,2,0.5187437812359287,0.2586829235935621,False,neutral,neutral,False,,
2000-04-05,2000-04-04,65,55,2,0,2,0.5791558928119793,0.2499549023090848,False,neutral,neutral,False,,
2000-04-06,2000-04-05,66,56,2,2,0,1.0,0.3318914428674385,False,neutral,neutral,False,,
2000-04-07,2000-04-06,67,57,2,2,0,1.0,0.3187648935479619,False,neutral,neutral,False,,
2000-04-10,2000-04-07,68,58,2,2,0,1.0,0.3332480312506105,False,neutral,neutral,False,,
2000-04-11,2000-04-10,69,59,2,2,0,1.0,0.371709876539649,False,neutral,neutral,False,,
2000-04-12,2000-04-11,70,60,2,2,1,0.999999996068868,0.4510751268291938,False,neutral,neutral,False,,
2000-04-13,2000-04-12,71,61,2,2,0,0.9970736840646756,0.5251710731729597,True,bear,neutral,True,NEUTRAL_TO_BEAR,
2000-04-14,2000-04-13,72,62,2,2,0,0.9817072507537904,0.5769296184831627,True,bear,bear,False,,
2000-04-17,2000-04-14,73,63,1,1,2,0.2925482855688976,0.9998943519553464,False,neutral,bear,True,BEAR_TO_NEUTRAL,
2000-04-18,2000-04-17,74,64,1,2,1,0.6347018966281825,0.4759062467097049,False,neutral,neutral,False,,
2000-04-19,2000-04-18,75,65,1,0,1,1.0,0.6591014540503277,True,bull,neutral,True,NEUTRAL_TO_BULL,
2000-04-20,2000-04-19,76,66,1,0,2,0.9999999989395362,0.2727461186550285,False,neutral,bull,True,BULL_TO_NEUTRAL,
2000-04-24,2000-04-20,77,67,1,2,1,0.7707086703499055,0.4438686005728604,False,neutral,neutral,False,,
2000-04-25,2000-04-24,78,68,0,2,0,0.5333189420668616,0.2668162796430892,False,neutral,neutral,False,,
2000-04-26,2000-04-25,79,69,0,2,0,0.4024120594973914,0.4630109627533292,False,neutral,neutral,False,,
2000-04-27,2000-04-26,80,70,0,2,0,0.4572277450133058,0.2643471100360894,False,neutral,neutral,False,,
2000-04-28,2000-04-27,81,71,0,2,0,0.3359430699090638,0.4049279532278437,False,neutral,neutral,False,,
2000-05-01,2000-04-28,82,72,1,2,1,0.6299271833249808,0.2130463265900127,False,neutral,neutral,False,,
2000-05-02,2000-05-01,83,73,0,2,1,0.5311067734407339,0.3752641954607869,False,neutral,neutral,False,,
2000-05-03,2000-05-02,84,74,2,2,1,0.5065880544902213,0.4743162553315451,False,neutral,neutral,False,,
2000-05-04,2000-05-03,85,75,0,2,1,0.5634286865678984,0.2345676695747625,False,neutral,neutral,False,,
2000-05-05,2000-05-04,86,76,0,0,2,0.9989166921899152,0.3940076120332698,False,neutral,neutral,False,,
2000-05-08,2000-05-05,87,77,1,1,2,1.0,0.3034279075018509,False,neutral,neutral,False,,
2000-05-09,2000-05-08,88,78,1,1,0,0.980675437160879,0.4224361868719447,False,neutral,neutral,False,,
2000-05-10,2000-05-09,89,79,1,1,0,0.986830200055624,0.4237989467402627,False,neutral,neutral,False,,
2000-05-11,2000-05-10,90,80,2,2,1,0.7092104947602844,0.5473886159122213,True,bear,neutral,True,NEUTRAL_TO_BEAR,
2000-05-12,2000-05-11,91,81,2,2,1,0.9080321814108624,0.2661924505203331,False,neutral,bear,True,BEAR_TO_NEUTRAL,
2000-05-15,2000-05-12,92,82,2,2,1,0.9625170520962508,0.4090606898112074,False,neutral,neutral,False,,
2000-05-16,2000-05-15,93,83,2,2,1,0.9997584815575932,0.2953736548473731,False,neutral,neutral,False,,
2000-05-17,2000-05-16,94,84,1,1,2,1.0,0.4040403374457427,False,neutral,neutral,False,,
2000-05-18,2000-05-17,95,85,1,1,0,0.93440746330061,0.1775745116034559,False,neutral,neutral,False,,
2000-05-19,2000-05-18,96,86,1,1,2,1.0,0.1282901147321459,False,neutral,neutral,False,,
2000-05-22,2000-05-19,97,87,1,1,0,0.9200371659873796,0.6594055918744588,True,bear,neutral,True,NEUTRAL_TO_BEAR,
2000-05-23,2000-05-22,98,88,1,1,2,0.9976359941459028,0.4083891521592815,False,neutral,bear,True,BEAR_TO_NEUTRAL,
2000-05-24,2000-05-23,99,89,2,2,1,0.0736845832224252,0.4360509446449033,False,neutral,neutral,False,,
2000-05-25,2000-05-24,100,90,2,2,1,0.9603377778605622,0.3406859111486113,False,neutral,neutral,False,,
2000-05-26,2000-05-25,101,91,0,0,2,0.9557927335372894,0.3632371179841323,False,neutral,neutral,False,,
2000-05-30,2000-05-26,102,92,0,0,1,0.250843084461913,0.4203849195611813,False,neutral,neutral,False,,
2000-05-31,2000-05-30,103,93,0,0,2,0.7809220505592837,0.1006302623172783,False,neutral,neutral,False,,
2000-06-01,2000-05-31,104,94,0,0,1,0.928842895028448,0.43089914677216,False,neutral,neutral,False,,
2000-06-02,2000-06-01,105,95,0,0,1,0.9245881901170516,0.4209779021274394,False,neutral,neutral,False,,
2000-06-05,2000-06-02,106,96,2,0,1,0.0138825391390918,0.4968113273205821,False,neutral,neutral,False,,
2000-06-06,2000-06-05,107,97,1,0,1,0.9904707716099922,0.1668318137202997,False,neutral,neutral,False,,
2000-06-07,2000-06-06,108,98,2,0,2,0.999919706723434,0.1077857197625198,False,neutral,neutral,False,,
2000-06-08,2000-06-07,109,99,2,0,2,0.999646702917988,0.4545274105125234,False,neutral,neutral,False,,
2000-06-09,2000-06-08,110,100,0,0,1,0.7743790168561545,0.6521513071698375,True,bear,neutral,True,NEUTRAL_TO_BEAR,
2000-06-12,2000-06-09,111,101,0,0,1,0.7293994756435843,0.63141357784494,True,bear,bear,False,,
2000-06-13,2000-06-12,112,102,2,0,1,0.9757619251487872,0.4639271218832807,False,neutral,bear,True,BEAR_TO_NEUTRAL,
2000-06-14,2000-06-13,113,103,2,0,1,0.972289363195499,0.43507870142598,False,neutral,neutral,False,,
2000-06-15,2000-06-14,114,104,1,1,2,0.9999989787161768,0.3653213907742846,False,neutral,neutral,False,,
2000-06-16,2000-06-15,115,105,1,1,0,0.9999990614286264,0.3674354670444075,False,neutral,neutral,False,,
2000-06-19,2000-06-16,116,106,1,1,0,0.999999726683804,0.4154529690367296,False,neutral,neutral,False,,
2000-06-20,2000-06-19,117,107,1,1,0,0.9999993729749196,0.3485307038612368,False,neutral,neutral,False,,
2000-06-21,2000-06-20,118,108,0,0,1,0.99999938473074,0.3863202708502853,False,neutral,neutral,False,,
2000-06-22,2000-06-21,119,109,0,0,1,0.9999994088963337,0.380524811372875,False,neutral,neutral,False,,
2000-06-23,2000-06-22,120,110,0,0,1,0.9999991552591636,0.4439814420251357,False,neutral,neutral,False,,
2000-06-26,2000-06-23,121,111,0,0,1,0.9930890922681508,0.4098007417584469,False,neutral,neutral,False,,
2000-06-27,2000-06-26,122,112,2,0,1,0.5317750584292184,0.4110894591703279,False,neutral,neutral,False,,
2000-06-28,2000-06-27,123,113,0,0,1,0.5789066701952414,0.4510135931503237,False,neutral,neutral,False,,
2000-06-29,2000-06-28,124,114,2,0,1,0.4290257246539867,0.4096492318091513,False,neutral,neutral,False,,
2000-06-30,2000-06-29,125,115,0,0,1,0.4528202012611351,0.4733237109765099,False,neutral,neutral,False,,
2000-07-03,2000-06-30,126,116,0,0,2,0.999977291254654,0.3682308983682163,False,neutral,neutral,False,,
2000-07-05,2000-07-03,127,117,0,0,1,0.9999232233570466,0.342322210220718,False,neutral,neutral,False,,
2000-07-06,2000-07-05,128,118,1,1,2,0.999999147983953,0.4513766325222184,False,neutral,neutral,False,,
2000-07-07,2000-07-06,129,119,0,0,1,0.9876539281694968,0.4242123488640463,False,neutral,neutral,False,,
2000-07-10,2000-07-07,130,120,0,1,2,0.9642869245998228,0.2845141893304418,False,neutral,neutral,False,,
2000-07-11,2000-07-10,131,121,0,1,2,0.9493078815891772,0.4993118072488196,False,neutral,neutral,False,,
2000-07-12,2000-07-11,132,122,2,0,1,0.999998019502112,0.3473822393321364,False,neutral,neutral,False,,
2000-07-13,2000-07-12,133,123,2,0,1,0.9999934903109338,0.4838112033229257,False,neutral,neutral,False,,
2000-07-14,2000-07-13,134,124,0,0,1,0.9998566847911482,0.3772492389914734,False,neutral,neutral,False,,
2000-07-17,2000-07-14,135,125,0,0,1,0.9972883891091254,0.3394598710724152,False,neutral,neutral,False,,
2000-07-18,2000-07-17,136,126,0,0,2,0.943113514203536,0.3867426207912026,False,neutral,neutral,False,,
2000-07-19,2000-07-18,137,127,0,0,2,0.9408015880317238,0.4130491222313436,False,neutral,neutral,False,,
2000-07-20,2000-07-19,138,128,0,0,1,0.9999005878932198,0.4167232711504277,False,neutral,neutral,False,,
2000-07-21,2000-07-20,139,129,0,0,1,0.9999987346447148,0.3533783800719179,False,neutral,neutral,False,,
2000-07-24,2000-07-21,140,130,0,0,2,0.999998368659572,0.4288942036709131,False,neutral,neutral,False,,
2000-07-25,2000-07-24,141,131,1,0,2,0.9421440559227752,0.4118153532504353,False,neutral,neutral,False,,
2000-07-26,2000-07-25,142,132,2,0,1,0.5070706281940194,0.3550789250383123,False,neutral,neutral,False,,
2000-07-27,2000-07-26,143,133,2,2,1,0.5045175057440154,0.4112847445290131,False,neutral,neutral,False,,
2000-07-28,2000-07-27,144,134,0,2,1,0.5884123143800575,0.342175638945691,False,neutral,neutral,False,,
2000-07-31,2000-07-28,145,135,2,2,1,0.6147734917988282,0.5104573080920928,True,bear,neutral,True,NEUTRAL_TO_BEAR,
2000-08-01,2000-07-31,146,136,2,0,1,0.425238475774592,0.4017514853511657,False,neutral,bear,True,BEAR_TO_NEUTRAL,
2000-08-02,2000-08-01,147,137,0,0,1,0.5758576599138788,0.3677583190373567,False,neutral,neutral,False,,
2000-08-03,2000-08-02,148,138,0,0,1,0.7720661496958121,0.3789041158949284,False,neutral,neutral,False,,
2000-08-04,2000-08-03,149,139,1,1,2,0.999054175175566,0.3870181452619691,False,neutral,neutral,False,,
2000-08-07,2000-08-04,150,140,0,0,1,0.9310688570042376,0.4432289277783285,False,neutral,neutral,False,,
2000-08-08,2000-08-07,151,141,1,1,2,0.9983196543376742,0.366319787145513,False,neutral,neutral,False,,
2000-08-09,2000-08-08,152,142,1,1,2,0.9868170863195712,0.4022796242457586,False,neutral,neutral,False,,
2000-08-10,2000-08-09,153,143,2,1,0,1.0,0.4507394736748418,False,neutral,neutral,False,,
2000-08-11,2000-08-10,154,144,0,0,1,0.9733476264973012,0.4191927189140041,False,neutral,neutral,False,,
2000-08-14,2000-08-11,155,145,0,1,2,0.9690190766577678,0.6211496785492368,True,bull,neutral,True,NEUTRAL_TO_BULL,
2000-08-15,2000-08-14,156,146,2,1,0,1.0,0.5130816249921782,True,bull,bull,False,,
2000-08-16,2000-08-15,157,147,2,2,0,0.982143341193441,0.3635045612003679,False,neutral,bull,True,BULL_TO_NEUTRAL,
2000-08-17,2000-08-16,158,148,0,1,2,0.9654165303870044,0.4162024669334166,False,neutral,neutral,False,,
2000-08-18,2000-08-17,159,149,1,1,2,0.9999706662531932,0.3787731403418375,False,neutral,neutral,False,,
2000-08-21,2000-08-18,160,150,2,2,0,0.9926297570136704,0.369423094702708,False,neutral,neutral,False,,
2000-08-22,2000-08-21,161,151,2,2,0,0.9904211644240196,0.3717731874417303,False,neutral,neutral,False,,
2000-08-23,2000-08-22,162,152,0,1,2,0.9690863558831906,0.4657290964311781,False,neutral,neutral,False,,
2000-08-24,2000-08-23,163,153,0,1,2,0.9589283870828696,0.4501893684226422,False,neutral,neutral,False,,
2000-08-25,2000-08-24,164,154,0,1,2,0.4902962744776511,0.4111839740004056,False,neutral,neutral,False,,
2000-08-28,2000-08-25,165,155,1,1,2,1.0,0.3578231313669087,False,neutral,neutral,False,,
2000-08-29,2000-08-28,166,156,0,2,1,0.9781236394489702,0.4888473948675058,False,neutral,neutral,False,,
2000-08-30,2000-08-29,167,157,0,1,2,1.0,0.5020353193351765,True,bull,neutral,True,NEUTRAL_TO_BULL,
2000-08-31,2000-08-30,168,158,0,1,2,1.0,0.3812440867469538,False,neutral,bull,True,BULL_TO_NEUTRAL,
2000-09-01,2000-08-31,169,159,0,2,1,0.9833624295462012,0.3073774455241018,False,neutral,neutral,False,,
2000-09-05,2000-09-01,170,160,0,2,1,1.0,0.5045564354625539,True,bull,neutral,True,NEUTRAL_TO_BULL,
2000-09-06,2000-09-05,171,161,1,0,2,1.0,0.4127931068382829,False,neutral,bull,True,BULL_TO_NEUTRAL,
2000-09-07,2000-09-06,172,162,1,0,2,1.0,0.339066925847904,False,neutral,neutral,False,,
2000-09-08,2000-09-07,173,163,1,0,2,1.0,0.4117142188863758,False,neutral,neutral,False,,
2000-09-11,2000-09-08,174,164,0,2,1,1.0,0.4571127437302144,False,neutral,neutral,False,,
2000-09-12,2000-09-11,175,165,0,2,1,1.0,0.4930707174091645,False,neutral,neutral,False,,
2000-09-13,2000-09-12,176,166,0,2,1,1.0,0.4540398111550554,False,neutral,neutral,False,,
2000-09-14,2000-09-13,177,167,0,2,1,0.9285403633395702,0.4957776013910009,False,neutral,neutral,False,,
2000-09-15,2000-09-14,178,168,0,2,1,1.0,0.4846101276055702,False,neutral,neutral,False,,
2000-09-18,2000-09-15,179,169,2,2,1,1.0,0.5939957791512406,True,bear,neutral,True,NEUTRAL_TO_BEAR,
2000-09-19,2000-09-18,180,170,2,2,1,1.0,0.3777312305807274,False,neutral,bear,True,BEAR_TO_NEUTRAL,
2000-09-20,2000-09-19,181,171,0,0,2,1.0,0.3088367744965838,False,neutral,neutral,False,,
2000-09-21,2000-09-20,182,172,0,0,2,1.0,0.3480108938804321,False,neutral,neutral,False,,
2000-09-22,2000-09-21,183,173,2,2,1,0.814879065145799,0.5042148408398915,True,bear,neutral,True,NEUTRAL_TO_BEAR,
2000-09-25,2000-09-22,184,174,0,0,2,1.0,0.3686695906644961,False,neutral,bear,True,BEAR_TO_NEUTRAL,
2000-09-26,2000-09-25,185,175,0,0,2,0.9231379799339978,0.4587273345035681,False,neutral,neutral,False,,
2000-09-27,2000-09-26,186,176,0,0,2,0.8728186535793936,0.4413571768953783,False,neutral,neutral,False,,
2000-09-28,2000-09-27,187,177,0,2,1,0.4664081039085435,0.4227842969201679,False,neutral,neutral,False,,
2000-09-29,2000-09-28,188,178,0,0,2,0.9893512536314976,0.3531916837112679,False,neutral,neutral,False,,
2000-10-02,2000-09-29,189,179,0,0,1,0.5478415746608115,0.3737720323740199,False,neutral,neutral,False,,
2000-10-03,2000-10-02,190,180,0,0,2,0.9907759196301577,0.3850646166591807,False,neutral,neutral,False,,
2000-10-04,2000-10-03,191,181,0,0,1,0.5209489363608382,0.3759551463799479,False,neutral,neutral,False,,
2000-10-05,2000-10-04,192,182,0,0,2,0.9928915258656684,0.3778560123459119,False,neutral,neutral,False,,
2000-10-06,2000-10-05,193,183,0,2,1,1.0,0.493972601241106,False,neutral,neutral,False,,
2000-10-09,2000-10-06,194,184,0,2,1,0.9935837762695832,0.0887130409776156,False,neutral,neutral,False,,
2000-10-10,2000-10-09,195,185,0,2,1,0.8547507057995984,0.4378675175263402,False,neutral,neutral,False,,
2000-10-11,2000-10-10,196,186,1,1,2,1.0,0.5140547773345291,True,bear,neutral,True,NEUTRAL_TO_BEAR,
2000-10-12,2000-10-11,197,187,2,2,1,0.3855127664006735,0.3606336708523567,False,neutral,bear,True,BEAR_TO_NEUTRAL,
2000-10-13,2000-10-12,198,188,1,2,1,0.999996718919274,0.4105185786167408,False,neutral,neutral,False,,
2000-10-16,2000-10-13,199,189,1,0,2,0.932063113311712,0.3293964087743614,False,neutral,neutral,False,,
2000-10-17,2000-10-16,200,190,1,2,1,1.0,0.2445792627726413,False,neutral,neutral,False,,
2000-10-18,2000-10-17,201,191,1,2,1,0.9998986547352636,0.42433772899987,False,neutral,neutral,False,,
2000-10-19,2000-10-18,202,192,1,2,1,0.9954054132192656,0.2114547638596057,False,neutral,neutral,False,,
2000-10-20,2000-10-19,203,193,1,2,1,0.150886070928853,0.9978226495425668,False,neutral,neutral,False,,
2000-10-23,2000-10-20,204,194,2,2,1,0.9415463016630854,0.2941374853299004,False,neutral,neutral,False,,
2000-10-24,2000-10-23,205,195,1,1,2,0.9102945441722432,0.296719340844832,False,neutral,neutral,False,,
2000-10-25,2000-10-24,206,196,2,2,1,0.8366771740099249,0.3368939862910834,False,neutral,neutral,False,,
2000-10-26,2000-10-25,207,197,2,2,1,0.8305321454810989,0.5539751170320494,True,bear,neutral,True,NEUTRAL_TO_BEAR,
2000-10-27,2000-10-26,208,198,2,2,1,0.9900321696487626,0.2895203751418803,False,neutral,bear,True,BEAR_TO_NEUTRAL,
2000-10-30,2000-10-27,209,199,0,0,2,0.9262495247166972,0.2297744919237927,False,neutral,neutral,False,,
2000-10-31,2000-10-30,210,200,0,0,2,0.8545810085949647,0.4111273609294549,False,neutral,neutral,False,,
2000-11-01,2000-10-31,211,201,1,1,2,0.770034241687432,0.301615454577833,False,neutral,neutral,False,,
2000-11-02,2000-11-01,212,202,0,0,2,0.9561055411756518,0.4685094093832313,False,neutral,neutral,False,,
2000-11-03,2000-11-02,213,203,0,0,1,0.9008354156325488,0.467341182880758,False,neutral,neutral,False,,
2000-11-06,2000-11-03,214,204,0,0,2,0.800325856199818,0.3589234267824686,False,neutral,neutral,False,,
2000-11-07,2000-11-06,215,205,0,0,1,0.6295141809024932,0.4321956843599758,False,neutral,neutral,False,,
2000-11-08,2000-11-07,216,206,0,0,1,0.4190661461117165,0.4735937623153475,False,neutral,neutral,False,,
2000-11-09,2000-11-08,217,207,0,0,1,0.9150994811459756,0.2676919039269244,False,neutral,neutral,False,,
2000-11-10,2000-11-09,218,208,1,0,2,1.0,0.5876944008465851,True,bull,neutral,True,NEUTRAL_TO_BULL,
2000-11-13,2000-11-10,219,209,1,0,2,0.9922708145813826,0.1870715985428523,False,neutral,bull,True,BULL_TO_NEUTRAL,
2000-11-14,2000-11-13,220,210,2,0,1,0.4210584034405386,0.276880263464728,False,neutral,neutral,False,,
2000-11-15,2000-11-14,221,211,2,2,0,0.2229414300227787,0.1168392710654896,False,neutral,neutral,False,,
2000-11-16,2000-11-15,222,212,1,0,2,0.9967596894403948,0.2741243819205509,False,neutral,neutral,False,,
2000-11-17,2000-11-16,223,213,1,0,2,0.9967287133297812,0.3827284240014063,False,neutral,neutral,False,,
2000-11-20,2000-11-17,224,214,1,0,2,0.9970560976779446,0.2918851731177796,False,neutral,neutral,False,,
2000-11-21,2000-11-20,225,215,1,0,2,0.6908609203943888,0.4078266959415624,False,neutral,neutral,False,,
2000-11-22,2000-11-21,226,216,2,2,1,0.9946153671869872,0.2967573306159061,False,neutral,neutral,False,,
2000-11-24,2000-11-22,227,217,2,2,1,0.9364533008095842,0.559200634098707,True,bear,neutral,True,NEUTRAL_TO_BEAR,
2000-11-27,2000-11-24,228,218,2,2,1,0.9883593600257156,0.3806360636741079,False,neutral,bear,True,BEAR_TO_NEUTRAL,
2000-11-28,2000-11-27,229,219,0,0,2,0.988919155358112,0.3188434811253628,False,neutral,neutral,False,,
2000-11-29,2000-11-28,230,220,2,2,1,0.9676560153655844,0.5135229623520832,True,bear,neutral,True,NEUTRAL_TO_BEAR,
2000-11-30,2000-11-29,231,221,0,0,1,0.9931010464454996,0.2893672163766495,False,neutral,bear,True,BEAR_TO_NEUTRAL,
2000-12-01,2000-11-30,232,222,0,0,1,0.9999998844649548,0.3570687652447,False,neutral,neutral,False,,
2000-12-04,2000-12-01,233,223,1,1,2,0.9997652120207432,0.4691959279415177,False,neutral,neutral,False,,
2000-12-05,2000-12-04,234,224,2,0,1,0.946682254734102,0.4109694684863367,False,neutral,neutral,False,,
2000-12-06,2000-12-05,235,225,2,0,1,1.0,0.0750218800933548,False,neutral,neutral,False,,
2000-12-07,2000-12-06,236,226,2,0,1,1.0,0.3549799544089376,False,neutral,neutral,False,,
2000-12-08,2000-12-07,237,227,1,1,2,1.0,0.4548742625691432,False,neutral,neutral,False,,
2000-12-11,2000-12-08,238,228,1,1,2,0.9997102797358968,0.4567569036425749,False,neutral,neutral,False,,
2000-12-12,2000-12-11,239,229,1,1,2,0.9950831270940468,0.143555701213143,False,neutral,neutral,False,,
2000-12-13,2000-12-12,240,230,1,1,2,0.9373622286257054,0.3061396369081139,False,neutral,neutral,False,,
2000-12-14,2000-12-13,241,231,0,0,1,0.9746091503827552,0.3718366538275786,False,neutral,neutral,False,,
2000-12-15,2000-12-14,242,232,2,2,1,0.9928115667327968,0.4382834444595235,False,neutral,neutral,False,,
2000-12-18,2000-12-15,243,233,2,2,0,0.9390082811466676,0.540750285753492,True,bear,neutral,True,NEUTRAL_TO_BEAR,
2000-12-19,2000-12-18,244,234,0,0,1,0.9681161685457492,0.3468317983444304,False,neutral,bear,True,BEAR_TO_NEUTRAL,
2000-12-20,2000-12-19,245,235,0,0,1,0.3274171204886125,0.3448853696636303,False,neutral,neutral,False,,
2000-12-21,2000-12-20,246,236,2,0,1,0.7400074381283096,0.4117584407609407,False,neutral,neutral,False,,
2000-12-22,2000-12-21,247,237,2,0,1,0.2524131270343774,0.3125995517017939,False,neutral,neutral,False,,
2000-12-26,2000-12-22,248,238,1,0,1,0.8701456013581977,0.5899244471683115,True,bull,neutral,True,NEUTRAL_TO_BULL,
2000-12-27,2000-12-26,249,239,2,1,2,1.0,0.3772528759011773,False,neutral,bull,True,BULL_TO_NEUTRAL,
2000-12-28,2000-12-27,250,240,2,0,1,0.9973790302195192,0.3272317980654348,False,neutral,neutral,False,,
2000-12-29,2000-12-28,251,241,2,1,2,0.2982410698013888,0.2291480851051054,False,neutral,neutral,False,,
2001-01-02,2000-12-29,252,242,1,1,2,0.9152913874931502,0.5583650510995972,True,bear,neutral,True,NEUTRAL_TO_BEAR,
2001-01-03,2001-01-02,253,243,1,1,2,0.8763173350713998,0.5518490812544206,True,bear,bear,False,,
2001-01-04,2001-01-03,254,244,1,0,2,0.8523681645496729,0.2493949308402296,False,neutral,bear,True,BEAR_TO_NEUTRAL,
2001-01-05,2001-01-04,255,245,1,2,1,0.7382553553785037,0.2323379188727805,False,neutral,neutral,False,,
2001-01-08,2001-01-05,256,246,2,2,1,0.902880463179748,0.2448924401768964,False,neutral,neutral,False,,
2001-01-09,2001-01-08,257,247,0,0,2,0.9988379661685935,0.28169969504376,False,neutral,neutral,False,,
2001-01-10,2001-01-09,258,248,2,2,1,0.9957019241283138,0.2982558925130845,False,neutral,neutral,False,,
2001-01-11,2001-01-10,259,249,0,0,2,0.9960807263868704,0.3248574162660014,False,neutral,neutral,False,,
2001-01-12,2001-01-11,260,250,0,0,2,0.9986932183897892,0.2863294769818821,False,neutral,neutral,False,,
2001-01-16,2001-01-12,261,251,1,1,2,0.999949354103352,0.2945340330729016,False,neutral,neutral,False,,
2001-01-17,2001-01-16,262,252,0,0,2,0.8460091671108294,0.3331316166438403,False,neutral,neutral,False,,
2001-01-18,2001-01-17,263,253,1,1,2,0.9999999930157752,0.3057871368524819,False,neutral,neutral,False,,
2001-01-19,2001-01-18,264,254,1,1,2,0.9999999999908068,0.3264658484880146,False,neutral,neutral,False,,
2001-01-22,2001-01-19,265,255,1,1,2,0.9994250487225566,0.4422756363600193,False,neutral,neutral,False,,
2001-01-23,2001-01-22,266,256,1,1,2,0.9995733666966164,0.4382161064721599,False,neutral,neutral,False,,
2001-01-24,2001-01-23,267,257,2,2,1,0.999999999997902,0.3195213248251115,False,neutral,neutral,False,,
2001-01-25,2001-01-24,268,258,1,1,2,0.2838051034367608,0.3081509201321857,False,neutral,neutral,False,,
2001-01-26,2001-01-25,269,259,0,2,1,0.9999999696948124,0.5002491210332414,True,bull,neutral,True,NEUTRAL_TO_BULL,
2001-01-29,2001-01-26,270,260,0,0,1,0.999758959934367,0.4617386598443244,False,neutral,bull,True,BULL_TO_NEUTRAL,
2001-01-30,2001-01-29,271,261,0,1,2,0.9682663236528328,0.4551038043778487,False,neutral,neutral,False,,
2001-01-31,2001-01-30,272,262,0,2,1,0.969933667249112,0.3992175736022283,False,neutral,neutral,False,,
2001-02-01,2001-01-31,273,263,1,0,2,1.0,0.4641104845620724,False,neutral,neutral,False,,
2001-02-02,2001-02-01,274,264,0,1,2,0.9897006829190056,0.4452961244059096,False,neutral,neutral,False,,
2001-02-05,2001-02-02,275,265,0,2,1,0.999709359921642,0.1009672114936988,False,neutral,neutral,False,,
2001-02-06,2001-02-05,276,266,0,1,2,1.0,0.4258699166378525,False,neutral,neutral,False,,
2001-02-07,2001-02-06,277,267,0,2,1,1.0,0.4807304900263014,False,neutral,neutral,False,,
2001-02-08,2001-02-07,278,268,1,2,0,0.9964573504994216,0.4649320793796932,False,neutral,neutral,False,,
2001-02-09,2001-02-08,279,269,0,1,2,0.8711192803102715,0.3586712201952705,False,neutral,neutral,False,,
2001-02-12,2001-02-09,280,270,2,2,0,0.9999367064970938,0.363531448739486,False,neutral,neutral,False,,
2001-02-13,2001-02-12,281,271,2,2,1,0.9995885330623608,0.3365105350403413,False,neutral,neutral,False,,
2001-02-14,2001-02-13,282,272,1,1,2,0.9990795222580784,0.3509272159106442,False,neutral,neutral,False,,
2001-02-15,2001-02-14,283,273,2,2,1,0.9996008890306756,0.3109553602590711,False,neutral,neutral,False,,
2001-02-16,2001-02-15,284,274,2,2,1,0.0799593587296698,0.3317507838514571,False,neutral,neutral,False,,
2001-02-20,2001-02-16,285,275,2,2,0,0.999999983750832,0.4702874532190056,False,neutral,neutral,False,,
2001-02-21,2001-02-20,286,276,0,0,2,0.9985569634165524,0.4305451238702131,False,neutral,neutral,False,,
2001-02-22,2001-02-21,287,277,1,1,2,0.7409442126338687,0.4758351346361044,False,neutral,neutral,False,,
2001-02-23,2001-02-22,288,278,2,2,1,0.2473939414197699,0.3033185146808964,False,neutral,neutral,False,,
2001-02-26,2001-02-23,289,279,2,1,2,0.9917054369270806,0.2188996106656191,False,neutral,neutral,False,,
2001-02-27,2001-02-26,290,280,2,1,2,1.0,0.5736850307194589,True,bull,neutral,True,NEUTRAL_TO_BULL,
2001-02-28,2001-02-27,291,281,2,0,2,0.8566052567295028,0.2333576923002737,False,neutral,bull,True,BULL_TO_NEUTRAL,
2001-03-01,2001-02-28,292,282,2,1,2,1.0,0.3348867359637968,False,neutral,neutral,False,,
2001-03-02,2001-03-01,293,283,2,1,2,0.6172657377518912,0.2404493685396958,False,neutral,neutral,False,,
2001-03-05,2001-03-02,294,284,1,1,2,0.9994915907054568,0.3476938419215692,False,neutral,neutral,False,,
2001-03-06,2001-03-05,295,285,1,1,2,0.1738178874440149,0.3259981121194655,False,neutral,neutral,False,,
2001-03-07,2001-03-06,296,286,0,1,2,0.9873838072421112,0.3644015070377392,False,neutral,neutral,False,,
2001-03-08,2001-03-07,297,287,0,1,2,0.9614579466115788,0.4340112658614289,False,neutral,neutral,False,,
2001-03-09,2001-03-08,298,288,0,1,2,0.9232670005174232,0.4866884348219588,False,neutral,neutral,False,,
2001-03-12,2001-03-09,299,289,0,1,2,0.8054291122048814,0.0916009572558197,False,neutral,neutral,False,,
2001-03-13,2001-03-12,300,290,1,1,2,0.7855461319686369,0.2778441788381561,False,neutral,neutral,False,,
2001-03-14,2001-03-13,301,291,2,2,1,0.4287540442957165,0.3388837529774556,False,neutral,neutral,False,,
2001-03-15,2001-03-14,302,292,2,1,2,1.0,0.3846467071528147,False,neutral,neutral,False,,
2001-03-16,2001-03-15,303,293,1,2,1,1.0,0.2138780032550868,False,neutral,neutral,False,,
2001-03-19,2001-03-16,304,294,2,1,2,1.0,0.4361799544766565,False,neutral,neutral,False,,
2001-03-20,2001-03-19,305,295,1,2,1,1.0,0.5381521829984508,True,bull,neutral,True,NEUTRAL_TO_BULL,
2001-03-21,2001-03-20,306,296,1,2,1,1.0,0.5033680443735172,True,bull,bull,False,,
2001-03-22,2001-03-21,307,297,2,1,2,1.0,0.3513345101819951,False,neutral,bull,True,BULL_TO_NEUTRAL,
2001-03-23,2001-03-22,308,298,2,0,2,1.0,0.2600337572301881,False,neutral,neutral,False,,
2001-03-26,2001-03-23,309,299,2,0,2,0.4825296598657884,0.7566488890665699,True,bull,neutral,True,NEUTRAL_TO_BULL,
2001-03-27,2001-03-26,310,300,2,0,2,0.3178438720396472,0.3517113474220835,False,neutral,bull,True,BULL_TO_NEUTRAL,
2001-03-28,2001-03-27,311,301,0,0,2,0.950242437457177,0.3416372307142222,False,neutral,neutral,False,,
2001-03-29,2001-03-28,312,302,2,2,1,0.9818818913525909,0.4525787265318446,False,neutral,neutral,False,,
2001-03-30,2001-03-29,313,303,1,1,2,0.9998789147694572,0.2913729815719542,False,neutral,neutral,False,,
2001-04-02,2001-03-30,314,304,1,1,2,0.998553018984701,0.3179799951068969,False,neutral,neutral,False,,
2001-04-03,2001-04-02,315,305,1,1,2,0.9999981075780968,0.4818766668890034,False,neutral,neutral,False,,
2001-04-04,2001-04-03,316,306,0,0,2,0.9214153396590774,0.4310267156009092,False,neutral,neutral,False,,
2001-04-05,2001-04-04,317,307,1,0,2,0.2570073811955706,0.4820427229513978,False,neutral,neutral,False,,
2001-04-06,2001-04-05,318,308,0,0,2,0.4435607116024853,0.2210642767400467,False,neutral,neutral,False,,
2001-04-09,2001-04-06,319,309,0,0,1,0.4189832099045076,0.3583607508689483,False,neutral,neutral,False,,
2001-04-10,2001-04-09,320,310,2,2,1,0.974423599394516,0.3220441871143922,False,neutral,neutral,False,,
2001-04-11,2001-04-10,321,311,1,1,2,0.9999644272471124,0.3646427229524102,False,neutral,neutral,False,,
2001-04-12,2001-04-11,322,312,0,0,2,0.9964465208413172,0.2829156996224419,False,neutral,neutral,False,,
2001-04-16,2001-04-12,323,313,0,2,1,0.2876623078861329,0.2461922266834578,False,neutral,neutral,False,,
2001-04-17,2001-04-16,324,314,0,0,2,0.6898339083676822,0.3601271451983178,False,neutral,neutral,False,,
2001-04-18,2001-04-17,325,315,2,2,1,0.087849738716963,0.3502780875125182,False,neutral,neutral,False,,
2001-04-19,2001-04-18,326,316,1,2,1,1.0,0.8309418196444851,True,bull,neutral,True,NEUTRAL_TO_BULL,
2001-04-20,2001-04-19,327,317,2,0,2,1.0,0.3648640067742145,False,neutral,bull,True,BULL_TO_NEUTRAL,
2001-04-23,2001-04-20,328,318,1,0,1,0.9999999999973068,0.2536132689534721,False,neutral,neutral,False,,
2001-04-24,2001-04-23,329,319,0,2,0,1.0,0.3381310720654135,False,neutral,neutral,False,,
2001-04-25,2001-04-24,330,320,2,0,2,1.0,0.248692772218636,False,neutral,neutral,False,,
2001-04-26,2001-04-25,331,321,0,2,0,1.0,0.3020249267199861,False,neutral,neutral,False,,
2001-04-27,2001-04-26,332,322,0,2,0,0.3220650953548098,0.2485498858523612,False,neutral,neutral,False,,
2001-04-30,2001-04-27,333,323,0,0,2,0.8379019161070439,0.3592711039619934,False,neutral,neutral,False,,
2001-05-01,2001-04-30,334,324,0,0,2,0.9995799206788456,0.299573775942148,False,neutral,neutral,False,,
2001-05-02,2001-05-01,335,325,0,0,1,0.5214979590725511,0.349687568059054,False,neutral,neutral,False,,
2001-05-03,2001-05-02,336,326,0,0,1,0.4936377873301484,0.4338264711321107,False,neutral,neutral,False,,
2001-05-04,2001-05-03,337,327,1,1,2,0.9999999965112888,0.3873695030289276,False,neutral,neutral,False,,
2001-05-07,2001-05-04,338,328,0,0,1,0.999999173239654,0.3585593158083707,False,neutral,neutral,False,,
2001-05-08,2001-05-07,339,329,0,0,2,1.0,0.3403237629630261,False,neutral,neutral,False,,
2001-05-09,2001-05-08,340,330,1,0,2,0.9303783756682796,0.493707949642729,False,neutral,neutral,False,,
2001-05-10,2001-05-09,341,331,0,2,1,1.0,0.475393009300364,False,neutral,neutral,False,,
2001-05-11,2001-05-10,342,332,1,0,2,1.0,0.4854900820110945,False,neutral,neutral,False,,
2001-05-14,2001-05-11,343,333,1,1,0,0.5065243597396147,0.4182951273925238,False,neutral,neutral,False,,
2001-05-15,2001-05-14,344,334,0,1,2,1.0,0.493629605409507,False,neutral,neutral,False,,
2001-05-16,2001-05-15,345,335,1,0,2,1.0,0.4874649218178009,False,neutral,neutral,False,,
2001-05-17,2001-05-16,346,336,0,0,1,0.9994299236731408,0.1327021172260356,False,neutral,neutral,False,,
2001-05-18,2001-05-17,347,337,1,0,2,0.916936436919969,0.4930707259485841,False,neutral,neutral,False,,
2001-05-21,2001-05-18,348,338,0,2,1,0.2299156544333445,0.4821803737008309,False,neutral,neutral,False,,
2001-05-22,2001-05-21,349,339,2,2,1,0.9981302885116996,0.3342180560856109,False,neutral,neutral,False,,
2001-05-23,2001-05-22,350,340,2,2,1,0.9110796485935284,0.2925790926348122,False,neutral,neutral,False,,
2001-05-24,2001-05-23,351,341,0,0,1,0.9506675966729996,0.4483075396457799,False,neutral,neutral,False,,
2001-05-25,2001-05-24,352,342,0,1,2,0.5110207312818108,0.4470094312571863,False,neutral,neutral,False,,
2001-05-29,2001-05-25,353,343,2,2,1,0.9999999973410424,0.3940524131808132,False,neutral,neutral,False,,
2001-05-30,2001-05-29,354,344,2,2,1,1.0,0.351083323893995,False,neutral,neutral,False,,
2001-05-31,2001-05-30,355,345,0,0,2,1.0,0.4206969606074883,False,neutral,neutral,False,,
2001-06-01,2001-05-31,356,346,2,2,1,0.9999958511487268,0.2882381400983566,False,neutral,neutral,False,,
2001-06-04,2001-06-01,357,347,0,0,2,0.999481398042372,0.2910790181118418,False,neutral,neutral,False,,
2001-06-05,2001-06-04,358,348,0,0,2,0.9997762130261888,0.2887721571699748,False,neutral,neutral,False,,
2001-06-06,2001-06-05,359,349,0,0,2,1.0,0.3177861358395647,False,neutral,neutral,False,,
2001-06-07,2001-06-06,360,350,2,2,1,0.0815704807373953,0.3559228080179942,False,neutral,neutral,False,,
2001-06-08,2001-06-07,361,351,1,0,2,0.967760124808688,0.4842857902230688,False,neutral,neutral,False,,
2001-06-11,2001-06-08,362,352,0,2,1,1.0,0.3804310515951561,False,neutral,neutral,False,,
2001-06-12,2001-06-11,363,353,1,0,2,1.0,0.4324554399160087,False,neutral,neutral,False,,
2001-06-13,2001-06-12,364,354,0,0,2,0.5551797709122911,0.4714440396614153,False,neutral,neutral,False,,
2001-06-14,2001-06-13,365,355,0,1,2,0.9912343439961764,0.407941977292524,False,neutral,neutral,False,,
2001-06-15,2001-06-14,366,356,2,2,1,1.0,0.4824761640622023,False,neutral,neutral,False,,
2001-06-18,2001-06-15,367,357,2,2,1,0.9615775542193066,0.2948662553058196,False,neutral,neutral,False,,
2001-06-19,2001-06-18,368,358,2,2,1,0.5859916949548621,0.3139316812524724,False,neutral,neutral,False,,
2001-06-20,2001-06-19,369,359,1,1,2,0.7212123178055667,0.2945892251108014,False,neutral,neutral,False,,
2001-06-21,2001-06-20,370,360,0,0,1,0.8887828395592334,0.2976950800660393,False,neutral,neutral,False,,
2001-06-22,2001-06-21,371,361,0,0,1,0.999999615476694,0.3292003212443466,False,neutral,neutral,False,,
2001-06-25,2001-06-22,372,362,0,0,1,1.0,0.3403788030620826,False,neutral,neutral,False,,
2001-06-26,2001-06-25,373,363,1,1,0,0.1567147862951694,0.3552774070966221,False,neutral,neutral,False,,
2001-06-27,2001-06-26,374,364,0,2,1,0.9987013399266378,0.4926004651849319,False,neutral,neutral,False,,
2001-06-28,2001-06-27,375,365,1,0,2,0.9999965806548184,0.4633055465864318,False,neutral,neutral,False,,
2001-06-29,2001-06-28,376,366,1,0,2,0.999998533249369,0.4490552409694639,False,neutral,neutral,False,,
2001-07-02,2001-06-29,377,367,0,2,1,1.0,0.4766572289123054,False,neutral,neutral,False,,
2001-07-03,2001-07-02,378,368,0,2,1,1.0,0.3176471345090583,False,neutral,neutral,False,,
2001-07-05,2001-07-03,379,369,0,2,1,1.0,0.4943619320710405,False,neutral,neutral,False,,
2001-07-06,2001-07-05,380,370,0,2,1,1.0,0.1441983248133324,False,neutral,neutral,False,,
2001-07-09,2001-07-06,381,371,0,2,1,0.887405945849438,0.1192401740004927,False,neutral,neutral,False,,
2001-07-10,2001-07-09,382,372,0,2,1,0.6857491075625104,0.4603570115346161,False,neutral,neutral,False,,
2001-07-11,2001-07-10,383,373,2,2,0,1.0,0.3881633320446835,False,neutral,neutral,False,,
2001-07-12,2001-07-11,384,374,0,0,1,0.9997232126450656,0.2952343332146634,False,neutral,neutral,False,,
2001-07-13,2001-07-12,385,375,2,2,1,0.999756738190046,0.3321778244924386,False,neutral,neutral,False,,
2001-07-16,2001-07-13,386,376,0,2,1,0.507673675362803,0.414198803864887,False,neutral,neutral,False,,
2001-07-17,2001-07-16,387,377,0,0,2,0.5034232925924964,0.6436330588797812,True,bear,neutral,True,NEUTRAL_TO_BEAR,
2001-07-18,2001-07-17,388,378,2,0,2,0.4852794993695904,0.6384291073462649,True,bull,bear,True,BEAR_TO_BULL,
2001-07-19,2001-07-18,389,379,0,0,1,1.0,0.4270533927932284,False,neutral,bull,True,BULL_TO_NEUTRAL,
2001-07-20,2001-07-19,390,380,0,1,2,0.8709525547945037,0.3954009368018232,False,neutral,neutral,False,,
2001-07-23,2001-07-20,391,381,0,2,1,0.9951732320900804,0.4422776465258594,False,neutral,neutral,False,,
2001-07-24,2001-07-23,392,382,0,2,1,0.9212285595306304,0.2232565131544804,False,neutral,neutral,False,,
2001-07-25,2001-07-24,393,383,2,0,1,0.8185428744150324,0.4021986054482007,False,neutral,neutral,False,,
2001-07-26,2001-07-25,394,384,1,2,0,0.8841943197337614,0.3423662018751124,False,neutral,neutral,False,,
2001-07-27,2001-07-26,395,385,1,0,2,0.8829780606223766,0.3564669760025395,False,neutral,neutral,False,,
2001-07-30,2001-07-27,396,386,1,0,2,0.937509183951552,0.4603898607969787,False,neutral,neutral,False,,
2001-07-31,2001-07-30,397,387,2,0,1,0.9412904528913728,0.4807988908048881,False,neutral,neutral,False,,
2001-08-01,2001-07-31,398,388,1,0,2,0.4960621368716971,0.3531981805794447,False,neutral,neutral,False,,
2001-08-02,2001-08-01,399,389,2,0,1,0.9102747469286644,0.4371724376446244,False,neutral,neutral,False,,
2001-08-03,2001-08-02,400,390,2,0,1,0.8398780945399755,0.4632063774660986,False,neutral,neutral,False,,
2001-08-06,2001-08-03,401,391,0,0,2,0.486548331418498,0.3483440511932301,False,neutral,neutral,False,,
2001-08-07,2001-08-06,402,392,1,0,2,0.9032602052676472,0.3034770657308581,False,neutral,neutral,False,,
2001-08-08,2001-08-07,403,393,0,0,1,0.5228750263978816,0.4097520949551117,False,neutral,neutral,False,,
2001-08-09,2001-08-08,404,394,1,0,2,0.999053223747748,0.2053707453724925,False,neutral,neutral,False,,
2001-08-10,2001-08-09,405,395,0,0,1,0.513032076133037,0.4168745570079097,False,neutral,neutral,False,,
2001-08-13,2001-08-10,406,396,2,0,1,0.92323678403422,0.477920559452872,False,neutral,neutral,False,,
2001-08-14,2001-08-13,407,397,1,0,2,0.9148933560100598,0.4867886683646277,False,neutral,neutral,False,,
2001-08-15,2001-08-14,408,398,2,0,1,0.8733266098020638,0.4837719206150822,False,neutral,neutral,False,,
2001-08-16,2001-08-15,409,399,1,0,2,0.8935162326054721,0.3977629170106385,False,neutral,neutral,False,,
2001-08-17,2001-08-16,410,400,2,0,1,0.99906912170345,0.4796920412475198,False,neutral,neutral,False,,
2001-08-20,2001-08-17,411,401,1,0,2,1.0,0.2551432153926427,False,neutral,neutral,False,,
2001-08-21,2001-08-20,412,402,2,0,1,1.0,0.4008900457323832,False,neutral,neutral,False,,
2001-08-22,2001-08-21,413,403,2,0,1,0.99777877795384,0.239053617572568,False,neutral,neutral,False,,
2001-08-23,2001-08-22,414,404,1,0,2,0.4922776764520868,0.3686279431060854,False,neutral,neutral,False,,
2001-08-24,2001-08-23,415,405,0,0,1,0.4421939163091873,0.6301575587508207,True,bear,neutral,True,NEUTRAL_TO_BEAR,
2001-08-27,2001-08-24,416,406,0,0,1,0.4229795728238986,0.1617649964469504,False,neutral,bear,True,BEAR_TO_NEUTRAL,
2001-08-28,2001-08-27,417,407,2,1,0,0.9991821464570044,0.4361806765396439,False,neutral,neutral,False,,
2001-08-29,2001-08-28,418,408,0,2,1,0.4760927778288623,0.3444271207258548,False,neutral,neutral,False,,
2001-08-30,2001-08-29,419,409,0,0,2,0.5084131480021401,0.410243592688656,False,neutral,neutral,False,,
2001-08-31,2001-08-30,420,410,0,2,1,0.5019228423050218,0.3523171300094565,False,neutral,neutral,False,,
2001-09-04,2001-08-31,421,411,2,0,1,0.0763932354554546,0.4239478351442088,False,neutral,neutral,False,,
2001-09-05,2001-09-04,422,412,2,2,0,1.0,0.3346508138899015,False,neutral,neutral,False,,
2001-09-06,2001-09-05,423,413,0,0,1,1.0,0.3054713019120534,False,neutral,neutral,False,,
2001-09-07,2001-09-06,424,414,0,0,1,0.8939822003706444,0.4217831637836309,False,neutral,neutral,False,,
2001-09-10,2001-09-07,425,415,2,0,2,1.0,0.3497070915016877,False,neutral,neutral,False,,
2001-09-17,2001-09-10,426,416,2,0,2,0.8791611495534682,0.3392771949313684,False,neutral,neutral,False,,
2001-09-18,2001-09-17,427,417,2,0,2,1.0,0.942466532010635,True,bull,neutral,True,NEUTRAL_TO_BULL,
2001-09-19,2001-09-18,428,418,1,0,1,1.0,0.213955228819346,False,neutral,bull,True,BULL_TO_NEUTRAL,
2001-09-20,2001-09-19,429,419,0,2,0,1.0,0.396965659326974,False,neutral,neutral,False,,
2001-09-21,2001-09-20,430,420,1,0,1,1.0,0.6051712872788856,True,bull,neutral,True,NEUTRAL_TO_BULL,
2001-09-24,2001-09-21,431,421,2,0,2,1.0,0.3111874734683659,False,neutral,bull,True,BULL_TO_NEUTRAL,
2001-09-25,2001-09-24,432,422,1,2,1,1.0,0.8280776746717587,True,bull,neutral,True,NEUTRAL_TO_BULL,
2001-09-26,2001-09-25,433,423,2,1,2,1.0,0.2855194170161635,False,neutral,bull,True,BULL_TO_NEUTRAL,
2001-09-27,2001-09-26,434,424,2,1,2,1.0,0.2171284725135874,False,neutral,neutral,False,,
2001-09-28,2001-09-27,435,425,1,2,1,1.0,0.2705956795224605,False,neutral,neutral,False,,
2001-10-01,2001-09-28,436,426,0,0,2,0.9898667937937482,0.3693482864934888,False,neutral,neutral,False,,
2001-10-02,2001-10-01,437,427,1,1,2,0.9846642015886912,0.3140338942085624,False,neutral,neutral,False,,
2001-10-03,2001-10-02,438,428,0,0,1,0.3053384511010794,0.3239077389710879,False,neutral,neutral,False,,
2001-10-04,2001-10-03,439,429,2,0,2,1.0,0.3952778773407236,False,neutral,neutral,False,,
2001-10-05,2001-10-04,440,430,2,0,2,1.0,0.2212976289180074,False,neutral,neutral,False,,
2001-10-08,2001-10-05,441,431,0,0,1,0.8389429688063829,0.3152954368173389,False,neutral,neutral,False,,
2001-10-09,2001-10-08,442,432,1,0,2,0.4387192075502091,0.341756570914503,False,neutral,neutral,False,,
2001-10-10,2001-10-09,443,433,0,0,2,0.9999732461672328,0.323451427069775,False,neutral,neutral,False,,
2001-10-11,2001-10-10,444,434,0,0,1,1.0,0.3837324941357438,False,neutral,neutral,False,,
2001-10-12,2001-10-11,445,435,0,0,2,0.4999808728313251,0.2681581890001175,False,neutral,neutral,False,,
2001-10-15,2001-10-12,446,436,0,0,2,1.0,0.3239594224580099,False,neutral,neutral,False,,
2001-10-16,2001-10-15,447,437,0,0,1,0.1276465656279188,0.3156481142013937,False,neutral,neutral,False,,
2001-10-17,2001-10-16,448,438,2,0,1,0.8948258975432806,0.4395067199313092,False,neutral,neutral,False,,
2001-10-18,2001-10-17,449,439,0,1,2,0.9171037281010024,0.1979680871137144,False,neutral,neutral,False,,
2001-10-19,2001-10-18,450,440,2,0,1,0.9169133139974718,0.463101535637001,False,neutral,neutral,False,,
2001-10-22,2001-10-19,451,441,0,2,1,0.921226664668443,0.4689689256832148,False,neutral,neutral,False,,
2001-10-23,2001-10-22,452,442,0,2,1,0.9544281887010424,0.1330266136266495,False,neutral,neutral,False,,
2001-10-24,2001-10-23,453,443,2,0,1,1.0,0.4424715757839474,False,neutral,neutral,False,,
2001-10-25,2001-10-24,454,444,2,0,1,1.0,0.4600669314578095,False,neutral,neutral,False,,
2001-10-26,2001-10-25,455,445,0,1,2,0.999381820923401,0.1904747029980264,False,neutral,neutral,False,,
2001-10-29,2001-10-26,456,446,0,1,2,0.9964252947880036,0.4599956639184825,False,neutral,neutral,False,,
2001-10-30,2001-10-29,457,447,0,2,1,0.9823184264824092,0.1349167289256461,False,neutral,neutral,False,,
2001-10-31,2001-10-30,458,448,0,2,1,0.928866445297762,0.3594462754769286,False,neutral,neutral,False,,
2001-11-01,2001-10-31,459,449,0,2,1,0.4858369621091892,0.3282090561260991,False,neutral,neutral,False,,
2001-11-02,2001-11-01,460,450,2,2,1,0.5160982118493327,0.0688776640101974,False,neutral,neutral,False,,
2001-11-05,2001-11-02,461,451,0,1,2,0.7967570330450443,0.4200829488198928,False,neutral,neutral,False,,
2001-11-06,2001-11-05,462,452,0,2,1,0.4899236914428036,0.356769046490264,False,neutral,neutral,False,,
2001-11-07,2001-11-06,463,453,0,0,1,0.5021920410636935,0.2685257065921247,False,neutral,neutral,False,,
2001-11-08,2001-11-07,464,454,2,0,1,0.4572306594676944,0.3441322107442181,False,neutral,neutral,False,,
2001-11-09,2001-11-08,465,455,0,0,1,0.3572518789508313,0.4107731649487599,False,neutral,neutral,False,,
2001-11-12,2001-11-09,466,456,0,1,2,0.0437929282448729,0.4528531102306835,False,neutral,neutral,False,,
2001-11-13,2001-11-12,467,457,2,1,0,0.7997370662664152,0.3373335502832817,False,neutral,neutral,False,,
2001-11-14,2001-11-13,468,458,2,1,2,0.8452396358442215,0.4231898980734325,False,neutral,neutral,False,,
2001-11-15,2001-11-14,469,459,2,1,2,0.3462059497336998,0.3199150822216934,False,neutral,neutral,False,,
2001-11-16,2001-11-15,470,460,1,0,2,0.5007413045283271,0.349140776391354,False,neutral,neutral,False,,
2001-11-19,2001-11-16,471,461,0,0,1,0.5036537471560151,0.4313750679715293,False,neutral,neutral,False,,
2001-11-20,2001-11-19,472,462,2,0,1,0.9586679240402856,0.3337921635839558,False,neutral,neutral,False,,
2001-11-21,2001-11-20,473,463,2,2,1,0.9678567079500516,0.406665222731046,False,neutral,neutral,False,,
2001-11-23,2001-11-21,474,464,2,2,1,0.9958432249317208,0.4258093968548064,False,neutral,neutral,False,,
2001-11-26,2001-11-23,475,465,0,2,1,0.997620470580681,0.2883575096247935,False,neutral,neutral,False,,
2001-11-27,2001-11-26,476,466,2,0,1,1.0,0.4533688406897395,False,neutral,neutral,False,,
2001-11-28,2001-11-27,477,467,2,2,1,1.0,0.4460525454856709,False,neutral,neutral,False,,
2001-11-29,2001-11-28,478,468,0,0,1,1.0,0.2636229401073556,False,neutral,neutral,False,,
2001-11-30,2001-11-29,479,469,0,0,2,0.5644433747587002,0.3003040987956716,False,neutral,neutral,False,,
2001-12-03,2001-11-30,480,470,2,2,1,1.0,0.4230914318473228,False,neutral,neutral,False,,
2001-12-04,2001-12-03,481,471,2,2,1,1.0,0.4319575098547311,False,neutral,neutral,False,,
2001-12-05,2001-12-04,482,472,2,2,0,1.0,0.2897677299475192,False,neutral,neutral,False,,
2001-12-06,2001-12-05,483,473,0,2,1,0.9813460286218856,0.2165391035518127,False,neutral,neutral,False,,
2001-12-07,2001-12-06,484,474,1,0,2,0.925161971511707,0.4506723311319843,False,neutral,neutral,False,,
2001-12-10,2001-12-07,485,475,1,1,0,0.89687133751554,0.4230050712378988,False,neutral,neutral,False,,
2001-12-11,2001-12-10,486,476,0,0,1,0.9017541565002782,0.2535021352121228,False,neutral,neutral,False,,
2001-12-12,2001-12-11,487,477,1,1,2,0.501871519775421,0.4311792326289341,False,neutral,neutral,False,,
2001-12-13,2001-12-12,488,478,0,2,1,0.9219237088295272,0.4486858412069054,False,neutral,neutral,False,,
2001-12-14,2001-12-13,489,479,2,2,0,0.4943262548619558,0.6391825854066295,True,bear,neutral,True,NEUTRAL_TO_BEAR,
2001-12-17,2001-12-14,490,480,2,2,1,1.0,0.3400717265646383,False,neutral,bear,True,BEAR_TO_NEUTRAL,
2001-12-18,2001-12-17,491,481,0,1,2,1.0,0.3499098237910161,False,neutral,neutral,False,,
2001-12-19,2001-12-18,492,482,0,1,2,1.0,0.3374872759672461,False,neutral,neutral,False,,
2001-12-20,2001-12-19,493,483,2,0,1,0.1663168769571358,0.3410561468015206,False,neutral,neutral,False,,
2001-12-21,2001-12-20,494,484,1,0,2,0.9860394284413228,0.3978476389501942,False,neutral,neutral,False,,
2001-12-24,2001-12-21,495,485,0,2,1,1.0,0.4434335035969655,False,neutral,neutral,False,,
2001-12-26,2001-12-24,496,486,0,2,1,1.0,0.4495041203025667,False,neutral,neutral,False,,
2001-12-27,2001-12-26,497,487,2,2,1,1.0,0.4315452802545126,False,neutral,neutral,False,,
2001-12-28,2001-12-27,498,488,0,2,1,0.994613979535678,0.4169322314939001,False,neutral,neutral,False,,
2001-12-31,2001-12-28,499,489,1,1,2,1.0,0.4550565103678287,False,neutral,neutral,False,,
2002-01-02,2001-12-31,500,490,2,2,0,1.0,0.3199187020923095,False,neutral,neutral,False,,
2002-01-03,2002-01-02,501,491,2,2,1,1.0,0.3541972983754619,False,neutral,neutral,False,,
2002-01-04,2002-01-03,502,492,1,1,2,0.5359530078468101,0.3378342079720046,False,neutral,neutral,False,,
2002-01-07,2002-01-04,503,493,0,2,1,1.0,0.4227992189690349,False,neutral,neutral,False,,
2002-01-08,2002-01-07,504,494,1,2,0,1.0,0.4283573141596061,False,neutral,neutral,False,,
2002-01-09,2002-01-08,505,495,1,1,2,1.0,0.4595661002096793,False,neutral,neutral,False,,
2002-01-10,2002-01-09,506,496,1,1,2,1.0,0.4245764392180595,False,neutral,neutral,False,,
2002-01-11,2002-01-10,507,497,0,1,2,0.472290215372052,0.360690844787619,False,neutral,neutral,False,,
2002-01-14,2002-01-11,508,498,1,1,2,1.0,0.4060665428785245,False,neutral,neutral,False,,
2002-01-15,2002-01-14,509,499,0,0,2,1.0,0.444296748062235,False,neutral,neutral,False,,
2002-01-16,2002-01-15,510,500,2,2,1,1.0,0.389104995669935,False,neutral,neutral,False,,
2002-01-17,2002-01-16,511,501,2,2,1,0.911918599310671,0.217332967089251,False,neutral,neutral,False,,
2002-01-18,2002-01-17,512,502,0,0,2,0.8787850538704002,0.3962364783949109,False,neutral,neutral,False,,
2002-01-22,2002-01-18,513,503,2,2,1,0.9340623701491768,0.4530925037676614,False,neutral,neutral,False,,
2002-01-23,2002-01-22,514,504,0,0,1,0.9183420408737016,0.4385199295927857,False,neutral,neutral,False,,
2002-01-24,2002-01-23,515,505,2,2,1,0.9823615690627387,0.3947340313251788,False,neutral,neutral,False,,
2002-01-25,2002-01-24,516,506,1,1,0,0.9999040310780536,0.4447692773799674,False,neutral,neutral,False,,
2002-01-28,2002-01-25,517,507,2,2,1,1.0,0.4609444752620439,False,neutral,neutral,False,,
2002-01-29,2002-01-28,518,508,1,1,2,1.0,0.4485894834582755,False,neutral,neutral,False,,
2002-01-30,2002-01-29,519,509,0,0,2,0.9857647210105156,0.0849699456722259,False,neutral,neutral,False,,
2002-01-31,2002-01-30,520,510,2,2,1,1.0,0.2844720183304003,False,neutral,neutral,False,,
2002-02-01,2002-01-31,521,511,1,1,2,1.0,0.3521572603705369,False,neutral,neutral,False,,
2002-02-04,2002-02-01,522,512,2,2,1,1.0,0.4353299177069866,False,neutral,neutral,False,,
2002-02-05,2002-02-04,523,513,1,1,2,0.9339490348112418,0.1715666827369758,False,neutral,neutral,False,,
2002-02-06,2002-02-05,524,514,1,1,2,0.0932970474863127,0.4202392818809445,False,neutral,neutral,False,,
2002-02-07,2002-02-06,525,515,0,1,2,1.0,0.3365475434988575,False,neutral,neutral,False,,
2002-02-08,2002-02-07,526,516,0,2,1,0.9999999012079912,0.3435956659052238,False,neutral,neutral,False,,
2002-02-11,2002-02-08,527,517,0,2,1,1.0,0.3776282681986682,False,neutral,neutral,False,,
2002-02-12,2002-02-11,528,518,0,1,2,1.0,0.3520629867128569,False,neutral,neutral,False,,
2002-02-13,2002-02-12,529,519,0,1,2,1.0,0.3326911035485884,False,neutral,neutral,False,,
2002-02-14,2002-02-13,530,520,0,1,2,1.0,0.3899970024299243,False,neutral,neutral,False,,
2002-02-15,2002-02-14,531,521,0,1,2,0.3099430303253601,0.3251435129789615,False,neutral,neutral,False,,
2002-02-19,2002-02-15,532,522,0,1,2,1.0,0.404013350223441,False,neutral,neutral,False,,
2002-02-20,2002-02-19,533,523,0,1,2,1.0,0.2868489907473978,False,neutral,neutral,False,,
2002-02-21,2002-02-20,534,524,1,1,2,0.8906431079687219,0.2230052489801987,False,neutral,neutral,False,,
2002-02-22,2002-02-21,535,525,0,0,2,0.8480907141428714,0.2555211352085064,False,neutral,neutral,False,,
2002-02-25,2002-02-22,536,526,0,0,2,0.9639146827431316,0.3375011893309204,False,neutral,neutral,False,,
2002-02-26,2002-02-25,537,527,0,0,2,0.955834410555783,0.2462561763620794,False,neutral,neutral,False,,
2002-02-27,2002-02-26,538,528,0,1,2,1.0,0.4570826918804885,False,neutral,neutral,False,,
2002-02-28,2002-02-27,539,529,0,0,2,0.9476975993888486,0.4380781016245521,False,neutral,neutral,False,,
2002-03-01,2002-02-28,540,530,0,0,2,0.983616392975178,0.4281173318348744,False,neutral,neutral,False,,
2002-03-04,2002-03-01,541,531,0,0,2,0.8142116094163218,0.0838524316577378,False,neutral,neutral,False,,
2002-03-05,2002-03-04,542,532,1,0,2,1.0,0.3785928691250267,False,neutral,neutral,False,,
2002-03-06,2002-03-05,543,533,2,0,1,1.0,0.3345810146399057,False,neutral,neutral,False,,
2002-03-07,2002-03-06,544,534,2,0,1,0.5693371608904537,0.3446101448233792,False,neutral,neutral,False,,
2002-03-08,2002-03-07,545,535,2,0,1,0.8371068168174723,0.3331694241947636,False,neutral,neutral,False,,
2002-03-11,2002-03-08,546,536,1,0,2,0.9416483045409136,0.327348732017714,False,neutral,neutral,False,,
2002-03-12,2002-03-11,547,537,0,1,2,0.942225697968707,0.3281161754607558,False,neutral,neutral,False,,
2002-03-13,2002-03-12,548,538,1,0,2,0.363788305626968,0.423870555206347,False,neutral,neutral,False,,
2002-03-14,2002-03-13,549,539,1,1,2,0.5052713832655211,0.3446462034389623,False,neutral,neutral,False,,
2002-03-15,2002-03-14,550,540,0,0,1,1.0,0.4401956746682904,False,neutral,neutral,False,,
2002-03-18,2002-03-15,551,541,0,0,2,1.0,0.4216373743854161,False,neutral,neutral,False,,
2002-03-19,2002-03-18,552,542,0,0,1,1.0,0.4449123830234568,False,neutral,neutral,False,,
2002-03-20,2002-03-19,553,543,0,0,1,1.0,0.423182514842284,False,neutral,neutral,False,,
2002-03-21,2002-03-20,554,544,1,0,2,0.4331146818443845,0.2358260441015297,False,neutral,neutral,False,,
2002-03-22,2002-03-21,555,545,1,1,2,1.0,0.446290335688134,False,neutral,neutral,False,,
2002-03-25,2002-03-22,556,546,1,1,2,1.0,0.4415771148792489,False,neutral,neutral,False,,
2002-03-26,2002-03-25,557,547,0,0,1,1.0,0.358498211198785,False,neutral,neutral,False,,
2002-03-27,2002-03-26,558,548,0,0,1,1.0,0.4301728107952784,False,neutral,neutral,False,,
2002-03-28,2002-03-27,559,549,0,0,1,0.9973423438231784,0.4466011508046948,False,neutral,neutral,False,,
2002-04-01,2002-03-28,560,550,1,0,2,0.4558952172971431,0.4263437811868615,False,neutral,neutral,False,,
2002-04-02,2002-04-01,561,551,1,1,0,0.5356891828687448,0.3494293935185072,False,neutral,neutral,False,,
2002-04-03,2002-04-02,562,552,0,0,1,1.0,0.4266362040247496,False,neutral,neutral,False,,
2002-04-04,2002-04-03,563,553,0,0,2,1.0,0.415266279690136,False,neutral,neutral,False,,
2002-04-05,2002-04-04,564,554,1,1,2,1.0,0.4377115658968885,False,neutral,neutral,False,,
2002-04-08,2002-04-05,565,555,1,1,2,1.0,0.4537732613880789,False,neutral,neutral,False,,
2002-04-09,2002-04-08,566,556,1,0,2,0.5801514974172436,0.4193127765426603,False,neutral,neutral,False,,
2002-04-10,2002-04-09,567,557,0,0,2,0.4768785287953163,0.3868620893821661,False,neutral,neutral,False,,
2002-04-11,2002-04-10,568,558,1,1,0,1.0,0.3534295501854619,False,neutral,neutral,False,,
2002-04-12,2002-04-11,569,559,1,1,0,0.9990886296152752,0.178884360126469,False,neutral,neutral,False,,
2002-04-15,2002-04-12,570,560,0,0,1,1.0,0.4155293378995562,False,neutral,neutral,False,,
2002-04-16,2002-04-15,571,561,0,0,2,1.0,0.4094568405777273,False,neutral,neutral,False,,
2002-04-17,2002-04-16,572,562,0,0,2,1.0,0.0676965497031719,False,neutral,neutral,False,,
2002-04-18,2002-04-17,573,563,0,0,2,1.0,0.445879986710524,False,neutral,neutral,False,,
2002-04-19,2002-04-18,574,564,1,1,0,1.0,0.4365359433651831,False,neutral,neutral,False,,
2002-04-22,2002-04-19,575,565,2,2,1,1.0,0.4437277866394893,False,neutral,neutral,False,,
2002-04-23,2002-04-22,576,566,1,1,2,1.0,0.2987518320747014,False,neutral,neutral,False,,
2002-04-24,2002-04-23,577,567,1,1,2,0.997835374311772,0.4375363165240153,False,neutral,neutral,False,,
2002-04-25,2002-04-24,578,568,0,0,1,0.9722345505082044,0.3890408770068383,False,neutral,neutral,False,,
2002-04-26,2002-04-25,579,569,0,0,1,0.4977942127450143,0.3616978983251536,False,neutral,neutral,False,,
2002-04-29,2002-04-26,580,570,0,1,2,1.0,0.3615588350342856,False,neutral,neutral,False,,
2002-04-30,2002-04-29,581,571,0,1,2,0.9969713259856,0.3362955873959968,False,neutral,neutral,False,,
2002-05-01,2002-04-30,582,572,0,1,2,0.9995367466753988,0.3458038249965214,False,neutral,neutral,False,,
2002-05-02,2002-05-01,583,573,0,2,1,1.0,0.3602804182915876,False,neutral,neutral,False,,
2002-05-03,2002-05-02,584,574,0,1,2,1.0,0.3316298676943697,False,neutral,neutral,False,,
2002-05-06,2002-05-03,585,575,2,2,1,0.9433015769066262,0.3782607931924714,False,neutral,neutral,False,,
2002-05-07,2002-05-06,586,576,1,1,2,0.8550221756523678,0.251515957444859,False,neutral,neutral,False,,
2002-05-08,2002-05-07,587,577,1,1,0,0.4788718553855576,0.4372100937831439,False,neutral,neutral,False,,
2002-05-09,2002-05-08,588,578,0,0,1,0.5144359750969838,0.1372791936277717,False,neutral,neutral,False,,
2002-05-10,2002-05-09,589,579,2,2,0,0.9377962739485022,0.3815635951423816,False,neutral,neutral,False,,
2002-05-13,2002-05-10,590,580,1,1,0,0.8653166824194553,0.2730798587656077,False,neutral,neutral,False,,
2002-05-14,2002-05-13,591,581,0,0,2,0.8669574013955254,0.1690098242409679,False,neutral,neutral,False,,
2002-05-15,2002-05-14,592,582,1,1,2,0.0674969165968199,0.1505791890747515,False,neutral,neutral,False,,
2002-05-16,2002-05-15,593,583,0,1,2,1.0,0.3322150607160599,False,neutral,neutral,False,,
2002-05-17,2002-05-16,594,584,0,0,1,0.3342523837742693,0.2715982059046381,False,neutral,neutral,False,,
2002-05-20,2002-05-17,595,585,0,1,2,1.0,0.3390423623998765,False,neutral,neutral,False,,
2002-05-21,2002-05-20,596,586,0,1,2,1.0,0.3539641718578188,False,neutral,neutral,False,,
2002-05-22,2002-05-21,597,587,0,1,2,0.2142442103694098,0.3443445983855626,False,neutral,neutral,False,,
2002-05-23,2002-05-22,598,588,2,0,1,0.5026893080993475,0.3476013528225961,False,neutral,neutral,False,,
2002-05-24,2002-05-23,599,589,1,1,0,0.8387469248747415,0.349716504992534,False,neutral,neutral,False,,
2002-05-28,2002-05-24,600,590,0,0,2,1.0,0.3671377566688045,False,neutral,neutral,False,,
2002-05-29,2002-05-28,601,591,0,0,2,1.0,0.4379117924645575,False,neutral,neutral,False,,
2002-05-30,2002-05-29,602,592,0,0,2,1.0,0.4265918447012127,False,neutral,neutral,False,,
2002-05-31,2002-05-30,603,593,1,0,1,0.4817172250279266,0.4412590010764799,False,neutral,neutral,False,,
2002-06-03,2002-05-31,604,594,1,0,1,0.6216583457291286,0.5470431392474212,True,bull,neutral,True,NEUTRAL_TO_BULL,
2002-06-04,2002-06-03,605,595,1,1,0,0.1936954622797277,0.1571030218006024,False,neutral,bull,True,BULL_TO_NEUTRAL,
2002-06-05,2002-06-04,606,596,1,0,2,1.0,0.3315733338153435,False,neutral,neutral,False,,
2002-06-06,2002-06-05,607,597,0,2,0,0.1810584321663302,0.4498083627445897,False,neutral,neutral,False,,
2002-06-07,2002-06-06,608,598,0,0,1,0.8124729917237918,0.4341869248911078,False,neutral,neutral,False,,
2002-06-10,2002-06-07,609,599,0,1,2,1.0,0.3284527903618459,False,neutral,neutral,False,,
2002-06-11,2002-06-10,610,600,0,1,2,1.0,0.3369684636391927,False,neutral,neutral,False,,
2002-06-12,2002-06-11,611,601,0,0,2,0.8754383686880762,0.3792338822452988,False,neutral,neutral,False,,
2002-06-13,2002-06-12,612,602,0,1,0,0.9197233030163108,0.3454094428070738,False,neutral,neutral,False,,
2002-06-14,2002-06-13,613,603,1,0,2,1.0,0.3471572167048045,False,neutral,neutral,False,,
2002-06-17,2002-06-14,614,604,0,2,0,0.5991681319568908,0.5174783984402977,True,bull,neutral,True,NEUTRAL_TO_BULL,
2002-06-18,2002-06-17,615,605,0,0,2,0.9415892080444,0.0804417545449603,False,neutral,bull,True,BULL_TO_NEUTRAL,
2002-06-19,2002-06-18,616,606,0,0,2,0.9187077410140262,0.3822465224713589,False,neutral,neutral,False,,
2002-06-20,2002-06-19,617,607,0,0,2,1.0,0.1921283030239529,False,neutral,neutral,False,,
2002-06-21,2002-06-20,618,608,0,0,1,0.9831702385230412,0.3688700635277818,False,neutral,neutral,False,,
2002-06-24,2002-06-21,619,609,0,0,2,0.3363786350400168,0.2750561018322029,False,neutral,neutral,False,,
2002-06-25,2002-06-24,620,610,0,0,2,0.0553574393405481,0.4099732132792074,False,neutral,neutral,False,,
2002-06-26,2002-06-25,621,611,2,0,1,0.9997490784376752,0.3606519444567964,False,neutral,neutral,False,,
2002-06-27,2002-06-26,622,612,1,0,2,0.8873304784672086,0.3350251645638754,False,neutral,neutral,False,,
2002-06-28,2002-06-27,623,613,0,1,2,0.8457004326679466,0.3780289190431076,False,neutral,neutral,False,,
2002-07-01,2002-06-28,624,614,1,0,2,0.7809443495414403,0.3337592166813199,False,neutral,neutral,False,,
2002-07-02,2002-07-01,625,615,2,1,0,0.9113987452598626,0.369594320488198,False,neutral,neutral,False,,
2002-07-03,2002-07-02,626,616,2,0,1,0.999999999909348,0.3714373172782548,False,neutral,neutral,False,,
2002-07-05,2002-07-03,627,617,0,1,2,1.0,0.3426959802120409,False,neutral,neutral,False,,
2002-07-08,2002-07-05,628,618,2,0,1,1.0,0.1047961795810948,False,neutral,neutral,False,,
2002-07-09,2002-07-08,629,619,0,1,2,0.5705371026318816,0.3458971018184769,False,neutral,neutral,False,,
2002-07-10,2002-07-09,630,620,0,1,2,0.40431505723034,0.327800289751588,False,neutral,neutral,False,,
2002-07-11,2002-07-10,631,621,0,1,2,0.9867868358589116,0.1734797999931013,False,neutral,neutral,False,,
2002-07-12,2002-07-11,632,622,0,1,2,0.7149846873776771,0.3485959067993628,False,neutral,neutral,False,,
2002-07-15,2002-07-12,633,623,1,0,2,0.5250701108595898,0.3487618247582875,False,neutral,neutral,False,,
2002-07-16,2002-07-15,634,624,1,0,2,0.6915578320877669,0.340328087258057,False,neutral,neutral,False,,
2002-07-17,2002-07-16,635,625,1,0,2,0.3604561015596284,0.3633150115477797,False,neutral,neutral,False,,
2002-07-18,2002-07-17,636,626,2,0,1,0.053602236837958,0.333082894254097,False,neutral,neutral,False,,
2002-07-19,2002-07-18,637,627,2,1,2,1.0,0.6897589256056534,True,bull,neutral,True,NEUTRAL_TO_BULL,
2002-07-22,2002-07-19,638,628,2,0,2,1.0,0.7777018334003855,True,bull,bull,False,,
2002-07-23,2002-07-22,639,629,1,2,1,1.0,0.6256276583106674,True,bull,bull,False,,
2002-07-24,2002-07-23,640,630,2,1,2,1.0,0.5661931565636072,True,bull,bull,False,,
2002-07-25,2002-07-24,641,631,2,1,2,1.0,0.9999616138304904,True,bull,bull,False,,
2002-07-26,2002-07-25,642,632,2,1,2,1.0,0.2392543956097205,False,neutral,bull,True,BULL_TO_NEUTRAL,
2002-07-29,2002-07-26,643,633,2,0,2,1.0,0.4275458403909661,False,neutral,neutral,False,,
2002-07-30,2002-07-29,644,634,0,1,0,1.0,0.992055366206266,True,bull,neutral,True,NEUTRAL_TO_BULL,
2002-07-31,2002-07-30,645,635,2,0,2,1.0,0.3198734949878843,False,neutral,bull,True,BULL_TO_NEUTRAL,
2002-08-01,2002-07-31,646,636,2,1,2,1.0,0.222745178583999,False,neutral,neutral,False,,
2002-08-02,2002-08-01,647,637,2,1,2,1.0,0.5101593856008053,True,bull,neutral,True,NEUTRAL_TO_BULL,
2002-08-05,2002-08-02,648,638,1,2,1,1.0,0.4426977308966223,False,neutral,bull,True,BULL_TO_NEUTRAL,
2002-08-06,2002-08-05,649,639,1,0,1,1.0,0.7866590423337261,True,bull,neutral,True,NEUTRAL_TO_BULL,
2002-08-07,2002-08-06,650,640,1,0,1,0.5864453562646278,0.7878945916830135,True,bull,bull,False,,
2002-08-08,2002-08-07,651,641,2,1,2,0.3839150657022387,0.3795525983915175,False,neutral,bull,True,BULL_TO_NEUTRAL,
2002-08-09,2002-08-08,652,642,2,0,2,0.2331366075501525,0.7678152623853117,False,neutral,neutral,False,,
2002-08-12,2002-08-09,653,643,0,2,1,0.9203748684109572,0.3462287495884993,False,neutral,neutral,False,,
2002-08-13,2002-08-12,654,644,0,2,1,0.878943819889496,0.340049006225941,False,neutral,neutral,False,,
2002-08-14,2002-08-13,655,645,2,0,1,0.952669140906286,0.3530861311476194,False,neutral,neutral,False,,
2002-08-15,2002-08-14,656,646,0,2,1,0.8431369070050035,0.1715715742107189,False,neutral,neutral,False,,
2002-08-16,2002-08-15,657,647,2,0,1,0.1146950877171946,0.3701227086691709,False,neutral,neutral,False,,
2002-08-19,2002-08-16,658,648,1,0,1,1.0,0.2157833866645163,False,neutral,neutral,False,,
2002-08-20,2002-08-19,659,649,2,0,1,0.7568375072278053,0.3384922479057898,False,neutral,neutral,False,,
2002-08-21,2002-08-20,660,650,2,0,1,0.9884379354510832,0.3465247737073624,False,neutral,neutral,False,,
2002-08-22,2002-08-21,661,651,2,0,1,0.9989253722824823,0.372331929991506,False,neutral,neutral,False,,
2002-08-23,2002-08-22,662,652,2,0,1,0.9527420974057398,0.3618287159062487,False,neutral,neutral,False,,
2002-08-26,2002-08-23,663,653,2,0,1,0.9785966964579744,0.3563167468625872,False,neutral,neutral,False,,
2002-08-27,2002-08-26,664,654,0,1,2,0.9995966161350616,0.3513779548868571,False,neutral,neutral,False,,
2002-08-28,2002-08-27,665,655,2,2,1,0.9722827229460456,0.3913124375849919,False,neutral,neutral,False,,
2002-08-29,2002-08-28,666,656,2,2,1,0.9642808744677488,0.2335561765406184,False,neutral,neutral,False,,
2002-08-30,2002-08-29,667,657,2,2,1,0.8646868388508756,0.4430282174945321,False,neutral,neutral,False,,
2002-09-03,2002-08-30,668,658,0,0,1,0.1624656977516523,0.4443785694104789,False,neutral,neutral,False,,
2002-09-04,2002-09-03,669,659,2,0,1,0.9477502252020796,0.1856057236754093,False,neutral,neutral,False,,
2002-09-05,2002-09-04,670,660,2,0,1,0.7142948258306531,0.3735391408135913,False,neutral,neutral,False,,
2002-09-06,2002-09-05,671,661,2,0,1,0.5217665514219229,0.3396406166081244,False,neutral,neutral,False,,
2002-09-09,2002-09-06,672,662,2,2,1,0.3330152042652765,0.3166151528203986,False,neutral,neutral,False,,
2002-09-10,2002-09-09,673,663,0,2,1,0.4222967841233771,0.3596771395281787,False,neutral,neutral,False,,
2002-09-11,2002-09-10,674,664,2,2,1,0.4869790130809284,0.3476977496351465,False,neutral,neutral,False,,
2002-09-12,2002-09-11,675,665,2,2,1,0.5300130738847765,0.3384421436546532,False,neutral,neutral,False,,
2002-09-13,2002-09-12,676,666,0,0,1,0.9690602023563292,0.2957029177108597,False,neutral,neutral,False,,
2002-09-16,2002-09-13,677,667,0,0,1,0.9985355166571628,0.4378711736949759,False,neutral,neutral,False,,
2002-09-17,2002-09-16,678,668,0,0,1,1.0,0.4383680634136083,False,neutral,neutral,False,,
2002-09-18,2002-09-17,679,669,0,0,1,1.0,0.2169266824619335,False,neutral,neutral,False,,
2002-09-19,2002-09-18,680,670,2,2,1,0.502305535238105,0.3960949638368072,False,neutral,neutral,False,,
2002-09-20,2002-09-19,681,671,0,0,1,0.5107908217788786,0.3208898120081189,False,neutral,neutral,False,,
2002-09-23,2002-09-20,682,672,2,0,1,0.1977957431127964,0.4306854159169349,False,neutral,neutral,False,,
2002-09-24,2002-09-23,683,673,0,0,1,0.1121140452012842,0.3455269516486303,False,neutral,neutral,False,,
2002-09-25,2002-09-24,684,674,2,0,1,0.1609040512745153,0.3516354860432071,False,neutral,neutral,False,,
2002-09-26,2002-09-25,685,675,2,0,1,0.6776726395520166,0.354471503450169,False,neutral,neutral,False,,
2002-09-27,2002-09-26,686,676,2,0,1,0.9270716648347996,0.3837865932481479,False,neutral,neutral,False,,
2002-09-30,2002-09-27,687,677,2,0,1,0.9907473833429208,0.240819414944366,False,neutral,neutral,False,,
2002-10-01,2002-09-30,688,678,2,0,1,0.9999999999999928,0.3381195895941767,False,neutral,neutral,False,,
2002-10-02,2002-10-01,689,679,2,0,1,0.4174014981086739,0.0701090722010247,False,neutral,neutral,False,,
2002-10-03,2002-10-02,690,680,0,1,2,0.0017199723158147,0.6323187203074355,False,neutral,neutral,False,,
2002-10-04,2002-10-03,691,681,1,1,0,0.9629836680547044,0.4006254062006953,False,neutral,neutral,False,,
2002-10-07,2002-10-04,692,682,2,2,1,0.6555548066935726,0.3087510266893328,False,neutral,neutral,False,,
2002-10-08,2002-10-07,693,683,0,2,1,0.9999990263362796,0.3423872124545851,False,neutral,neutral,False,,
2002-10-09,2002-10-08,694,684,0,2,1,0.9996221272261596,0.3846494411626484,False,neutral,neutral,False,,
2002-10-10,2002-10-09,695,685,0,2,1,0.9481690333217596,0.316862373203217,False,neutral,neutral,False,,
2002-10-11,2002-10-10,696,686,0,2,1,0.9998691238534568,0.2850465882443541,False,neutral,neutral,False,,
2002-10-14,2002-10-11,697,687,2,1,2,0.2273978024556114,0.921400286296892,False,neutral,neutral,False,,
2002-10-15,2002-10-14,698,688,1,0,2,0.3222304097261504,0.4025239742655611,False,neutral,neutral,False,,
2002-10-16,2002-10-15,699,689,2,0,2,0.8727796702675089,0.966069600932816,True,bull,neutral,True,NEUTRAL_TO_BULL,
2002-10-17,2002-10-16,700,690,1,2,1,0.9997915550746058,0.4602601303658831,False,neutral,bull,True,BULL_TO_NEUTRAL,
2002-10-18,2002-10-17,701,691,0,1,0,1.0,0.4108722466334874,False,neutral,neutral,False,,
2002-10-21,2002-10-18,702,692,0,1,0,1.0,0.2333256380494264,False,neutral,neutral,False,,
2002-10-22,2002-10-21,703,693,1,2,1,1.0,0.3693910885644245,False,neutral,neutral,False,,
2002-10-23,2002-10-22,704,694,1,2,1,1.0,0.2364728263669391,False,neutral,neutral,False,,
2002-10-24,2002-10-23,705,695,1,2,1,0.9072682649252908,0.2599132555712053,False,neutral,neutral,False,,
2002-10-25,2002-10-24,706,696,0,2,1,0.99998119094412,0.3530955408159196,False,neutral,neutral,False,,
2002-10-28,2002-10-25,707,697,0,1,2,1.0,0.3808718095797001,False,neutral,neutral,False,,
2002-10-29,2002-10-28,708,698,0,0,1,0.9999353465630954,0.4452265811721692,False,neutral,neutral,False,,
2002-10-30,2002-10-29,709,699,0,0,1,0.9999455387072428,0.4072301480026096,False,neutral,neutral,False,,
2002-10-31,2002-10-30,710,700,0,0,1,1.0,0.3605503773693134,False,neutral,neutral,False,,
2002-11-01,2002-10-31,711,701,0,0,1,1.0,0.422330316650549,False,neutral,neutral,False,,
2002-11-04,2002-11-01,712,702,0,0,1,1.0,0.1774789515286379,False,neutral,neutral,False,,
2002-11-05,2002-11-04,713,703,0,0,1,1.0,0.3669777989218774,False,neutral,neutral,False,,
2002-11-06,2002-11-05,714,704,0,0,1,1.0,0.390123726518737,False,neutral,neutral,False,,
2002-11-07,2002-11-06,715,705,1,1,0,0.8241636811166723,0.3156441269259336,False,neutral,neutral,False,,
2002-11-08,2002-11-07,716,706,0,0,1,0.9281955978534614,0.2157433462733264,False,neutral,neutral,False,,
2002-11-11,2002-11-08,717,707,0,0,1,0.9180208244163164,0.3951886254847847,False,neutral,neutral,False,,
2002-11-12,2002-11-11,718,708,0,0,1,0.7815019525466058,0.364246451434337,False,neutral,neutral,False,,
2002-11-13,2002-11-12,719,709,0,0,1,0.8527223004385329,0.3858366662189068,False,neutral,neutral,False,,
2002-11-14,2002-11-13,720,710,0,0,1,0.8220717835100207,0.4431812468668345,False,neutral,neutral,False,,
2002-11-15,2002-11-14,721,711,0,0,1,0.9197940348089793,0.2137648848007934,False,neutral,neutral,False,,
2002-11-18,2002-11-15,722,712,2,2,0,0.8896559708593722,0.3970383391568789,False,neutral,neutral,False,,
2002-11-19,2002-11-18,723,713,2,2,0,0.9042598560120584,0.4161567091458789,False,neutral,neutral,False,,
2002-11-20,2002-11-19,724,714,1,1,2,0.956531993838464,0.4494738492444469,False,neutral,neutral,False,,
2002-11-21,2002-11-20,725,715,1,1,2,0.9938765957739228,0.1600260303117123,False,neutral,neutral,False,,
2002-11-22,2002-11-21,726,716,1,1,2,0.301522438740929,0.226569543263122,False,neutral,neutral,False,,
2002-11-25,2002-11-22,727,717,0,1,2,1.0,0.3279871169967983,False,neutral,neutral,False,,
2002-11-26,2002-11-25,728,718,0,0,2,0.5592004073188225,0.2723219061795895,False,neutral,neutral,False,,
2002-11-27,2002-11-26,729,719,2,0,1,0.3147252640252174,0.3505286328588917,False,neutral,neutral,False,,
2002-11-29,2002-11-27,730,720,0,0,2,0.4233872139179407,0.2174761045787185,False,neutral,neutral,False,,
2002-12-02,2002-11-29,731,721,2,0,2,0.5642669256343482,0.4561742493631211,False,neutral,neutral,False,,
2002-12-03,2002-12-02,732,722,0,0,1,0.8681687172318305,0.4350763049560501,False,neutral,neutral,False,,
2002-12-04,2002-12-03,733,723,0,0,1,0.989150184518555,0.3874368612294321,False,neutral,neutral,False,,
2002-12-05,2002-12-04,734,724,0,0,1,1.0,0.4439790422037453,False,neutral,neutral,False,,
2002-12-06,2002-12-05,735,725,0,0,1,1.0,0.4098192895841385,False,neutral,neutral,False,,
2002-12-09,2002-12-06,736,726,0,0,1,1.0,0.4011303770050947,False,neutral,neutral,False,,
2002-12-10,2002-12-09,737,727,0,0,1,0.8840444500533581,0.1752418533632248,False,neutral,neutral,False,,
2002-12-11,2002-12-10,738,728,0,0,1,0.8013052155807244,0.3115858297733717,False,neutral,neutral,False,,
2002-12-12,2002-12-11,739,729,2,2,1,0.6908812315610174,0.4375038398896944,False,neutral,neutral,False,,
2002-12-13,2002-12-12,740,730,2,2,1,0.8696571431660507,0.4405835376748945,False,neutral,neutral,False,,
2002-12-16,2002-12-13,741,731,2,2,1,0.8792404945373687,0.3612569102326122,False,neutral,neutral,False,,
2002-12-17,2002-12-16,742,732,0,0,1,0.9995692481776164,0.1179084149492011,False,neutral,neutral,False,,
2002-12-18,2002-12-17,743,733,0,0,1,1.0,0.4260009491899169,False,neutral,neutral,False,,
2002-12-19,2002-12-18,744,734,0,0,1,1.0,0.4055508821404869,False,neutral,neutral,False,,
2002-12-20,2002-12-19,745,735,0,0,1,1.0,0.4348217595691817,False,neutral,neutral,False,,
2002-12-23,2002-12-20,746,736,0,0,2,1.0,0.3671222802820497,False,neutral,neutral,False,,
2002-12-24,2002-12-23,747,737,0,0,2,1.0,0.4379692174154072,False,neutral,neutral,False,,
2002-12-26,2002-12-24,748,738,1,1,2,1.0,0.4337987221667962,False,neutral,neutral,False,,
2002-12-27,2002-12-26,749,739,1,1,2,1.0,0.4381680557076212,False,neutral,neutral,False,,
2002-12-30,2002-12-27,750,740,1,1,2,1.0,0.2613596846148955,False,neutral,neutral,False,,
2002-12-31,2002-12-30,751,741,1,1,2,0.995150096701413,0.377798807018629,False,neutral,neutral,False,,
2003-01-02,2002-12-31,752,742,2,2,1,1.0,0.4362205911932494,False,neutral,neutral,False,,
2003-01-03,2003-01-02,753,743,2,2,1,1.0,0.0524295744305967,False,neutral,neutral,False,,
2003-01-06,2003-01-03,754,744,2,2,1,0.9890367221061884,0.4236060665451448,False,neutral,neutral,False,,
2003-01-07,2003-01-06,755,745,0,0,2,0.5203613763707889,0.2515288424310534,False,neutral,neutral,False,,
2003-01-08,2003-01-07,756,746,1,0,2,1.0,0.3322182936818503,False,neutral,neutral,False,,
2003-01-09,2003-01-08,757,747,2,0,1,1.0,0.3426444693844811,False,neutral,neutral,False,,
2003-01-10,2003-01-09,758,748,1,0,2,0.999997888544643,0.3724374006920195,False,neutral,neutral,False,,
2003-01-13,2003-01-10,759,749,2,0,1,0.999830432939674,0.3401267063521538,False,neutral,neutral,False,,
2003-01-14,2003-01-13,760,750,2,0,1,1.0,0.3355544498387644,False,neutral,neutral,False,,
2003-01-15,2003-01-14,761,751,2,0,1,0.1954417292042982,0.3398352996425161,False,neutral,neutral,False,,
2003-01-16,2003-01-15,762,752,0,0,1,1.0,0.415679111817318,False,neutral,neutral,False,,
2003-01-17,2003-01-16,763,753,2,2,1,1.0,0.4418146357425492,False,neutral,neutral,False,,
2003-01-21,2003-01-17,764,754,0,0,1,1.0,0.3699735574489743,False,neutral,neutral,False,,
2003-01-22,2003-01-21,765,755,0,0,1,0.9846702961759006,0.3607977715707233,False,neutral,neutral,False,,
2003-01-23,2003-01-22,766,756,0,0,1,0.2794248454115536,0.4016456268693235,False,neutral,neutral,False,,
2003-01-24,2003-01-23,767,757,2,0,1,1.0,0.3468389467799475,False,neutral,neutral,False,,
2003-01-27,2003-01-24,768,758,2,0,1,0.9794875741506316,0.3402202478927671,False,neutral,neutral,False,,
2003-01-28,2003-01-27,769,759,2,0,1,0.5805640087869438,0.3393956612186719,False,neutral,neutral,False,,
2003-01-29,2003-01-28,770,760,1,0,2,0.5170729643428544,0.3524319255686992,False,neutral,neutral,False,,
2003-01-30,2003-01-29,771,761,0,1,2,0.926430091643052,0.3540541472357192,False,neutral,neutral,False,,
2003-01-31,2003-01-30,772,762,2,0,1,0.974368815482177,0.3403631008452353,False,neutral,neutral,False,,
2003-02-03,2003-01-31,773,763,0,1,2,1.0,0.3728714829480533,False,neutral,neutral,False,,
2003-02-04,2003-02-03,774,764,2,0,1,0.1772243933486761,0.3393633060323356,False,neutral,neutral,False,,
2003-02-05,2003-02-04,775,765,0,0,1,0.9832964478167042,0.4185650488016307,False,neutral,neutral,False,,
2003-02-06,2003-02-05,776,766,1,1,2,0.9991199072209048,0.4372256351206566,False,neutral,neutral,False,,
2003-02-07,2003-02-06,777,767,0,0,1,1.0,0.4411987423360533,False,neutral,neutral,False,,
2003-02-10,2003-02-07,778,768,0,0,1,1.0,0.3994129709306945,False,neutral,neutral,False,,
2003-02-11,2003-02-10,779,769,0,2,1,0.9999847801830968,0.4100826500662464,False,neutral,neutral,False,,
2003-02-12,2003-02-11,780,770,0,0,1,1.0,0.435963829986727,False,neutral,neutral,False,,
2003-02-13,2003-02-12,781,771,0,2,1,0.9958681585997932,0.3334576328884093,False,neutral,neutral,False,,
2003-02-14,2003-02-13,782,772,1,1,0,0.9267709282095988,0.4255627711975214,False,neutral,neutral,False,,
2003-02-18,2003-02-14,783,773,0,2,1,0.9953167343222596,0.1882701819350985,False,neutral,neutral,False,,
2003-02-19,2003-02-18,784,774,2,2,1,0.4912911045442735,0.209867555881829,False,neutral,neutral,False,,
2003-02-20,2003-02-19,785,775,1,1,0,1.0,0.4395921338102218,False,neutral,neutral,False,,
2003-02-21,2003-02-20,786,776,0,0,1,1.0,0.4166954178305578,False,neutral,neutral,False,,
2003-02-24,2003-02-21,787,777,0,0,2,0.5602201973633816,0.3776176508540747,False,neutral,neutral,False,,
2003-02-25,2003-02-24,788,778,1,1,0,0.9998894755799412,0.352678444717948,False,neutral,neutral,False,,
2003-02-26,2003-02-25,789,779,0,0,2,0.9996775710781314,0.3838437921077253,False,neutral,neutral,False,,
2003-02-27,2003-02-26,790,780,1,1,0,0.9991019249699076,0.3730477748187486,False,neutral,neutral,False,,
2003-02-28,2003-02-27,791,781,0,0,1,1.0,0.3168019595140717,False,neutral,neutral,False,,
2003-03-03,2003-02-28,792,782,0,0,1,1.0,0.3978854635980364,False,neutral,neutral,False,,
2003-03-04,2003-03-03,793,783,0,0,2,1.0,0.4194208965396744,False,neutral,neutral,False,,
2003-03-05,2003-03-04,794,784,1,1,0,1.0,0.3560908227422378,False,neutral,neutral,False,,
2003-03-06,2003-03-05,795,785,2,2,1,1.0,0.3786132567300562,False,neutral,neutral,False,,
2003-03-07,2003-03-06,796,786,0,0,1,1.0,0.4267089872773726,False,neutral,neutral,False,,
2003-03-10,2003-03-07,797,787,0,0,2,1.0,0.3950991207518117,False,neutral,neutral,False,,
2003-03-11,2003-03-10,798,788,0,0,1,1.0,0.2342237885764171,False,neutral,neutral,False,,
2003-03-12,2003-03-11,799,789,0,0,2,0.9717450804599872,0.4180887984865276,False,neutral,neutral,False,,
2003-03-13,2003-03-12,800,790,0,0,1,0.9038156453866576,0.3955848053887043,False,neutral,neutral,False,,
2003-03-14,2003-03-13,801,791,0,0,2,0.9300841831858911,0.0368922743217562,False,neutral,neutral,False,,
2003-03-17,2003-03-14,802,792,0,0,2,0.976966093608536,0.4217653983455972,False,neutral,neutral,False,,
2003-03-18,2003-03-17,803,793,0,2,1,1.0,0.2888485838527342,False,neutral,neutral,False,,
2003-03-19,2003-03-18,804,794,1,0,2,0.9992087155814282,0.3469897897484957,False,neutral,neutral,False,,
2003-03-20,2003-03-19,805,795,0,2,1,0.8321214976520475,0.3519607593436428,False,neutral,neutral,False,,
2003-03-21,2003-03-20,806,796,0,2,1,0.3678910744612633,0.3388878568158339,False,neutral,neutral,False,,
2003-03-24,2003-03-21,807,797,0,1,0,0.9968639493880892,0.372882188419943,False,neutral,neutral,False,,
2003-03-25,2003-03-24,808,798,1,2,1,0.8728039859388947,0.6248105200700298,True,bull,neutral,True,NEUTRAL_TO_BULL,
2003-03-26,2003-03-25,809,799,2,1,0,0.9354318776549015,0.3579354083480555,False,neutral,bull,True,BULL_TO_NEUTRAL,
2003-03-27,2003-03-26,810,800,2,1,0,1.0,0.3319643532645741,False,neutral,neutral,False,,
2003-03-28,2003-03-27,811,801,2,2,1,0.9462700715137669,0.4336319108391281,False,neutral,neutral,False,,
2003-03-31,2003-03-28,812,802,1,1,0,1.0,0.4379526819587169,False,neutral,neutral,False,,
2003-04-01,2003-03-31,813,803,2,2,1,0.9920441630674044,0.2586443514791075,False,neutral,neutral,False,,
2003-04-02,2003-04-01,814,804,2,2,1,0.9778211007848506,0.2871741905976261,False,neutral,neutral,False,,
2003-04-03,2003-04-02,815,805,0,0,2,0.9908597985360308,0.1786363681585687,False,neutral,neutral,False,,
2003-04-04,2003-04-03,816,806,2,2,1,0.9821905345081684,0.4357155096036585,False,neutral,neutral,False,,
2003-04-07,2003-04-04,817,807,0,0,2,1.0,0.402361791190467,False,neutral,neutral,False,,
2003-04-08,2003-04-07,818,808,0,0,2,0.999859330044258,0.4349524048516804,False,neutral,neutral,False,,
2003-04-09,2003-04-08,819,809,0,0,2,1.0,0.4295556984931478,False,neutral,neutral,False,,
2003-04-10,2003-04-09,820,810,0,0,1,1.0,0.3865301511193123,False,neutral,neutral,False,,
2003-04-11,2003-04-10,821,811,0,0,1,1.0,0.4061242267743635,False,neutral,neutral,False,,
2003-04-14,2003-04-11,822,812,0,0,1,1.0,0.4380590634919495,False,neutral,neutral,False,,
2003-04-15,2003-04-14,823,813,0,0,2,1.0,0.2074035379145251,False,neutral,neutral,False,,
2003-04-16,2003-04-15,824,814,0,0,2,1.0,0.371144171870063,False,neutral,neutral,False,,
2003-04-17,2003-04-16,825,815,0,0,2,1.0,0.340174353618272,False,neutral,neutral,False,,
2003-04-21,2003-04-17,826,816,0,0,2,1.0,0.2995252563444724,False,neutral,neutral,False,,
2003-04-22,2003-04-21,827,817,0,0,1,1.0,0.4313700912015366,False,neutral,neutral,False,,
2003-04-23,2003-04-22,828,818,0,0,1,0.9584732869923336,0.2400687436920898,False,neutral,neutral,False,,
2003-04-24,2003-04-23,829,819,2,2,0,0.348491664220078,0.3262056123651725,False,neutral,neutral,False,,
2003-04-25,2003-04-24,830,820,0,0,2,0.3923046409953029,0.4172765562645604,False,neutral,neutral,False,,
2003-04-28,2003-04-25,831,821,1,1,0,0.8415135067962461,0.3915664425024335,False,neutral,neutral,False,,
2003-04-29,2003-04-28,832,822,0,0,1,0.9819984435829712,0.2652835690798919,False,neutral,neutral,False,,
2003-04-30,2003-04-29,833,823,1,1,0,0.9768972796271936,0.420619735778458,False,neutral,neutral,False,,
2003-05-01,2003-04-30,834,824,2,2,1,0.9704379895184588,0.4370233022631857,False,neutral,neutral,False,,
2003-05-02,2003-05-01,835,825,0,0,2,1.0,0.4351406320446875,False,neutral,neutral,False,,
2003-05-05,2003-05-02,836,826,2,2,1,1.0,0.3113432111995584,False,neutral,neutral,False,,
2003-05-06,2003-05-05,837,827,1,1,0,1.0,0.4372971440680228,False,neutral,neutral,False,,
2003-05-07,2003-05-06,838,828,1,1,0,1.0,0.3724813905119169,False,neutral,neutral,False,,
2003-05-08,2003-05-07,839,829,0,1,2,0.5034790509416293,0.4622149407170968,False,neutral,neutral,False,,
2003-05-09,2003-05-08,840,830,0,0,1,1.0,0.4089237028990557,False,neutral,neutral,False,,
2003-05-12,2003-05-09,841,831,0,1,2,0.4880527886430503,0.2943064702537779,False,neutral,neutral,False,,
2003-05-13,2003-05-12,842,832,1,1,0,0.5004013430113214,0.3291973822042457,False,neutral,neutral,False,,
2003-05-14,2003-05-13,843,833,0,0,2,0.5856484157860385,0.4528651935141887,False,neutral,neutral,False,,
2003-05-15,2003-05-14,844,834,1,1,0,0.5043417188243869,0.2630369985759986,False,neutral,neutral,False,,
2003-05-16,2003-05-15,845,835,0,0,2,0.5871834306848124,0.3628096765383664,False,neutral,neutral,False,,
2003-05-19,2003-05-16,846,836,2,0,2,0.4108825703063848,0.3024496714748528,False,neutral,neutral,False,,
2003-05-20,2003-05-19,847,837,1,1,2,0.5191528269444384,0.2656621461552353,False,neutral,neutral,False,,
2003-05-21,2003-05-20,848,838,0,0,2,0.582504798580087,0.4609808776756977,False,neutral,neutral,False,,
2003-05-22,2003-05-21,849,839,0,0,1,1.0,0.4326768515699853,False,neutral,neutral,False,,
2003-05-23,2003-05-22,850,840,0,0,1,1.0,0.3719898736432244,False,neutral,neutral,False,,
2003-05-27,2003-05-23,851,841,0,0,2,1.0,0.4332772711014552,False,neutral,neutral,False,,
2003-05-28,2003-05-27,852,842,0,0,1,1.0,0.2621444949696017,False,neutral,neutral,False,,
2003-05-29,2003-05-28,853,843,0,0,2,0.9963445168745866,0.4305519891307918,False,neutral,neutral,False,,
2003-05-30,2003-05-29,854,844,0,0,2,0.9814219619135194,0.441993043527719,False,neutral,neutral,False,,
2003-06-02,2003-05-30,855,845,0,0,1,0.7902639602604068,0.2907686308966404,False,neutral,neutral,False,,
2003-06-03,2003-06-02,856,846,0,0,2,0.0176363244992612,0.4239971103257826,False,neutral,neutral,False,,
2003-06-04,2003-06-03,857,847,1,0,2,1.0,0.3367296436576028,False,neutral,neutral,False,,
2003-06-05,2003-06-04,858,848,1,0,2,1.0,0.3634899920971328,False,neutral,neutral,False,,
2003-06-06,2003-06-05,859,849,1,0,2,0.1441131018802034,0.4193426591050332,False,neutral,neutral,False,,
2003-06-09,2003-06-06,860,850,1,0,2,1.0,0.3302280756769576,False,neutral,neutral,False,,
2003-06-10,2003-06-09,861,851,1,0,2,0.7588230664215845,0.3982729465269751,False,neutral,neutral,False,,
2003-06-11,2003-06-10,862,852,1,0,2,0.8749591892030169,0.3741219505107561,False,neutral,neutral,False,,
2003-06-12,2003-06-11,863,853,0,0,2,0.8639034976958164,0.3673577028783129,False,neutral,neutral,False,,
2003-06-13,2003-06-12,864,854,1,0,2,0.9948100540464953,0.4314612813966833,False,neutral,neutral,False,,
2003-06-16,2003-06-13,865,855,0,0,2,1.0,0.3978373331562168,False,neutral,neutral,False,,
2003-06-17,2003-06-16,866,856,0,0,2,1.0,0.2155522636337477,False,neutral,neutral,False,,
2003-06-18,2003-06-17,867,857,1,1,0,0.5281048106104098,0.4062969981306832,False,neutral,neutral,False,,
2003-06-19,2003-06-18,868,858,0,0,1,0.9995439150494764,0.4388788379884694,False,neutral,neutral,False,,
2003-06-20,2003-06-19,869,859,0,0,1,0.4889826776419713,0.3935224260724778,False,neutral,neutral,False,,
2003-06-23,2003-06-20,870,860,2,0,2,0.432651451761252,0.2953762485242602,False,neutral,neutral,False,,
2003-06-24,2003-06-23,871,861,1,1,2,1.0,0.4102932697603149,False,neutral,neutral,False,,
2003-06-25,2003-06-24,872,862,2,0,2,0.4260137825937566,0.3327444192923675,False,neutral,neutral,False,,
2003-06-26,2003-06-25,873,863,1,1,2,0.8610893723981549,0.4127198758692166,False,neutral,neutral,False,,
2003-06-27,2003-06-26,874,864,0,0,2,0.8459599094073482,0.326433171514428,False,neutral,neutral,False,,
2003-06-30,2003-06-27,875,865,1,1,0,0.5915997838005947,0.3981839035673868,False,neutral,neutral,False,,
2003-07-01,2003-06-30,876,866,1,1,2,0.7964222619259497,0.4377291120679623,False,neutral,neutral,False,,
2003-07-02,2003-07-01,877,867,0,0,2,0.9888090683366764,0.3729684632046216,False,neutral,neutral,False,,
2003-07-03,2003-07-02,878,868,0,0,1,1.0,0.3341329936718737,False,neutral,neutral,False,,
2003-07-07,2003-07-03,879,869,0,0,2,1.0,0.4103561345510787,False,neutral,neutral,False,,
2003-07-08,2003-07-07,880,870,1,1,2,1.0,0.2327208737396989,False,neutral,neutral,False,,
2003-07-09,2003-07-08,881,871,0,0,2,0.985971647881093,0.4158509073448743,False,neutral,neutral,False,,
2003-07-10,2003-07-09,882,872,0,0,2,0.948136915598722,0.4372169555637059,False,neutral,neutral,False,,
2003-07-11,2003-07-10,883,873,1,1,2,0.9912725320016668,0.3862412174933889,False,neutral,neutral,False,,
2003-07-14,2003-07-11,884,874,0,0,2,0.9860549231657032,0.371441292890133,False,neutral,neutral,False,,
2003-07-15,2003-07-14,885,875,0,0,2,1.0,0.4146139221808531,False,neutral,neutral,False,,
2003-07-16,2003-07-15,886,876,0,0,2,1.0,0.4427259671624258,False,neutral,neutral,False,,
2003-07-17,2003-07-16,887,877,2,2,1,1.0,0.4393649857752103,False,neutral,neutral,False,,
2003-07-18,2003-07-17,888,878,2,2,0,1.0,0.3659312191153127,False,neutral,neutral,False,,
2003-07-21,2003-07-18,889,879,0,0,2,1.0,0.3629673393575125,False,neutral,neutral,False,,
2003-07-22,2003-07-21,890,880,0,0,1,1.0,0.389893942273504,False,neutral,neutral,False,,
2003-07-23,2003-07-22,891,881,2,2,1,1.0,0.3766409731546923,False,neutral,neutral,False,,
2003-07-24,2003-07-23,892,882,0,0,2,1.0,0.4397618728900069,False,neutral,neutral,False,,
2003-07-25,2003-07-24,893,883,2,2,1,1.0,0.4319675181996066,False,neutral,neutral,False,,
2003-07-28,2003-07-25,894,884,2,2,1,1.0,0.2614048633100339,False,neutral,neutral,False,,
2003-07-29,2003-07-28,895,885,0,0,1,1.0,0.4450517490022436,False,neutral,neutral,False,,
2003-07-30,2003-07-29,896,886,2,2,1,1.0,0.4437934281328775,False,neutral,neutral,False,,
2003-07-31,2003-07-30,897,887,0,0,2,1.0,0.446321402587869,False,neutral,neutral,False,,
2003-08-01,2003-07-31,898,888,0,0,1,1.0,0.4333961601110936,False,neutral,neutral,False,,
2003-08-04,2003-08-01,899,889,0,0,1,1.0,0.4238912794675213,False,neutral,neutral,False,,
2003-08-05,2003-08-04,900,890,0,0,1,1.0,0.4431715716137908,False,neutral,neutral,False,,
2003-08-06,2003-08-05,901,891,0,0,1,1.0,0.2423688113111261,False,neutral,neutral,False,,
2003-08-07,2003-08-06,902,892,0,0,2,0.9973262258467388,0.4086669477798696,False,neutral,neutral,False,,
2003-08-08,2003-08-07,903,893,0,0,1,0.9939931056518304,0.3599243822508934,False,neutral,neutral,False,,
2003-08-11,2003-08-08,904,894,1,1,0,1.0,0.4308301702629915,False,neutral,neutral,False,,
2003-08-12,2003-08-11,905,895,0,0,1,1.0,0.4256393325497654,False,neutral,neutral,False,,
2003-08-13,2003-08-12,906,896,1,1,0,1.0,0.3779347576706948,False,neutral,neutral,False,,
2003-08-14,2003-08-13,907,897,2,2,1,1.0,0.4427977379076752,False,neutral,neutral,False,,
2003-08-15,2003-08-14,908,898,2,2,1,1.0,0.4327857555037283,False,neutral,neutral,False,,
2003-08-18,2003-08-15,909,899,0,0,2,1.0,0.4309054523022886,False,neutral,neutral,False,,
2003-08-19,2003-08-18,910,900,1,1,0,0.9890334787887094,0.3842178008771383,False,neutral,neutral,False,,
2003-08-20,2003-08-19,911,901,2,2,1,1.0,0.4276662608203895,False,neutral,neutral,False,,
2003-08-21,2003-08-20,912,902,0,0,1,1.0,0.4473067162171828,False,neutral,neutral,False,,
2003-08-22,2003-08-21,913,903,2,2,1,1.0,0.4325952568703042,False,neutral,neutral,False,,
2003-08-25,2003-08-22,914,904,2,2,1,1.0,0.3674491796572259,False,neutral,neutral,False,,
2003-08-26,2003-08-25,915,905,2,2,1,1.0,0.4410329658793123,False,neutral,neutral,False,,
2003-08-27,2003-08-26,916,906,2,2,1,1.0,0.4404637670290331,False,neutral,neutral,False,,
2003-08-28,2003-08-27,917,907,2,2,1,1.0,0.4269801076966964,False,neutral,neutral,False,,
2003-08-29,2003-08-28,918,908,0,0,1,1.0,0.4107695651479613,False,neutral,neutral,False,,
2003-09-02,2003-08-29,919,909,2,2,1,1.0,0.3940547863951917,False,neutral,neutral,False,,
2003-09-03,2003-09-02,920,910,2,0,2,0.698230596611403,0.3618091019692752,False,neutral,neutral,False,,
2003-09-04,2003-09-03,921,911,0,0,1,0.9933373190797924,0.4214604897123685,False,neutral,neutral,False,,
2003-09-05,2003-09-04,922,912,0,0,1,0.8804293028142821,0.4497546748980832,False,neutral,neutral,False,,
2003-09-08,2003-09-05,923,913,0,0,1,0.7992702907238214,0.4443485920518766,False,neutral,neutral,False,,
2003-09-09,2003-09-08,924,914,0,0,1,0.776072917340098,0.3922285460242797,False,neutral,neutral,False,,
2003-09-10,2003-09-09,925,915,0,0,1,0.9142773612718624,0.4381142313593545,False,neutral,neutral,False,,
2003-09-11,2003-09-10,926,916,0,0,2,0.5780329150086136,0.4926579295237746,False,neutral,neutral,False,,
2003-09-12,2003-09-11,927,917,0,0,2,1.0,0.4370013031842927,False,neutral,neutral,False,,
2003-09-15,2003-09-12,928,918,0,0,2,0.4268138866754184,0.2076986241213808,False,neutral,neutral,False,,
2003-09-16,2003-09-15,929,919,2,2,1,1.0,0.4525793272593868,False,neutral,neutral,False,,
2003-09-17,2003-09-16,930,920,1,1,2,1.0,0.3046940922227374,False,neutral,neutral,False,,
2003-09-18,2003-09-17,931,921,1,1,2,1.0,0.4542544660677139,False,neutral,neutral,False,,
2003-09-19,2003-09-18,932,922,0,0,1,1.0,0.3488707012161669,False,neutral,neutral,False,,
2003-09-22,2003-09-19,933,923,2,0,1,1.0,0.3970920371431728,False,neutral,neutral,False,,
2003-09-23,2003-09-22,934,924,0,0,2,1.0,0.4024872043833832,False,neutral,neutral,False,,
2003-09-24,2003-09-23,935,925,2,2,1,1.0,0.4342957844833426,False,neutral,neutral,False,,
2003-09-25,2003-09-24,936,926,2,2,1,1.0,0.2941523461791266,False,neutral,neutral,False,,
2003-09-26,2003-09-25,937,927,1,1,2,0.9779182203063836,0.4291114655974719,False,neutral,neutral,False,,
2003-09-29,2003-09-26,938,928,2,2,1,0.7019215272994764,0.4164491880887405,False,neutral,neutral,False,,
2003-09-30,2003-09-29,939,929,1,1,0,0.5695234853915738,0.3746363091213263,False,neutral,neutral,False,,
2003-10-01,2003-09-30,940,930,1,1,2,0.2171136561101107,0.4166481089269033,False,neutral,neutral,False,,
2003-10-02,2003-10-01,941,931,2,2,1,0.5587912459512601,0.195728218588912,False,neutral,neutral,False,,
2003-10-03,2003-10-02,942,932,1,1,2,0.9583645883506444,0.4331992519702737,False,neutral,neutral,False,,
2003-10-06,2003-10-03,943,933,2,0,1,0.984035602453864,0.3737074870668814,False,neutral,neutral,False,,
2003-10-07,2003-10-06,944,934,2,2,1,0.8759500907560032,0.4271506536639195,False,neutral,neutral,False,,
2003-10-08,2003-10-07,945,935,0,0,1,0.567244154254261,0.4322233991967668,False,neutral,neutral,False,,
2003-10-09,2003-10-08,946,936,1,0,1,0.9264356917699657,0.3416180211744229,False,neutral,neutral,False,,
2003-10-10,2003-10-09,947,937,1,1,2,0.1510896512152445,0.4395012828618982,False,neutral,neutral,False,,
2003-10-13,2003-10-10,948,938,0,0,2,0.6970567628262098,0.4391775757223907,False,neutral,neutral,False,,
2003-10-14,2003-10-13,949,939,1,1,2,0.8183789221222207,0.4376510845183187,False,neutral,neutral,False,,
2003-10-15,2003-10-14,950,940,0,0,1,1.0,0.4329776222374153,False,neutral,neutral,False,,
2003-10-16,2003-10-15,951,941,0,0,1,1.0,0.4243024286916506,False,neutral,neutral,False,,
2003-10-17,2003-10-16,952,942,0,0,1,1.0,0.4089641189246544,False,neutral,neutral,False,,
2003-10-20,2003-10-17,953,943,0,0,1,1.0,0.4032565645165126,False,neutral,neutral,False,,
2003-10-21,2003-10-20,954,944,2,2,1,1.0,0.3997051763756559,False,neutral,neutral,False,,
2003-10-22,2003-10-21,955,945,1,1,0,1.0,0.453640996678567,False,neutral,neutral,False,,
2003-10-23,2003-10-22,956,946,0,0,1,1.0,0.3800201386017784,False,neutral,neutral,False,,
2003-10-24,2003-10-23,957,947,0,0,1,1.0,0.4539510753884561,False,neutral,neutral,False,,
2003-10-27,2003-10-24,958,948,0,0,1,1.0,0.44153327032357,False,neutral,neutral,False,,
2003-10-28,2003-10-27,959,949,2,2,1,1.0,0.4510715875702641,False,neutral,neutral,False,,
2003-10-29,2003-10-28,960,950,0,0,1,1.0,0.3218454143231044,False,neutral,neutral,False,,
2003-10-30,2003-10-29,961,951,1,1,2,1.0,0.4248678622641419,False,neutral,neutral,False,,
2003-10-31,2003-10-30,962,952,0,0,1,1.0,0.4451480320834724,False,neutral,neutral,False,,
2003-11-03,2003-10-31,963,953,0,0,1,1.0,0.4544445442085591,False,neutral,neutral,False,,
2003-11-04,2003-11-03,964,954,0,0,1,1.0,0.4133818149978641,False,neutral,neutral,False,,
2003-11-05,2003-11-04,965,955,0,0,1,1.0,0.4549859942316099,False,neutral,neutral,False,,
2003-11-06,2003-11-05,966,956,0,0,1,1.0,0.4515602182765975,False,neutral,neutral,False,,
2003-11-07,2003-11-06,967,957,0,0,1,1.0,0.4291497277682397,False,neutral,neutral,False,,
2003-11-10,2003-11-07,968,958,0,0,1,1.0,0.4363315979010994,False,neutral,neutral,False,,
2003-11-11,2003-11-10,969,959,0,0,1,1.0,0.4264339982594725,False,neutral,neutral,False,,
2003-11-12,2003-11-11,970,960,0,0,2,1.0,0.4300744434907351,False,neutral,neutral,False,,
2003-11-13,2003-11-12,971,961,0,0,2,1.0,0.3591316794699157,False,neutral,neutral,False,,
2003-11-14,2003-11-13,972,962,0,0,2,1.0,0.4286386020668016,False,neutral,neutral,False,,
2003-11-17,2003-11-14,973,963,2,2,0,1.0,0.3976362383092614,False,neutral,neutral,False,,
2003-11-18,2003-11-17,974,964,1,1,2,1.0,0.4524608748190206,False,neutral,neutral,False,,
2003-11-19,2003-11-18,975,965,2,2,1,1.0,0.379801817412539,False,neutral,neutral,False,,
2003-11-20,2003-11-19,976,966,2,2,1,1.0,0.3960083449982456,False,neutral,neutral,False,,
2003-11-21,2003-11-20,977,967,0,0,1,1.0,0.4215921924380093,False,neutral,neutral,False,,
2003-11-24,2003-11-21,978,968,2,2,1,1.0,0.4389474265145919,False,neutral,neutral,False,,
2003-11-25,2003-11-24,979,969,2,2,0,1.0,0.3191524117542523,False,neutral,neutral,False,,
2003-11-26,2003-11-25,980,970,0,0,1,1.0,0.439937742362467,False,neutral,neutral,False,,
2003-11-28,2003-11-26,981,971,0,0,1,1.0,0.4438097959531986,False,neutral,neutral,False,,
2003-12-01,2003-11-28,982,972,0,0,1,1.0,0.4578162329167224,False,neutral,neutral,False,,
2003-12-02,2003-12-01,983,973,2,2,1,0.9807342251812146,0.3648261248314866,False,neutral,neutral,False,,
2003-12-03,2003-12-02,984,974,0,0,1,0.908209826640362,0.4610582503424738,False,neutral,neutral,False,,
2003-12-04,2003-12-03,985,975,1,1,2,0.954127490577983,0.4615838781222267,False,neutral,neutral,False,,
2003-12-05,2003-12-04,986,976,1,1,2,0.936136594725647,0.4414229662083542,False,neutral,neutral,False,,
2003-12-08,2003-12-05,987,977,0,0,1,1.0,0.4406428409796695,False,neutral,neutral,False,,
2003-12-09,2003-12-08,988,978,2,2,0,0.4820512571313892,0.342250160824214,False,neutral,neutral,False,,
2003-12-10,2003-12-09,989,979,0,2,0,0.4984295304473592,0.357240529983179,False,neutral,neutral,False,,
2003-12-11,2003-12-10,990,980,2,2,1,1.0,0.4611870023618475,False,neutral,neutral,False,,
2003-12-12,2003-12-11,991,981,0,0,1,1.0,0.3588571854429577,False,neutral,neutral,False,,
2003-12-15,2003-12-12,992,982,2,2,1,1.0,0.4549965052124658,False,neutral,neutral,False,,
2003-12-16,2003-12-15,993,983,2,2,1,1.0,0.4537963925954524,False,neutral,neutral,False,,
2003-12-17,2003-12-16,994,984,1,1,0,1.0,0.4123973360850018,False,neutral,neutral,False,,
2003-12-18,2003-12-17,995,985,0,2,0,0.5139369804834563,0.4067113304138068,False,neutral,neutral,False,,
2003-12-19,2003-12-18,996,986,2,2,1,1.0,0.3593777240921809,False,neutral,neutral,False,,
2003-12-22,2003-12-19,997,987,2,2,1,1.0,0.4342910295189023,False,neutral,neutral,False,,
2003-12-23,2003-12-22,998,988,2,2,1,1.0,0.4172638677215408,False,neutral,neutral,False,,
2003-12-24,2003-12-23,999,989,0,0,1,1.0,0.4622443329873638,False,neutral,neutral,False,,
2003-12-26,2003-12-24,1000,990,0,0,1,1.0,0.4645659010289392,False,neutral,neutral,False,,
2003-12-29,2003-12-26,1001,991,0,0,1,1.0,0.4623855394071403,False,neutral,neutral,False,,
2003-12-30,2003-12-29,1002,992,2,2,1,1.0,0.3278029733739196,False,neutral,neutral,False,,
2003-12-31,2003-12-30,1003,993,0,0,1,1.0,0.4644111946443637,False,neutral,neutral,False,,
2004-01-02,2003-12-31,1004,994,0,0,1,1.0,0.4630426257729325,False,neutral,neutral,False,,
2004-01-05,2004-01-02,1005,995,0,0,1,1.0,0.4657754272705617,False,neutral,neutral,False,,
2004-01-06,2004-01-05,1006,996,0,0,1,1.0,0.3687036894191356,False,neutral,neutral,False,,
2004-01-07,2004-01-06,1007,997,2,2,1,1.0,0.4633321208506983,False,neutral,neutral,False,,
2004-01-08,2004-01-07,1008,998,2,2,1,0.9955857144186404,0.4524294682762222,False,neutral,neutral,False,,
2004-01-09,2004-01-08,1009,999,2,2,1,0.9767421605037911,0.4486153209948291,False,neutral,neutral,False,,
2004-01-12,2004-01-09,1010,1000,1,1,2,1.0,0.4215068287308609,False,neutral,neutral,False,,
2004-01-13,2004-01-12,1011,1001,0,1,2,0.9993185538253316,0.3948126308855025,False,neutral,neutral,False,,
2004-01-14,2004-01-13,1012,1002,0,1,2,0.9999321519356597,0.4208087211364583,False,neutral,neutral,False,,
2004-01-15,2004-01-14,1013,1003,1,1,2,0.9570144636313086,0.294738286101991,False,neutral,neutral,False,,
2004-01-16,2004-01-15,1014,1004,2,2,1,1.0,0.4593128220496689,False,neutral,neutral,False,,
2004-01-20,2004-01-16,1015,1005,1,1,2,1.0,0.4509958625285729,False,neutral,neutral,False,,
2004-01-21,2004-01-20,1016,1006,1,1,2,1.0,0.4678963663787395,False,neutral,neutral,False,,
2004-01-22,2004-01-21,1017,1007,1,1,2,1.0,0.4132855334535213,False,neutral,neutral,False,,
2004-01-23,2004-01-22,1018,1008,0,0,2,1.0,0.465096426213932,False,neutral,neutral,False,,
2004-01-26,2004-01-23,1019,1009,0,1,2,0.9988769734706572,0.4367208761136362,False,neutral,neutral,False,,
2004-01-27,2004-01-26,1020,1010,0,1,2,0.9955749610086698,0.323402024984006,False,neutral,neutral,False,,
2004-01-28,2004-01-27,1021,1011,0,1,2,0.9987094210520752,0.3698284521872849,False,neutral,neutral,False,,
2004-01-29,2004-01-28,1022,1012,2,2,1,1.0,0.3827811062140537,False,neutral,neutral,False,,
2004-01-30,2004-01-29,1023,1013,2,2,1,1.0,0.4657380398261727,False,neutral,neutral,False,,
2004-02-02,2004-01-30,1024,1014,0,0,1,1.0,0.4686437358752084,False,neutral,neutral,False,,
2004-02-03,2004-02-02,1025,1015,2,2,1,1.0,0.4490029927116931,False,neutral,neutral,False,,
2004-02-04,2004-02-03,1026,1016,2,0,1,0.9999206700005904,0.4421847832405727,False,neutral,neutral,False,,
2004-02-05,2004-02-04,1027,1017,2,1,2,0.9994270115946166,0.3965812954978964,False,neutral,neutral,False,,
2004-02-06,2004-02-05,1028,1018,2,1,2,0.9994279023015934,0.4356584938504489,False,neutral,neutral,False,,
2004-02-09,2004-02-06,1029,1019,2,1,2,0.9994054048519132,0.3486971986198298,False,neutral,neutral,False,,
2004-02-10,2004-02-09,1030,1020,2,2,1,1.0,0.4694831459171672,False,neutral,neutral,False,,
2004-02-11,2004-02-10,1031,1021,0,0,1,1.0,0.4635046105731847,False,neutral,neutral,False,,
2004-02-12,2004-02-11,1032,1022,0,0,2,1.0,0.3756154412788312,False,neutral,neutral,False,,
2004-02-13,2004-02-12,1033,1023,0,0,1,1.0,0.4680333712813598,False,neutral,neutral,False,,
2004-02-17,2004-02-13,1034,1024,0,0,1,1.0,0.4638799135694287,False,neutral,neutral,False,,
2004-02-18,2004-02-17,1035,1025,1,1,2,1.0,0.400899373285471,False,neutral,neutral,False,,
2004-02-19,2004-02-18,1036,1026,2,1,0,0.9014289831463193,0.4334948468507916,False,neutral,neutral,False,,
2004-02-20,2004-02-19,1037,1027,2,2,1,1.0,0.4688066593803438,False,neutral,neutral,False,,
2004-02-23,2004-02-20,1038,1028,1,1,2,1.0,0.4727756615246529,False,neutral,neutral,False,,
2004-02-24,2004-02-23,1039,1029,1,1,2,1.0,0.4735194319261511,False,neutral,neutral,False,,
2004-02-25,2004-02-24,1040,1030,0,2,1,0.9999999999945216,0.4452023664843483,False,neutral,neutral,False,,
2004-02-26,2004-02-25,1041,1031,2,2,1,1.0,0.457653900385887,False,neutral,neutral,False,,
2004-02-27,2004-02-26,1042,1032,2,2,1,1.0,0.475544434490081,False,neutral,neutral,False,,
2004-03-01,2004-02-27,1043,1033,1,1,2,1.0,0.4760383552289334,False,neutral,neutral,False,,
2004-03-02,2004-03-01,1044,1034,1,1,2,1.0,0.3875719831514664,False,neutral,neutral,False,,
2004-03-03,2004-03-02,1045,1035,2,2,1,1.0,0.4549271682051326,False,neutral,neutral,False,,
2004-03-04,2004-03-03,1046,1036,0,0,1,1.0,0.4740684545475849,False,neutral,neutral,False,,
2004-03-05,2004-03-04,1047,1037,2,0,1,1.0,0.4693860746299447,False,neutral,neutral,False,,
2004-03-08,2004-03-05,1048,1038,2,0,1,1.0,0.4653207087386513,False,neutral,neutral,False,,
2004-03-09,2004-03-08,1049,1039,2,2,1,1.0,0.3645671461488859,False,neutral,neutral,False,,
2004-03-10,2004-03-09,1050,1040,2,0,1,1.0,0.4683026027913248,False,neutral,neutral,False,,
2004-03-11,2004-03-10,1051,1041,2,2,1,1.0,0.269637625883861,False,neutral,neutral,False,,
2004-03-12,2004-03-11,1052,1042,0,0,1,0.2570662210686982,0.35240693489,False,neutral,neutral,False,,
2004-03-15,2004-03-12,1053,1043,2,0,1,1.0,0.3617932977138877,False,neutral,neutral,False,,
2004-03-16,2004-03-15,1054,1044,0,0,1,1.0,0.354038111632175,False,neutral,neutral,False,,
2004-03-17,2004-03-16,1055,1045,2,2,1,1.0,0.3216132170504874,False,neutral,neutral,False,,
2004-03-18,2004-03-17,1056,1046,0,2,1,1.0,0.3529744346733859,False,neutral,neutral,False,,
2004-03-19,2004-03-18,1057,1047,2,0,1,0.8003764524972672,0.3117953134169913,False,neutral,neutral,False,,
2004-03-22,2004-03-19,1058,1048,2,2,1,0.1374922638299851,0.3852969014458052,False,neutral,neutral,False,,
2004-03-23,2004-03-22,1059,1049,0,0,1,0.8609372132553534,0.3546501165343771,False,neutral,neutral,False,,
2004-03-24,2004-03-23,1060,1050,2,2,1,0.9412934633827218,0.4748153019575631,False,neutral,neutral,False,,
2004-03-25,2004-03-24,1061,1051,0,0,2,0.8658417280557299,0.4740791173228227,False,neutral,neutral,False,,
2004-03-26,2004-03-25,1062,1052,0,0,1,0.8641609522662433,0.3255114900100926,False,neutral,neutral,False,,
2004-03-29,2004-03-26,1063,1053,0,0,2,0.9388518212309472,0.4755393445620304,False,neutral,neutral,False,,
2004-03-30,2004-03-29,1064,1054,0,0,1,0.8616806311901122,0.3095545210557398,False,neutral,neutral,False,,
2004-03-31,2004-03-30,1065,1055,0,0,1,0.7366128966597927,0.4626490617272408,False,neutral,neutral,False,,
2004-04-01,2004-03-31,1066,1056,0,0,1,0.7256367454646051,0.4740568214560331,False,neutral,neutral,False,,
2004-04-02,2004-04-01,1067,1057,0,0,2,0.5312299927219666,0.4392842277090764,False,neutral,neutral,False,,
2004-04-05,2004-04-02,1068,1058,0,1,2,1.0,0.3341017162708304,False,neutral,neutral,False,,
2004-04-06,2004-04-05,1069,1059,0,1,0,0.6141245103579188,0.3429052457663319,False,neutral,neutral,False,,
2004-04-07,2004-04-06,1070,1060,1,0,2,1.0,0.3132250325270251,False,neutral,neutral,False,,
2004-04-08,2004-04-07,1071,1061,2,2,1,0.3601314441558362,0.3131157527940073,False,neutral,neutral,False,,
2004-04-12,2004-04-08,1072,1062,0,0,1,0.939469758582742,0.4732308999525197,False,neutral,neutral,False,,
2004-04-13,2004-04-12,1073,1063,2,0,1,0.9980780186527288,0.430756927077819,False,neutral,neutral,False,,
2004-04-14,2004-04-13,1074,1064,2,1,0,0.9999280641325148,0.3040106225143049,False,neutral,neutral,False,,
2004-04-15,2004-04-14,1075,1065,0,0,1,1.0,0.4729304316578357,False,neutral,neutral,False,,
2004-04-16,2004-04-15,1076,1066,0,0,1,1.0,0.466649683108895,False,neutral,neutral,False,,
2004-04-19,2004-04-16,1077,1067,0,2,0,0.4881726178259292,0.436972753179823,False,neutral,neutral,False,,
2004-04-20,2004-04-19,1078,1068,0,0,1,1.0,0.4771185284715292,False,neutral,neutral,False,,
2004-04-21,2004-04-20,1079,1069,0,0,2,0.4579729834835684,0.2848838469654131,False,neutral,neutral,False,,
2004-04-22,2004-04-21,1080,1070,2,1,0,0.9989057777213995,0.4060470410641204,False,neutral,neutral,False,,
2004-04-23,2004-04-22,1081,1071,2,2,1,1.0,0.3127805757358556,False,neutral,neutral,False,,
2004-04-26,2004-04-23,1082,1072,2,0,2,0.5382373869824134,0.3676193107818875,False,neutral,neutral,False,,
2004-04-27,2004-04-26,1083,1073,2,2,1,1.0,0.4756819912062549,False,neutral,neutral,False,,
2004-04-28,2004-04-27,1084,1074,0,2,1,1.0,0.4760535267382749,False,neutral,neutral,False,,
2004-04-29,2004-04-28,1085,1075,2,2,1,1.0,0.3453754868365932,False,neutral,neutral,False,,
2004-04-30,2004-04-29,1086,1076,1,1,2,1.0,0.4164906154474205,False,neutral,neutral,False,,
2004-05-03,2004-04-30,1087,1077,0,0,1,0.6391224114610063,0.408737879623322,False,neutral,neutral,False,,
2004-05-04,2004-05-03,1088,1078,2,0,2,0.5228803435248129,0.3664163546265813,False,neutral,neutral,False,,
2004-05-05,2004-05-04,1089,1079,0,0,1,0.979057721370716,0.4773363604028092,False,neutral,neutral,False,,
2004-05-06,2004-05-05,1090,1080,0,0,1,0.9807518788584344,0.4396582135046425,False,neutral,neutral,False,,
2004-05-07,2004-05-06,1091,1081,0,2,1,0.7962467688004381,0.3946086788887515,False,neutral,neutral,False,,
2004-05-10,2004-05-07,1092,1082,0,0,2,0.9027209869724626,0.2707169038821347,False,neutral,neutral,False,,
2004-05-11,2004-05-10,1093,1083,2,2,1,0.6278221435212175,0.3954073786349045,False,neutral,neutral,False,,
2004-05-12,2004-05-11,1094,1084,0,0,1,0.8688188842239262,0.4126477430647872,False,neutral,neutral,False,,
2004-05-13,2004-05-12,1095,1085,0,0,1,0.95301639814546,0.4395719091631898,False,neutral,neutral,False,,
2004-05-14,2004-05-13,1096,1086,1,1,0,0.946406327962204,0.4649670499307335,False,neutral,neutral,False,,
2004-05-17,2004-05-14,1097,1087,2,2,1,0.924606938618988,0.4770097290406719,False,neutral,neutral,False,,
2004-05-18,2004-05-17,1098,1088,1,1,0,0.9236607790394702,0.4211733144953205,False,neutral,neutral,False,,
2004-05-19,2004-05-18,1099,1089,0,0,1,1.0,0.4533343216678845,False,neutral,neutral,False,,
2004-05-20,2004-05-19,1100,1090,2,2,1,1.0,0.4693902832214469,False,neutral,neutral,False,,
2004-05-21,2004-05-20,1101,1091,0,0,1,1.0,0.4674811113132184,False,neutral,neutral,False,,
2004-05-24,2004-05-21,1102,1092,2,2,1,1.0,0.4746533887559544,False,neutral,neutral,False,,
2004-05-25,2004-05-24,1103,1093,1,1,0,1.0,0.4601968313948689,False,neutral,neutral,False,,
2004-05-26,2004-05-25,1104,1094,0,1,2,0.9999978605493324,0.282595968516809,False,neutral,neutral,False,,
2004-05-27,2004-05-26,1105,1095,0,0,1,1.0,0.4663583304962606,False,neutral,neutral,False,,
2004-05-28,2004-05-27,1106,1096,0,2,1,0.8922520252321335,0.449152088287205,False,neutral,neutral,False,,
2004-06-01,2004-05-28,1107,1097,2,0,1,0.6538506646865926,0.4786196170803717,False,neutral,neutral,False,,
2004-06-02,2004-06-01,1108,1098,0,2,1,0.6684815885802989,0.4778081249515171,False,neutral,neutral,False,,
2004-06-03,2004-06-02,1109,1099,1,1,0,0.6321476210353016,0.4657944195820802,False,neutral,neutral,False,,
2004-06-04,2004-06-03,1110,1100,0,0,1,0.8941706961987181,0.4132527296120514,False,neutral,neutral,False,,
2004-06-07,2004-06-04,1111,1101,0,0,1,1.0,0.4213047022762882,False,neutral,neutral,False,,
2004-06-08,2004-06-07,1112,1102,2,0,2,0.5349425016884911,0.3692010955574385,False,neutral,neutral,False,,
2004-06-09,2004-06-08,1113,1103,2,1,0,1.0,0.4772194282007658,False,neutral,neutral,False,,
2004-06-10,2004-06-09,1114,1104,0,2,1,1.0,0.4081061947485415,False,neutral,neutral,False,,
2004-06-14,2004-06-10,1115,1105,0,0,2,0.4605855729315944,0.3738458835873898,False,neutral,neutral,False,,
2004-06-15,2004-06-14,1116,1106,0,2,0,0.9989928855940888,0.3723770379739973,False,neutral,neutral,False,,
2004-06-16,2004-06-15,1117,1107,0,2,0,0.9993287604528274,0.4034645341260651,False,neutral,neutral,False,,
2004-06-17,2004-06-16,1118,1108,0,0,2,0.4651503570505798,0.394597646848018,False,neutral,neutral,False,,
2004-06-18,2004-06-17,1119,1109,2,0,2,0.9995987015312676,0.4492221871280216,False,neutral,neutral,False,,
2004-06-21,2004-06-18,1120,1110,0,2,1,1.0,0.4777890465430878,False,neutral,neutral,False,,
2004-06-22,2004-06-21,1121,1111,0,2,0,0.9999999808449116,0.4418322371410756,False,neutral,neutral,False,,
2004-06-23,2004-06-22,1122,1112,1,0,2,1.0,0.4561598399974603,False,neutral,neutral,False,,
2004-06-24,2004-06-23,1123,1113,0,2,0,0.9999999999195208,0.3871002147865732,False,neutral,neutral,False,,
2004-06-25,2004-06-24,1124,1114,2,0,2,0.4250293432104565,0.3214344957306433,False,neutral,neutral,False,,
2004-06-28,2004-06-25,1125,1115,0,2,1,1.0,0.4619212031100263,False,neutral,neutral,False,,
2004-06-29,2004-06-28,1126,1116,1,0,2,1.0,0.4716291449598384,False,neutral,neutral,False,,
2004-06-30,2004-06-29,1127,1117,0,2,1,1.0,0.4642601371097104,False,neutral,neutral,False,,
2004-07-01,2004-06-30,1128,1118,0,0,2,0.5259259193891842,0.3056447724086022,False,neutral,neutral,False,,
2004-07-02,2004-07-01,1129,1119,0,2,1,0.9999999207157496,0.2905200351078781,False,neutral,neutral,False,,
2004-07-06,2004-07-02,1130,1120,0,2,1,1.0,0.4809690124567847,False,neutral,neutral,False,,
2004-07-07,2004-07-06,1131,1121,0,0,2,0.982826857180114,0.4686274943147918,False,neutral,neutral,False,,
2004-07-08,2004-07-07,1132,1122,0,0,1,0.9807417414956164,0.4477869197710443,False,neutral,neutral,False,,
2004-07-09,2004-07-08,1133,1123,0,0,1,1.0,0.4415898604649063,False,neutral,neutral,False,,
2004-07-12,2004-07-09,1134,1124,0,0,2,0.9201599784373108,0.4402169273775351,False,neutral,neutral,False,,
2004-07-13,2004-07-12,1135,1125,0,2,1,1.0,0.4813390663196946,False,neutral,neutral,False,,
2004-07-14,2004-07-13,1136,1126,0,2,1,1.0,0.481142794741302,False,neutral,neutral,False,,
2004-07-15,2004-07-14,1137,1127,0,2,1,1.0,0.4751174100446871,False,neutral,neutral,False,,
2004-07-16,2004-07-15,1138,1128,2,2,1,1.0,0.4495951166388294,False,neutral,neutral,False,,
2004-07-19,2004-07-16,1139,1129,0,0,1,1.0,0.4821655070244,False,neutral,neutral,False,,
2004-07-20,2004-07-19,1140,1130,0,0,2,0.9804207552486432,0.5011415195031813,True,bear,neutral,True,NEUTRAL_TO_BEAR,
2004-07-21,2004-07-20,1141,1131,0,0,2,0.9999996397199524,0.3007138431291088,False,neutral,bear,True,BEAR_TO_NEUTRAL,
2004-07-22,2004-07-21,1142,1132,0,0,1,1.0,0.2165961258027459,False,neutral,neutral,False,,
2004-07-23,2004-07-22,1143,1133,0,0,2,0.9983389452203304,0.4516104517899555,False,neutral,neutral,False,,
2004-07-26,2004-07-23,1144,1134,0,0,1,1.0,0.4273885818112365,False,neutral,neutral,False,,
2004-07-27,2004-07-26,1145,1135,2,2,1,1.0,0.4805181422362425,False,neutral,neutral,False,,
2004-07-28,2004-07-27,1146,1136,1,1,2,1.0,0.3965980183194637,False,neutral,neutral,False,,
2004-07-29,2004-07-28,1147,1137,0,0,1,1.0,0.4720354098158567,False,neutral,neutral,False,,
2004-07-30,2004-07-29,1148,1138,1,1,0,0.9985337083980668,0.4405177912803921,False,neutral,neutral,False,,
2004-08-02,2004-07-30,1149,1139,1,1,2,1.0,0.4760805862906511,False,neutral,neutral,False,,
2004-08-03,2004-08-02,1150,1140,0,0,1,1.0,0.477989555572752,False,neutral,neutral,False,,
2004-08-04,2004-08-03,1151,1141,1,1,0,0.9999076818445578,0.4080835006764721,False,neutral,neutral,False,,
2004-08-05,2004-08-04,1152,1142,0,0,2,0.9999581188061376,0.4603017746657346,False,neutral,neutral,False,,
2004-08-06,2004-08-05,1153,1143,2,2,1,1.0,0.2675246089351767,False,neutral,neutral,False,,
2004-08-09,2004-08-06,1154,1144,1,1,2,0.9192554800507308,0.3155591052083472,False,neutral,neutral,False,,
2004-08-10,2004-08-09,1155,1145,1,1,2,0.6055412193016969,0.4801652747773451,False,neutral,neutral,False,,
2004-08-11,2004-08-10,1156,1146,1,1,2,0.5398242294270608,0.3293517361346532,False,neutral,neutral,False,,
2004-08-12,2004-08-11,1157,1147,0,0,1,0.5010582798709586,0.4808177659166621,False,neutral,neutral,False,,
2004-08-13,2004-08-12,1158,1148,2,2,1,0.4625101392677769,0.611706017650425,True,bear,neutral,True,NEUTRAL_TO_BEAR,
2004-08-16,2004-08-13,1159,1149,2,0,2,0.9804426290580072,0.3293761380201153,False,neutral,bear,True,BEAR_TO_NEUTRAL,
2004-08-17,2004-08-16,1160,1150,1,1,0,0.4953806447682476,0.2374953613007016,False,neutral,neutral,False,,
2004-08-18,2004-08-17,1161,1151,1,1,0,0.9319887830169448,0.4246822545647237,False,neutral,neutral,False,,
2004-08-19,2004-08-18,1162,1152,0,0,1,1.0,0.3836788346312588,False,neutral,neutral,False,,
2004-08-20,2004-08-19,1163,1153,0,0,1,1.0,0.4769943866678101,False,neutral,neutral,False,,
2004-08-23,2004-08-20,1164,1154,0,0,1,0.959487665376466,0.4355131659158375,False,neutral,neutral,False,,
2004-08-24,2004-08-23,1165,1155,0,0,1,0.9760459728779476,0.4788657713096929,False,neutral,neutral,False,,
2004-08-25,2004-08-24,1166,1156,2,2,1,0.9127393999887372,0.481440885360765,False,neutral,neutral,False,,
2004-08-26,2004-08-25,1167,1157,2,0,1,0.7957975737282558,0.4387649018483001,False,neutral,neutral,False,,
2004-08-27,2004-08-26,1168,1158,2,0,1,0.965225062179433,0.4840329274866546,False,neutral,neutral,False,,
2004-08-30,2004-08-27,1169,1159,0,2,1,0.9783325716112762,0.449088955749842,False,neutral,neutral,False,,
2004-08-31,2004-08-30,1170,1160,2,0,1,1.0,0.4256054374138492,False,neutral,neutral,False,,
2004-09-01,2004-08-31,1171,1161,2,0,1,1.0,0.4568018432763516,False,neutral,neutral,False,,
2004-09-02,2004-09-01,1172,1162,1,0,2,1.0,0.4804747038201009,False,neutral,neutral,False,,
2004-09-03,2004-09-02,1173,1163,0,0,2,1.0,0.3633932088826064,False,neutral,neutral,False,,
2004-09-07,2004-09-03,1174,1164,1,0,2,0.9999253894504376,0.4389926858201253,False,neutral,neutral,False,,
2004-09-08,2004-09-07,1175,1165,0,1,2,1.0,0.4132243984225189,False,neutral,neutral,False,,
2004-09-09,2004-09-08,1176,1166,0,1,2,1.0,0.4546102667390294,False,neutral,neutral,False,,
2004-09-10,2004-09-09,1177,1167,2,2,1,1.0,0.4851218848674333,False,neutral,neutral,False,,
2004-09-13,2004-09-10,1178,1168,1,2,1,0.9987345166401308,0.4558390325726079,False,neutral,neutral,False,,
2004-09-14,2004-09-13,1179,1169,1,1,0,0.9914291611427002,0.4585513642430113,False,neutral,neutral,False,,
2004-09-15,2004-09-14,1180,1170,0,0,2,1.0,0.480857872929573,False,neutral,neutral,False,,
2004-09-16,2004-09-15,1181,1171,1,1,0,1.0,0.4358962874702372,False,neutral,neutral,False,,
2004-09-17,2004-09-16,1182,1172,0,0,1,1.0,0.4762693438046653,False,neutral,neutral,False,,
2004-09-20,2004-09-17,1183,1173,0,0,1,1.0,0.4862848302897093,False,neutral,neutral,False,,
2004-09-21,2004-09-20,1184,1174,0,0,1,1.0,0.4552069268853217,False,neutral,neutral,False,,
2004-09-22,2004-09-21,1185,1175,2,2,0,0.9999999999999992,0.4525937119634167,False,neutral,neutral,False,,
2004-09-23,2004-09-22,1186,1176,0,0,2,0.9999999517324766,0.3081026701344108,False,neutral,neutral,False,,
2004-09-24,2004-09-23,1187,1177,0,0,2,0.9987934436366712,0.4274543850103093,False,neutral,neutral,False,,
2004-09-27,2004-09-24,1188,1178,0,0,2,0.9927914047416404,0.448820565803504,False,neutral,neutral,False,,
2004-09-28,2004-09-27,1189,1179,1,2,1,0.8244409479099639,0.4037853640473337,False,neutral,neutral,False,,
2004-09-29,2004-09-28,1190,1180,0,0,1,1.0,0.4665923237012699,False,neutral,neutral,False,,
2004-09-30,2004-09-29,1191,1181,0,0,1,1.0,0.4646386256079082,False,neutral,neutral,False,,
2004-10-01,2004-09-30,1192,1182,0,0,1,1.0,0.486390087522429,False,neutral,neutral,False,,
2004-10-04,2004-10-01,1193,1183,0,0,1,0.9936452628489046,0.1758531723087068,False,neutral,neutral,False,,
2004-10-05,2004-10-04,1194,1184,0,0,1,0.8322338856143311,0.465409426153415,False,neutral,neutral,False,,
2004-10-06,2004-10-05,1195,1185,0,0,1,0.9919708784372844,0.4867606448596169,False,neutral,neutral,False,,
2004-10-07,2004-10-06,1196,1186,2,0,1,0.9891828038025056,0.3392550802152952,False,neutral,neutral,False,,
2004-10-08,2004-10-07,1197,1187,2,0,2,0.8493699950630597,0.3652297521531173,False,neutral,neutral,False,,
2004-10-11,2004-10-08,1198,1188,2,0,2,0.6558137247612529,0.3547359962414299,False,neutral,neutral,False,,
2004-10-12,2004-10-11,1199,1189,2,0,2,0.1322608681516587,0.3279052579311952,False,neutral,neutral,False,,
2004-10-13,2004-10-12,1200,1190,1,0,1,0.9503246956857144,0.4380173224938575,False,neutral,neutral,False,,
2004-10-14,2004-10-13,1201,1191,0,0,1,1.0,0.4111116366315511,False,neutral,neutral,False,,
2004-10-15,2004-10-14,1202,1192,0,0,1,0.9997444391457454,0.4299375975152313,False,neutral,neutral,False,,
2004-10-18,2004-10-15,1203,1193,2,2,1,0.9312812933979732,0.4587348681990195,False,neutral,neutral,False,,
2004-10-19,2004-10-18,1204,1194,2,2,1,0.9545210965831664,0.4754198159761993,False,neutral,neutral,False,,
2004-10-20,2004-10-19,1205,1195,0,0,1,0.2501275638958658,0.3699427991522481,False,neutral,neutral,False,,
2004-10-21,2004-10-20,1206,1196,0,0,1,1.0,0.4836748176875659,False,neutral,neutral,False,,
2004-10-22,2004-10-21,1207,1197,0,0,1,1.0,0.4487993453711975,False,neutral,neutral,False,,
2004-10-25,2004-10-22,1208,1198,0,0,1,1.0,0.3702038292168926,False,neutral,neutral,False,,
2004-10-26,2004-10-25,1209,1199,0,0,1,0.9993756595189424,0.4650486884099653,False,neutral,neutral,False,,
2004-10-27,2004-10-26,1210,1200,0,0,1,0.9999964902318098,0.2317119598607297,False,neutral,neutral,False,,
2004-10-28,2004-10-27,1211,1201,0,0,2,0.99670064076691,0.3214535628439373,False,neutral,neutral,False,,
2004-10-29,2004-10-28,1212,1202,0,0,1,1.0,0.4800898609630021,False,neutral,neutral,False,,
2004-11-01,2004-10-29,1213,1203,2,2,1,0.9570578274026011,0.4880607179544257,False,neutral,neutral,False,,
2004-11-02,2004-11-01,1214,1204,2,2,1,0.7923277148026708,0.4821768023402676,False,neutral,neutral,False,,
2004-11-03,2004-11-02,1215,1205,2,2,1,0.6885564630512243,0.4884199193741256,False,neutral,neutral,False,,
2004-11-04,2004-11-03,1216,1206,0,0,1,0.2729268992430109,0.3398235035542645,False,neutral,neutral,False,,
2004-11-05,2004-11-04,1217,1207,2,0,1,1.0,0.3724212948222079,False,neutral,neutral,False,,
2004-11-08,2004-11-05,1218,1208,2,0,1,1.0,0.320775923854103,False,neutral,neutral,False,,
2004-11-09,2004-11-08,1219,1209,1,0,2,1.0,0.3066800740813705,False,neutral,neutral,False,,
2004-11-10,2004-11-09,1220,1210,0,1,0,0.824594545386714,0.3262885081897549,False,neutral,neutral,False,,
2004-11-11,2004-11-10,1221,1211,2,0,1,1.0,0.3096128656231225,False,neutral,neutral,False,,
2004-11-12,2004-11-11,1222,1212,2,0,1,1.0,0.3326904915362369,False,neutral,neutral,False,,
2004-11-15,2004-11-12,1223,1213,2,2,1,1.0,0.3337020853270352,False,neutral,neutral,False,,
2004-11-16,2004-11-15,1224,1214,1,0,1,0.9615104187362704,0.3243913973223178,False,neutral,neutral,False,,
2004-11-17,2004-11-16,1225,1215,0,0,1,1.0,0.4346876329449439,False,neutral,neutral,False,,
2004-11-18,2004-11-17,1226,1216,0,0,1,1.0,0.4546490269935797,False,neutral,neutral,False,,
2004-11-19,2004-11-18,1227,1217,1,1,2,1.0,0.4849588920322469,False,neutral,neutral,False,,
2004-11-22,2004-11-19,1228,1218,2,2,1,1.0,0.3693822743888765,False,neutral,neutral,False,,
2004-11-23,2004-11-22,1229,1219,0,0,1,0.9999490725547068,0.4475006891776539,False,neutral,neutral,False,,
2004-11-24,2004-11-23,1230,1220,0,0,1,0.9999994258448788,0.4659316795197594,False,neutral,neutral,False,,
2004-11-26,2004-11-24,1231,1221,0,0,1,0.9999999996058364,0.4649609721776782,False,neutral,neutral,False,,
2004-11-29,2004-11-26,1232,1222,0,0,1,1.0,0.4848200700445556,False,neutral,neutral,False,,
2004-11-30,2004-11-29,1233,1223,1,1,2,1.0,0.4659620383878148,False,neutral,neutral,False,,
2004-12-01,2004-11-30,1234,1224,1,1,2,1.0,0.4891397468631424,False,neutral,neutral,False,,
2004-12-02,2004-12-01,1235,1225,0,0,2,1.0,0.3644816885619178,False,neutral,neutral,False,,
2004-12-03,2004-12-02,1236,1226,0,0,2,1.0,0.489188040163422,False,neutral,neutral,False,,
2004-12-06,2004-12-03,1237,1227,0,0,1,1.0,0.4879412401187268,False,neutral,neutral,False,,
2004-12-07,2004-12-06,1238,1228,0,0,1,1.0,0.4878986050778766,False,neutral,neutral,False,,
2004-12-08,2004-12-07,1239,1229,0,0,1,1.0,0.4083030374463228,False,neutral,neutral,False,,
2004-12-09,2004-12-08,1240,1230,0,0,1,1.0,0.4607938646777672,False,neutral,neutral,False,,
2004-12-10,2004-12-09,1241,1231,2,2,1,1.0,0.474265864790817,False,neutral,neutral,False,,
2004-12-13,2004-12-10,1242,1232,2,2,1,1.0,0.4891684919398865,False,neutral,neutral,False,,
2004-12-14,2004-12-13,1243,1233,2,2,1,1.0,0.4195002247346723,False,neutral,neutral,False,,
2004-12-15,2004-12-14,1244,1234,2,2,1,1.0,0.4794378803198795,False,neutral,neutral,False,,
2004-12-16,2004-12-15,1245,1235,0,0,1,1.0,0.4892868387052555,False,neutral,neutral,False,,
2004-12-17,2004-12-16,1246,1236,0,0,1,1.0,0.4885995855534308,False,neutral,neutral,False,,
2004-12-20,2004-12-17,1247,1237,0,0,1,1.0,0.3622695766657612,False,neutral,neutral,False,,
2004-12-21,2004-12-20,1248,1238,0,0,1,1.0,0.48960008506602,False,neutral,neutral,False,,
2004-12-22,2004-12-21,1249,1239,0,0,1,1.0,0.4278603387304427,False,neutral,neutral,False,,
2004-12-23,2004-12-22,1250,1240,0,0,1,1.0,0.4837363793497751,False,neutral,neutral,False,,
2004-12-27,2004-12-23,1251,1241,0,0,1,1.0,0.4897871110665256,False,neutral,neutral,False,,
2004-12-28,2004-12-27,1252,1242,2,2,1,1.0,0.4871200280534766,False,neutral,neutral,False,,
2004-12-29,2004-12-28,1253,1243,0,0,1,1.0,0.4585910636238633,False,neutral,neutral,False,,
2004-12-30,2004-12-29,1254,1244,0,0,1,1.0,0.4904702866114538,False,neutral,neutral,False,,
2004-12-31,2004-12-30,1255,1245,0,2,1,1.0,0.4874224280168059,False,neutral,neutral,False,,
2005-01-03,2004-12-31,1256,1246,2,2,1,1.0,0.4854210207770233,False,neutral,neutral,False,,
2005-01-04,2005-01-03,1257,1247,0,0,1,1.0,0.464645037389115,False,neutral,neutral,False,,
2005-01-05,2005-01-04,1258,1248,0,0,1,1.0,0.3395172557888597,False,neutral,neutral,False,,
2005-01-06,2005-01-05,1259,1249,2,2,1,1.0,0.4368181418746884,False,neutral,neutral,False,,
2005-01-07,2005-01-06,1260,1250,0,0,1,0.993248729313984,0.4710689272212746,False,neutral,neutral,False,,
2005-01-10,2005-01-07,1261,1251,0,2,0,0.4785759220000934,0.3863744217679072,False,neutral,neutral,False,,
2005-01-11,2005-01-10,1262,1252,2,2,0,0.4890383032454553,0.3699138395520644,False,neutral,neutral,False,,
2005-01-12,2005-01-11,1263,1253,2,2,0,0.4914299692963718,0.4042316808188815,False,neutral,neutral,False,,
2005-01-13,2005-01-12,1264,1254,2,2,1,1.0,0.4857605322511733,False,neutral,neutral,False,,
2005-01-14,2005-01-13,1265,1255,1,1,2,1.0,0.420396209428614,False,neutral,neutral,False,,
2005-01-18,2005-01-14,1266,1256,1,1,2,1.0,0.4685369115555712,False,neutral,neutral,False,,
2005-01-19,2005-01-18,1267,1257,0,0,1,1.0,0.3859359310628454,False,neutral,neutral,False,,
2005-01-20,2005-01-19,1268,1258,0,0,2,0.9999999999278584,0.3445970833748323,False,neutral,neutral,False,,
2005-01-21,2005-01-20,1269,1259,0,0,1,1.0,0.4464210085472011,False,neutral,neutral,False,,
2005-01-24,2005-01-21,1270,1260,0,0,1,1.0,0.4470261587117239,False,neutral,neutral,False,,
2005-01-25,2005-01-24,1271,1261,0,2,1,1.0,0.4876629046194348,False,neutral,neutral,False,,
2005-01-26,2005-01-25,1272,1262,0,2,1,1.0,0.4883460385788073,False,neutral,neutral,False,,
2005-01-27,2005-01-26,1273,1263,2,2,1,1.0,0.4863016096566013,False,neutral,neutral,False,,
2005-01-28,2005-01-27,1274,1264,2,2,1,1.0,0.4927473620066581,False,neutral,neutral,False,,
2005-01-31,2005-01-28,1275,1265,2,2,0,0.4666196890941088,0.3893881435680922,False,neutral,neutral,False,,
2005-02-01,2005-01-31,1276,1266,0,1,2,1.0,0.4557267077112859,False,neutral,neutral,False,,
2005-02-02,2005-02-01,1277,1267,1,0,2,1.0,0.4554636608642269,False,neutral,neutral,False,,
2005-02-03,2005-02-02,1278,1268,1,0,2,1.0,0.4892604033735011,False,neutral,neutral,False,,
2005-02-04,2005-02-03,1279,1269,0,0,2,0.5174022111737357,0.3528121079017811,False,neutral,neutral,False,,
2005-02-07,2005-02-04,1280,1270,0,2,1,0.9027192343250924,0.4014744206904325,False,neutral,neutral,False,,
2005-02-08,2005-02-07,1281,1271,0,1,2,0.8965148415452358,0.4928418408876985,False,neutral,neutral,False,,
2005-02-09,2005-02-08,1282,1272,0,1,2,0.934572769732102,0.4967829172331977,False,neutral,neutral,False,,
2005-02-10,2005-02-09,1283,1273,0,1,2,1.0,0.4240701731262104,False,neutral,neutral,False,,
2005-02-11,2005-02-10,1284,1274,0,1,2,1.0,0.4859750759098716,False,neutral,neutral,False,,
2005-02-14,2005-02-11,1285,1275,2,0,1,1.0,0.4181586625743678,False,neutral,neutral,False,,
2005-02-15,2005-02-14,1286,1276,2,0,1,1.0,0.4951306488475952,False,neutral,neutral,False,,
2005-02-16,2005-02-15,1287,1277,0,1,2,1.0,0.4855839297820247,False,neutral,neutral,False,,
2005-02-17,2005-02-16,1288,1278,0,2,1,1.0,0.4975078675130143,False,neutral,neutral,False,,
2005-02-18,2005-02-17,1289,1279,0,1,2,1.0,0.4078615158732067,False,neutral,neutral,False,,
2005-02-22,2005-02-18,1290,1280,0,2,1,1.0,0.4965923263195343,False,neutral,neutral,False,,
2005-02-23,2005-02-22,1291,1281,0,1,2,1.0,0.2693921743945232,False,neutral,neutral,False,,
2005-02-24,2005-02-23,1292,1282,0,2,1,1.0,0.4429346990913704,False,neutral,neutral,False,,
2005-02-25,2005-02-24,1293,1283,0,1,2,1.0,0.4515474606525211,False,neutral,neutral,False,,
2005-02-28,2005-02-25,1294,1284,0,1,2,1.0,0.3907848843426946,False,neutral,neutral,False,,
2005-03-01,2005-02-28,1295,1285,0,2,1,1.0,0.4390216074990382,False,neutral,neutral,False,,
2005-03-02,2005-03-01,1296,1286,0,2,1,1.0,0.4671014338607221,False,neutral,neutral,False,,
2005-03-03,2005-03-02,1297,1287,0,2,1,1.0,0.4957907491497123,False,neutral,neutral,False,,
2005-03-04,2005-03-03,1298,1288,0,2,1,1.0,0.4983752057926969,False,neutral,neutral,False,,
2005-03-07,2005-03-04,1299,1289,0,2,1,0.9798779278119132,0.3245018022335336,False,neutral,neutral,False,,
2005-03-08,2005-03-07,1300,1290,1,0,2,0.30573598640381,0.4771677509277177,False,neutral,neutral,False,,
2005-03-09,2005-03-08,1301,1291,1,0,2,1.0,0.4757359616806739,False,neutral,neutral,False,,
2005-03-10,2005-03-09,1302,1292,1,0,2,1.0,0.3484196642606811,False,neutral,neutral,False,,
2005-03-11,2005-03-10,1303,1293,1,0,2,1.0,0.494969483216029,False,neutral,neutral,False,,
2005-03-14,2005-03-11,1304,1294,1,1,0,0.3748533613594046,0.6447133821729245,True,bear,neutral,True,NEUTRAL_TO_BEAR,
2005-03-15,2005-03-14,1305,1295,0,1,2,1.0,0.4488595527774524,False,neutral,bear,True,BEAR_TO_NEUTRAL,
2005-03-16,2005-03-15,1306,1296,2,2,0,0.4795358889112253,0.4767176181948129,False,neutral,neutral,False,,
2005-03-17,2005-03-16,1307,1297,0,2,0,0.5042364271229502,0.2636557513690544,False,neutral,neutral,False,,
2005-03-18,2005-03-17,1308,1298,0,2,1,0.7349804653092946,0.4961875477447561,False,neutral,neutral,False,,
2005-03-21,2005-03-18,1309,1299,2,1,0,0.6129016331421475,0.4355031051518698,False,neutral,neutral,False,,
2005-03-22,2005-03-21,1310,1300,2,1,0,0.6748173823268702,0.4774388929593264,False,neutral,neutral,False,,
2005-03-23,2005-03-22,1311,1301,2,1,0,0.4418796281644776,0.3716244364319954,False,neutral,neutral,False,,
2005-03-24,2005-03-23,1312,1302,0,2,1,0.1442889228003009,0.4982249904821905,False,neutral,neutral,False,,
2005-03-28,2005-03-24,1313,1303,0,2,1,0.3280415652775164,0.4989493887812449,False,neutral,neutral,False,,
2005-03-29,2005-03-28,1314,1304,2,1,0,0.4391166590629861,0.4976367170763166,False,neutral,neutral,False,,
2005-03-30,2005-03-29,1315,1305,0,2,1,0.875033697816276,0.4414482120645466,False,neutral,neutral,False,,
2005-03-31,2005-03-30,1316,1306,0,2,1,1.0,0.2723779234218969,False,neutral,neutral,False,,
2005-04-01,2005-03-31,1317,1307,1,0,2,1.0,0.4936505763370758,False,neutral,neutral,False,,
2005-04-04,2005-04-01,1318,1308,1,0,2,1.0,0.4713156202785913,False,neutral,neutral,False,,
2005-04-05,2005-04-04,1319,1309,1,0,2,1.0,0.4977096384745729,False,neutral,neutral,False,,
2005-04-06,2005-04-05,1320,1310,0,2,0,0.5462264362596211,0.4455809652329227,False,neutral,neutral,False,,
2005-04-07,2005-04-06,1321,1311,1,0,2,1.0,0.4880466241073885,False,neutral,neutral,False,,
2005-04-08,2005-04-07,1322,1312,0,1,2,1.0,0.4712888106060849,False,neutral,neutral,False,,
2005-04-11,2005-04-08,1323,1313,0,2,1,1.0,0.3668217135796865,False,neutral,neutral,False,,
2005-04-12,2005-04-11,1324,1314,0,1,0,0.9999933887467878,0.4789021714739431,False,neutral,neutral,False,,
2005-04-13,2005-04-12,1325,1315,2,1,0,1.0,0.4730265240079653,False,neutral,neutral,False,,
2005-04-14,2005-04-13,1326,1316,1,0,2,1.0,0.3325215027754994,False,neutral,neutral,False,,
2005-04-15,2005-04-14,1327,1317,1,0,2,1.0,0.3017923392107666,False,neutral,neutral,False,,
2005-04-18,2005-04-15,1328,1318,1,0,2,0.2732859599716044,0.2787493132708248,False,neutral,neutral,False,,
2005-04-19,2005-04-18,1329,1319,1,2,0,0.834334304857604,0.3223705442740416,False,neutral,neutral,False,,
2005-04-20,2005-04-19,1330,1320,0,0,2,1.0,0.3317312683879224,False,neutral,neutral,False,,
2005-04-21,2005-04-20,1331,1321,0,0,2,1.0,0.3898897435264594,False,neutral,neutral,False,,
2005-04-22,2005-04-21,1332,1322,2,2,1,1.0,0.4061038542445076,False,neutral,neutral,False,,
2005-04-25,2005-04-22,1333,1323,1,1,2,1.0,0.314261032104714,False,neutral,neutral,False,,
2005-04-26,2005-04-25,1334,1324,2,2,1,0.6304690053360688,0.3230073054808671,False,neutral,neutral,False,,
2005-04-27,2005-04-26,1335,1325,0,1,2,1.0,0.3819544501230666,False,neutral,neutral,False,,
2005-04-28,2005-04-27,1336,1326,0,2,1,1.0,0.4839400428592841,False,neutral,neutral,False,,
2005-04-29,2005-04-28,1337,1327,0,2,1,1.0,0.3164532092453743,False,neutral,neutral,False,,
2005-05-02,2005-04-29,1338,1328,0,2,1,1.0,0.2856913280831147,False,neutral,neutral,False,,
2005-05-03,2005-05-02,1339,1329,0,2,1,1.0,0.4652019136699842,False,neutral,neutral,False,,
2005-05-04,2005-05-03,1340,1330,0,1,0,0.939447007147248,0.4831488483009743,False,neutral,neutral,False,,
2005-05-05,2005-05-04,1341,1331,1,0,2,1.0,0.4324176574928378,False,neutral,neutral,False,,
2005-05-06,2005-05-05,1342,1332,2,0,1,1.0,0.4978233340939646,False,neutral,neutral,False,,
2005-05-09,2005-05-06,1343,1333,0,1,0,0.6361874436976539,0.4567671754775361,False,neutral,neutral,False,,
2005-05-10,2005-05-09,1344,1334,1,0,2,0.9620211688799434,0.458080630110136,False,neutral,neutral,False,,
2005-05-11,2005-05-10,1345,1335,0,2,1,0.886469317118539,0.332853903793139,False,neutral,neutral,False,,
2005-05-12,2005-05-11,1346,1336,2,0,2,0.9157972553439716,0.4536517458221669,False,neutral,neutral,False,,
2005-05-13,2005-05-12,1347,1337,0,2,0,0.9999980661553824,0.3116112291982829,False,neutral,neutral,False,,
2005-05-16,2005-05-13,1348,1338,0,1,2,1.0,0.4915290769951317,False,neutral,neutral,False,,
2005-05-17,2005-05-16,1349,1339,0,2,0,1.0,0.3820157400656802,False,neutral,neutral,False,,
2005-05-18,2005-05-17,1350,1340,0,2,0,1.0,0.4393408157765644,False,neutral,neutral,False,,
2005-05-19,2005-05-18,1351,1341,0,2,0,0.9688986236652214,0.3586645332592163,False,neutral,neutral,False,,
2005-05-20,2005-05-19,1352,1342,0,2,1,0.9847856908236624,0.4823635623474883,False,neutral,neutral,False,,
2005-05-23,2005-05-20,1353,1343,1,2,1,0.4335900727775537,0.4696906998996857,False,neutral,neutral,False,,
2005-05-24,2005-05-23,1354,1344,2,0,2,0.4288450974669808,0.4074630267320898,False,neutral,neutral,False,,
2005-05-25,2005-05-24,1355,1345,0,0,2,0.381395670776588,0.4030419182004018,False,neutral,neutral,False,,
2005-05-26,2005-05-25,1356,1346,1,1,0,0.9247942943643744,0.3168075523478744,False,neutral,neutral,False,,
2005-05-27,2005-05-26,1357,1347,2,2,0,0.4815031818989052,0.2981660937788595,False,neutral,neutral,False,,
2005-05-31,2005-05-27,1358,1348,1,0,2,1.0,0.4984566421471364,False,neutral,neutral,False,,
2005-06-01,2005-05-31,1359,1349,1,0,2,1.0,0.4427520442299266,False,neutral,neutral,False,,
2005-06-02,2005-06-01,1360,1350,0,2,1,1.0,0.4190452291668278,False,neutral,neutral,False,,
2005-06-03,2005-06-02,1361,1351,0,1,2,1.0,0.4755953048885527,False,neutral,neutral,False,,
2005-06-06,2005-06-03,1362,1352,0,1,2,1.0,0.4324158704411979,False,neutral,neutral,False,,
2005-06-07,2005-06-06,1363,1353,0,1,2,1.0,0.4760389822326768,False,neutral,neutral,False,,
2005-06-08,2005-06-07,1364,1354,2,1,0,1.0,0.5009357946675712,True,bull,neutral,True,NEUTRAL_TO_BULL,
2005-06-09,2005-06-08,1365,1355,0,0,2,0.3492216426965359,0.3053437851210313,False,neutral,bull,True,BULL_TO_NEUTRAL,
2005-06-10,2005-06-09,1366,1356,0,1,2,1.0,0.468374881672441,False,neutral,neutral,False,,
2005-06-13,2005-06-10,1367,1357,0,1,2,1.0,0.463310274023633,False,neutral,neutral,False,,
2005-06-14,2005-06-13,1368,1358,1,0,2,1.0,0.4924306090378213,False,neutral,neutral,False,,
2005-06-15,2005-06-14,1369,1359,0,1,2,1.0,0.4763855619275765,False,neutral,neutral,False,,
2005-06-16,2005-06-15,1370,1360,0,1,2,1.0,0.480915180456578,False,neutral,neutral,False,,
2005-06-17,2005-06-16,1371,1361,1,0,2,1.0,0.4964717470392524,False,neutral,neutral,False,,
2005-06-20,2005-06-17,1372,1362,0,1,0,1.0,0.4798805802862209,False,neutral,neutral,False,,
2005-06-21,2005-06-20,1373,1363,0,2,1,1.0,0.5016955607204493,True,bull,neutral,True,NEUTRAL_TO_BULL,
2005-06-22,2005-06-21,1374,1364,1,2,0,1.0,0.4786232645745711,False,neutral,bull,True,BULL_TO_NEUTRAL,
2005-06-23,2005-06-22,1375,1365,0,2,0,1.0,0.4827339604846689,False,neutral,neutral,False,,
2005-06-24,2005-06-23,1376,1366,0,2,1,1.0,0.2715591289958187,False,neutral,neutral,False,,
2005-06-27,2005-06-24,1377,1367,2,0,1,1.0,0.4283279545183465,False,neutral,neutral,False,,
2005-06-28,2005-06-27,1378,1368,0,1,2,0.9637254060523336,0.4789946665782839,False,neutral,neutral,False,,
2005-06-29,2005-06-28,1379,1369,0,2,1,0.9155419778245498,0.4015990160441559,False,neutral,neutral,False,,
2005-06-30,2005-06-29,1380,1370,1,2,0,0.894505649145114,0.4613325906487196,False,neutral,neutral,False,,
2005-07-01,2005-06-30,1381,1371,0,2,1,0.9093515072519266,0.4283728340313519,False,neutral,neutral,False,,
2005-07-05,2005-07-01,1382,1372,0,2,1,0.9278728921357804,0.4807819942845066,False,neutral,neutral,False,,
2005-07-06,2005-07-05,1383,1373,0,1,2,0.993679075144561,0.411582793159344,False,neutral,neutral,False,,
2005-07-07,2005-07-06,1384,1374,0,1,2,0.999916577748196,0.3722653035771303,False,neutral,neutral,False,,
2005-07-08,2005-07-07,1385,1375,0,2,1,1.0,0.4727746019869664,False,neutral,neutral,False,,
2005-07-11,2005-07-08,1386,1376,0,2,1,1.0,0.3460684429684544,False,neutral,neutral,False,,
2005-07-12,2005-07-11,1387,1377,0,2,1,0.991241164154743,0.4604984483610256,False,neutral,neutral,False,,
2005-07-13,2005-07-12,1388,1378,0,2,1,0.8655678394132147,0.4806632880703498,False,neutral,neutral,False,,
2005-07-14,2005-07-13,1389,1379,0,2,1,0.3932802992919625,0.4848107452985753,False,neutral,neutral,False,,
2005-07-15,2005-07-14,1390,1380,2,1,0,0.5275841096801832,0.4895446633214614,False,neutral,neutral,False,,
2005-07-18,2005-07-15,1391,1381,0,2,1,0.6074645940566814,0.5016389471885362,True,bull,neutral,True,NEUTRAL_TO_BULL,
2005-07-19,2005-07-18,1392,1382,0,2,1,0.854274292241075,0.4783932056812437,False,neutral,bull,True,BULL_TO_NEUTRAL,
2005-07-20,2005-07-19,1393,1383,0,0,2,0.9892310830375548,0.3718804932853861,False,neutral,neutral,False,,
2005-07-21,2005-07-20,1394,1384,0,2,1,0.9636833864005976,0.477126165285336,False,neutral,neutral,False,,
2005-07-22,2005-07-21,1395,1385,0,1,2,1.0,0.4535810992476449,False,neutral,neutral,False,,
2005-07-25,2005-07-22,1396,1386,0,1,2,0.9999999999999996,0.4416408792825688,False,neutral,neutral,False,,
2005-07-26,2005-07-25,1397,1387,2,0,2,0.4500979395009642,0.3906589241097745,False,neutral,neutral,False,,
2005-07-27,2005-07-26,1398,1388,0,2,1,1.0,0.4837615258286594,False,neutral,neutral,False,,
2005-07-28,2005-07-27,1399,1389,2,0,2,0.4465978703017718,0.5004474102911397,True,bull,neutral,True,NEUTRAL_TO_BULL,
2005-07-29,2005-07-28,1400,1390,0,0,2,0.4491003311929059,0.263681547099004,False,neutral,bull,True,BULL_TO_NEUTRAL,
2005-08-01,2005-07-29,1401,1391,0,2,1,1.0,0.4385115282153308,False,neutral,neutral,False,,
2005-08-02,2005-08-01,1402,1392,0,2,1,1.0,0.5020116559217148,True,bull,neutral,True,NEUTRAL_TO_BULL,
2005-08-03,2005-08-02,1403,1393,0,1,2,1.0,0.4664414187579337,False,neutral,bull,True,BULL_TO_NEUTRAL,
2005-08-04,2005-08-03,1404,1394,0,1,2,1.0,0.4995613612635243,False,neutral,neutral,False,,
2005-08-05,2005-08-04,1405,1395,0,2,1,1.0,0.4138251388813403,False,neutral,neutral,False,,
2005-08-08,2005-08-05,1406,1396,0,2,1,1.0,0.4374453521265325,False,neutral,neutral,False,,
2005-08-09,2005-08-08,1407,1397,0,2,1,1.0,0.4976820438107004,False,neutral,neutral,False,,
2005-08-10,2005-08-09,1408,1398,0,2,1,1.0,0.4642290785310469,False,neutral,neutral,False,,
2005-08-11,2005-08-10,1409,1399,1,0,1,0.9999999998747838,0.4872585725349311,False,neutral,neutral,False,,
2005-08-12,2005-08-11,1410,1400,1,2,1,1.0,0.4840768415525555,False,neutral,neutral,False,,
2005-08-15,2005-08-12,1411,1401,1,0,1,1.0,0.4106469760849544,False,neutral,neutral,False,,
2005-08-16,2005-08-15,1412,1402,1,0,1,1.0,0.4599813878170806,False,neutral,neutral,False,,
2005-08-17,2005-08-16,1413,1403,0,0,2,1.0,0.2929634770427199,False,neutral,neutral,False,,
2005-08-18,2005-08-17,1414,1404,0,2,1,1.0,0.5076313634988467,True,bull,neutral,True,NEUTRAL_TO_BULL,
2005-08-19,2005-08-18,1415,1405,0,2,1,1.0,0.5078874751031628,True,bull,bull,False,,
2005-08-22,2005-08-19,1416,1406,0,2,1,1.0,0.5046499180266327,True,bull,bull,False,,
2005-08-23,2005-08-22,1417,1407,2,1,0,1.0,0.5016811050623549,True,bull,bull,False,,
2005-08-24,2005-08-23,1418,1408,0,2,1,1.0,0.5006090354664658,True,bull,bull,False,,
2005-08-25,2005-08-24,1419,1409,2,1,0,1.0,0.3942226638662395,False,neutral,bull,True,BULL_TO_NEUTRAL,
2005-08-26,2005-08-25,1420,1410,2,1,0,1.0,0.5023294302484245,True,bull,neutral,True,NEUTRAL_TO_BULL,
2005-08-29,2005-08-26,1421,1411,1,2,1,0.981920510191702,0.3813331894825029,False,neutral,bull,True,BULL_TO_NEUTRAL,
2005-08-30,2005-08-29,1422,1412,0,2,0,0.521084993822578,0.5085078128577486,True,bull,neutral,True,NEUTRAL_TO_BULL,
2005-08-31,2005-08-30,1423,1413,0,2,0,0.999999998995435,0.4234612061010401,False,neutral,bull,True,BULL_TO_NEUTRAL,
2005-09-01,2005-08-31,1424,1414,0,1,0,0.9996568026506631,0.2740963174322273,False,neutral,neutral,False,,
2005-09-02,2005-09-01,1425,1415,0,2,0,0.9999957951443296,0.4795698171786265,False,neutral,neutral,False,,
2005-09-06,2005-09-02,1426,1416,0,2,1,1.0,0.4932507748659811,False,neutral,neutral,False,,
2005-09-07,2005-09-06,1427,1417,0,1,2,1.0,0.3493948235054095,False,neutral,neutral,False,,
2005-09-08,2005-09-07,1428,1418,1,0,2,0.9906514061926304,0.5059792322203309,True,bull,neutral,True,NEUTRAL_TO_BULL,
2005-09-09,2005-09-08,1429,1419,1,0,1,0.6063510459700299,0.4569937863798883,False,neutral,bull,True,BULL_TO_NEUTRAL,
2005-09-12,2005-09-09,1430,1420,0,1,0,0.0929528660180784,0.4005450998749162,False,neutral,neutral,False,,
2005-09-13,2005-09-12,1431,1421,0,0,2,0.4967286479000752,0.4145696528024064,False,neutral,neutral,False,,
2005-09-14,2005-09-13,1432,1422,2,0,2,0.5072738880373251,0.3245951658262934,False,neutral,neutral,False,,
2005-09-15,2005-09-14,1433,1423,1,0,1,0.9996304459837262,0.454189405058971,False,neutral,neutral,False,,
2005-09-16,2005-09-15,1434,1424,0,2,0,0.9999779271088548,0.488111796033834,False,neutral,neutral,False,,
2005-09-19,2005-09-16,1435,1425,0,0,2,0.4180224249143267,0.2862030404800733,False,neutral,neutral,False,,
2005-09-20,2005-09-19,1436,1426,2,0,2,0.5310007572733053,0.349075725309674,False,neutral,neutral,False,,
2005-09-21,2005-09-20,1437,1427,0,1,0,0.9984495772305444,0.34316622664691,False,neutral,neutral,False,,
2005-09-22,2005-09-21,1438,1428,0,2,0,0.7129484246646989,0.3236450376485333,False,neutral,neutral,False,,
2005-09-23,2005-09-22,1439,1429,0,2,0,0.2746113706214425,0.4914691865515364,False,neutral,neutral,False,,
2005-09-26,2005-09-23,1440,1430,1,0,1,0.4840727794969439,0.4947312521451553,False,neutral,neutral,False,,
2005-09-27,2005-09-26,1441,1431,2,0,2,0.8037697451085325,0.4938262336159663,False,neutral,neutral,False,,
2005-09-28,2005-09-27,1442,1432,2,0,2,0.5169425572887107,0.4075176626088018,False,neutral,neutral,False,,
2005-09-29,2005-09-28,1443,1433,2,0,2,0.5663055716204636,0.5219486426730068,True,bull,neutral,True,NEUTRAL_TO_BULL,
2005-09-30,2005-09-29,1444,1434,0,1,0,0.9965957741214748,0.4162133774450706,False,neutral,bull,True,BULL_TO_NEUTRAL,
2005-10-03,2005-09-30,1445,1435,2,0,2,0.63354948006151,0.6432924107549016,True,bull,neutral,True,NEUTRAL_TO_BULL,
2005-10-04,2005-10-03,1446,1436,1,0,1,0.9999999911635687,0.4474717056900456,False,neutral,bull,True,BULL_TO_NEUTRAL,
2005-10-05,2005-10-04,1447,1437,0,1,2,0.9999948904836312,0.2996893260131601,False,neutral,neutral,False,,
2005-10-06,2005-10-05,1448,1438,0,1,2,0.9728868592804266,0.2495461888200715,False,neutral,neutral,False,,
2005-10-07,2005-10-06,1449,1439,0,1,2,0.4353023976374722,0.4581095953298157,False,neutral,neutral,False,,
2005-10-10,2005-10-07,1450,1440,1,1,0,0.9906300697452708,0.3129722019742264,False,neutral,neutral,False,,
2005-10-11,2005-10-10,1451,1441,0,2,1,0.0331352609655705,0.4036225690700385,False,neutral,neutral,False,,
2005-10-12,2005-10-11,1452,1442,2,2,0,0.2616612195379812,0.3294919632918927,False,neutral,neutral,False,,
2005-10-13,2005-10-12,1453,1443,2,1,2,0.5342963940233959,0.3548736237556472,False,neutral,neutral,False,,
2005-10-14,2005-10-13,1454,1444,1,0,2,1.0,0.2013554135861116,False,neutral,neutral,False,,
2005-10-17,2005-10-14,1455,1445,0,2,0,0.9588616816873882,0.3710093730555407,False,neutral,neutral,False,,
2005-10-18,2005-10-17,1456,1446,2,1,0,0.2990923063282836,0.3224220636823251,False,neutral,neutral,False,,
2005-10-19,2005-10-18,1457,1447,0,1,0,0.9988555704688696,0.306267191715489,False,neutral,neutral,False,,
2005-10-20,2005-10-19,1458,1448,0,2,0,1.0,0.1313291366577433,False,neutral,neutral,False,,
2005-10-21,2005-10-20,1459,1449,2,1,2,0.9941425648345056,0.1145086848509566,False,neutral,neutral,False,,
2005-10-24,2005-10-21,1460,1450,1,2,1,0.9999693754852192,0.47507426393561,False,neutral,neutral,False,,
2005-10-25,2005-10-24,1461,1451,0,2,0,0.981165174142424,0.1801247558592124,False,neutral,neutral,False,,
2005-10-26,2005-10-25,1462,1452,0,1,0,0.9107257340459732,0.4717051607565281,False,neutral,neutral,False,,
2005-10-27,2005-10-26,1463,1453,1,2,1,0.9602940583960916,0.4640405908910639,False,neutral,neutral,False,,
2005-10-28,2005-10-27,1464,1454,1,0,1,0.995462246320978,0.3123731543360621,False,neutral,neutral,False,,
2005-10-31,2005-10-28,1465,1455,1,0,1,0.981722957268394,0.2188354722404243,False,neutral,neutral,False,,
2005-11-01,2005-10-31,1466,1456,0,1,0,0.9147509028743516,0.4859148096794614,False,neutral,neutral,False,,
2005-11-02,2005-11-01,1467,1457,1,0,1,0.9254311526930756,0.4842059764689299,False,neutral,neutral,False,,
2005-11-03,2005-11-02,1468,1458,0,1,0,0.161595585026478,0.3534630742623648,False,neutral,neutral,False,,
2005-11-04,2005-11-03,1469,1459,2,0,2,0.4549870235300997,0.5462658160292159,True,bull,neutral,True,NEUTRAL_TO_BULL,
2005-11-07,2005-11-04,1470,1460,1,1,0,0.9914096188008564,0.3247972014075396,False,neutral,bull,True,BULL_TO_NEUTRAL,
2005-11-08,2005-11-07,1471,1461,1,1,2,0.9824427619528532,0.3194859160311928,False,neutral,neutral,False,,
2005-11-09,2005-11-08,1472,1462,2,1,0,0.9858406655600532,0.3199153630577813,False,neutral,neutral,False,,
2005-11-10,2005-11-09,1473,1463,0,0,1,0.978998030761648,0.3195338331894073,False,neutral,neutral,False,,
2005-11-11,2005-11-10,1474,1464,0,2,1,0.9319612407558092,0.435449543045711,False,neutral,neutral,False,,
2005-11-14,2005-11-11,1475,1465,2,0,2,0.4949301148708402,0.5122315762205213,True,bull,neutral,True,NEUTRAL_TO_BULL,
2005-11-15,2005-11-14,1476,1466,1,0,2,1.0,0.5079923440109629,True,bull,bull,False,,
2005-11-16,2005-11-15,1477,1467,0,2,1,1.0,0.4900210699400932,False,neutral,bull,True,BULL_TO_NEUTRAL,
2005-11-17,2005-11-16,1478,1468,2,0,2,1.0,0.4900792288122627,False,neutral,neutral,False,,
2005-11-18,2005-11-17,1479,1469,0,1,0,0.9999440179667688,0.387277280892302,False,neutral,neutral,False,,
2005-11-21,2005-11-18,1480,1470,2,0,1,1.0,0.4941294108218467,False,neutral,neutral,False,,
2005-11-22,2005-11-21,1481,1471,0,1,2,0.9154525505672026,0.4739187516568664,False,neutral,neutral,False,,
2005-11-23,2005-11-22,1482,1472,1,0,1,0.196475302698744,0.4759542939267202,False,neutral,neutral,False,,
2005-11-25,2005-11-23,1483,1473,0,2,1,0.5580063213980453,0.473005061343862,False,neutral,neutral,False,,
2005-11-28,2005-11-25,1484,1474,1,0,2,0.2745102614606147,0.5099995193224522,False,neutral,neutral,False,,
2005-11-29,2005-11-28,1485,1475,0,2,1,0.3441778640122071,0.4294432120874479,False,neutral,neutral,False,,
2005-11-30,2005-11-29,1486,1476,0,2,1,0.5684366238271986,0.5058801743942476,True,bull,neutral,True,NEUTRAL_TO_BULL,
2005-12-01,2005-11-30,1487,1477,0,0,2,0.5021423344196784,0.470562341414987,False,neutral,bull,True,BULL_TO_NEUTRAL,
2005-12-02,2005-12-01,1488,1478,0,2,1,1.0,0.3747241701891064,False,neutral,neutral,False,,
2005-12-05,2005-12-02,1489,1479,1,2,0,1.0,0.5098389077488081,True,bull,neutral,True,NEUTRAL_TO_BULL,
2005-12-06,2005-12-05,1490,1480,0,1,2,1.0,0.4996353928168058,False,neutral,bull,True,BULL_TO_NEUTRAL,
2005-12-07,2005-12-06,1491,1481,0,2,1,1.0,0.5086306139985057,True,bull,neutral,True,NEUTRAL_TO_BULL,
2005-12-08,2005-12-07,1492,1482,0,2,0,1.0,0.4099978537937965,False,neutral,bull,True,BULL_TO_NEUTRAL,
2005-12-09,2005-12-08,1493,1483,2,0,2,0.5188109255804363,0.5267401073247872,True,bull,neutral,True,NEUTRAL_TO_BULL,
2005-12-12,2005-12-09,1494,1484,2,0,1,1.0,0.5058276934114849,True,bull,bull,False,,
2005-12-13,2005-12-12,1495,1485,0,1,2,1.0,0.5109849514652812,True,bull,bull,False,,
2005-12-14,2005-12-13,1496,1486,0,2,1,1.0,0.4563180988153505,False,neutral,bull,True,BULL_TO_NEUTRAL,
2005-12-15,2005-12-14,1497,1487,1,0,2,1.0,0.4966208491819648,False,neutral,neutral,False,,
2005-12-16,2005-12-15,1498,1488,1,0,2,1.0,0.4930391145173997,False,neutral,neutral,False,,
2005-12-19,2005-12-16,1499,1489,2,2,1,0.2805975961911877,0.598410803601167,False,neutral,neutral,False,,
2005-12-20,2005-12-19,1500,1490,0,2,0,0.9163671819252374,0.3625066267745714,False,neutral,neutral,False,,
2005-12-21,2005-12-20,1501,1491,0,1,2,1.0,0.5114465258992558,True,bull,neutral,True,NEUTRAL_TO_BULL,
2005-12-22,2005-12-21,1502,1492,0,1,2,1.0,0.5090986366741478,True,bull,bull,False,,
2005-12-23,2005-12-22,1503,1493,0,2,1,1.0,0.4815167530073532,False,neutral,bull,True,BULL_TO_NEUTRAL,
2005-12-27,2005-12-23,1504,1494,0,1,2,1.0,0.5119168998805422,True,bull,neutral,True,NEUTRAL_TO_BULL,
2005-12-28,2005-12-27,1505,1495,0,1,2,1.0,0.3566729758546047,False,neutral,bull,True,BULL_TO_NEUTRAL,
2005-12-29,2005-12-28,1506,1496,0,1,2,1.0,0.5090865477526214,True,bull,neutral,True,NEUTRAL_TO_BULL,
2005-12-30,2005-12-29,1507,1497,1,0,2,1.0,0.4755296628934373,False,neutral,bull,True,BULL_TO_NEUTRAL,
2006-01-03,2005-12-30,1508,1498,0,1,0,0.9994617459496196,0.4118142799225461,False,neutral,neutral,False,,
2006-01-04,2006-01-03,1509,1499,1,0,1,0.999994347314612,0.1266145867078421,False,neutral,neutral,False,,
2006-01-05,2006-01-04,1510,1500,0,1,0,0.9956271582513928,0.4809680012818454,False,neutral,neutral,False,,
2006-01-06,2006-01-05,1511,1501,0,1,0,0.9706794103393128,0.4873144712875759,False,neutral,neutral,False,,
2006-01-09,2006-01-06,1512,1502,1,2,0,0.5888023196215943,0.4035583177345008,False,neutral,neutral,False,,
2006-01-10,2006-01-09,1513,1503,0,2,1,0.4421780406476857,0.5074905715718208,True,bull,neutral,True,NEUTRAL_TO_BULL,
2006-01-11,2006-01-10,1514,1504,2,2,0,0.9344129222979782,0.3154842825543275,False,neutral,bull,True,BULL_TO_NEUTRAL,
2006-01-12,2006-01-11,1515,1505,2,1,0,0.8966544935193784,0.3210038241226636,False,neutral,neutral,False,,
2006-01-13,2006-01-12,1516,1506,2,2,1,0.8882780705149402,0.3385344670838547,False,neutral,neutral,False,,
2006-01-17,2006-01-13,1517,1507,2,2,0,0.9788153518738548,0.3244627631409916,False,neutral,neutral,False,,
2006-01-18,2006-01-17,1518,1508,0,2,0,0.996283807387869,0.4655655084635604,False,neutral,neutral,False,,
2006-01-19,2006-01-18,1519,1509,2,0,2,0.999999800293784,0.446692688458328,False,neutral,neutral,False,,
2006-01-20,2006-01-19,1520,1510,1,0,1,1.0,0.4887024062135779,False,neutral,neutral,False,,
2006-01-23,2006-01-20,1521,1511,0,2,0,0.9558801676519512,0.1156378264145963,False,neutral,neutral,False,,
2006-01-24,2006-01-23,1522,1512,0,2,0,0.5157917778873867,0.4833665257927199,False,neutral,neutral,False,,
2006-01-25,2006-01-24,1523,1513,2,1,2,0.3317740775756643,0.4944738975451592,False,neutral,neutral,False,,
2006-01-26,2006-01-25,1524,1514,2,0,2,0.3710289488256843,0.4908558846447051,False,neutral,neutral,False,,
2006-01-27,2006-01-26,1525,1515,0,2,0,0.7624473118881986,0.4634994267516526,False,neutral,neutral,False,,
2006-01-30,2006-01-27,1526,1516,0,2,0,0.8350414790209152,0.3998676233607106,False,neutral,neutral,False,,
2006-01-31,2006-01-30,1527,1517,0,1,0,0.8891475375153817,0.4824702100636669,False,neutral,neutral,False,,
2006-02-01,2006-01-31,1528,1518,0,2,0,0.956902221725607,0.3677489567326643,False,neutral,neutral,False,,
2006-02-02,2006-02-01,1529,1519,1,0,1,0.8930083693323057,0.4509674350823556,False,neutral,neutral,False,,
2006-02-03,2006-02-02,1530,1520,2,0,2,0.9587060602278774,0.2637688160709737,False,neutral,neutral,False,,
2006-02-06,2006-02-03,1531,1521,0,1,0,0.986780260629972,0.4181355312593025,False,neutral,neutral,False,,
2006-02-07,2006-02-06,1532,1522,0,2,0,0.9947146459388516,0.4907199631844482,False,neutral,neutral,False,,
2006-02-08,2006-02-07,1533,1523,1,1,0,0.4599628748902135,0.6646836735436641,True,bear,neutral,True,NEUTRAL_TO_BEAR,
2006-02-09,2006-02-08,1534,1524,2,0,2,0.7870549242242779,0.3912407702333574,False,neutral,bear,True,BEAR_TO_NEUTRAL,
2006-02-10,2006-02-09,1535,1525,0,2,0,0.721996228917455,0.4686273469360794,False,neutral,neutral,False,,
2006-02-13,2006-02-10,1536,1526,2,0,2,0.9510794381999026,0.4910280264362999,False,neutral,neutral,False,,
2006-02-14,2006-02-13,1537,1527,0,2,0,1.0,0.4740797405957087,False,neutral,neutral,False,,
2006-02-15,2006-02-14,1538,1528,0,2,0,1.0,0.3571705917834934,False,neutral,neutral,False,,
2006-02-16,2006-02-15,1539,1529,0,2,0,1.0,0.4841827059595024,False,neutral,neutral,False,,
2006-02-17,2006-02-16,1540,1530,2,0,2,0.6391554035183526,0.4302314710811716,False,neutral,neutral,False,,
2006-02-21,2006-02-17,1541,1531,0,2,0,0.2990892467011447,0.4562345855323018,False,neutral,neutral,False,,
2006-02-22,2006-02-21,1542,1532,2,0,2,0.1692537146499401,0.4592181274076924,False,neutral,neutral,False,,
2006-02-23,2006-02-22,1543,1533,0,0,1,0.480570524290899,0.3659318652898059,False,neutral,neutral,False,,
2006-02-24,2006-02-23,1544,1534,2,2,0,0.6237608120312538,0.3202001926287035,False,neutral,neutral,False,,
2006-02-27,2006-02-24,1545,1535,0,1,0,0.6612372071877957,0.4932402303380019,False,neutral,neutral,False,,
2006-02-28,2006-02-27,1546,1536,2,0,2,0.9451477857308238,0.4878786288131374,False,neutral,neutral,False,,
2006-03-01,2006-02-28,1547,1537,1,0,1,1.0,0.3218894530731806,False,neutral,neutral,False,,
2006-03-02,2006-03-01,1548,1538,2,0,2,1.0,0.4074114447752223,False,neutral,neutral,False,,
2006-03-03,2006-03-02,1549,1539,2,0,2,1.0,0.4881751260574468,False,neutral,neutral,False,,
2006-03-06,2006-03-03,1550,1540,1,0,1,0.437145373509187,0.3667711473650756,False,neutral,neutral,False,,
2006-03-07,2006-03-06,1551,1541,1,0,1,1.0,0.4357656791979151,False,neutral,neutral,False,,
2006-03-08,2006-03-07,1552,1542,1,0,1,0.5562313808435321,0.4265066948343007,False,neutral,neutral,False,,
2006-03-09,2006-03-08,1553,1543,2,1,2,1.0,0.4924943977197035,False,neutral,neutral,False,,
2006-03-10,2006-03-09,1554,1544,2,0,2,0.9999132951480908,0.3935890799533038,False,neutral,neutral,False,,
2006-03-13,2006-03-10,1555,1545,1,2,1,0.5301659417516413,0.5087859121717019,True,bull,neutral,True,NEUTRAL_TO_BULL,
2006-03-14,2006-03-13,1556,1546,2,0,2,1.0,0.4924555278625057,False,neutral,bull,True,BULL_TO_NEUTRAL,
2006-03-15,2006-03-14,1557,1547,0,2,0,1.0,0.3511218465744612,False,neutral,neutral,False,,
2006-03-16,2006-03-15,1558,1548,2,0,2,0.781845759234369,0.4778627836246431,False,neutral,neutral,False,,
2006-03-17,2006-03-16,1559,1549,0,2,0,0.607011564867763,0.5319158432334137,True,bull,neutral,True,NEUTRAL_TO_BULL,
2006-03-20,2006-03-17,1560,1550,0,0,2,0.993838846744411,0.3344192128111734,False,neutral,bull,True,BULL_TO_NEUTRAL,
2006-03-21,2006-03-20,1561,1551,2,2,0,0.9953855442670816,0.3186685918883715,False,neutral,neutral,False,,
2006-03-22,2006-03-21,1562,1552,1,1,0,0.5344982193611505,0.4850081094564891,False,neutral,neutral,False,,
2006-03-23,2006-03-22,1563,1553,0,1,0,0.4557692105700613,0.5391143767391575,True,bull,neutral,True,NEUTRAL_TO_BULL,
2006-03-24,2006-03-23,1564,1554,2,0,2,1.0,0.463426056953901,False,neutral,bull,True,BULL_TO_NEUTRAL,
2006-03-27,2006-03-24,1565,1555,1,0,1,0.9999732629507908,0.4899472450005366,False,neutral,neutral,False,,
2006-03-28,2006-03-27,1566,1556,0,2,0,0.4687232878696399,0.4547268655323428,False,neutral,neutral,False,,
2006-03-29,2006-03-28,1567,1557,0,2,0,1.0,0.3925343881291104,False,neutral,neutral,False,,
2006-03-30,2006-03-29,1568,1558,0,2,0,0.3781956169645386,0.5525384775767411,True,bull,neutral,True,NEUTRAL_TO_BULL,
2006-03-31,2006-03-30,1569,1559,2,0,2,0.9999999998140968,0.477018474614956,False,neutral,bull,True,BULL_TO_NEUTRAL,
2006-04-03,2006-03-31,1570,1560,0,0,1,0.5696494026313735,0.3362704779958668,False,neutral,neutral,False,,
2006-04-04,2006-04-03,1571,1561,0,2,0,0.9999999999999934,0.4864277588553299,False,neutral,neutral,False,,
2006-04-05,2006-04-04,1572,1562,2,0,2,0.9999999999981046,0.4533079699180655,False,neutral,neutral,False,,
2006-04-06,2006-04-05,1573,1563,0,2,0,0.9999999498696324,0.4892734677554093,False,neutral,neutral,False,,
2006-04-07,2006-04-06,1574,1564,2,0,2,0.9999975772097066,0.4841892138226734,False,neutral,neutral,False,,
2006-04-10,2006-04-07,1575,1565,0,2,0,1.0,0.3012838296660475,False,neutral,neutral,False,,
2006-04-11,2006-04-10,1576,1566,0,2,0,0.999989175536768,0.5001396627003464,True,bull,neutral,True,NEUTRAL_TO_BULL,
2006-04-12,2006-04-11,1577,1567,0,1,0,0.9993736013199368,0.3443546441464243,False,neutral,bull,True,BULL_TO_NEUTRAL,
2006-04-13,2006-04-12,1578,1568,2,0,2,0.994558097744376,0.4999975704156177,False,neutral,neutral,False,,
2006-04-17,2006-04-13,1579,1569,0,2,0,0.9871326952314622,0.480382249998235,False,neutral,neutral,False,,
2006-04-18,2006-04-17,1580,1570,0,2,0,0.9277785532066158,0.4947733885552511,False,neutral,neutral,False,,
2006-04-19,2006-04-18,1581,1571,0,2,0,0.752163214850212,0.1537706219646189,False,neutral,neutral,False,,
2006-04-20,2006-04-19,1582,1572,0,2,0,0.6971731547886773,0.4963913921105636,False,neutral,neutral,False,,
2006-04-21,2006-04-20,1583,1573,0,2,0,0.5320969378853984,0.5313121723285211,True,bull,neutral,True,NEUTRAL_TO_BULL,
2006-04-24,2006-04-21,1584,1574,0,2,0,0.5127535010844414,0.4887735008482846,False,neutral,bull,True,BULL_TO_NEUTRAL,
2006-04-25,2006-04-24,1585,1575,1,0,1,0.5388548193534526,0.4778799474463813,False,neutral,neutral,False,,
2006-04-26,2006-04-25,1586,1576,0,2,0,0.4941120128529998,0.3804525223102626,False,neutral,neutral,False,,
2006-04-27,2006-04-26,1587,1577,2,0,2,0.7869771257241815,0.4935626380669284,False,neutral,neutral,False,,
2006-04-28,2006-04-27,1588,1578,1,2,1,0.9116951374994884,0.4756428592893714,False,neutral,neutral,False,,
2006-05-01,2006-04-28,1589,1579,2,0,2,0.9935532207424914,0.4902887837977764,False,neutral,neutral,False,,
2006-05-02,2006-05-01,1590,1580,0,2,0,0.539704776268009,0.3251790953939678,False,neutral,neutral,False,,
2006-05-03,2006-05-02,1591,1581,2,0,2,0.999999999993267,0.4348450305013629,False,neutral,neutral,False,,
2006-05-04,2006-05-03,1592,1582,0,1,0,0.9999999999967824,0.4538862945625266,False,neutral,neutral,False,,
2006-05-05,2006-05-04,1593,1583,2,0,2,0.9999999999584052,0.4932582393685767,False,neutral,neutral,False,,
2006-05-08,2006-05-05,1594,1584,1,2,1,0.9998033924714292,0.400449663126431,False,neutral,neutral,False,,
2006-05-09,2006-05-08,1595,1585,0,0,2,0.5044746237828439,0.4056788989952597,False,neutral,neutral,False,,
2006-05-10,2006-05-09,1596,1586,2,0,2,0.9862967111879802,0.5011478997563569,True,bull,neutral,True,NEUTRAL_TO_BULL,
2006-05-11,2006-05-10,1597,1587,0,2,0,0.9877658976308856,0.4925588198930392,False,neutral,bull,True,BULL_TO_NEUTRAL,
2006-05-12,2006-05-11,1598,1588,0,2,0,0.9852049982333126,0.2321489192186258,False,neutral,neutral,False,,
2006-05-15,2006-05-12,1599,1589,0,2,0,0.5089332347311635,0.2095675318291119,False,neutral,neutral,False,,
2006-05-16,2006-05-15,1600,1590,2,2,0,0.8887529051478333,0.3063118715435612,False,neutral,neutral,False,,
2006-05-17,2006-05-16,1601,1591,0,0,1,0.9884688371456948,0.3213685618772535,False,neutral,neutral,False,,
2006-05-18,2006-05-17,1602,1592,2,2,0,0.3556370631892719,0.383027376503165,False,neutral,neutral,False,,
2006-05-19,2006-05-18,1603,1593,1,0,2,0.9534967341999318,0.2266846366754503,False,neutral,neutral,False,,
2006-05-22,2006-05-19,1604,1594,1,2,0,1.0,0.2392106209390035,False,neutral,neutral,False,,
2006-05-23,2006-05-22,1605,1595,1,2,0,0.999940883617612,0.2689953027208466,False,neutral,neutral,False,,
2006-05-24,2006-05-23,1606,1596,2,1,0,0.9987974022947584,0.2695417731443248,False,neutral,neutral,False,,
2006-05-25,2006-05-24,1607,1597,2,1,0,0.50138326092268,0.2372674820159182,False,neutral,neutral,False,,
2006-05-26,2006-05-25,1608,1598,1,1,0,0.948478740420301,0.3899218258671122,False,neutral,neutral,False,,
2006-05-30,2006-05-26,1609,1599,0,0,2,0.979110217015284,0.3183222033170956,False,neutral,neutral,False,,
2006-05-31,2006-05-30,1610,1600,0,0,2,0.9881476315745537,0.3697768616877379,False,neutral,neutral,False,,
2006-06-01,2006-05-31,1611,1601,0,0,1,0.1138914905543615,0.3758384256136135,False,neutral,neutral,False,,
2006-06-02,2006-06-01,1612,1602,0,0,1,0.5482195447783463,0.3572581645439734,False,neutral,neutral,False,,
2006-06-05,2006-06-02,1613,1603,1,1,0,0.9618168079459728,0.3110252254021813,False,neutral,neutral,False,,
2006-06-06,2006-06-05,1614,1604,2,2,0,0.9718133805133176,0.4110580315661006,False,neutral,neutral,False,,
2006-06-07,2006-06-06,1615,1605,0,0,2,0.8549397104950281,0.3274900566570527,False,neutral,neutral,False,,
2006-06-08,2006-06-07,1616,1606,2,2,0,0.6826224660302878,0.3668786298967159,False,neutral,neutral,False,,
2006-06-09,2006-06-08,1617,1607,0,2,0,0.5019124221258576,0.4303498002989727,False,neutral,neutral,False,,
2006-06-12,2006-06-09,1618,1608,2,2,0,0.9932598267884354,0.3341154494671158,False,neutral,neutral,False,,
2006-06-13,2006-06-12,1619,1609,2,2,1,0.8511309025168557,0.388372832593665,False,neutral,neutral,False,,
2006-06-14,2006-06-13,1620,1610,0,0,1,0.3355705303179336,0.4027431148629732,False,neutral,neutral,False,,
2006-06-15,2006-06-14,1621,1611,2,1,0,0.981643503301778,0.2444082343459925,False,neutral,neutral,False,,
2006-06-16,2006-06-15,1622,1612,0,0,1,0.5499817790464305,0.3437369903743124,False,neutral,neutral,False,,
2006-06-19,2006-06-16,1623,1613,1,1,0,0.97228816331252,0.4007389527966858,False,neutral,neutral,False,,
2006-06-20,2006-06-19,1624,1614,1,2,0,0.1205209193459108,0.2185453493050161,False,neutral,neutral,False,,
2006-06-21,2006-06-20,1625,1615,0,0,1,0.8992388792116168,0.3219114355669087,False,neutral,neutral,False,,
2006-06-22,2006-06-21,1626,1616,1,1,0,0.5303559546991036,0.3295031058759858,False,neutral,neutral,False,,
2006-06-23,2006-06-22,1627,1617,2,0,2,0.7899781909716469,0.4376175915648033,False,neutral,neutral,False,,
2006-06-26,2006-06-23,1628,1618,0,1,0,0.8444693298871637,0.4829967904541311,False,neutral,neutral,False,,
2006-06-27,2006-06-26,1629,1619,1,0,1,0.8597254531933471,0.4857295334425821,False,neutral,neutral,False,,
2006-06-28,2006-06-27,1630,1620,1,0,1,0.9954953480338916,0.3351102398003402,False,neutral,neutral,False,,
2006-06-29,2006-06-28,1631,1621,0,2,0,0.9995489846226522,0.4513125380374276,False,neutral,neutral,False,,
2006-06-30,2006-06-29,1632,1622,0,1,0,0.7796623384337735,0.0404876466190852,False,neutral,neutral,False,,
2006-07-03,2006-06-30,1633,1623,2,0,2,0.0625427982513336,0.494722188364184,False,neutral,neutral,False,,
2006-07-05,2006-07-03,1634,1624,0,0,1,0.9376085442729708,0.3241681996196542,False,neutral,neutral,False,,
2006-07-06,2006-07-05,1635,1625,2,2,0,0.3317310652515174,0.5022674849156047,True,bear,neutral,True,NEUTRAL_TO_BEAR,
2006-07-07,2006-07-06,1636,1626,0,0,1,0.947980308650152,0.3134228399016323,False,neutral,bear,True,BEAR_TO_NEUTRAL,
2006-07-10,2006-07-07,1637,1627,0,0,1,0.9755525212870164,0.3602127709157596,False,neutral,neutral,False,,
2006-07-11,2006-07-10,1638,1628,0,0,1,0.9939527537866074,0.312882359356664,False,neutral,neutral,False,,
2006-07-12,2006-07-11,1639,1629,1,1,0,0.997442937722484,0.3247391914961421,False,neutral,neutral,False,,
2006-07-13,2006-07-12,1640,1630,2,2,0,0.0500647936383986,0.3982499794259241,False,neutral,neutral,False,,
2006-07-14,2006-07-13,1641,1631,1,1,0,0.391088141728391,0.39641214498176,False,neutral,neutral,False,,
2006-07-17,2006-07-14,1642,1632,0,0,2,0.9710583825884588,0.3391786787638244,False,neutral,neutral,False,,
2006-07-18,2006-07-17,1643,1633,1,1,0,0.627124176310188,0.319186128707093,False,neutral,neutral,False,,
2006-07-19,2006-07-18,1644,1634,2,2,0,0.8180680651607003,0.3214690890299419,False,neutral,neutral,False,,
2006-07-20,2006-07-19,1645,1635,0,0,2,0.7309732678103629,0.3749694376272904,False,neutral,neutral,False,,
2006-07-21,2006-07-20,1646,1636,0,0,1,0.9673727315138384,0.3655587886998772,False,neutral,neutral,False,,
2006-07-24,2006-07-21,1647,1637,0,0,1,0.9774891533075248,0.3677254262260538,False,neutral,neutral,False,,
2006-07-25,2006-07-24,1648,1638,0,2,0,0.4831905362285265,0.3011893844386574,False,neutral,neutral,False,,
2006-07-26,2006-07-25,1649,1639,0,0,1,0.8079643034640104,0.3159783303056688,False,neutral,neutral,False,,
2006-07-27,2006-07-26,1650,1640,2,2,0,0.9942077120815964,0.3146108824074856,False,neutral,neutral,False,,
2006-07-28,2006-07-27,1651,1641,2,2,0,0.9858993452452546,0.3207011489280446,False,neutral,neutral,False,,
2006-07-31,2006-07-28,1652,1642,2,2,0,0.9527430010566912,0.3649497782420628,False,neutral,neutral,False,,
2006-08-01,2006-07-31,1653,1643,2,2,0,0.9488066668491364,0.3269044092757006,False,neutral,neutral,False,,
2006-08-02,2006-08-01,1654,1644,0,0,2,0.9973264274970676,0.34646238251356,False,neutral,neutral,False,,
2006-08-03,2006-08-02,1655,1645,0,1,2,0.5482328079086531,0.4575377700005721,False,neutral,neutral,False,,
2006-08-04,2006-08-03,1656,1646,1,0,2,0.6628965958402168,0.510025556594533,True,bull,neutral,True,NEUTRAL_TO_BULL,
2006-08-07,2006-08-04,1657,1647,1,0,2,1.0,0.5077037354994127,True,bull,bull,False,,
2006-08-08,2006-08-07,1658,1648,0,2,1,1.0,0.5063197039555486,True,bull,bull,False,,
2006-08-09,2006-08-08,1659,1649,1,0,2,1.0,0.4808820622677068,False,neutral,bull,True,BULL_TO_NEUTRAL,
2006-08-10,2006-08-09,1660,1650,1,0,2,1.0,0.4912547013941355,False,neutral,neutral,False,,
2006-08-11,2006-08-10,1661,1651,1,2,0,1.0,0.5077651913902369,True,bull,neutral,True,NEUTRAL_TO_BULL,
2006-08-14,2006-08-11,1662,1652,0,2,0,0.9999997614074716,0.4650326670026249,False,neutral,bull,True,BULL_TO_NEUTRAL,
2006-08-15,2006-08-14,1663,1653,2,0,2,1.0,0.4811850044464084,False,neutral,neutral,False,,
2006-08-16,2006-08-15,1664,1654,0,1,0,0.999939920655239,0.2883472633882071,False,neutral,neutral,False,,
2006-08-17,2006-08-16,1665,1655,0,2,0,0.955623167549008,0.4092768533260089,False,neutral,neutral,False,,
2006-08-18,2006-08-17,1666,1656,2,0,2,0.5504643418370361,0.4965852716201991,False,neutral,neutral,False,,
2006-08-21,2006-08-18,1667,1657,0,0,1,0.9895493270210218,0.3297426754394648,False,neutral,neutral,False,,
2006-08-22,2006-08-21,1668,1658,2,2,0,0.3719170032146814,0.4316940483850562,False,neutral,neutral,False,,
2006-08-23,2006-08-22,1669,1659,0,0,2,0.8796686669515024,0.3247313334733004,False,neutral,neutral,False,,
2006-08-24,2006-08-23,1670,1660,0,0,2,0.9744374100415416,0.3317573962518617,False,neutral,neutral,False,,
2006-08-25,2006-08-24,1671,1661,0,2,1,0.7239770646711076,0.5142233867066753,True,bull,neutral,True,NEUTRAL_TO_BULL,
2006-08-28,2006-08-25,1672,1662,0,1,0,0.842172898028975,0.4950497952246562,False,neutral,bull,True,BULL_TO_NEUTRAL,
2006-08-29,2006-08-28,1673,1663,1,2,0,1.0,0.4923600029428289,False,neutral,neutral,False,,
2006-08-30,2006-08-29,1674,1664,0,2,0,0.9999999999971956,0.4982638615763432,False,neutral,neutral,False,,
2006-08-31,2006-08-30,1675,1665,0,2,1,1.0,0.5191331314108167,True,bull,neutral,True,NEUTRAL_TO_BULL,
2006-09-01,2006-08-31,1676,1666,0,2,1,1.0,0.5179027917197594,True,bull,bull,False,,
2006-09-05,2006-09-01,1677,1667,2,0,2,1.0,0.4403535274440196,False,neutral,bull,True,BULL_TO_NEUTRAL,
2006-09-06,2006-09-05,1678,1668,2,0,2,1.0,0.4824443781558098,False,neutral,neutral,False,,
2006-09-07,2006-09-06,1679,1669,1,0,1,0.9995532852257604,0.3298325268590206,False,neutral,neutral,False,,
2006-09-08,2006-09-07,1680,1670,1,0,2,1.0,0.4773060441208861,False,neutral,neutral,False,,
2006-09-11,2006-09-08,1681,1671,1,0,1,0.999981032345148,0.4953471183998926,False,neutral,neutral,False,,
2006-09-12,2006-09-11,1682,1672,0,1,2,1.0,0.5203409156381492,True,bull,neutral,True,NEUTRAL_TO_BULL,
2006-09-13,2006-09-12,1683,1673,0,2,0,1.0,0.3488384772341311,False,neutral,bull,True,BULL_TO_NEUTRAL,
2006-09-14,2006-09-13,1684,1674,1,0,2,1.0,0.502689446583338,True,bull,neutral,True,NEUTRAL_TO_BULL,
2006-09-15,2006-09-14,1685,1675,2,0,1,1.0,0.5185490422236732,True,bull,bull,False,,
2006-09-18,2006-09-15,1686,1676,0,2,0,0.4864538961541201,0.4854518161621084,False,neutral,bull,True,BULL_TO_NEUTRAL,
2006-09-19,2006-09-18,1687,1677,0,2,0,0.9106914677581016,0.4830048430890952,False,neutral,neutral,False,,
2006-09-20,2006-09-19,1688,1678,0,1,2,1.0,0.5028516751306498,True,bull,neutral,True,NEUTRAL_TO_BULL,
2006-09-21,2006-09-20,1689,1679,1,0,2,1.0,0.4849182533230421,False,neutral,bull,True,BULL_TO_NEUTRAL,
2006-09-22,2006-09-21,1690,1680,2,2,1,0.4058843481977124,0.4565465353324034,False,neutral,neutral,False,,
2006-09-25,2006-09-22,1691,1681,1,0,1,0.9999815978311564,0.4647310774363959,False,neutral,neutral,False,,
2006-09-26,2006-09-25,1692,1682,1,0,1,0.999999999999982,0.4241814129244172,False,neutral,neutral,False,,
2006-09-27,2006-09-26,1693,1683,0,2,0,0.999989463882488,0.4085725447268414,False,neutral,neutral,False,,
2006-09-28,2006-09-27,1694,1684,2,0,2,0.9967498061397032,0.4853670075157059,False,neutral,neutral,False,,
2006-09-29,2006-09-28,1695,1685,0,1,0,0.5481932150950742,0.463836278097507,False,neutral,neutral,False,,
2006-10-02,2006-09-29,1696,1686,0,1,0,0.9197945049680678,0.4795273325644034,False,neutral,neutral,False,,
2006-10-03,2006-10-02,1697,1687,0,2,0,0.9597851722913526,0.4473121508668277,False,neutral,neutral,False,,
2006-10-04,2006-10-03,1698,1688,1,0,1,0.9847235905655548,0.5018642875590253,True,bull,neutral,True,NEUTRAL_TO_BULL,
2006-10-05,2006-10-04,1699,1689,0,2,0,0.6834087911371742,0.2852346178053117,False,neutral,bull,True,BULL_TO_NEUTRAL,
2006-10-06,2006-10-05,1700,1690,2,0,2,0.63892377189763,0.5005541805999949,True,bull,neutral,True,NEUTRAL_TO_BULL,
2006-10-09,2006-10-06,1701,1691,0,1,0,0.9436804930654078,0.4874939727406128,False,neutral,bull,True,BULL_TO_NEUTRAL,
2006-10-10,2006-10-09,1702,1692,2,0,2,0.9820066717661624,0.4980247959552135,False,neutral,neutral,False,,
2006-10-11,2006-10-10,1703,1693,2,0,2,0.9584939325820544,0.5027991518841542,True,bull,neutral,True,NEUTRAL_TO_BULL,
2006-10-12,2006-10-11,1704,1694,2,0,2,0.9508972478299836,0.485561369408568,False,neutral,bull,True,BULL_TO_NEUTRAL,
2006-10-13,2006-10-12,1705,1695,0,2,0,0.777245286396436,0.4086168467867074,False,neutral,neutral,False,,
2006-10-16,2006-10-13,1706,1696,1,2,1,0.5712798802848489,0.4996465610488128,False,neutral,neutral,False,,
2006-10-17,2006-10-16,1707,1697,2,0,2,0.7831176568736948,0.5019261115428335,True,bull,neutral,True,NEUTRAL_TO_BULL,
2006-10-18,2006-10-17,1708,1698,2,0,2,0.994287088687538,0.4630323896540544,False,neutral,bull,True,BULL_TO_NEUTRAL,
2006-10-19,2006-10-18,1709,1699,0,2,0,0.4672961178754746,0.5148531482536677,True,bull,neutral,True,NEUTRAL_TO_BULL,
2006-10-20,2006-10-19,1710,1700,2,0,2,0.9915812658532432,0.5041005701408653,True,bull,bull,False,,
2006-10-23,2006-10-20,1711,1701,0,1,0,0.997006216674826,0.500990160553662,True,bull,bull,False,,
2006-10-24,2006-10-23,1712,1702,0,2,0,0.99763271198721,0.4856015767332879,False,neutral,bull,True,BULL_TO_NEUTRAL,
2006-10-25,2006-10-24,1713,1703,2,0,2,0.9971304839219486,0.5009891598733238,True,bull,neutral,True,NEUTRAL_TO_BULL,
2006-10-26,2006-10-25,1714,1704,0,2,0,0.9994765908708604,0.4977128326604706,False,neutral,bull,True,BULL_TO_NEUTRAL,
2006-10-27,2006-10-26,1715,1705,0,2,0,0.9823277722592622,0.4992915740764804,False,neutral,neutral,False,,
2006-10-30,2006-10-27,1716,1706,0,2,0,0.9851402092558724,0.3965128797607645,False,neutral,neutral,False,,
2006-10-31,2006-10-30,1717,1707,0,2,0,0.988927809156908,0.4951958623225169,False,neutral,neutral,False,,
2006-11-01,2006-10-31,1718,1708,0,2,0,0.9987939671098192,0.4957478442928386,False,neutral,neutral,False,,
2006-11-02,2006-11-01,1719,1709,0,1,0,0.9996428535840745,0.3853074415160746,False,neutral,neutral,False,,
2006-11-03,2006-11-02,1720,1710,0,2,0,0.999590051953731,0.4922173949811788,False,neutral,neutral,False,,
2006-11-06,2006-11-03,1721,1711,1,0,1,0.9993278060216104,0.474374788937992,False,neutral,neutral,False,,
2006-11-07,2006-11-06,1722,1712,0,2,0,0.997839668917872,0.3047262952305951,False,neutral,neutral,False,,
2006-11-08,2006-11-07,1723,1713,2,0,2,0.991754886642436,0.4986332015453842,False,neutral,neutral,False,,
2006-11-09,2006-11-08,1724,1714,0,2,0,0.955320900222804,0.4866733864548759,False,neutral,neutral,False,,
2006-11-10,2006-11-09,1725,1715,0,1,0,0.990445578627545,0.4124268291110339,False,neutral,neutral,False,,
2006-11-13,2006-11-10,1726,1716,2,0,2,0.9872295878534524,0.5027327871979497,True,bull,neutral,True,NEUTRAL_TO_BULL,
2006-11-14,2006-11-13,1727,1717,1,0,1,0.9737020017124444,0.5032842604707873,True,bull,bull,False,,
2006-11-15,2006-11-14,1728,1718,1,0,1,0.7743291620708126,0.4302673252838913,False,neutral,bull,True,BULL_TO_NEUTRAL,
2006-11-16,2006-11-15,1729,1719,1,0,1,0.3915878452647267,0.4842106008414918,False,neutral,neutral,False,,
2006-11-17,2006-11-16,1730,1720,0,2,0,0.5107665161089205,0.5552835764025296,True,bull,neutral,True,NEUTRAL_TO_BULL,
2006-11-20,2006-11-17,1731,1721,0,2,0,0.8630780011753777,0.4885789470160802,False,neutral,bull,True,BULL_TO_NEUTRAL,
2006-11-21,2006-11-20,1732,1722,0,2,0,0.8294920468479365,0.4895055730175685,False,neutral,neutral,False,,
2006-11-22,2006-11-21,1733,1723,0,2,0,0.7374501321524497,0.4905064381592152,False,neutral,neutral,False,,
2006-11-24,2006-11-22,1734,1724,0,2,0,0.5778996988523307,0.4895911617760888,False,neutral,neutral,False,,
2006-11-27,2006-11-24,1735,1725,1,0,1,0.9411274760942108,0.4383949405183983,False,neutral,neutral,False,,
2006-11-28,2006-11-27,1736,1726,0,2,0,0.9667967419963313,0.1806304077251339,False,neutral,neutral,False,,
2006-11-29,2006-11-28,1737,1727,0,2,0,0.9913244375771796,0.4959405396269344,False,neutral,neutral,False,,
2006-11-30,2006-11-29,1738,1728,1,0,1,0.9917900857945638,0.3367957410067887,False,neutral,neutral,False,,
2006-12-01,2006-11-30,1739,1729,2,0,2,0.9907618570464776,0.4933576089820876,False,neutral,neutral,False,,
2006-12-04,2006-12-01,1740,1730,0,2,0,0.7938444108059912,0.5548966336406341,True,bull,neutral,True,NEUTRAL_TO_BULL,
2006-12-05,2006-12-04,1741,1731,2,0,2,0.926660831017882,0.4125149138557848,False,neutral,bull,True,BULL_TO_NEUTRAL,
2006-12-06,2006-12-05,1742,1732,2,0,2,0.6290682788599548,0.471584774394206,False,neutral,neutral,False,,
2006-12-07,2006-12-06,1743,1733,0,2,0,0.3460621056439702,0.4831215435194907,False,neutral,neutral,False,,
2006-12-08,2006-12-07,1744,1734,0,2,0,0.2994229315614654,0.4351245658787382,False,neutral,neutral,False,,
2006-12-11,2006-12-08,1745,1735,2,0,2,0.4016554323402785,0.5073126178422586,True,bull,neutral,True,NEUTRAL_TO_BULL,
2006-12-12,2006-12-11,1746,1736,1,0,1,0.9298359871941284,0.50377507679448,True,bull,bull,False,,
2006-12-13,2006-12-12,1747,1737,1,0,1,0.9999007076468838,0.4968032081771796,False,neutral,bull,True,BULL_TO_NEUTRAL,
2006-12-14,2006-12-13,1748,1738,1,0,1,0.999976447397404,0.5069328016880624,True,bull,neutral,True,NEUTRAL_TO_BULL,
2006-12-15,2006-12-14,1749,1739,0,2,0,0.5720386927782227,0.4603260186748937,False,neutral,bull,True,BULL_TO_NEUTRAL,
2006-12-18,2006-12-15,1750,1740,2,2,0,0.4557761460760229,0.45176349780542,False,neutral,neutral,False,,
2006-12-19,2006-12-18,1751,1741,2,0,2,1.0,0.4611183358188385,False,neutral,neutral,False,,
2006-12-20,2006-12-19,1752,1742,0,1,0,1.0,0.4920128834006524,False,neutral,neutral,False,,
2006-12-21,2006-12-20,1753,1743,0,2,0,1.0,0.4858185890243466,False,neutral,neutral,False,,
2006-12-22,2006-12-21,1754,1744,0,2,0,1.0,0.4463599288762912,False,neutral,neutral,False,,
2006-12-26,2006-12-22,1755,1745,0,1,0,0.9999561438437632,0.3891854341172431,False,neutral,neutral,False,,
2006-12-27,2006-12-26,1756,1746,0,2,0,1.0,0.44957584971819,False,neutral,neutral,False,,
2006-12-28,2006-12-27,1757,1747,1,2,1,0.999881707342514,0.4541618205584873,False,neutral,neutral,False,,
2006-12-29,2006-12-28,1758,1748,1,2,1,0.9998809423933852,0.4820051105079849,False,neutral,neutral,False,,
2007-01-03,2006-12-29,1759,1749,0,1,0,0.9999995872768412,0.4471644927873905,False,neutral,neutral,False,,
2007-01-04,2007-01-03,1760,1750,1,0,1,0.9999996371732026,0.4865620877733229,False,neutral,neutral,False,,
2007-01-05,2007-01-04,1761,1751,0,2,0,0.9999999955691212,0.5030128206532364,True,bull,neutral,True,NEUTRAL_TO_BULL,
2007-01-08,2007-01-05,1762,1752,0,1,0,1.0,0.3440633252254813,False,neutral,bull,True,BULL_TO_NEUTRAL,
2007-01-09,2007-01-08,1763,1753,0,2,0,0.9999750173625142,0.4871400097851865,False,neutral,neutral,False,,
2007-01-10,2007-01-09,1764,1754,0,1,0,0.9999601344433328,0.4966032238540069,False,neutral,neutral,False,,
2007-01-11,2007-01-10,1765,1755,0,2,0,1.0,0.4856846178911225,False,neutral,neutral,False,,
2007-01-12,2007-01-11,1766,1756,0,1,0,0.9999830768224466,0.4914840213548059,False,neutral,neutral,False,,
2007-01-16,2007-01-12,1767,1757,2,0,2,0.9967702780589256,0.4269338505926387,False,neutral,neutral,False,,
2007-01-17,2007-01-16,1768,1758,2,0,2,0.9764908030920444,0.4846076601708769,False,neutral,neutral,False,,
2007-01-18,2007-01-17,1769,1759,1,0,1,0.906476654294188,0.505789550927573,True,bull,neutral,True,NEUTRAL_TO_BULL,
2007-01-19,2007-01-18,1770,1760,0,2,0,0.9030522200656624,0.4635932674203456,False,neutral,bull,True,BULL_TO_NEUTRAL,
2007-01-22,2007-01-19,1771,1761,0,2,0,0.8667889165006134,0.507845172602889,True,bull,neutral,True,NEUTRAL_TO_BULL,
2007-01-23,2007-01-22,1772,1762,0,2,0,0.9888393809229924,0.4573025446925184,False,neutral,bull,True,BULL_TO_NEUTRAL,
2007-01-24,2007-01-23,1773,1763,0,2,0,0.9997312061140452,0.4801172477009346,False,neutral,neutral,False,,
2007-01-25,2007-01-24,1774,1764,0,1,0,0.9999999845362249,0.4164026930727351,False,neutral,neutral,False,,
2007-01-26,2007-01-25,1775,1765,0,2,0,0.999988755348232,0.2209377660669946,False,neutral,neutral,False,,
2007-01-29,2007-01-26,1776,1766,2,0,2,0.9999866338874532,0.4955194428221284,False,neutral,neutral,False,,
2007-01-30,2007-01-29,1777,1767,2,0,2,0.9999426021159702,0.4950349201494515,False,neutral,neutral,False,,
2007-01-31,2007-01-30,1778,1768,0,2,0,0.99995075978091,0.4575174290561744,False,neutral,neutral,False,,
2007-02-01,2007-01-31,1779,1769,0,2,0,0.9992158345673748,0.4728977441649489,False,neutral,neutral,False,,
2007-02-02,2007-02-01,1780,1770,1,0,1,0.954788574491699,0.486324073844438,False,neutral,neutral,False,,
2007-02-05,2007-02-02,1781,1771,0,2,0,0.6844386505892481,0.5106401444396114,True,bull,neutral,True,NEUTRAL_TO_BULL,
2007-02-06,2007-02-05,1782,1772,1,0,1,0.2699729792301488,0.4926245976266192,False,neutral,bull,True,BULL_TO_NEUTRAL,
2007-02-07,2007-02-06,1783,1773,2,0,2,0.2651141148684551,0.503535382588006,False,neutral,neutral,False,,
2007-02-08,2007-02-07,1784,1774,2,2,0,0.9703789900112774,0.3056658209138935,False,neutral,neutral,False,,
2007-02-09,2007-02-08,1785,1775,2,2,0,0.9604310821078276,0.316295888305916,False,neutral,neutral,False,,
2007-02-12,2007-02-09,1786,1776,1,1,2,0.4129834221389026,0.3758311378603239,False,neutral,neutral,False,,
2007-02-13,2007-02-12,1787,1777,2,0,2,0.9909247617454352,0.4664794587370446,False,neutral,neutral,False,,
2007-02-14,2007-02-13,1788,1778,2,1,2,0.9999595798645556,0.4153380122258391,False,neutral,neutral,False,,
2007-02-15,2007-02-14,1789,1779,2,1,2,0.9998660230239546,0.4535151912183063,False,neutral,neutral,False,,
2007-02-16,2007-02-15,1790,1780,0,2,0,0.9987464060379654,0.5038940450348947,True,bull,neutral,True,NEUTRAL_TO_BULL,
2007-02-20,2007-02-16,1791,1781,0,2,0,0.996921552658507,0.4909338689914716,False,neutral,bull,True,BULL_TO_NEUTRAL,
2007-02-21,2007-02-20,1792,1782,0,2,0,0.9686412086693736,0.4915660920400203,False,neutral,neutral,False,,
2007-02-22,2007-02-21,1793,1783,0,2,0,0.92919956257246,0.4878291700443701,False,neutral,neutral,False,,
2007-02-23,2007-02-22,1794,1784,0,1,0,0.9164054630124048,0.4898982785243081,False,neutral,neutral,False,,
2007-02-26,2007-02-23,1795,1785,0,2,0,0.9174174821698226,0.4505026715024089,False,neutral,neutral,False,,
2007-02-27,2007-02-26,1796,1786,0,2,0,0.988644597975048,0.4801327359445037,False,neutral,neutral,False,,
2007-02-28,2007-02-27,1797,1787,2,2,0,0.3720816650291179,0.0375047006101028,False,neutral,neutral,False,,
2007-03-01,2007-02-28,1798,1788,2,1,0,0.9999998930857024,0.3055124936299068,False,neutral,neutral,False,,
2007-03-02,2007-03-01,1799,1789,1,2,0,0.9999953401738292,0.2033572867261988,False,neutral,neutral,False,,
2007-03-05,2007-03-02,1800,1790,1,0,2,0.9999981804846088,0.4573844360698037,False,neutral,neutral,False,,
2007-03-06,2007-03-05,1801,1791,1,2,0,1.0,0.3058609925290396,False,neutral,neutral,False,,
2007-03-07,2007-03-06,1802,1792,1,2,0,0.9999999999196838,0.5308096219873633,True,bull,neutral,True,NEUTRAL_TO_BULL,
2007-03-08,2007-03-07,1803,1793,1,0,2,1.0,0.170155816339221,False,neutral,bull,True,BULL_TO_NEUTRAL,
2007-03-09,2007-03-08,1804,1794,0,1,2,0.9999546292315324,0.2556953287602482,False,neutral,neutral,False,,
2007-03-12,2007-03-09,1805,1795,1,0,2,1.0,0.1502834736721556,False,neutral,neutral,False,,
2007-03-13,2007-03-12,1806,1796,2,2,0,0.916864730251611,0.3154757930291239,False,neutral,neutral,False,,
2007-03-14,2007-03-13,1807,1797,1,0,2,0.99753429103892,0.3372332860065772,False,neutral,neutral,False,,
2007-03-15,2007-03-14,1808,1798,0,2,0,0.4391488190755044,0.4349953305583831,False,neutral,neutral,False,,
2007-03-16,2007-03-15,1809,1799,1,1,0,0.9841625828873096,0.3149052026988548,False,neutral,neutral,False,,
2007-03-19,2007-03-16,1810,1800,2,2,0,0.9999589541765332,0.3761975494846995,False,neutral,neutral,False,,
2007-03-20,2007-03-19,1811,1801,1,1,0,0.1899998389744792,0.384581585598606,False,neutral,neutral,False,,
2007-03-21,2007-03-20,1812,1802,1,1,0,0.3951590447086614,0.3268284145757587,False,neutral,neutral,False,,
2007-03-22,2007-03-21,1813,1803,1,1,0,0.9188584968666086,0.3860419578833208,False,neutral,neutral,False,,
2007-03-23,2007-03-22,1814,1804,2,2,0,0.4023331223396096,0.321825985629718,False,neutral,neutral,False,,
2007-03-26,2007-03-23,1815,1805,1,1,0,0.21764726406221,0.3080432070606722,False,neutral,neutral,False,,
2007-03-27,2007-03-26,1816,1806,1,2,0,0.1699711507393367,0.3152468224733339,False,neutral,neutral,False,,
2007-03-28,2007-03-27,1817,1807,0,0,2,0.3904799956940514,0.3228816251273624,False,neutral,neutral,False,,
2007-03-29,2007-03-28,1818,1808,2,2,0,0.6517940811190408,0.3728442465939011,False,neutral,neutral,False,,
2007-03-30,2007-03-29,1819,1809,2,2,0,0.8781160990455404,0.307237252209077,False,neutral,neutral,False,,
2007-04-02,2007-03-30,1820,1810,0,0,1,0.6554716276728099,0.3174714717542786,False,neutral,neutral,False,,
2007-04-03,2007-04-02,1821,1811,0,2,0,0.9789801592070058,0.5100221160527544,True,bull,neutral,True,NEUTRAL_TO_BULL,
2007-04-04,2007-04-03,1822,1812,1,0,1,0.9980086545413313,0.3180258700252686,False,neutral,bull,True,BULL_TO_NEUTRAL,
2007-04-05,2007-04-04,1823,1813,0,1,0,0.9914779957591184,0.5099614977010067,True,bull,neutral,True,NEUTRAL_TO_BULL,
2007-04-09,2007-04-05,1824,1814,0,2,0,0.9379997883159804,0.50759102770149,True,bull,bull,False,,
2007-04-10,2007-04-09,1825,1815,0,2,0,0.774528723092374,0.5105577923783395,True,bull,bull,False,,
2007-04-11,2007-04-10,1826,1816,0,2,0,0.4793398426020385,0.5105988615693484,True,bull,bull,False,,
2007-04-12,2007-04-11,1827,1817,0,2,0,0.4070613321685744,0.4489256605184422,False,neutral,bull,True,BULL_TO_NEUTRAL,
2007-04-13,2007-04-12,1828,1818,0,2,0,0.5547616092924961,0.4929478475954882,False,neutral,neutral,False,,
2007-04-16,2007-04-13,1829,1819,0,2,0,0.6341945482608925,0.4915543913732146,False,neutral,neutral,False,,
2007-04-17,2007-04-16,1830,1820,1,0,1,0.3557130443870112,0.366975241095683,False,neutral,neutral,False,,
2007-04-18,2007-04-17,1831,1821,0,1,0,0.2729324626496669,0.5020922322037198,False,neutral,neutral,False,,
2007-04-19,2007-04-18,1832,1822,1,1,0,0.9922464543597086,0.3048007141022158,False,neutral,neutral,False,,
2007-04-20,2007-04-19,1833,1823,2,2,0,0.992428366970046,0.3109979995108674,False,neutral,neutral,False,,
2007-04-23,2007-04-20,1834,1824,1,1,0,0.9266877195444388,0.3624789536446575,False,neutral,neutral,False,,
2007-04-24,2007-04-23,1835,1825,2,2,0,0.9155437781019892,0.3351737110634923,False,neutral,neutral,False,,
2007-04-25,2007-04-24,1836,1826,2,2,0,0.9403028702051354,0.3088632806145958,False,neutral,neutral,False,,
2007-04-26,2007-04-25,1837,1827,2,2,0,0.3748270433921693,0.3128616484028007,False,neutral,neutral,False,,
2007-04-27,2007-04-26,1838,1828,2,2,0,0.9845968738235192,0.3075592155229562,False,neutral,neutral,False,,
2007-04-30,2007-04-27,1839,1829,2,2,0,0.4743790936060508,0.314189292616979,False,neutral,neutral,False,,
2007-05-01,2007-04-30,1840,1830,2,2,0,0.1825740958926612,0.3856602987135548,False,neutral,neutral,False,,
2007-05-02,2007-05-01,1841,1831,0,1,0,0.9473917164870416,0.5022958324867839,True,bull,neutral,True,NEUTRAL_TO_BULL,
2007-05-03,2007-05-02,1842,1832,0,1,0,0.9722286622158168,0.3857585297261531,False,neutral,bull,True,BULL_TO_NEUTRAL,
2007-05-04,2007-05-03,1843,1833,0,2,0,0.976934382496046,0.4581346004110436,False,neutral,neutral,False,,
2007-05-07,2007-05-04,1844,1834,0,2,0,0.6743407105183037,0.4801574739956389,False,neutral,neutral,False,,
2007-05-08,2007-05-07,1845,1835,0,1,0,0.6829308127649568,0.5067967573563372,True,bull,neutral,True,NEUTRAL_TO_BULL,
2007-05-09,2007-05-08,1846,1836,0,1,0,0.6965793274786759,0.4793824515575362,False,neutral,bull,True,BULL_TO_NEUTRAL,
2007-05-10,2007-05-09,1847,1837,0,2,0,0.6159372562674186,0.507799280352018,True,bull,neutral,True,NEUTRAL_TO_BULL,
2007-05-11,2007-05-10,1848,1838,0,1,0,0.4313405566397198,0.2619341154873308,False,neutral,bull,True,BULL_TO_NEUTRAL,
2007-05-14,2007-05-11,1849,1839,0,1,0,0.5399652553191592,0.4002364168708077,False,neutral,neutral,False,,
2007-05-15,2007-05-14,1850,1840,1,0,1,0.918961675484574,0.4832302728916448,False,neutral,neutral,False,,
2007-05-16,2007-05-15,1851,1841,0,1,0,1.0,0.4909253317848569,False,neutral,neutral,False,,
2007-05-17,2007-05-16,1852,1842,1,0,1,0.9999987960798464,0.4475490973008858,False,neutral,neutral,False,,
2007-05-18,2007-05-17,1853,1843,1,0,1,1.0,0.4731749402312027,False,neutral,neutral,False,,
2007-05-21,2007-05-18,1854,1844,1,0,1,0.9869615852726346,0.3940641580305716,False,neutral,neutral,False,,
2007-05-22,2007-05-21,1855,1845,0,2,0,0.8529579236254772,0.4872469207058405,False,neutral,neutral,False,,
2007-05-23,2007-05-22,1856,1846,1,0,1,0.7971985158399282,0.5001402760012742,True,bull,neutral,True,NEUTRAL_TO_BULL,
2007-05-24,2007-05-23,1857,1847,2,0,2,0.6731613707411167,0.5074452873102104,True,bull,bull,False,,
2007-05-25,2007-05-24,1858,1848,2,2,0,0.5099080562661054,0.4002354458127148,False,neutral,bull,True,BULL_TO_NEUTRAL,
2007-05-29,2007-05-25,1859,1849,0,2,0,0.4920495217719033,0.4343797472468718,False,neutral,neutral,False,,
2007-05-30,2007-05-29,1860,1850,2,2,0,0.5025747997235511,0.3723394314651925,False,neutral,neutral,False,,
2007-05-31,2007-05-30,1861,1851,2,0,2,0.9965120427170384,0.4151150696018642,False,neutral,neutral,False,,
2007-06-01,2007-05-31,1862,1852,2,0,2,0.9882104545096172,0.4866319724138125,False,neutral,neutral,False,,
2007-06-04,2007-06-01,1863,1853,2,0,2,0.949756620184065,0.4859652887341065,False,neutral,neutral,False,,
2007-06-05,2007-06-04,1864,1854,0,2,0,0.7949276821096508,0.5071907087577113,True,bull,neutral,True,NEUTRAL_TO_BULL,
2007-06-06,2007-06-05,1865,1855,2,0,2,0.7503802481862486,0.45159608993957,False,neutral,bull,True,BULL_TO_NEUTRAL,
2007-06-07,2007-06-06,1866,1856,0,2,0,0.6519282133628718,0.2519282826981972,False,neutral,neutral,False,,
2007-06-08,2007-06-07,1867,1857,2,2,0,0.9229346426355696,0.3782744730597642,False,neutral,neutral,False,,
2007-06-11,2007-06-08,1868,1858,2,2,0,0.921811354106964,0.4070941208588209,False,neutral,neutral,False,,
2007-06-12,2007-06-11,1869,1859,0,0,2,0.9044182189279768,0.3058563948727021,False,neutral,neutral,False,,
2007-06-13,2007-06-12,1870,1860,2,2,0,0.6262303056465892,0.4085445005068769,False,neutral,neutral,False,,
2007-06-14,2007-06-13,1871,1861,2,2,0,0.7261577402011498,0.417323285488079,False,neutral,neutral,False,,
2007-06-15,2007-06-14,1872,1862,2,2,0,0.7735053325147857,0.3277598740524705,False,neutral,neutral,False,,
2007-06-18,2007-06-15,1873,1863,0,0,1,0.8941497721728512,0.305960509091549,False,neutral,neutral,False,,
2007-06-19,2007-06-18,1874,1864,1,2,0,0.9370788321898322,0.321881781713421,False,neutral,neutral,False,,
2007-06-20,2007-06-19,1875,1865,1,2,0,0.9538458821540016,0.3157358890784367,False,neutral,neutral,False,,
2007-06-21,2007-06-20,1876,1866,0,2,1,0.9490094587804988,0.4014186244776986,False,neutral,neutral,False,,
2007-06-22,2007-06-21,1877,1867,0,0,2,0.5924841934126955,0.3210983501408165,False,neutral,neutral,False,,
2007-06-25,2007-06-22,1878,1868,2,2,0,0.7456949333584956,0.3962115978427652,False,neutral,neutral,False,,
2007-06-26,2007-06-25,1879,1869,2,2,0,0.9923358225696876,0.3457643710222539,False,neutral,neutral,False,,
2007-06-27,2007-06-26,1880,1870,2,2,0,0.8881649944577676,0.4042545768653515,False,neutral,neutral,False,,
2007-06-28,2007-06-27,1881,1871,2,2,0,0.8565674601878202,0.4144329815715809,False,neutral,neutral,False,,
2007-06-29,2007-06-28,1882,1872,2,2,0,0.9026886996369244,0.3103402554232579,False,neutral,neutral,False,,
2007-07-02,2007-06-29,1883,1873,1,1,0,0.9693808559361856,0.3091560796250415,False,neutral,neutral,False,,
2007-07-03,2007-07-02,1884,1874,2,2,0,0.9930424005323796,0.3590934469294414,False,neutral,neutral,False,,
2007-07-05,2007-07-03,1885,1875,1,1,0,0.68657296312688,0.3105477696402775,False,neutral,neutral,False,,
2007-07-06,2007-07-05,1886,1876,0,2,1,0.9176467232381028,0.3153722031178816,False,neutral,neutral,False,,
2007-07-09,2007-07-06,1887,1877,0,2,1,0.9862704793071696,0.3121470120110953,False,neutral,neutral,False,,
2007-07-10,2007-07-09,1888,1878,0,2,1,0.9450074130835828,0.3156972589425867,False,neutral,neutral,False,,
2007-07-11,2007-07-10,1889,1879,2,1,0,0.9711200643180352,0.4122975718708958,False,neutral,neutral,False,,
2007-07-12,2007-07-11,1890,1880,1,2,0,0.3607610924858186,0.3396549213822249,False,neutral,neutral,False,,
2007-07-13,2007-07-12,1891,1881,0,2,1,0.9988289896838966,0.3898195851570152,False,neutral,neutral,False,,
2007-07-16,2007-07-13,1892,1882,2,1,0,0.9778759675311076,0.3178825818695306,False,neutral,neutral,False,,
2007-07-17,2007-07-16,1893,1883,2,1,0,0.991990253110281,0.3115215314062178,False,neutral,neutral,False,,
2007-07-18,2007-07-17,1894,1884,2,1,0,0.9858123016159211,0.3134734418362793,False,neutral,neutral,False,,
2007-07-19,2007-07-18,1895,1885,2,1,0,0.9831152546483218,0.3206430859392276,False,neutral,neutral,False,,
2007-07-20,2007-07-19,1896,1886,2,1,0,0.9810717569323384,0.3129071075792152,False,neutral,neutral,False,,
2007-07-23,2007-07-20,1897,1887,2,1,0,0.9698329017455508,0.3974950144452966,False,neutral,neutral,False,,
2007-07-24,2007-07-23,1898,1888,0,1,2,0.9892896846992804,0.3101753906442921,False,neutral,neutral,False,,
2007-07-25,2007-07-24,1899,1889,0,1,2,0.9625605428978906,0.3810625613935284,False,neutral,neutral,False,,
2007-07-26,2007-07-25,1900,1890,0,1,2,0.9919608507280188,0.3083732842103138,False,neutral,neutral,False,,
2007-07-27,2007-07-26,1901,1891,1,1,0,0.9452620419272544,0.7372252158207167,True,bear,neutral,True,NEUTRAL_TO_BEAR,
2007-07-30,2007-07-27,1902,1892,1,1,2,0.999964763589162,0.6205922528717408,True,bear,bear,False,,
2007-07-31,2007-07-30,1903,1893,1,1,0,0.9999902229788308,0.4671589873707781,False,neutral,bear,True,BEAR_TO_NEUTRAL,
2007-08-01,2007-07-31,1904,1894,1,1,0,0.9999978933548423,0.3579404395825331,False,neutral,neutral,False,,
2007-08-02,2007-08-01,1905,1895,2,1,0,1.0,0.2039232745115816,False,neutral,neutral,False,,
2007-08-03,2007-08-02,1906,1896,2,2,0,0.9999364003899492,0.2391136305193234,False,neutral,neutral,False,,
2007-08-06,2007-08-03,1907,1897,1,1,0,0.999897736931712,0.7912472053142806,True,bear,neutral,True,NEUTRAL_TO_BEAR,
2007-08-07,2007-08-06,1908,1898,1,1,0,0.987473595133344,0.5077791351087715,True,bear,bear,False,,
2007-08-08,2007-08-07,1909,1899,1,1,0,0.9984219649930516,0.3179491654635292,False,neutral,bear,True,BEAR_TO_NEUTRAL,
2007-08-09,2007-08-08,1910,1900,2,2,0,0.2114470300050985,0.4077976027092675,False,neutral,neutral,False,,
2007-08-10,2007-08-09,1911,1901,2,2,0,0.2002046789377659,0.8717353353964523,False,neutral,neutral,False,,
2007-08-13,2007-08-10,1912,1902,1,2,0,0.7557224607059694,0.3447931268895959,False,neutral,neutral,False,,
2007-08-14,2007-08-13,1913,1903,2,1,0,0.7495798481867457,0.3070727545873655,False,neutral,neutral,False,,
2007-08-15,2007-08-14,1914,1904,2,2,0,0.989851399212476,0.4834732310535607,False,neutral,neutral,False,,
2007-08-16,2007-08-15,1915,1905,1,1,0,0.9902746540028056,0.4320481959575147,False,neutral,neutral,False,,
2007-08-17,2007-08-16,1916,1906,1,1,0,0.9943115192799444,0.2303733969152665,False,neutral,neutral,False,,
2007-08-20,2007-08-17,1917,1907,1,1,2,1.0,0.5998614507172675,True,bear,neutral,True,NEUTRAL_TO_BEAR,
2007-08-21,2007-08-20,1918,1908,1,1,0,0.9916769387906824,0.1863896740851346,False,neutral,bear,True,BEAR_TO_NEUTRAL,
2007-08-22,2007-08-21,1919,1909,1,1,2,0.9999999999812892,0.1908917260579434,False,neutral,neutral,False,,
2007-08-23,2007-08-22,1920,1910,2,2,1,0.1747831959404567,0.3366587139466773,False,neutral,neutral,False,,
2007-08-24,2007-08-23,1921,1911,2,2,1,0.7320278605115202,0.194435223742001,False,neutral,neutral,False,,
2007-08-27,2007-08-24,1922,1912,1,1,0,0.9033978960653962,0.3511114349770214,False,neutral,neutral,False,,
2007-08-28,2007-08-27,1923,1913,1,1,0,0.9531616206288572,0.3075097689581458,False,neutral,neutral,False,,
2007-08-29,2007-08-28,1924,1914,1,1,0,0.9389560362194442,0.6738367367804802,True,bear,neutral,True,NEUTRAL_TO_BEAR,
2007-08-30,2007-08-29,1925,1915,1,1,0,0.7847986279614512,0.6484728267526817,True,bear,bear,False,,
2007-08-31,2007-08-30,1926,1916,2,1,0,0.0912288326608333,0.2430318262745675,False,neutral,bear,True,BEAR_TO_NEUTRAL,
2007-09-04,2007-08-31,1927,1917,2,1,0,0.9678542581176964,0.3623566298068844,False,neutral,neutral,False,,
2007-09-05,2007-09-04,1928,1918,2,1,0,0.8549954645679919,0.3651663270341675,False,neutral,neutral,False,,
2007-09-06,2007-09-05,1929,1919,2,1,0,0.9445319015719008,0.3906519950995508,False,neutral,neutral,False,,
2007-09-07,2007-09-06,1930,1920,2,1,0,0.9138368710384328,0.3165966909151753,False,neutral,neutral,False,,
2007-09-10,2007-09-07,1931,1921,2,1,0,0.890810606813255,0.4090325925321142,False,neutral,neutral,False,,
2007-09-11,2007-09-10,1932,1922,2,1,0,0.9167694797941844,0.3290750313340612,False,neutral,neutral,False,,
2007-09-12,2007-09-11,1933,1923,1,2,0,0.9098283795338268,0.3818140398618087,False,neutral,neutral,False,,
2007-09-13,2007-09-12,1934,1924,0,1,2,0.4950031349716609,0.31598432154427,False,neutral,neutral,False,,
2007-09-14,2007-09-13,1935,1925,2,1,0,0.7920276883107928,0.3397064637494604,False,neutral,neutral,False,,
2007-09-17,2007-09-14,1936,1926,2,1,0,0.7042504860603607,0.3199973448613574,False,neutral,neutral,False,,
2007-09-18,2007-09-17,1937,1927,2,1,0,0.714837676334081,0.3574854201293939,False,neutral,neutral,False,,
2007-09-19,2007-09-18,1938,1928,0,2,1,0.2197965048435319,0.1011952206080559,False,neutral,neutral,False,,
2007-09-20,2007-09-19,1939,1929,1,2,0,1.0,0.2207787410323446,False,neutral,neutral,False,,
2007-09-21,2007-09-20,1940,1930,1,2,0,1.0,0.2584008110025413,False,neutral,neutral,False,,
2007-09-24,2007-09-21,1941,1931,1,0,2,1.0,0.1990552489916737,False,neutral,neutral,False,,
2007-09-25,2007-09-24,1942,1932,1,2,0,1.0,0.1739750139984208,False,neutral,neutral,False,,
2007-09-26,2007-09-25,1943,1933,2,0,1,0.9943612059929026,0.200667061139715,False,neutral,neutral,False,,
2007-09-27,2007-09-26,1944,1934,1,2,0,0.7738559125220407,0.2296943919079247,False,neutral,neutral,False,,
2007-09-28,2007-09-27,1945,1935,2,1,0,0.6327247696278722,0.3039919845088146,False,neutral,neutral,False,,
2007-10-01,2007-09-28,1946,1936,2,1,0,0.1889664453374566,0.2553342638551101,False,neutral,neutral,False,,
2007-10-02,2007-10-01,1947,1937,0,2,1,0.0499491642992376,0.3760332038702714,False,neutral,neutral,False,,
2007-10-03,2007-10-02,1948,1938,0,2,0,0.7672454905680552,0.4807965974844786,False,neutral,neutral,False,,
2007-10-04,2007-10-03,1949,1939,0,0,1,0.5030188925065481,0.3289506796990395,False,neutral,neutral,False,,
2007-10-05,2007-10-04,1950,1940,1,0,1,0.4830577090817378,0.5995275018786502,True,bull,neutral,True,NEUTRAL_TO_BULL,
2007-10-08,2007-10-05,1951,1941,0,1,0,0.2847869824424876,0.4746520136461262,False,neutral,bull,True,BULL_TO_NEUTRAL,
2007-10-09,2007-10-08,1952,1942,1,1,0,0.9927437581701428,0.3582557635566675,False,neutral,neutral,False,,
2007-10-10,2007-10-09,1953,1943,2,1,0,0.9920494610370708,0.3615066939287739,False,neutral,neutral,False,,
2007-10-11,2007-10-10,1954,1944,1,1,0,0.9934110943308104,0.3277224408996274,False,neutral,neutral,False,,
2007-10-12,2007-10-11,1955,1945,2,2,0,0.9871497215779718,0.3524720052841688,False,neutral,neutral,False,,
2007-10-15,2007-10-12,1956,1946,0,0,2,0.4493952540471213,0.3277033211887904,False,neutral,neutral,False,,
2007-10-16,2007-10-15,1957,1947,2,2,0,0.3246761638490406,0.388680301035708,False,neutral,neutral,False,,
2007-10-17,2007-10-16,1958,1948,2,2,0,0.4570132692911304,0.3841364759151702,False,neutral,neutral,False,,
2007-10-18,2007-10-17,1959,1949,0,1,0,0.7314046768527103,0.4858846303842308,False,neutral,neutral,False,,
2007-10-19,2007-10-18,1960,1950,0,2,0,0.5887701273645614,0.4461953144389304,False,neutral,neutral,False,,
2007-10-22,2007-10-19,1961,1951,2,2,1,0.9828516619232502,0.8308667382249024,True,bear,neutral,True,NEUTRAL_TO_BEAR,
2007-10-23,2007-10-22,1962,1952,2,2,1,1.0,0.2199824056075782,False,neutral,bear,True,BEAR_TO_NEUTRAL,
2007-10-24,2007-10-23,1963,1953,0,0,1,0.999999999819401,0.2549770451146745,False,neutral,neutral,False,,
2007-10-25,2007-10-24,1964,1954,1,1,0,0.999996245304468,0.2005625462499838,False,neutral,neutral,False,,
2007-10-26,2007-10-25,1965,1955,2,1,0,0.9994577604492,0.1919547842604006,False,neutral,neutral,False,,
2007-10-29,2007-10-26,1966,1956,2,2,0,0.5888164872541221,0.3448341394609536,False,neutral,neutral,False,,
2007-10-30,2007-10-29,1967,1957,0,2,1,0.7319496945976413,0.3196204153621265,False,neutral,neutral,False,,
2007-10-31,2007-10-30,1968,1958,1,2,0,0.8206154369743255,0.3727492483891695,False,neutral,neutral,False,,
2007-11-01,2007-10-31,1969,1959,0,2,1,0.5776680689111541,0.3146008644535619,False,neutral,neutral,False,,
2007-11-02,2007-11-01,1970,1960,1,2,0,0.7518062294627283,0.2241235230432192,False,neutral,neutral,False,,
2007-11-05,2007-11-02,1971,1961,1,2,0,0.9619258721328184,0.3182511187940295,False,neutral,neutral,False,,
2007-11-06,2007-11-05,1972,1962,2,2,0,0.9139846426626762,0.3791613730898262,False,neutral,neutral,False,,
2007-11-07,2007-11-06,1973,1963,2,1,0,0.9212464964357604,0.3910675255588437,False,neutral,neutral,False,,
2007-11-08,2007-11-07,1974,1964,1,1,0,0.9950347360033106,0.8584029117660885,True,bear,neutral,True,NEUTRAL_TO_BEAR,
2007-11-09,2007-11-08,1975,1965,1,1,0,1.0,0.2311393561334215,False,neutral,bear,True,BEAR_TO_NEUTRAL,
2007-11-12,2007-11-09,1976,1966,1,1,0,1.0,0.4437295608740324,False,neutral,neutral,False,,
2007-11-13,2007-11-12,1977,1967,2,2,1,1.0,0.3298626212613167,False,neutral,neutral,False,,
2007-11-14,2007-11-13,1978,1968,2,2,1,1.0,0.9215316611506976,True,bear,neutral,True,NEUTRAL_TO_BEAR,
2007-11-15,2007-11-14,1979,1969,2,2,0,1.0,0.2053650744869181,False,neutral,bear,True,BEAR_TO_NEUTRAL,
2007-11-16,2007-11-15,1980,1970,2,2,0,1.0,0.4678299550484658,False,neutral,neutral,False,,
2007-11-19,2007-11-16,1981,1971,1,1,0,1.0,0.1901390995554499,False,neutral,neutral,False,,
2007-11-20,2007-11-19,1982,1972,1,1,0,1.0,0.4514542578823613,False,neutral,neutral,False,,
2007-11-21,2007-11-20,1983,1973,2,2,0,0.3514010990592475,0.2197180220529909,False,neutral,neutral,False,,
2007-11-23,2007-11-21,1984,1974,1,1,0,0.9826302926293352,0.6756131345612025,True,bear,neutral,True,NEUTRAL_TO_BEAR,
2007-11-26,2007-11-23,1985,1975,0,0,1,0.9176259564209744,0.5494044543360137,True,bear,bear,False,,
2007-11-27,2007-11-26,1986,1976,0,0,1,1.0,0.7247662331349354,True,bear,bear,False,,
2007-11-28,2007-11-27,1987,1977,2,2,0,1.0,0.3346240909215338,False,neutral,bear,True,BEAR_TO_NEUTRAL,
2007-11-29,2007-11-28,1988,1978,1,2,0,0.9892953079270324,0.957837413582717,True,bull,neutral,True,NEUTRAL_TO_BULL,
2007-11-30,2007-11-29,1989,1979,2,2,0,0.999914900786024,0.1896676321011642,False,neutral,bull,True,BULL_TO_NEUTRAL,
2007-12-03,2007-11-30,1990,1980,1,1,0,1.0,0.2956510977787335,False,neutral,neutral,False,,
2007-12-04,2007-12-03,1991,1981,0,0,1,1.0,0.2562885794056537,False,neutral,neutral,False,,
2007-12-05,2007-12-04,1992,1982,2,2,1,1.0,0.3056246255601862,False,neutral,neutral,False,,
2007-12-06,2007-12-05,1993,1983,1,1,0,1.0,0.5396449992505494,True,bear,neutral,True,NEUTRAL_TO_BEAR,
2007-12-07,2007-12-06,1994,1984,2,1,0,1.0,0.4446715205272558,False,neutral,bear,True,BEAR_TO_NEUTRAL,
2007-12-10,2007-12-07,1995,1985,2,1,0,1.0,0.1915360106851508,False,neutral,neutral,False,,
2007-12-11,2007-12-10,1996,1986,1,2,0,1.0,0.2505688105488821,False,neutral,neutral,False,,
2007-12-12,2007-12-11,1997,1987,1,1,0,0.938712779973183,0.8583829323366254,True,bear,neutral,True,NEUTRAL_TO_BEAR,
2007-12-13,2007-12-12,1998,1988,1,1,0,0.7997810791207315,0.2976527107715733,False,neutral,bear,True,BEAR_TO_NEUTRAL,
2007-12-14,2007-12-13,1999,1989,2,2,1,0.506727127976898,0.2005506811293541,False,neutral,neutral,False,,
2007-12-17,2007-12-14,2000,1990,2,2,0,0.7848684979075737,0.4014357950972074,False,neutral,neutral,False,,
2007-12-18,2007-12-17,2001,1991,1,1,2,0.9999977628738542,0.4522791788289244,False,neutral,neutral,False,,
2007-12-19,2007-12-18,2002,1992,1,1,0,0.9999999980115518,0.2179177002206982,False,neutral,neutral,False,,
2007-12-20,2007-12-19,2003,1993,1,1,0,1.0,0.1924280609111544,False,neutral,neutral,False,,
2007-12-21,2007-12-20,2004,1994,1,1,0,1.0,0.227837012168757,False,neutral,neutral,False,,
2007-12-24,2007-12-21,2005,1995,1,1,0,0.9988739620334418,0.2729020564717466,False,neutral,neutral,False,,
2007-12-26,2007-12-24,2006,1996,2,1,0,0.8751908918044213,0.3432811462398726,False,neutral,neutral,False,,
2007-12-27,2007-12-26,2007,1997,1,2,0,0.6665474385733352,0.1748978063078531,False,neutral,neutral,False,,
2007-12-28,2007-12-27,2008,1998,0,2,1,0.8621839468927551,0.4082043519961922,False,neutral,neutral,False,,
2007-12-31,2007-12-28,2009,1999,0,2,1,0.952873644034556,0.3333464308132129,False,neutral,neutral,False,,
2008-01-02,2007-12-31,2010,2000,1,2,0,0.9284387139549256,0.3806314487425117,False,neutral,neutral,False,,
2008-01-03,2008-01-02,2011,2001,0,2,1,0.9323692655007784,0.3854543826276195,False,neutral,neutral,False,,
2008-01-04,2008-01-03,2012,2002,2,1,0,0.7399310491159274,0.3222784780993886,False,neutral,neutral,False,,
2008-01-07,2008-01-04,2013,2003,1,2,0,1.0,0.8928550169637081,True,bull,neutral,True,NEUTRAL_TO_BULL,
2008-01-08,2008-01-07,2014,2004,1,1,0,1.0,0.1939973535052264,False,neutral,bull,True,BULL_TO_NEUTRAL,
2008-01-09,2008-01-08,2015,2005,1,1,0,1.0,0.5154366837174789,True,bear,neutral,True,NEUTRAL_TO_BEAR,
2008-01-10,2008-01-09,2016,2006,1,1,0,1.0,0.3156808071128666,False,neutral,bear,True,BEAR_TO_NEUTRAL,
2008-01-11,2008-01-10,2017,2007,2,2,0,1.0,0.2286723606343089,False,neutral,neutral,False,,
2008-01-14,2008-01-11,2018,2008,1,1,2,1.0,0.2875172785559536,False,neutral,neutral,False,,
2008-01-15,2008-01-14,2019,2009,1,1,0,1.0,0.2521831543650853,False,neutral,neutral,False,,
2008-01-16,2008-01-15,2020,2010,1,1,2,0.9999988776392552,0.7220721194369192,True,bear,neutral,True,NEUTRAL_TO_BEAR,
2008-01-17,2008-01-16,2021,2011,1,0,2,1.0,0.3908384888958847,False,neutral,bear,True,BEAR_TO_NEUTRAL,
2008-01-18,2008-01-17,2022,2012,2,2,1,1.0,0.8289245619531539,True,bear,neutral,True,NEUTRAL_TO_BEAR,
2008-01-22,2008-01-18,2023,2013,0,0,1,1.0,0.3402911929910848,False,neutral,bear,True,BEAR_TO_NEUTRAL,
2008-01-23,2008-01-22,2024,2014,1,1,2,1.0,0.337396687751459,False,neutral,neutral,False,,
2008-01-24,2008-01-23,2025,2015,1,1,0,1.0,0.7783977604068258,True,bear,neutral,True,NEUTRAL_TO_BEAR,
2008-01-25,2008-01-24,2026,2016,2,2,1,1.0,0.258659739684903,False,neutral,bear,True,BEAR_TO_NEUTRAL,
2008-01-28,2008-01-25,2027,2017,1,1,0,1.0,0.4601913373080783,False,neutral,neutral,False,,
2008-01-29,2008-01-28,2028,2018,1,1,2,1.0,0.5293658694822732,True,bear,neutral,True,NEUTRAL_TO_BEAR,
2008-01-30,2008-01-29,2029,2019,1,1,0,0.9999999999999898,0.2115166091572445,False,neutral,bear,True,BEAR_TO_NEUTRAL,
2008-01-31,2008-01-30,2030,2020,2,2,1,0.8944547698214221,0.229481264281098,False,neutral,neutral,False,,
2008-02-01,2008-01-31,2031,2021,0,0,1,0.9684523034465576,0.5029147873687877,True,bear,neutral,True,NEUTRAL_TO_BEAR,
2008-02-04,2008-02-01,2032,2022,2,2,1,1.0,0.5136450878432803,True,bear,bear,False,,
2008-02-05,2008-02-04,2033,2023,1,1,2,1.0,0.3993281404343851,False,neutral,bear,True,BEAR_TO_NEUTRAL,
2008-02-06,2008-02-05,2034,2024,1,1,2,0.9933944770411288,0.8446490556036045,True,bear,neutral,True,NEUTRAL_TO_BEAR,
2008-02-07,2008-02-06,2035,2025,1,1,0,0.9995616074625944,0.2808531993866413,False,neutral,bear,True,BEAR_TO_NEUTRAL,
2008-02-08,2008-02-07,2036,2026,0,0,1,0.9999835688577482,0.2323859880215125,False,neutral,neutral,False,,
2008-02-11,2008-02-08,2037,2027,2,2,0,0.999976773626279,0.2505090144370416,False,neutral,neutral,False,,
2008-02-12,2008-02-11,2038,2028,1,0,2,1.0,0.1843791983023749,False,neutral,neutral,False,,
2008-02-13,2008-02-12,2039,2029,2,2,1,0.4541410040140105,0.3510161775207074,False,neutral,neutral,False,,
2008-02-14,2008-02-13,2040,2030,1,1,0,0.9999999997851964,0.3083751671476242,False,neutral,neutral,False,,
2008-02-15,2008-02-14,2041,2031,2,2,1,0.9999422775517314,0.2974725998881742,False,neutral,neutral,False,,
2008-02-19,2008-02-15,2042,2032,2,1,0,0.91718297060722,0.3202200621825674,False,neutral,neutral,False,,
2008-02-20,2008-02-19,2043,2033,2,1,0,0.6043216442989138,0.3167348453290864,False,neutral,neutral,False,,
2008-02-21,2008-02-20,2044,2034,0,1,0,0.4801150052639834,0.6119455977612194,True,bull,neutral,True,NEUTRAL_TO_BULL,
2008-02-22,2008-02-21,2045,2035,0,2,1,0.3509366726911505,0.3861696982813573,False,neutral,bull,True,BULL_TO_NEUTRAL,
2008-02-25,2008-02-22,2046,2036,2,1,0,0.2569767026614865,0.332841750207164,False,neutral,neutral,False,,
2008-02-26,2008-02-25,2047,2037,0,1,0,0.8071028333248214,0.2352253839186797,False,neutral,neutral,False,,
2008-02-27,2008-02-26,2048,2038,0,1,0,0.2711663617111862,0.4119712485217026,False,neutral,neutral,False,,
2008-02-28,2008-02-27,2049,2039,1,2,0,0.996251091910892,0.3241441730764445,False,neutral,neutral,False,,
2008-02-29,2008-02-28,2050,2040,2,1,0,0.9945848485167362,0.3978619994041542,False,neutral,neutral,False,,
2008-03-03,2008-02-29,2051,2041,1,2,0,0.919451288894882,0.2615411404151201,False,neutral,neutral,False,,
2008-03-04,2008-03-03,2052,2042,2,1,0,0.6044402075906583,0.3351309673029864,False,neutral,neutral,False,,
2008-03-05,2008-03-04,2053,2043,2,0,1,0.0486377832252231,0.3433337749368767,False,neutral,neutral,False,,
2008-03-06,2008-03-05,2054,2044,2,2,0,0.996739370262186,0.2265092345556428,False,neutral,neutral,False,,
2008-03-07,2008-03-06,2055,2045,1,1,0,1.0,0.667454515583993,True,bear,neutral,True,NEUTRAL_TO_BEAR,
2008-03-10,2008-03-07,2056,2046,2,2,0,1.0,0.3351846576442293,False,neutral,bear,True,BEAR_TO_NEUTRAL,
2008-03-11,2008-03-10,2057,2047,1,1,0,1.0,0.4168053458102599,False,neutral,neutral,False,,
2008-03-12,2008-03-11,2058,2048,1,1,0,1.0,0.9725446868001282,True,bear,neutral,True,NEUTRAL_TO_BEAR,
2008-03-13,2008-03-12,2059,2049,2,2,0,1.0,0.3115402258100474,False,neutral,bear,True,BEAR_TO_NEUTRAL,
2008-03-14,2008-03-13,2060,2050,1,1,0,0.926164208967142,0.1939031545115458,False,neutral,neutral,False,,
2008-03-17,2008-03-14,2061,2051,0,0,1,0.9003676433702807,0.4909289774482094,False,neutral,neutral,False,,
2008-03-18,2008-03-17,2062,2052,2,2,0,0.9797256635919344,0.3303194639265426,False,neutral,neutral,False,,
2008-03-19,2008-03-18,2063,2053,2,1,0,1.0,0.9951298560195228,True,bull,neutral,True,NEUTRAL_TO_BULL,
2008-03-20,2008-03-19,2064,2054,1,1,0,0.6842928941438452,0.7921690045681268,True,bear,bull,True,BULL_TO_BEAR,
2008-03-24,2008-03-20,2065,2055,1,1,2,0.8291662486930739,0.4163338775102576,False,neutral,bear,True,BEAR_TO_NEUTRAL,
2008-03-25,2008-03-24,2066,2056,1,1,0,0.9999999748063854,0.6617477938612341,True,bear,neutral,True,NEUTRAL_TO_BEAR,
2008-03-26,2008-03-25,2067,2057,1,1,0,0.9999874764796236,0.1914947723828237,False,neutral,bear,True,BEAR_TO_NEUTRAL,
2008-03-27,2008-03-26,2068,2058,1,1,0,0.9999993387722408,0.3985757340872148,False,neutral,neutral,False,,
2008-03-28,2008-03-27,2069,2059,2,2,0,0.9999997861205716,0.2121519558261296,False,neutral,neutral,False,,
2008-03-31,2008-03-28,2070,2060,2,2,1,0.999999880866158,0.3243498286635212,False,neutral,neutral,False,,
2008-04-01,2008-03-31,2071,2061,1,2,0,1.0,0.1606448410477843,False,neutral,neutral,False,,
2008-04-02,2008-04-01,2072,2062,2,2,0,0.8526718195117816,0.9697079581753818,True,bear,neutral,True,NEUTRAL_TO_BEAR,
2008-04-03,2008-04-02,2073,2063,1,1,0,0.9999995681729426,0.1919968322800007,False,neutral,bear,True,BEAR_TO_NEUTRAL,
2008-04-04,2008-04-03,2074,2064,2,2,0,0.9999665858712212,0.1940059364259882,False,neutral,neutral,False,,
2008-04-07,2008-04-04,2075,2065,2,0,1,1.0,0.165422602921801,False,neutral,neutral,False,,
2008-04-08,2008-04-07,2076,2066,2,2,1,1.0,0.192574418950372,False,neutral,neutral,False,,
2008-04-09,2008-04-08,2077,2067,2,2,0,1.0,0.1973980141295267,False,neutral,neutral,False,,
2008-04-10,2008-04-09,2078,2068,2,2,0,1.0,0.2720186135504541,False,neutral,neutral,False,,
2008-04-11,2008-04-10,2079,2069,1,1,0,0.999807569102736,0.1924666642982673,False,neutral,neutral,False,,
2008-04-14,2008-04-11,2080,2070,2,1,0,0.8844322137086754,0.6465319451058228,True,bull,neutral,True,NEUTRAL_TO_BULL,
2008-04-15,2008-04-14,2081,2071,0,2,1,0.9047527498015968,0.3376308131007836,False,neutral,bull,True,BULL_TO_NEUTRAL,
2008-04-16,2008-04-15,2082,2072,1,2,0,0.5662022393229049,0.3178900358575738,False,neutral,neutral,False,,
2008-04-17,2008-04-16,2083,2073,1,2,0,0.5555912279976918,0.1496151426827739,False,neutral,neutral,False,,
2008-04-18,2008-04-17,2084,2074,2,1,0,0.5586392203113002,0.315472176929731,False,neutral,neutral,False,,
2008-04-21,2008-04-18,2085,2075,1,2,0,0.1152023146126257,0.370925171747505,False,neutral,neutral,False,,
2008-04-22,2008-04-21,2086,2076,2,2,1,0.9993298391320898,0.1931995670694649,False,neutral,neutral,False,,
2008-04-23,2008-04-22,2087,2077,2,2,0,0.9999947147904852,0.2273884786682549,False,neutral,neutral,False,,
2008-04-24,2008-04-23,2088,2078,2,2,0,0.9999999999238413,0.2020569004151695,False,neutral,neutral,False,,
2008-04-25,2008-04-24,2089,2079,0,0,1,0.999999757091146,0.2040653996600612,False,neutral,neutral,False,,
2008-04-28,2008-04-25,2090,2080,2,2,1,0.9999999999999768,0.2767398048485525,False,neutral,neutral,False,,
2008-04-29,2008-04-28,2091,2081,1,1,2,0.7976137529958789,0.1943148144237597,False,neutral,neutral,False,,
2008-04-30,2008-04-29,2092,2082,1,0,1,0.4173758535364896,0.0617643746523523,False,neutral,neutral,False,,
2008-05-01,2008-04-30,2093,2083,0,2,0,0.9840710039092134,0.3928047645777129,False,neutral,neutral,False,,
2008-05-02,2008-05-01,2094,2084,1,2,1,0.6855735505866101,0.0239309850044977,False,neutral,neutral,False,,
2008-05-05,2008-05-02,2095,2085,1,2,0,0.996758185040122,0.315763718275895,False,neutral,neutral,False,,
2008-05-06,2008-05-05,2096,2086,1,2,0,0.9831208237385812,0.352974644864388,False,neutral,neutral,False,,
2008-05-07,2008-05-06,2097,2087,1,2,0,0.918696562313592,0.350916658817405,False,neutral,neutral,False,,
2008-05-08,2008-05-07,2098,2088,1,1,0,0.9948128254709984,0.3508790702095595,False,neutral,neutral,False,,
2008-05-09,2008-05-08,2099,2089,1,2,0,0.9720693915518984,0.3318153909472496,False,neutral,neutral,False,,
2008-05-12,2008-05-09,2100,2090,1,1,0,0.9982992447117612,0.3277229500490496,False,neutral,neutral,False,,
2008-05-13,2008-05-12,2101,2091,1,2,0,0.998699363025676,0.3771966674942744,False,neutral,neutral,False,,
2008-05-14,2008-05-13,2102,2092,1,1,0,0.9750595612613524,0.3184600374435984,False,neutral,neutral,False,,
2008-05-15,2008-05-14,2103,2093,2,1,0,0.3284308703012466,0.3152042627170269,False,neutral,neutral,False,,
2008-05-16,2008-05-15,2104,2094,1,2,0,0.922511658933019,0.3879094422027458,False,neutral,neutral,False,,
2008-05-19,2008-05-16,2105,2095,1,2,0,0.9902780737828496,0.3175474547000825,False,neutral,neutral,False,,
2008-05-20,2008-05-19,2106,2096,1,2,1,0.2548321125702012,0.6470292291843645,False,neutral,neutral,False,,
2008-05-21,2008-05-20,2107,2097,2,2,1,0.4746902682256737,0.5713035575559126,True,bear,neutral,True,NEUTRAL_TO_BEAR,
2008-05-22,2008-05-21,2108,2098,1,1,0,0.8924954507541586,0.367324199989026,False,neutral,bear,True,BEAR_TO_NEUTRAL,
2008-05-23,2008-05-22,2109,2099,1,1,0,0.93031778610979,0.3190841356595882,False,neutral,neutral,False,,
2008-05-27,2008-05-23,2110,2100,2,2,0,0.0891818454974152,0.5209750640421497,False,neutral,neutral,False,,
2008-05-28,2008-05-27,2111,2101,2,2,1,0.1873764949161807,0.3377559447935379,False,neutral,neutral,False,,
2008-05-29,2008-05-28,2112,2102,1,2,0,0.9244268398243912,0.1906755532552399,False,neutral,neutral,False,,
2008-05-30,2008-05-29,2113,2103,1,2,0,0.1348148719810319,0.3255432510073991,False,neutral,neutral,False,,
2008-06-02,2008-05-30,2114,2104,2,1,0,0.5138076697529608,0.3158156684028109,False,neutral,neutral,False,,
2008-06-03,2008-06-02,2115,2105,1,2,0,0.4147956498416372,0.3935459700158554,False,neutral,neutral,False,,
2008-06-04,2008-06-03,2116,2106,2,1,0,0.8963949859795715,0.3614503845501762,False,neutral,neutral,False,,
2008-06-05,2008-06-04,2117,2107,0,1,0,0.9217828226082592,0.4858695122055613,False,neutral,neutral,False,,
2008-06-06,2008-06-05,2118,2108,2,1,0,0.4133145127945549,0.318412212027046,False,neutral,neutral,False,,
2008-06-09,2008-06-06,2119,2109,2,1,0,0.9880207692289644,0.0726855939315434,False,neutral,neutral,False,,
2008-06-10,2008-06-09,2120,2110,2,2,0,0.9033386982097262,0.312596986335392,False,neutral,neutral,False,,
2008-06-11,2008-06-10,2121,2111,1,2,0,0.5878635715896754,0.3518713894553224,False,neutral,neutral,False,,
2008-06-12,2008-06-11,2122,2112,2,2,0,0.999759701474936,0.4774996283395154,False,neutral,neutral,False,,
2008-06-13,2008-06-12,2123,2113,1,1,0,0.999811543587155,0.202938854364767,False,neutral,neutral,False,,
2008-06-16,2008-06-13,2124,2114,2,2,0,0.9739769276141726,0.3826474894245414,False,neutral,neutral,False,,
2008-06-17,2008-06-16,2125,2115,1,1,2,0.8815640827781664,0.1935584766654186,False,neutral,neutral,False,,
2008-06-18,2008-06-17,2126,2116,2,2,0,0.8131934753886294,0.2295812462371635,False,neutral,neutral,False,,
2008-06-19,2008-06-18,2127,2117,1,1,0,0.8385506835394915,0.3198199827456755,False,neutral,neutral,False,,
2008-06-20,2008-06-19,2128,2118,2,2,1,2.447914484276445e-05,0.1936703214631092,False,neutral,neutral,False,,
2008-06-23,2008-06-20,2129,2119,2,1,0,0.9085826151310352,0.2887326300927515,False,neutral,neutral,False,,
2008-06-24,2008-06-23,2130,2120,0,0,2,0.486846414835309,0.3242541730754439,False,neutral,neutral,False,,
2008-06-25,2008-06-24,2131,2121,1,2,0,0.1781652137830837,0.3292965962587021,False,neutral,neutral,False,,
2008-06-26,2008-06-25,2132,2122,2,2,0,0.2048954075339893,0.3162479586921885,False,neutral,neutral,False,,
2008-06-27,2008-06-26,2133,2123,2,2,0,1.0,0.8250904198013111,True,bear,neutral,True,NEUTRAL_TO_BEAR,
2008-06-30,2008-06-27,2134,2124,2,1,0,0.9999997305944182,0.2204865863292053,False,neutral,bear,True,BEAR_TO_NEUTRAL,
2008-07-01,2008-06-30,2135,2125,2,0,1,1.0,0.1985909246512933,False,neutral,neutral,False,,
2008-07-02,2008-07-01,2136,2126,2,2,1,0.9999999999984964,0.1998363516332489,False,neutral,neutral,False,,
2008-07-03,2008-07-02,2137,2127,2,2,0,0.999999999930449,0.5760386139200555,True,bear,neutral,True,NEUTRAL_TO_BEAR,
2008-07-07,2008-07-03,2138,2128,2,2,0,0.9990080620258194,0.1939344576019327,False,neutral,bear,True,BEAR_TO_NEUTRAL,
2008-07-08,2008-07-07,2139,2129,2,2,0,0.9999649135349226,0.3422962391531716,False,neutral,neutral,False,,
2008-07-09,2008-07-08,2140,2130,2,2,1,0.9913392295594968,0.5658611110071949,True,bear,neutral,True,NEUTRAL_TO_BEAR,
2008-07-10,2008-07-09,2141,2131,2,2,0,0.959538625831386,0.5962804740558217,True,bear,bear,False,,
2008-07-11,2008-07-10,2142,2132,0,2,1,0.9622862511974892,0.3205983209811813,False,neutral,bear,True,BEAR_TO_NEUTRAL,
2008-07-14,2008-07-11,2143,2133,1,2,0,0.8997025375980573,0.4062360868563572,False,neutral,neutral,False,,
2008-07-15,2008-07-14,2144,2134,0,0,2,0.4843267459905718,0.3951699816150532,False,neutral,neutral,False,,
2008-07-16,2008-07-15,2145,2135,1,1,0,0.9876480798770808,0.4379842126781054,False,neutral,neutral,False,,
2008-07-17,2008-07-16,2146,2136,1,1,2,0.4859058056890181,0.7612307367203804,True,bear,neutral,True,NEUTRAL_TO_BEAR,
2008-07-18,2008-07-17,2147,2137,1,1,0,0.5184141022932393,0.3005748489283932,False,neutral,bear,True,BEAR_TO_NEUTRAL,
2008-07-21,2008-07-18,2148,2138,1,1,0,0.4061620591782897,0.2263923029872821,False,neutral,neutral,False,,
2008-07-22,2008-07-21,2149,2139,0,1,2,0.4245880702622324,0.3155340816272707,False,neutral,neutral,False,,
2008-07-23,2008-07-22,2150,2140,2,1,0,0.3553079920575131,0.365565083829404,False,neutral,neutral,False,,
2008-07-24,2008-07-23,2151,2141,0,2,1,0.1235792222388941,0.3221210743050242,False,neutral,neutral,False,,
2008-07-25,2008-07-24,2152,2142,1,1,2,0.9999604664739764,0.6968702980057299,True,bear,neutral,True,NEUTRAL_TO_BEAR,
2008-07-28,2008-07-25,2153,2143,1,1,0,0.8615489224879394,0.1927881002881739,False,neutral,bear,True,BEAR_TO_NEUTRAL,
2008-07-29,2008-07-28,2154,2144,2,2,1,0.7625319387490863,0.4518806424498203,False,neutral,neutral,False,,
2008-07-30,2008-07-29,2155,2145,1,1,2,0.0114202582453878,0.6740681551112155,False,neutral,neutral,False,,
2008-07-31,2008-07-30,2156,2146,0,1,2,0.9638429304696856,0.3778671514977883,False,neutral,neutral,False,,
2008-08-01,2008-07-31,2157,2147,2,1,0,0.9743916476170998,0.4162304950705014,False,neutral,neutral,False,,
2008-08-04,2008-08-01,2158,2148,1,2,0,0.9747801330383716,0.3548637629029496,False,neutral,neutral,False,,
2008-08-05,2008-08-04,2159,2149,1,2,0,0.9496327986882054,0.3868116024134448,False,neutral,neutral,False,,
2008-08-06,2008-08-05,2160,2150,0,2,1,0.8750837651484121,0.202368352248775,False,neutral,neutral,False,,
2008-08-07,2008-08-06,2161,2151,0,1,2,0.7495840528863484,0.3096578691141373,False,neutral,neutral,False,,
2008-08-08,2008-08-07,2162,2152,0,1,2,0.7935166864070259,0.4130672542679617,False,neutral,neutral,False,,
2008-08-11,2008-08-08,2163,2153,0,2,1,0.5548134256344923,0.380452021896291,False,neutral,neutral,False,,
2008-08-12,2008-08-11,2164,2154,2,1,0,0.7189132624462712,0.3695455680498615,False,neutral,neutral,False,,
2008-08-13,2008-08-12,2165,2155,1,2,0,0.7413543219676193,0.4030781671176104,False,neutral,neutral,False,,
2008-08-14,2008-08-13,2166,2156,0,1,2,0.7510533863879635,0.35710687253021,False,neutral,neutral,False,,
2008-08-15,2008-08-14,2167,2157,0,2,1,0.7451789109611192,0.3350212246824447,False,neutral,neutral,False,,
2008-08-18,2008-08-15,2168,2158,0,1,2,0.8673366292865453,0.3124830538590021,False,neutral,neutral,False,,
2008-08-19,2008-08-18,2169,2159,2,1,0,0.2798020948350163,0.4159264266702197,False,neutral,neutral,False,,
2008-08-20,2008-08-19,2170,2160,0,2,1,0.7687181085131523,0.4072985036843766,False,neutral,neutral,False,,
2008-08-21,2008-08-20,2171,2161,2,1,0,0.9515071890324706,0.3107982097237158,False,neutral,neutral,False,,
2008-08-22,2008-08-21,2172,2162,0,2,1,0.6757745037169581,0.3035559587681066,False,neutral,neutral,False,,
2008-08-25,2008-08-22,2173,2163,2,1,0,0.8364988484254803,0.4045450875111985,False,neutral,neutral,False,,
2008-08-26,2008-08-25,2174,2164,2,1,0,0.5422055929821671,0.3438950012484894,False,neutral,neutral,False,,
2008-08-27,2008-08-26,2175,2165,0,1,2,0.563661598542812,0.3043575871605552,False,neutral,neutral,False,,
2008-08-28,2008-08-27,2176,2166,2,1,0,0.5699639537732772,0.3611183633522873,False,neutral,neutral,False,,
2008-08-29,2008-08-28,2177,2167,0,2,1,0.849283463546831,0.3901414090554272,False,neutral,neutral,False,,
2008-09-02,2008-08-29,2178,2168,0,1,2,0.3974875241990389,0.4057762387470044,False,neutral,neutral,False,,
2008-09-03,2008-09-02,2179,2169,2,1,0,0.4018575585195729,0.3591275240678546,False,neutral,neutral,False,,
2008-09-04,2008-09-03,2180,2170,2,1,2,0.7723912150991118,0.4931814822060386,False,neutral,neutral,False,,
2008-09-05,2008-09-04,2181,2171,1,2,0,0.8123398979629908,0.1381466690405779,False,neutral,neutral,False,,
2008-09-08,2008-09-05,2182,2172,0,1,2,0.2596109397046435,0.3039859584598801,False,neutral,neutral,False,,
2008-09-09,2008-09-08,2183,2173,2,1,0,0.4791347420303339,0.3438236186552091,False,neutral,neutral,False,,
2008-09-10,2008-09-09,2184,2174,1,0,2,0.9990653562122668,0.6639043121997708,True,bull,neutral,True,NEUTRAL_TO_BULL,
2008-09-11,2008-09-10,2185,2175,1,1,0,0.9941368248812756,0.2013568257567083,False,neutral,bull,True,BULL_TO_NEUTRAL,
2008-09-12,2008-09-11,2186,2176,1,1,0,0.9867225640016092,0.4366205226647699,False,neutral,neutral,False,,
2008-09-15,2008-09-12,2187,2177,1,1,2,0.6963791898087752,0.2058860000901689,False,neutral,neutral,False,,
2008-09-16,2008-09-15,2188,2178,2,2,0,0.9992633333081776,0.9962805752511944,True,bear,neutral,True,NEUTRAL_TO_BEAR,
2008-09-17,2008-09-16,2189,2179,2,2,1,0.9713229929367326,0.5161317365148281,True,bear,bear,False,,
2008-09-18,2008-09-17,2190,2180,1,1,2,0.9999862134013232,0.9920772226275856,True,bear,bear,False,,
2008-09-19,2008-09-18,2191,2181,1,1,2,0.9999977916427848,0.8602145499087436,True,bear,bear,False,,
2008-09-22,2008-09-19,2192,2182,2,2,1,0.9999973333688476,0.9244931915869528,True,bear,bear,False,,
2008-09-23,2008-09-22,2193,2183,2,1,0,1.0,0.698397562247428,True,bull,bear,True,BEAR_TO_BULL,
2008-09-24,2008-09-23,2194,2184,1,1,2,0.9999999867287568,0.7027699222095094,True,bear,bull,True,BULL_TO_BEAR,
2008-09-25,2008-09-24,2195,2185,2,2,0,0.9999924183064136,0.1939267635993555,False,neutral,bear,True,BEAR_TO_NEUTRAL,
2008-09-26,2008-09-25,2196,2186,2,2,1,0.9994779608446752,0.4639096380511924,False,neutral,neutral,False,,
2008-09-29,2008-09-26,2197,2187,2,2,1,0.7894742172326746,0.1895064962962003,False,neutral,neutral,False,,
2008-09-30,2008-09-29,2198,2188,1,1,0,0.9999999597166476,0.9999998441858126,True,bear,neutral,True,NEUTRAL_TO_BEAR,
2008-10-01,2008-09-30,2199,2189,1,1,0,0.999999971471044,0.9844390903099844,True,bear,bear,False,,
2008-10-02,2008-10-01,2200,2190,2,2,0,0.9999999850086844,0.1859170146047695,False,neutral,bear,True,BEAR_TO_NEUTRAL,
2008-10-03,2008-10-02,2201,2191,2,2,1,0.9999999999989744,0.9554318828852856,True,bear,neutral,True,NEUTRAL_TO_BEAR,
2008-10-06,2008-10-03,2202,2192,1,1,0,1.0,0.444348797919145,False,neutral,bear,True,BEAR_TO_NEUTRAL,
2008-10-07,2008-10-06,2203,2193,1,1,2,1.0,0.9983987326110096,True,bear,neutral,True,NEUTRAL_TO_BEAR,
2008-10-08,2008-10-07,2204,2194,0,0,2,1.0,0.9931123503572784,True,bear,bear,False,,
2008-10-09,2008-10-08,2205,2195,1,1,0,1.0,0.8160697002597552,True,bear,bear,False,,
2008-10-10,2008-10-09,2206,2196,2,2,1,0.9999999999999992,0.9999987992519952,True,bear,bear,False,,
2008-10-13,2008-10-10,2207,2197,1,2,0,1.0,0.5914680976410627,True,bull,bear,True,BEAR_TO_BULL,
2008-10-14,2008-10-13,2208,2198,2,1,0,1.0,1.0,True,bull,bull,False,,
2008-10-15,2008-10-14,2209,2199,1,1,0,1.0,0.3694599851438586,False,neutral,bull,True,BULL_TO_NEUTRAL,
2008-10-16,2008-10-15,2210,2200,1,1,2,1.0,0.9999999346758834,True,bear,neutral,True,NEUTRAL_TO_BEAR,
2008-10-17,2008-10-16,2211,2201,1,1,0,0.999999999999996,0.9340708313564432,True,bear,bear,False,,
2008-10-20,2008-10-17,2212,2202,0,0,2,0.9999999999999998,0.6423357856742503,True,bear,bear,False,,
2008-10-21,2008-10-20,2213,2203,1,1,0,0.9999885377629556,0.9983569039000472,True,bear,bear,False,,
2008-10-22,2008-10-21,2214,2204,1,1,0,0.9999204617518598,0.7360576013757844,True,bear,bear,False,,
2008-10-23,2008-10-22,2215,2205,1,1,0,0.9999572730151804,0.9926742718657916,True,bear,bear,False,,
2008-10-24,2008-10-23,2216,2206,1,1,0,0.999928753764946,0.2556823955486729,False,neutral,bear,True,BEAR_TO_NEUTRAL,
2008-10-27,2008-10-24,2217,2207,1,1,0,0.9999856425947392,0.985620767357298,True,bear,neutral,True,NEUTRAL_TO_BEAR,
2008-10-28,2008-10-27,2218,2208,1,1,0,0.9999982362070268,0.8545034127937317,True,bear,bear,False,,
2008-10-29,2008-10-28,2219,2209,2,0,1,0.9980378679810354,0.9999999999999936,True,bull,bear,True,BEAR_TO_BULL,
2008-10-30,2008-10-29,2220,2210,2,2,0,0.999689420248067,0.1949579003926303,False,neutral,bull,True,BULL_TO_NEUTRAL,
2008-10-31,2008-10-30,2221,2211,2,2,0,0.9998985213292096,0.8344058986606296,True,bear,neutral,True,NEUTRAL_TO_BEAR,
2008-11-03,2008-10-31,2222,2212,2,2,0,0.9999757153911172,0.159623861121301,False,neutral,bear,True,BEAR_TO_NEUTRAL,
2008-11-04,2008-11-03,2223,2213,1,1,2,0.9999004232045924,0.1465876795209408,False,neutral,neutral,False,,
2008-11-05,2008-11-04,2224,2214,2,1,0,0.999998190991809,0.8228355643460632,True,bull,neutral,True,NEUTRAL_TO_BULL,
2008-11-06,2008-11-05,2225,2215,1,1,0,0.9999984694162672,0.9401097640670814,True,bear,bull,True,BULL_TO_BEAR,
2008-11-07,2008-11-06,2226,2216,2,2,0,0.9999986952557656,0.994871661295851,True,bear,bear,False,,
2008-11-10,2008-11-07,2227,2217,2,1,0,0.999999999999974,0.8717036099947731,True,bull,bear,True,BEAR_TO_BULL,
2008-11-11,2008-11-10,2228,2218,1,1,0,0.662802215474754,0.3031530637413801,False,neutral,bull,True,BULL_TO_NEUTRAL,
2008-11-12,2008-11-11,2229,2219,2,2,0,0.9431857725235936,0.7681957698937634,True,bear,neutral,True,NEUTRAL_TO_BEAR,
2008-11-13,2008-11-12,2230,2220,1,1,0,0.9997932359549934,0.9582518655236304,True,bear,bear,False,,
2008-11-14,2008-11-13,2231,2221,1,1,2,0.999782510939596,0.9992794982549604,True,bear,bear,False,,
2008-11-17,2008-11-14,2232,2222,1,1,0,0.9999721088798776,0.985554645451338,True,bear,bear,False,,
2008-11-18,2008-11-17,2233,2223,2,2,0,0.999990795716604,0.3054490945113067,False,neutral,bear,True,BEAR_TO_NEUTRAL,
2008-11-19,2008-11-18,2234,2224,1,1,0,0.9922564891203776,0.4353959793788237,False,neutral,neutral,False,,
2008-11-20,2008-11-19,2235,2225,2,2,1,0.9925097551410864,0.999796265504656,True,bear,neutral,True,NEUTRAL_TO_BEAR,
2008-11-21,2008-11-20,2236,2226,2,2,1,0.9999999712131864,0.9999596536984204,True,bear,bear,False,,
2008-11-24,2008-11-21,2237,2227,1,1,0,0.9999999007139292,0.9946001141205856,True,bear,bear,False,,
2008-11-25,2008-11-24,2238,2228,0,0,1,0.9999884977883592,0.999910385925413,True,bear,bear,False,,
2008-11-26,2008-11-25,2239,2229,2,2,0,0.9999020841128234,0.1690711773019314,False,neutral,bear,True,BEAR_TO_NEUTRAL,
2008-11-28,2008-11-26,2240,2230,1,1,0,0.9999782247696292,0.9056217955392614,True,bear,neutral,True,NEUTRAL_TO_BEAR,
2008-12-01,2008-11-28,2241,2231,1,1,2,0.9999367217281336,0.2594183981640818,False,neutral,bear,True,BEAR_TO_NEUTRAL,
2008-12-02,2008-12-01,2242,2232,1,1,0,0.9999345097958569,0.9999996676420582,True,bear,neutral,True,NEUTRAL_TO_BEAR,
2008-12-03,2008-12-02,2243,2233,2,2,1,0.9999319285269368,0.9050658744122332,True,bear,bear,False,,
2008-12-04,2008-12-03,2244,2234,1,1,2,0.9999399859876988,0.582196138709201,True,bear,bear,False,,
2008-12-05,2008-12-04,2245,2235,2,2,0,0.999896647818203,0.5594300874210896,True,bear,bear,False,,
2008-12-08,2008-12-05,2246,2236,2,1,0,0.9414003286496716,0.8179310605696664,True,bull,bear,True,BEAR_TO_BULL,
2008-12-09,2008-12-08,2247,2237,2,2,1,0.5466516215509496,0.8476852795323798,True,bear,bull,True,BULL_TO_BEAR,
2008-12-10,2008-12-09,2248,2238,1,1,0,0.5900735684148666,0.3709429347746894,False,neutral,bear,True,BEAR_TO_NEUTRAL,
2008-12-11,2008-12-10,2249,2239,1,1,2,0.6643812736383655,0.1623559047745061,False,neutral,neutral,False,,
2008-12-12,2008-12-11,2250,2240,1,1,0,0.6313888528462034,0.584172551473801,True,bear,neutral,True,NEUTRAL_TO_BEAR,
2008-12-15,2008-12-12,2251,2241,2,0,1,0.7180234127583532,0.2565433217264884,False,neutral,bear,True,BEAR_TO_NEUTRAL,
2008-12-16,2008-12-15,2252,2242,0,2,1,0.9999999292144952,0.4574137805074947,False,neutral,neutral,False,,
2008-12-17,2008-12-16,2253,2243,2,1,0,0.9999822124375194,0.0253978122942554,False,neutral,neutral,False,,
2008-12-18,2008-12-17,2254,2244,0,2,1,0.9998475881877856,0.3997237351735205,False,neutral,neutral,False,,
2008-12-19,2008-12-18,2255,2245,0,2,1,0.5479469480011518,0.4703755164062556,False,neutral,neutral,False,,
2008-12-22,2008-12-19,2256,2246,2,1,0,0.4798760518581398,0.4386203685697884,False,neutral,neutral,False,,
2008-12-23,2008-12-22,2257,2247,2,2,0,1.0,0.244544215735329,False,neutral,neutral,False,,
2008-12-24,2008-12-23,2258,2248,1,2,0,0.9997637986312446,0.328738483802356,False,neutral,neutral,False,,
2008-12-26,2008-12-24,2259,2249,0,1,2,0.9992450292980504,0.3238585704053568,False,neutral,neutral,False,,
2008-12-29,2008-12-26,2260,2250,0,1,2,0.9981022118753916,0.3242324684266292,False,neutral,neutral,False,,
2008-12-30,2008-12-29,2261,2251,0,1,2,0.996681050834603,0.3169818626610438,False,neutral,neutral,False,,
2008-12-31,2008-12-30,2262,2252,1,2,0,0.996081933448555,0.4134064430205588,False,neutral,neutral,False,,
2009-01-02,2008-12-31,2263,2253,1,1,0,1.0,0.4527730884210573,False,neutral,neutral,False,,
2009-01-05,2009-01-02,2264,2254,1,2,0,0.9624707386619944,0.2699814609834268,False,neutral,neutral,False,,
2009-01-06,2009-01-05,2265,2255,1,2,0,0.561714026417052,0.3045456457898596,False,neutral,neutral,False,,
2009-01-07,2009-01-06,2266,2256,0,2,1,0.1471702884931298,0.3396034911463077,False,neutral,neutral,False,,
2009-01-08,2009-01-07,2267,2257,2,2,0,0.966033426824098,0.8750807956670951,True,bear,neutral,True,NEUTRAL_TO_BEAR,
2009-01-09,2009-01-08,2268,2258,1,0,2,0.6785081132436964,0.3140891753763333,False,neutral,bear,True,BEAR_TO_NEUTRAL,
2009-01-12,2009-01-09,2269,2259,1,2,0,0.9267604454267184,0.4531684974767767,False,neutral,neutral,False,,
2009-01-13,2009-01-12,2270,2260,0,1,2,0.9061033839480824,0.4093905248069922,False,neutral,neutral,False,,
2009-01-14,2009-01-13,2271,2261,2,1,0,0.9262215075539072,0.3020587793493791,False,neutral,neutral,False,,
2009-01-15,2009-01-14,2272,2262,1,2,0,0.2140166219495343,0.2431352655422123,False,neutral,neutral,False,,
2009-01-16,2009-01-15,2273,2263,2,2,0,0.97000611311633,0.1322734699506959,False,neutral,neutral,False,,
2009-01-20,2009-01-16,2274,2264,1,1,0,0.965742984448524,0.1749032618877066,False,neutral,neutral,False,,
2009-01-21,2009-01-20,2275,2265,2,2,0,0.9999999792021854,0.9993857669226436,True,bear,neutral,True,NEUTRAL_TO_BEAR,
2009-01-22,2009-01-21,2276,2266,1,1,2,0.939920752937451,0.948064693128816,True,bear,bear,False,,
2009-01-23,2009-01-22,2277,2267,1,1,0,0.8561700749223665,0.3442158309773433,False,neutral,bear,True,BEAR_TO_NEUTRAL,
2009-01-26,2009-01-23,2278,2268,2,1,0,0.7704159064774401,0.3098022754395114,False,neutral,neutral,False,,
2009-01-27,2009-01-26,2279,2269,0,2,1,0.999985177612497,0.3412645426669919,False,neutral,neutral,False,,
2009-01-28,2009-01-27,2280,2270,0,2,1,1.0,0.3895798811851414,False,neutral,neutral,False,,
2009-01-29,2009-01-28,2281,2271,0,1,2,1.0,0.1940153586483128,False,neutral,neutral,False,,
2009-01-30,2009-01-29,2282,2272,0,1,2,1.0,0.2183018425310856,False,neutral,neutral,False,,
2009-02-02,2009-01-30,2283,2273,1,2,0,0.8126951525681234,0.701621989605947,True,bull,neutral,True,NEUTRAL_TO_BULL,
2009-02-03,2009-02-02,2284,2274,2,1,0,1.0,0.3104708862293828,False,neutral,bull,True,BULL_TO_NEUTRAL,
2009-02-04,2009-02-03,2285,2275,1,2,0,0.4616864899161081,0.4498130027047562,False,neutral,neutral,False,,
2009-02-05,2009-02-04,2286,2276,2,1,0,0.4873061765876685,0.3266996815115667,False,neutral,neutral,False,,
2009-02-06,2009-02-05,2287,2277,2,1,0,0.4013106260875156,0.4603546107050861,False,neutral,neutral,False,,
2009-02-09,2009-02-06,2288,2278,0,2,1,0.9629778280412816,0.3130396149570276,False,neutral,neutral,False,,
2009-02-10,2009-02-09,2289,2279,1,2,0,1.0,0.2983880816780981,False,neutral,neutral,False,,
2009-02-11,2009-02-10,2290,2280,1,2,0,0.9999999965525036,0.0379917596388657,False,neutral,neutral,False,,
2009-02-12,2009-02-11,2291,2281,0,2,1,0.9526426345942148,0.3223137966101196,False,neutral,neutral,False,,
2009-02-13,2009-02-12,2292,2282,0,2,1,0.9615931693458716,0.2973159734825326,False,neutral,neutral,False,,
2009-02-17,2009-02-13,2293,2283,1,2,0,0.971208972998674,0.4142502264100088,False,neutral,neutral,False,,
2009-02-18,2009-02-17,2294,2284,0,2,1,0.9722634700805416,0.0629840970857011,False,neutral,neutral,False,,
2009-02-19,2009-02-18,2295,2285,2,1,0,0.4992666090801218,0.3048285375855816,False,neutral,neutral,False,,
2009-02-20,2009-02-19,2296,2286,0,2,1,0.1231783362011978,0.4115281128140051,False,neutral,neutral,False,,
2009-02-23,2009-02-20,2297,2287,2,2,0,0.97932228018926,0.216000092401419,False,neutral,neutral,False,,
2009-02-24,2009-02-23,2298,2288,2,2,0,0.9960955041919488,0.8441090223643293,True,bear,neutral,True,NEUTRAL_TO_BEAR,
2009-02-25,2009-02-24,2299,2289,1,1,0,0.906355870795992,0.8749016632709904,True,bear,bear,False,,
2009-02-26,2009-02-25,2300,2290,1,1,0,0.8725046117840835,0.1904726147685489,False,neutral,bear,True,BEAR_TO_NEUTRAL,
2009-02-27,2009-02-26,2301,2291,2,2,0,0.7096389438659246,0.3680134340691636,False,neutral,neutral,False,,
2009-03-02,2009-02-27,2302,2292,1,1,0,0.3044246502078333,0.5298817007532377,True,bear,neutral,True,NEUTRAL_TO_BEAR,
2009-03-03,2009-03-02,2303,2293,1,2,0,1.0,0.9986136028836412,True,bull,bear,True,BEAR_TO_BULL,
2009-03-04,2009-03-03,2304,2294,1,1,0,0.8868568650885369,0.1876768040821865,False,neutral,bull,True,BULL_TO_NEUTRAL,
2009-03-05,2009-03-04,2305,2295,1,2,0,1.0,0.9160339993328418,True,bull,neutral,True,NEUTRAL_TO_BULL,
2009-03-06,2009-03-05,2306,2296,2,2,1,0.93715036591234,0.9197074269744951,True,bear,bull,True,BULL_TO_BEAR,
2009-03-09,2009-03-06,2307,2297,1,1,2,0.9463965443625408,0.1360123857218859,False,neutral,bear,True,BEAR_TO_NEUTRAL,
2009-03-10,2009-03-09,2308,2298,2,2,0,0.9821461072862648,0.2704940285459938,False,neutral,neutral,False,,
2009-03-11,2009-03-10,2309,2299,1,1,2,0.8334649558428752,0.9979052180387346,True,bear,neutral,True,NEUTRAL_TO_BEAR,
2009-03-12,2009-03-11,2310,2300,0,1,2,0.8144940651229459,0.3279935000995655,False,neutral,bear,True,BEAR_TO_NEUTRAL,
2009-03-13,2009-03-12,2311,2301,0,2,1,0.8403349970099097,0.1033004303186493,False,neutral,neutral,False,,
2009-03-16,2009-03-13,2312,2302,2,1,0,0.4048297062093801,0.3505043571469809,False,neutral,neutral,False,,
2009-03-17,2009-03-16,2313,2303,2,1,0,0.1547758015402379,0.3075844947634739,False,neutral,neutral,False,,
2009-03-18,2009-03-17,2314,2304,2,2,0,0.98375158150777,0.7332172351222239,True,bear,neutral,True,NEUTRAL_TO_BEAR,
2009-03-19,2009-03-18,2315,2305,2,2,0,0.9995760211776776,0.5308984872705089,True,bear,bear,False,,
2009-03-20,2009-03-19,2316,2306,1,1,0,0.9991367743639968,0.2731937286110824,False,neutral,bear,True,BEAR_TO_NEUTRAL,
2009-03-23,2009-03-20,2317,2307,2,2,1,0.987486986660538,0.6781297964153596,True,bear,neutral,True,NEUTRAL_TO_BEAR,
2009-03-24,2009-03-23,2318,2308,2,2,0,0.9959838907831804,0.9999999257406677,True,bear,bear,False,,
2009-03-25,2009-03-24,2319,2309,2,2,0,0.7389382953312192,0.4610636839933517,False,neutral,bear,True,BEAR_TO_NEUTRAL,
2009-03-26,2009-03-25,2320,2310,1,1,0,0.4958334825660503,0.2246252419832291,False,neutral,neutral,False,,
2009-03-27,2009-03-26,2321,2311,1,2,0,0.578646720718902,0.4640770567902646,False,neutral,neutral,False,,
2009-03-30,2009-03-27,2322,2312,1,2,0,0.8101495484086251,0.4813256025900174,False,neutral,neutral,False,,
2009-03-31,2009-03-30,2323,2313,0,2,1,0.9996038231928536,0.1864275305706673,False,neutral,neutral,False,,
2009-04-01,2009-03-31,2324,2314,1,2,0,0.999999994981494,0.3706532727912343,False,neutral,neutral,False,,
2009-04-02,2009-04-01,2325,2315,2,1,0,0.9999999364972456,0.4714828289387076,False,neutral,neutral,False,,
2009-04-03,2009-04-02,2326,2316,0,1,2,0.99802057666417,0.3012142692268968,False,neutral,neutral,False,,
2009-04-06,2009-04-03,2327,2317,0,1,2,1.0,0.3802435740185184,False,neutral,neutral,False,,
2009-04-07,2009-04-06,2328,2318,0,1,2,1.0,0.3615876773881224,False,neutral,neutral,False,,
2009-04-08,2009-04-07,2329,2319,2,1,0,1.0,0.4247214833498899,False,neutral,neutral,False,,
2009-04-09,2009-04-08,2330,2320,0,2,1,1.0,0.3955068524836431,False,neutral,neutral,False,,
2009-04-13,2009-04-09,2331,2321,0,2,1,0.9837831783151972,0.1009480473310215,False,neutral,neutral,False,,
2009-04-14,2009-04-13,2332,2322,1,2,0,0.7959459744378464,0.2951780688641353,False,neutral,neutral,False,,
2009-04-15,2009-04-14,2333,2323,1,2,0,0.9987721851340832,0.4806171722092399,False,neutral,neutral,False,,
2009-04-16,2009-04-15,2334,2324,0,2,1,0.9999010997573776,0.3936126110481015,False,neutral,neutral,False,,
2009-04-17,2009-04-16,2335,2325,2,1,0,0.8279121593820257,0.454924071160047,False,neutral,neutral,False,,
2009-04-20,2009-04-17,2336,2326,2,1,0,1.0,0.3290339440695619,False,neutral,neutral,False,,
2009-04-21,2009-04-20,2337,2327,0,1,2,1.0,0.0892196183792114,False,neutral,neutral,False,,
2009-04-22,2009-04-21,2338,2328,2,1,0,1.0,0.4761135202210769,False,neutral,neutral,False,,
2009-04-23,2009-04-22,2339,2329,2,1,0,0.4112574151979278,0.3383664063343901,False,neutral,neutral,False,,
2009-04-24,2009-04-23,2340,2330,2,1,0,0.0881095925350594,0.3803535165452791,False,neutral,neutral,False,,
2009-04-27,2009-04-24,2341,2331,1,2,1,0.9381534061758176,0.2198502431419516,False,neutral,neutral,False,,
2009-04-28,2009-04-27,2342,2332,1,2,1,0.937864621375414,0.400966942018768,False,neutral,neutral,False,,
2009-04-29,2009-04-28,2343,2333,2,1,2,0.9735839904302824,0.5400496669206245,True,bull,neutral,True,NEUTRAL_TO_BULL,
2009-04-30,2009-04-29,2344,2334,0,1,0,0.8622924769137358,0.042007978704305,False,neutral,bull,True,BULL_TO_NEUTRAL,
2009-05-01,2009-04-30,2345,2335,0,2,0,0.7291814874081995,0.5685535896558535,True,bull,neutral,True,NEUTRAL_TO_BULL,
2009-05-04,2009-05-01,2346,2336,1,2,1,0.5228145006623428,0.5322594363573617,True,bull,bull,False,,
2009-05-05,2009-05-04,2347,2337,0,2,1,1.0,0.1511704098464,False,neutral,bull,True,BULL_TO_NEUTRAL,
2009-05-06,2009-05-05,2348,2338,0,1,2,0.989327655560146,0.3110373513408027,False,neutral,neutral,False,,
2009-05-07,2009-05-06,2349,2339,1,1,0,1.0,0.5593251292783108,True,bear,neutral,True,NEUTRAL_TO_BEAR,
2009-05-08,2009-05-07,2350,2340,2,1,0,0.8358209886755964,0.4466952664285387,False,neutral,bear,True,BEAR_TO_NEUTRAL,
2009-05-11,2009-05-08,2351,2341,2,1,0,0.474880063246342,0.4368111380255071,False,neutral,neutral,False,,
2009-05-12,2009-05-11,2352,2342,0,2,1,0.7694703431856603,0.4728102870358512,False,neutral,neutral,False,,
2009-05-13,2009-05-12,2353,2343,1,2,0,0.999922608995583,0.3088055586490453,False,neutral,neutral,False,,
2009-05-14,2009-05-13,2354,2344,1,2,0,1.0,0.3909568521987764,False,neutral,neutral,False,,
2009-05-15,2009-05-14,2355,2345,1,2,0,0.7590454898081811,0.3522587240674543,False,neutral,neutral,False,,
2009-05-18,2009-05-15,2356,2346,0,1,2,0.4052316887048141,0.370665289947883,False,neutral,neutral,False,,
2009-05-19,2009-05-18,2357,2347,1,2,0,0.4314592687779813,0.3343755495352631,False,neutral,neutral,False,,
2009-05-20,2009-05-19,2358,2348,2,1,0,0.4471873538819261,0.2978661546385891,False,neutral,neutral,False,,
2009-05-21,2009-05-20,2359,2349,1,2,0,0.2746080412004276,0.348904860698619,False,neutral,neutral,False,,
2009-05-22,2009-05-21,2360,2350,2,1,0,0.3905800343101253,0.4584117665918685,False,neutral,neutral,False,,
2009-05-26,2009-05-22,2361,2351,0,1,0,0.9639005631170188,0.5590190693695621,True,bull,neutral,True,NEUTRAL_TO_BULL,
2009-05-27,2009-05-26,2362,2352,0,2,0,0.96187399960528,0.0079219902538425,False,neutral,bull,True,BULL_TO_NEUTRAL,
2009-05-28,2009-05-27,2363,2353,1,2,0,0.3551562985331831,0.4052249364610947,False,neutral,neutral,False,,
2009-05-29,2009-05-28,2364,2354,0,2,0,0.9971236580671552,0.267105043891768,False,neutral,neutral,False,,
2009-06-01,2009-05-29,2365,2355,1,2,1,0.8648890366641874,0.1275154699948128,False,neutral,neutral,False,,
2009-06-02,2009-06-01,2366,2356,0,1,2,1.0,0.4258325014195451,False,neutral,neutral,False,,
2009-06-03,2009-06-02,2367,2357,2,1,0,0.9955553494852514,0.2946788859017851,False,neutral,neutral,False,,
2009-06-04,2009-06-03,2368,2358,0,2,1,0.9677576241186112,0.4342378936098535,False,neutral,neutral,False,,
2009-06-05,2009-06-04,2369,2359,1,2,0,0.8803314287583122,0.3644952917509091,False,neutral,neutral,False,,
2009-06-08,2009-06-05,2370,2360,2,1,0,0.958637316338925,0.2955776411407675,False,neutral,neutral,False,,
2009-06-09,2009-06-08,2371,2361,1,2,0,1.0,0.3204492867727887,False,neutral,neutral,False,,
2009-06-10,2009-06-09,2372,2362,2,1,0,1.0,0.3119708426686665,False,neutral,neutral,False,,
2009-06-11,2009-06-10,2373,2363,1,2,0,0.1781542679743553,0.3076051346636257,False,neutral,neutral,False,,
2009-06-12,2009-06-11,2374,2364,0,1,0,1.0,0.5435304635233057,True,bull,neutral,True,NEUTRAL_TO_BULL,
2009-06-15,2009-06-12,2375,2365,0,2,0,1.0,0.5616983255805049,True,bull,bull,False,,
2009-06-16,2009-06-15,2376,2366,0,2,0,1.0,0.037355522674938,False,neutral,bull,True,BULL_TO_NEUTRAL,
2009-06-17,2009-06-16,2377,2367,0,1,0,0.9876713938854448,0.2582850501452764,False,neutral,neutral,False,,
2009-06-18,2009-06-17,2378,2368,1,2,1,0.7386477621171851,0.5606649183230356,True,bull,neutral,True,NEUTRAL_TO_BULL,
2009-06-19,2009-06-18,2379,2369,0,2,0,0.633843889992468,0.4943800952121189,False,neutral,bull,True,BULL_TO_NEUTRAL,
2009-06-22,2009-06-19,2380,2370,0,1,0,0.5643391490073675,0.5537414364331231,True,bull,neutral,True,NEUTRAL_TO_BULL,
2009-06-23,2009-06-22,2381,2371,1,2,0,0.6520334619387061,0.156963666257624,False,neutral,bull,True,BULL_TO_NEUTRAL,
2009-06-24,2009-06-23,2382,2372,2,1,0,0.9985664690370912,0.2950224361442948,False,neutral,neutral,False,,
2009-06-25,2009-06-24,2383,2373,1,2,0,0.9995222271738332,0.3525490539761599,False,neutral,neutral,False,,
2009-06-26,2009-06-25,2384,2374,2,1,0,1.0,0.4633028959799639,False,neutral,neutral,False,,
2009-06-29,2009-06-26,2385,2375,2,1,2,0.4740328332758929,0.430499941777766,False,neutral,neutral,False,,
2009-06-30,2009-06-29,2386,2376,1,2,1,0.8611689054447945,0.4382288329147343,False,neutral,neutral,False,,
2009-07-01,2009-06-30,2387,2377,1,1,2,0.4921341009491782,0.4680112439984665,False,neutral,neutral,False,,
2009-07-02,2009-07-01,2388,2378,0,2,0,0.7907642225232933,0.5492977629309567,True,bull,neutral,True,NEUTRAL_TO_BULL,
2009-07-06,2009-07-02,2389,2379,0,1,0,0.7079862136345492,0.0109134350892157,False,neutral,bull,True,BULL_TO_NEUTRAL,
2009-07-07,2009-07-06,2390,2380,1,2,1,0.6690536722639883,0.5647292628106222,True,bull,neutral,True,NEUTRAL_TO_BULL,
2009-07-08,2009-07-07,2391,2381,0,2,1,0.8409091826574341,0.4677859147104471,False,neutral,bull,True,BULL_TO_NEUTRAL,
2009-07-09,2009-07-08,2392,2382,2,1,0,1.0,0.297040164636374,False,neutral,neutral,False,,
2009-07-10,2009-07-09,2393,2383,0,2,1,0.9999999118329516,0.2952481788940015,False,neutral,neutral,False,,
2009-07-13,2009-07-10,2394,2384,1,2,0,0.999932712348982,0.3053836430456285,False,neutral,neutral,False,,
2009-07-14,2009-07-13,2395,2385,1,2,0,1.0,0.4198529085223436,False,neutral,neutral,False,,
2009-07-15,2009-07-14,2396,2386,1,2,0,0.9858952474658648,0.3185013548624915,False,neutral,neutral,False,,
2009-07-16,2009-07-15,2397,2387,0,2,1,1.0,0.3166728843630643,False,neutral,neutral,False,,
2009-07-17,2009-07-16,2398,2388,2,1,0,0.999796014042198,0.3009245673162776,False,neutral,neutral,False,,
2009-07-20,2009-07-17,2399,2389,2,1,0,0.8036966958886537,0.3924023322855695,False,neutral,neutral,False,,
2009-07-21,2009-07-20,2400,2390,1,2,0,0.274427029419538,0.386652388147813,False,neutral,neutral,False,,
2009-07-22,2009-07-21,2401,2391,1,2,0,0.1470024246216128,0.3090428203756729,False,neutral,neutral,False,,
2009-07-23,2009-07-22,2402,2392,2,1,0,0.189073717889503,0.2959687468399791,False,neutral,neutral,False,,
2009-07-24,2009-07-23,2403,2393,2,1,0,0.1684859701805203,0.4630911630527556,False,neutral,neutral,False,,
2009-07-27,2009-07-24,2404,2394,0,2,1,0.5709760228539719,0.2954461192258502,False,neutral,neutral,False,,
2009-07-28,2009-07-27,2405,2395,1,2,0,0.7941426995712885,0.3111277395529671,False,neutral,neutral,False,,
2009-07-29,2009-07-28,2406,2396,0,2,1,0.9998049660682806,0.3238252910327543,False,neutral,neutral,False,,
2009-07-30,2009-07-29,2407,2397,0,2,1,1.0,0.2981922501681214,False,neutral,neutral,False,,
2009-07-31,2009-07-30,2408,2398,2,1,0,0.9134737045201928,0.3601975469972766,False,neutral,neutral,False,,
2009-08-03,2009-07-31,2409,2399,2,1,0,0.3593510611178698,0.2949967441973785,False,neutral,neutral,False,,
2009-08-04,2009-08-03,2410,2400,2,1,0,0.5372261648888988,0.4774584924170316,False,neutral,neutral,False,,
2009-08-05,2009-08-04,2411,2401,2,1,0,0.5572488191501005,0.2971147209259896,False,neutral,neutral,False,,
2009-08-06,2009-08-05,2412,2402,0,1,0,0.8833569568790033,0.5436569174107879,True,bull,neutral,True,NEUTRAL_TO_BULL,
2009-08-07,2009-08-06,2413,2403,0,1,0,0.9265158629068342,0.504880647398016,True,bull,bull,False,,
2009-08-10,2009-08-07,2414,2404,0,2,0,0.8386032023566619,0.2943555983999466,False,neutral,bull,True,BULL_TO_NEUTRAL,
2009-08-11,2009-08-10,2415,2405,0,1,0,0.8022361080369705,0.5543607221332507,True,bull,neutral,True,NEUTRAL_TO_BULL,
2009-08-12,2009-08-11,2416,2406,0,1,0,0.9602285788958638,0.2965326117978681,False,neutral,bull,True,BULL_TO_NEUTRAL,
2009-08-13,2009-08-12,2417,2407,2,1,2,1.0,0.3942873372221777,False,neutral,neutral,False,,
2009-08-14,2009-08-13,2418,2408,0,1,0,1.0,0.488023702092115,False,neutral,neutral,False,,
2009-08-17,2009-08-14,2419,2409,0,1,0,1.0,0.4487232729618381,False,neutral,neutral,False,,
2009-08-18,2009-08-17,2420,2410,0,2,0,1.0,0.0170262618096896,False,neutral,neutral,False,,
2009-08-19,2009-08-18,2421,2411,0,2,0,0.9955296012613448,0.4712117849092444,False,neutral,neutral,False,,
2009-08-20,2009-08-19,2422,2412,0,2,0,0.9955002376168982,0.4594663577008608,False,neutral,neutral,False,,
2009-08-21,2009-08-20,2423,2413,2,1,2,0.9912411884042248,0.4126211980025223,False,neutral,neutral,False,,
2009-08-24,2009-08-21,2424,2414,2,1,2,0.748351465186555,0.0815821487278822,False,neutral,neutral,False,,
2009-08-25,2009-08-24,2425,2415,0,2,0,0.2915016789363951,0.565827664161657,False,neutral,neutral,False,,
2009-08-26,2009-08-25,2426,2416,1,2,1,0.0119399540580649,0.5656848272243572,False,neutral,neutral,False,,
2009-08-27,2009-08-26,2427,2417,2,1,0,1.0,0.2971702985480163,False,neutral,neutral,False,,
2009-08-28,2009-08-27,2428,2418,2,1,0,0.9999999972695978,0.2980079474178325,False,neutral,neutral,False,,
2009-08-31,2009-08-28,2429,2419,1,2,0,0.9999391612848209,0.2979256219427892,False,neutral,neutral,False,,
2009-09-01,2009-08-31,2430,2420,1,2,0,0.8388988314142305,0.3777669967122463,False,neutral,neutral,False,,
2009-09-02,2009-09-01,2431,2421,2,1,0,0.3104071159840753,0.4337528279298022,False,neutral,neutral,False,,
2009-09-03,2009-09-02,2432,2422,2,1,0,0.3802157221457464,0.3164910712778992,False,neutral,neutral,False,,
2009-09-04,2009-09-03,2433,2423,1,2,0,0.4425120706520904,0.3511267898491592,False,neutral,neutral,False,,
2009-09-08,2009-09-04,2434,2424,2,1,0,0.4100377951671444,0.4507172415134821,False,neutral,neutral,False,,
2009-09-09,2009-09-08,2435,2425,2,1,2,0.6170904534809394,0.4508435862205992,False,neutral,neutral,False,,
2009-09-10,2009-09-09,2436,2426,0,2,0,0.4733208702253447,0.4732836724188255,False,neutral,neutral,False,,
2009-09-11,2009-09-10,2437,2427,2,1,0,1.0,0.382682676545152,False,neutral,neutral,False,,
2009-09-14,2009-09-11,2438,2428,1,2,0,1.0,0.2983896742613849,False,neutral,neutral,False,,
2009-09-15,2009-09-14,2439,2429,0,2,1,0.9998433587840788,0.3142587141883459,False,neutral,neutral,False,,
2009-09-16,2009-09-15,2440,2430,1,2,0,0.9640643271083096,0.3098915894095153,False,neutral,neutral,False,,
2009-09-17,2009-09-16,2441,2431,2,1,0,0.8387405604246306,0.4692485129147213,False,neutral,neutral,False,,
2009-09-18,2009-09-17,2442,2432,1,2,0,0.9878432490448702,0.3024676852794674,False,neutral,neutral,False,,
2009-09-21,2009-09-18,2443,2433,0,2,1,1.0,0.3200907424460518,False,neutral,neutral,False,,
2009-09-22,2009-09-21,2444,2434,1,2,0,0.5660156065533536,0.3080930937566256,False,neutral,neutral,False,,
2009-09-23,2009-09-22,2445,2435,1,2,0,0.1420131077268134,0.3222095065392963,False,neutral,neutral,False,,
2009-09-24,2009-09-23,2446,2436,0,1,0,1.0,0.4417057794532125,False,neutral,neutral,False,,
2009-09-25,2009-09-24,2447,2437,2,1,2,1.0,0.3479074244545138,False,neutral,neutral,False,,
2009-09-28,2009-09-25,2448,2438,0,1,0,0.9992645966984316,0.5119894811424283,True,bull,neutral,True,NEUTRAL_TO_BULL,
2009-09-29,2009-09-28,2449,2439,2,1,2,1.0,0.125257574345695,False,neutral,bull,True,BULL_TO_NEUTRAL,
2009-09-30,2009-09-29,2450,2440,0,2,0,1.0,0.5403287077873173,True,bull,neutral,True,NEUTRAL_TO_BULL,
2009-10-01,2009-09-30,2451,2441,2,1,2,1.0,0.5289207255103393,True,bull,bull,False,,
2009-10-02,2009-10-01,2452,2442,0,2,0,0.9850061982395149,0.1373879261657029,False,neutral,bull,True,BULL_TO_NEUTRAL,
2009-10-05,2009-10-02,2453,2443,1,2,1,0.550192595258733,0.3212883024120249,False,neutral,neutral,False,,
2009-10-06,2009-10-05,2454,2444,0,1,0,0.5663732683719824,0.2297643429017437,False,neutral,neutral,False,,
2009-10-07,2009-10-06,2455,2445,0,2,0,0.8459902878063745,0.2541651674348849,False,neutral,neutral,False,,
2009-10-08,2009-10-07,2456,2446,1,2,1,0.8875643525097497,0.557073332733877,True,bull,neutral,True,NEUTRAL_TO_BULL,
2009-10-09,2009-10-08,2457,2447,0,1,0,0.7179738997836406,0.4793563909593215,False,neutral,bull,True,BULL_TO_NEUTRAL,
2009-10-12,2009-10-09,2458,2448,0,1,0,0.4240208845436883,0.5169969400106043,True,bull,neutral,True,NEUTRAL_TO_BULL,
2009-10-13,2009-10-12,2459,2449,0,1,0,0.0289292997838274,0.542193063256163,False,neutral,bull,True,BULL_TO_NEUTRAL,
2009-10-14,2009-10-13,2460,2450,0,2,1,1.0,0.306008774326324,False,neutral,neutral,False,,
2009-10-15,2009-10-14,2461,2451,1,2,0,0.9941311273569468,0.4865168823371164,False,neutral,neutral,False,,
2009-10-16,2009-10-15,2462,2452,2,1,0,0.9460273029088672,0.3082440012140079,False,neutral,neutral,False,,
2009-10-19,2009-10-16,2463,2453,2,1,0,1.0,0.3563401328018198,False,neutral,neutral,False,,
2009-10-20,2009-10-19,2464,2454,1,2,0,0.8475742847681453,0.3537582590754082,False,neutral,neutral,False,,
2009-10-21,2009-10-20,2465,2455,2,1,0,0.4632237797208918,0.3322694486615147,False,neutral,neutral,False,,
2009-10-22,2009-10-21,2466,2456,0,2,0,0.9564786881631804,0.4141149325573522,False,neutral,neutral,False,,
2009-10-23,2009-10-22,2467,2457,2,1,2,1.0,0.4093729084310117,False,neutral,neutral,False,,
2009-10-26,2009-10-23,2468,2458,0,1,0,1.0,0.3368534058623819,False,neutral,neutral,False,,
2009-10-27,2009-10-26,2469,2459,1,2,1,0.9997123281686316,0.357375646183884,False,neutral,neutral,False,,
2009-10-28,2009-10-27,2470,2460,2,1,2,0.9271270800268276,0.5174870555358333,True,bull,neutral,True,NEUTRAL_TO_BULL,
2009-10-29,2009-10-28,2471,2461,1,2,0,1.0,0.4548269193425182,False,neutral,bull,True,BULL_TO_NEUTRAL,
2009-10-30,2009-10-29,2472,2462,0,1,2,1.0,0.4726445621544761,False,neutral,neutral,False,,
2009-11-02,2009-10-30,2473,2463,1,2,0,0.9957404633960162,0.3070037904419762,False,neutral,neutral,False,,
2009-11-03,2009-11-02,2474,2464,1,2,0,0.9974851957489484,0.3409985757422801,False,neutral,neutral,False,,
2009-11-04,2009-11-03,2475,2465,1,2,0,0.999991797703506,0.3039713827645283,False,neutral,neutral,False,,
2009-11-05,2009-11-04,2476,2466,1,2,0,1.0,0.3020916489460852,False,neutral,neutral,False,,
2009-11-06,2009-11-05,2477,2467,1,2,0,0.6062250650643839,0.4888221818271593,False,neutral,neutral,False,,
2009-11-09,2009-11-06,2478,2468,0,2,1,0.285908573155766,0.3024956088046265,False,neutral,neutral,False,,
2009-11-10,2009-11-09,2479,2469,1,2,0,1.0,0.4519587907867126,False,neutral,neutral,False,,
2009-11-11,2009-11-10,2480,2470,1,2,0,0.981066181985894,0.2990048677379385,False,neutral,neutral,False,,
2009-11-12,2009-11-11,2481,2471,1,2,0,0.815878599449444,0.316794369868865,False,neutral,neutral,False,,
2009-11-13,2009-11-12,2482,2472,0,2,1,0.6819226813091397,0.3901512198722071,False,neutral,neutral,False,,
2009-11-16,2009-11-13,2483,2473,0,2,1,0.9019182530581096,0.321286624958122,False,neutral,neutral,False,,
2009-11-17,2009-11-16,2484,2474,0,2,1,0.9410749792131562,0.4583968151760239,False,neutral,neutral,False,,
2009-11-18,2009-11-17,2485,2475,2,0,1,0.9987994386072262,0.2996377936498978,False,neutral,neutral,False,,
2009-11-19,2009-11-18,2486,2476,0,1,2,0.9016607240762792,0.3006653214673248,False,neutral,neutral,False,,
2009-11-20,2009-11-19,2487,2477,1,2,0,0.1852559238617196,0.4266373096278022,False,neutral,neutral,False,,
2009-11-23,2009-11-20,2488,2478,0,2,0,1.0,0.5327448585425,True,bull,neutral,True,NEUTRAL_TO_BULL,
2009-11-24,2009-11-23,2489,2479,1,2,1,0.9967978272168992,0.2977163369489163,False,neutral,bull,True,BULL_TO_NEUTRAL,
2009-11-25,2009-11-24,2490,2480,0,1,0,1.0,0.5550082135697557,True,bull,neutral,True,NEUTRAL_TO_BULL,
2009-11-27,2009-11-25,2491,2481,0,1,0,1.0,0.5464505921902569,True,bull,bull,False,,
2009-11-30,2009-11-27,2492,2482,0,2,0,1.0,0.1804298053784702,False,neutral,bull,True,BULL_TO_NEUTRAL,
2009-12-01,2009-11-30,2493,2483,2,1,2,1.0,0.5474860663563412,True,bull,neutral,True,NEUTRAL_TO_BULL,
2009-12-02,2009-12-01,2494,2484,0,1,0,1.0,0.3226552483741122,False,neutral,bull,True,BULL_TO_NEUTRAL,
2009-12-03,2009-12-02,2495,2485,2,1,2,1.0,0.5589888040063954,True,bull,neutral,True,NEUTRAL_TO_BULL,
2009-12-04,2009-12-03,2496,2486,2,1,2,1.0,0.4477772050593407,False,neutral,bull,True,BULL_TO_NEUTRAL,
2009-12-07,2009-12-04,2497,2487,0,1,0,1.0,0.5191570791007117,True,bull,neutral,True,NEUTRAL_TO_BULL,
2009-12-08,2009-12-07,2498,2488,0,1,0,1.0,0.5481130346856427,True,bull,bull,False,,
2009-12-09,2009-12-08,2499,2489,0,2,0,1.0,0.3508213054906191,False,neutral,bull,True,BULL_TO_NEUTRAL,
2009-12-10,2009-12-09,2500,2490,0,2,0,1.0,0.5452409687333782,True,bull,neutral,True,NEUTRAL_TO_BULL,
2009-12-11,2009-12-10,2501,2491,1,2,1,1.0,0.5199036069145734,True,bull,bull,False,,
2009-12-14,2009-12-11,2502,2492,1,0,1,1.0,0.539954176294075,True,bull,bull,False,,
2009-12-15,2009-12-14,2503,2493,1,0,1,1.0,0.497016890886397,False,neutral,bull,True,BULL_TO_NEUTRAL,
2009-12-16,2009-12-15,2504,2494,0,2,0,1.0,0.5159676182926028,True,bull,neutral,True,NEUTRAL_TO_BULL,
2009-12-17,2009-12-16,2505,2495,0,1,0,1.0,0.5600890317586851,True,bull,bull,False,,
2009-12-18,2009-12-17,2506,2496,1,2,1,0.999718343350423,0.2999514414459739,False,neutral,bull,True,BULL_TO_NEUTRAL,
2009-12-21,2009-12-18,2507,2497,1,2,1,0.9995434902790572,0.5544395151923277,True,bull,neutral,True,NEUTRAL_TO_BULL,
2009-12-22,2009-12-21,2508,2498,0,1,0,1.0,0.4059865565008554,False,neutral,bull,True,BULL_TO_NEUTRAL,
2009-12-23,2009-12-22,2509,2499,0,1,0,1.0,0.5414396258092361,True,bull,neutral,True,NEUTRAL_TO_BULL,
2009-12-24,2009-12-23,2510,2500,1,2,1,1.0,0.5597505186685579,True,bull,bull,False,,
2009-12-28,2009-12-24,2511,2501,1,2,1,1.0,0.5268329195207149,True,bull,bull,False,,
2009-12-29,2009-12-28,2512,2502,0,2,0,1.0,0.5544222383242868,True,bull,bull,False,,
2009-12-30,2009-12-29,2513,2503,1,2,1,1.0,0.5570032980320387,True,bull,bull,False,,
2009-12-31,2009-12-30,2514,2504,1,2,1,1.0,0.5595636729668901,True,bull,bull,False,,
2010-01-04,2009-12-31,2515,2505,1,2,1,1.0,0.3971126086393228,False,neutral,bull,True,BULL_TO_NEUTRAL,
2010-01-05,2010-01-04,2516,2506,0,2,0,1.0,0.1552430763198749,False,neutral,neutral,False,,
2010-01-06,2010-01-05,2517,2507,1,2,1,1.0,0.5548598114364496,True,bull,neutral,True,NEUTRAL_TO_BULL,
2010-01-07,2010-01-06,2518,2508,2,1,2,1.0,0.5605002453481687,True,bull,bull,False,,
2010-01-08,2010-01-07,2519,2509,2,1,2,1.0,0.5339787811879905,True,bull,bull,False,,
2010-01-11,2010-01-08,2520,2510,0,1,0,0.97915670795878,0.5470329615637791,True,bull,bull,False,,
2010-01-12,2010-01-11,2521,2511,0,1,0,0.9385704689860086,0.5552863219569059,True,bull,bull,False,,
2010-01-13,2010-01-12,2522,2512,1,2,1,0.9961403070571688,0.4053659649758582,False,neutral,bull,True,BULL_TO_NEUTRAL,
2010-01-14,2010-01-13,2523,2513,1,2,1,0.9935333188332356,0.4577422666301469,False,neutral,neutral,False,,
2010-01-15,2010-01-14,2524,2514,0,1,0,0.9956066308215662,0.5547396210364898,True,bull,neutral,True,NEUTRAL_TO_BULL,
2010-01-19,2010-01-15,2525,2515,0,1,0,1.0,0.3456731125152724,False,neutral,bull,True,BULL_TO_NEUTRAL,
2010-01-20,2010-01-19,2526,2516,0,1,0,1.0,0.3195009046943345,False,neutral,neutral,False,,
2010-01-21,2010-01-20,2527,2517,0,1,0,1.0,0.3789646656547894,False,neutral,neutral,False,,
2010-01-22,2010-01-21,2528,2518,1,2,1,0.9997607005940068,0.1065313286408149,False,neutral,neutral,False,,
2010-01-25,2010-01-22,2529,2519,0,2,1,1.0,0.4159120009468313,False,neutral,neutral,False,,
2010-01-26,2010-01-25,2530,2520,0,2,1,0.9839849204991888,0.3207082008021806,False,neutral,neutral,False,,
2010-01-27,2010-01-26,2531,2521,0,2,1,0.8343008694768714,0.3207346036555061,False,neutral,neutral,False,,
2010-01-28,2010-01-27,2532,2522,1,2,0,0.6934822423448977,0.3174516066777417,False,neutral,neutral,False,,
2010-01-29,2010-01-28,2533,2523,1,2,0,0.5894717381823665,0.4079662699616253,False,neutral,neutral,False,,
2010-02-01,2010-01-29,2534,2524,0,1,2,0.5665978558615752,0.3990922461730934,False,neutral,neutral,False,,
2010-02-02,2010-02-01,2535,2525,1,2,0,0.7712029918195568,0.4737022965946333,False,neutral,neutral,False,,
2010-02-03,2010-02-02,2536,2526,0,1,2,1.0,0.4222120651871489,False,neutral,neutral,False,,
2010-02-04,2010-02-03,2537,2527,2,1,0,0.14686112535055,0.3385408516727382,False,neutral,neutral,False,,
2010-02-05,2010-02-04,2538,2528,2,1,0,0.2756203745792579,0.2135291284059823,False,neutral,neutral,False,,
2010-02-08,2010-02-05,2539,2529,2,1,0,0.7566214301556398,0.3071677109275411,False,neutral,neutral,False,,
2010-02-09,2010-02-08,2540,2530,2,1,0,0.963059519699911,0.3521586257149387,False,neutral,neutral,False,,
2010-02-10,2010-02-09,2541,2531,2,1,0,0.9561144322506232,0.4315768003797176,False,neutral,neutral,False,,
2010-02-11,2010-02-10,2542,2532,2,1,0,0.7703133784559468,0.306941437701006,False,neutral,neutral,False,,
2010-02-12,2010-02-11,2543,2533,2,1,0,0.7276189318242162,0.3945876227552031,False,neutral,neutral,False,,
2010-02-16,2010-02-12,2544,2534,2,1,0,0.7134734042263009,0.3032964716925416,False,neutral,neutral,False,,
2010-02-17,2010-02-16,2545,2535,2,1,0,0.8906641692333588,0.4793077627851124,False,neutral,neutral,False,,
2010-02-18,2010-02-17,2546,2536,2,1,0,0.9982761783404464,0.3208882041123643,False,neutral,neutral,False,,
2010-02-19,2010-02-18,2547,2537,2,1,0,1.0,0.328686015558066,False,neutral,neutral,False,,
2010-02-22,2010-02-19,2548,2538,1,2,0,1.0,0.3078088300684194,False,neutral,neutral,False,,
2010-02-23,2010-02-22,2549,2539,0,2,1,0.9999996572829328,0.3019922696703613,False,neutral,neutral,False,,
2010-02-24,2010-02-23,2550,2540,0,2,1,0.9569474696645984,0.4134134441485405,False,neutral,neutral,False,,
2010-02-25,2010-02-24,2551,2541,1,2,0,0.6637912414291183,0.3736273753210326,False,neutral,neutral,False,,
2010-02-26,2010-02-25,2552,2542,2,1,0,0.1849796282830227,0.3127049300610654,False,neutral,neutral,False,,
2010-03-01,2010-02-26,2553,2543,2,1,2,0.9783736496135312,0.5545051830901223,True,bull,neutral,True,NEUTRAL_TO_BULL,
2010-03-02,2010-03-01,2554,2544,2,1,2,0.99996722568415,0.3861506991684855,False,neutral,bull,True,BULL_TO_NEUTRAL,
2010-03-03,2010-03-02,2555,2545,0,2,0,1.0,0.553540882442971,True,bull,neutral,True,NEUTRAL_TO_BULL,
2010-03-04,2010-03-03,2556,2546,0,2,0,1.0,0.560169498095726,True,bull,bull,False,,
2010-03-05,2010-03-04,2557,2547,0,1,0,1.0,0.5517907619836323,True,bull,bull,False,,
2010-03-08,2010-03-05,2558,2548,0,1,0,0.7664636330270065,0.2497819889931239,False,neutral,bull,True,BULL_TO_NEUTRAL,
2010-03-09,2010-03-08,2559,2549,0,2,0,0.2811690528555778,0.5595097635567939,False,neutral,neutral,False,,
2010-03-10,2010-03-09,2560,2550,0,1,0,0.3323368711322036,0.5588081368446142,True,bull,neutral,True,NEUTRAL_TO_BULL,
2010-03-11,2010-03-10,2561,2551,0,1,0,0.1390267264963525,0.537792631764688,False,neutral,bull,True,BULL_TO_NEUTRAL,
2010-03-12,2010-03-11,2562,2552,0,1,0,0.1557396190475299,0.5412694045301294,False,neutral,neutral,False,,
2010-03-15,2010-03-12,2563,2553,0,1,0,0.5439653017215612,0.5596257119986926,True,bull,neutral,True,NEUTRAL_TO_BULL,
2010-03-16,2010-03-15,2564,2554,1,2,1,0.7242215265829719,0.559991381724473,True,bull,bull,False,,
2010-03-17,2010-03-16,2565,2555,2,1,0,0.4551878184921249,0.3571875394537288,False,neutral,bull,True,BULL_TO_NEUTRAL,
2010-03-18,2010-03-17,2566,2556,2,1,0,0.3482036686471508,0.332272476245921,False,neutral,neutral,False,,
2010-03-19,2010-03-18,2567,2557,0,1,0,0.9813332621901052,0.5529321834759298,True,bull,neutral,True,NEUTRAL_TO_BULL,
2010-03-22,2010-03-19,2568,2558,1,0,1,0.9998367314921623,0.4088436882752841,False,neutral,bull,True,BULL_TO_NEUTRAL,
2010-03-23,2010-03-22,2569,2559,0,1,0,0.992072903091228,0.5201549892944144,True,bull,neutral,True,NEUTRAL_TO_BULL,
2010-03-24,2010-03-23,2570,2560,0,1,0,0.9960787652356452,0.4892028128262198,False,neutral,bull,True,BULL_TO_NEUTRAL,
2010-03-25,2010-03-24,2571,2561,0,2,0,0.9995554090510068,0.4962622338859814,False,neutral,neutral,False,,
2010-03-26,2010-03-25,2572,2562,1,1,0,0.4576881747557648,0.3344441500806301,False,neutral,neutral,False,,
2010-03-29,2010-03-26,2573,2563,0,2,0,1.0,0.55789903556896,True,bull,neutral,True,NEUTRAL_TO_BULL,
2010-03-30,2010-03-29,2574,2564,0,1,0,1.0,0.5082253501611227,True,bull,bull,False,,
2010-03-31,2010-03-30,2575,2565,0,2,0,1.0,0.5608152799152799,True,bull,bull,False,,
2010-04-01,2010-03-31,2576,2566,0,1,0,0.9999999999851534,0.5208742933055338,True,bull,bull,False,,
2010-04-05,2010-04-01,2577,2567,1,2,1,1.0,0.498212369998103,False,neutral,bull,True,BULL_TO_NEUTRAL,
2010-04-06,2010-04-05,2578,2568,0,2,0,1.0,0.4671398127308567,False,neutral,neutral,False,,
2010-04-07,2010-04-06,2579,2569,2,1,2,1.0,0.5570980240954604,True,bull,neutral,True,NEUTRAL_TO_BULL,
2010-04-08,2010-04-07,2580,2570,1,2,1,0.9917183091083102,0.4783791340906157,False,neutral,bull,True,BULL_TO_NEUTRAL,
2010-04-09,2010-04-08,2581,2571,1,0,1,1.0,0.5489647254113885,True,bull,neutral,True,NEUTRAL_TO_BULL,
2010-04-12,2010-04-09,2582,2572,1,2,1,0.9679461594074906,0.4988423449410417,False,neutral,bull,True,BULL_TO_NEUTRAL,
2010-04-13,2010-04-12,2583,2573,1,2,1,1.0,0.5605860375677009,True,bull,neutral,True,NEUTRAL_TO_BULL,
2010-04-14,2010-04-13,2584,2574,0,1,0,0.9998805352851018,0.561618340838174,True,bull,bull,False,,
2010-04-15,2010-04-14,2585,2575,0,2,0,0.903343303549416,0.3637846215359021,False,neutral,bull,True,BULL_TO_NEUTRAL,
2010-04-16,2010-04-15,2586,2576,0,1,0,0.9230075810838708,0.5564830320121555,True,bull,neutral,True,NEUTRAL_TO_BULL,
2010-04-19,2010-04-16,2587,2577,0,2,0,0.9996211619170448,0.1887107622050696,False,neutral,bull,True,BULL_TO_NEUTRAL,
2010-04-20,2010-04-19,2588,2578,0,1,0,1.0,0.5463884182284396,True,bull,neutral,True,NEUTRAL_TO_BULL,
2010-04-21,2010-04-20,2589,2579,0,2,0,0.9676563351840088,0.4376198144352497,False,neutral,bull,True,BULL_TO_NEUTRAL,
2010-04-22,2010-04-21,2590,2580,0,1,0,0.9959204168881371,0.5397622741012807,True,bull,neutral,True,NEUTRAL_TO_BULL,
2010-04-23,2010-04-22,2591,2581,0,1,0,1.0,0.5535692868545361,True,bull,bull,False,,
2010-04-26,2010-04-23,2592,2582,0,2,0,1.0,0.505688529681094,True,bull,bull,False,,
2010-04-27,2010-04-26,2593,2583,0,1,0,1.0,0.5276142437452517,True,bull,bull,False,,
2010-04-28,2010-04-27,2594,2584,0,1,0,0.9888465929647255,0.035974109249615,False,neutral,bull,True,BULL_TO_NEUTRAL,
2010-04-29,2010-04-28,2595,2585,0,2,0,0.9713558238598774,0.4812075837874186,False,neutral,neutral,False,,
2010-04-30,2010-04-29,2596,2586,0,0,1,0.5119223818469052,0.3105039221862742,False,neutral,neutral,False,,
2010-05-03,2010-04-30,2597,2587,0,2,0,0.9377800204906273,0.1584736712983816,False,neutral,neutral,False,,
2010-05-04,2010-05-03,2598,2588,0,2,0,0.9560163735806556,0.3048072355973185,False,neutral,neutral,False,,
2010-05-05,2010-05-04,2599,2589,2,1,2,0.5244060962193161,0.0395781388499065,False,neutral,neutral,False,,
2010-05-06,2010-05-05,2600,2590,0,2,1,1.0,0.3397380944273563,False,neutral,neutral,False,,
2010-05-07,2010-05-06,2601,2591,2,1,0,0.4780023305149092,0.2112294085340505,False,neutral,neutral,False,,
2010-05-10,2010-05-07,2602,2592,1,1,0,0.9690800654257928,0.3364581707393127,False,neutral,neutral,False,,
2010-05-11,2010-05-10,2603,2593,2,2,1,0.9165622102312276,0.9613500900751948,True,bear,neutral,True,NEUTRAL_TO_BEAR,
2010-05-12,2010-05-11,2604,2594,2,2,1,0.915782751065794,0.1493126000111884,False,neutral,bear,True,BEAR_TO_NEUTRAL,
2010-05-13,2010-05-12,2605,2595,1,1,2,0.9222405794615406,0.3021731185340827,False,neutral,neutral,False,,
2010-05-14,2010-05-13,2606,2596,1,1,0,0.7526424214683342,0.29112917111361,False,neutral,neutral,False,,
2010-05-17,2010-05-14,2607,2597,0,2,1,0.5449955077339598,0.4472170968146859,False,neutral,neutral,False,,
2010-05-18,2010-05-17,2608,2598,2,1,0,0.9963460440855356,0.3016035324042282,False,neutral,neutral,False,,
2010-05-19,2010-05-18,2609,2599,2,1,0,0.9971870946835452,0.4303638053765869,False,neutral,neutral,False,,
2010-05-20,2010-05-19,2610,2600,0,2,1,0.9933917098787324,0.3368210060658923,False,neutral,neutral,False,,
2010-05-21,2010-05-20,2611,2601,2,2,0,0.8509816900813025,0.8647852099962495,True,bear,neutral,True,NEUTRAL_TO_BEAR,
2010-05-24,2010-05-21,2612,2602,0,0,1,0.9497581222653748,0.2986490849125503,False,neutral,bear,True,BEAR_TO_NEUTRAL,
2010-05-25,2010-05-24,2613,2603,1,1,0,0.9874545115388288,0.2897442027285888,False,neutral,neutral,False,,
2010-05-26,2010-05-25,2614,2604,2,2,0,0.995457531907654,0.14254941789403,False,neutral,neutral,False,,
2010-05-27,2010-05-26,2615,2605,1,1,0,0.9550284570019316,0.1762662831991649,False,neutral,neutral,False,,
2010-05-28,2010-05-27,2616,2606,1,1,0,0.5874941096388572,0.806398677017264,True,bear,neutral,True,NEUTRAL_TO_BEAR,
2010-06-01,2010-05-28,2617,2607,1,2,0,0.8509797760905643,0.4207685055777289,False,neutral,bear,True,BEAR_TO_NEUTRAL,
2010-06-02,2010-06-01,2618,2608,2,1,0,0.9999999997508722,0.4490805825293211,False,neutral,neutral,False,,
2010-06-03,2010-06-02,2619,2609,0,1,2,1.0,0.3381060930652636,False,neutral,neutral,False,,
2010-06-04,2010-06-03,2620,2610,0,2,1,0.5551605136021459,0.3074135972751263,False,neutral,neutral,False,,
2010-06-07,2010-06-04,2621,2611,0,2,1,0.7716166471194654,0.1716846896199024,False,neutral,neutral,False,,
2010-06-08,2010-06-07,2622,2612,2,1,0,1.0,0.4223417470393251,False,neutral,neutral,False,,
2010-06-09,2010-06-08,2623,2613,2,1,0,1.0,0.3894626433461892,False,neutral,neutral,False,,
2010-06-10,2010-06-09,2624,2614,1,2,0,0.9995390401302549,0.3457522777932029,False,neutral,neutral,False,,
2010-06-11,2010-06-10,2625,2615,1,2,0,0.9995738358782622,0.257988346744775,False,neutral,neutral,False,,
2010-06-14,2010-06-11,2626,2616,2,1,0,1.0,0.3191756819573859,False,neutral,neutral,False,,
2010-06-15,2010-06-14,2627,2617,0,2,1,1.0,0.306415521138988,False,neutral,neutral,False,,
2010-06-16,2010-06-15,2628,2618,2,1,0,0.952242321529566,0.4472223282763185,False,neutral,neutral,False,,
2010-06-17,2010-06-16,2629,2619,0,2,1,0.767916992642509,0.3021867283901387,False,neutral,neutral,False,,
2010-06-18,2010-06-17,2630,2620,1,2,0,0.5483175569444058,0.3008594307012193,False,neutral,neutral,False,,
2010-06-21,2010-06-18,2631,2621,2,1,0,0.5231357731975426,0.3183870435672812,False,neutral,neutral,False,,
2010-06-22,2010-06-21,2632,2622,1,2,0,0.939865348672992,0.3133328227489401,False,neutral,neutral,False,,
2010-06-23,2010-06-22,2633,2623,0,1,2,0.9999999956548064,0.4476623937656291,False,neutral,neutral,False,,
2010-06-24,2010-06-23,2634,2624,1,2,0,0.2700960689011297,0.3142823415443308,False,neutral,neutral,False,,
2010-06-25,2010-06-24,2635,2625,0,2,1,0.9581385545557868,0.4503043457068094,False,neutral,neutral,False,,
2010-06-28,2010-06-25,2636,2626,2,1,0,1.0,0.3147120826604715,False,neutral,neutral,False,,
2010-06-29,2010-06-28,2637,2627,1,2,0,0.9999501913678864,0.3151638427452108,False,neutral,neutral,False,,
2010-06-30,2010-06-29,2638,2628,2,1,0,0.3225120647563427,0.2100942990889684,False,neutral,neutral,False,,
2010-07-01,2010-06-30,2639,2629,0,1,2,0.1160707280679072,0.383108180756005,False,neutral,neutral,False,,
2010-07-02,2010-07-01,2640,2630,1,1,2,0.947977921452072,0.1620821713284153,False,neutral,neutral,False,,
2010-07-06,2010-07-02,2641,2631,1,1,0,0.9609001645897888,0.1739158265114981,False,neutral,neutral,False,,
2010-07-07,2010-07-06,2642,2632,2,2,0,0.8185283099204621,0.1626664405905136,False,neutral,neutral,False,,
2010-07-08,2010-07-07,2643,2633,1,1,0,0.6786808269990073,0.7996462339330676,True,bear,neutral,True,NEUTRAL_TO_BEAR,
2010-07-09,2010-07-08,2644,2634,2,1,0,0.7433540234725193,0.3827805450880077,False,neutral,bear,True,BEAR_TO_NEUTRAL,
2010-07-12,2010-07-09,2645,2635,1,2,0,0.8362415562927046,0.3431201889847211,False,neutral,neutral,False,,
2010-07-13,2010-07-12,2646,2636,2,1,0,0.8118445188854944,0.3011128947737435,False,neutral,neutral,False,,
2010-07-14,2010-07-13,2647,2637,0,2,1,0.3964544861007955,0.4677225819145287,False,neutral,neutral,False,,
2010-07-15,2010-07-14,2648,2638,0,2,1,0.156293836469188,0.3010605939758949,False,neutral,neutral,False,,
2010-07-16,2010-07-15,2649,2639,2,1,0,0.1349432307344442,0.3010206629181722,False,neutral,neutral,False,,
2010-07-19,2010-07-16,2650,2640,1,1,0,0.7668370297369136,0.7116939038378516,True,bear,neutral,True,NEUTRAL_TO_BEAR,
2010-07-20,2010-07-19,2651,2641,1,2,0,0.997106398401756,0.3257457064541613,False,neutral,bear,True,BEAR_TO_NEUTRAL,
2010-07-21,2010-07-20,2652,2642,1,2,0,0.2489106675815822,0.3982588482000256,False,neutral,neutral,False,,
2010-07-22,2010-07-21,2653,2643,1,2,1,0.9195337760487488,0.2817997526596226,False,neutral,neutral,False,,
2010-07-23,2010-07-22,2654,2644,0,2,0,0.9144381183932224,0.032747114003965,False,neutral,neutral,False,,
2010-07-26,2010-07-23,2655,2645,2,1,0,0.5060861940161037,0.3630814958841085,False,neutral,neutral,False,,
2010-07-27,2010-07-26,2656,2646,0,2,1,0.9030366138476832,0.3891101249887623,False,neutral,neutral,False,,
2010-07-28,2010-07-27,2657,2647,1,2,0,1.0,0.3014409039628077,False,neutral,neutral,False,,
2010-07-29,2010-07-28,2658,2648,2,1,0,1.0,0.3484649118548378,False,neutral,neutral,False,,
2010-07-30,2010-07-29,2659,2649,1,2,0,1.0,0.3285986492956899,False,neutral,neutral,False,,
2010-08-02,2010-07-30,2660,2650,1,2,0,0.9662867872070808,0.3021523183485474,False,neutral,neutral,False,,
2010-08-03,2010-08-02,2661,2651,0,1,2,0.9797395092267466,0.4513706191581101,False,neutral,neutral,False,,
2010-08-04,2010-08-03,2662,2652,1,2,0,1.0,0.3389499108647285,False,neutral,neutral,False,,
2010-08-05,2010-08-04,2663,2653,2,1,0,0.1023223301545332,0.3344385097041759,False,neutral,neutral,False,,
2010-08-06,2010-08-05,2664,2654,0,1,0,0.9660581848607624,0.5521364475703991,True,bull,neutral,True,NEUTRAL_TO_BULL,
2010-08-09,2010-08-06,2665,2655,0,1,0,0.9911694383227518,0.5192462495730984,True,bull,bull,False,,
2010-08-10,2010-08-09,2666,2656,0,2,0,0.9533499492880632,0.5219675334423012,True,bull,bull,False,,
2010-08-11,2010-08-10,2667,2657,0,1,0,0.9599493716904532,0.4946204262159743,False,neutral,bull,True,BULL_TO_NEUTRAL,
2010-08-12,2010-08-11,2668,2658,2,1,2,0.6218903720371443,0.0133884808574825,False,neutral,neutral,False,,
2010-08-13,2010-08-12,2669,2659,0,2,1,1.0,0.3524513952836923,False,neutral,neutral,False,,
2010-08-16,2010-08-13,2670,2660,0,2,1,0.9999999999023872,0.3135609415727325,False,neutral,neutral,False,,
2010-08-17,2010-08-16,2671,2661,0,2,1,0.9938411252092224,0.3016585245120886,False,neutral,neutral,False,,
2010-08-18,2010-08-17,2672,2662,2,1,0,0.9939774148077648,0.4234701474766638,False,neutral,neutral,False,,
2010-08-19,2010-08-18,2673,2663,0,1,2,0.9999997563734352,0.3028638241405888,False,neutral,neutral,False,,
2010-08-20,2010-08-19,2674,2664,2,0,1,1.0,0.4424134225087194,False,neutral,neutral,False,,
2010-08-23,2010-08-20,2675,2665,2,0,1,1.0,0.3254807275896206,False,neutral,neutral,False,,
2010-08-24,2010-08-23,2676,2666,0,2,1,0.7280072658345791,0.3188945398945312,False,neutral,neutral,False,,
2010-08-25,2010-08-24,2677,2667,1,2,0,0.4212769928964645,0.441236215657812,False,neutral,neutral,False,,
2010-08-26,2010-08-25,2678,2668,2,1,0,0.4580768053973333,0.3097064308043275,False,neutral,neutral,False,,
2010-08-27,2010-08-26,2679,2669,2,1,0,0.9101155863992402,0.3488041601484964,False,neutral,neutral,False,,
2010-08-30,2010-08-27,2680,2670,0,2,1,0.8830107344854655,0.4730532683762613,False,neutral,neutral,False,,
2010-08-31,2010-08-30,2681,2671,2,1,0,0.9982867394743474,0.438726356228571,False,neutral,neutral,False,,
2010-09-01,2010-08-31,2682,2672,0,1,2,0.6818996787003452,0.3029086097749163,False,neutral,neutral,False,,
2010-09-02,2010-09-01,2683,2673,2,1,0,0.1529810948510489,0.2798447203914911,False,neutral,neutral,False,,
2010-09-03,2010-09-02,2684,2674,2,1,0,0.6772608918122397,0.3716990301243808,False,neutral,neutral,False,,
2010-09-07,2010-09-03,2685,2675,0,1,2,0.9999577254741108,0.4344535788099717,False,neutral,neutral,False,,
2010-09-08,2010-09-07,2686,2676,1,2,0,0.9298849050346732,0.414891268023231,False,neutral,neutral,False,,
2010-09-09,2010-09-08,2687,2677,1,2,0,0.755545789716224,0.3412805738242803,False,neutral,neutral,False,,
2010-09-10,2010-09-09,2688,2678,1,2,0,0.810301902692269,0.3157959024274968,False,neutral,neutral,False,,
2010-09-13,2010-09-10,2689,2679,2,1,0,0.8793955798517018,0.3195810316665857,False,neutral,neutral,False,,
2010-09-14,2010-09-13,2690,2680,2,1,0,0.6728235233026788,0.4026344529331505,False,neutral,neutral,False,,
2010-09-15,2010-09-14,2691,2681,1,2,0,1.0,0.1733806032895007,False,neutral,neutral,False,,
2010-09-16,2010-09-15,2692,2682,2,1,0,0.8102518133872916,0.3111651718139408,False,neutral,neutral,False,,
2010-09-17,2010-09-16,2693,2683,1,2,0,0.6976720826086088,0.3099867825695,False,neutral,neutral,False,,
2010-09-20,2010-09-17,2694,2684,2,1,0,0.3017222098019841,0.3417972676320173,False,neutral,neutral,False,,
2010-09-21,2010-09-20,2695,2685,0,1,0,0.5026452545546796,0.2111758590240263,False,neutral,neutral,False,,
2010-09-22,2010-09-21,2696,2686,0,2,0,0.8150717007836112,0.5440083404314378,True,bull,neutral,True,NEUTRAL_TO_BULL,
2010-09-23,2010-09-22,2697,2687,2,1,2,0.994681750462709,0.5052115298727244,True,bull,bull,False,,
2010-09-24,2010-09-23,2698,2688,1,2,1,0.9988226685467484,0.4116765267752266,False,neutral,bull,True,BULL_TO_NEUTRAL,
2010-09-27,2010-09-24,2699,2689,0,1,0,1.0,0.0562545518725233,False,neutral,neutral,False,,
2010-09-28,2010-09-27,2700,2690,0,2,0,0.9968352708911022,0.4931976222185507,False,neutral,neutral,False,,
2010-09-29,2010-09-28,2701,2691,0,2,0,0.994582109521467,0.5411284048453912,True,bull,neutral,True,NEUTRAL_TO_BULL,
2010-09-30,2010-09-29,2702,2692,0,1,0,1.0,0.540044486663372,True,bull,bull,False,,
2010-10-01,2010-09-30,2703,2693,0,2,0,1.0,0.5341029946743366,True,bull,bull,False,,
2010-10-04,2010-10-01,2704,2694,0,1,0,0.9999071203589476,0.5345297356667933,True,bull,bull,False,,
2010-10-05,2010-10-04,2705,2695,1,2,1,1.0,0.4401206735532233,False,neutral,bull,True,BULL_TO_NEUTRAL,
2010-10-06,2010-10-05,2706,2696,1,2,1,1.0,0.068329753755093,False,neutral,neutral,False,,
2010-10-07,2010-10-06,2707,2697,0,1,0,0.9865101191614284,0.5561211587426586,True,bull,neutral,True,NEUTRAL_TO_BULL,
2010-10-08,2010-10-07,2708,2698,2,1,2,1.0,0.5510740779023877,True,bull,bull,False,,
2010-10-11,2010-10-08,2709,2699,0,1,0,0.9989536394250724,0.5190695814549909,True,bull,bull,False,,
2010-10-12,2010-10-11,2710,2700,2,1,2,0.9745860081052892,0.5567979382527811,True,bull,bull,False,,
2010-10-13,2010-10-12,2711,2701,0,1,0,0.8931262144436407,0.548572008961527,True,bull,bull,False,,
2010-10-14,2010-10-13,2712,2702,1,2,1,0.4574878649618386,0.4684386815826635,False,neutral,bull,True,BULL_TO_NEUTRAL,
2010-10-15,2010-10-14,2713,2703,1,2,1,0.6273347469600167,0.5071826451798774,True,bull,neutral,True,NEUTRAL_TO_BULL,
2010-10-18,2010-10-15,2714,2704,0,1,0,0.8483764476419731,0.5554474654849603,True,bull,bull,False,,
2010-10-19,2010-10-18,2715,2705,0,2,0,1.0,0.5568409519901569,True,bull,bull,False,,
2010-10-20,2010-10-19,2716,2706,1,2,1,1.0,0.4305327183811517,False,neutral,bull,True,BULL_TO_NEUTRAL,
2010-10-21,2010-10-20,2717,2707,2,1,2,1.0,0.4184015784824391,False,neutral,neutral,False,,
2010-10-22,2010-10-21,2718,2708,1,2,1,1.0,0.5540246547030211,True,bull,neutral,True,NEUTRAL_TO_BULL,
2010-10-25,2010-10-22,2719,2709,2,1,2,1.0,0.5555419529993374,True,bull,bull,False,,
2010-10-26,2010-10-25,2720,2710,0,2,0,1.0,0.5498182442974764,True,bull,bull,False,,
2010-10-27,2010-10-26,2721,2711,0,2,0,1.0,0.5511036372073055,True,bull,bull,False,,
2010-10-28,2010-10-27,2722,2712,0,2,0,1.0,0.5348639817649087,True,bull,bull,False,,
2010-10-29,2010-10-28,2723,2713,0,1,0,0.9999981888193056,0.5489276517162363,True,bull,bull,False,,
2010-11-01,2010-10-29,2724,2714,0,1,0,1.0,0.5573146052209248,True,bull,bull,False,,
2010-11-02,2010-11-01,2725,2715,0,1,0,1.0,0.5515741579988998,True,bull,bull,False,,
2010-11-03,2010-11-02,2726,2716,2,1,2,1.0,0.4728756426341945,False,neutral,bull,True,BULL_TO_NEUTRAL,
2010-11-04,2010-11-03,2727,2717,0,2,0,1.0,0.5426749238379861,True,bull,neutral,True,NEUTRAL_TO_BULL,
2010-11-05,2010-11-04,2728,2718,0,2,0,0.7058167060338111,0.0675510236056571,False,neutral,bull,True,BULL_TO_NEUTRAL,
2010-11-08,2010-11-05,2729,2719,0,2,0,0.0227443589274815,0.5437554787368104,False,neutral,neutral,False,,
2010-11-09,2010-11-08,2730,2720,1,2,0,1.0,0.3109970059695715,False,neutral,neutral,False,,
2010-11-10,2010-11-09,2731,2721,1,2,0,1.0,0.3585663589137304,False,neutral,neutral,False,,
2010-11-11,2010-11-10,2732,2722,1,2,0,1.0,0.3129037662553116,False,neutral,neutral,False,,
2010-11-12,2010-11-11,2733,2723,0,2,1,1.0,0.3258133343180472,False,neutral,neutral,False,,
2010-11-15,2010-11-12,2734,2724,0,2,1,0.6518314386312674,0.4193088532319727,False,neutral,neutral,False,,
2010-11-16,2010-11-15,2735,2725,2,1,0,0.2770619087228171,0.3152292528577701,False,neutral,neutral,False,,
2010-11-17,2010-11-16,2736,2726,1,2,0,0.7047363853669819,0.4479410488878371,False,neutral,neutral,False,,
2010-11-18,2010-11-17,2737,2727,1,2,0,1.0,0.306056836329794,False,neutral,neutral,False,,
2010-11-19,2010-11-18,2738,2728,1,2,0,1.0,0.4503379193404334,False,neutral,neutral,False,,
2010-11-22,2010-11-19,2739,2729,1,2,0,0.7966653019088586,0.307742108422365,False,neutral,neutral,False,,
2010-11-23,2010-11-22,2740,2730,2,1,0,0.9986727429749124,0.3168744610322323,False,neutral,neutral,False,,
2010-11-24,2010-11-23,2741,2731,1,2,0,0.6006352770855287,0.441772281936451,False,neutral,neutral,False,,
2010-11-26,2010-11-24,2742,2732,1,2,0,0.1305811601617459,0.4617685591840135,False,neutral,neutral,False,,
2010-11-29,2010-11-26,2743,2733,0,1,0,0.9978336895566268,0.3175220147791683,False,neutral,neutral,False,,
2010-11-30,2010-11-29,2744,2734,0,2,0,0.9929659147444012,0.5434857706036915,True,bull,neutral,True,NEUTRAL_TO_BULL,
2010-12-01,2010-11-30,2745,2735,0,2,0,0.9988943197371608,0.481270796843433,False,neutral,bull,True,BULL_TO_NEUTRAL,
2010-12-02,2010-12-01,2746,2736,0,1,0,0.9936657668671928,0.0475461108236812,False,neutral,neutral,False,,
2010-12-03,2010-12-02,2747,2737,0,1,0,0.7572671577709557,0.3123156488312181,False,neutral,neutral,False,,
2010-12-06,2010-12-03,2748,2738,0,1,0,0.0739722366740847,0.5470558185322132,False,neutral,neutral,False,,
2010-12-07,2010-12-06,2749,2739,2,1,0,1.0,0.3105636530415362,False,neutral,neutral,False,,
2010-12-08,2010-12-07,2750,2740,1,2,0,1.0,0.3069853709034083,False,neutral,neutral,False,,
2010-12-09,2010-12-08,2751,2741,0,2,1,1.0,0.3131415426066613,False,neutral,neutral,False,,
2010-12-10,2010-12-09,2752,2742,2,1,0,0.9610379995938372,0.1746459351915749,False,neutral,neutral,False,,
2010-12-13,2010-12-10,2753,2743,2,1,0,0.9999999866989564,0.3283392422296598,False,neutral,neutral,False,,
2010-12-14,2010-12-13,2754,2744,2,1,0,1.0,0.3072901006063129,False,neutral,neutral,False,,
2010-12-15,2010-12-14,2755,2745,2,1,0,0.6248696128345103,0.3141433305850942,False,neutral,neutral,False,,
2010-12-16,2010-12-15,2756,2746,1,2,1,0.9977186635548172,0.4927415694974842,False,neutral,neutral,False,,
2010-12-17,2010-12-16,2757,2747,0,1,0,0.9571421304373526,0.4837614692938332,False,neutral,neutral,False,,
2010-12-20,2010-12-17,2758,2748,0,2,0,0.9994709808291912,0.5004224730630423,True,bull,neutral,True,NEUTRAL_TO_BULL,
2010-12-21,2010-12-20,2759,2749,0,2,0,0.9999848215720764,0.5456938314167054,True,bull,bull,False,,
2010-12-22,2010-12-21,2760,2750,0,2,0,0.9999997004940876,0.5007150475353266,True,bull,bull,False,,
2010-12-23,2010-12-22,2761,2751,0,1,0,0.9999987466382922,0.5417513185778964,True,bull,bull,False,,
2010-12-27,2010-12-23,2762,2752,0,2,0,0.9999999027930891,0.5371788462100714,True,bull,bull,False,,
2010-12-28,2010-12-27,2763,2753,0,1,0,0.99999877340468,0.5476199098554962,True,bull,bull,False,,
2010-12-29,2010-12-28,2764,2754,0,1,0,0.9999892549014904,0.5486533623130815,True,bull,bull,False,,
2010-12-30,2010-12-29,2765,2755,0,1,0,0.9999601634995706,0.5484720280462311,True,bull,bull,False,,
2010-12-31,2010-12-30,2766,2756,0,2,0,0.9999998351118198,0.5361964527353384,True,bull,bull,False,,
2011-01-03,2010-12-31,2767,2757,0,2,0,0.9999999701164616,0.5475351774396086,True,bull,bull,False,,
2011-01-04,2011-01-03,2768,2758,1,1,0,0.4705491052760384,0.3378820438474956,False,neutral,bull,True,BULL_TO_NEUTRAL,
2011-01-05,2011-01-04,2769,2759,0,0,1,0.4870326991779747,0.3901414192622516,False,neutral,neutral,False,,
2011-01-06,2011-01-05,2770,2760,0,1,0,0.9997399711949342,0.519858573187201,True,bull,neutral,True,NEUTRAL_TO_BULL,
2011-01-07,2011-01-06,2771,2761,0,2,0,0.9983594270145604,0.5323384647796742,True,bull,bull,False,,
2011-01-10,2011-01-07,2772,2762,0,1,0,0.998782240991334,0.5324287320726849,True,bull,bull,False,,
2011-01-11,2011-01-10,2773,2763,0,1,0,0.9996800490327722,0.5384334363925941,True,bull,bull,False,,
2011-01-12,2011-01-11,2774,2764,0,1,0,0.9998419659757254,0.54020200960983,True,bull,bull,False,,
2011-01-13,2011-01-12,2775,2765,0,1,0,0.99660099152987,0.4346068857345381,False,neutral,bull,True,BULL_TO_NEUTRAL,
2011-01-14,2011-01-13,2776,2766,0,1,0,0.9990502744152496,0.5346039954742217,True,bull,neutral,True,NEUTRAL_TO_BULL,
2011-01-18,2011-01-14,2777,2767,0,2,0,0.9989099480698403,0.4817306567326812,False,neutral,bull,True,BULL_TO_NEUTRAL,
2011-01-19,2011-01-18,2778,2768,0,2,0,0.9808161600127,0.5493075627144147,True,bull,neutral,True,NEUTRAL_TO_BULL,
2011-01-20,2011-01-19,2779,2769,0,2,0,0.9923362173171516,0.3579903638750756,False,neutral,bull,True,BULL_TO_NEUTRAL,
2011-01-21,2011-01-20,2780,2770,2,1,2,0.9940564697799628,0.5372648616497081,True,bull,neutral,True,NEUTRAL_TO_BULL,
2011-01-24,2011-01-21,2781,2771,0,2,0,0.9970066680760484,0.5476695757195924,True,bull,bull,False,,
2011-01-25,2011-01-24,2782,2772,0,1,0,0.9990078646341004,0.5133309146117825,True,bull,bull,False,,
2011-01-26,2011-01-25,2783,2773,0,1,0,0.9999948092549792,0.5484864776919733,True,bull,bull,False,,
2011-01-27,2011-01-26,2784,2774,0,2,0,0.99999995851087,0.5372324070672034,True,bull,bull,False,,
2011-01-28,2011-01-27,2785,2775,0,1,0,0.9999854246410752,0.5471253875436413,True,bull,bull,False,,
2011-01-31,2011-01-28,2786,2776,0,2,0,0.9996444107911588,0.1240746813592365,False,neutral,bull,True,BULL_TO_NEUTRAL,
2011-02-01,2011-01-31,2787,2777,0,2,0,0.9996981079917596,0.4760319945375996,False,neutral,neutral,False,,
2011-02-02,2011-02-01,2788,2778,0,2,0,0.9814972265968532,0.1666587603979995,False,neutral,neutral,False,,
2011-02-03,2011-02-02,2789,2779,0,2,0,0.952411052270433,0.5314468525435855,True,bull,neutral,True,NEUTRAL_TO_BULL,
2011-02-04,2011-02-03,2790,2780,2,2,0,0.5060365123973942,0.3765460524347242,False,neutral,bull,True,BULL_TO_NEUTRAL,
2011-02-07,2011-02-04,2791,2781,0,2,0,0.8964031705913346,0.5449768835080591,True,bull,neutral,True,NEUTRAL_TO_BULL,
2011-02-08,2011-02-07,2792,2782,0,1,0,0.5918045705834194,0.503639204988968,True,bull,bull,False,,
2011-02-09,2011-02-08,2793,2783,0,2,0,0.097830192462793,0.5305976916522696,False,neutral,bull,True,BULL_TO_NEUTRAL,
2011-02-10,2011-02-09,2794,2784,1,2,0,1.0,0.3219510639444378,False,neutral,neutral,False,,
2011-02-11,2011-02-10,2795,2785,1,2,0,1.0,0.3108484765053814,False,neutral,neutral,False,,
2011-02-14,2011-02-11,2796,2786,0,2,1,0.5322046940455679,0.3301392813837491,False,neutral,neutral,False,,
2011-02-15,2011-02-14,2797,2787,1,2,1,0.93684710505566,0.5478936326560593,True,bull,neutral,True,NEUTRAL_TO_BULL,
2011-02-16,2011-02-15,2798,2788,0,2,0,0.9555632646823926,0.5159151512349279,True,bull,bull,False,,
2011-02-17,2011-02-16,2799,2789,0,2,0,0.9742843916162052,0.5033689876054128,True,bull,bull,False,,
2011-02-18,2011-02-17,2800,2790,0,2,0,0.9863922148349986,0.5447924858186011,True,bull,bull,False,,
2011-02-22,2011-02-18,2801,2791,0,2,0,0.9945405042807094,0.5489826345597568,True,bull,bull,False,,
2011-02-23,2011-02-22,2802,2792,0,2,0,0.9917042092935184,0.0728598649287616,False,neutral,bull,True,BULL_TO_NEUTRAL,
2011-02-24,2011-02-23,2803,2793,0,2,0,0.8704823650549852,0.4572225125556474,False,neutral,neutral,False,,
2011-02-25,2011-02-24,2804,2794,0,2,0,0.5649703192198487,0.5422309082258996,True,bull,neutral,True,NEUTRAL_TO_BULL,
2011-02-28,2011-02-25,2805,2795,0,2,0,0.5669408323777397,0.3796371996646692,False,neutral,bull,True,BULL_TO_NEUTRAL,
2011-03-01,2011-02-28,2806,2796,0,1,0,0.5691161467735297,0.5054563167348304,True,bull,neutral,True,NEUTRAL_TO_BULL,
2011-03-02,2011-03-01,2807,2797,0,1,0,0.259581218799533,0.1460280943009564,False,neutral,bull,True,BULL_TO_NEUTRAL,
2011-03-03,2011-03-02,2808,2798,2,1,0,0.8849023293654541,0.3096225575889897,False,neutral,neutral,False,,
2011-03-04,2011-03-03,2809,2799,2,1,0,0.8017881821340946,0.4745435049883912,False,neutral,neutral,False,,
2011-03-07,2011-03-04,2810,2800,0,2,1,0.3387403114198012,0.3738118662566669,False,neutral,neutral,False,,
2011-03-08,2011-03-07,2811,2801,0,2,0,0.9838463146942408,0.4145815362541769,False,neutral,neutral,False,,
2011-03-09,2011-03-08,2812,2802,0,2,0,0.9750074739802432,0.4432029705320533,False,neutral,neutral,False,,
2011-03-10,2011-03-09,2813,2803,0,2,0,0.989321920853002,0.5365052367648584,True,bull,neutral,True,NEUTRAL_TO_BULL,
2011-03-11,2011-03-10,2814,2804,1,2,1,0.8985283445960474,0.1053400072992526,False,neutral,bull,True,BULL_TO_NEUTRAL,
2011-03-14,2011-03-11,2815,2805,0,2,0,0.8421807236478539,0.4887844959400284,False,neutral,neutral,False,,
2011-03-15,2011-03-14,2816,2806,0,1,0,0.8080533651696735,0.4628161480526437,False,neutral,neutral,False,,
2011-03-16,2011-03-15,2817,2807,0,2,0,0.2340325413184645,0.3207838900287265,False,neutral,neutral,False,,
2011-03-17,2011-03-16,2818,2808,1,2,0,0.8562278263398392,0.4312097570504745,False,neutral,neutral,False,,
2011-03-18,2011-03-17,2819,2809,2,1,0,0.8980807589341271,0.4385315528344111,False,neutral,neutral,False,,
2011-03-21,2011-03-18,2820,2810,1,2,0,0.9374986731209316,0.3141763770621743,False,neutral,neutral,False,,
2011-03-22,2011-03-21,2821,2811,2,1,0,0.9963420755667504,0.4667124790162166,False,neutral,neutral,False,,
2011-03-23,2011-03-22,2822,2812,2,1,0,1.0,0.3311379687140399,False,neutral,neutral,False,,
2011-03-24,2011-03-23,2823,2813,2,1,0,0.7613163401979808,0.3123914387731957,False,neutral,neutral,False,,
2011-03-25,2011-03-24,2824,2814,1,2,0,0.9809224760242156,0.3786164835775601,False,neutral,neutral,False,,
2011-03-28,2011-03-25,2825,2815,2,1,0,1.0,0.3121345247023542,False,neutral,neutral,False,,
2011-03-29,2011-03-28,2826,2816,2,1,0,1.0,0.3239343516896101,False,neutral,neutral,False,,
2011-03-30,2011-03-29,2827,2817,1,2,0,1.0,0.3398613567690295,False,neutral,neutral,False,,
2011-03-31,2011-03-30,2828,2818,1,2,0,1.0,0.3420470772260414,False,neutral,neutral,False,,
2011-04-01,2011-03-31,2829,2819,1,2,0,1.0,0.3174072151468952,False,neutral,neutral,False,,
2011-04-04,2011-04-01,2830,2820,1,2,0,0.72104630806665,0.3192816636290059,False,neutral,neutral,False,,
2011-04-05,2011-04-04,2831,2821,1,2,0,0.8029920121225215,0.3111956744497717,False,neutral,neutral,False,,
2011-04-06,2011-04-05,2832,2822,1,2,0,0.3331167141392874,0.3130687127109419,False,neutral,neutral,False,,
2011-04-07,2011-04-06,2833,2823,0,1,0,0.94541142143035,0.5421876992436457,True,bull,neutral,True,NEUTRAL_TO_BULL,
2011-04-08,2011-04-07,2834,2824,0,2,0,0.9872486016185856,0.5241155251809738,True,bull,bull,False,,
2011-04-11,2011-04-08,2835,2825,0,1,0,0.9990267048064057,0.5111205802602903,True,bull,bull,False,,
2011-04-12,2011-04-11,2836,2826,0,1,0,0.999999999996531,0.5172050984576176,True,bull,bull,False,,
2011-04-13,2011-04-12,2837,2827,0,2,0,0.9999996989212008,0.4258924529497973,False,neutral,bull,True,BULL_TO_NEUTRAL,
2011-04-14,2011-04-13,2838,2828,0,2,0,0.999710233073755,0.545116849408825,True,bull,neutral,True,NEUTRAL_TO_BULL,
2011-04-15,2011-04-14,2839,2829,0,1,0,0.9968291389659504,0.547803976706555,True,bull,bull,False,,
2011-04-18,2011-04-15,2840,2830,1,2,1,0.9968939217237426,0.5386772438891371,True,bull,bull,False,,
2011-04-19,2011-04-18,2841,2831,0,2,0,0.9583020388991428,0.3135509708270506,False,neutral,bull,True,BULL_TO_NEUTRAL,
2011-04-20,2011-04-19,2842,2832,0,2,0,0.9692880029649514,0.51253192905463,True,bull,neutral,True,NEUTRAL_TO_BULL,
2011-04-21,2011-04-20,2843,2833,0,2,0,0.9925529646688592,0.2612791333781917,False,neutral,bull,True,BULL_TO_NEUTRAL,
2011-04-25,2011-04-21,2844,2834,0,2,0,0.9719295998145796,0.5234173310184789,True,bull,neutral,True,NEUTRAL_TO_BULL,
2011-04-26,2011-04-25,2845,2835,0,1,0,0.9096746263269988,0.5387247047052096,True,bull,bull,False,,
2011-04-27,2011-04-26,2846,2836,0,2,0,0.2907879974236519,0.4467249114753404,False,neutral,bull,True,BULL_TO_NEUTRAL,
2011-04-28,2011-04-27,2847,2837,1,2,0,1.0,0.3372220621694144,False,neutral,neutral,False,,
2011-04-29,2011-04-28,2848,2838,1,2,0,1.0,0.3141425165370688,False,neutral,neutral,False,,
2011-05-02,2011-04-29,2849,2839,1,2,0,0.9984480302060164,0.3116412188170787,False,neutral,neutral,False,,
2011-05-03,2011-05-02,2850,2840,2,1,0,0.9877611015855756,0.3190312233501079,False,neutral,neutral,False,,
2011-05-04,2011-05-03,2851,2841,2,1,0,1.0,0.3336529994596989,False,neutral,neutral,False,,
2011-05-05,2011-05-04,2852,2842,2,1,0,0.2533388581369526,0.3640665558463041,False,neutral,neutral,False,,
2011-05-06,2011-05-05,2853,2843,0,1,0,0.8773571812460013,0.3816342628984824,False,neutral,neutral,False,,
2011-05-09,2011-05-06,2854,2844,0,1,0,0.9246458604403311,0.5295729179870899,True,bull,neutral,True,NEUTRAL_TO_BULL,
2011-05-10,2011-05-09,2855,2845,0,2,0,0.98444310153792,0.5361734547042284,True,bull,bull,False,,
2011-05-11,2011-05-10,2856,2846,0,2,0,0.9829687092385688,0.4502561487140976,False,neutral,bull,True,BULL_TO_NEUTRAL,
2011-05-12,2011-05-11,2857,2847,0,1,0,0.9726256417911112,0.3354483006566294,False,neutral,neutral,False,,
2011-05-13,2011-05-12,2858,2848,0,1,0,0.5224745509421841,0.5008335594696254,True,bull,neutral,True,NEUTRAL_TO_BULL,
2011-05-16,2011-05-13,2859,2849,0,1,0,0.9968947405725962,0.4184736285147328,False,neutral,bull,True,BULL_TO_NEUTRAL,
2011-05-17,2011-05-16,2860,2850,0,1,0,0.9964015472131644,0.4524010015270026,False,neutral,neutral,False,,
2011-05-18,2011-05-17,2861,2851,0,1,0,0.9965742358317892,0.5450644116449529,True,bull,neutral,True,NEUTRAL_TO_BULL,
2011-05-19,2011-05-18,2862,2852,0,2,0,0.9977387637800166,0.4363996162921169,False,neutral,bull,True,BULL_TO_NEUTRAL,
2011-05-20,2011-05-19,2863,2853,0,2,0,0.998893703341616,0.5459636355079187,True,bull,neutral,True,NEUTRAL_TO_BULL,
2011-05-23,2011-05-20,2864,2854,0,2,0,0.997208145888128,0.4119924516300988,False,neutral,bull,True,BULL_TO_NEUTRAL,
2011-05-24,2011-05-23,2865,2855,2,1,2,0.8962410896871706,0.298450897390278,False,neutral,neutral,False,,
2011-05-25,2011-05-24,2866,2856,0,2,0,0.9184225768294458,0.5399145378708393,True,bull,neutral,True,NEUTRAL_TO_BULL,
2011-05-26,2011-05-25,2867,2857,0,2,0,0.8896381451266215,0.5406949594812698,True,bull,bull,False,,
2011-05-27,2011-05-26,2868,2858,0,2,0,0.984640027461188,0.5282311762676009,True,bull,bull,False,,
2011-05-31,2011-05-27,2869,2859,0,2,0,0.991391204717461,0.5367698634704545,True,bull,bull,False,,
2011-06-01,2011-05-31,2870,2860,0,2,0,0.9294312536742984,0.3890925766591531,False,neutral,bull,True,BULL_TO_NEUTRAL,
2011-06-02,2011-06-01,2871,2861,0,1,0,0.8125170973046609,0.0413684156294864,False,neutral,neutral,False,,
2011-06-03,2011-06-02,2872,2862,1,2,1,0.7894408851531064,0.538262051743877,True,bull,neutral,True,NEUTRAL_TO_BULL,
2011-06-06,2011-06-03,2873,2863,0,1,0,0.6210323006981902,0.3546363559284008,False,neutral,bull,True,BULL_TO_NEUTRAL,
2011-06-07,2011-06-06,2874,2864,1,2,0,1.0,0.4097504938814033,False,neutral,neutral,False,,
2011-06-08,2011-06-07,2875,2865,1,2,0,1.0,0.3149547728777405,False,neutral,neutral,False,,
2011-06-09,2011-06-08,2876,2866,1,2,0,0.9005554468734509,0.338025411204175,False,neutral,neutral,False,,
2011-06-10,2011-06-09,2877,2867,1,2,0,0.8034635115496106,0.3521160220693359,False,neutral,neutral,False,,
2011-06-13,2011-06-10,2878,2868,2,1,0,0.5363368438105225,0.4374979718215835,False,neutral,neutral,False,,
2011-06-14,2011-06-13,2879,2869,1,2,0,0.6946159546302105,0.3118620268261919,False,neutral,neutral,False,,
2011-06-15,2011-06-14,2880,2870,2,1,0,0.9972462276785988,0.4316172188486563,False,neutral,neutral,False,,
2011-06-16,2011-06-15,2881,2871,1,2,0,0.8254583781397468,0.4327448203727352,False,neutral,neutral,False,,
2011-06-17,2011-06-16,2882,2872,2,1,0,0.107618610645276,0.3122367228903688,False,neutral,neutral,False,,
2011-06-20,2011-06-17,2883,2873,0,1,0,0.9810300571456756,0.5300487507758638,True,bull,neutral,True,NEUTRAL_TO_BULL,
2011-06-21,2011-06-20,2884,2874,0,2,0,0.9903027500760604,0.5218733828764566,True,bull,bull,False,,
2011-06-22,2011-06-21,2885,2875,0,2,0,0.9731539262504,0.2567283704454741,False,neutral,bull,True,BULL_TO_NEUTRAL,
2011-06-23,2011-06-22,2886,2876,0,2,0,0.9682218388974458,0.4606261021772485,False,neutral,neutral,False,,
2011-06-24,2011-06-23,2887,2877,0,2,0,0.9937805139320898,0.5187622873871475,True,bull,neutral,True,NEUTRAL_TO_BULL,
2011-06-27,2011-06-24,2888,2878,0,2,0,0.978966055370584,0.2983175686385664,False,neutral,bull,True,BULL_TO_NEUTRAL,
2011-06-28,2011-06-27,2889,2879,0,1,0,0.9800248599852774,0.4366105572721045,False,neutral,neutral,False,,
2011-06-29,2011-06-28,2890,2880,1,2,1,0.9606655743308862,0.2839754317590304,False,neutral,neutral,False,,
2011-06-30,2011-06-29,2891,2881,0,2,0,0.598595919726989,0.4485300938979571,False,neutral,neutral,False,,
2011-07-01,2011-06-30,2892,2882,1,2,0,1.0,0.3787447912778429,False,neutral,neutral,False,,
2011-07-05,2011-07-01,2893,2883,1,2,0,0.8897073403636866,0.4597889302366071,False,neutral,neutral,False,,
2011-07-06,2011-07-05,2894,2884,1,2,0,0.4131746301932492,0.3163761105465912,False,neutral,neutral,False,,
2011-07-07,2011-07-06,2895,2885,1,2,0,0.1715532735861228,0.311989165176252,False,neutral,neutral,False,,
2011-07-08,2011-07-07,2896,2886,2,2,1,0.9333425494707364,0.2184752519152584,False,neutral,neutral,False,,
2011-07-11,2011-07-08,2897,2887,1,1,0,0.9232513612149748,0.1968394493145331,False,neutral,neutral,False,,
2011-07-12,2011-07-11,2898,2888,1,2,0,1.0,0.5977863110785473,True,bull,neutral,True,NEUTRAL_TO_BULL,
2011-07-13,2011-07-12,2899,2889,1,2,0,0.7867153188365558,0.1995230484863986,False,neutral,bull,True,BULL_TO_NEUTRAL,
2011-07-14,2011-07-13,2900,2890,1,2,0,1.0,0.3154257292983521,False,neutral,neutral,False,,
2011-07-15,2011-07-14,2901,2891,2,1,0,0.9999812593001712,0.3679026316394054,False,neutral,neutral,False,,
2011-07-18,2011-07-15,2902,2892,2,0,1,1.0,0.3311817939933184,False,neutral,neutral,False,,
2011-07-19,2011-07-18,2903,2893,2,0,1,1.0,0.3835474611544279,False,neutral,neutral,False,,
2011-07-20,2011-07-19,2904,2894,0,1,2,1.0,0.4714336629359302,False,neutral,neutral,False,,
2011-07-21,2011-07-20,2905,2895,1,2,0,0.9999960423524136,0.3158151526919381,False,neutral,neutral,False,,
2011-07-22,2011-07-21,2906,2896,0,2,1,0.8084204943389605,0.4492153308259683,False,neutral,neutral,False,,
2011-07-25,2011-07-22,2907,2897,0,2,1,0.899396314328247,0.3164690809658549,False,neutral,neutral,False,,
2011-07-26,2011-07-25,2908,2898,0,1,2,0.9583956623844492,0.3535077819670931,False,neutral,neutral,False,,
2011-07-27,2011-07-26,2909,2899,1,2,0,0.8320769514567153,0.3350729410945818,False,neutral,neutral,False,,
2011-07-28,2011-07-27,2910,2900,2,1,0,1.0,0.3987954520007417,False,neutral,neutral,False,,
2011-07-29,2011-07-28,2911,2901,2,1,0,1.0,0.3285673619940052,False,neutral,neutral,False,,
2011-08-01,2011-07-29,2912,2902,0,2,1,1.0,0.3688948760853966,False,neutral,neutral,False,,
2011-08-02,2011-08-01,2913,2903,1,2,0,0.91448521824811,0.3403909109284238,False,neutral,neutral,False,,
2011-08-03,2011-08-02,2914,2904,0,1,2,0.8739472923819803,0.2386481126141612,False,neutral,neutral,False,,
2011-08-04,2011-08-03,2915,2905,1,1,2,0.91911237572828,0.9933458724180296,True,bear,neutral,True,NEUTRAL_TO_BEAR,
2011-08-05,2011-08-04,2916,2906,2,2,0,0.9987467654729792,0.9887097388974686,True,bear,bear,False,,
2011-08-08,2011-08-05,2917,2907,1,1,0,0.9998216930199706,0.14698145429884,False,neutral,bear,True,BEAR_TO_NEUTRAL,
2011-08-09,2011-08-08,2918,2908,2,2,0,0.9999987027828172,0.999898290657557,True,bear,neutral,True,NEUTRAL_TO_BEAR,
2011-08-10,2011-08-09,2919,2909,2,2,0,0.9999988864732308,0.9863262291194136,True,bear,bear,False,,
2011-08-11,2011-08-10,2920,2910,2,2,0,0.9999998134944652,0.9808828556309812,True,bear,bear,False,,
2011-08-12,2011-08-11,2921,2911,2,2,0,0.99999960996143,0.9806871007876068,True,bear,bear,False,,
2011-08-15,2011-08-12,2922,2912,2,2,0,0.9999987096121404,0.1644194971767959,False,neutral,bear,True,BEAR_TO_NEUTRAL,
2011-08-16,2011-08-15,2923,2913,2,2,0,0.9999926758185498,0.5278325352326849,True,bear,neutral,True,NEUTRAL_TO_BEAR,
2011-08-17,2011-08-16,2924,2914,1,1,0,0.9976654559899586,0.2154259565330648,False,neutral,bear,True,BEAR_TO_NEUTRAL,
2011-08-18,2011-08-17,2925,2915,1,1,0,0.952057148345564,0.1400467128095206,False,neutral,neutral,False,,
2011-08-19,2011-08-18,2926,2916,1,1,0,0.9551211445277408,0.976440313839537,True,bear,neutral,True,NEUTRAL_TO_BEAR,
2011-08-22,2011-08-19,2927,2917,2,2,1,0.9692785611397772,0.4024416038195413,False,neutral,bear,True,BEAR_TO_NEUTRAL,
2011-08-23,2011-08-22,2928,2918,2,2,0,0.9622874798410496,0.1397956845896901,False,neutral,neutral,False,,
2011-08-24,2011-08-23,2929,2919,2,2,1,0.9604796056058748,0.8432535086649956,True,bear,neutral,True,NEUTRAL_TO_BEAR,
2011-08-25,2011-08-24,2930,2920,2,2,1,0.8897042539795125,0.3056108059742108,False,neutral,bear,True,BEAR_TO_NEUTRAL,
2011-08-26,2011-08-25,2931,2921,2,2,1,0.8924371451015497,0.3704692562800477,False,neutral,neutral,False,,
2011-08-29,2011-08-26,2932,2922,2,2,0,0.8893056461750344,0.3189851711545619,False,neutral,neutral,False,,
2011-08-30,2011-08-29,2933,2923,1,1,0,0.9237271853153144,0.7452790308623469,True,bear,neutral,True,NEUTRAL_TO_BEAR,
2011-08-31,2011-08-30,2934,2924,2,2,0,0.9682204899950272,0.1421182552071669,False,neutral,bear,True,BEAR_TO_NEUTRAL,
2011-09-01,2011-08-31,2935,2925,1,1,0,0.9877395870275256,0.1490565612725374,False,neutral,neutral,False,,
2011-09-02,2011-09-01,2936,2926,2,2,0,0.9878544537549908,0.2526305343403873,False,neutral,neutral,False,,
2011-09-06,2011-09-02,2937,2927,1,1,0,0.9340250577706072,0.6872665769303002,True,bear,neutral,True,NEUTRAL_TO_BEAR,
2011-09-07,2011-09-06,2938,2928,2,1,0,0.6269048945372531,0.374162943175778,False,neutral,bear,True,BEAR_TO_NEUTRAL,
2011-09-08,2011-09-07,2939,2929,2,1,0,0.9058341040799128,0.2704746854459606,False,neutral,neutral,False,,
2011-09-09,2011-09-08,2940,2930,2,1,0,0.9576310354910308,0.4115152417239352,False,neutral,neutral,False,,
2011-09-12,2011-09-09,2941,2931,2,1,0,0.8776723350366247,0.2800205373031064,False,neutral,neutral,False,,
2011-09-13,2011-09-12,2942,2932,2,1,0,0.6378490960208028,0.337516735252293,False,neutral,neutral,False,,
2011-09-14,2011-09-13,2943,2933,2,1,0,0.7808347264174961,0.371178728722402,False,neutral,neutral,False,,
2011-09-15,2011-09-14,2944,2934,2,1,0,0.9992461031516872,0.4478866392731528,False,neutral,neutral,False,,
2011-09-16,2011-09-15,2945,2935,0,2,1,1.0,0.4755924572375405,False,neutral,neutral,False,,
2011-09-19,2011-09-16,2946,2936,0,2,1,1.0,0.3122868143436187,False,neutral,neutral,False,,
2011-09-20,2011-09-19,2947,2937,0,2,1,0.9999116184835696,0.404463810465874,False,neutral,neutral,False,,
2011-09-21,2011-09-20,2948,2938,2,1,0,1.0,0.3180391839303237,False,neutral,neutral,False,,
2011-09-22,2011-09-21,2949,2939,2,1,0,0.9976404933076488,0.2064438133706827,False,neutral,neutral,False,,
2011-09-23,2011-09-22,2950,2940,1,2,0,0.1373578028745179,0.1507515577887914,False,neutral,neutral,False,,
2011-09-26,2011-09-23,2951,2941,1,1,0,0.9502702741880412,0.1601068586778968,False,neutral,neutral,False,,
2011-09-27,2011-09-26,2952,2942,1,1,0,0.9792112252455176,0.6498328232326852,True,bear,neutral,True,NEUTRAL_TO_BEAR,
2011-09-28,2011-09-27,2953,2943,2,2,1,0.9543317260844296,0.2351233951405588,False,neutral,bear,True,BEAR_TO_NEUTRAL,
2011-09-29,2011-09-28,2954,2944,1,1,0,0.9844441437740314,0.5736422521853487,True,bear,neutral,True,NEUTRAL_TO_BEAR,
2011-09-30,2011-09-29,2955,2945,2,2,0,0.9095720002883864,0.1796291769784025,False,neutral,bear,True,BEAR_TO_NEUTRAL,
2011-10-03,2011-09-30,2956,2946,2,2,0,0.791161482210961,0.6689437044556353,True,bear,neutral,True,NEUTRAL_TO_BEAR,
2011-10-04,2011-10-03,2957,2947,2,2,0,0.8986183585704691,0.7642893363193706,True,bear,bear,False,,
2011-10-05,2011-10-04,2958,2948,1,1,0,0.4722452927558623,0.5508823954132709,True,bear,bear,False,,
2011-10-06,2011-10-05,2959,2949,1,2,0,0.7922937279679859,0.4734868419594933,False,neutral,bear,True,BEAR_TO_NEUTRAL,
2011-10-07,2011-10-06,2960,2950,1,2,0,0.6658469465210718,0.4760302828326011,False,neutral,neutral,False,,
2011-10-10,2011-10-07,2961,2951,0,2,1,0.6614723792245348,0.3636722323294543,False,neutral,neutral,False,,
2011-10-11,2011-10-10,2962,2952,1,2,0,0.1563365605742891,0.154257683287575,False,neutral,neutral,False,,
2011-10-12,2011-10-11,2963,2953,1,1,2,0.9399287228217982,0.1418999722270307,False,neutral,neutral,False,,
2011-10-13,2011-10-12,2964,2954,1,1,2,0.9862156449230524,0.1921113938660874,False,neutral,neutral,False,,
2011-10-14,2011-10-13,2965,2955,1,1,0,0.9947134026627726,0.1503209955545449,False,neutral,neutral,False,,
2011-10-17,2011-10-14,2966,2956,2,2,0,0.9979617515403292,0.4024836728862503,False,neutral,neutral,False,,
2011-10-18,2011-10-17,2967,2957,0,0,2,0.9733230427377432,0.4878674449495674,False,neutral,neutral,False,,
2011-10-19,2011-10-18,2968,2958,1,1,0,0.8738361870550942,0.47706122252958,False,neutral,neutral,False,,
2011-10-20,2011-10-19,2969,2959,2,2,1,0.2914698840599963,0.2852624476488126,False,neutral,neutral,False,,
2011-10-21,2011-10-20,2970,2960,2,1,0,1.0,0.320315193347813,False,neutral,neutral,False,,
2011-10-24,2011-10-21,2971,2961,1,2,0,0.8784127208800361,0.4682779044622034,False,neutral,neutral,False,,
2011-10-25,2011-10-24,2972,2962,1,2,0,1.0,0.4230148855347808,False,neutral,neutral,False,,
2011-10-26,2011-10-25,2973,2963,1,2,0,1.0,0.4140792879500796,False,neutral,neutral,False,,
2011-10-27,2011-10-26,2974,2964,0,2,1,1.0,0.3888861047344825,False,neutral,neutral,False,,
2011-10-28,2011-10-27,2975,2965,1,2,0,0.4567400755423956,0.1276561079946338,False,neutral,neutral,False,,
2011-10-31,2011-10-28,2976,2966,1,2,0,0.0929260905411323,0.3127960359975464,False,neutral,neutral,False,,
2011-11-01,2011-10-31,2977,2967,1,1,0,0.7629167409850253,0.6428143816904017,True,bear,neutral,True,NEUTRAL_TO_BEAR,
2011-11-02,2011-11-01,2978,2968,1,1,0,0.8048692050275517,0.7499532190282532,True,bear,bear,False,,
2011-11-03,2011-11-02,2979,2969,2,2,0,0.5458701234117647,0.3741757945426477,False,neutral,bear,True,BEAR_TO_NEUTRAL,
2011-11-04,2011-11-03,2980,2970,1,2,0,0.8617417508298763,0.475698609528193,False,neutral,neutral,False,,
2011-11-07,2011-11-04,2981,2971,1,2,0,0.9204442633796316,0.3559075876707538,False,neutral,neutral,False,,
2011-11-08,2011-11-07,2982,2972,0,2,1,0.8951298320921071,0.3349598594790285,False,neutral,neutral,False,,
2011-11-09,2011-11-08,2983,2973,1,2,0,0.953168011178222,0.4347602951812649,False,neutral,neutral,False,,
2011-11-10,2011-11-09,2984,2974,1,2,0,0.7649749498074214,0.0855938849864736,False,neutral,neutral,False,,
2011-11-11,2011-11-10,2985,2975,2,1,0,0.9978983166193324,0.3774340241533105,False,neutral,neutral,False,,
2011-11-14,2011-11-11,2986,2976,1,2,0,1.0,0.4754700476499184,False,neutral,neutral,False,,
2011-11-15,2011-11-14,2987,2977,0,1,2,1.0,0.3932012497997937,False,neutral,neutral,False,,
2011-11-16,2011-11-15,2988,2978,2,1,0,0.8005778969006426,0.324644833662819,False,neutral,neutral,False,,
2011-11-17,2011-11-16,2989,2979,0,1,2,0.7652873881037728,0.4376575204426857,False,neutral,neutral,False,,
2011-11-18,2011-11-17,2990,2980,0,1,2,1.0,0.4377770064329634,False,neutral,neutral,False,,
2011-11-21,2011-11-18,2991,2981,2,1,0,0.99999816056515,0.3142871693910141,False,neutral,neutral,False,,
2011-11-22,2011-11-21,2992,2982,0,1,2,0.3695292074827963,0.4204693227415488,False,neutral,neutral,False,,
2011-11-23,2011-11-22,2993,2983,2,1,0,0.2978394561677476,0.3333745321059525,False,neutral,neutral,False,,
2011-11-25,2011-11-23,2994,2984,2,2,1,0.9753398584394412,0.5784147652614756,True,bear,neutral,True,NEUTRAL_TO_BEAR,
2011-11-28,2011-11-25,2995,2985,1,1,0,0.9944132115509534,0.1504153920920507,False,neutral,bear,True,BEAR_TO_NEUTRAL,
2011-11-29,2011-11-28,2996,2986,2,2,0,0.982139916809189,0.7436679843893382,True,bear,neutral,True,NEUTRAL_TO_BEAR,
2011-11-30,2011-11-29,2997,2987,2,2,0,0.9446327955879544,0.1450777397498455,False,neutral,bear,True,BEAR_TO_NEUTRAL,
2011-12-01,2011-11-30,2998,2988,1,1,0,0.8923954368748007,0.9579122394085507,True,bear,neutral,True,NEUTRAL_TO_BEAR,
2011-12-02,2011-12-01,2999,2989,2,2,0,0.9336699539871548,0.1446785118953463,False,neutral,bear,True,BEAR_TO_NEUTRAL,
2011-12-05,2011-12-02,3000,2990,1,2,0,1.0,0.1672571596882913,False,neutral,neutral,False,,
2011-12-06,2011-12-05,3001,2991,2,2,0,0.992721840030297,0.2309242212597175,False,neutral,neutral,False,,
2011-12-07,2011-12-06,3002,2992,1,1,2,0.9966504156344428,0.1443361610538266,False,neutral,neutral,False,,
2011-12-08,2011-12-07,3003,2993,2,2,0,0.9978310159632976,0.1487627107268471,False,neutral,neutral,False,,
2011-12-09,2011-12-08,3004,2994,2,2,1,0.9856326723244307,0.5732179078693206,True,bear,neutral,True,NEUTRAL_TO_BEAR,
2011-12-12,2011-12-09,3005,2995,2,2,0,0.6603923473818601,0.3960796599225809,False,neutral,bear,True,BEAR_TO_NEUTRAL,
2011-12-13,2011-12-12,3006,2996,0,2,1,1.0,0.4370846523687307,False,neutral,neutral,False,,
2011-12-14,2011-12-13,3007,2997,2,1,0,0.2205090644403831,0.3919969078408788,False,neutral,neutral,False,,
2011-12-15,2011-12-14,3008,2998,1,2,0,1.0,0.4079795972095087,False,neutral,neutral,False,,
2011-12-16,2011-12-15,3009,2999,2,1,0,1.0,0.3147009424756621,False,neutral,neutral,False,,
2011-12-19,2011-12-16,3010,3000,0,2,1,0.9999158110427728,0.342450355338123,False,neutral,neutral,False,,
2011-12-20,2011-12-19,3011,3001,2,1,0,0.8260603375330293,0.4081775001479649,False,neutral,neutral,False,,
2011-12-21,2011-12-20,3012,3002,2,1,0,0.9998368419618142,0.2204988333203227,False,neutral,neutral,False,,
2011-12-22,2011-12-21,3013,3003,0,2,1,1.0,0.3102308813099915,False,neutral,neutral,False,,
2011-12-23,2011-12-22,3014,3004,1,2,0,1.0,0.3675133778323757,False,neutral,neutral,False,,
2011-12-27,2011-12-23,3015,3005,0,1,2,1.0,0.3696525164855752,False,neutral,neutral,False,,
2011-12-28,2011-12-27,3016,3006,0,1,2,0.970272024801878,0.3103733960698537,False,neutral,neutral,False,,
2011-12-29,2011-12-28,3017,3007,0,2,1,0.9395400001279612,0.4293626901133932,False,neutral,neutral,False,,
2011-12-30,2011-12-29,3018,3008,1,2,0,0.9335289556213596,0.3918294019934537,False,neutral,neutral,False,,
2012-01-03,2011-12-30,3019,3009,1,2,0,0.9929953395778104,0.3422003673161601,False,neutral,neutral,False,,
2012-01-04,2012-01-03,3020,3010,1,2,0,0.9999945070319696,0.4714998052491947,False,neutral,neutral,False,,
2012-01-05,2012-01-04,3021,3011,2,1,0,0.4506869741659894,0.3101025993437732,False,neutral,neutral,False,,
2012-01-06,2012-01-05,3022,3012,1,2,0,0.4399990727171682,0.3119304157928488,False,neutral,neutral,False,,
2012-01-09,2012-01-06,3023,3013,0,2,0,0.8464690923730145,0.5225087725500763,True,bull,neutral,True,NEUTRAL_TO_BULL,
2012-01-10,2012-01-09,3024,3014,0,2,0,0.8630870117011656,0.5444031501291983,True,bull,bull,False,,
2012-01-11,2012-01-10,3025,3015,0,2,0,0.4453643478878725,0.4418869514418908,False,neutral,bull,True,BULL_TO_NEUTRAL,
2012-01-12,2012-01-11,3026,3016,0,2,0,0.0826065151578575,0.5460773267160949,False,neutral,neutral,False,,
2012-01-13,2012-01-12,3027,3017,0,2,0,0.6402355449254652,0.5472194687632499,True,bull,neutral,True,NEUTRAL_TO_BULL,
2012-01-17,2012-01-13,3028,3018,0,1,0,0.8867577203042686,0.4864315531828502,False,neutral,bull,True,BULL_TO_NEUTRAL,
2012-01-18,2012-01-17,3029,3019,0,1,0,1.0,0.5360395185856689,True,bull,neutral,True,NEUTRAL_TO_BULL,
2012-01-19,2012-01-18,3030,3020,0,1,0,0.9740573140223776,0.3620825040066446,False,neutral,bull,True,BULL_TO_NEUTRAL,
2012-01-20,2012-01-19,3031,3021,2,1,2,0.7689724654183835,0.5190167088258628,True,bull,neutral,True,NEUTRAL_TO_BULL,
2012-01-23,2012-01-20,3032,3022,2,1,2,0.4698570626305516,0.5467577326137631,True,bull,bull,False,,
2012-01-24,2012-01-23,3033,3023,0,2,0,0.700612991019152,0.5479098322741027,True,bull,bull,False,,
2012-01-25,2012-01-24,3034,3024,1,2,1,0.7983629219621808,0.5381379892986032,True,bull,bull,False,,
2012-01-26,2012-01-25,3035,3025,2,1,2,0.6939423095494341,0.4573312456193158,False,neutral,bull,True,BULL_TO_NEUTRAL,
2012-01-27,2012-01-26,3036,3026,2,1,2,0.7855337797938565,0.4866014762125885,False,neutral,neutral,False,,
2012-01-30,2012-01-27,3037,3027,0,2,0,0.8102321807264705,0.5422062294785854,True,bull,neutral,True,NEUTRAL_TO_BULL,
2012-01-31,2012-01-30,3038,3028,1,2,1,1.0,0.5166793737281675,True,bull,bull,False,,
2012-02-01,2012-01-31,3039,3029,2,1,2,1.0,0.5456276565045859,True,bull,bull,False,,
2012-02-02,2012-02-01,3040,3030,0,2,0,1.0,0.4471516246224116,False,neutral,bull,True,BULL_TO_NEUTRAL,
2012-02-03,2012-02-02,3041,3031,1,2,1,0.9999999860319612,0.5477154937227953,True,bull,neutral,True,NEUTRAL_TO_BULL,
2012-02-06,2012-02-03,3042,3032,0,1,0,0.9994615358147608,0.2599207416775292,False,neutral,bull,True,BULL_TO_NEUTRAL,
2012-02-07,2012-02-06,3043,3033,1,2,1,0.8703004472670814,0.543640302790392,True,bull,neutral,True,NEUTRAL_TO_BULL,
2012-02-08,2012-02-07,3044,3034,1,2,1,0.6222665773415541,0.5462895612996026,True,bull,bull,False,,
2012-02-09,2012-02-08,3045,3035,0,1,0,0.6249584306856821,0.1663750041733682,False,neutral,bull,True,BULL_TO_NEUTRAL,
2012-02-10,2012-02-09,3046,3036,1,2,0,0.8043727811932978,0.4535679064510395,False,neutral,neutral,False,,
2012-02-13,2012-02-10,3047,3037,0,2,1,0.726039706318122,0.3634102904672558,False,neutral,neutral,False,,
2012-02-14,2012-02-13,3048,3038,0,2,1,0.5543635876028139,0.3419211957929041,False,neutral,neutral,False,,
2012-02-15,2012-02-14,3049,3039,1,2,1,0.8939958117096681,0.5385359966253818,True,bull,neutral,True,NEUTRAL_TO_BULL,
2012-02-16,2012-02-15,3050,3040,2,1,2,0.9970752031386442,0.4949290091231478,False,neutral,bull,True,BULL_TO_NEUTRAL,
2012-02-17,2012-02-16,3051,3041,2,1,2,1.0,0.3745952630010387,False,neutral,neutral,False,,
2012-02-21,2012-02-17,3052,3042,0,1,0,0.9763591885507256,0.5436390493758015,True,bull,neutral,True,NEUTRAL_TO_BULL,
2012-02-22,2012-02-21,3053,3043,0,1,0,0.9067450573008756,0.5466244227149215,True,bull,bull,False,,
2012-02-23,2012-02-22,3054,3044,0,2,0,0.7885877546587129,0.5140669609759366,True,bull,bull,False,,
2012-02-24,2012-02-23,3055,3045,0,2,0,0.9985588985447588,0.5303823367701695,True,bull,bull,False,,
2012-02-27,2012-02-24,3056,3046,0,1,0,0.9924644388884276,0.5466093924175416,True,bull,bull,False,,
2012-02-28,2012-02-27,3057,3047,0,1,0,0.9978816499277064,0.5478587736715557,True,bull,bull,False,,
2012-02-29,2012-02-28,3058,3048,0,1,0,1.0,0.5439429519076739,True,bull,bull,False,,
2012-03-01,2012-02-29,3059,3049,0,1,0,1.0,0.508968953812139,True,bull,bull,False,,
2012-03-02,2012-03-01,3060,3050,0,1,0,0.9999999952963016,0.5037025004905877,True,bull,bull,False,,
2012-03-05,2012-03-02,3061,3051,1,2,1,1.0,0.5214790066599928,True,bull,bull,False,,
2012-03-06,2012-03-05,3062,3052,0,1,0,1.0,0.5062776267894101,True,bull,bull,False,,
2012-03-07,2012-03-06,3063,3053,1,2,1,1.0,0.2160912401368868,False,neutral,bull,True,BULL_TO_NEUTRAL,
2012-03-08,2012-03-07,3064,3054,0,1,0,0.9906937642541116,0.4867845533948053,False,neutral,neutral,False,,
2012-03-09,2012-03-08,3065,3055,2,1,2,1.0,0.412014931407746,False,neutral,neutral,False,,
2012-03-12,2012-03-09,3066,3056,0,2,0,1.0,0.5362578319429617,True,bull,neutral,True,NEUTRAL_TO_BULL,
2012-03-13,2012-03-12,3067,3057,0,2,0,0.9998614043874892,0.5466942980591875,True,bull,bull,False,,
2012-03-14,2012-03-13,3068,3058,0,1,0,0.273500870585459,0.0960922883548771,False,neutral,bull,True,BULL_TO_NEUTRAL,
2012-03-15,2012-03-14,3069,3059,2,1,0,1.0,0.3135353492707519,False,neutral,neutral,False,,
2012-03-16,2012-03-15,3070,3060,2,1,0,1.0,0.3276191852468497,False,neutral,neutral,False,,
2012-03-19,2012-03-16,3071,3061,1,2,0,0.9931994150120504,0.3205933409090551,False,neutral,neutral,False,,
2012-03-20,2012-03-19,3072,3062,0,1,2,0.9202887544855832,0.3130172998985435,False,neutral,neutral,False,,
2012-03-21,2012-03-20,3073,3063,0,2,1,1.0,0.3247137577809833,False,neutral,neutral,False,,
2012-03-22,2012-03-21,3074,3064,2,1,0,0.9332600503651016,0.3165061610724168,False,neutral,neutral,False,,
2012-03-23,2012-03-22,3075,3065,2,1,0,0.2496476765120413,0.367193819456325,False,neutral,neutral,False,,
2012-03-26,2012-03-23,3076,3066,0,2,0,1.0,0.5412526093278054,True,bull,neutral,True,NEUTRAL_TO_BULL,
2012-03-27,2012-03-26,3077,3067,1,2,1,0.9999619552619368,0.2441321082132754,False,neutral,bull,True,BULL_TO_NEUTRAL,
2012-03-28,2012-03-27,3078,3068,0,2,0,0.5481772036239319,0.4505908625696457,False,neutral,neutral,False,,
2012-03-29,2012-03-28,3079,3069,2,1,2,0.9999428193967382,0.4781928538737738,False,neutral,neutral,False,,
2012-03-30,2012-03-29,3080,3070,0,2,0,0.9999193484798024,0.5329712247909281,True,bull,neutral,True,NEUTRAL_TO_BULL,
2012-04-02,2012-03-30,3081,3071,2,1,2,0.9998910597884444,0.5337869917881575,True,bull,bull,False,,
2012-04-03,2012-04-02,3082,3072,1,2,1,0.9978307244454532,0.4791429523647396,False,neutral,bull,True,BULL_TO_NEUTRAL,
2012-04-04,2012-04-03,3083,3073,1,2,1,0.9963246962118638,0.4992571135908373,False,neutral,neutral,False,,
2012-04-05,2012-04-04,3084,3074,0,1,0,0.9940356531571688,0.3524965458003751,False,neutral,neutral,False,,
2012-04-09,2012-04-05,3085,3075,1,2,1,0.9990259635975705,0.5426915355041014,True,bull,neutral,True,NEUTRAL_TO_BULL,
2012-04-10,2012-04-09,3086,3076,0,2,0,0.9200286177317476,0.3110385113798828,False,neutral,bull,True,BULL_TO_NEUTRAL,
2012-04-11,2012-04-10,3087,3077,1,2,0,1.0,0.4354870073346818,False,neutral,neutral,False,,
2012-04-12,2012-04-11,3088,3078,2,1,0,1.0,0.357001775143499,False,neutral,neutral,False,,
2012-04-13,2012-04-12,3089,3079,0,1,2,1.0,0.4391328504801435,False,neutral,neutral,False,,
2012-04-16,2012-04-13,3090,3080,0,1,2,0.999999995395524,0.4207825862753126,False,neutral,neutral,False,,
2012-04-17,2012-04-16,3091,3081,0,2,1,1.0,0.3121624133073173,False,neutral,neutral,False,,
2012-04-18,2012-04-17,3092,3082,2,1,0,1.0,0.4633882486492467,False,neutral,neutral,False,,
2012-04-19,2012-04-18,3093,3083,2,1,0,0.5388707543619994,0.32800320249112,False,neutral,neutral,False,,
2012-04-20,2012-04-19,3094,3084,2,1,0,0.2091777851882409,0.358040128310195,False,neutral,neutral,False,,
2012-04-23,2012-04-20,3095,3085,0,1,0,0.9710356443969406,0.5475328485031784,True,bull,neutral,True,NEUTRAL_TO_BULL,
2012-04-24,2012-04-23,3096,3086,0,1,0,0.9594920351055524,0.3999464286933136,False,neutral,bull,True,BULL_TO_NEUTRAL,
2012-04-25,2012-04-24,3097,3087,0,1,0,0.9975830294471644,0.5357416313028124,True,bull,neutral,True,NEUTRAL_TO_BULL,
2012-04-26,2012-04-25,3098,3088,0,1,0,0.9917468247460898,0.2516627367744682,False,neutral,bull,True,BULL_TO_NEUTRAL,
2012-04-27,2012-04-26,3099,3089,0,1,0,0.879019884439556,0.4853624590925132,False,neutral,neutral,False,,
2012-04-30,2012-04-27,3100,3090,0,1,0,0.6111495643363104,0.5470002010827192,True,bull,neutral,True,NEUTRAL_TO_BULL,
2012-05-01,2012-04-30,3101,3091,0,1,0,0.6738720215774626,0.5067428343489458,True,bull,bull,False,,
2012-05-02,2012-05-01,3102,3092,0,1,0,0.2465080570274512,0.5016494449176047,False,neutral,bull,True,BULL_TO_NEUTRAL,
2012-05-03,2012-05-02,3103,3093,1,2,1,0.0739559619171249,0.5174678704405339,False,neutral,neutral,False,,
2012-05-04,2012-05-03,3104,3094,0,1,0,0.4922694084986861,0.4299218477566283,False,neutral,neutral,False,,
2012-05-07,2012-05-04,3105,3095,0,2,1,0.9744686457449688,0.4404657595077337,False,neutral,neutral,False,,
2012-05-08,2012-05-07,3106,3096,2,1,0,0.9234133649155014,0.3097041279715476,False,neutral,neutral,False,,
2012-05-09,2012-05-08,3107,3097,2,1,0,1.0,0.3338064453626967,False,neutral,neutral,False,,
2012-05-10,2012-05-09,3108,3098,2,2,0,0.1561043886089435,0.4246910703124676,False,neutral,neutral,False,,
2012-05-11,2012-05-10,3109,3099,2,1,0,0.999999738673524,0.3101909829794899,False,neutral,neutral,False,,
2012-05-14,2012-05-11,3110,3100,1,2,0,0.9999740309066342,0.325014037930564,False,neutral,neutral,False,,
2012-05-15,2012-05-14,3111,3101,2,1,0,0.8936106371366956,0.4132479945713988,False,neutral,neutral,False,,
2012-05-16,2012-05-15,3112,3102,2,1,0,0.9690677086839404,0.3515283872235771,False,neutral,neutral,False,,
2012-05-17,2012-05-16,3113,3103,2,1,0,1.0,0.3319848039487298,False,neutral,neutral,False,,
2012-05-18,2012-05-17,3114,3104,0,2,1,0.9957479540400592,0.4391666115828037,False,neutral,neutral,False,,
2012-05-21,2012-05-18,3115,3105,2,1,0,0.371540513051055,0.3843760285100441,False,neutral,neutral,False,,
2012-05-22,2012-05-21,3116,3106,2,1,0,0.5987027549866235,0.4756706314033365,False,neutral,neutral,False,,
2012-05-23,2012-05-22,3117,3107,2,1,0,0.9431933629447004,0.3097437832142253,False,neutral,neutral,False,,
2012-05-24,2012-05-23,3118,3108,2,1,0,1.0,0.3101564177354235,False,neutral,neutral,False,,
2012-05-25,2012-05-24,3119,3109,2,1,0,1.0,0.3101657438017607,False,neutral,neutral,False,,
2012-05-29,2012-05-25,3120,3110,2,1,0,0.2789062804924997,0.3282780765692837,False,neutral,neutral,False,,
2012-05-30,2012-05-29,3121,3111,0,1,0,0.8347472075722968,0.3197114373263544,False,neutral,neutral,False,,
2012-05-31,2012-05-30,3122,3112,0,1,0,0.9170801343971972,0.2056728310630667,False,neutral,neutral,False,,
2012-06-01,2012-05-31,3123,3113,1,2,1,0.9404090195393215,0.5267818169884173,True,bull,neutral,True,NEUTRAL_TO_BULL,
2012-06-04,2012-06-01,3124,3114,2,1,0,1.0,0.3061354482378436,False,neutral,bull,True,BULL_TO_NEUTRAL,
2012-06-05,2012-06-04,3125,3115,2,2,0,0.4645535198611458,0.2230173591338969,False,neutral,neutral,False,,
2012-06-06,2012-06-05,3126,3116,0,1,2,1.0,0.3499110444600836,False,neutral,neutral,False,,
2012-06-07,2012-06-06,3127,3117,0,1,2,1.0,0.4142555867949339,False,neutral,neutral,False,,
2012-06-08,2012-06-07,3128,3118,1,2,0,0.8783485924923775,0.1378006222991696,False,neutral,neutral,False,,
2012-06-11,2012-06-08,3129,3119,1,2,0,0.9999997441440744,0.3558255645999346,False,neutral,neutral,False,,
2012-06-12,2012-06-11,3130,3120,1,2,0,1.0,0.4279115666672947,False,neutral,neutral,False,,
2012-06-13,2012-06-12,3131,3121,0,2,1,1.0,0.4117257584278545,False,neutral,neutral,False,,
2012-06-14,2012-06-13,3132,3122,2,1,0,1.0,0.3588669172822077,False,neutral,neutral,False,,
2012-06-15,2012-06-14,3133,3123,2,1,0,0.9991901777832252,0.3972384380777848,False,neutral,neutral,False,,
2012-06-18,2012-06-15,3134,3124,2,1,0,1.0,0.3243893218425844,False,neutral,neutral,False,,
2012-06-19,2012-06-18,3135,3125,0,1,2,1.0,0.3103882039667346,False,neutral,neutral,False,,
2012-06-20,2012-06-19,3136,3126,0,2,1,0.5634498756375346,0.3820998261905423,False,neutral,neutral,False,,
2012-06-21,2012-06-20,3137,3127,2,0,1,0.9087774087020049,0.3173601657034389,False,neutral,neutral,False,,
2012-06-22,2012-06-21,3138,3128,0,1,2,0.8117347116405561,0.3624125786689269,False,neutral,neutral,False,,
2012-06-25,2012-06-22,3139,3129,2,1,0,0.7931308623661769,0.3530245021721015,False,neutral,neutral,False,,
2012-06-26,2012-06-25,3140,3130,2,0,1,0.8377595760320498,0.4371387659461808,False,neutral,neutral,False,,
2012-06-27,2012-06-26,3141,3131,0,1,2,0.9840623341444276,0.32424279510422,False,neutral,neutral,False,,
2012-06-28,2012-06-27,3142,3132,0,2,1,0.8415903671686952,0.3724292437088391,False,neutral,neutral,False,,
2012-06-29,2012-06-28,3143,3133,0,1,2,0.8930613957803832,0.3249712603107215,False,neutral,neutral,False,,
2012-07-02,2012-06-29,3144,3134,1,2,0,1.0,0.3553593893316135,False,neutral,neutral,False,,
2012-07-03,2012-07-02,3145,3135,0,1,2,1.0,0.3128776339595744,False,neutral,neutral,False,,
2012-07-05,2012-07-03,3146,3136,2,1,0,0.9563769828545664,0.339425140745812,False,neutral,neutral,False,,
2012-07-06,2012-07-05,3147,3137,0,1,2,0.7412106720114817,0.3385968321910947,False,neutral,neutral,False,,
2012-07-09,2012-07-06,3148,3138,0,2,1,0.8514625964716169,0.3948123279116149,False,neutral,neutral,False,,
2012-07-10,2012-07-09,3149,3139,1,2,0,0.884057899019801,0.3156592928703196,False,neutral,neutral,False,,
2012-07-11,2012-07-10,3150,3140,0,2,1,1.0,0.3858620189610749,False,neutral,neutral,False,,
2012-07-12,2012-07-11,3151,3141,1,2,0,1.0,0.3108105531285889,False,neutral,neutral,False,,
2012-07-13,2012-07-12,3152,3142,1,2,0,0.9993698527116626,0.3419038072955347,False,neutral,neutral,False,,
2012-07-16,2012-07-13,3153,3143,2,1,0,0.38093516185541,0.476550240690026,False,neutral,neutral,False,,
2012-07-17,2012-07-16,3154,3144,1,2,0,0.3428420314093761,0.3213508106082626,False,neutral,neutral,False,,
2012-07-18,2012-07-17,3155,3145,0,1,2,0.3137576114331862,0.3428196627970707,False,neutral,neutral,False,,
2012-07-19,2012-07-18,3156,3146,1,2,1,0.7059175783967653,0.4748355043175351,False,neutral,neutral,False,,
2012-07-20,2012-07-19,3157,3147,1,2,1,0.3219517112374818,0.5430638846364034,True,bull,neutral,True,NEUTRAL_TO_BULL,
2012-07-23,2012-07-20,3158,3148,0,1,0,0.2256675126798044,0.3757904991846918,False,neutral,bull,True,BULL_TO_NEUTRAL,
2012-07-24,2012-07-23,3159,3149,2,1,0,0.8032659317368349,0.4017643168871397,False,neutral,neutral,False,,
2012-07-25,2012-07-24,3160,3150,0,2,1,0.8664103794576317,0.3857835373770469,False,neutral,neutral,False,,
2012-07-26,2012-07-25,3161,3151,2,1,0,0.9207035011715125,0.3123833655151593,False,neutral,neutral,False,,
2012-07-27,2012-07-26,3162,3152,1,2,0,0.4066494014869624,0.4735186800943328,False,neutral,neutral,False,,
2012-07-30,2012-07-27,3163,3153,2,1,0,1.0,0.4736384923792501,False,neutral,neutral,False,,
2012-07-31,2012-07-30,3164,3154,1,2,0,1.0,0.3113885582408947,False,neutral,neutral,False,,
2012-08-01,2012-07-31,3165,3155,0,2,1,1.0,0.3557801047168248,False,neutral,neutral,False,,
2012-08-02,2012-08-01,3166,3156,0,2,1,1.0,0.3185725272893666,False,neutral,neutral,False,,
2012-08-03,2012-08-02,3167,3157,0,1,2,1.0,0.3655359557189397,False,neutral,neutral,False,,
2012-08-06,2012-08-03,3168,3158,0,1,2,0.9146162415633844,0.2739678029992679,False,neutral,neutral,False,,
2012-08-07,2012-08-06,3169,3159,0,2,1,0.8260924255238791,0.3585392530370469,False,neutral,neutral,False,,
2012-08-08,2012-08-07,3170,3160,1,2,0,0.9998237099936976,0.3238243017032734,False,neutral,neutral,False,,
2012-08-09,2012-08-08,3171,3161,2,1,0,1.0,0.3107035096854743,False,neutral,neutral,False,,
2012-08-10,2012-08-09,3172,3162,2,1,0,0.8422316765149472,0.3109588230415087,False,neutral,neutral,False,,
2012-08-13,2012-08-10,3173,3163,2,1,0,0.9960642585466686,0.3109808754832024,False,neutral,neutral,False,,
2012-08-14,2012-08-13,3174,3164,0,1,2,1.0,0.3140991688965029,False,neutral,neutral,False,,
2012-08-15,2012-08-14,3175,3165,2,1,0,0.968160216317651,0.3123753097862575,False,neutral,neutral,False,,
2012-08-16,2012-08-15,3176,3166,0,1,2,0.4624182129312603,0.3111935704926436,False,neutral,neutral,False,,
2012-08-17,2012-08-16,3177,3167,1,2,1,0.9999991049042428,0.4747730881700536,False,neutral,neutral,False,,
2012-08-20,2012-08-17,3178,3168,0,1,0,0.9996597395369096,0.5452288849499941,True,bull,neutral,True,NEUTRAL_TO_BULL,
2012-08-21,2012-08-20,3179,3169,0,2,0,0.999859356004533,0.5425846936747073,True,bull,bull,False,,
2012-08-22,2012-08-21,3180,3170,0,1,0,0.999951608380104,0.5144341747753368,True,bull,bull,False,,
2012-08-23,2012-08-22,3181,3171,0,1,0,0.9999891567291072,0.5444266093172441,True,bull,bull,False,,
2012-08-24,2012-08-23,3182,3172,0,1,0,0.9999954866632674,0.4025180746935809,False,neutral,bull,True,BULL_TO_NEUTRAL,
2012-08-27,2012-08-24,3183,3173,0,1,0,0.9999981768894274,0.504240429096848,True,bull,neutral,True,NEUTRAL_TO_BULL,
2012-08-28,2012-08-27,3184,3174,0,1,0,0.9999999661590734,0.5426261017946722,True,bull,bull,False,,
2012-08-29,2012-08-28,3185,3175,1,2,1,0.999999999691742,0.5365428518111325,True,bull,bull,False,,
2012-08-30,2012-08-29,3186,3176,1,2,1,0.9999999999998304,0.5452304463849225,True,bull,bull,False,,
2012-08-31,2012-08-30,3187,3177,0,2,0,0.9999999368143108,0.4281245140192675,False,neutral,bull,True,BULL_TO_NEUTRAL,
2012-09-04,2012-08-31,3188,3178,1,2,1,0.9999999979027898,0.528707513464433,True,bull,neutral,True,NEUTRAL_TO_BULL,
2012-09-05,2012-09-04,3189,3179,0,1,0,0.9999999999999276,0.5400336184569953,True,bull,bull,False,,
2012-09-06,2012-09-05,3190,3180,0,2,0,1.0,0.5368575475704436,True,bull,bull,False,,
2012-09-07,2012-09-06,3191,3181,0,1,0,0.990542242176552,0.0452162709061041,False,neutral,bull,True,BULL_TO_NEUTRAL,
2012-09-10,2012-09-07,3192,3182,0,1,0,0.6206103874527322,0.532886463991731,True,bull,neutral,True,NEUTRAL_TO_BULL,
2012-09-11,2012-09-10,3193,3183,2,1,2,0.3148701045679729,0.4646610007399518,False,neutral,bull,True,BULL_TO_NEUTRAL,
2012-09-12,2012-09-11,3194,3184,2,1,0,0.9748923399017004,0.3132113250506326,False,neutral,neutral,False,,
2012-09-13,2012-09-12,3195,3185,2,1,0,1.0,0.3151312830318379,False,neutral,neutral,False,,
2012-09-14,2012-09-13,3196,3186,2,1,0,0.9998606349037868,0.4651247427530681,False,neutral,neutral,False,,
2012-09-17,2012-09-14,3197,3187,1,2,0,0.8348486743643132,0.3199452217486105,False,neutral,neutral,False,,
2012-09-18,2012-09-17,3198,3188,1,2,0,0.854586139356128,0.3284522959871522,False,neutral,neutral,False,,
2012-09-19,2012-09-18,3199,3189,0,2,1,1.0,0.3152153082316669,False,neutral,neutral,False,,
2012-09-20,2012-09-19,3200,3190,2,1,0,0.9922176344297192,0.3122463019048294,False,neutral,neutral,False,,
2012-09-21,2012-09-20,3201,3191,0,2,1,0.8940356350592898,0.3131960976259904,False,neutral,neutral,False,,
2012-09-24,2012-09-21,3202,3192,2,0,1,0.6689646020002229,0.3530802030622833,False,neutral,neutral,False,,
2012-09-25,2012-09-24,3203,3193,2,1,0,0.1027075045452062,0.3187878870839562,False,neutral,neutral,False,,
2012-09-26,2012-09-25,3204,3194,1,2,1,0.933516032561213,0.328161461176037,False,neutral,neutral,False,,
2012-09-27,2012-09-26,3205,3195,0,1,0,0.5660386249790899,0.4676559453908998,False,neutral,neutral,False,,
2012-09-28,2012-09-27,3206,3196,1,2,1,0.4568353215693156,0.4180437101607815,False,neutral,neutral,False,,
2012-10-01,2012-09-28,3207,3197,2,1,2,0.4599507697458049,0.48632059440911,False,neutral,neutral,False,,
2012-10-02,2012-10-01,3208,3198,2,1,2,0.5913335920090836,0.5415853200947026,True,bull,neutral,True,NEUTRAL_TO_BULL,
2012-10-03,2012-10-02,3209,3199,1,2,1,0.7870006526848103,0.5447675792202852,True,bull,bull,False,,
2012-10-04,2012-10-03,3210,3200,1,2,1,0.9564458994336938,0.5301706656111028,True,bull,bull,False,,
2012-10-05,2012-10-04,3211,3201,0,1,0,0.990639488050702,0.4807235993309774,False,neutral,bull,True,BULL_TO_NEUTRAL,
2012-10-08,2012-10-05,3212,3202,0,1,0,0.982737359323663,0.5431507939440746,True,bull,neutral,True,NEUTRAL_TO_BULL,
2012-10-09,2012-10-08,3213,3203,0,1,0,0.982813380921369,0.5086270317154875,True,bull,bull,False,,
2012-10-10,2012-10-09,3214,3204,0,1,0,0.9846212400869268,0.3514825849724884,False,neutral,bull,True,BULL_TO_NEUTRAL,
2012-10-11,2012-10-10,3215,3205,2,1,2,0.9841351609676792,0.4498015238839303,False,neutral,neutral,False,,
2012-10-12,2012-10-11,3216,3206,1,2,1,0.9391417799903018,0.5441400153304481,True,bull,neutral,True,NEUTRAL_TO_BULL,
2012-10-15,2012-10-12,3217,3207,0,1,0,0.7962198720280041,0.511011146462683,True,bull,bull,False,,
2012-10-16,2012-10-15,3218,3208,2,1,2,0.7810115516422451,0.4487292417286577,False,neutral,bull,True,BULL_TO_NEUTRAL,
2012-10-17,2012-10-16,3219,3209,0,1,0,0.70391995056633,0.392531838651399,False,neutral,neutral,False,,
2012-10-18,2012-10-17,3220,3210,0,1,0,0.4721222732321041,0.5257414095117483,True,bull,neutral,True,NEUTRAL_TO_BULL,
2012-10-19,2012-10-18,3221,3211,1,2,1,0.562236930077688,0.5202047888959834,True,bull,bull,False,,
2012-10-22,2012-10-19,3222,3212,2,1,2,0.6706391141597606,0.1430834038836579,False,neutral,bull,True,BULL_TO_NEUTRAL,
2012-10-23,2012-10-22,3223,3213,2,1,2,0.7544668313990673,0.5414944392529464,True,bull,neutral,True,NEUTRAL_TO_BULL,
2012-10-24,2012-10-23,3224,3214,1,2,0,0.979259333303996,0.4316768443944608,False,neutral,bull,True,BULL_TO_NEUTRAL,
2012-10-25,2012-10-24,3225,3215,0,1,2,1.0,0.3275345647390789,False,neutral,neutral,False,,
2012-10-26,2012-10-25,3226,3216,1,2,0,1.0,0.3145229909847292,False,neutral,neutral,False,,
2012-10-31,2012-10-26,3227,3217,2,1,0,0.9998690868903362,0.3154944640841109,False,neutral,neutral,False,,
2012-11-01,2012-10-31,3228,3218,1,2,0,0.9855415758221686,0.3136984601394387,False,neutral,neutral,False,,
2012-11-02,2012-11-01,3229,3219,0,1,2,1.0,0.3945728393185976,False,neutral,neutral,False,,
2012-11-05,2012-11-02,3230,3220,2,1,0,0.9961579672676896,0.3897798011273094,False,neutral,neutral,False,,
2012-11-06,2012-11-05,3231,3221,0,1,0,0.9921778119421444,0.5436280941157484,True,bull,neutral,True,NEUTRAL_TO_BULL,
2012-11-07,2012-11-06,3232,3222,0,1,0,0.9978013278029896,0.4628421185699272,False,neutral,bull,True,BULL_TO_NEUTRAL,
2012-11-08,2012-11-07,3233,3223,0,2,0,0.9906130316333458,0.0383895908445184,False,neutral,neutral,False,,
2012-11-09,2012-11-08,3234,3224,2,1,2,0.1317765708531545,0.2854092301679495,False,neutral,neutral,False,,
2012-11-12,2012-11-09,3235,3225,2,1,0,1.0,0.3123543103854583,False,neutral,neutral,False,,
2012-11-13,2012-11-12,3236,3226,0,2,1,1.0,0.312527597785911,False,neutral,neutral,False,,
2012-11-14,2012-11-13,3237,3227,2,1,0,0.981577429066274,0.3320411512733754,False,neutral,neutral,False,,
2012-11-15,2012-11-14,3238,3228,2,1,0,0.4017780210513238,0.4319324494127982,False,neutral,neutral,False,,
2012-11-16,2012-11-15,3239,3229,1,1,0,0.9122230345207508,0.160644824863423,False,neutral,neutral,False,,
2012-11-19,2012-11-16,3240,3230,2,1,0,0.4409040944096977,0.3257454795407571,False,neutral,neutral,False,,
2012-11-20,2012-11-19,3241,3231,0,2,1,0.9520022258607737,0.4515588261044536,False,neutral,neutral,False,,
2012-11-21,2012-11-20,3242,3232,0,2,1,0.774804719527004,0.3136475482426862,False,neutral,neutral,False,,
2012-11-23,2012-11-21,3243,3233,2,1,0,0.6588736752593287,0.3133076092387205,False,neutral,neutral,False,,
2012-11-26,2012-11-23,3244,3234,1,2,0,1.0,0.4461507167287927,False,neutral,neutral,False,,
2012-11-27,2012-11-26,3245,3235,1,2,0,0.9999998856862578,0.3231908327474822,False,neutral,neutral,False,,
2012-11-28,2012-11-27,3246,3236,1,2,0,0.9873824521859724,0.3475141434047937,False,neutral,neutral,False,,
2012-11-29,2012-11-28,3247,3237,2,1,0,0.7713505698814833,0.3595181177858146,False,neutral,neutral,False,,
2012-11-30,2012-11-29,3248,3238,2,1,0,0.9261712845282616,0.3239446302274208,False,neutral,neutral,False,,
2012-12-03,2012-11-30,3249,3239,1,2,0,1.0,0.3144034567498197,False,neutral,neutral,False,,
2012-12-04,2012-12-03,3250,3240,0,2,1,0.1832804022715175,0.3465389068377282,False,neutral,neutral,False,,
2012-12-05,2012-12-04,3251,3241,0,1,0,0.9580037974998362,0.5314815295128373,True,bull,neutral,True,NEUTRAL_TO_BULL,
2012-12-06,2012-12-05,3252,3242,1,2,1,0.9987003143591549,0.5429280553823032,True,bull,bull,False,,
2012-12-07,2012-12-06,3253,3243,0,1,0,0.9999999180747372,0.535638811954363,True,bull,bull,False,,
2012-12-10,2012-12-07,3254,3244,0,1,0,0.9999959039026604,0.5384678206292975,True,bull,bull,False,,
2012-12-11,2012-12-10,3255,3245,2,1,2,0.9999876707233704,0.5424363094469059,True,bull,bull,False,,
2012-12-12,2012-12-11,3256,3246,0,1,0,0.999983113988799,0.4867525630972956,False,neutral,bull,True,BULL_TO_NEUTRAL,
2012-12-13,2012-12-12,3257,3247,0,1,0,0.999413794306212,0.5429328227038039,True,bull,neutral,True,NEUTRAL_TO_BULL,
2012-12-14,2012-12-13,3258,3248,2,1,2,0.99926327252563,0.4543080713648175,False,neutral,bull,True,BULL_TO_NEUTRAL,
2012-12-17,2012-12-14,3259,3249,2,1,2,0.9992447516651458,0.5032368368883661,True,bull,neutral,True,NEUTRAL_TO_BULL,
2012-12-18,2012-12-17,3260,3250,0,1,0,0.9966674410181476,0.3329632875404044,False,neutral,bull,True,BULL_TO_NEUTRAL,
2012-12-19,2012-12-18,3261,3251,0,1,0,0.8672282013751824,0.3562577583470425,False,neutral,neutral,False,,
2012-12-20,2012-12-19,3262,3252,1,2,1,0.9147747701742968,0.4221721786446221,False,neutral,neutral,False,,
2012-12-21,2012-12-20,3263,3253,1,2,1,0.8482118714014094,0.5065927485158628,True,bull,neutral,True,NEUTRAL_TO_BULL,
2012-12-24,2012-12-21,3264,3254,1,2,1,0.8891910262965632,0.1619082474207424,False,neutral,bull,True,BULL_TO_NEUTRAL,
2012-12-26,2012-12-24,3265,3255,1,2,1,0.8738595918238597,0.5118477677280843,True,bull,neutral,True,NEUTRAL_TO_BULL,
2012-12-27,2012-12-26,3266,3256,0,1,0,0.6373322196493045,0.4941239856915987,False,neutral,bull,True,BULL_TO_NEUTRAL,
2012-12-28,2012-12-27,3267,3257,2,1,2,0.3027058711049225,0.5318675492828516,True,bull,neutral,True,NEUTRAL_TO_BULL,
2012-12-31,2012-12-28,3268,3258,0,2,1,1.0,0.410259664313913,False,neutral,bull,True,BULL_TO_NEUTRAL,
2013-01-02,2012-12-31,3269,3259,1,2,0,1.0,0.4749175244532048,False,neutral,neutral,False,,
2013-01-03,2013-01-02,3270,3260,0,2,1,1.0,0.3354134138661812,False,neutral,neutral,False,,
2013-01-04,2013-01-03,3271,3261,2,1,0,0.999996088268536,0.3240822796953771,False,neutral,neutral,False,,
2013-01-07,2013-01-04,3272,3262,2,1,0,0.7898328158871853,0.3223709802041809,False,neutral,neutral,False,,
2013-01-08,2013-01-07,3273,3263,1,2,0,0.6168034753135135,0.3270315802579812,False,neutral,neutral,False,,
2013-01-09,2013-01-08,3274,3264,2,1,0,0.4922689581205615,0.3281038124123353,False,neutral,neutral,False,,
2013-01-10,2013-01-09,3275,3265,2,1,0,0.4609642660518002,0.3150519477515118,False,neutral,neutral,False,,
2013-01-11,2013-01-10,3276,3266,0,1,2,0.4563290360621547,0.3580814112050556,False,neutral,neutral,False,,
2013-01-14,2013-01-11,3277,3267,0,2,1,0.7686206222943228,0.3152158377634521,False,neutral,neutral,False,,
2013-01-15,2013-01-14,3278,3268,2,1,0,0.6204950957936215,0.3171076765865221,False,neutral,neutral,False,,
2013-01-16,2013-01-15,3279,3269,2,1,2,0.999995164014032,0.5422393553060652,True,bull,neutral,True,NEUTRAL_TO_BULL,
2013-01-17,2013-01-16,3280,3270,1,2,1,0.999988300003459,0.5397688550943669,True,bull,bull,False,,
2013-01-18,2013-01-17,3281,3271,2,1,2,0.9997126736134608,0.4939384419938941,False,neutral,bull,True,BULL_TO_NEUTRAL,
2013-01-22,2013-01-18,3282,3272,0,2,0,0.9938248966891224,0.5421850704626345,True,bull,neutral,True,NEUTRAL_TO_BULL,
2013-01-23,2013-01-22,3283,3273,1,2,1,0.9320882792891289,0.5124423562146004,True,bull,bull,False,,
2013-01-24,2013-01-23,3284,3274,0,1,0,0.9160076782123008,0.5439783870184888,True,bull,bull,False,,
2013-01-25,2013-01-24,3285,3275,1,2,1,0.9449330733040328,0.542013886865023,True,bull,bull,False,,
2013-01-28,2013-01-25,3286,3276,2,1,2,0.7335000335494367,0.5088947719935435,True,bull,bull,False,,
2013-01-29,2013-01-28,3287,3277,1,0,1,0.6416648883029997,0.5326933163357205,True,bull,bull,False,,
2013-01-30,2013-01-29,3288,3278,1,2,1,0.5922458621987896,0.5314323455673974,True,bull,bull,False,,
2013-01-31,2013-01-30,3289,3279,1,2,1,0.8579175662299291,0.4985003484893318,False,neutral,bull,True,BULL_TO_NEUTRAL,
2013-02-01,2013-01-31,3290,3280,1,2,1,0.9968430239782984,0.5211723310053945,True,bull,neutral,True,NEUTRAL_TO_BULL,
2013-02-04,2013-02-01,3291,3281,0,1,0,0.997784178417216,0.392578918146345,False,neutral,bull,True,BULL_TO_NEUTRAL,
2013-02-05,2013-02-04,3292,3282,1,2,1,0.9999762846380996,0.3138500895641109,False,neutral,neutral,False,,
2013-02-06,2013-02-05,3293,3283,0,1,0,0.999974600187532,0.3978374629288489,False,neutral,neutral,False,,
2013-02-07,2013-02-06,3294,3284,0,2,0,0.9999527124211776,0.5430495562298524,True,bull,neutral,True,NEUTRAL_TO_BULL,
2013-02-08,2013-02-07,3295,3285,0,1,0,0.999995889776526,0.5325174994414259,True,bull,bull,False,,
2013-02-11,2013-02-08,3296,3286,2,1,2,0.9996947395045752,0.5112720226337593,True,bull,bull,False,,
2013-02-12,2013-02-11,3297,3287,0,1,0,0.9990253552326048,0.5397361270705265,True,bull,bull,False,,
2013-02-13,2013-02-12,3298,3288,0,2,0,0.9946289551769422,0.5443515880846134,True,bull,bull,False,,
2013-02-14,2013-02-13,3299,3289,1,2,1,0.9926284042463034,0.5442674049553327,True,bull,bull,False,,
2013-02-15,2013-02-14,3300,3290,0,1,0,0.9986467234247072,0.5441699660872182,True,bull,bull,False,,
2013-02-19,2013-02-15,3301,3291,0,2,0,0.9976173241570936,0.5343715142384575,True,bull,bull,False,,
2013-02-20,2013-02-19,3302,3292,0,1,0,0.9999375723291282,0.4716111986114284,False,neutral,bull,True,BULL_TO_NEUTRAL,
2013-02-21,2013-02-20,3303,3293,0,1,0,0.999979460389834,0.2679834882949513,False,neutral,neutral,False,,
2013-02-22,2013-02-21,3304,3294,0,2,0,0.9992729031451012,0.4552832701516371,False,neutral,neutral,False,,
2013-02-25,2013-02-22,3305,3295,1,2,1,0.9998478695694502,0.4049859128085245,False,neutral,neutral,False,,
2013-02-26,2013-02-25,3306,3296,0,1,0,0.8149033674022447,0.0912715120566756,False,neutral,neutral,False,,
2013-02-27,2013-02-26,3307,3297,0,1,0,0.607026574863595,0.4854479195236398,False,neutral,neutral,False,,
2013-02-28,2013-02-27,3308,3298,1,2,1,0.6223220046522238,0.2993865822220034,False,neutral,neutral,False,,
2013-03-01,2013-02-28,3309,3299,2,1,2,0.67858281197452,0.524345035240577,True,bull,neutral,True,NEUTRAL_TO_BULL,
2013-03-04,2013-03-01,3310,3300,2,1,2,0.7074046083842691,0.5361430945576537,True,bull,bull,False,,
2013-03-05,2013-03-04,3311,3301,0,1,0,0.5109771928241965,0.5145636092283482,True,bull,bull,False,,
2013-03-06,2013-03-05,3312,3302,0,1,0,0.045629637239794,0.4323674112535649,False,neutral,bull,True,BULL_TO_NEUTRAL,
2013-03-07,2013-03-06,3313,3303,0,2,1,1.0,0.3133608536722208,False,neutral,neutral,False,,
2013-03-08,2013-03-07,3314,3304,1,2,0,1.0,0.3136093575671909,False,neutral,neutral,False,,
2013-03-11,2013-03-08,3315,3305,2,1,0,0.9561239490126804,0.3220210339689386,False,neutral,neutral,False,,
2013-03-12,2013-03-11,3316,3306,1,2,0,1.0,0.3194573066753493,False,neutral,neutral,False,,
2013-03-13,2013-03-12,3317,3307,2,1,0,1.0,0.3252620273561902,False,neutral,neutral,False,,
2013-03-14,2013-03-13,3318,3308,0,2,1,1.0,0.3132109791832855,False,neutral,neutral,False,,
2013-03-15,2013-03-14,3319,3309,1,2,0,0.884171960083508,0.3294254477879707,False,neutral,neutral,False,,
2013-03-18,2013-03-15,3320,3310,2,1,0,0.1022218964887421,0.3547572855976844,False,neutral,neutral,False,,
2013-03-19,2013-03-18,3321,3311,1,2,1,0.9994209248491704,0.4670804476250265,False,neutral,neutral,False,,
2013-03-20,2013-03-19,3322,3312,2,1,2,0.9998488140064792,0.5216108938992644,True,bull,neutral,True,NEUTRAL_TO_BULL,
2013-03-21,2013-03-20,3323,3313,1,2,1,0.9999902717739516,0.4824552581481042,False,neutral,bull,True,BULL_TO_NEUTRAL,
2013-03-22,2013-03-21,3324,3314,0,1,0,0.999897057845626,0.3906648985625456,False,neutral,neutral,False,,
2013-03-25,2013-03-22,3325,3315,0,1,0,0.9998980860439792,0.4566492947761605,False,neutral,neutral,False,,
2013-03-26,2013-03-25,3326,3316,0,2,0,0.9999000330111008,0.4941689389838628,False,neutral,neutral,False,,
2013-03-27,2013-03-26,3327,3317,0,1,0,0.9997073212675112,0.4583629220578019,False,neutral,neutral,False,,
2013-03-28,2013-03-27,3328,3318,2,1,2,0.9994684997206656,0.5403933808361603,True,bull,neutral,True,NEUTRAL_TO_BULL,
2013-04-01,2013-03-28,3329,3319,0,2,0,0.999592054451956,0.5378507272330201,True,bull,bull,False,,
2013-04-02,2013-04-01,3330,3320,0,2,0,0.9994262020620636,0.4979523843538591,False,neutral,bull,True,BULL_TO_NEUTRAL,
2013-04-03,2013-04-02,3331,3321,0,2,1,0.9973428794417284,0.5193341302304632,True,bull,neutral,True,NEUTRAL_TO_BULL,
2013-04-04,2013-04-03,3332,3322,0,2,0,0.999432348366248,0.3414842286820022,False,neutral,bull,True,BULL_TO_NEUTRAL,
2013-04-05,2013-04-04,3333,3323,2,1,0,0.9994433165841144,0.5306177107639732,True,bull,neutral,True,NEUTRAL_TO_BULL,
2013-04-08,2013-04-05,3334,3324,2,1,0,0.9999929998281616,0.488627948262144,False,neutral,bull,True,BULL_TO_NEUTRAL,
2013-04-09,2013-04-08,3335,3325,0,1,2,0.999992919850292,0.4870262290632964,False,neutral,neutral,False,,
2013-04-10,2013-04-09,3336,3326,1,2,0,0.9999995811530326,0.5356003435753813,True,bull,neutral,True,NEUTRAL_TO_BULL,
2013-04-11,2013-04-10,3337,3327,0,2,0,0.9686296184329812,0.3098191215127783,False,neutral,bull,True,BULL_TO_NEUTRAL,
2013-04-12,2013-04-11,3338,3328,0,1,0,0.4323674684324019,0.5369542300602909,True,bull,neutral,True,NEUTRAL_TO_BULL,
2013-04-15,2013-04-12,3339,3329,0,2,1,0.0230895830679728,0.5202069188298698,False,neutral,bull,True,BULL_TO_NEUTRAL,
2013-04-16,2013-04-15,3340,3330,2,1,0,1.0,0.3275955546670629,False,neutral,neutral,False,,
2013-04-17,2013-04-16,3341,3331,0,2,1,1.0,0.4637795131348476,False,neutral,neutral,False,,
2013-04-18,2013-04-17,3342,3332,2,1,0,1.0,0.4332393583082186,False,neutral,neutral,False,,
2013-04-19,2013-04-18,3343,3333,2,1,0,1.0,0.3602599014762103,False,neutral,neutral,False,,
2013-04-22,2013-04-19,3344,3334,0,1,2,1.0,0.3673611928460913,False,neutral,neutral,False,,
2013-04-23,2013-04-22,3345,3335,2,1,0,1.0,0.3221850801311191,False,neutral,neutral,False,,
2013-04-24,2013-04-23,3346,3336,0,2,1,1.0,0.3938305319836308,False,neutral,neutral,False,,
2013-04-25,2013-04-24,3347,3337,1,2,1,1.0,0.3137474723822457,False,neutral,neutral,False,,
2013-04-26,2013-04-25,3348,3338,0,2,0,1.0,0.3208062139163641,False,neutral,neutral,False,,
2013-04-29,2013-04-26,3349,3339,0,2,1,1.0,0.3216679109382095,False,neutral,neutral,False,,
2013-04-30,2013-04-29,3350,3340,2,1,0,1.0,0.3426962451810029,False,neutral,neutral,False,,
2013-05-01,2013-04-30,3351,3341,0,1,2,1.0,0.3146806187916116,False,neutral,neutral,False,,
2013-05-02,2013-05-01,3352,3342,0,2,1,1.0,0.3890741026914955,False,neutral,neutral,False,,
2013-05-03,2013-05-02,3353,3343,0,2,1,0.7759316891931135,0.3770649539072615,False,neutral,neutral,False,,
2013-05-06,2013-05-03,3354,3344,2,1,0,0.8054085656546425,0.390836191319204,False,neutral,neutral,False,,
2013-05-07,2013-05-06,3355,3345,2,1,2,0.8030033534863482,0.3151346618688978,False,neutral,neutral,False,,
2013-05-08,2013-05-07,3356,3346,1,2,1,1.0,0.3276306039254121,False,neutral,neutral,False,,
2013-05-09,2013-05-08,3357,3347,0,1,0,1.0,0.3240480795671929,False,neutral,neutral,False,,
2013-05-10,2013-05-09,3358,3348,0,1,0,1.0,0.3292870494378411,False,neutral,neutral,False,,
2013-05-13,2013-05-10,3359,3349,1,2,1,1.0,0.317439348872493,False,neutral,neutral,False,,
2013-05-14,2013-05-13,3360,3350,2,1,2,1.0,0.3142402832241325,False,neutral,neutral,False,,
2013-05-15,2013-05-14,3361,3351,0,2,0,0.9997866527463682,0.3956595931773219,False,neutral,neutral,False,,
2013-05-16,2013-05-15,3362,3352,0,2,0,1.0,0.3304348496872295,False,neutral,neutral,False,,
2013-05-17,2013-05-16,3363,3353,1,2,1,1.0,0.3447710479195053,False,neutral,neutral,False,,
2013-05-20,2013-05-17,3364,3354,1,2,1,1.0,0.3843975798999462,False,neutral,neutral,False,,
2013-05-21,2013-05-20,3365,3355,0,1,0,1.0,0.3168241763497383,False,neutral,neutral,False,,
2013-05-22,2013-05-21,3366,3356,0,2,0,1.0,0.3141698126033428,False,neutral,neutral,False,,
2013-05-23,2013-05-22,3367,3357,0,2,0,1.0,0.3736363905033226,False,neutral,neutral,False,,
2013-05-24,2013-05-23,3368,3358,2,1,2,0.5412099880017898,0.3300016097497302,False,neutral,neutral,False,,
2013-05-28,2013-05-24,3369,3359,0,2,1,0.9147299268089988,0.5342930037260247,True,bull,neutral,True,NEUTRAL_TO_BULL,
2013-05-29,2013-05-28,3370,3360,0,2,1,0.9997849095288444,0.5016596997161505,True,bull,bull,False,,
2013-05-30,2013-05-29,3371,3361,0,1,2,0.9997770133543604,0.4429452308523878,False,neutral,bull,True,BULL_TO_NEUTRAL,
2013-05-31,2013-05-30,3372,3362,0,1,2,0.9997598086586548,0.5322166260348666,True,bull,neutral,True,NEUTRAL_TO_BULL,
2013-06-03,2013-05-31,3373,3363,0,1,2,0.89680004956731,0.2071867891537089,False,neutral,bull,True,BULL_TO_NEUTRAL,
2013-06-04,2013-06-03,3374,3364,2,1,0,0.8748057518189484,0.5094367649269751,True,bull,neutral,True,NEUTRAL_TO_BULL,
2013-06-05,2013-06-04,3375,3365,1,2,0,0.7912748331565926,0.4805431424920858,False,neutral,bull,True,BULL_TO_NEUTRAL,
2013-06-06,2013-06-05,3376,3366,0,2,0,1.0,0.4301979676265477,False,neutral,neutral,False,,
2013-06-07,2013-06-06,3377,3367,2,1,2,1.0,0.3748959404895713,False,neutral,neutral,False,,
2013-06-10,2013-06-07,3378,3368,1,2,1,1.0,0.4356567382558336,False,neutral,neutral,False,,
2013-06-11,2013-06-10,3379,3369,1,2,1,0.9955935178918602,0.3158493166109608,False,neutral,neutral,False,,
2013-06-12,2013-06-11,3380,3370,0,2,0,0.6494230129921733,0.4053994774703089,False,neutral,neutral,False,,
2013-06-13,2013-06-12,3381,3371,0,1,0,0.8657104682229725,0.3837651288218418,False,neutral,neutral,False,,
2013-06-14,2013-06-13,3382,3372,2,1,2,0.2768864776483147,0.4677540635309692,False,neutral,neutral,False,,
2013-06-17,2013-06-14,3383,3373,1,2,1,0.2818400253958339,0.3613057443826738,False,neutral,neutral,False,,
2013-06-18,2013-06-17,3384,3374,0,2,1,0.7030855053795414,0.4632598168529536,False,neutral,neutral,False,,
2013-06-19,2013-06-18,3385,3375,1,2,1,0.8812687488741414,0.3588658251982416,False,neutral,neutral,False,,
2013-06-20,2013-06-19,3386,3376,1,2,1,0.2229551559377603,0.4293248693469982,False,neutral,neutral,False,,
2013-06-21,2013-06-20,3387,3377,1,2,1,1.0,0.2826109095746743,False,neutral,neutral,False,,
2013-06-24,2013-06-21,3388,3378,0,1,0,0.7508972673635769,0.325723129210878,False,neutral,neutral,False,,
2013-06-25,2013-06-24,3389,3379,0,1,0,0.1115464942086043,0.4238080823845897,False,neutral,neutral,False,,
2013-06-26,2013-06-25,3390,3380,2,2,0,0.9435068216546426,0.2078055586659055,False,neutral,neutral,False,,
2013-06-27,2013-06-26,3391,3381,1,1,2,0.9509676465763466,0.2123446656420337,False,neutral,neutral,False,,
2013-06-28,2013-06-27,3392,3382,2,2,1,0.9172164704137492,0.1612408799454461,False,neutral,neutral,False,,
2013-07-01,2013-06-28,3393,3383,1,1,2,0.8905895665238854,0.1682700524091671,False,neutral,neutral,False,,
2013-07-02,2013-07-01,3394,3384,1,1,2,0.706811105529061,0.1617003644357996,False,neutral,neutral,False,,
2013-07-03,2013-07-02,3395,3385,0,1,0,1.0,0.319611974703597,False,neutral,neutral,False,,
2013-07-05,2013-07-03,3396,3386,1,2,1,0.8581961298633349,0.3156672137174362,False,neutral,neutral,False,,
2013-07-08,2013-07-05,3397,3387,1,2,1,1.0,0.402680865597993,False,neutral,neutral,False,,
2013-07-09,2013-07-08,3398,3388,2,1,2,1.0,0.3336688167848693,False,neutral,neutral,False,,
2013-07-10,2013-07-09,3399,3389,1,2,1,1.0,0.350005326537318,False,neutral,neutral,False,,
2013-07-11,2013-07-10,3400,3390,2,1,2,1.0,0.316080764580474,False,neutral,neutral,False,,
2013-07-12,2013-07-11,3401,3391,1,2,1,0.5169339295776155,0.4489461801796838,False,neutral,neutral,False,,
2013-07-15,2013-07-12,3402,3392,2,1,2,0.1931393262765811,0.3153872772003728,False,neutral,neutral,False,,
2013-07-16,2013-07-15,3403,3393,0,2,0,0.1462298080178274,0.3211401911244381,False,neutral,neutral,False,,
2013-07-17,2013-07-16,3404,3394,1,2,1,0.1916923423719095,0.3366172815256726,False,neutral,neutral,False,,
2013-07-18,2013-07-17,3405,3395,2,1,2,0.4604560897345557,0.3166878295476014,False,neutral,neutral,False,,
2013-07-19,2013-07-18,3406,3396,0,1,0,0.999999982745006,0.333260717179567,False,neutral,neutral,False,,
2013-07-22,2013-07-19,3407,3397,0,1,0,1.0,0.3154363267292806,False,neutral,neutral,False,,
2013-07-23,2013-07-22,3408,3398,0,1,0,0.980791971468374,0.315739071399537,False,neutral,neutral,False,,
2013-07-24,2013-07-23,3409,3399,2,1,2,0.3836265507010254,0.3255608485394645,False,neutral,neutral,False,,
2013-07-25,2013-07-24,3410,3400,0,2,1,0.9995910256411724,0.5002569658764195,True,bull,neutral,True,NEUTRAL_TO_BULL,
2013-07-26,2013-07-25,3411,3401,0,2,1,0.9999338800485684,0.5393364658322164,True,bull,bull,False,,
2013-07-29,2013-07-26,3412,3402,0,1,2,0.9999975395283244,0.5410239587210871,True,bull,bull,False,,
2013-07-30,2013-07-29,3413,3403,0,2,1,0.9999996566011372,0.5090915137196136,True,bull,bull,False,,
2013-07-31,2013-07-30,3414,3404,0,2,1,0.9999999999999908,0.5384597456176152,True,bull,bull,False,,
2013-08-01,2013-07-31,3415,3405,0,2,1,1.0,0.5405666303553296,True,bull,bull,False,,
2013-08-02,2013-08-01,3416,3406,0,1,2,0.9999973370606866,0.3364711154038329,False,neutral,bull,True,BULL_TO_NEUTRAL,
2013-08-05,2013-08-02,3417,3407,0,1,2,0.9962475196194134,0.5411403105801162,True,bull,neutral,True,NEUTRAL_TO_BULL,
2013-08-06,2013-08-05,3418,3408,0,1,2,0.9761053054826364,0.5284731178968236,True,bull,bull,False,,
2013-08-07,2013-08-06,3419,3409,2,1,0,0.9757589850996048,0.4603688987310377,False,neutral,bull,True,BULL_TO_NEUTRAL,
2013-08-08,2013-08-07,3420,3410,0,1,2,0.988309836774714,0.5071995347488163,True,bull,neutral,True,NEUTRAL_TO_BULL,
2013-08-09,2013-08-08,3421,3411,0,1,2,0.9918700925078096,0.5308191491710123,True,bull,bull,False,,
2013-08-12,2013-08-09,3422,3412,1,2,0,0.9931692400389022,0.512067342009793,True,bull,bull,False,,
2013-08-13,2013-08-12,3423,3413,0,2,1,0.9975628288204674,0.5309610721691536,True,bull,bull,False,,
2013-08-14,2013-08-13,3424,3414,2,1,0,0.9997336116633404,0.5363368546502549,True,bull,bull,False,,
2013-08-15,2013-08-14,3425,3415,0,2,1,0.9997679481434308,0.4735156015253122,False,neutral,bull,True,BULL_TO_NEUTRAL,
2013-08-16,2013-08-15,3426,3416,0,1,2,0.6402829341848851,0.2186651074626301,False,neutral,neutral,False,,
2013-08-19,2013-08-16,3427,3417,2,1,2,1.0,0.3331448845375123,False,neutral,neutral,False,,
2013-08-20,2013-08-19,3428,3418,0,1,0,1.0,0.3621355987432411,False,neutral,neutral,False,,
2013-08-21,2013-08-20,3429,3419,2,1,2,1.0,0.3285923951667929,False,neutral,neutral,False,,
2013-08-22,2013-08-21,3430,3420,0,2,0,0.9297389604193388,0.3597715960093769,False,neutral,neutral,False,,
2013-08-23,2013-08-22,3431,3421,1,2,1,1.0,0.3775239642768134,False,neutral,neutral,False,,
2013-08-26,2013-08-23,3432,3422,2,1,2,1.0,0.3197470783366606,False,neutral,neutral,False,,
2013-08-27,2013-08-26,3433,3423,2,1,2,1.0,0.3367456975378001,False,neutral,neutral,False,,
2013-08-28,2013-08-27,3434,3424,2,1,0,0.9109353450892264,0.4239916292126041,False,neutral,neutral,False,,
2013-08-29,2013-08-28,3435,3425,1,2,1,0.1064602376558445,0.3207521349571167,False,neutral,neutral,False,,
2013-08-30,2013-08-29,3436,3426,2,1,0,0.9127840715111212,0.5407703552948671,True,bull,neutral,True,NEUTRAL_TO_BULL,
2013-09-03,2013-08-30,3437,3427,2,1,0,0.8555935633380196,0.5080264763150882,True,bull,bull,False,,
2013-09-04,2013-09-03,3438,3428,1,2,0,0.8420986823261302,0.52166238186946,True,bull,bull,False,,
2013-09-05,2013-09-04,3439,3429,0,2,1,0.8220938768696279,0.4473001932259412,False,neutral,bull,True,BULL_TO_NEUTRAL,
2013-09-06,2013-09-05,3440,3430,1,2,0,0.741741993301145,0.5412351565642461,True,bull,neutral,True,NEUTRAL_TO_BULL,
2013-09-09,2013-09-06,3441,3431,2,1,0,0.746912833548856,0.5406008452194248,True,bull,bull,False,,
2013-09-10,2013-09-09,3442,3432,0,1,2,0.2584172343131597,0.4070669551352084,False,neutral,bull,True,BULL_TO_NEUTRAL,
2013-09-11,2013-09-10,3443,3433,1,2,1,1.0,0.3533821854525951,False,neutral,neutral,False,,
2013-09-12,2013-09-11,3444,3434,0,1,0,0.9904550014069758,0.3188792904410769,False,neutral,neutral,False,,
2013-09-13,2013-09-12,3445,3435,2,1,2,0.8055998650491585,0.3286060231062756,False,neutral,neutral,False,,
2013-09-16,2013-09-13,3446,3436,1,2,1,0.9406294356314266,0.3161517712396146,False,neutral,neutral,False,,
2013-09-17,2013-09-16,3447,3437,2,1,2,0.9146179093428192,0.3393344258745689,False,neutral,neutral,False,,
2013-09-18,2013-09-17,3448,3438,2,1,2,0.9674439903673148,0.3286391974681621,False,neutral,neutral,False,,
2013-09-19,2013-09-18,3449,3439,0,1,0,0.8541792030965475,0.4202084576735169,False,neutral,neutral,False,,
2013-09-20,2013-09-19,3450,3440,0,2,0,0.7603345287923771,0.3232763377961188,False,neutral,neutral,False,,
2013-09-23,2013-09-20,3451,3441,1,2,1,0.9975015139455778,0.4144368912179741,False,neutral,neutral,False,,
2013-09-24,2013-09-23,3452,3442,0,1,0,0.978241084832746,0.3436243449965456,False,neutral,neutral,False,,
2013-09-25,2013-09-24,3453,3443,0,1,0,0.8654455336224512,0.3272713061360697,False,neutral,neutral,False,,
2013-09-26,2013-09-25,3454,3444,1,2,1,0.944347938982954,0.3307464507428823,False,neutral,neutral,False,,
2013-09-27,2013-09-26,3455,3445,0,2,0,0.771318683042118,0.3249805559334157,False,neutral,neutral,False,,
2013-09-30,2013-09-27,3456,3446,2,1,2,0.8999263426761602,0.3446325495759709,False,neutral,neutral,False,,
2013-10-01,2013-09-30,3457,3447,0,2,0,0.9998877358660172,0.3507847390658708,False,neutral,neutral,False,,
2013-10-02,2013-10-01,3458,3448,1,2,1,0.9999005310954316,0.3644080198632636,False,neutral,neutral,False,,
2013-10-03,2013-10-02,3459,3449,0,2,0,0.4412838156824257,0.3212101242633581,False,neutral,neutral,False,,
2013-10-04,2013-10-03,3460,3450,1,2,0,0.993906677222812,0.3696740391264123,False,neutral,neutral,False,,
2013-10-07,2013-10-04,3461,3451,0,1,2,0.9999284855601422,0.462520966773301,False,neutral,neutral,False,,
2013-10-08,2013-10-07,3462,3452,0,1,2,0.9992956563426324,0.3865738021870325,False,neutral,neutral,False,,
2013-10-09,2013-10-08,3463,3453,0,2,1,0.6208859583947354,0.2947585972123102,False,neutral,neutral,False,,
2013-10-10,2013-10-09,3464,3454,0,2,1,0.0119141303975103,0.5390623415721179,False,neutral,neutral,False,,
2013-10-11,2013-10-10,3465,3455,2,1,2,0.9101576898995936,0.4204482126029593,False,neutral,neutral,False,,
2013-10-14,2013-10-11,3466,3456,2,1,2,0.999994485131458,0.3463319935608995,False,neutral,neutral,False,,
2013-10-15,2013-10-14,3467,3457,0,2,0,0.9850463775889656,0.3265307724258742,False,neutral,neutral,False,,
2013-10-16,2013-10-15,3468,3458,1,2,1,0.9792272107061774,0.3700044831561607,False,neutral,neutral,False,,
2013-10-17,2013-10-16,3469,3459,1,2,1,0.729393081679091,0.4585839976050844,False,neutral,neutral,False,,
2013-10-18,2013-10-17,3470,3460,0,2,0,0.2731300323469183,0.3500701711929008,False,neutral,neutral,False,,
2013-10-21,2013-10-18,3471,3461,1,1,2,0.9495197355259024,0.1683825589210497,False,neutral,neutral,False,,
2013-10-22,2013-10-21,3472,3462,1,1,2,0.975400780379032,0.1449046335782308,False,neutral,neutral,False,,
2013-10-23,2013-10-22,3473,3463,2,2,0,0.9456432985388744,0.1598368510234034,False,neutral,neutral,False,,
2013-10-24,2013-10-23,3474,3464,1,1,2,0.405997755068841,0.1744115336324702,False,neutral,neutral,False,,
2013-10-25,2013-10-24,3475,3465,2,1,2,0.8058056146609185,0.3234011771672823,False,neutral,neutral,False,,
2013-10-28,2013-10-25,3476,3466,0,1,0,0.8632762330378825,0.3307147891337263,False,neutral,neutral,False,,
2013-10-29,2013-10-28,3477,3467,2,1,2,0.921598214107229,0.3183255412956334,False,neutral,neutral,False,,
2013-10-30,2013-10-29,3478,3468,1,2,1,0.9780943995685512,0.3367491804289181,False,neutral,neutral,False,,
2013-10-31,2013-10-30,3479,3469,0,2,0,0.1907377160904095,0.3470945755498958,False,neutral,neutral,False,,
2013-11-01,2013-10-31,3480,3470,0,1,2,0.990425507076606,0.5123625533639192,True,bull,neutral,True,NEUTRAL_TO_BULL,
2013-11-04,2013-11-01,3481,3471,0,2,1,0.9976812175610232,0.5361876588238804,True,bull,bull,False,,
2013-11-05,2013-11-04,3482,3472,0,2,1,0.99964564535297,0.5289764654775951,True,bull,bull,False,,
2013-11-06,2013-11-05,3483,3473,0,1,2,0.9997919811915144,0.5077445391891815,True,bull,bull,False,,
2013-11-07,2013-11-06,3484,3474,0,1,2,0.9999991553581772,0.51129476588903,True,bull,bull,False,,
2013-11-08,2013-11-07,3485,3475,2,1,2,0.9999851689143532,0.2580911050029152,False,neutral,bull,True,BULL_TO_NEUTRAL,
2013-11-11,2013-11-08,3486,3476,0,1,2,0.9999024651920096,0.2523954268041357,False,neutral,neutral,False,,
2013-11-12,2013-11-11,3487,3477,0,2,1,0.9995760144920858,0.5372300074473406,True,bull,neutral,True,NEUTRAL_TO_BULL,
2013-11-13,2013-11-12,3488,3478,1,2,0,0.9997579892969444,0.5207687281790836,True,bull,bull,False,,
2013-11-14,2013-11-13,3489,3479,0,2,1,0.9836110755270732,0.4518734860325645,False,neutral,bull,True,BULL_TO_NEUTRAL,
2013-11-15,2013-11-14,3490,3480,0,1,2,0.7763958943270605,0.5126285969424572,True,bull,neutral,True,NEUTRAL_TO_BULL,
2013-11-18,2013-11-15,3491,3481,0,1,2,0.0430741605556552,0.5207312783560897,False,neutral,bull,True,BULL_TO_NEUTRAL,
2013-11-19,2013-11-18,3492,3482,2,1,2,0.9999996585101084,0.3362517234580094,False,neutral,neutral,False,,
2013-11-20,2013-11-19,3493,3483,0,1,0,0.999999999993444,0.3276568455623529,False,neutral,neutral,False,,
2013-11-21,2013-11-20,3494,3484,2,1,0,1.0,0.3333051477575761,False,neutral,neutral,False,,
2013-11-22,2013-11-21,3495,3485,0,2,0,0.1188141035710838,0.3655290332372467,False,neutral,neutral,False,,
2013-11-25,2013-11-22,3496,3486,0,2,1,0.7426285051178555,0.5123993661022475,True,bull,neutral,True,NEUTRAL_TO_BULL,
2013-11-26,2013-11-25,3497,3487,1,2,1,0.8254543665700773,0.5303665048684965,True,bull,bull,False,,
2013-11-27,2013-11-26,3498,3488,0,2,1,0.9945878293657342,0.5375259755446051,True,bull,bull,False,,
2013-11-29,2013-11-27,3499,3489,0,2,1,0.9961855190982448,0.5363368429737816,True,bull,bull,False,,
2013-12-02,2013-11-29,3500,3490,0,2,0,0.9928518643878026,0.5335628433076353,True,bull,bull,False,,
2013-12-03,2013-12-02,3501,3491,0,1,2,0.9928603554009884,0.515005468331074,True,bull,bull,False,,
2013-12-04,2013-12-03,3502,3492,0,2,1,0.9954733064380102,0.4885800879970353,False,neutral,bull,True,BULL_TO_NEUTRAL,
2013-12-05,2013-12-04,3503,3493,0,2,0,0.9988815282810142,0.5368192431466723,True,bull,neutral,True,NEUTRAL_TO_BULL,
2013-12-06,2013-12-05,3504,3494,0,1,0,0.9999517780069644,0.4880469180054749,False,neutral,bull,True,BULL_TO_NEUTRAL,
2013-12-09,2013-12-06,3505,3495,0,2,0,0.999947660440852,0.3464537596116203,False,neutral,neutral,False,,
2013-12-10,2013-12-09,3506,3496,0,2,0,0.9996130927974612,0.5362021400059014,True,bull,neutral,True,NEUTRAL_TO_BULL,
2013-12-11,2013-12-10,3507,3497,0,2,0,0.9995530848928824,0.500264518631579,True,bull,bull,False,,
2013-12-12,2013-12-11,3508,3498,2,1,2,0.985532865889344,0.3017575359207972,False,neutral,bull,True,BULL_TO_NEUTRAL,
2013-12-13,2013-12-12,3509,3499,0,1,0,0.88737386914716,0.5062643498622361,True,bull,neutral,True,NEUTRAL_TO_BULL,
2013-12-16,2013-12-13,3510,3500,0,2,0,0.7698324430133249,0.53754738940942,True,bull,bull,False,,
2013-12-17,2013-12-16,3511,3501,1,2,1,0.8201557642736984,0.4939521814894534,False,neutral,bull,True,BULL_TO_NEUTRAL,
2013-12-18,2013-12-17,3512,3502,0,1,0,0.7630708551618994,0.5064030748290881,True,bull,neutral,True,NEUTRAL_TO_BULL,
2013-12-19,2013-12-18,3513,3503,2,1,2,0.2168371454539334,0.113964419310062,False,neutral,bull,True,BULL_TO_NEUTRAL,
2013-12-20,2013-12-19,3514,3504,0,1,2,0.9871138215019916,0.3217087275899662,False,neutral,neutral,False,,
2013-12-23,2013-12-20,3515,3505,0,1,2,0.9999999999993332,0.3168405413271867,False,neutral,neutral,False,,
2013-12-24,2013-12-23,3516,3506,1,2,0,0.99929914545226,0.33491531254209,False,neutral,neutral,False,,
2013-12-26,2013-12-24,3517,3507,2,1,0,0.9511819515869948,0.3191924053023998,False,neutral,neutral,False,,
2013-12-27,2013-12-26,3518,3508,2,1,0,0.7969016333746507,0.3325388576305443,False,neutral,neutral,False,,
2013-12-30,2013-12-27,3519,3509,1,2,0,0.8214116937222294,0.3198087103638659,False,neutral,neutral,False,,
2013-12-31,2013-12-30,3520,3510,2,1,0,0.9788289621313484,0.3192786310142502,False,neutral,neutral,False,,
2014-01-02,2013-12-31,3521,3511,2,1,0,0.9939211166128644,0.3320183388587892,False,neutral,neutral,False,,
2014-01-03,2014-01-02,3522,3512,1,2,0,0.120016810403664,0.3970078749169028,False,neutral,neutral,False,,
2014-01-06,2014-01-03,3523,3513,0,2,0,0.9557698012209817,0.5354262910863105,True,bull,neutral,True,NEUTRAL_TO_BULL,
2014-01-07,2014-01-06,3524,3514,0,1,0,0.9924015761823576,0.5097316398913301,True,bull,bull,False,,
2014-01-08,2014-01-07,3525,3515,0,2,0,0.9999372775868436,0.4910725427946129,False,neutral,bull,True,BULL_TO_NEUTRAL,
2014-01-09,2014-01-08,3526,3516,0,1,0,0.9999835479570698,0.5376757737408443,True,bull,neutral,True,NEUTRAL_TO_BULL,
2014-01-10,2014-01-09,3527,3517,0,2,0,0.9999933995107878,0.5386941437350725,True,bull,bull,False,,
2014-01-13,2014-01-10,3528,3518,0,1,0,0.999984920653478,0.5310023057385369,True,bull,bull,False,,
2014-01-14,2014-01-13,3529,3519,0,2,0,0.996427243150786,0.2373132832717362,False,neutral,bull,True,BULL_TO_NEUTRAL,
2014-01-15,2014-01-14,3530,3520,0,1,0,0.9970104149816296,0.3531895377668054,False,neutral,neutral,False,,
2014-01-16,2014-01-15,3531,3521,2,1,2,0.9965830300378224,0.5059950292898908,True,bull,neutral,True,NEUTRAL_TO_BULL,
2014-01-17,2014-01-16,3532,3522,0,2,0,0.9904524652347384,0.5287549584680332,True,bull,bull,False,,
2014-01-21,2014-01-17,3533,3523,0,1,0,0.993311190981427,0.4895343527983209,False,neutral,bull,True,BULL_TO_NEUTRAL,
2014-01-22,2014-01-21,3534,3524,0,1,0,0.998720680655068,0.5328875619725416,True,bull,neutral,True,NEUTRAL_TO_BULL,
2014-01-23,2014-01-22,3535,3525,0,2,0,0.9981739553959376,0.5382908516618039,True,bull,bull,False,,
2014-01-24,2014-01-23,3536,3526,2,1,2,0.9943231902296426,0.3977592694822646,False,neutral,bull,True,BULL_TO_NEUTRAL,
2014-01-27,2014-01-24,3537,3527,2,1,0,0.992411932831565,0.3547317863569502,False,neutral,neutral,False,,
2014-01-28,2014-01-27,3538,3528,0,1,2,0.4494232002212306,0.3474006009387659,False,neutral,neutral,False,,
2014-01-29,2014-01-28,3539,3529,1,2,0,0.2064774493662382,0.3426108824212054,False,neutral,neutral,False,,
2014-01-30,2014-01-29,3540,3530,2,2,0,0.950467988528898,0.2489051115490939,False,neutral,neutral,False,,
2014-01-31,2014-01-30,3541,3531,2,2,0,0.927926893325833,0.2282192224749814,False,neutral,neutral,False,,
2014-02-03,2014-01-31,3542,3532,2,2,0,0.8939700611038464,0.1867493286227917,False,neutral,neutral,False,,
2014-02-04,2014-02-03,3543,3533,2,2,0,0.9779875070673112,0.6361834654055509,True,bear,neutral,True,NEUTRAL_TO_BEAR,
2014-02-05,2014-02-04,3544,3534,1,1,0,0.9639501507590982,0.174114900602273,False,neutral,bear,True,BEAR_TO_NEUTRAL,
2014-02-06,2014-02-05,3545,3535,2,2,0,0.686496613780162,0.1491849441713059,False,neutral,neutral,False,,
2014-02-07,2014-02-06,3546,3536,1,2,0,0.990016183156172,0.4472418340259751,False,neutral,neutral,False,,
2014-02-10,2014-02-07,3547,3537,2,0,2,0.1997136437156864,0.337751618539546,False,neutral,neutral,False,,
2014-02-11,2014-02-10,3548,3538,1,2,0,0.8485975151724403,0.3187957742449816,False,neutral,neutral,False,,
2014-02-12,2014-02-11,3549,3539,2,1,0,0.3575287077173927,0.4128950723092089,False,neutral,neutral,False,,
2014-02-13,2014-02-12,3550,3540,1,2,0,0.1203422968005978,0.318022127983524,False,neutral,neutral,False,,
2014-02-14,2014-02-13,3551,3541,1,1,0,0.9709221268770302,0.1567067005155073,False,neutral,neutral,False,,
2014-02-18,2014-02-14,3552,3542,2,2,0,0.9936865535743392,0.1591836214324566,False,neutral,neutral,False,,
2014-02-19,2014-02-18,3553,3543,2,2,0,0.9870273742591578,0.1442215165064599,False,neutral,neutral,False,,
2014-02-20,2014-02-19,3554,3544,2,2,0,0.9412947490541445,0.1979503262320712,False,neutral,neutral,False,,
2014-02-21,2014-02-20,3555,3545,0,1,2,0.6246259087760456,0.3424404471266027,False,neutral,neutral,False,,
2014-02-24,2014-02-21,3556,3546,1,2,0,0.999555524262112,0.3218800219758078,False,neutral,neutral,False,,
2014-02-25,2014-02-24,3557,3547,1,2,0,0.9787186328626092,0.3390503535629095,False,neutral,neutral,False,,
2014-02-26,2014-02-25,3558,3548,2,1,2,0.9444438343644754,0.533639393969598,True,bull,neutral,True,NEUTRAL_TO_BULL,
2014-02-27,2014-02-26,3559,3549,2,1,2,0.9872586249925436,0.5356806373303042,True,bull,bull,False,,
2014-02-28,2014-02-27,3560,3550,0,1,0,0.9957859799186652,0.5063623934073483,True,bull,bull,False,,
2014-03-03,2014-02-28,3561,3551,0,2,0,0.9820029911506865,0.5345166606227049,True,bull,bull,False,,
2014-03-04,2014-03-03,3562,3552,0,1,0,0.9859654364733476,0.4280401836778473,False,neutral,bull,True,BULL_TO_NEUTRAL,
2014-03-05,2014-03-04,3563,3553,1,2,1,0.5243191357448558,0.2255892095866969,False,neutral,neutral,False,,
2014-03-06,2014-03-05,3564,3554,0,2,0,0.3670261806181306,0.5370646907131543,True,bull,neutral,True,NEUTRAL_TO_BULL,
2014-03-07,2014-03-06,3565,3555,0,2,1,1.0,0.3200653467194584,False,neutral,bull,True,BULL_TO_NEUTRAL,
2014-03-10,2014-03-07,3566,3556,1,2,0,0.9942712582400882,0.3183181605848535,False,neutral,neutral,False,,
2014-03-11,2014-03-10,3567,3557,0,1,2,0.9986953760514242,0.3204254002017637,False,neutral,neutral,False,,
2014-03-12,2014-03-11,3568,3558,0,2,1,0.5875867801356004,0.347472691226655,False,neutral,neutral,False,,
2014-03-13,2014-03-12,3569,3559,0,2,1,0.1139441894242584,0.3190652877983468,False,neutral,neutral,False,,
2014-03-14,2014-03-13,3570,3560,0,1,0,0.7310686504749018,0.303841819227544,False,neutral,neutral,False,,
2014-03-17,2014-03-14,3571,3561,2,1,0,0.9138545418364789,0.3312529196278283,False,neutral,neutral,False,,
2014-03-18,2014-03-17,3572,3562,2,1,0,0.4243041841001899,0.3820686842753948,False,neutral,neutral,False,,
2014-03-19,2014-03-18,3573,3563,0,2,0,0.5711579545683428,0.468873664758852,False,neutral,neutral,False,,
2014-03-20,2014-03-19,3574,3564,0,2,1,0.624080995007272,0.469376650691704,False,neutral,neutral,False,,
2014-03-21,2014-03-20,3575,3565,0,2,1,0.7176955918279895,0.4959818118465061,False,neutral,neutral,False,,
2014-03-24,2014-03-21,3576,3566,0,2,1,0.859147336888346,0.3969510881023109,False,neutral,neutral,False,,
2014-03-25,2014-03-24,3577,3567,1,2,0,0.9246885214899416,0.4921656833150821,False,neutral,neutral,False,,
2014-03-26,2014-03-25,3578,3568,0,1,2,0.9478152660149312,0.5128368896769298,True,bull,neutral,True,NEUTRAL_TO_BULL,
2014-03-27,2014-03-26,3579,3569,1,2,0,0.9335886411155112,0.4249342386509241,False,neutral,bull,True,BULL_TO_NEUTRAL,
2014-03-28,2014-03-27,3580,3570,0,2,1,0.858329361323372,0.5202893637212412,True,bull,neutral,True,NEUTRAL_TO_BULL,
2014-03-31,2014-03-28,3581,3571,0,1,2,0.9399785449414412,0.509723856904205,True,bull,bull,False,,
2014-04-01,2014-03-31,3582,3572,0,1,2,0.911477494518849,0.4422166490870464,False,neutral,bull,True,BULL_TO_NEUTRAL,
2014-04-02,2014-04-01,3583,3573,0,1,2,0.7808581482612494,0.4789928624027367,False,neutral,neutral,False,,
2014-04-03,2014-04-02,3584,3574,0,1,2,0.0813337444149711,0.5280739310233347,False,neutral,neutral,False,,
2014-04-04,2014-04-03,3585,3575,0,2,0,0.9999999082021688,0.3220882792304865,False,neutral,neutral,False,,
2014-04-07,2014-04-04,3586,3576,2,1,0,0.9875477458772548,0.4137744841222719,False,neutral,neutral,False,,
2014-04-08,2014-04-07,3587,3577,2,1,0,0.999354421253998,0.4068811394788141,False,neutral,neutral,False,,
2014-04-09,2014-04-08,3588,3578,2,1,0,0.996571229264405,0.3286506217784447,False,neutral,neutral,False,,
2014-04-10,2014-04-09,3589,3579,2,1,0,0.9993709155434226,0.4115919929348522,False,neutral,neutral,False,,
2014-04-11,2014-04-10,3590,3580,1,2,0,0.948817120648626,0.3539306017871348,False,neutral,neutral,False,,
2014-04-14,2014-04-11,3591,3581,2,1,0,0.3529814011416782,0.387944983020297,False,neutral,neutral,False,,
2014-04-15,2014-04-14,3592,3582,2,1,0,0.1870390431159938,0.3670335622185437,False,neutral,neutral,False,,
2014-04-16,2014-04-15,3593,3583,2,1,2,0.348787180733714,0.3550127681011714,False,neutral,neutral,False,,
2014-04-17,2014-04-16,3594,3584,2,1,2,0.7544781534559339,0.4085436225387487,False,neutral,neutral,False,,
2014-04-21,2014-04-17,3595,3585,2,1,2,0.9859328998810732,0.3185210310318484,False,neutral,neutral,False,,
2014-04-22,2014-04-21,3596,3586,2,1,2,0.9637393544973868,0.3257385662891464,False,neutral,neutral,False,,
2014-04-23,2014-04-22,3597,3587,2,1,0,0.7845292226729255,0.3316132524237243,False,neutral,neutral,False,,
2014-04-24,2014-04-23,3598,3588,0,1,0,0.6432521136189212,0.3277094225277294,False,neutral,neutral,False,,
2014-04-25,2014-04-24,3599,3589,2,1,0,0.3848291883581313,0.3213005878232786,False,neutral,neutral,False,,
2014-04-28,2014-04-25,3600,3590,1,2,1,0.7269227755631235,0.3767255618626474,False,neutral,neutral,False,,
2014-04-29,2014-04-28,3601,3591,2,0,2,0.9999911476934596,0.3252189823435265,False,neutral,neutral,False,,
2014-04-30,2014-04-29,3602,3592,1,2,1,0.1184024796999267,0.3345247904529968,False,neutral,neutral,False,,
2014-05-01,2014-04-30,3603,3593,0,1,0,0.999425101743499,0.5262948629098436,True,bull,neutral,True,NEUTRAL_TO_BULL,
2014-05-02,2014-05-01,3604,3594,0,1,2,0.999822027209617,0.5323589303256073,True,bull,bull,False,,
2014-05-05,2014-05-02,3605,3595,0,1,2,0.9999846503617672,0.5204537632947523,True,bull,bull,False,,
2014-05-06,2014-05-05,3606,3596,0,1,0,0.9999616133444033,0.5368900686243013,True,bull,bull,False,,
2014-05-07,2014-05-06,3607,3597,2,1,0,0.9997251124168056,0.3841088141094735,False,neutral,bull,True,BULL_TO_NEUTRAL,
2014-05-08,2014-05-07,3608,3598,0,2,1,0.999711795489533,0.4939602286922973,False,neutral,neutral,False,,
2014-05-09,2014-05-08,3609,3599,0,1,0,0.9997544645116636,0.5304659235815434,True,bull,neutral,True,NEUTRAL_TO_BULL,
2014-05-12,2014-05-09,3610,3600,0,2,0,0.9999998117424188,0.537791300267949,True,bull,bull,False,,
2014-05-13,2014-05-12,3611,3601,0,2,0,0.9996842993797712,0.3935894020471207,False,neutral,bull,True,BULL_TO_NEUTRAL,
2014-05-14,2014-05-13,3612,3602,0,2,0,0.9855666539759846,0.5386438582287718,True,bull,neutral,True,NEUTRAL_TO_BULL,
2014-05-15,2014-05-14,3613,3603,0,1,0,0.9782104530506858,0.4800292273731048,False,neutral,bull,True,BULL_TO_NEUTRAL,
2014-05-16,2014-05-15,3614,3604,0,2,0,0.9579891829458708,0.3804843808140107,False,neutral,neutral,False,,
2014-05-19,2014-05-16,3615,3605,2,1,2,0.9578662536928266,0.5277547624988639,True,bull,neutral,True,NEUTRAL_TO_BULL,
2014-05-20,2014-05-19,3616,3606,0,1,0,0.952851841935046,0.525988842244501,True,bull,bull,False,,
2014-05-21,2014-05-20,3617,3607,0,2,0,0.9891015265196432,0.4465561997176455,False,neutral,bull,True,BULL_TO_NEUTRAL,
2014-05-22,2014-05-21,3618,3608,2,1,2,0.9881089334650626,0.4345722966101547,False,neutral,neutral,False,,
2014-05-23,2014-05-22,3619,3609,2,1,2,0.987862811948267,0.535397502763892,True,bull,neutral,True,NEUTRAL_TO_BULL,
2014-05-27,2014-05-23,3620,3610,0,2,0,0.9600703135883124,0.5229181385772854,True,bull,bull,False,,
2014-05-28,2014-05-27,3621,3611,0,2,0,0.543700496762265,0.4904524806827179,False,neutral,bull,True,BULL_TO_NEUTRAL,
2014-05-29,2014-05-28,3622,3612,0,1,0,0.0449483324917938,0.5327832947585707,False,neutral,neutral,False,,
2014-05-30,2014-05-29,3623,3613,0,2,1,0.9952638011203192,0.3352878379174056,False,neutral,neutral,False,,
2014-06-02,2014-05-30,3624,3614,0,2,1,0.987343107262898,0.3184049994418365,False,neutral,neutral,False,,
2014-06-03,2014-06-02,3625,3615,1,2,0,0.9810060060950814,0.3181455701967878,False,neutral,neutral,False,,
2014-06-04,2014-06-03,3626,3616,2,1,0,0.9842656143312104,0.319974539128509,False,neutral,neutral,False,,
2014-06-05,2014-06-04,3627,3617,1,2,0,0.9653220051647942,0.3194789560603946,False,neutral,neutral,False,,
2014-06-06,2014-06-05,3628,3618,2,1,0,0.9083067122142604,0.3503537317719684,False,neutral,neutral,False,,
2014-06-09,2014-06-06,3629,3619,0,2,1,0.9720341576613114,0.3332212924203279,False,neutral,neutral,False,,
2014-06-10,2014-06-09,3630,3620,1,2,0,0.9735249932227384,0.3183939924782977,False,neutral,neutral,False,,
2014-06-11,2014-06-10,3631,3621,2,1,0,1.0,0.3189890591531705,False,neutral,neutral,False,,
2014-06-12,2014-06-11,3632,3622,0,2,1,0.5613406093042171,0.33512184594063,False,neutral,neutral,False,,
2014-06-13,2014-06-12,3633,3623,0,2,1,0.2653199000077106,0.3705038367575445,False,neutral,neutral,False,,
2014-06-16,2014-06-13,3634,3624,0,1,0,0.898632918923338,0.5316114699982654,True,bull,neutral,True,NEUTRAL_TO_BULL,
2014-06-17,2014-06-16,3635,3625,2,1,2,0.9711842898945572,0.5380628582112775,True,bull,bull,False,,
2014-06-18,2014-06-17,3636,3626,0,1,0,0.9984609215042612,0.5331502540145316,True,bull,bull,False,,
2014-06-19,2014-06-18,3637,3627,1,0,1,0.9987437452330288,0.4641802638094446,False,neutral,bull,True,BULL_TO_NEUTRAL,
2014-06-20,2014-06-19,3638,3628,0,1,0,0.9873184124699628,0.5383684394319004,True,bull,neutral,True,NEUTRAL_TO_BULL,
2014-06-23,2014-06-20,3639,3629,2,1,2,0.9785647543957596,0.5129758944770979,True,bull,bull,False,,
2014-06-24,2014-06-23,3640,3630,0,1,0,0.9720746312505956,0.5351578524326663,True,bull,bull,False,,
2014-06-25,2014-06-24,3641,3631,0,1,0,0.9724078625179948,0.4533528650137003,False,neutral,bull,True,BULL_TO_NEUTRAL,
2014-06-26,2014-06-25,3642,3632,2,1,2,0.9691897828616056,0.5165799642193744,True,bull,neutral,True,NEUTRAL_TO_BULL,
2014-06-27,2014-06-26,3643,3633,1,2,1,0.998719521313282,0.5325522032904777,True,bull,bull,False,,
2014-06-30,2014-06-27,3644,3634,1,2,1,0.9999576098566618,0.5368284817537357,True,bull,bull,False,,
2014-07-01,2014-06-30,3645,3635,0,2,0,0.9999999908927328,0.5334117568447276,True,bull,bull,False,,
2014-07-02,2014-07-01,3646,3636,0,2,0,0.9999990957954544,0.4795863305402161,False,neutral,bull,True,BULL_TO_NEUTRAL,
2014-07-03,2014-07-02,3647,3637,0,1,0,0.9998073246177606,0.537861076373868,True,bull,neutral,True,NEUTRAL_TO_BULL,
2014-07-07,2014-07-03,3648,3638,0,1,0,0.9567179365428552,0.5124869878266042,True,bull,bull,False,,
2014-07-08,2014-07-07,3649,3639,0,1,0,0.8933693642123954,0.5014302575484095,True,bull,bull,False,,
2014-07-09,2014-07-08,3650,3640,0,1,0,0.9034891449573054,0.4419877937019166,False,neutral,bull,True,BULL_TO_NEUTRAL,
2014-07-10,2014-07-09,3651,3641,0,2,0,0.9849501920462976,0.5173453704724128,True,bull,neutral,True,NEUTRAL_TO_BULL,
2014-07-11,2014-07-10,3652,3642,1,2,1,0.99473179329085,0.4939158409626413,False,neutral,bull,True,BULL_TO_NEUTRAL,
2014-07-14,2014-07-11,3653,3643,0,2,0,0.9995666611762566,0.5382039574972884,True,bull,neutral,True,NEUTRAL_TO_BULL,
2014-07-15,2014-07-14,3654,3644,0,1,0,0.9998789490859292,0.5097532406615555,True,bull,bull,False,,
2014-07-16,2014-07-15,3655,3645,0,1,2,0.9999997762584312,0.5204897893137123,True,bull,bull,False,,
2014-07-17,2014-07-16,3656,3646,0,1,0,0.9999961448400966,0.5268904410292876,True,bull,bull,False,,
2014-07-18,2014-07-17,3657,3647,0,1,0,0.9991505507216843,0.2959722260730083,False,neutral,bull,True,BULL_TO_NEUTRAL,
2014-07-21,2014-07-18,3658,3648,0,2,0,0.9998709940893534,0.3757637763409425,False,neutral,neutral,False,,
2014-07-22,2014-07-21,3659,3649,0,1,0,0.999911143004766,0.5228965157074149,True,bull,neutral,True,NEUTRAL_TO_BULL,
2014-07-23,2014-07-22,3660,3650,0,1,0,0.99970497512679,0.5178145958535132,True,bull,bull,False,,
2014-07-24,2014-07-23,3661,3651,2,1,2,0.994217838096751,0.5354009260003934,True,bull,bull,False,,
2014-07-25,2014-07-24,3662,3652,1,2,1,0.9925984887493864,0.5364001641038444,True,bull,bull,False,,
2014-07-28,2014-07-25,3663,3653,0,1,0,0.9979365453261014,0.4800247940450003,False,neutral,bull,True,BULL_TO_NEUTRAL,
2014-07-29,2014-07-28,3664,3654,0,1,0,0.9979203479365408,0.5374505564142047,True,bull,neutral,True,NEUTRAL_TO_BULL,
2014-07-30,2014-07-29,3665,3655,0,2,0,0.9967070941848098,0.4873950145684582,False,neutral,bull,True,BULL_TO_NEUTRAL,
2014-07-31,2014-07-30,3666,3656,0,1,0,0.9952371738963168,0.5372674874791941,True,bull,neutral,True,NEUTRAL_TO_BULL,
2014-08-01,2014-07-31,3667,3657,2,1,0,0.999987421586045,0.3781657331254608,False,neutral,bull,True,BULL_TO_NEUTRAL,
2014-08-04,2014-08-01,3668,3658,0,2,1,0.6894966376454738,0.3318725805743179,False,neutral,neutral,False,,
2014-08-05,2014-08-04,3669,3659,2,1,0,0.4547663831554034,0.359266152964759,False,neutral,neutral,False,,
2014-08-06,2014-08-05,3670,3660,2,1,0,0.1920986764392959,0.398067586717533,False,neutral,neutral,False,,
2014-08-07,2014-08-06,3671,3661,1,2,0,0.1684171118253121,0.3179475255040562,False,neutral,neutral,False,,
2014-08-08,2014-08-07,3672,3662,2,1,0,0.1800249487596551,0.351995721290532,False,neutral,neutral,False,,
2014-08-11,2014-08-08,3673,3663,0,2,1,0.4171108060825309,0.4258974031532606,False,neutral,neutral,False,,
2014-08-12,2014-08-11,3674,3664,2,1,0,0.9009226836802882,0.3219841664344006,False,neutral,neutral,False,,
2014-08-13,2014-08-12,3675,3665,2,1,0,0.9999776173667372,0.3229353737880197,False,neutral,neutral,False,,
2014-08-14,2014-08-13,3676,3666,0,2,1,0.1126803300862319,0.3533791321420723,False,neutral,neutral,False,,
2014-08-15,2014-08-14,3677,3667,1,2,0,0.8968571837942062,0.3328535768630634,False,neutral,neutral,False,,
2014-08-18,2014-08-15,3678,3668,0,2,1,0.9999975339559178,0.319083185962735,False,neutral,neutral,False,,
2014-08-19,2014-08-18,3679,3669,1,2,0,0.9097703526244076,0.375015442632599,False,neutral,neutral,False,,
2014-08-20,2014-08-19,3680,3670,1,2,0,0.5595415269794458,0.3373368039418805,False,neutral,neutral,False,,
2014-08-21,2014-08-20,3681,3671,2,1,0,0.3378481585723113,0.3217228172342892,False,neutral,neutral,False,,
2014-08-22,2014-08-21,3682,3672,2,1,0,0.5340139486806832,0.322826374635878,False,neutral,neutral,False,,
2014-08-25,2014-08-22,3683,3673,1,2,0,0.6057859832725381,0.3239775120509334,False,neutral,neutral,False,,
2014-08-26,2014-08-25,3684,3674,1,2,0,0.6251314186199999,0.3369520457684577,False,neutral,neutral,False,,
2014-08-27,2014-08-26,3685,3675,1,2,0,0.9121398393137352,0.3185044163872181,False,neutral,neutral,False,,
2014-08-28,2014-08-27,3686,3676,0,1,2,0.9952948131383792,0.3201369198187318,False,neutral,neutral,False,,
2014-08-29,2014-08-28,3687,3677,0,1,2,1.0,0.320480650115129,False,neutral,neutral,False,,
2014-09-02,2014-08-29,3688,3678,0,2,0,0.9446931703931846,0.5336963295828079,True,bull,neutral,True,NEUTRAL_TO_BULL,
2014-09-03,2014-09-02,3689,3679,0,1,0,0.9995669431549594,0.5345131199351009,True,bull,bull,False,,
2014-09-04,2014-09-03,3690,3680,0,2,0,0.9999994563014788,0.533563068580731,True,bull,bull,False,,
2014-09-05,2014-09-04,3691,3681,1,2,1,0.9999999999998932,0.5277115882729727,True,bull,bull,False,,
2014-09-08,2014-09-05,3692,3682,0,1,0,0.9999999999940176,0.5175946899550032,True,bull,bull,False,,
2014-09-09,2014-09-08,3693,3683,1,2,1,1.0,0.5141659652460551,True,bull,bull,False,,
2014-09-10,2014-09-09,3694,3684,1,2,1,0.9999999999999744,0.4432499551536084,False,neutral,bull,True,BULL_TO_NEUTRAL,
2014-09-11,2014-09-10,3695,3685,2,1,2,0.9999999999997844,0.5266840159665012,True,bull,neutral,True,NEUTRAL_TO_BULL,
2014-09-12,2014-09-11,3696,3686,0,1,0,0.9999999999998208,0.5393393227764315,True,bull,bull,False,,
2014-09-15,2014-09-12,3697,3687,0,1,0,0.9999994972003722,0.4572232259082553,False,neutral,bull,True,BULL_TO_NEUTRAL,
2014-09-16,2014-09-15,3698,3688,1,2,1,0.9999536935425728,0.5332801919020307,True,bull,neutral,True,NEUTRAL_TO_BULL,
2014-09-17,2014-09-16,3699,3689,0,2,0,0.9999688702256307,0.4575817277621175,False,neutral,bull,True,BULL_TO_NEUTRAL,
2014-09-18,2014-09-17,3700,3690,2,1,2,0.9999310931528342,0.5391000248502416,True,bull,neutral,True,NEUTRAL_TO_BULL,
2014-09-19,2014-09-18,3701,3691,0,1,0,0.9927388900327186,0.5048489102624352,True,bull,bull,False,,
2014-09-22,2014-09-19,3702,3692,1,2,1,0.9962241441126352,0.4639235761638899,False,neutral,bull,True,BULL_TO_NEUTRAL,
2014-09-23,2014-09-22,3703,3693,0,2,0,0.9907469358803208,0.4092651311830027,False,neutral,neutral,False,,
2014-09-24,2014-09-23,3704,3694,0,2,0,0.8871112305687036,0.4604755241735186,False,neutral,neutral,False,,
2014-09-25,2014-09-24,3705,3695,2,1,2,0.8814014120541341,0.4494803085195827,False,neutral,neutral,False,,
2014-09-26,2014-09-25,3706,3696,2,1,0,0.999999331164494,0.4200416545138981,False,neutral,neutral,False,,
2014-09-29,2014-09-26,3707,3697,2,1,0,0.9997766329535536,0.3694668844011185,False,neutral,neutral,False,,
2014-09-30,2014-09-29,3708,3698,0,1,2,0.9957293986637106,0.3252173498311309,False,neutral,neutral,False,,
2014-10-01,2014-09-30,3709,3699,2,1,0,0.9863909896796268,0.3294440437713235,False,neutral,neutral,False,,
2014-10-02,2014-10-01,3710,3700,1,2,0,0.7247156157896916,0.4247946117356777,False,neutral,neutral,False,,
2014-10-03,2014-10-02,3711,3701,1,2,0,0.8274770103155911,0.3189224368129278,False,neutral,neutral,False,,
2014-10-06,2014-10-03,3712,3702,2,1,0,0.983673037622858,0.4181965315658263,False,neutral,neutral,False,,
2014-10-07,2014-10-06,3713,3703,1,2,0,0.9999680445206258,0.3225740613485277,False,neutral,neutral,False,,
2014-10-08,2014-10-07,3714,3704,2,1,0,0.962954709088221,0.4237865043568297,False,neutral,neutral,False,,
2014-10-09,2014-10-08,3715,3705,0,1,2,0.9999999999999982,0.4711431960834478,False,neutral,neutral,False,,
2014-10-10,2014-10-09,3716,3706,0,2,1,0.9813247433406084,0.375460877461251,False,neutral,neutral,False,,
2014-10-13,2014-10-10,3717,3707,2,1,0,0.6068744843757765,0.4139899530556616,False,neutral,neutral,False,,
2014-10-14,2014-10-13,3718,3708,1,1,0,0.9614984986543214,0.4442784142178735,False,neutral,neutral,False,,
2014-10-15,2014-10-14,3719,3709,1,1,0,0.9894655446833472,0.1424763033490759,False,neutral,neutral,False,,
2014-10-16,2014-10-15,3720,3710,1,1,2,0.9984525686833716,0.2000908381741611,False,neutral,neutral,False,,
2014-10-17,2014-10-16,3721,3711,1,1,2,0.9994998144420968,0.1471271955707963,False,neutral,neutral,False,,
2014-10-20,2014-10-17,3722,3712,2,2,0,0.9983991109343888,0.2589674399535323,False,neutral,neutral,False,,
2014-10-21,2014-10-20,3723,3713,1,1,2,0.9882060382043268,0.2137097256746495,False,neutral,neutral,False,,
2014-10-22,2014-10-21,3724,3714,2,2,0,0.9917033601410749,0.5188327485502816,True,bear,neutral,True,NEUTRAL_TO_BEAR,
2014-10-23,2014-10-22,3725,3715,1,1,0,0.8981854934021392,0.205664718711197,False,neutral,bear,True,BEAR_TO_NEUTRAL,
2014-10-24,2014-10-23,3726,3716,1,1,0,0.9708038320759822,0.2544484305309937,False,neutral,neutral,False,,
2014-10-27,2014-10-24,3727,3717,2,2,0,0.9971182751591188,0.1826897837616197,False,neutral,neutral,False,,
2014-10-28,2014-10-27,3728,3718,2,2,0,0.9986888079878158,0.1496789768369583,False,neutral,neutral,False,,
2014-10-29,2014-10-28,3729,3719,2,2,0,0.9995964902880377,0.2518649904374426,False,neutral,neutral,False,,
2014-10-30,2014-10-29,3730,3720,2,2,0,0.9991181539522234,0.150522481481523,False,neutral,neutral,False,,
2014-10-31,2014-10-30,3731,3721,2,2,0,0.9939226025375042,0.1686114637533059,False,neutral,neutral,False,,
2014-11-03,2014-10-31,3732,3722,2,2,0,0.9870362409505586,0.2511511056397542,False,neutral,neutral,False,,
2014-11-04,2014-11-03,3733,3723,1,1,0,0.9597330231279688,0.1449236371231544,False,neutral,neutral,False,,
2014-11-05,2014-11-04,3734,3724,1,1,0,0.9542639966029516,0.1642000240431414,False,neutral,neutral,False,,
2014-11-06,2014-11-05,3735,3725,2,2,0,0.8031463538685076,0.1683194404537645,False,neutral,neutral,False,,
2014-11-07,2014-11-06,3736,3726,2,2,1,0.6822282235585941,0.1508370212911236,False,neutral,neutral,False,,
2014-11-10,2014-11-07,3737,3727,0,1,2,0.4290755234302741,0.3173914700528909,False,neutral,neutral,False,,
2014-11-11,2014-11-10,3738,3728,2,1,0,0.8465278847230081,0.3224516993086233,False,neutral,neutral,False,,
2014-11-12,2014-11-11,3739,3729,0,1,2,0.9266440606502788,0.3175740700320905,False,neutral,neutral,False,,
2014-11-13,2014-11-12,3740,3730,2,1,0,0.9999999973414772,0.3214642878426801,False,neutral,neutral,False,,
2014-11-14,2014-11-13,3741,3731,1,2,0,0.1882369342688767,0.3175741813807064,False,neutral,neutral,False,,
2014-11-17,2014-11-14,3742,3732,2,1,2,0.8645195152548459,0.5355197575519923,True,bull,neutral,True,NEUTRAL_TO_BULL,
2014-11-18,2014-11-17,3743,3733,2,0,2,0.6152580443618713,0.6659480258096919,True,bull,bull,False,,
2014-11-19,2014-11-18,3744,3734,2,1,2,0.9974701577046764,0.4950984628309872,False,neutral,bull,True,BULL_TO_NEUTRAL,
2014-11-20,2014-11-19,3745,3735,1,2,1,0.9998889423108768,0.524786278337004,True,bull,neutral,True,NEUTRAL_TO_BULL,
2014-11-21,2014-11-20,3746,3736,0,1,0,0.9998545648986256,0.5371535525655257,True,bull,bull,False,,
2014-11-24,2014-11-21,3747,3737,2,1,2,0.9917128065422496,0.5034061546588282,True,bull,bull,False,,
2014-11-25,2014-11-24,3748,3738,0,1,0,0.8431244257088687,0.5322734062654666,True,bull,bull,False,,
2014-11-26,2014-11-25,3749,3739,0,2,0,0.6410902331405312,0.531928919874119,True,bull,bull,False,,
2014-11-28,2014-11-26,3750,3740,0,2,0,0.4543240756841379,0.5346711873981382,True,bull,bull,False,,
2014-12-01,2014-11-28,3751,3741,0,1,0,0.641094703223222,0.5201532390860685,True,bull,bull,False,,
2014-12-02,2014-12-01,3752,3742,0,1,0,0.918330809495686,0.4265798799899608,False,neutral,bull,True,BULL_TO_NEUTRAL,
2014-12-03,2014-12-02,3753,3743,2,1,2,0.9950939835327044,0.4824338954110502,False,neutral,neutral,False,,
2014-12-04,2014-12-03,3754,3744,1,2,1,0.9919641727691166,0.5232458749951842,True,bull,neutral,True,NEUTRAL_TO_BULL,
2014-12-05,2014-12-04,3755,3745,2,1,2,0.9995873871602312,0.5298943810959912,True,bull,bull,False,,
2014-12-08,2014-12-05,3756,3746,0,2,0,0.9999941897972938,0.5374794572605721,True,bull,bull,False,,
2014-12-09,2014-12-08,3757,3747,0,2,0,0.999992067065438,0.434862473794898,False,neutral,bull,True,BULL_TO_NEUTRAL,
2014-12-10,2014-12-09,3758,3748,0,1,0,0.9999583122732828,0.5332056395057222,True,bull,neutral,True,NEUTRAL_TO_BULL,
2014-12-11,2014-12-10,3759,3749,1,2,0,0.9678166592980856,0.4208933405111935,False,neutral,bull,True,BULL_TO_NEUTRAL,
2014-12-12,2014-12-11,3760,3750,2,1,0,0.999970671249602,0.3344949689362087,False,neutral,neutral,False,,
2014-12-15,2014-12-12,3761,3751,1,2,0,0.9997288151153316,0.4165871720883602,False,neutral,neutral,False,,
2014-12-16,2014-12-15,3762,3752,1,1,0,0.9592018599787914,0.2034130916507079,False,neutral,neutral,False,,
2014-12-17,2014-12-16,3763,3753,2,2,0,0.9965108440138072,0.2229428311809203,False,neutral,neutral,False,,
2014-12-18,2014-12-17,3764,3754,2,2,1,0.993445038745336,0.5156654653504961,True,bear,neutral,True,NEUTRAL_TO_BEAR,
2014-12-19,2014-12-18,3765,3755,2,2,0,0.9904606954503806,0.6893049522589269,True,bear,bear,False,,
2014-12-22,2014-12-19,3766,3756,2,2,0,0.9808332164623176,0.1504544218104111,False,neutral,bear,True,BEAR_TO_NEUTRAL,
2014-12-23,2014-12-22,3767,3757,2,2,0,0.9870398313588008,0.1550848963767122,False,neutral,neutral,False,,
2014-12-24,2014-12-23,3768,3758,1,1,2,0.9925177775846838,0.1451691947249753,False,neutral,neutral,False,,
2014-12-26,2014-12-24,3769,3759,2,2,0,0.9968244061913016,0.1467353021962084,False,neutral,neutral,False,,
2014-12-29,2014-12-26,3770,3760,1,1,0,0.9987544893511832,0.1491677875163825,False,neutral,neutral,False,,
2014-12-30,2014-12-29,3771,3761,2,2,1,0.9986319033901644,0.1455157662808218,False,neutral,neutral,False,,
2014-12-31,2014-12-30,3772,3762,2,2,1,0.9912966242205082,0.1842407460651672,False,neutral,neutral,False,,
2015-01-02,2014-12-31,3773,3763,2,1,0,0.906414824942159,0.3999501253863475,False,neutral,neutral,False,,
2015-01-05,2015-01-02,3774,3764,0,1,2,0.1217190616337673,0.3218662571944916,False,neutral,neutral,False,,
2015-01-06,2015-01-05,3775,3765,1,2,0,0.8364238093832509,0.4020750947480956,False,neutral,neutral,False,,
2015-01-07,2015-01-06,3776,3766,1,1,0,0.9503034968679326,0.251131463145988,False,neutral,neutral,False,,
2015-01-08,2015-01-07,3777,3767,1,1,2,0.974949909065526,0.2832347235233668,False,neutral,neutral,False,,
2015-01-09,2015-01-08,3778,3768,1,1,0,0.9637438014856275,0.4562080428793302,False,neutral,neutral,False,,
2015-01-12,2015-01-09,3779,3769,2,2,0,0.944517151640649,0.2237814821892557,False,neutral,neutral,False,,
2015-01-13,2015-01-12,3780,3770,2,2,0,0.8844838145469491,0.2208154919164944,False,neutral,neutral,False,,
2015-01-14,2015-01-13,3781,3771,1,1,2,0.6039212985404984,0.162167894656586,False,neutral,neutral,False,,
2015-01-15,2015-01-14,3782,3772,2,1,0,0.8062370219243478,0.3579328694276912,False,neutral,neutral,False,,
2015-01-16,2015-01-15,3783,3773,2,1,0,0.618556058436061,0.3922631481017535,False,neutral,neutral,False,,
2015-01-20,2015-01-16,3784,3774,1,2,0,0.9102370053695328,0.4468712845518764,False,neutral,neutral,False,,
2015-01-21,2015-01-20,3785,3775,0,1,2,0.9036951063842024,0.3193187360910082,False,neutral,neutral,False,,
2015-01-22,2015-01-21,3786,3776,1,2,0,0.9777793662965764,0.3351001473706703,False,neutral,neutral,False,,
2015-01-23,2015-01-22,3787,3777,2,1,0,0.7135229492423149,0.4648301737158359,False,neutral,neutral,False,,
2015-01-26,2015-01-23,3788,3778,1,2,0,0.8497358697934183,0.3529983492782024,False,neutral,neutral,False,,
2015-01-27,2015-01-26,3789,3779,1,2,0,0.712846260218298,0.3185751433672484,False,neutral,neutral,False,,
2015-01-28,2015-01-27,3790,3780,2,1,0,0.7165915618549725,0.4238882258062957,False,neutral,neutral,False,,
2015-01-29,2015-01-28,3791,3781,2,1,0,0.5140472764100539,0.4219743195685602,False,neutral,neutral,False,,
2015-01-30,2015-01-29,3792,3782,2,1,0,0.6055705467802637,0.3842287126593018,False,neutral,neutral,False,,
2015-02-02,2015-01-30,3793,3783,1,2,0,0.7026547303238214,0.4214188956355684,False,neutral,neutral,False,,
2015-02-03,2015-02-02,3794,3784,0,1,2,0.7245151301602909,0.4332625238339375,False,neutral,neutral,False,,
2015-02-04,2015-02-03,3795,3785,2,1,0,0.6297830914041256,0.4609499620109751,False,neutral,neutral,False,,
2015-02-05,2015-02-04,3796,3786,1,2,0,0.6005556068528267,0.3381709194748178,False,neutral,neutral,False,,
2015-02-06,2015-02-05,3797,3787,2,1,0,0.5969438303104619,0.3985948521702975,False,neutral,neutral,False,,
2015-02-09,2015-02-06,3798,3788,0,1,2,0.5193888894850704,0.33012085025664,False,neutral,neutral,False,,
2015-02-10,2015-02-09,3799,3789,0,1,2,0.6190442314771896,0.3439646147611073,False,neutral,neutral,False,,
2015-02-11,2015-02-10,3800,3790,2,1,0,0.2923218788503763,0.4077985084510983,False,neutral,neutral,False,,
2015-02-12,2015-02-11,3801,3791,2,1,0,0.4125501344326044,0.3177455559462687,False,neutral,neutral,False,,
2015-02-13,2015-02-12,3802,3792,0,2,1,0.1712220590182681,0.3914223875234053,False,neutral,neutral,False,,
2015-02-17,2015-02-13,3803,3793,0,2,1,0.561966447191471,0.3270898744852188,False,neutral,neutral,False,,
2015-02-18,2015-02-17,3804,3794,1,2,0,0.7477380518164536,0.3171861990589682,False,neutral,neutral,False,,
2015-02-19,2015-02-18,3805,3795,2,1,0,0.5961772735308019,0.3176027991059213,False,neutral,neutral,False,,
2015-02-20,2015-02-19,3806,3796,0,1,2,0.8116661422654894,0.3192454073735614,False,neutral,neutral,False,,
2015-02-23,2015-02-20,3807,3797,2,1,0,0.6446211549364348,0.343994526120441,False,neutral,neutral,False,,
2015-02-24,2015-02-23,3808,3798,0,1,2,0.7571449557785079,0.3180309560883346,False,neutral,neutral,False,,
2015-02-25,2015-02-24,3809,3799,1,2,0,0.9986811551762784,0.3210563017107361,False,neutral,neutral,False,,
2015-02-26,2015-02-25,3810,3800,0,2,1,0.9734798473723176,0.320238926238568,False,neutral,neutral,False,,
2015-02-27,2015-02-26,3811,3801,1,2,1,0.9821981486451666,0.5269017502694852,True,bull,neutral,True,NEUTRAL_TO_BULL,
2015-03-02,2015-02-27,3812,3802,1,2,1,0.99967212632531,0.5018661793518672,True,bull,bull,False,,
2015-03-03,2015-03-02,3813,3803,0,2,0,0.9997441304584632,0.4846225946293133,False,neutral,bull,True,BULL_TO_NEUTRAL,
2015-03-04,2015-03-03,3814,3804,0,1,0,0.999973558026504,0.4894650251344406,False,neutral,neutral,False,,
2015-03-05,2015-03-04,3815,3805,1,2,1,0.99998532455473,0.4875932534777919,False,neutral,neutral,False,,
2015-03-06,2015-03-05,3816,3806,1,2,1,0.9999996500480736,0.5367385334626987,True,bull,neutral,True,NEUTRAL_TO_BULL,
2015-03-09,2015-03-06,3817,3807,0,1,0,0.5265208245665909,0.2050291204203135,False,neutral,bull,True,BULL_TO_NEUTRAL,
2015-03-10,2015-03-09,3818,3808,2,1,0,1.0,0.327989873557507,False,neutral,neutral,False,,
2015-03-11,2015-03-10,3819,3809,2,1,0,0.6864932523776954,0.4191729727596818,False,neutral,neutral,False,,
2015-03-12,2015-03-11,3820,3810,1,2,0,0.1828642222434008,0.3267229538568382,False,neutral,neutral,False,,
2015-03-13,2015-03-12,3821,3811,0,2,1,0.2277357142717195,0.4424521964348354,False,neutral,neutral,False,,
2015-03-16,2015-03-13,3822,3812,2,1,0,0.203119597101895,0.3594130761409326,False,neutral,neutral,False,,
2015-03-17,2015-03-16,3823,3813,2,1,0,0.5768019777808994,0.4541154038240506,False,neutral,neutral,False,,
2015-03-18,2015-03-17,3824,3814,0,1,2,0.9060373844601202,0.3316736211851581,False,neutral,neutral,False,,
2015-03-19,2015-03-18,3825,3815,1,2,0,0.8811368455675779,0.4341144178894302,False,neutral,neutral,False,,
2015-03-20,2015-03-19,3826,3816,1,2,0,0.960822049667624,0.3435744714524452,False,neutral,neutral,False,,
2015-03-23,2015-03-20,3827,3817,2,1,0,0.8046394389876227,0.3299092967614218,False,neutral,neutral,False,,
2015-03-24,2015-03-23,3828,3818,2,1,0,0.6715525508317546,0.3242670425191398,False,neutral,neutral,False,,
2015-03-25,2015-03-24,3829,3819,0,1,2,0.9198868260028572,0.3533414032680597,False,neutral,neutral,False,,
2015-03-26,2015-03-25,3830,3820,1,2,0,0.9962319595047838,0.423771428050141,False,neutral,neutral,False,,
2015-03-27,2015-03-26,3831,3821,2,1,0,0.9257489299960334,0.3277226053524172,False,neutral,neutral,False,,
2015-03-30,2015-03-27,3832,3822,2,1,0,0.918225647869525,0.3194575669663033,False,neutral,neutral,False,,
2015-03-31,2015-03-30,3833,3823,2,1,0,0.920418256853996,0.4370883165565041,False,neutral,neutral,False,,
2015-04-01,2015-03-31,3834,3824,2,1,0,0.8581567994418571,0.3875530503571281,False,neutral,neutral,False,,
2015-04-02,2015-04-01,3835,3825,2,1,0,0.9118279276209016,0.3359560780904218,False,neutral,neutral,False,,
2015-04-06,2015-04-02,3836,3826,2,1,0,0.9612403043262794,0.3247329571077749,False,neutral,neutral,False,,
2015-04-07,2015-04-06,3837,3827,2,1,0,0.9999852241291024,0.35289645224807,False,neutral,neutral,False,,
2015-04-08,2015-04-07,3838,3828,1,2,0,0.2851760522198533,0.3292802838272465,False,neutral,neutral,False,,
2015-04-09,2015-04-08,3839,3829,0,1,0,0.9160340871569588,0.5265514757999783,True,bull,neutral,True,NEUTRAL_TO_BULL,
2015-04-10,2015-04-09,3840,3830,0,2,0,0.6833394377464705,0.516273246340626,True,bull,bull,False,,
2015-04-13,2015-04-10,3841,3831,0,1,0,0.1467476873733711,0.500320774055725,False,neutral,bull,True,BULL_TO_NEUTRAL,
2015-04-14,2015-04-13,3842,3832,1,2,1,0.3371804046494631,0.4821775002324226,False,neutral,neutral,False,,
2015-04-15,2015-04-14,3843,3833,2,1,0,0.9592553214942168,0.3190831910700305,False,neutral,neutral,False,,
2015-04-16,2015-04-15,3844,3834,1,2,0,0.9999999414030212,0.3308153507237229,False,neutral,neutral,False,,
2015-04-17,2015-04-16,3845,3835,0,1,2,0.7195941436335946,0.3199531646253299,False,neutral,neutral,False,,
2015-04-20,2015-04-17,3846,3836,1,2,0,0.1449977185092373,0.4142166179932599,False,neutral,neutral,False,,
2015-04-21,2015-04-20,3847,3837,0,2,0,0.9009071830512168,0.4074625300332601,False,neutral,neutral,False,,
2015-04-22,2015-04-21,3848,3838,0,2,0,0.993417409737818,0.5264671922268187,True,bull,neutral,True,NEUTRAL_TO_BULL,
2015-04-23,2015-04-22,3849,3839,0,2,0,0.9981518605601,0.5088679892121548,True,bull,bull,False,,
2015-04-24,2015-04-23,3850,3840,0,2,0,0.991829649184085,0.5318494766227079,True,bull,bull,False,,
2015-04-27,2015-04-24,3851,3841,2,1,2,0.929781116510831,0.5333395808817367,True,bull,bull,False,,
2015-04-28,2015-04-27,3852,3842,0,2,0,0.9507253629462804,0.4875968418610047,False,neutral,bull,True,BULL_TO_NEUTRAL,
2015-04-29,2015-04-28,3853,3843,1,2,1,0.6905120028966923,0.5193694770988635,True,bull,neutral,True,NEUTRAL_TO_BULL,
2015-04-30,2015-04-29,3854,3844,0,2,0,0.9252824251593568,0.4885797861230117,False,neutral,bull,True,BULL_TO_NEUTRAL,
2015-05-01,2015-04-30,3855,3845,1,2,1,0.6802590423746141,0.3359051871506071,False,neutral,neutral,False,,
2015-05-04,2015-05-01,3856,3846,2,1,2,0.9827769907858708,0.346014918494309,False,neutral,neutral,False,,
2015-05-05,2015-05-04,3857,3847,2,1,2,0.9816382429716322,0.5302334568460794,True,bull,neutral,True,NEUTRAL_TO_BULL,
2015-05-06,2015-05-05,3858,3848,0,2,0,0.9343139853487542,0.2888667974293516,False,neutral,bull,True,BULL_TO_NEUTRAL,
2015-05-07,2015-05-06,3859,3849,0,1,0,0.4270203036416682,0.4892884391304082,False,neutral,neutral,False,,
2015-05-08,2015-05-07,3860,3850,1,2,0,0.3224744450880869,0.5203777960029817,True,bull,neutral,True,NEUTRAL_TO_BULL,
2015-05-11,2015-05-08,3861,3851,0,2,1,0.3358404310339938,0.2501906191047036,False,neutral,bull,True,BULL_TO_NEUTRAL,
2015-05-12,2015-05-11,3862,3852,0,1,2,0.3673500181974334,0.4761419637737972,False,neutral,neutral,False,,
2015-05-13,2015-05-12,3863,3853,0,1,2,0.6409632362508403,0.5083279737800631,True,bull,neutral,True,NEUTRAL_TO_BULL,
2015-05-14,2015-05-13,3864,3854,0,2,1,0.69315405763341,0.5349274416580196,True,bull,bull,False,,
2015-05-15,2015-05-14,3865,3855,0,2,1,0.4255901245795587,0.3592994334811343,False,neutral,bull,True,BULL_TO_NEUTRAL,
2015-05-18,2015-05-15,3866,3856,0,2,0,0.9946615201300716,0.3188853577793498,False,neutral,neutral,False,,
2015-05-19,2015-05-18,3867,3857,2,1,2,0.9983518360949472,0.3242596502679367,False,neutral,neutral,False,,
2015-05-20,2015-05-19,3868,3858,0,2,1,0.7948455337724276,0.3205217836515365,False,neutral,neutral,False,,
2015-05-21,2015-05-20,3869,3859,0,2,0,1.0,0.3210635789122242,False,neutral,neutral,False,,
2015-05-22,2015-05-21,3870,3860,1,2,1,0.5326973075205333,0.3232460476733694,False,neutral,neutral,False,,
2015-05-26,2015-05-22,3871,3861,1,2,1,0.6458462265415066,0.3281598974087037,False,neutral,neutral,False,,
2015-05-27,2015-05-26,3872,3862,2,1,0,0.6083954940726813,0.4055809397907836,False,neutral,neutral,False,,
2015-05-28,2015-05-27,3873,3863,2,1,2,0.1225511711143889,0.3933308425001925,False,neutral,neutral,False,,
2015-05-29,2015-05-28,3874,3864,0,1,2,0.9994562665242808,0.5268905674752336,True,bull,neutral,True,NEUTRAL_TO_BULL,
2015-06-01,2015-05-29,3875,3865,1,2,1,0.9141132556259228,0.4078794074377675,False,neutral,bull,True,BULL_TO_NEUTRAL,
2015-06-02,2015-06-01,3876,3866,0,2,1,0.986080285174546,0.5331617199077177,True,bull,neutral,True,NEUTRAL_TO_BULL,
2015-06-03,2015-06-02,3877,3867,1,2,0,0.9818979852142068,0.5280832761806243,True,bull,bull,False,,
2015-06-04,2015-06-03,3878,3868,0,2,1,0.9898309677781956,0.5304110344542169,True,bull,bull,False,,
2015-06-05,2015-06-04,3879,3869,0,2,1,0.9312318952610784,0.3861295497360382,False,neutral,bull,True,BULL_TO_NEUTRAL,
2015-06-08,2015-06-05,3880,3870,0,2,1,0.9236649812799044,0.522192690633459,True,bull,neutral,True,NEUTRAL_TO_BULL,
2015-06-09,2015-06-08,3881,3871,1,2,0,0.5398576730821895,0.4478496225828479,False,neutral,bull,True,BULL_TO_NEUTRAL,
2015-06-10,2015-06-09,3882,3872,1,2,1,0.9999999993304696,0.3198798143026112,False,neutral,neutral,False,,
2015-06-11,2015-06-10,3883,3873,2,1,2,0.7401098330157627,0.4337110094247781,False,neutral,neutral,False,,
2015-06-12,2015-06-11,3884,3874,0,1,0,0.424881012068046,0.3251347396482878,False,neutral,neutral,False,,
2015-06-15,2015-06-12,3885,3875,2,1,2,0.3979060634807327,0.3743252319690962,False,neutral,neutral,False,,
2015-06-16,2015-06-15,3886,3876,2,1,0,0.6331978448108021,0.4880810762313359,False,neutral,neutral,False,,
2015-06-17,2015-06-16,3887,3877,0,2,1,0.7794594789462478,0.4985481549070614,False,neutral,neutral,False,,
2015-06-18,2015-06-17,3888,3878,0,2,1,0.9561817877492584,0.5360808467480083,True,bull,neutral,True,NEUTRAL_TO_BULL,
2015-06-19,2015-06-18,3889,3879,0,2,1,0.3306693830466373,0.3590579601301517,False,neutral,bull,True,BULL_TO_NEUTRAL,
2015-06-22,2015-06-19,3890,3880,0,2,1,0.3278378395753985,0.3636463672127822,False,neutral,neutral,False,,
2015-06-23,2015-06-22,3891,3881,2,1,0,0.5736940194179568,0.5039691587435181,True,bull,neutral,True,NEUTRAL_TO_BULL,
2015-06-24,2015-06-23,3892,3882,1,2,0,0.911765869460503,0.5372034077120793,True,bull,bull,False,,
2015-06-25,2015-06-24,3893,3883,0,2,1,0.9010864674278996,0.4208121647230154,False,neutral,bull,True,BULL_TO_NEUTRAL,
2015-06-26,2015-06-25,3894,3884,0,1,2,0.8776977439956807,0.5092490828859394,True,bull,neutral,True,NEUTRAL_TO_BULL,
2015-06-29,2015-06-26,3895,3885,0,1,2,0.8591042109510268,0.5350745850014829,True,bull,bull,False,,
2015-06-30,2015-06-29,3896,3886,1,2,1,0.915239148182876,0.348805601325337,False,neutral,bull,True,BULL_TO_NEUTRAL,
2015-07-01,2015-06-30,3897,3887,0,1,0,0.3806754474261608,0.3197683940998704,False,neutral,neutral,False,,
2015-07-02,2015-07-01,3898,3888,1,2,1,0.2766968892738932,0.3730052744876205,False,neutral,neutral,False,,
2015-07-06,2015-07-02,3899,3889,2,1,2,0.4619871708280795,0.3205276364285901,False,neutral,neutral,False,,
2015-07-07,2015-07-06,3900,3890,2,1,2,0.4327994481897715,0.3298394907704967,False,neutral,neutral,False,,
2015-07-08,2015-07-07,3901,3891,2,1,2,0.7832572874132382,0.3504196319245617,False,neutral,neutral,False,,
2015-07-09,2015-07-08,3902,3892,2,1,2,0.9124254501536014,0.4113765677250245,False,neutral,neutral,False,,
2015-07-10,2015-07-09,3903,3893,1,2,1,0.9753830259780832,0.3196098380519416,False,neutral,neutral,False,,
2015-07-13,2015-07-10,3904,3894,2,1,2,0.99996797135159,0.4457032347524265,False,neutral,neutral,False,,
2015-07-14,2015-07-13,3905,3895,1,2,1,0.9999829712843348,0.4223903574974353,False,neutral,neutral,False,,
2015-07-15,2015-07-14,3906,3896,0,2,0,0.9538615344920002,0.3322183784398485,False,neutral,neutral,False,,
2015-07-16,2015-07-15,3907,3897,2,1,2,0.8179994022225536,0.3194747179829816,False,neutral,neutral,False,,
2015-07-17,2015-07-16,3908,3898,0,2,0,0.2918347270731263,0.3736085986569344,False,neutral,neutral,False,,
2015-07-20,2015-07-17,3909,3899,1,2,1,0.1012059956596954,0.3187449557719926,False,neutral,neutral,False,,
2015-07-21,2015-07-20,3910,3900,1,1,2,0.9433760058016004,0.145279146075306,False,neutral,neutral,False,,
2015-07-22,2015-07-21,3911,3901,2,2,1,0.953365052789362,0.168403002360935,False,neutral,neutral,False,,
2015-07-23,2015-07-22,3912,3902,2,2,1,0.6085589112735046,0.1533127308081694,False,neutral,neutral,False,,
2015-07-24,2015-07-23,3913,3903,0,2,0,0.9999652478933148,0.3522280197556982,False,neutral,neutral,False,,
2015-07-27,2015-07-24,3914,3904,1,2,1,0.8428371793857841,0.400089433830929,False,neutral,neutral,False,,
2015-07-28,2015-07-27,3915,3905,0,2,0,0.9578336772701208,0.3539409685131567,False,neutral,neutral,False,,
2015-07-29,2015-07-28,3916,3906,0,1,0,0.9356001917076252,0.4411343361192584,False,neutral,neutral,False,,
2015-07-30,2015-07-29,3917,3907,2,1,2,0.934806784641967,0.3586606238572222,False,neutral,neutral,False,,
2015-07-31,2015-07-30,3918,3908,1,2,1,0.973602255853136,0.3185110492472726,False,neutral,neutral,False,,
2015-08-03,2015-07-31,3919,3909,1,2,1,0.9970094577623,0.3229571103104487,False,neutral,neutral,False,,
2015-08-04,2015-08-03,3920,3910,1,2,1,0.997633668540812,0.3332191667815947,False,neutral,neutral,False,,
2015-08-05,2015-08-04,3921,3911,1,2,1,0.7573547999111411,0.3253180863375515,False,neutral,neutral,False,,
2015-08-06,2015-08-05,3922,3912,2,1,2,0.4088379772778389,0.3257399614325731,False,neutral,neutral,False,,
2015-08-07,2015-08-06,3923,3913,2,1,2,0.4990860961772869,0.3791964647550769,False,neutral,neutral,False,,
2015-08-10,2015-08-07,3924,3914,0,2,0,0.5105062339153172,0.325740869187998,False,neutral,neutral,False,,
2015-08-11,2015-08-10,3925,3915,0,2,1,0.9709496970541204,0.2724547924789596,False,neutral,neutral,False,,
2015-08-12,2015-08-11,3926,3916,1,2,0,0.946644186668689,0.3717564849710681,False,neutral,neutral,False,,
2015-08-13,2015-08-12,3927,3917,0,2,1,0.9704876125816304,0.5350393108391958,True,bull,neutral,True,NEUTRAL_TO_BULL,
2015-08-14,2015-08-13,3928,3918,1,2,0,0.9911251196513068,0.5266656989000407,True,bull,bull,False,,
2015-08-17,2015-08-14,3929,3919,0,2,1,0.9980980520047288,0.5222874222454649,True,bull,bull,False,,
2015-08-18,2015-08-17,3930,3920,0,2,1,0.9896375029481214,0.4964809360143022,False,neutral,bull,True,BULL_TO_NEUTRAL,
2015-08-19,2015-08-18,3931,3921,0,2,1,0.9846874711491496,0.5105261728297135,True,bull,neutral,True,NEUTRAL_TO_BULL,
2015-08-20,2015-08-19,3932,3922,1,2,0,0.983404055995085,0.4022854549810338,False,neutral,bull,True,BULL_TO_NEUTRAL,
2015-08-21,2015-08-20,3933,3923,1,2,1,0.9720837896095788,0.3488313152803021,False,neutral,neutral,False,,
2015-08-24,2015-08-21,3934,3924,2,2,1,0.9988103591021325,0.8693022351027524,True,bear,neutral,True,NEUTRAL_TO_BEAR,
2015-08-25,2015-08-24,3935,3925,0,0,2,0.9999998988122756,0.9729504315627128,True,bear,bear,False,,
2015-08-26,2015-08-25,3936,3926,1,1,2,0.9999999996960552,0.3132066791814229,False,neutral,bear,True,BEAR_TO_NEUTRAL,
2015-08-27,2015-08-26,3937,3927,2,2,0,0.9999999998440648,0.9742733909577852,True,bear,neutral,True,NEUTRAL_TO_BEAR,
2015-08-28,2015-08-27,3938,3928,1,1,2,0.9999999996673528,0.6947195965173186,True,bear,bear,False,,
2015-08-31,2015-08-28,3939,3929,1,1,2,0.999999998817102,0.1446496027549769,False,neutral,bear,True,BEAR_TO_NEUTRAL,
2015-09-01,2015-08-31,3940,3930,1,1,0,0.9999999848628396,0.2216862005138471,False,neutral,neutral,False,,
2015-09-02,2015-09-01,3941,3931,1,1,0,0.9999996933633484,0.8422460894227431,True,bear,neutral,True,NEUTRAL_TO_BEAR,
2015-09-03,2015-09-02,3942,3932,1,1,2,0.9999644159124196,0.4933861391415747,False,neutral,bear,True,BEAR_TO_NEUTRAL,
2015-09-04,2015-09-03,3943,3933,2,2,0,0.9989597986014824,0.1443459524133624,False,neutral,neutral,False,,
2015-09-08,2015-09-04,3944,3934,2,2,0,0.9986574900385002,0.403574262824074,False,neutral,neutral,False,,
2015-09-09,2015-09-08,3945,3935,2,2,1,0.9964301023977502,0.708152867277224,True,bear,neutral,True,NEUTRAL_TO_BEAR,
2015-09-10,2015-09-09,3946,3936,1,1,0,0.700059929905008,0.3491189980111432,False,neutral,bear,True,BEAR_TO_NEUTRAL,
2015-09-11,2015-09-10,3947,3937,1,1,0,0.6520200399807599,0.1605838596705147,False,neutral,neutral,False,,
2015-09-14,2015-09-11,3948,3938,1,2,0,0.6604965450025807,0.3333363743899135,False,neutral,neutral,False,,
2015-09-15,2015-09-14,3949,3939,2,1,0,0.9636758392063066,0.335084852976957,False,neutral,neutral,False,,
2015-09-16,2015-09-15,3950,3940,0,2,1,0.9020611892348632,0.4425314019266518,False,neutral,neutral,False,,
2015-09-17,2015-09-16,3951,3941,0,1,2,0.8834619695819456,0.3791044403852963,False,neutral,neutral,False,,
2015-09-18,2015-09-17,3952,3942,2,1,0,0.6385440634170586,0.3258554806775258,False,neutral,neutral,False,,
2015-09-21,2015-09-18,3953,3943,0,2,1,0.6330017142229599,0.3492796617960726,False,neutral,neutral,False,,
2015-09-22,2015-09-21,3954,3944,2,1,0,0.9917898699908948,0.3373327221715189,False,neutral,neutral,False,,
2015-09-23,2015-09-22,3955,3945,0,1,2,0.8765765186824044,0.4216063272003091,False,neutral,neutral,False,,
2015-09-24,2015-09-23,3956,3946,0,1,2,0.7249279639802383,0.3241479071304599,False,neutral,neutral,False,,
2015-09-25,2015-09-24,3957,3947,2,1,0,0.3839700659345557,0.3353906444298161,False,neutral,neutral,False,,
2015-09-28,2015-09-25,3958,3948,2,1,0,0.1821808555637201,0.3192693505682093,False,neutral,neutral,False,,
2015-09-29,2015-09-28,3959,3949,1,1,2,0.9953744882674904,0.7185850540461791,True,bear,neutral,True,NEUTRAL_TO_BEAR,
2015-09-30,2015-09-29,3960,3950,1,1,0,0.998984297188134,0.1454113039955488,False,neutral,bear,True,BEAR_TO_NEUTRAL,
2015-10-01,2015-09-30,3961,3951,2,2,1,0.991831065011119,0.4822457220057906,False,neutral,neutral,False,,
2015-10-02,2015-10-01,3962,3952,2,2,1,0.8218858337078262,0.1474373517217859,False,neutral,neutral,False,,
2015-10-05,2015-10-02,3963,3953,1,1,0,0.7901026887442844,0.3551074377492187,False,neutral,neutral,False,,
2015-10-06,2015-10-05,3964,3954,1,1,0,0.9487766293223062,0.4529343362148575,False,neutral,neutral,False,,
2015-10-07,2015-10-06,3965,3955,1,1,0,0.9885593261027824,0.1632342136105356,False,neutral,neutral,False,,
2015-10-08,2015-10-07,3966,3956,2,2,1,0.9985772332477344,0.1936188050596918,False,neutral,neutral,False,,
2015-10-09,2015-10-08,3967,3957,1,1,0,0.9998553516677714,0.2059791822761931,False,neutral,neutral,False,,
2015-10-12,2015-10-09,3968,3958,2,2,0,0.999970818303634,0.14655388637083,False,neutral,neutral,False,,
2015-10-13,2015-10-12,3969,3959,1,1,2,0.9998929488275614,0.1456434656940909,False,neutral,neutral,False,,
2015-10-14,2015-10-13,3970,3960,1,1,2,0.9958286867568824,0.1947507237214784,False,neutral,neutral,False,,
2015-10-15,2015-10-14,3971,3961,1,1,0,0.9360610484331822,0.176500824764307,False,neutral,neutral,False,,
2015-10-16,2015-10-15,3972,3962,1,2,1,0.7900832984745243,0.4650807012415787,False,neutral,neutral,False,,
2015-10-19,2015-10-16,3973,3963,1,2,0,0.9969740948512912,0.3337695780101334,False,neutral,neutral,False,,
2015-10-20,2015-10-19,3974,3964,1,2,0,0.993708619181762,0.3175107543480993,False,neutral,neutral,False,,
2015-10-21,2015-10-20,3975,3965,1,2,0,0.9606324091934128,0.3214701176310874,False,neutral,neutral,False,,
2015-10-22,2015-10-21,3976,3966,2,1,0,0.4978998129600402,0.3559942594795803,False,neutral,neutral,False,,
2015-10-23,2015-10-22,3977,3967,2,1,0,0.9987683609275126,0.4663391417952912,False,neutral,neutral,False,,
2015-10-26,2015-10-23,3978,3968,2,1,0,0.5605607174994627,0.4176477155302211,False,neutral,neutral,False,,
2015-10-27,2015-10-26,3979,3969,2,1,0,0.2448543813219461,0.3273052728433473,False,neutral,neutral,False,,
2015-10-28,2015-10-27,3980,3970,1,2,1,0.31267949620089,0.3246635371342169,False,neutral,neutral,False,,
2015-10-29,2015-10-28,3981,3971,1,2,0,0.4677953572430249,0.4210291796302663,False,neutral,neutral,False,,
2015-10-30,2015-10-29,3982,3972,2,1,2,0.3583192916162166,0.3183455285173902,False,neutral,neutral,False,,
2015-11-02,2015-10-30,3983,3973,1,2,1,0.4090730027251478,0.3397746580720954,False,neutral,neutral,False,,
2015-11-03,2015-11-02,3984,3974,0,1,2,0.238279532652523,0.4307549154073544,False,neutral,neutral,False,,
2015-11-04,2015-11-03,3985,3975,2,1,0,0.293195696174668,0.3203226475108247,False,neutral,neutral,False,,
2015-11-05,2015-11-04,3986,3976,1,2,0,1.0,0.3294669601214964,False,neutral,neutral,False,,
2015-11-06,2015-11-05,3987,3977,2,1,2,0.936644177681638,0.3184783096238971,False,neutral,neutral,False,,
2015-11-09,2015-11-06,3988,3978,1,2,0,0.9734200842851592,0.3213109869891731,False,neutral,neutral,False,,
2015-11-10,2015-11-09,3989,3979,2,1,2,0.6114010924315029,0.3895783297110783,False,neutral,neutral,False,,
2015-11-11,2015-11-10,3990,3980,0,1,2,0.8992583298316733,0.5333328874177623,True,bull,neutral,True,NEUTRAL_TO_BULL,
2015-11-12,2015-11-11,3991,3981,2,1,2,0.7905617459919022,0.4939950599990314,False,neutral,bull,True,BULL_TO_NEUTRAL,
2015-11-13,2015-11-12,3992,3982,2,1,2,0.9857025283419726,0.4275868619376448,False,neutral,neutral,False,,
2015-11-16,2015-11-13,3993,3983,0,2,1,0.173821368335166,0.4118247422057101,False,neutral,neutral,False,,
2015-11-17,2015-11-16,3994,3984,1,2,0,0.1752258157081937,0.4524772273026052,False,neutral,neutral,False,,
2015-11-18,2015-11-17,3995,3985,2,1,0,0.2757386964236018,0.3206562097110211,False,neutral,neutral,False,,
2015-11-19,2015-11-18,3996,3986,1,2,0,0.517904371611287,0.4550533645846867,False,neutral,neutral,False,,
2015-11-20,2015-11-19,3997,3987,2,1,0,0.7896881430986805,0.3200998067370926,False,neutral,neutral,False,,
2015-11-23,2015-11-20,3998,3988,1,2,0,0.9203088216482672,0.3235403415467673,False,neutral,neutral,False,,
2015-11-24,2015-11-23,3999,3989,0,2,1,0.8201834334950827,0.3205825269644876,False,neutral,neutral,False,,
2015-11-25,2015-11-24,4000,3990,1,2,0,0.7088330941620831,0.3170605878748789,False,neutral,neutral,False,,
2015-11-27,2015-11-25,4001,3991,0,2,1,0.5521860271246702,0.3181163536147116,False,neutral,neutral,False,,
2015-11-30,2015-11-27,4002,3992,0,1,2,0.6642685297457164,0.3175779301299937,False,neutral,neutral,False,,
2015-12-01,2015-11-30,4003,3993,1,2,0,0.8381315634359698,0.3380678809388275,False,neutral,neutral,False,,
2015-12-02,2015-12-01,4004,3994,2,1,0,0.5124693136399731,0.3939614199965479,False,neutral,neutral,False,,
2015-12-03,2015-12-02,4005,3995,0,1,0,1.0,0.3451332733240519,False,neutral,neutral,False,,
2015-12-04,2015-12-03,4006,3996,0,1,0,0.6990072895995297,0.2253123829188144,False,neutral,neutral,False,,
2015-12-07,2015-12-04,4007,3997,0,1,0,0.6691561585625513,0.0628126543388032,False,neutral,neutral,False,,
2015-12-08,2015-12-07,4008,3998,0,2,0,0.6533610217110132,0.4568844816909231,False,neutral,neutral,False,,
2015-12-09,2015-12-08,4009,3999,0,2,0,0.3375731639792955,0.4420378326522919,False,neutral,neutral,False,,
2015-12-10,2015-12-09,4010,4000,2,1,0,1.0,0.3747500456233412,False,neutral,neutral,False,,
2015-12-11,2015-12-10,4011,4001,2,1,0,1.0,0.3198036792755553,False,neutral,neutral,False,,
2015-12-14,2015-12-11,4012,4002,2,1,0,0.3705729084107779,0.4030548242986492,False,neutral,neutral,False,,
2015-12-15,2015-12-14,4013,4003,2,1,0,0.143248184608947,0.3379737319904698,False,neutral,neutral,False,,
2015-12-16,2015-12-15,4014,4004,2,1,0,0.5460504259948163,0.398453998456458,False,neutral,neutral,False,,
2015-12-17,2015-12-16,4015,4005,1,2,0,0.6319113146348574,0.4484589764017244,False,neutral,neutral,False,,
2015-12-18,2015-12-17,4016,4006,1,2,0,0.5931393217863189,0.4317298650637881,False,neutral,neutral,False,,
2015-12-21,2015-12-18,4017,4007,0,1,2,0.2751539668832253,0.327435611240646,False,neutral,neutral,False,,
2015-12-22,2015-12-21,4018,4008,0,1,2,0.4172147183871102,0.3673599511944608,False,neutral,neutral,False,,
2015-12-23,2015-12-22,4019,4009,2,1,0,0.6978078424656028,0.3784273401790656,False,neutral,neutral,False,,
2015-12-24,2015-12-23,4020,4010,0,2,1,0.6066153099354239,0.4258487335949384,False,neutral,neutral,False,,
2015-12-28,2015-12-24,4021,4011,2,1,0,0.6334276951792797,0.3217362097588529,False,neutral,neutral,False,,
2015-12-29,2015-12-28,4022,4012,2,1,0,0.7836521375021328,0.3246742978378661,False,neutral,neutral,False,,
2015-12-30,2015-12-29,4023,4013,0,2,1,0.5654685557005309,0.401310274104214,False,neutral,neutral,False,,
2015-12-31,2015-12-30,4024,4014,2,1,0,0.5048990684291169,0.366193919886004,False,neutral,neutral,False,,
2016-01-04,2015-12-31,4025,4015,2,1,0,0.9217297363738256,0.3973316944826292,False,neutral,neutral,False,,
2016-01-05,2016-01-04,4026,4016,1,2,0,0.5750574087528104,0.4304938963142766,False,neutral,neutral,False,,
2016-01-06,2016-01-05,4027,4017,2,1,0,0.903088620197286,0.3161139126513164,False,neutral,neutral,False,,
2016-01-07,2016-01-06,4028,4018,2,1,0,0.2398423373077097,0.4225812459056726,False,neutral,neutral,False,,
2016-01-08,2016-01-07,4029,4019,1,1,0,0.999317580216546,0.6648294156780058,True,bear,neutral,True,NEUTRAL_TO_BEAR,
2016-01-11,2016-01-08,4030,4020,2,2,0,0.9999932145363571,0.2717126400097245,False,neutral,bear,True,BEAR_TO_NEUTRAL,
2016-01-12,2016-01-11,4031,4021,2,2,1,0.9999984546852908,0.1460947257915513,False,neutral,neutral,False,,
2016-01-13,2016-01-12,4032,4022,2,2,0,0.9999995884009266,0.1950616133215822,False,neutral,neutral,False,,
2016-01-14,2016-01-13,4033,4023,1,1,2,0.9999995740754196,0.6795784879264096,True,bear,neutral,True,NEUTRAL_TO_BEAR,
2016-01-15,2016-01-14,4034,4024,1,1,0,0.99999053368024,0.3926898442859358,False,neutral,bear,True,BEAR_TO_NEUTRAL,
2016-01-19,2016-01-15,4035,4025,1,1,0,0.9999604057847096,0.5674855653816638,True,bear,neutral,True,NEUTRAL_TO_BEAR,
2016-01-20,2016-01-19,4036,4026,2,2,1,0.9998318832854448,0.1491113044155817,False,neutral,bear,True,BEAR_TO_NEUTRAL,
2016-01-21,2016-01-20,4037,4027,1,1,0,0.99754740202422,0.3156488464414906,False,neutral,neutral,False,,
2016-01-22,2016-01-21,4038,4028,2,2,0,0.9197236550302428,0.1680360684123989,False,neutral,neutral,False,,
2016-01-25,2016-01-22,4039,4029,1,1,2,0.7145201174814817,0.5400217201437842,True,bear,neutral,True,NEUTRAL_TO_BEAR,
2016-01-26,2016-01-25,4040,4030,2,2,0,0.6978212079844192,0.4007009148569567,False,neutral,bear,True,BEAR_TO_NEUTRAL,
2016-01-27,2016-01-26,4041,4031,0,2,1,0.5710664876790874,0.4395816009546003,False,neutral,neutral,False,,
2016-01-28,2016-01-27,4042,4032,2,1,0,1.0,0.4065914557235921,False,neutral,neutral,False,,
2016-01-29,2016-01-28,4043,4033,2,1,0,1.0,0.332455021299459,False,neutral,neutral,False,,
2016-02-01,2016-01-29,4044,4034,0,2,1,0.8448581289931824,0.3281734706764215,False,neutral,neutral,False,,
2016-02-02,2016-02-01,4045,4035,0,2,1,0.2448603223991743,0.3168404520553604,False,neutral,neutral,False,,
2016-02-03,2016-02-02,4046,4036,0,1,2,0.2751921595530881,0.4231382285489236,False,neutral,neutral,False,,
2016-02-04,2016-02-03,4047,4037,2,1,0,0.7392153896004657,0.3397205810168636,False,neutral,neutral,False,,
2016-02-05,2016-02-04,4048,4038,2,1,0,0.999214724854344,0.3160838492850136,False,neutral,neutral,False,,
2016-02-08,2016-02-05,4049,4039,1,2,0,0.9230632996459054,0.4130802362827314,False,neutral,neutral,False,,
2016-02-09,2016-02-08,4050,4040,2,1,0,0.3801507364029128,0.4289674694393744,False,neutral,neutral,False,,
2016-02-10,2016-02-09,4051,4041,2,1,0,0.0880530841623167,0.3163874160440516,False,neutral,neutral,False,,
2016-02-11,2016-02-10,4052,4042,2,2,0,0.9726777869834646,0.151711404352173,False,neutral,neutral,False,,
2016-02-12,2016-02-11,4053,4043,2,2,1,0.9973226995575244,0.3322538651797149,False,neutral,neutral,False,,
2016-02-16,2016-02-12,4054,4044,1,1,0,0.9886951649240776,0.5436893321313725,True,bear,neutral,True,NEUTRAL_TO_BEAR,
2016-02-17,2016-02-16,4055,4045,2,2,0,0.9058695239215288,0.4186520566249893,False,neutral,bear,True,BEAR_TO_NEUTRAL,
2016-02-18,2016-02-17,4056,4046,2,2,0,0.97824757771552,0.3999181393145921,False,neutral,neutral,False,,
2016-02-19,2016-02-18,4057,4047,1,1,0,0.985586294104394,0.1693528261283342,False,neutral,neutral,False,,
2016-02-22,2016-02-19,4058,4048,1,1,0,0.9882950048861424,0.1514124249343936,False,neutral,neutral,False,,
2016-02-23,2016-02-22,4059,4049,1,1,0,0.9991451275138812,0.3415913664022492,False,neutral,neutral,False,,
2016-02-24,2016-02-23,4060,4050,2,2,0,0.9990059215210622,0.3112978614367464,False,neutral,neutral,False,,
2016-02-25,2016-02-24,4061,4051,2,2,0,0.9984640368759454,0.1620066597819958,False,neutral,neutral,False,,
2016-02-26,2016-02-25,4062,4052,1,1,0,0.9977485205910078,0.2765267096461041,False,neutral,neutral,False,,
2016-02-29,2016-02-26,4063,4053,1,1,0,0.701829714901727,0.1585331717203398,False,neutral,neutral,False,,
2016-03-01,2016-02-29,4064,4054,0,1,2,1.0,0.3721785052277521,False,neutral,neutral,False,,
2016-03-02,2016-03-01,4065,4055,0,2,1,1.0,0.3475191333092796,False,neutral,neutral,False,,
2016-03-03,2016-03-02,4066,4056,1,2,0,0.5956463821535614,0.327223028065094,False,neutral,neutral,False,,
2016-03-04,2016-03-03,4067,4057,2,1,0,0.2085876518908669,0.3233546519027739,False,neutral,neutral,False,,
2016-03-07,2016-03-04,4068,4058,2,1,0,0.1231381595122228,0.3201621736673046,False,neutral,neutral,False,,
2016-03-08,2016-03-07,4069,4059,2,2,1,0.958938924012238,0.1508180359926298,False,neutral,neutral,False,,
2016-03-09,2016-03-08,4070,4060,1,1,0,0.8092030431042684,0.2713130549924137,False,neutral,neutral,False,,
2016-03-10,2016-03-09,4071,4061,1,2,0,0.6353907506439567,0.3299455855386732,False,neutral,neutral,False,,
2016-03-11,2016-03-10,4072,4062,0,2,1,0.824450200174323,0.3144511415628224,False,neutral,neutral,False,,
2016-03-14,2016-03-11,4073,4063,2,1,0,0.7411555657607859,0.4509010464548064,False,neutral,neutral,False,,
2016-03-15,2016-03-14,4074,4064,1,2,0,0.9143383591493855,0.3186684761424664,False,neutral,neutral,False,,
2016-03-16,2016-03-15,4075,4065,0,1,2,0.841227928362596,0.3205357320196738,False,neutral,neutral,False,,
2016-03-17,2016-03-16,4076,4066,2,1,0,1.0,0.3373296986524006,False,neutral,neutral,False,,
2016-03-18,2016-03-17,4077,4067,2,1,0,0.9999995244974158,0.3426152473781548,False,neutral,neutral,False,,
2016-03-21,2016-03-18,4078,4068,1,2,0,0.9640860734757152,0.3190457374353545,False,neutral,neutral,False,,
2016-03-22,2016-03-21,4079,4069,1,2,0,0.8234071316278115,0.3156735290404976,False,neutral,neutral,False,,
2016-03-23,2016-03-22,4080,4070,1,2,0,0.999999998339962,0.3171375693462663,False,neutral,neutral,False,,
2016-03-24,2016-03-23,4081,4071,0,2,1,0.9430534319040884,0.359454538927402,False,neutral,neutral,False,,
2016-03-28,2016-03-24,4082,4072,0,2,0,0.989875738256378,0.5311084832945545,True,bull,neutral,True,NEUTRAL_TO_BULL,
2016-03-29,2016-03-28,4083,4073,0,2,0,0.9937551358918628,0.5340550638125092,True,bull,bull,False,,
2016-03-30,2016-03-29,4084,4074,0,2,0,0.9890174179456012,0.4044491662723253,False,neutral,bull,True,BULL_TO_NEUTRAL,
2016-03-31,2016-03-30,4085,4075,0,2,0,0.9864847997121666,0.5120451605868137,True,bull,neutral,True,NEUTRAL_TO_BULL,
2016-04-01,2016-03-31,4086,4076,0,1,0,0.9825990904197052,0.5152570070837511,True,bull,bull,False,,
2016-04-04,2016-04-01,4087,4077,0,1,0,0.7993555328901442,0.4711004677509509,False,neutral,bull,True,BULL_TO_NEUTRAL,
2016-04-05,2016-04-04,4088,4078,0,1,0,0.640731620632429,0.5061953359459651,True,bull,neutral,True,NEUTRAL_TO_BULL,
2016-04-06,2016-04-05,4089,4079,0,1,0,0.6057508839737816,0.350242295911347,False,neutral,bull,True,BULL_TO_NEUTRAL,
2016-04-07,2016-04-06,4090,4080,2,1,2,0.3853587224944876,0.3497964810159912,False,neutral,neutral,False,,
2016-04-08,2016-04-07,4091,4081,0,1,0,0.6141285392497111,0.2886866642914535,False,neutral,neutral,False,,
2016-04-11,2016-04-08,4092,4082,2,1,2,0.8758741499727793,0.5282082911093604,True,bull,neutral,True,NEUTRAL_TO_BULL,
2016-04-12,2016-04-11,4093,4083,0,2,0,0.958552846616048,0.5178784142545235,True,bull,bull,False,,
2016-04-13,2016-04-12,4094,4084,0,2,0,0.9518809135791496,0.4045769766191359,False,neutral,bull,True,BULL_TO_NEUTRAL,
2016-04-14,2016-04-13,4095,4085,2,1,2,0.6020181008686885,0.3791376367911488,False,neutral,neutral,False,,
2016-04-15,2016-04-14,4096,4086,0,1,0,0.0812478695273805,0.5330634018518086,False,neutral,neutral,False,,
2016-04-18,2016-04-15,4097,4087,0,2,1,1.0,0.3192814149695656,False,neutral,neutral,False,,
2016-04-19,2016-04-18,4098,4088,2,1,0,1.0,0.3505383450433451,False,neutral,neutral,False,,
2016-04-20,2016-04-19,4099,4089,1,2,0,0.9794272023522084,0.3206106457977609,False,neutral,neutral,False,,
2016-04-21,2016-04-20,4100,4090,0,1,2,0.7132850892524534,0.3152733694871084,False,neutral,neutral,False,,
2016-04-22,2016-04-21,4101,4091,1,2,0,0.976161464338526,0.3477163653363227,False,neutral,neutral,False,,
2016-04-25,2016-04-22,4102,4092,2,1,0,1.0,0.3161037231346253,False,neutral,neutral,False,,
2016-04-26,2016-04-25,4103,4093,2,1,0,0.1204479343686392,0.3215399015075474,False,neutral,neutral,False,,
2016-04-27,2016-04-26,4104,4094,0,2,0,0.999207650788459,0.5327728671315924,True,bull,neutral,True,NEUTRAL_TO_BULL,
2016-04-28,2016-04-27,4105,4095,0,1,0,0.9996482429833892,0.530759640007282,True,bull,bull,False,,
2016-04-29,2016-04-28,4106,4096,0,1,0,0.9983334788531883,0.3782200820628198,False,neutral,bull,True,BULL_TO_NEUTRAL,
2016-05-02,2016-04-29,4107,4097,0,2,0,0.938282410462536,0.4696281146703029,False,neutral,neutral,False,,
2016-05-03,2016-05-02,4108,4098,0,1,0,0.933207384735844,0.4419564365895351,False,neutral,neutral,False,,
2016-05-04,2016-05-03,4109,4099,0,1,0,0.7749166256744603,0.3908429848773431,False,neutral,neutral,False,,
2016-05-05,2016-05-04,4110,4100,1,2,1,0.3212284738174853,0.4666936102273082,False,neutral,neutral,False,,
2016-05-06,2016-05-05,4111,4101,2,1,0,0.9998949605575972,0.3166320857955076,False,neutral,neutral,False,,
2016-05-09,2016-05-06,4112,4102,2,1,0,0.9927352652354146,0.3239386847433004,False,neutral,neutral,False,,
2016-05-10,2016-05-09,4113,4103,2,1,0,0.8992023273669764,0.315938476314161,False,neutral,neutral,False,,
2016-05-11,2016-05-10,4114,4104,1,2,0,0.7277775174909811,0.4229162533072114,False,neutral,neutral,False,,
2016-05-12,2016-05-11,4115,4105,2,1,0,0.0950257304695091,0.3888990287114754,False,neutral,neutral,False,,
2016-05-13,2016-05-12,4116,4106,1,2,1,0.9378403230302488,0.5334959599461218,True,bull,neutral,True,NEUTRAL_TO_BULL,
2016-05-16,2016-05-13,4117,4107,0,2,0,0.8510822073501783,0.3911067160303249,False,neutral,bull,True,BULL_TO_NEUTRAL,
2016-05-17,2016-05-16,4118,4108,0,1,0,0.9572536302242228,0.3843396665708662,False,neutral,neutral,False,,
2016-05-18,2016-05-17,4119,4109,0,2,0,0.9205569157624702,0.3733933743122044,False,neutral,neutral,False,,
2016-05-19,2016-05-18,4120,4110,1,2,1,0.9136767291378846,0.5324711895483693,True,bull,neutral,True,NEUTRAL_TO_BULL,
2016-05-20,2016-05-19,4121,4111,0,2,0,0.816390801792845,0.5027858571248612,True,bull,bull,False,,
2016-05-23,2016-05-20,4122,4112,2,1,2,0.8100684623156438,0.4783663269517086,False,neutral,bull,True,BULL_TO_NEUTRAL,
2016-05-24,2016-05-23,4123,4113,0,2,0,0.7883717619191858,0.5259797906148349,True,bull,neutral,True,NEUTRAL_TO_BULL,
2016-05-25,2016-05-24,4124,4114,0,2,0,0.9247404093774312,0.2725677003448283,False,neutral,bull,True,BULL_TO_NEUTRAL,
2016-05-26,2016-05-25,4125,4115,0,1,0,0.0336912840037264,0.4697106646751893,False,neutral,neutral,False,,
2016-05-27,2016-05-26,4126,4116,0,2,1,1.0,0.3162008401591908,False,neutral,neutral,False,,
2016-05-31,2016-05-27,4127,4117,1,2,0,0.9365014737536924,0.3278023450105298,False,neutral,neutral,False,,
2016-06-01,2016-05-31,4128,4118,1,2,0,0.6678589594205554,0.3220419842186412,False,neutral,neutral,False,,
2016-06-02,2016-06-01,4129,4119,2,1,0,0.6016886791166257,0.3176272816624821,False,neutral,neutral,False,,
2016-06-03,2016-06-02,4130,4120,2,1,0,0.6260815527559138,0.3212021059580627,False,neutral,neutral,False,,
2016-06-06,2016-06-03,4131,4121,2,1,0,0.9998978888648192,0.3280872018406969,False,neutral,neutral,False,,
2016-06-07,2016-06-06,4132,4122,2,1,0,0.5471768076777326,0.1927934892497741,False,neutral,neutral,False,,
2016-06-08,2016-06-07,4133,4123,1,2,1,0.9507012029023832,0.5315833422356184,True,bull,neutral,True,NEUTRAL_TO_BULL,
2016-06-09,2016-06-08,4134,4124,0,1,0,0.982665292401567,0.522326915028929,True,bull,bull,False,,
2016-06-10,2016-06-09,4135,4125,0,1,0,0.9837979536442288,0.5250947425061956,True,bull,bull,False,,
2016-06-13,2016-06-10,4136,4126,1,2,0,0.9879472581979728,0.3421650795737093,False,neutral,bull,True,BULL_TO_NEUTRAL,
2016-06-14,2016-06-13,4137,4127,0,1,0,0.9016864914547216,0.4182635646399287,False,neutral,neutral,False,,
2016-06-15,2016-06-14,4138,4128,2,1,2,0.4330330234923632,0.5206674510629221,True,bull,neutral,True,NEUTRAL_TO_BULL,
2016-06-16,2016-06-15,4139,4129,0,1,2,1.0,0.320206988722105,False,neutral,bull,True,BULL_TO_NEUTRAL,
2016-06-17,2016-06-16,4140,4130,2,1,0,1.0,0.3208157288883564,False,neutral,neutral,False,,
2016-06-20,2016-06-17,4141,4131,1,2,0,0.9949137426971216,0.3843689860751421,False,neutral,neutral,False,,
2016-06-21,2016-06-20,4142,4132,2,1,0,0.9977609026056288,0.3451284648555974,False,neutral,neutral,False,,
2016-06-22,2016-06-21,4143,4133,2,1,0,1.0,0.320071998253745,False,neutral,neutral,False,,
2016-06-23,2016-06-22,4144,4134,2,1,0,0.7648572988004904,0.3220569495807009,False,neutral,neutral,False,,
2016-06-24,2016-06-23,4145,4135,2,1,0,0.1152387097846443,0.4311026871726482,False,neutral,neutral,False,,
2016-06-27,2016-06-24,4146,4136,1,2,0,1.0,0.0808534024895013,False,neutral,neutral,False,,
2016-06-28,2016-06-27,4147,4137,1,1,0,0.9620697745598088,0.4509037881798111,False,neutral,neutral,False,,
2016-06-29,2016-06-28,4148,4138,2,2,0,0.9812389323215168,0.4587632993875434,False,neutral,neutral,False,,
2016-06-30,2016-06-29,4149,4139,2,1,0,1.0,0.6141711785395442,True,bull,neutral,True,NEUTRAL_TO_BULL,
2016-07-01,2016-06-30,4150,4140,2,2,1,0.9866677507559752,0.3176309113795876,False,neutral,bull,True,BULL_TO_NEUTRAL,
2016-07-05,2016-07-01,4151,4141,2,2,0,0.9935277962752088,0.1525061496190546,False,neutral,neutral,False,,
2016-07-06,2016-07-05,4152,4142,1,1,0,0.9948742292071284,0.2145005018582242,False,neutral,neutral,False,,
2016-07-07,2016-07-06,4153,4143,2,2,1,0.9960092643650276,0.1743121639935141,False,neutral,neutral,False,,
2016-07-08,2016-07-07,4154,4144,1,1,0,0.9972964074077644,0.1537135695468313,False,neutral,neutral,False,,
2016-07-11,2016-07-08,4155,4145,1,1,2,0.9990310833334534,0.3569676724804242,False,neutral,neutral,False,,
2016-07-12,2016-07-11,4156,4146,1,1,2,0.9994969679482196,0.1578590552308731,False,neutral,neutral,False,,
2016-07-13,2016-07-12,4157,4147,1,1,0,0.983740724322214,0.1885176418516015,False,neutral,neutral,False,,
2016-07-14,2016-07-13,4158,4148,1,1,0,0.8361183072051417,0.1530765980372163,False,neutral,neutral,False,,
2016-07-15,2016-07-14,4159,4149,2,2,0,0.8598032666295866,0.1661169928340862,False,neutral,neutral,False,,
2016-07-18,2016-07-15,4160,4150,1,1,0,0.8864123194572469,0.1564406040983043,False,neutral,neutral,False,,
2016-07-19,2016-07-18,4161,4151,2,2,0,0.9193916185269662,0.1556205148175719,False,neutral,neutral,False,,
2016-07-20,2016-07-19,4162,4152,1,1,0,0.6269726295081038,0.155643727913278,False,neutral,neutral,False,,
2016-07-21,2016-07-20,4163,4153,1,2,0,0.820625708698079,0.3263028723134645,False,neutral,neutral,False,,
2016-07-22,2016-07-21,4164,4154,1,2,0,0.4823476105890727,0.3335869637910348,False,neutral,neutral,False,,
2016-07-25,2016-07-22,4165,4155,0,2,0,0.931439279003712,0.5073825203775448,True,bull,neutral,True,NEUTRAL_TO_BULL,
2016-07-26,2016-07-25,4166,4156,0,2,0,0.998879910343441,0.5088517648845934,True,bull,bull,False,,
2016-07-27,2016-07-26,4167,4157,2,1,2,0.9998903524406094,0.5307963635402708,True,bull,bull,False,,
2016-07-28,2016-07-27,4168,4158,1,2,1,0.9999987930153702,0.5254789052056879,True,bull,bull,False,,
2016-07-29,2016-07-28,4169,4159,0,2,0,0.999999069177446,0.5309487061005069,True,bull,bull,False,,
2016-08-01,2016-07-29,4170,4160,0,1,0,0.999999665343996,0.5300693759719838,True,bull,bull,False,,
2016-08-02,2016-08-01,4171,4161,0,2,0,0.9999994477334334,0.5247951458744782,True,bull,bull,False,,
2016-08-03,2016-08-02,4172,4162,0,2,0,0.9999962052854652,0.447455158991156,False,neutral,bull,True,BULL_TO_NEUTRAL,
2016-08-04,2016-08-03,4173,4163,0,2,0,0.9999960319134076,0.5241654570183361,True,bull,neutral,True,NEUTRAL_TO_BULL,
2016-08-05,2016-08-04,4174,4164,0,2,0,0.9999966976686728,0.5319184501877995,True,bull,bull,False,,
2016-08-08,2016-08-05,4175,4165,0,1,0,0.9998140569691012,0.435847522367826,False,neutral,bull,True,BULL_TO_NEUTRAL,
2016-08-09,2016-08-08,4176,4166,0,1,0,0.9988939136987908,0.528985396370478,True,bull,neutral,True,NEUTRAL_TO_BULL,
2016-08-10,2016-08-09,4177,4167,0,1,0,0.9952146218948524,0.5325741546120075,True,bull,bull,False,,
2016-08-11,2016-08-10,4178,4168,0,2,0,0.9949092909355844,0.5142224545691493,True,bull,bull,False,,
2016-08-12,2016-08-11,4179,4169,0,1,0,0.98028203892616,0.5063814364601427,True,bull,bull,False,,
2016-08-15,2016-08-12,4180,4170,0,2,0,0.9621632187112288,0.5278704674345901,True,bull,bull,False,,
2016-08-16,2016-08-15,4181,4171,0,1,0,0.8865832496322864,0.5231972134521056,True,bull,bull,False,,
2016-08-17,2016-08-16,4182,4172,0,2,0,0.9934103304506228,0.4732717824129929,False,neutral,bull,True,BULL_TO_NEUTRAL,
2016-08-18,2016-08-17,4183,4173,0,1,0,0.9996636093761168,0.5302859002589384,True,bull,neutral,True,NEUTRAL_TO_BULL,
2016-08-19,2016-08-18,4184,4174,0,1,0,0.9999975374870492,0.5291726424732954,True,bull,bull,False,,
2016-08-22,2016-08-19,4185,4175,0,2,0,0.9999975562932398,0.5240693793642177,True,bull,bull,False,,
2016-08-23,2016-08-22,4186,4176,0,1,0,0.9999983390558376,0.5316525395555097,True,bull,bull,False,,
2016-08-24,2016-08-23,4187,4177,0,1,0,0.9999971526344408,0.530414748603889,True,bull,bull,False,,
2016-08-25,2016-08-24,4188,4178,1,2,1,0.9999986331859932,0.4757364879665694,False,neutral,bull,True,BULL_TO_NEUTRAL,
2016-08-26,2016-08-25,4189,4179,0,2,0,0.9999950428917118,0.5297027400290811,True,bull,neutral,True,NEUTRAL_TO_BULL,
2016-08-29,2016-08-26,4190,4180,0,2,0,0.9999532339726602,0.5207918032396012,True,bull,bull,False,,
2016-08-30,2016-08-29,4191,4181,0,1,0,0.9999859159673432,0.5031590524500064,True,bull,bull,False,,
2016-08-31,2016-08-30,4192,4182,0,2,0,0.99998621921391,0.5228431261991133,True,bull,bull,False,,
2016-09-01,2016-08-31,4193,4183,0,1,0,0.999955831517434,0.5108943300127142,True,bull,bull,False,,
2016-09-02,2016-09-01,4194,4184,0,1,0,0.9999658517153668,0.5326403298792663,True,bull,bull,False,,
2016-09-06,2016-09-02,4195,4185,0,2,0,0.9999742483037846,0.5092016351027582,True,bull,bull,False,,
2016-09-07,2016-09-06,4196,4186,0,2,0,0.9999061131378896,0.5248225049583981,True,bull,bull,False,,
2016-09-08,2016-09-07,4197,4187,0,2,0,0.99989456174116,0.5321196937048281,True,bull,bull,False,,
2016-09-09,2016-09-08,4198,4188,0,1,0,0.9998425142448142,0.5176017919730876,True,bull,bull,False,,
2016-09-12,2016-09-09,4199,4189,1,2,0,1.0,0.3053421165554977,False,neutral,bull,True,BULL_TO_NEUTRAL,
2016-09-13,2016-09-12,4200,4190,1,2,0,1.0,0.4452278260059105,False,neutral,neutral,False,,
2016-09-14,2016-09-13,4201,4191,1,2,0,0.933530974768048,0.4281898156262959,False,neutral,neutral,False,,
2016-09-15,2016-09-14,4202,4192,2,1,0,0.5441927489137934,0.3150659038562111,False,neutral,neutral,False,,
2016-09-16,2016-09-15,4203,4193,1,2,0,0.5626992462102376,0.3912105189243217,False,neutral,neutral,False,,
2016-09-19,2016-09-16,4204,4194,1,2,0,0.3718123444533608,0.3832157664724677,False,neutral,neutral,False,,
2016-09-20,2016-09-19,4205,4195,2,1,0,0.4319439092698205,0.3142756138514136,False,neutral,neutral,False,,
2016-09-21,2016-09-20,4206,4196,1,2,0,0.7992260824558748,0.3156637427882121,False,neutral,neutral,False,,
2016-09-22,2016-09-21,4207,4197,2,1,0,1.0,0.4085581757497115,False,neutral,neutral,False,,
2016-09-23,2016-09-22,4208,4198,1,2,0,0.8609482301014317,0.3435502533822318,False,neutral,neutral,False,,
2016-09-26,2016-09-23,4209,4199,2,1,0,0.8848089243507561,0.3460581252404024,False,neutral,neutral,False,,
2016-09-27,2016-09-26,4210,4200,1,2,0,0.5979981608425046,0.374285475858872,False,neutral,neutral,False,,
2016-09-28,2016-09-27,4211,4201,0,2,1,0.4862959036463651,0.3422959599782209,False,neutral,neutral,False,,
2016-09-29,2016-09-28,4212,4202,1,2,0,0.4707617101574056,0.3314734249844818,False,neutral,neutral,False,,
2016-09-30,2016-09-29,4213,4203,2,1,0,0.481300220352317,0.385196940670336,False,neutral,neutral,False,,
2016-10-03,2016-09-30,4214,4204,1,2,0,0.2961676652861521,0.3577570417865132,False,neutral,neutral,False,,
2016-10-04,2016-10-03,4215,4205,0,2,0,0.9276729101850204,0.5171641567013469,True,bull,neutral,True,NEUTRAL_TO_BULL,
2016-10-05,2016-10-04,4216,4206,0,2,0,0.9924885486926202,0.4753309354055729,False,neutral,bull,True,BULL_TO_NEUTRAL,
2016-10-06,2016-10-05,4217,4207,0,1,0,0.9926080967714576,0.5109400652929964,True,bull,neutral,True,NEUTRAL_TO_BULL,
2016-10-07,2016-10-06,4218,4208,0,2,0,0.999239645595938,0.5341774599007432,True,bull,bull,False,,
2016-10-10,2016-10-07,4219,4209,0,1,0,0.9992934392261222,0.5047219000081938,True,bull,bull,False,,
2016-10-11,2016-10-10,4220,4210,0,2,0,0.9998662567987662,0.4990609849003938,False,neutral,bull,True,BULL_TO_NEUTRAL,
2016-10-12,2016-10-11,4221,4211,0,1,0,0.9871955143268368,0.2634557627050763,False,neutral,neutral,False,,
2016-10-13,2016-10-12,4222,4212,0,1,0,0.9842612212511546,0.5338194191268916,True,bull,neutral,True,NEUTRAL_TO_BULL,
2016-10-14,2016-10-13,4223,4213,0,2,0,0.8873404817935033,0.5065837928551643,True,bull,bull,False,,
2016-10-17,2016-10-14,4224,4214,0,2,0,0.862952397152214,0.5343017537411239,True,bull,bull,False,,
2016-10-18,2016-10-17,4225,4215,0,2,0,0.5432133928592476,0.5009814586982807,True,bull,bull,False,,
2016-10-19,2016-10-18,4226,4216,0,1,0,0.6830577165261101,0.4802987192413826,False,neutral,bull,True,BULL_TO_NEUTRAL,
2016-10-20,2016-10-19,4227,4217,0,2,0,0.8381055384221706,0.5285700081455103,True,bull,neutral,True,NEUTRAL_TO_BULL,
2016-10-21,2016-10-20,4228,4218,0,2,0,0.9586348570806236,0.5227478337684639,True,bull,bull,False,,
2016-10-24,2016-10-21,4229,4219,0,2,0,0.9817140702312904,0.5344816282182123,True,bull,bull,False,,
2016-10-25,2016-10-24,4230,4220,0,2,0,0.9997267859821936,0.512955912236674,True,bull,bull,False,,
2016-10-26,2016-10-25,4231,4221,0,1,0,0.9996521878359784,0.5053686609684134,True,bull,bull,False,,
2016-10-27,2016-10-26,4232,4222,0,1,0,0.9996520492962409,0.5216786183447316,True,bull,bull,False,,
2016-10-28,2016-10-27,4233,4223,0,1,0,0.9997339223627948,0.5148422101340244,True,bull,bull,False,,
2016-10-31,2016-10-28,4234,4224,0,1,0,0.9990849407441982,0.5108206545581241,True,bull,bull,False,,
2016-11-01,2016-10-31,4235,4225,0,1,0,0.999431486539791,0.5340627337812321,True,bull,bull,False,,
2016-11-02,2016-11-01,4236,4226,0,2,0,0.9290867617338056,0.4275419024747156,False,neutral,bull,True,BULL_TO_NEUTRAL,
2016-11-03,2016-11-02,4237,4227,0,2,0,0.0788410063649469,0.4677419490364618,False,neutral,neutral,False,,
2016-11-04,2016-11-03,4238,4228,1,2,0,0.9941651718663188,0.3385823101671643,False,neutral,neutral,False,,
2016-11-07,2016-11-04,4239,4229,1,2,0,0.8215753824626846,0.3187275940543557,False,neutral,neutral,False,,
2016-11-08,2016-11-07,4240,4230,2,0,1,0.9806277015616046,0.379295089914514,False,neutral,neutral,False,,
2016-11-09,2016-11-08,4241,4231,2,1,0,0.9828208446504636,0.3279849837716367,False,neutral,neutral,False,,
2016-11-10,2016-11-09,4242,4232,1,2,0,0.5481623329587787,0.4003041253830774,False,neutral,neutral,False,,
2016-11-11,2016-11-10,4243,4233,1,2,0,0.1187440868644033,0.3170237486398485,False,neutral,neutral,False,,
2016-11-14,2016-11-11,4244,4234,2,2,0,0.9620042161496256,0.1585630697288892,False,neutral,neutral,False,,
2016-11-15,2016-11-14,4245,4235,1,1,2,0.985663989858314,0.1517091776985321,False,neutral,neutral,False,,
2016-11-16,2016-11-15,4246,4236,1,1,2,0.9953752332537176,0.1972353693900245,False,neutral,neutral,False,,
2016-11-17,2016-11-16,4247,4237,1,1,2,0.9920189853165152,0.1581979156803417,False,neutral,neutral,False,,
2016-11-18,2016-11-17,4248,4238,1,1,0,0.942793617736117,0.1689441829405359,False,neutral,neutral,False,,
2016-11-21,2016-11-18,4249,4239,0,2,1,0.9999985034497972,0.3214242942046195,False,neutral,neutral,False,,
2016-11-22,2016-11-21,4250,4240,2,1,0,1.0,0.3580453170904523,False,neutral,neutral,False,,
2016-11-23,2016-11-22,4251,4241,0,1,2,0.8043485698574917,0.3153653115941923,False,neutral,neutral,False,,
2016-11-25,2016-11-23,4252,4242,0,1,2,0.9709636040071934,0.3140018862142084,False,neutral,neutral,False,,
2016-11-28,2016-11-25,4253,4243,0,0,1,0.4837366221403513,0.2460828113633197,False,neutral,neutral,False,,
2016-11-29,2016-11-28,4254,4244,0,1,2,0.8890594889504689,0.3382281487497912,False,neutral,neutral,False,,
2016-11-30,2016-11-29,4255,4245,0,1,2,0.2084819861653665,0.3191616146846747,False,neutral,neutral,False,,
2016-12-01,2016-11-30,4256,4246,2,1,2,0.913526733647294,0.516138231621097,True,bull,neutral,True,NEUTRAL_TO_BULL,
2016-12-02,2016-12-01,4257,4247,1,2,1,0.993951111790047,0.5070491480467196,True,bull,bull,False,,
2016-12-05,2016-12-02,4258,4248,2,1,2,0.9975695437339216,0.5311568886514394,True,bull,bull,False,,
2016-12-06,2016-12-05,4259,4249,2,1,2,0.999962478116176,0.4730785191413081,False,neutral,bull,True,BULL_TO_NEUTRAL,
2016-12-07,2016-12-06,4260,4250,0,1,0,0.9997393447160472,0.5211881679256969,True,bull,neutral,True,NEUTRAL_TO_BULL,
2016-12-08,2016-12-07,4261,4251,0,1,0,0.4724504655902425,0.2590159515548664,False,neutral,bull,True,BULL_TO_NEUTRAL,
2016-12-09,2016-12-08,4262,4252,2,1,2,0.99993270179668,0.3211679200058381,False,neutral,neutral,False,,
2016-12-12,2016-12-09,4263,4253,2,1,0,0.5195857218541801,0.345102211470949,False,neutral,neutral,False,,
2016-12-13,2016-12-12,4264,4254,0,1,2,0.2333427646293152,0.319859630501646,False,neutral,neutral,False,,
2016-12-14,2016-12-13,4265,4255,1,1,0,0.9498214418225556,0.1811281432416238,False,neutral,neutral,False,,
2016-12-15,2016-12-14,4266,4256,0,0,2,0.9217293583965624,0.223414218000849,False,neutral,neutral,False,,
2016-12-16,2016-12-15,4267,4257,1,1,2,0.7818098497214098,0.160317944756529,False,neutral,neutral,False,,
2016-12-19,2016-12-16,4268,4258,2,1,0,0.9216771325023316,0.3699961967329997,False,neutral,neutral,False,,
2016-12-20,2016-12-19,4269,4259,0,2,1,0.9992892857629304,0.3169850847945387,False,neutral,neutral,False,,
2016-12-21,2016-12-20,4270,4260,2,1,2,0.9907683465031748,0.5158149306082477,True,bull,neutral,True,NEUTRAL_TO_BULL,
2016-12-22,2016-12-21,4271,4261,0,1,0,0.99832602553832,0.5112334602487525,True,bull,bull,False,,
2016-12-23,2016-12-22,4272,4262,2,1,2,0.9988712096049316,0.5210467695257065,True,bull,bull,False,,
2016-12-27,2016-12-23,4273,4263,2,1,0,0.9989245380806108,0.5296040090057995,True,bull,bull,False,,
2016-12-28,2016-12-27,4274,4264,1,2,0,0.9976133848956276,0.5283558256062528,True,bull,bull,False,,
2016-12-29,2016-12-28,4275,4265,0,1,0,0.9997353528330292,0.4043952401449732,False,neutral,bull,True,BULL_TO_NEUTRAL,
2016-12-30,2016-12-29,4276,4266,0,1,0,0.99838533719253,0.5317918151069511,True,bull,neutral,True,NEUTRAL_TO_BULL,
2017-01-03,2016-12-30,4277,4267,0,1,2,0.993129477981401,0.4983891718533425,False,neutral,bull,True,BULL_TO_NEUTRAL,
2017-01-04,2017-01-03,4278,4268,0,1,0,0.9940150666440588,0.4452201772171771,False,neutral,neutral,False,,
2017-01-05,2017-01-04,4279,4269,0,2,0,0.9819568938377754,0.4844261865929745,False,neutral,neutral,False,,
2017-01-06,2017-01-05,4280,4270,0,2,0,0.9819616375757104,0.5280377824771099,True,bull,neutral,True,NEUTRAL_TO_BULL,
2017-01-09,2017-01-06,4281,4271,0,2,0,0.9135228694846856,0.5194797576399633,True,bull,bull,False,,
2017-01-10,2017-01-09,4282,4272,0,2,0,0.8817583679623737,0.5046102191088081,True,bull,bull,False,,
2017-01-11,2017-01-10,4283,4273,0,2,0,0.8496386573563816,0.5318247114649775,True,bull,bull,False,,
2017-01-12,2017-01-11,4284,4274,0,1,0,0.7489610678791092,0.5255852886666185,True,bull,bull,False,,
2017-01-13,2017-01-12,4285,4275,1,2,1,0.856015535948384,0.5180758823526087,True,bull,bull,False,,
2017-01-17,2017-01-13,4286,4276,0,2,0,0.94635346634924,0.5250666088867553,True,bull,bull,False,,
2017-01-18,2017-01-17,4287,4277,0,1,0,0.9999809923014058,0.5086927415841,True,bull,bull,False,,
2017-01-19,2017-01-18,4288,4278,0,2,0,0.9999993859386272,0.5280504367810729,True,bull,bull,False,,
2017-01-20,2017-01-19,4289,4279,0,2,0,0.9999991044924156,0.5005354682567408,True,bull,bull,False,,
2017-01-23,2017-01-20,4290,4280,0,1,0,0.9999991974632316,0.5113265916755377,True,bull,bull,False,,
2017-01-24,2017-01-23,4291,4281,0,1,0,0.9999995034089898,0.5193051464787886,True,bull,bull,False,,
2017-01-25,2017-01-24,4292,4282,0,2,0,0.999994249471178,0.4749163919494885,False,neutral,bull,True,BULL_TO_NEUTRAL,
2017-01-26,2017-01-25,4293,4283,0,1,0,0.9709121025077468,0.4172734963311452,False,neutral,neutral,False,,
2017-01-27,2017-01-26,4294,4284,0,2,0,0.7608972251571782,0.5270003151632788,True,bull,neutral,True,NEUTRAL_TO_BULL,
2017-01-30,2017-01-27,4295,4285,0,2,0,0.5915017259138026,0.5278412262716228,True,bull,bull,False,,
2017-01-31,2017-01-30,4296,4286,0,2,1,0.5884264756603307,0.451284219959425,False,neutral,bull,True,BULL_TO_NEUTRAL,
2017-02-01,2017-01-31,4297,4287,0,2,0,0.7512216857252813,0.5333846939526956,True,bull,neutral,True,NEUTRAL_TO_BULL,
2017-02-02,2017-02-01,4298,4288,0,2,0,0.8065234977555499,0.5333407578360742,True,bull,bull,False,,
2017-02-03,2017-02-02,4299,4289,0,2,0,0.9479205712052444,0.532496666699662,True,bull,bull,False,,
2017-02-06,2017-02-03,4300,4290,0,2,0,0.949369598618074,0.4540474521075942,False,neutral,bull,True,BULL_TO_NEUTRAL,
2017-02-07,2017-02-06,4301,4291,0,1,2,0.9924680890028408,0.519727071132561,True,bull,neutral,True,NEUTRAL_TO_BULL,
2017-02-08,2017-02-07,4302,4292,0,2,1,0.997484185939963,0.5329426543322133,True,bull,bull,False,,
2017-02-09,2017-02-08,4303,4293,0,2,0,0.9986916923927484,0.5312647886833788,True,bull,bull,False,,
2017-02-10,2017-02-09,4304,4294,0,2,0,0.9796245912957942,0.4750733804772348,False,neutral,bull,True,BULL_TO_NEUTRAL,
2017-02-13,2017-02-10,4305,4295,0,2,1,0.6121541556568629,0.51660654245248,True,bull,neutral,True,NEUTRAL_TO_BULL,
2017-02-14,2017-02-13,4306,4296,1,2,0,1.0,0.3398581832608856,False,neutral,bull,True,BULL_TO_NEUTRAL,
2017-02-15,2017-02-14,4307,4297,1,2,0,0.9858110007579276,0.3297417527999916,False,neutral,neutral,False,,
2017-02-16,2017-02-15,4308,4298,0,2,1,0.6915111707665943,0.3380350576768418,False,neutral,neutral,False,,
2017-02-17,2017-02-16,4309,4299,1,2,1,0.6330560956867112,0.3142183592076044,False,neutral,neutral,False,,
2017-02-21,2017-02-17,4310,4300,1,2,0,0.4529105710284677,0.3150498909394409,False,neutral,neutral,False,,
2017-02-22,2017-02-21,4311,4301,2,1,2,0.3478179263159937,0.3429545559143424,False,neutral,neutral,False,,
2017-02-23,2017-02-22,4312,4302,1,2,1,0.5868733160937519,0.3158781629967996,False,neutral,neutral,False,,
2017-02-24,2017-02-23,4313,4303,1,2,1,0.9798850284283468,0.3146388099325431,False,neutral,neutral,False,,
2017-02-27,2017-02-24,4314,4304,1,2,1,1.0,0.31528131111716,False,neutral,neutral,False,,
2017-02-28,2017-02-27,4315,4305,2,1,2,0.5382179393134395,0.3158196483839646,False,neutral,neutral,False,,
2017-03-01,2017-02-28,4316,4306,0,1,2,0.9483679017101152,0.5206511760040844,True,bull,neutral,True,NEUTRAL_TO_BULL,
2017-03-02,2017-03-01,4317,4307,1,2,1,0.588562712837573,0.4442910790823525,False,neutral,bull,True,BULL_TO_NEUTRAL,
2017-03-03,2017-03-02,4318,4308,2,1,2,0.6048548987482443,0.3529074962946884,False,neutral,neutral,False,,
2017-03-06,2017-03-03,4319,4309,0,1,0,0.6616698135460914,0.5331572335190472,True,bull,neutral,True,NEUTRAL_TO_BULL,
2017-03-07,2017-03-06,4320,4310,0,1,2,0.8760156143848702,0.5071776621959276,True,bull,bull,False,,
2017-03-08,2017-03-07,4321,4311,0,2,0,0.9419912712701732,0.5031708466205103,True,bull,bull,False,,
2017-03-09,2017-03-08,4322,4312,0,1,2,0.9256774717452214,0.520222727907731,True,bull,bull,False,,
2017-03-10,2017-03-09,4323,4313,0,1,0,0.9689855211483376,0.5323528472879087,True,bull,bull,False,,
2017-03-13,2017-03-10,4324,4314,0,2,0,0.9782262167098345,0.5143211517402299,True,bull,bull,False,,
2017-03-14,2017-03-13,4325,4315,0,2,0,0.9810382365176744,0.5344683224745354,True,bull,bull,False,,
2017-03-15,2017-03-14,4326,4316,0,2,0,0.9872338069260884,0.4963381698286004,False,neutral,bull,True,BULL_TO_NEUTRAL,
2017-03-16,2017-03-15,4327,4317,1,2,1,0.9990890614782156,0.4062252558422858,False,neutral,neutral,False,,
2017-03-17,2017-03-16,4328,4318,0,2,0,0.997819468923934,0.5212225652012696,True,bull,neutral,True,NEUTRAL_TO_BULL,
2017-03-20,2017-03-17,4329,4319,0,2,1,0.9991665877374536,0.4517697469672964,False,neutral,bull,True,BULL_TO_NEUTRAL,
2017-03-21,2017-03-20,4330,4320,0,2,0,0.9975347207204336,0.5293484634341411,True,bull,neutral,True,NEUTRAL_TO_BULL,
2017-03-22,2017-03-21,4331,4321,0,2,0,0.4981993930835153,0.2573518202317589,False,neutral,bull,True,BULL_TO_NEUTRAL,
2017-03-23,2017-03-22,4332,4322,2,1,0,1.0,0.3200011562036477,False,neutral,neutral,False,,
2017-03-24,2017-03-23,4333,4323,2,1,0,0.9999905523547724,0.3150911469664086,False,neutral,neutral,False,,
2017-03-27,2017-03-24,4334,4324,1,2,0,0.9925258594395728,0.3145259895307042,False,neutral,neutral,False,,
2017-03-28,2017-03-27,4335,4325,2,1,0,0.976260409212421,0.3151241316986674,False,neutral,neutral,False,,
2017-03-29,2017-03-28,4336,4326,1,2,0,0.9876719936648808,0.3639415672163927,False,neutral,neutral,False,,
2017-03-30,2017-03-29,4337,4327,1,2,0,0.9997593001302356,0.3177716010031989,False,neutral,neutral,False,,
2017-03-31,2017-03-30,4338,4328,1,2,0,0.2759742209434019,0.3247231300065587,False,neutral,neutral,False,,
2017-04-03,2017-03-31,4339,4329,0,2,0,0.9219701676094598,0.5225472281596683,True,bull,neutral,True,NEUTRAL_TO_BULL,
2017-04-04,2017-04-03,4340,4330,1,2,1,0.9877885669388063,0.5272316903113594,True,bull,bull,False,,
2017-04-05,2017-04-04,4341,4331,0,1,0,0.993223238613312,0.5318144942527238,True,bull,bull,False,,
2017-04-06,2017-04-05,4342,4332,0,1,0,0.995485397262106,0.5161969500367339,True,bull,bull,False,,
2017-04-07,2017-04-06,4343,4333,0,1,2,0.9979102680572602,0.5199158159171069,True,bull,bull,False,,
2017-04-10,2017-04-07,4344,4334,0,2,0,0.9993049503170842,0.5305093106498651,True,bull,bull,False,,
2017-04-11,2017-04-10,4345,4335,0,2,1,0.9999981459158992,0.5345898006603903,True,bull,bull,False,,
2017-04-12,2017-04-11,4346,4336,0,2,0,0.9999778415027144,0.5315162425950511,True,bull,bull,False,,
2017-04-13,2017-04-12,4347,4337,0,2,0,0.9999628177501868,0.4967126264794523,False,neutral,bull,True,BULL_TO_NEUTRAL,
2017-04-17,2017-04-13,4348,4338,0,2,1,0.9891170966517832,0.4544052106951858,False,neutral,neutral,False,,
2017-04-18,2017-04-17,4349,4339,0,1,0,0.9937253545779148,0.3989335026817756,False,neutral,neutral,False,,
2017-04-19,2017-04-18,4350,4340,0,2,1,0.984487488975976,0.510781977889462,True,bull,neutral,True,NEUTRAL_TO_BULL,
2017-04-20,2017-04-19,4351,4341,0,1,0,0.9898795341262704,0.5258264111909171,True,bull,bull,False,,
2017-04-21,2017-04-20,4352,4342,0,2,0,0.9839934928228874,0.4198668523671868,False,neutral,bull,True,BULL_TO_NEUTRAL,
2017-04-24,2017-04-21,4353,4343,0,1,2,0.9917213918685291,0.5138500318376392,True,bull,neutral,True,NEUTRAL_TO_BULL,
2017-04-25,2017-04-24,4354,4344,0,2,0,0.790153866662277,0.3302349833488855,False,neutral,bull,True,BULL_TO_NEUTRAL,
2017-04-26,2017-04-25,4355,4345,2,1,0,0.99702708420238,0.3495920619803578,False,neutral,neutral,False,,
2017-04-27,2017-04-26,4356,4346,1,2,0,0.914235546395887,0.3162647563133546,False,neutral,neutral,False,,
2017-04-28,2017-04-27,4357,4347,1,2,0,0.7552836593206482,0.3173324634871793,False,neutral,neutral,False,,
2017-05-01,2017-04-28,4358,4348,1,2,0,0.8369608706592531,0.3242009956910835,False,neutral,neutral,False,,
2017-05-02,2017-05-01,4359,4349,1,2,0,0.891569558100152,0.3234400395440625,False,neutral,neutral,False,,
2017-05-03,2017-05-02,4360,4350,2,1,0,0.9670114845575992,0.3168715630881795,False,neutral,neutral,False,,
2017-05-04,2017-05-03,4361,4351,0,2,1,0.8755894566823459,0.3184054254286385,False,neutral,neutral,False,,
2017-05-05,2017-05-04,4362,4352,1,2,0,0.2468841025349526,0.3186545135142481,False,neutral,neutral,False,,
2017-05-08,2017-05-05,4363,4353,1,2,1,0.9999225797623372,0.5066018270860687,True,bull,neutral,True,NEUTRAL_TO_BULL,
2017-05-09,2017-05-08,4364,4354,0,2,0,0.9999903815130756,0.5324053173374751,True,bull,bull,False,,
2017-05-10,2017-05-09,4365,4355,0,2,0,0.999981460610787,0.531650468405485,True,bull,bull,False,,
2017-05-11,2017-05-10,4366,4356,0,2,1,0.9999434074755136,0.5278515350676676,True,bull,bull,False,,
2017-05-12,2017-05-11,4367,4357,0,1,2,0.9999509104361254,0.5245883338225166,True,bull,bull,False,,
2017-05-15,2017-05-12,4368,4358,0,1,2,0.999998298914519,0.5170832656428985,True,bull,bull,False,,
2017-05-16,2017-05-15,4369,4359,0,2,1,0.9999717153264468,0.4809078852388973,False,neutral,bull,True,BULL_TO_NEUTRAL,
2017-05-17,2017-05-16,4370,4360,0,1,2,0.9999765793692692,0.5236586758719246,True,bull,neutral,True,NEUTRAL_TO_BULL,
2017-05-18,2017-05-17,4371,4361,0,1,0,0.7740613978550719,0.1010397455512646,False,neutral,bull,True,BULL_TO_NEUTRAL,
2017-05-19,2017-05-18,4372,4362,0,1,2,0.2790519193464842,0.5136772370469491,False,neutral,neutral,False,,
2017-05-22,2017-05-19,4373,4363,0,1,0,0.3055376224878972,0.4607467370276758,False,neutral,neutral,False,,
2017-05-23,2017-05-22,4374,4364,0,1,0,0.3333078449107335,0.4894395306924436,False,neutral,neutral,False,,
2017-05-24,2017-05-23,4375,4365,0,1,0,0.2172494428049336,0.5297757920708216,False,neutral,neutral,False,,
2017-05-25,2017-05-24,4376,4366,1,2,1,0.9506675080774544,0.3221306759841593,False,neutral,neutral,False,,
2017-05-26,2017-05-25,4377,4367,2,1,0,0.899861597717455,0.3339372888503741,False,neutral,neutral,False,,
2017-05-30,2017-05-26,4378,4368,1,2,1,0.935996143127894,0.3172783954141476,False,neutral,neutral,False,,
2017-05-31,2017-05-30,4379,4369,1,2,1,0.9331416528082735,0.3185625175598061,False,neutral,neutral,False,,
2017-06-01,2017-05-31,4380,4370,1,2,0,0.888391349124581,0.3162540839202479,False,neutral,neutral,False,,
2017-06-02,2017-06-01,4381,4371,1,2,0,0.9812398425610688,0.3757835815300049,False,neutral,neutral,False,,
2017-06-05,2017-06-02,4382,4372,2,1,0,0.9988913266891604,0.328377046459084,False,neutral,neutral,False,,
2017-06-06,2017-06-05,4383,4373,1,2,1,0.96329779499541,0.3185590060650274,False,neutral,neutral,False,,
2017-06-07,2017-06-06,4384,4374,2,1,0,0.5364558212877584,0.324605531235839,False,neutral,neutral,False,,
2017-06-08,2017-06-07,4385,4375,2,1,0,0.2121919932849316,0.3206702249260826,False,neutral,neutral,False,,
2017-06-09,2017-06-08,4386,4376,0,2,0,0.9386358829494968,0.5323302679807344,True,bull,neutral,True,NEUTRAL_TO_BULL,
2017-06-12,2017-06-09,4387,4377,0,2,0,0.9659489518764832,0.5243018745517198,True,bull,bull,False,,
2017-06-13,2017-06-12,4388,4378,0,1,0,0.9811537867856898,0.535759076771301,True,bull,bull,False,,
2017-06-14,2017-06-13,4389,4379,0,2,0,0.9978611263370838,0.5009502757246045,True,bull,bull,False,,
2017-06-15,2017-06-14,4390,4380,0,1,0,0.9999930487401326,0.5274188099220883,True,bull,bull,False,,
2017-06-16,2017-06-15,4391,4381,0,1,0,0.999998937255886,0.5255822515577945,True,bull,bull,False,,
2017-06-19,2017-06-16,4392,4382,0,2,0,0.9999880687626328,0.4923641125441594,False,neutral,bull,True,BULL_TO_NEUTRAL,
2017-06-20,2017-06-19,4393,4383,0,2,0,0.9999403903536768,0.4132783416868309,False,neutral,neutral,False,,
2017-06-21,2017-06-20,4394,4384,0,1,0,0.9999105502736816,0.447815483817634,False,neutral,neutral,False,,
2017-06-22,2017-06-21,4395,4385,0,2,0,0.9998010443636968,0.5328478035283868,True,bull,neutral,True,NEUTRAL_TO_BULL,
2017-06-23,2017-06-22,4396,4386,2,1,0,0.9994944627471176,0.5321527075971207,True,bull,bull,False,,
2017-06-26,2017-06-23,4397,4387,0,1,2,0.9993971617754932,0.5309644441193319,True,bull,bull,False,,
2017-06-27,2017-06-26,4398,4388,2,1,0,0.9993783095010964,0.5326454302894801,True,bull,bull,False,,
2017-06-28,2017-06-27,4399,4389,0,1,2,0.9925450981758348,0.4126482956544622,False,neutral,bull,True,BULL_TO_NEUTRAL,
2017-06-29,2017-06-28,4400,4390,0,1,2,0.9969458038954738,0.3968699139053774,False,neutral,neutral,False,,
2017-06-30,2017-06-29,4401,4391,1,2,0,0.9758857981465184,0.3758681898602209,False,neutral,neutral,False,,
2017-07-03,2017-06-30,4402,4392,0,1,2,0.9720748126507712,0.5288887889221613,True,bull,neutral,True,NEUTRAL_TO_BULL,
2017-07-05,2017-07-03,4403,4393,1,2,0,0.9969848730235116,0.533833332114354,True,bull,bull,False,,
2017-07-06,2017-07-05,4404,4394,0,1,2,0.998698476618086,0.5290947040685358,True,bull,bull,False,,
2017-07-07,2017-07-06,4405,4395,2,1,0,0.9833491453187276,0.3784874903707073,False,neutral,bull,True,BULL_TO_NEUTRAL,
2017-07-10,2017-07-07,4406,4396,1,2,1,0.9785138679207378,0.4729148261828272,False,neutral,neutral,False,,
2017-07-11,2017-07-10,4407,4397,0,1,2,0.9878194531135668,0.5350890507771402,True,bull,neutral,True,NEUTRAL_TO_BULL,
2017-07-12,2017-07-11,4408,4398,2,1,2,0.9973752363978516,0.5317576815906886,True,bull,bull,False,,
2017-07-13,2017-07-12,4409,4399,2,1,2,0.9800873925471058,0.4461543909413101,False,neutral,bull,True,BULL_TO_NEUTRAL,
2017-07-14,2017-07-13,4410,4400,2,1,2,0.9104181901978012,0.5337417726659075,True,bull,neutral,True,NEUTRAL_TO_BULL,
2017-07-17,2017-07-14,4411,4401,2,1,0,0.3428107481421067,0.5045526823730777,True,bull,bull,False,,
2017-07-18,2017-07-17,4412,4402,1,2,0,0.9994287245416046,0.3159034358021614,False,neutral,bull,True,BULL_TO_NEUTRAL,
2017-07-19,2017-07-18,4413,4403,0,2,0,0.9957775663143308,0.317157870722373,False,neutral,neutral,False,,
2017-07-20,2017-07-19,4414,4404,2,1,0,0.93403673401129,0.3382414132973667,False,neutral,neutral,False,,
2017-07-21,2017-07-20,4415,4405,0,2,0,0.9781419864016808,0.3164226014858203,False,neutral,neutral,False,,
2017-07-24,2017-07-21,4416,4406,1,2,0,0.9961708313259476,0.3168892624996844,False,neutral,neutral,False,,
2017-07-25,2017-07-24,4417,4407,2,1,0,0.9755904339681872,0.3159546443050958,False,neutral,neutral,False,,
2017-07-26,2017-07-25,4418,4408,2,1,0,0.1283072253322285,0.3215386285953143,False,neutral,neutral,False,,
2017-07-27,2017-07-26,4419,4409,0,2,0,0.9714644694083788,0.5360947863014766,True,bull,neutral,True,NEUTRAL_TO_BULL,
2017-07-28,2017-07-27,4420,4410,1,0,1,0.9984493635697969,0.5285902836423697,True,bull,bull,False,,
2017-07-31,2017-07-28,4421,4411,0,1,0,0.9996526878510222,0.5254955478279756,True,bull,bull,False,,
2017-08-01,2017-07-31,4422,4412,0,1,2,0.9999839537041056,0.5318864839892828,True,bull,bull,False,,
2017-08-02,2017-08-01,4423,4413,0,1,0,0.9999931127334456,0.5297671364252141,True,bull,bull,False,,
2017-08-03,2017-08-02,4424,4414,0,1,0,0.9999957313129392,0.5364619128045623,True,bull,bull,False,,
2017-08-04,2017-08-03,4425,4415,1,2,1,0.9999997973064674,0.5221450496562976,True,bull,bull,False,,
2017-08-07,2017-08-04,4426,4416,0,2,0,0.9999881497216724,0.5368094995631219,True,bull,bull,False,,
2017-08-08,2017-08-07,4427,4417,0,1,0,0.9999996468650214,0.532716214668045,True,bull,bull,False,,
2017-08-09,2017-08-08,4428,4418,1,2,1,0.9999896542128396,0.5189660646997574,True,bull,bull,False,,
2017-08-10,2017-08-09,4429,4419,2,1,2,0.9999918224611264,0.5384795627301238,True,bull,bull,False,,
2017-08-11,2017-08-10,4430,4420,2,1,0,0.8622385499501097,0.1919569567574513,False,neutral,bull,True,BULL_TO_NEUTRAL,
2017-08-14,2017-08-11,4431,4421,0,2,0,0.3650856340249773,0.5333804332860516,True,bull,neutral,True,NEUTRAL_TO_BULL,
2017-08-15,2017-08-14,4432,4422,2,1,2,0.3800748368506214,0.3636280298938454,False,neutral,bull,True,BULL_TO_NEUTRAL,
2017-08-16,2017-08-15,4433,4423,0,1,0,0.4484076004821212,0.5337457465630627,True,bull,neutral,True,NEUTRAL_TO_BULL,
2017-08-17,2017-08-16,4434,4424,1,2,1,0.5258442210307595,0.5294184717330441,True,bull,bull,False,,
2017-08-18,2017-08-17,4435,4425,2,1,0,0.9988881893704952,0.4244953673712994,False,neutral,bull,True,BULL_TO_NEUTRAL,
2017-08-21,2017-08-18,4436,4426,0,2,0,0.958544569540102,0.3213779666633327,False,neutral,neutral,False,,
2017-08-22,2017-08-21,4437,4427,0,2,1,0.9736974433649892,0.314029930219949,False,neutral,neutral,False,,
2017-08-23,2017-08-22,4438,4428,1,2,0,0.9957101063143032,0.4060387719200605,False,neutral,neutral,False,,
2017-08-24,2017-08-23,4439,4429,0,2,1,0.9867786153451716,0.325731637058086,False,neutral,neutral,False,,
2017-08-25,2017-08-24,4440,4430,1,2,0,0.9759549195668146,0.3190945401416803,False,neutral,neutral,False,,
2017-08-28,2017-08-25,4441,4431,1,2,0,0.999652475529517,0.321230224482143,False,neutral,neutral,False,,
2017-08-29,2017-08-28,4442,4432,2,1,0,0.6786759103995331,0.3130830880025766,False,neutral,neutral,False,,
2017-08-30,2017-08-29,4443,4433,1,2,0,0.3526894712661249,0.3179263416430158,False,neutral,neutral,False,,
2017-08-31,2017-08-30,4444,4434,0,1,0,0.9406686658994268,0.4974706638357614,False,neutral,neutral,False,,
2017-09-01,2017-08-31,4445,4435,0,1,0,0.4632227915512487,0.4727957861169467,False,neutral,neutral,False,,
2017-09-05,2017-09-01,4446,4436,0,2,0,0.9277875004158618,0.3167751885439664,False,neutral,neutral,False,,
2017-09-06,2017-09-05,4447,4437,0,1,0,0.7084944325130583,0.4340452327390255,False,neutral,neutral,False,,
2017-09-07,2017-09-06,4448,4438,2,1,2,0.5687686895638198,0.3265469492578677,False,neutral,neutral,False,,
2017-09-08,2017-09-07,4449,4439,0,1,0,0.6140369604718526,0.5328820851863254,True,bull,neutral,True,NEUTRAL_TO_BULL,
2017-09-11,2017-09-08,4450,4440,2,1,2,0.8762185465691291,0.5329465063986087,True,bull,bull,False,,
2017-09-12,2017-09-11,4451,4441,0,1,0,0.5657658083755625,0.3539003595836112,False,neutral,bull,True,BULL_TO_NEUTRAL,
2017-09-13,2017-09-12,4452,4442,1,2,1,0.1249501756447414,0.5159505554579114,False,neutral,neutral,False,,
2017-09-14,2017-09-13,4453,4443,2,1,0,0.922853180490229,0.3201906670403701,False,neutral,neutral,False,,
2017-09-15,2017-09-14,4454,4444,0,1,2,0.975937616239544,0.3230774392645979,False,neutral,neutral,False,,
2017-09-18,2017-09-15,4455,4445,0,1,2,0.9891005970567712,0.3347147031102482,False,neutral,neutral,False,,
2017-09-19,2017-09-18,4456,4446,1,2,1,0.9996413901856304,0.3164335308413795,False,neutral,neutral,False,,
2017-09-20,2017-09-19,4457,4447,2,1,0,0.7290315669244185,0.3169117247110548,False,neutral,neutral,False,,
2017-09-21,2017-09-20,4458,4448,2,1,0,0.3696250046559211,0.3158703470304477,False,neutral,neutral,False,,
2017-09-22,2017-09-21,4459,4449,0,1,0,0.9575297661703964,0.5198238657857119,True,bull,neutral,True,NEUTRAL_TO_BULL,
2017-09-25,2017-09-22,4460,4450,0,1,0,0.9999984785578973,0.5303402413216683,True,bull,bull,False,,
2017-09-26,2017-09-25,4461,4451,0,1,0,0.9999950527024408,0.5212240697726991,True,bull,bull,False,,
2017-09-27,2017-09-26,4462,4452,1,2,1,0.9999931371301652,0.5345045831615769,True,bull,bull,False,,
2017-09-28,2017-09-27,4463,4453,0,1,0,0.999994721734332,0.5092687763200782,True,bull,bull,False,,
2017-09-29,2017-09-28,4464,4454,0,2,1,0.9999887220232546,0.5348378762044622,True,bull,bull,False,,
2017-10-02,2017-09-29,4465,4455,0,2,0,0.9997254586337936,0.5212737333589657,True,bull,bull,False,,
2017-10-03,2017-10-02,4466,4456,1,2,1,0.9695607805219016,0.5109168226072692,True,bull,bull,False,,
2017-10-04,2017-10-03,4467,4457,0,1,2,0.4835418905611657,0.5310607372021054,True,bull,bull,False,,
2017-10-05,2017-10-04,4468,4458,1,2,1,0.0261763890608652,0.5350139108079668,False,neutral,bull,True,BULL_TO_NEUTRAL,
2017-10-06,2017-10-05,4469,4459,1,2,0,0.969930247754502,0.3442541053180133,False,neutral,neutral,False,,
2017-10-09,2017-10-06,4470,4460,0,2,0,0.8853725350239221,0.3202414269422179,False,neutral,neutral,False,,
2017-10-10,2017-10-09,4471,4461,2,1,0,0.9753810454831624,0.3198171222695006,False,neutral,neutral,False,,
2017-10-11,2017-10-10,4472,4462,0,2,1,0.9990000062275632,0.3195947857623364,False,neutral,neutral,False,,
2017-10-12,2017-10-11,4473,4463,0,1,2,0.930301890670008,0.3163455722496155,False,neutral,neutral,False,,
2017-10-13,2017-10-12,4474,4464,2,1,0,0.1849963786919789,0.3194242532004154,False,neutral,neutral,False,,
2017-10-16,2017-10-13,4475,4465,2,1,2,0.9818109202147358,0.535092963330449,True,bull,neutral,True,NEUTRAL_TO_BULL,
2017-10-17,2017-10-16,4476,4466,0,2,1,0.9971801619918308,0.5362031127294324,True,bull,bull,False,,
2017-10-18,2017-10-17,4477,4467,2,1,2,0.9996051652627784,0.5361292462260756,True,bull,bull,False,,
2017-10-19,2017-10-18,4478,4468,0,2,1,0.9999905059474812,0.5362568628078557,True,bull,bull,False,,
2017-10-20,2017-10-19,4479,4469,1,2,0,0.999856019920938,0.5352816919686911,True,bull,bull,False,,
2017-10-23,2017-10-20,4480,4470,0,2,0,0.995330405187902,0.4892510618761526,False,neutral,bull,True,BULL_TO_NEUTRAL,
2017-10-24,2017-10-23,4481,4471,0,2,0,0.9987154908163516,0.5058041471072758,True,bull,neutral,True,NEUTRAL_TO_BULL,
2017-10-25,2017-10-24,4482,4472,0,1,0,0.9986071652006778,0.5316584033104107,True,bull,bull,False,,
2017-10-26,2017-10-25,4483,4473,0,2,0,0.9988762555287652,0.4696272138838845,False,neutral,bull,True,BULL_TO_NEUTRAL,
2017-10-27,2017-10-26,4484,4474,0,2,0,0.9997171707357304,0.5341209035588272,True,bull,neutral,True,NEUTRAL_TO_BULL,
2017-10-30,2017-10-27,4485,4475,1,2,1,0.9971630212965468,0.46902639740302,False,neutral,bull,True,BULL_TO_NEUTRAL,
2017-10-31,2017-10-30,4486,4476,0,1,0,0.997257076499342,0.5010448136152494,True,bull,neutral,True,NEUTRAL_TO_BULL,
2017-11-01,2017-10-31,4487,4477,1,2,1,0.9972715193135034,0.5371670442360839,True,bull,bull,False,,
2017-11-02,2017-11-01,4488,4478,1,2,1,0.99560375548929,0.5374609396355916,True,bull,bull,False,,
2017-11-03,2017-11-02,4489,4479,1,2,1,0.9952137433048164,0.5383354649775524,True,bull,bull,False,,
2017-11-06,2017-11-03,4490,4480,2,1,2,0.9726679743684568,0.5263111876888001,True,bull,bull,False,,
2017-11-07,2017-11-06,4491,4481,1,2,1,0.9070329338640872,0.5378665356925745,True,bull,bull,False,,
2017-11-08,2017-11-07,4492,4482,0,1,0,0.8358554230529182,0.5347582786136049,True,bull,bull,False,,
2017-11-09,2017-11-08,4493,4483,0,2,1,0.923521558278397,0.5349330172812199,True,bull,bull,False,,
2017-11-10,2017-11-09,4494,4484,1,2,1,0.9977792341155496,0.5024632557827866,True,bull,bull,False,,
2017-11-13,2017-11-10,4495,4485,0,1,0,0.9979700216137336,0.5372612394244309,True,bull,bull,False,,
2017-11-14,2017-11-13,4496,4486,0,1,2,0.9997352663446448,0.539625796279623,True,bull,bull,False,,
2017-11-15,2017-11-14,4497,4487,0,2,1,0.999936597365912,0.5211908570874763,True,bull,bull,False,,
2017-11-16,2017-11-15,4498,4488,1,2,0,0.9979206876054618,0.473734043000222,False,neutral,bull,True,BULL_TO_NEUTRAL,
2017-11-17,2017-11-16,4499,4489,0,2,1,0.998802747082688,0.411419439052589,False,neutral,neutral,False,,
2017-11-20,2017-11-17,4500,4490,0,2,1,0.9987797823199768,0.5105434414159408,True,bull,neutral,True,NEUTRAL_TO_BULL,
2017-11-21,2017-11-20,4501,4491,0,2,1,0.9993022427951506,0.5346192996464276,True,bull,bull,False,,
2017-11-22,2017-11-21,4502,4492,2,1,0,0.9876028698209434,0.4674866065943293,False,neutral,bull,True,BULL_TO_NEUTRAL,
2017-11-24,2017-11-22,4503,4493,0,2,1,0.9673636837718694,0.5316826380273388,True,bull,neutral,True,NEUTRAL_TO_BULL,
2017-11-27,2017-11-24,4504,4494,0,1,2,0.8003721756449811,0.5319681919439989,True,bull,bull,False,,
2017-11-28,2017-11-27,4505,4495,0,2,1,0.6694079755268584,0.5337249682241105,True,bull,bull,False,,
2017-11-29,2017-11-28,4506,4496,2,1,2,0.9918534304207918,0.4128615709150438,False,neutral,bull,True,BULL_TO_NEUTRAL,
2017-11-30,2017-11-29,4507,4497,0,2,0,0.9249070797194198,0.3173681284008917,False,neutral,neutral,False,,
2017-12-01,2017-11-30,4508,4498,1,2,1,0.6986076700341194,0.3875228258298324,False,neutral,neutral,False,,
2017-12-04,2017-12-01,4509,4499,1,2,1,0.4754717709414345,0.3222882082933714,False,neutral,neutral,False,,
2017-12-05,2017-12-04,4510,4500,2,1,2,0.6461912775125704,0.3185727282269372,False,neutral,neutral,False,,
2017-12-06,2017-12-05,4511,4501,1,2,1,0.9346414938734928,0.3318944443876245,False,neutral,neutral,False,,
2017-12-07,2017-12-06,4512,4502,0,2,0,0.984810639958862,0.3159931771735284,False,neutral,neutral,False,,
2017-12-08,2017-12-07,4513,4503,2,1,2,0.9999684707409238,0.3241428830558377,False,neutral,neutral,False,,
2017-12-11,2017-12-08,4514,4504,1,2,1,0.9045604663844592,0.3436907960103879,False,neutral,neutral,False,,
2017-12-12,2017-12-11,4515,4505,2,1,2,0.1724164679282904,0.3233406520477292,False,neutral,neutral,False,,
2017-12-13,2017-12-12,4516,4506,0,2,1,0.5451194052527624,0.5360871606103794,True,bull,neutral,True,NEUTRAL_TO_BULL,
2017-12-14,2017-12-13,4517,4507,0,2,1,0.5665093265816178,0.5381783486449262,True,bull,bull,False,,
2017-12-15,2017-12-14,4518,4508,0,2,0,0.5257582257578981,0.4941108241942742,False,neutral,bull,True,BULL_TO_NEUTRAL,
2017-12-18,2017-12-15,4519,4509,0,2,1,0.2600787170525078,0.5237494900179944,False,neutral,neutral,False,,
2017-12-19,2017-12-18,4520,4510,1,2,1,0.9997189240189416,0.3505532477246403,False,neutral,neutral,False,,
2017-12-20,2017-12-19,4521,4511,1,2,1,0.7958049669536178,0.3336658166407579,False,neutral,neutral,False,,
2017-12-21,2017-12-20,4522,4512,1,2,1,0.914767555140838,0.5366499434210683,True,bull,neutral,True,NEUTRAL_TO_BULL,
2017-12-22,2017-12-21,4523,4513,0,2,0,0.996342073609892,0.5350929378516894,True,bull,bull,False,,
2017-12-26,2017-12-22,4524,4514,0,2,1,0.999116956936076,0.5341033960770318,True,bull,bull,False,,
2017-12-27,2017-12-26,4525,4515,0,2,0,0.9993425593530132,0.5324660419996521,True,bull,bull,False,,
2017-12-28,2017-12-27,4526,4516,0,1,2,0.9995639569530272,0.5364481769386825,True,bull,bull,False,,
2017-12-29,2017-12-28,4527,4517,0,2,1,0.9992619194121188,0.5345731186960523,True,bull,bull,False,,
2018-01-02,2017-12-29,4528,4518,0,2,1,0.9999832419931698,0.4995201847578334,False,neutral,bull,True,BULL_TO_NEUTRAL,
2018-01-03,2018-01-02,4529,4519,1,2,0,0.9999317528451872,0.4513057628179467,False,neutral,neutral,False,,
2018-01-04,2018-01-03,4530,4520,0,1,2,0.9294593403385808,0.4728313123680522,False,neutral,neutral,False,,
2018-01-05,2018-01-04,4531,4521,0,2,1,0.9682823114360368,0.3269666227737376,False,neutral,neutral,False,,
2018-01-08,2018-01-05,4532,4522,1,2,1,0.7688403394179696,0.3571202605328344,False,neutral,neutral,False,,
2018-01-09,2018-01-08,4533,4523,1,2,1,0.2353893894451551,0.3191460487344599,False,neutral,neutral,False,,
2018-01-10,2018-01-09,4534,4524,2,1,2,0.0775495402798668,0.3165774421007453,False,neutral,neutral,False,,
2018-01-11,2018-01-10,4535,4525,2,2,1,0.9342662632523407,0.1523313043459028,False,neutral,neutral,False,,
2018-01-12,2018-01-11,4536,4526,2,2,1,0.9602732537133908,0.1864290719213625,False,neutral,neutral,False,,
2018-01-16,2018-01-12,4537,4527,2,2,1,0.9831826914545608,0.1758187145651319,False,neutral,neutral,False,,
2018-01-17,2018-01-16,4538,4528,1,1,2,0.8796276775982929,0.1654532458081847,False,neutral,neutral,False,,
2018-01-18,2018-01-17,4539,4529,2,2,1,0.8568451502812658,0.224837624130902,False,neutral,neutral,False,,
2018-01-19,2018-01-18,4540,4530,1,1,2,0.7385440978555938,0.1533985917569584,False,neutral,neutral,False,,
2018-01-22,2018-01-19,4541,4531,2,2,0,0.6801461391318963,0.1583439105885382,False,neutral,neutral,False,,
2018-01-23,2018-01-22,4542,4532,1,1,2,0.90786592469627,0.2004011929037478,False,neutral,neutral,False,,
2018-01-24,2018-01-23,4543,4533,2,2,0,0.960258969432037,0.1479955907267256,False,neutral,neutral,False,,
2018-01-25,2018-01-24,4544,4534,2,2,0,0.9564513251336684,0.1497773417513347,False,neutral,neutral,False,,
2018-01-26,2018-01-25,4545,4535,1,1,2,0.8084681191651861,0.1484259821299472,False,neutral,neutral,False,,
2018-01-29,2018-01-26,4546,4536,1,1,2,0.9228268333170386,0.2745506846401216,False,neutral,neutral,False,,
2018-01-30,2018-01-29,4547,4537,2,2,1,0.8877789480379938,0.2043058591978994,False,neutral,neutral,False,,
2018-01-31,2018-01-30,4548,4538,2,2,1,0.3271166250934927,0.2770495377928192,False,neutral,neutral,False,,
2018-02-01,2018-01-31,4549,4539,2,1,2,0.8699390308616053,0.3172379062781805,False,neutral,neutral,False,,
2018-02-02,2018-02-01,4550,4540,1,2,1,0.9978316768242268,0.3182092205715802,False,neutral,neutral,False,,
2018-02-05,2018-02-02,4551,4541,1,1,2,0.8902148499398641,0.6584783149667506,True,bear,neutral,True,NEUTRAL_TO_BEAR,
2018-02-06,2018-02-05,4552,4542,2,2,1,0.999999956522402,0.9778552624048594,True,bear,bear,False,,
2018-02-07,2018-02-06,4553,4543,2,2,1,0.9999999984699628,0.5461417158487054,True,bear,bear,False,,
2018-02-08,2018-02-07,4554,4544,2,2,0,0.9999999999620016,0.1876012551423947,False,neutral,bear,True,BEAR_TO_NEUTRAL,
2018-02-09,2018-02-08,4555,4545,2,2,0,0.9999999999999808,0.9450927455660576,True,bear,neutral,True,NEUTRAL_TO_BEAR,
2018-02-12,2018-02-09,4556,4546,1,1,0,0.9999999999999728,0.3707869787775387,False,neutral,bear,True,BEAR_TO_NEUTRAL,
2018-02-13,2018-02-12,4557,4547,2,2,1,0.9999999999993672,0.364615410980381,False,neutral,neutral,False,,
2018-02-14,2018-02-13,4558,4548,1,1,2,0.9999999995211328,0.1490868599886384,False,neutral,neutral,False,,
2018-02-15,2018-02-14,4559,4549,2,2,0,0.9999999939823814,0.3284990739548091,False,neutral,neutral,False,,
2018-02-16,2018-02-15,4560,4550,1,1,0,0.9999957126532324,0.3067907737387004,False,neutral,neutral,False,,
2018-02-20,2018-02-16,4561,4551,1,1,2,0.999977382633596,0.1496108224488676,False,neutral,neutral,False,,
2018-02-21,2018-02-20,4562,4552,2,2,1,0.9999682015844348,0.198535592188766,False,neutral,neutral,False,,
2018-02-22,2018-02-21,4563,4553,1,1,0,0.999987428681822,0.1805093111384336,False,neutral,neutral,False,,
2018-02-23,2018-02-22,4564,4554,1,1,0,0.9999912432770468,0.150589503080919,False,neutral,neutral,False,,
2018-02-26,2018-02-23,4565,4555,2,2,1,0.9992038068840524,0.4094715173261923,False,neutral,neutral,False,,
2018-02-27,2018-02-26,4566,4556,2,2,1,0.9972264493017388,0.2745118396054368,False,neutral,neutral,False,,
2018-02-28,2018-02-27,4567,4557,2,2,1,0.9769756375975704,0.3394219052751145,False,neutral,neutral,False,,
2018-03-01,2018-02-28,4568,4558,2,1,0,0.9596086360486454,0.4148698530576431,False,neutral,neutral,False,,
2018-03-02,2018-03-01,4569,4559,1,1,0,0.842456034534504,0.3847012534055493,False,neutral,neutral,False,,
2018-03-05,2018-03-02,4570,4560,1,1,0,0.924613683675915,0.1680275272749253,False,neutral,neutral,False,,
2018-03-06,2018-03-05,4571,4561,1,1,0,0.9174114533876966,0.2722100950393075,False,neutral,neutral,False,,
2018-03-07,2018-03-06,4572,4562,1,1,0,0.9196211531068248,0.1544977633938687,False,neutral,neutral,False,,
2018-03-08,2018-03-07,4573,4563,1,1,0,0.8868319429301467,0.1537834550095875,False,neutral,neutral,False,,
2018-03-09,2018-03-08,4574,4564,1,1,0,0.8656393615246685,0.1661583418862161,False,neutral,neutral,False,,
2018-03-12,2018-03-09,4575,4565,2,2,1,0.987877766309773,0.4639500461002124,False,neutral,neutral,False,,
2018-03-13,2018-03-12,4576,4566,1,1,0,0.9923436466060106,0.1568106239875075,False,neutral,neutral,False,,
2018-03-14,2018-03-13,4577,4567,1,1,0,0.9962474319380024,0.2006667536674752,False,neutral,neutral,False,,
2018-03-15,2018-03-14,4578,4568,1,1,0,0.9960100385149356,0.1848100454949852,False,neutral,neutral,False,,
2018-03-16,2018-03-15,4579,4569,1,1,2,0.9170741123816254,0.1568611517975873,False,neutral,neutral,False,,
2018-03-19,2018-03-16,4580,4570,2,1,0,0.6937431263385,0.3267116247223528,False,neutral,neutral,False,,
2018-03-20,2018-03-19,4581,4571,2,1,0,0.3656595374607638,0.4238696048940633,False,neutral,neutral,False,,
2018-03-21,2018-03-20,4582,4572,0,2,1,0.1727446213458396,0.3141926165308387,False,neutral,neutral,False,,
2018-03-22,2018-03-21,4583,4573,2,2,1,0.9440189957297228,0.1607265626795301,False,neutral,neutral,False,,
2018-03-23,2018-03-22,4584,4574,1,1,0,0.9999428431574094,0.7164244439011593,True,bear,neutral,True,NEUTRAL_TO_BEAR,
2018-03-26,2018-03-23,4585,4575,1,1,2,0.9999997108975192,0.6367768365499027,True,bear,bear,False,,
2018-03-27,2018-03-26,4586,4576,1,1,2,0.9999992652978512,0.8079690089239637,True,bear,bear,False,,
2018-03-28,2018-03-27,4587,4577,1,1,2,0.9999999388637972,0.4665828805889014,False,neutral,bear,True,BEAR_TO_NEUTRAL,
2018-03-29,2018-03-28,4588,4578,1,1,0,0.9999999393715178,0.1664755101265847,False,neutral,neutral,False,,
2018-04-02,2018-03-29,4589,4579,1,1,0,0.9999989960812412,0.3076073260685942,False,neutral,neutral,False,,
2018-04-03,2018-04-02,4590,4580,2,2,1,0.999995075544326,0.6176677246593768,True,bear,neutral,True,NEUTRAL_TO_BEAR,
2018-04-04,2018-04-03,4591,4581,1,1,0,0.9999589648932026,0.3088335705860563,False,neutral,bear,True,BEAR_TO_NEUTRAL,
2018-04-05,2018-04-04,4592,4582,2,2,0,0.9968339057625925,0.2555393034780917,False,neutral,neutral,False,,
2018-04-06,2018-04-05,4593,4583,2,2,0,0.8413423845587157,0.198892826468257,False,neutral,neutral,False,,
2018-04-09,2018-04-06,4594,4584,1,1,0,0.8301422371888619,0.6439439071431743,True,bear,neutral,True,NEUTRAL_TO_BEAR,
2018-04-10,2018-04-09,4595,4585,2,2,0,0.6262328921739015,0.1663931801217026,False,neutral,bear,True,BEAR_TO_NEUTRAL,
2018-04-11,2018-04-10,4596,4586,1,1,0,0.6795737301330919,0.4157069685432711,False,neutral,neutral,False,,
2018-04-12,2018-04-11,4597,4587,2,1,0,0.3224464670187924,0.3477843032513435,False,neutral,neutral,False,,
2018-04-13,2018-04-12,4598,4588,2,1,0,0.1986926831542041,0.368704988135046,False,neutral,neutral,False,,
2018-04-16,2018-04-13,4599,4589,2,2,0,0.8730322952428798,0.166391676233018,False,neutral,neutral,False,,
2018-04-17,2018-04-16,4600,4590,1,2,0,0.4660708031747548,0.367577585909187,False,neutral,neutral,False,,
2018-04-18,2018-04-17,4601,4591,1,1,0,0.9116511241888632,0.2555113167483773,False,neutral,neutral,False,,
2018-04-19,2018-04-18,4602,4592,1,1,0,0.987229990732151,0.1553454903120236,False,neutral,neutral,False,,
2018-04-20,2018-04-19,4603,4593,1,1,0,0.9941499790130196,0.1935670596638812,False,neutral,neutral,False,,
2018-04-23,2018-04-20,4604,4594,1,1,0,0.8807969652739367,0.2390496616705428,False,neutral,neutral,False,,
2018-04-24,2018-04-23,4605,4595,2,1,0,0.8131180871292445,0.3154175447127165,False,neutral,neutral,False,,
2018-04-25,2018-04-24,4606,4596,2,1,0,0.491383243224023,0.4227046044545282,False,neutral,neutral,False,,
2018-04-26,2018-04-25,4607,4597,2,1,0,0.4629283837070908,0.3143120066155389,False,neutral,neutral,False,,
2018-04-27,2018-04-26,4608,4598,2,1,0,0.4779343995719646,0.3965664031813966,False,neutral,neutral,False,,
2018-04-30,2018-04-27,4609,4599,0,2,0,0.4898835153561703,0.3155399377709105,False,neutral,neutral,False,,
2018-05-01,2018-04-30,4610,4600,2,1,0,0.4225892928790156,0.3708086678502259,False,neutral,neutral,False,,
2018-05-02,2018-05-01,4611,4601,0,2,0,0.7003730774024552,0.316353935495454,False,neutral,neutral,False,,
2018-05-03,2018-05-02,4612,4602,2,1,0,0.9999998877540528,0.3593906234855724,False,neutral,neutral,False,,
2018-05-04,2018-05-03,4613,4603,0,2,1,0.9828480751928236,0.3192694018514536,False,neutral,neutral,False,,
2018-05-07,2018-05-04,4614,4604,0,2,1,0.9029885766123972,0.4351191599032556,False,neutral,neutral,False,,
2018-05-08,2018-05-07,4615,4605,2,1,0,0.9704315835100658,0.3188101399501685,False,neutral,neutral,False,,
2018-05-09,2018-05-08,4616,4606,0,1,2,0.9652223318609588,0.3133134994767331,False,neutral,neutral,False,,
2018-05-10,2018-05-09,4617,4607,0,2,1,0.9482443292501866,0.3925994258721517,False,neutral,neutral,False,,
2018-05-11,2018-05-10,4618,4608,0,1,2,0.1699366215677032,0.3849467640384914,False,neutral,neutral,False,,
2018-05-14,2018-05-11,4619,4609,2,2,1,0.9894544555083676,0.1577790704934409,False,neutral,neutral,False,,
2018-05-15,2018-05-14,4620,4610,1,1,0,0.997778641426469,0.1540375030177968,False,neutral,neutral,False,,
2018-05-16,2018-05-15,4621,4611,1,1,0,0.9976602596184974,0.2117156686484915,False,neutral,neutral,False,,
2018-05-17,2018-05-16,4622,4612,2,2,1,0.9906234343036924,0.1648195447534036,False,neutral,neutral,False,,
2018-05-18,2018-05-17,4623,4613,1,1,0,0.7203814091220476,0.1567881798981715,False,neutral,neutral,False,,
2018-05-21,2018-05-18,4624,4614,2,1,0,0.764613723291748,0.320859635337706,False,neutral,neutral,False,,
2018-05-22,2018-05-21,4625,4615,2,1,0,0.9730613653935166,0.3612564199192524,False,neutral,neutral,False,,
2018-05-23,2018-05-22,4626,4616,2,1,2,0.1233016052371618,0.3259211612955536,False,neutral,neutral,False,,
2018-05-24,2018-05-23,4627,4617,0,1,0,0.9987217241737292,0.5253602643995606,True,bull,neutral,True,NEUTRAL_TO_BULL,
2018-05-25,2018-05-24,4628,4618,0,1,0,0.9987490134669323,0.5190678345612287,True,bull,bull,False,,
2018-05-29,2018-05-25,4629,4619,0,1,0,0.998872489941529,0.5155380900524521,True,bull,bull,False,,
2018-05-30,2018-05-29,4630,4620,0,1,0,0.7285894412453308,0.2775244411910221,False,neutral,bull,True,BULL_TO_NEUTRAL,
2018-05-31,2018-05-30,4631,4621,0,1,0,0.795439093489892,0.2318695744807638,False,neutral,neutral,False,,
2018-06-01,2018-05-31,4632,4622,0,1,0,0.7007675289149402,0.4484824229674884,False,neutral,neutral,False,,
2018-06-04,2018-06-01,4633,4623,1,2,1,0.4993805857841851,0.3690830635159379,False,neutral,neutral,False,,
2018-06-05,2018-06-04,4634,4624,0,1,0,0.0428862178369986,0.502816490257368,False,neutral,neutral,False,,
2018-06-06,2018-06-05,4635,4625,2,1,0,0.9959972017599198,0.3131991497696579,False,neutral,neutral,False,,
2018-06-07,2018-06-06,4636,4626,0,1,2,0.7136960841194607,0.3728307855068638,False,neutral,neutral,False,,
2018-06-08,2018-06-07,4637,4627,0,1,0,0.2601764271806313,0.3156546656978234,False,neutral,neutral,False,,
2018-06-11,2018-06-08,4638,4628,2,1,0,0.0825082745143318,0.3209695288823576,False,neutral,neutral,False,,
2018-06-12,2018-06-11,4639,4629,1,1,2,0.9637352585254072,0.1542851592332057,False,neutral,neutral,False,,
2018-06-13,2018-06-12,4640,4630,1,1,2,0.7585958854507365,0.1545531208513853,False,neutral,neutral,False,,
2018-06-14,2018-06-13,4641,4631,1,1,2,0.6003461640637429,0.1690194956047651,False,neutral,neutral,False,,
2018-06-15,2018-06-14,4642,4632,2,1,2,0.9818280521611362,0.3193742061756983,False,neutral,neutral,False,,
2018-06-18,2018-06-15,4643,4633,2,1,0,0.531082815299015,0.3489066266313635,False,neutral,neutral,False,,
2018-06-19,2018-06-18,4644,4634,2,1,2,0.9114146300537116,0.5134451635534815,True,bull,neutral,True,NEUTRAL_TO_BULL,
2018-06-20,2018-06-19,4645,4635,1,2,0,0.933942453271541,0.4921709695599568,False,neutral,bull,True,BULL_TO_NEUTRAL,
2018-06-21,2018-06-20,4646,4636,0,1,0,0.8866252707111751,0.528298109825374,True,bull,neutral,True,NEUTRAL_TO_BULL,
2018-06-22,2018-06-21,4647,4637,0,1,0,0.0779123797112053,0.444118411213579,False,neutral,bull,True,BULL_TO_NEUTRAL,
2018-06-25,2018-06-22,4648,4638,2,1,0,0.9994681310524226,0.3159264985434152,False,neutral,neutral,False,,
2018-06-26,2018-06-25,4649,4639,2,1,0,0.6373241727648541,0.4238320159786092,False,neutral,neutral,False,,
2018-06-27,2018-06-26,4650,4640,2,1,0,0.4445600499501208,0.3173638252841448,False,neutral,neutral,False,,
2018-06-28,2018-06-27,4651,4641,2,1,0,0.1004050794420736,0.376513626439118,False,neutral,neutral,False,,
2018-06-29,2018-06-28,4652,4642,2,1,0,0.2432791426387846,0.3413765166767433,False,neutral,neutral,False,,
2018-07-02,2018-06-29,4653,4643,2,1,0,0.3991638428990546,0.3150923872018473,False,neutral,neutral,False,,
2018-07-03,2018-07-02,4654,4644,0,1,2,0.8259912335756434,0.3141534025016647,False,neutral,neutral,False,,
2018-07-05,2018-07-03,4655,4645,0,1,2,0.973995296632444,0.3283571037922149,False,neutral,neutral,False,,
2018-07-06,2018-07-05,4656,4646,2,1,0,0.9976549213375472,0.3678058714830629,False,neutral,neutral,False,,
2018-07-09,2018-07-06,4657,4647,2,1,0,0.9999999989469408,0.3720511402650052,False,neutral,neutral,False,,
2018-07-10,2018-07-09,4658,4648,0,1,2,0.4784930201362734,0.380451032424423,False,neutral,neutral,False,,
2018-07-11,2018-07-10,4659,4649,1,1,0,0.9574384518676486,0.1613224239081249,False,neutral,neutral,False,,
2018-07-12,2018-07-11,4660,4650,1,1,0,0.978639077184917,0.217289246993439,False,neutral,neutral,False,,
2018-07-13,2018-07-12,4661,4651,1,1,0,0.9841871603498284,0.2220630762083094,False,neutral,neutral,False,,
2018-07-16,2018-07-13,4662,4652,1,1,2,0.9863838300561868,0.1549751229700603,False,neutral,neutral,False,,
2018-07-17,2018-07-16,4663,4653,1,1,2,0.9743935726116988,0.1558633669979706,False,neutral,neutral,False,,
2018-07-18,2018-07-17,4664,4654,1,1,0,0.945891878965506,0.164983753747452,False,neutral,neutral,False,,
2018-07-19,2018-07-18,4665,4655,0,1,2,0.5910077369489087,0.3140947747555243,False,neutral,neutral,False,,
2018-07-20,2018-07-19,4666,4656,2,1,0,1.0,0.3300093860667502,False,neutral,neutral,False,,
2018-07-23,2018-07-20,4667,4657,2,1,0,0.1339926405687185,0.3151909185999698,False,neutral,neutral,False,,
2018-07-24,2018-07-23,4668,4658,0,1,0,0.935187742224401,0.530538447574394,True,bull,neutral,True,NEUTRAL_TO_BULL,
2018-07-25,2018-07-24,4669,4659,0,1,0,0.7901248803098198,0.4966652868415792,False,neutral,bull,True,BULL_TO_NEUTRAL,
2018-07-26,2018-07-25,4670,4660,0,1,0,0.4657810294585,0.4124922189401513,False,neutral,neutral,False,,
2018-07-27,2018-07-26,4671,4661,0,1,0,0.0430935536408543,0.516066240321677,False,neutral,neutral,False,,
2018-07-30,2018-07-27,4672,4662,0,2,1,0.8390141216185394,0.3596631469222861,False,neutral,neutral,False,,
2018-07-31,2018-07-30,4673,4663,0,1,2,0.6677303996246277,0.3436695472065431,False,neutral,neutral,False,,
2018-08-01,2018-07-31,4674,4664,2,1,2,0.7807087256159391,0.3354773020539517,False,neutral,neutral,False,,
2018-08-02,2018-08-01,4675,4665,2,1,0,0.6911409860715483,0.3167044395670956,False,neutral,neutral,False,,
2018-08-03,2018-08-02,4676,4666,0,2,1,0.5387078863107277,0.3353573943575573,False,neutral,neutral,False,,
2018-08-06,2018-08-03,4677,4667,2,1,0,0.5058137601287883,0.325080112266028,False,neutral,neutral,False,,
2018-08-07,2018-08-06,4678,4668,0,2,0,0.9270184366367872,0.3252800524517366,False,neutral,neutral,False,,
2018-08-08,2018-08-07,4679,4669,2,1,0,0.9944597501071316,0.3239172895379467,False,neutral,neutral,False,,
2018-08-09,2018-08-08,4680,4670,2,1,0,0.9617854103633574,0.315346769322461,False,neutral,neutral,False,,
2018-08-10,2018-08-09,4681,4671,0,1,2,0.9082142387575276,0.3171774202805414,False,neutral,neutral,False,,
2018-08-13,2018-08-10,4682,4672,2,0,1,0.9465650257679664,0.3560023796305298,False,neutral,neutral,False,,
2018-08-14,2018-08-13,4683,4673,2,1,0,0.9990077817866776,0.3283238280794079,False,neutral,neutral,False,,
2018-08-15,2018-08-14,4684,4674,2,1,0,0.8972749462494011,0.352494174800245,False,neutral,neutral,False,,
2018-08-16,2018-08-15,4685,4675,0,1,2,0.4812683178385141,0.364042126261391,False,neutral,neutral,False,,
2018-08-17,2018-08-16,4686,4676,0,1,2,0.2901927066960003,0.3735728460888097,False,neutral,neutral,False,,
2018-08-20,2018-08-17,4687,4677,1,2,1,0.6336422334784629,0.5114660356834054,True,bull,neutral,True,NEUTRAL_TO_BULL,
2018-08-21,2018-08-20,4688,4678,1,2,1,0.4134376494466321,0.5271238857840796,True,bull,bull,False,,
2018-08-22,2018-08-21,4689,4679,2,1,2,0.9787828838574656,0.3207262664186333,False,neutral,bull,True,BULL_TO_NEUTRAL,
2018-08-23,2018-08-22,4690,4680,2,1,0,0.9688856832433066,0.316297389264545,False,neutral,neutral,False,,
2018-08-24,2018-08-23,4691,4681,0,2,1,0.9983527398531932,0.3182878229624845,False,neutral,neutral,False,,
2018-08-27,2018-08-24,4692,4682,0,2,1,0.9888010231301372,0.3444682468373571,False,neutral,neutral,False,,
2018-08-28,2018-08-27,4693,4683,0,1,2,0.8606493429557218,0.3671600445925508,False,neutral,neutral,False,,
2018-08-29,2018-08-28,4694,4684,0,2,1,0.558467581671716,0.3150598502662187,False,neutral,neutral,False,,
2018-08-30,2018-08-29,4695,4685,1,2,1,0.5945501645743214,0.3383832463313161,False,neutral,neutral,False,,
2018-08-31,2018-08-30,4696,4686,2,1,0,0.699769331724692,0.3348959339945727,False,neutral,neutral,False,,
2018-09-04,2018-08-31,4697,4687,0,2,0,0.7391806832934883,0.3177281391131945,False,neutral,neutral,False,,
2018-09-05,2018-09-04,4698,4688,2,1,0,0.9216589010189812,0.3208812714809553,False,neutral,neutral,False,,
2018-09-06,2018-09-05,4699,4689,0,2,1,0.9836967496632942,0.3255136843449923,False,neutral,neutral,False,,
2018-09-07,2018-09-06,4700,4690,0,2,1,0.9939631998632608,0.3277936949203643,False,neutral,neutral,False,,
2018-09-10,2018-09-07,4701,4691,2,1,0,0.2562831193022238,0.3218739857837416,False,neutral,neutral,False,,
2018-09-11,2018-09-10,4702,4692,0,1,0,0.867322783675872,0.5248507899522837,True,bull,neutral,True,NEUTRAL_TO_BULL,
2018-09-12,2018-09-11,4703,4693,0,1,0,0.8675564119941431,0.5107088503568109,True,bull,bull,False,,
2018-09-13,2018-09-12,4704,4694,0,1,0,0.8817837097923074,0.5297214887556806,True,bull,bull,False,,
2018-09-14,2018-09-13,4705,4695,0,1,0,0.9608078155773804,0.4782507531448705,False,neutral,bull,True,BULL_TO_NEUTRAL,
2018-09-17,2018-09-14,4706,4696,1,2,1,0.9184864875906618,0.5293781309314479,True,bull,neutral,True,NEUTRAL_TO_BULL,
2018-09-18,2018-09-17,4707,4697,1,2,1,0.951750780568137,0.4645962149512683,False,neutral,bull,True,BULL_TO_NEUTRAL,
2018-09-19,2018-09-18,4708,4698,0,1,0,0.8628094492825792,0.4780909320005644,False,neutral,neutral,False,,
2018-09-20,2018-09-19,4709,4699,0,1,0,0.643279457461189,0.5299981840068957,True,bull,neutral,True,NEUTRAL_TO_BULL,
2018-09-21,2018-09-20,4710,4700,2,1,0,0.9976457475743464,0.3707476167272897,False,neutral,bull,True,BULL_TO_NEUTRAL,
2018-09-24,2018-09-21,4711,4701,2,1,0,0.9791129211362292,0.3459649305557535,False,neutral,neutral,False,,
2018-09-25,2018-09-24,4712,4702,1,2,0,0.4592474340193049,0.3294250117132717,False,neutral,neutral,False,,
2018-09-26,2018-09-25,4713,4703,0,2,0,0.8158546899489824,0.5279047349593919,True,bull,neutral,True,NEUTRAL_TO_BULL,
2018-09-27,2018-09-26,4714,4704,0,1,0,0.924894492821,0.5062155835861357,True,bull,bull,False,,
2018-09-28,2018-09-27,4715,4705,0,2,0,0.9223428769751856,0.5192341746688254,True,bull,bull,False,,
2018-10-01,2018-09-28,4716,4706,1,2,1,0.919955754288872,0.5200850656912237,True,bull,bull,False,,
2018-10-02,2018-10-01,4717,4707,0,1,0,0.982031148287268,0.5106841444017863,True,bull,bull,False,,
2018-10-03,2018-10-02,4718,4708,0,1,0,0.9807635548652932,0.5276183400173599,True,bull,bull,False,,
2018-10-04,2018-10-03,4719,4709,0,1,0,0.9794478894710992,0.531344869023919,True,bull,bull,False,,
2018-10-05,2018-10-04,4720,4710,2,1,2,0.9977790975898062,0.4018220116599202,False,neutral,bull,True,BULL_TO_NEUTRAL,
2018-10-08,2018-10-05,4721,4711,0,1,0,0.8614157653056856,0.4594707194245424,False,neutral,neutral,False,,
2018-10-09,2018-10-08,4722,4712,1,2,1,0.3497613929976448,0.5300369485206574,True,bull,neutral,True,NEUTRAL_TO_BULL,
2018-10-10,2018-10-09,4723,4713,0,1,2,0.9996424259723078,0.3184140498182859,False,neutral,bull,True,BULL_TO_NEUTRAL,
2018-10-11,2018-10-10,4724,4714,1,1,0,0.9989114671434968,0.8737560479754976,True,bear,neutral,True,NEUTRAL_TO_BEAR,
2018-10-12,2018-10-11,4725,4715,2,2,1,0.9999999711829654,0.6434320051106026,True,bear,bear,False,,
2018-10-15,2018-10-12,4726,4716,1,1,0,0.999999997798025,0.3436370870382651,False,neutral,bear,True,BEAR_TO_NEUTRAL,
2018-10-16,2018-10-15,4727,4717,1,1,0,0.9999999995175884,0.192489999998578,False,neutral,neutral,False,,
2018-10-17,2018-10-16,4728,4718,2,2,0,0.9999999971986776,0.6240125651985412,True,bear,neutral,True,NEUTRAL_TO_BEAR,
2018-10-18,2018-10-17,4729,4719,2,2,1,0.9999999372689472,0.1547013352763463,False,neutral,bear,True,BEAR_TO_NEUTRAL,
2018-10-19,2018-10-18,4730,4720,2,2,1,0.999999310702492,0.3969610191267975,False,neutral,neutral,False,,
2018-10-22,2018-10-19,4731,4721,2,2,1,0.9999919981357818,0.1557181036759471,False,neutral,neutral,False,,
2018-10-23,2018-10-22,4732,4722,1,1,2,0.999619759827059,0.180339634561656,False,neutral,neutral,False,,
2018-10-24,2018-10-23,4733,4723,1,1,2,0.7397803406088008,0.1863988677855486,False,neutral,neutral,False,,
2018-10-25,2018-10-24,4734,4724,1,1,2,0.9994657519580104,0.8745108540398188,True,bear,neutral,True,NEUTRAL_TO_BEAR,
2018-10-26,2018-10-25,4735,4725,1,1,2,0.999861839980115,0.4869648290502152,False,neutral,bear,True,BEAR_TO_NEUTRAL,
2018-10-29,2018-10-26,4736,4726,1,1,2,0.9999967795286452,0.4939678177990987,False,neutral,neutral,False,,
2018-10-30,2018-10-29,4737,4727,1,1,2,0.9999998700256264,0.1919246103141779,False,neutral,neutral,False,,
2018-10-31,2018-10-30,4738,4728,2,2,0,0.9999990649072944,0.3794500365979801,False,neutral,neutral,False,,
2018-11-01,2018-10-31,4739,4729,1,1,2,0.9999440005203072,0.2589616091274349,False,neutral,neutral,False,,
2018-11-02,2018-11-01,4740,4730,2,2,1,0.9997703680781556,0.2582262422119742,False,neutral,neutral,False,,
2018-11-05,2018-11-02,4741,4731,2,2,0,0.998323618333058,0.1975439555959588,False,neutral,neutral,False,,
2018-11-06,2018-11-05,4742,4732,1,1,2,0.9956662499545588,0.1765846996705214,False,neutral,neutral,False,,
2018-11-07,2018-11-06,4743,4733,2,2,1,0.9982743980026524,0.1851357866078901,False,neutral,neutral,False,,
2018-11-08,2018-11-07,4744,4734,1,1,2,0.9999831799045974,0.6090427600671128,True,bear,neutral,True,NEUTRAL_TO_BEAR,
2018-11-09,2018-11-08,4745,4735,2,2,1,0.9999993589188952,0.1618003094823639,False,neutral,bear,True,BEAR_TO_NEUTRAL,
2018-11-12,2018-11-09,4746,4736,1,1,2,0.999997249484071,0.2655276025744195,False,neutral,neutral,False,,
2018-11-13,2018-11-12,4747,4737,1,1,2,0.9995663132808246,0.5307567444342579,True,bear,neutral,True,NEUTRAL_TO_BEAR,
2018-11-14,2018-11-13,4748,4738,1,1,2,0.9946530612405672,0.1623495750901479,False,neutral,bear,True,BEAR_TO_NEUTRAL,
2018-11-15,2018-11-14,4749,4739,2,2,1,0.9958444751835028,0.2112765469875003,False,neutral,neutral,False,,
2018-11-16,2018-11-15,4750,4740,2,2,1,0.9962327661186918,0.2551383791897019,False,neutral,neutral,False,,
2018-11-19,2018-11-16,4751,4741,2,2,0,0.9937281571586788,0.1588993973931109,False,neutral,neutral,False,,
2018-11-20,2018-11-19,4752,4742,2,2,1,0.9990538185835054,0.473339558690346,False,neutral,neutral,False,,
2018-11-21,2018-11-20,4753,4743,2,2,0,0.9999890643737832,0.5421290190846295,True,bear,neutral,True,NEUTRAL_TO_BEAR,
2018-11-23,2018-11-21,4754,4744,1,1,0,0.9999880985884446,0.1623665262557098,False,neutral,bear,True,BEAR_TO_NEUTRAL,
2018-11-26,2018-11-23,4755,4745,2,2,1,0.9999422654654444,0.2096763437074121,False,neutral,neutral,False,,
2018-11-27,2018-11-26,4756,4746,2,2,1,0.9979243887422784,0.4271610204496737,False,neutral,neutral,False,,
2018-11-28,2018-11-27,4757,4747,1,1,0,0.9951098866511464,0.1624509406136574,False,neutral,neutral,False,,
2018-11-29,2018-11-28,4758,4748,1,1,0,0.9988593999858372,0.6636061004152726,True,bear,neutral,True,NEUTRAL_TO_BEAR,
2018-11-30,2018-11-29,4759,4749,2,2,1,0.999690019595624,0.1647515425716061,False,neutral,bear,True,BEAR_TO_NEUTRAL,
2018-12-03,2018-11-30,4760,4750,1,1,0,0.999926350771119,0.1838191122335937,False,neutral,neutral,False,,
2018-12-04,2018-12-03,4761,4751,1,1,0,0.9999978673125044,0.331230956018344,False,neutral,neutral,False,,
2018-12-06,2018-12-04,4762,4752,1,1,0,0.99999777410782,0.8858042484864445,True,bear,neutral,True,NEUTRAL_TO_BEAR,
2018-12-07,2018-12-06,4763,4753,1,1,0,0.999986197829154,0.1617574863300585,False,neutral,bear,True,BEAR_TO_NEUTRAL,
2018-12-10,2018-12-07,4764,4754,1,1,0,0.9999942216117356,0.6756680120178604,True,bear,neutral,True,NEUTRAL_TO_BEAR,
2018-12-11,2018-12-10,4765,4755,1,1,2,0.9999901855151848,0.1579197586489663,False,neutral,bear,True,BEAR_TO_NEUTRAL,
2018-12-12,2018-12-11,4766,4756,1,1,0,0.9999976879734104,0.1573220104389939,False,neutral,neutral,False,,
2018-12-13,2018-12-12,4767,4757,1,1,0,0.999998995164988,0.1740124392832878,False,neutral,neutral,False,,
2018-12-14,2018-12-13,4768,4758,2,2,1,0.9999987872894712,0.1583909120528074,False,neutral,neutral,False,,
2018-12-17,2018-12-14,4769,4759,1,1,2,0.999999670728928,0.5242810698334229,True,bear,neutral,True,NEUTRAL_TO_BEAR,
2018-12-18,2018-12-17,4770,4760,2,2,1,0.999999959896382,0.5603891505917994,True,bear,bear,False,,
2018-12-19,2018-12-18,4771,4761,1,1,2,0.9999922461329516,0.1615861270160862,False,neutral,bear,True,BEAR_TO_NEUTRAL,
2018-12-20,2018-12-19,4772,4762,2,2,0,0.9999993799763536,0.4110764144608994,False,neutral,neutral,False,,
2018-12-21,2018-12-20,4773,4763,1,1,2,0.9999999730025976,0.4522053211163955,False,neutral,neutral,False,,
2018-12-24,2018-12-21,4774,4764,1,1,0,0.999999999989126,0.751128418967361,True,bear,neutral,True,NEUTRAL_TO_BEAR,
2018-12-26,2018-12-24,4775,4765,2,2,0,0.999999999999986,0.7529728261888142,True,bear,bear,False,,
2018-12-27,2018-12-26,4776,4766,2,2,1,0.99999999999956,0.9980295812239264,True,bear,bear,False,,
2018-12-28,2018-12-27,4777,4767,1,1,2,0.9999999999911574,0.2001126439203796,False,neutral,bear,True,BEAR_TO_NEUTRAL,
2018-12-31,2018-12-28,4778,4768,1,1,0,0.9999999820093296,0.1571460576449606,False,neutral,neutral,False,,
2019-01-02,2018-12-31,4779,4769,2,2,0,0.9999989749348838,0.2112775146270211,False,neutral,neutral,False,,
2019-01-03,2019-01-02,4780,4770,2,2,1,0.999997010628105,0.1553508984887125,False,neutral,neutral,False,,
2019-01-04,2019-01-03,4781,4771,2,2,0,0.9999256944159876,0.6899766972327422,True,bear,neutral,True,NEUTRAL_TO_BEAR,
2019-01-07,2019-01-04,4782,4772,1,1,0,0.9999898158538114,0.9147051930193218,True,bear,bear,False,,
2019-01-08,2019-01-07,4783,4773,2,2,1,0.999997769921236,0.2008487810276716,False,neutral,bear,True,BEAR_TO_NEUTRAL,
2019-01-09,2019-01-08,4784,4774,2,2,1,0.9999994232234136,0.2286193566592662,False,neutral,neutral,False,,
2019-01-10,2019-01-09,4785,4775,1,1,0,0.9993484884909266,0.1650268917197982,False,neutral,neutral,False,,
2019-01-11,2019-01-10,4786,4776,2,2,0,0.999810381438203,0.1586044474938937,False,neutral,neutral,False,,
2019-01-14,2019-01-11,4787,4777,2,2,1,0.9999590939108988,0.1558572130135643,False,neutral,neutral,False,,
2019-01-15,2019-01-14,4788,4778,1,1,0,0.9998106642721634,0.1998262386015244,False,neutral,neutral,False,,
2019-01-16,2019-01-15,4789,4779,1,1,0,0.99987838462732,0.2674611483071929,False,neutral,neutral,False,,
2019-01-17,2019-01-16,4790,4780,2,2,1,0.99992870201878,0.1592764172655221,False,neutral,neutral,False,,
2019-01-18,2019-01-17,4791,4781,2,2,0,0.8747576749447172,0.1951729057624487,False,neutral,neutral,False,,
2019-01-22,2019-01-18,4792,4782,2,2,0,0.9568972208422382,0.317300193155823,False,neutral,neutral,False,,
2019-01-23,2019-01-22,4793,4783,1,1,2,0.8609386315013742,0.3685004546830902,False,neutral,neutral,False,,
2019-01-24,2019-01-23,4794,4784,1,1,0,0.7272070775974523,0.1550582530030367,False,neutral,neutral,False,,
2019-01-25,2019-01-24,4795,4785,2,2,0,0.611239259718818,0.1541776474938091,False,neutral,neutral,False,,
2019-01-28,2019-01-25,4796,4786,2,1,0,0.2887335264668182,0.3713455558955704,False,neutral,neutral,False,,
2019-01-29,2019-01-28,4797,4787,0,2,1,0.5270190992426166,0.3675863647582028,False,neutral,neutral,False,,
2019-01-30,2019-01-29,4798,4788,1,2,0,0.9999999746313736,0.3139704207130215,False,neutral,neutral,False,,
2019-01-31,2019-01-30,4799,4789,2,1,0,0.9991487456221646,0.4615213591033337,False,neutral,neutral,False,,
2019-02-01,2019-01-31,4800,4790,2,1,0,0.7214259189667308,0.375703371477343,False,neutral,neutral,False,,
2019-02-04,2019-02-01,4801,4791,1,2,1,0.3496390932933967,0.3099504737538401,False,neutral,neutral,False,,
2019-02-05,2019-02-04,4802,4792,2,2,0,0.9506775910481274,0.1880158905242143,False,neutral,neutral,False,,
2019-02-06,2019-02-05,4803,4793,2,2,1,0.9888205416580302,0.1625967215741038,False,neutral,neutral,False,,
2019-02-07,2019-02-06,4804,4794,1,1,0,0.9926852545071366,0.1588674564127555,False,neutral,neutral,False,,
2019-02-08,2019-02-07,4805,4795,2,2,1,0.974582174274708,0.2617267213364904,False,neutral,neutral,False,,
2019-02-11,2019-02-08,4806,4796,1,1,0,0.956640831236123,0.1542890202400257,False,neutral,neutral,False,,
2019-02-12,2019-02-11,4807,4797,2,2,0,0.6599100913524214,0.154570227196754,False,neutral,neutral,False,,
2019-02-13,2019-02-12,4808,4798,0,2,1,0.9999277171355512,0.4382013456312996,False,neutral,neutral,False,,
2019-02-14,2019-02-13,4809,4799,1,2,0,0.999999999876912,0.3169722601616745,False,neutral,neutral,False,,
2019-02-15,2019-02-14,4810,4800,2,1,0,0.999997898643417,0.3177605260077122,False,neutral,neutral,False,,
2019-02-19,2019-02-15,4811,4801,0,2,1,0.8813753601395453,0.4093086160939891,False,neutral,neutral,False,,
2019-02-20,2019-02-19,4812,4802,2,1,2,0.4363506419126053,0.3109048649254928,False,neutral,neutral,False,,
2019-02-21,2019-02-20,4813,4803,2,1,2,0.1371116463220895,0.3119910812558404,False,neutral,neutral,False,,
2019-02-22,2019-02-21,4814,4804,1,1,2,0.910886567925136,0.1725272872636517,False,neutral,neutral,False,,
2019-02-25,2019-02-22,4815,4805,1,1,0,0.8706544357829692,0.1796478356880463,False,neutral,neutral,False,,
2019-02-26,2019-02-25,4816,4806,1,1,2,0.6363970144256115,0.1542321271574767,False,neutral,neutral,False,,
2019-02-27,2019-02-26,4817,4807,1,2,1,0.990653841698072,0.3128810237391766,False,neutral,neutral,False,,
2019-02-28,2019-02-27,4818,4808,1,2,1,1.0,0.3111622606313511,False,neutral,neutral,False,,
2019-03-01,2019-02-28,4819,4809,2,1,2,0.7204570642872828,0.3159862190248854,False,neutral,neutral,False,,
2019-03-04,2019-03-01,4820,4810,1,0,2,0.988853578487549,0.478074591041764,False,neutral,neutral,False,,
2019-03-05,2019-03-04,4821,4811,0,1,2,0.9973600952126088,0.496817387748375,False,neutral,neutral,False,,
2019-03-06,2019-03-05,4822,4812,0,2,1,0.999315657663054,0.5251712968429324,True,bull,neutral,True,NEUTRAL_TO_BULL,
2019-03-07,2019-03-06,4823,4813,1,2,0,0.9925430005599128,0.4490644531408769,False,neutral,bull,True,BULL_TO_NEUTRAL,
2019-03-08,2019-03-07,4824,4814,1,2,0,0.3443861719630863,0.3869071264770889,False,neutral,neutral,False,,
2019-03-11,2019-03-08,4825,4815,2,1,0,0.9967269789992206,0.3166254237138073,False,neutral,neutral,False,,
2019-03-12,2019-03-11,4826,4816,0,2,0,0.9992136385981366,0.4558895679647555,False,neutral,neutral,False,,
2019-03-13,2019-03-12,4827,4817,0,2,0,0.9988044449645812,0.3201963519076792,False,neutral,neutral,False,,
2019-03-14,2019-03-13,4828,4818,2,1,2,0.9462753111995216,0.3473684904148763,False,neutral,neutral,False,,
2019-03-15,2019-03-14,4829,4819,2,1,2,0.8247373282752498,0.3115666626579818,False,neutral,neutral,False,,
2019-03-18,2019-03-15,4830,4820,1,2,1,0.7344169861069226,0.3101600191065144,False,neutral,neutral,False,,
2019-03-19,2019-03-18,4831,4821,2,1,2,0.4444540756023089,0.3195518240696581,False,neutral,neutral,False,,
2019-03-20,2019-03-19,4832,4822,1,2,1,0.2565663267900114,0.3107504810361722,False,neutral,neutral,False,,
2019-03-21,2019-03-20,4833,4823,1,2,1,0.230238908243263,0.3240340193108847,False,neutral,neutral,False,,
2019-03-22,2019-03-21,4834,4824,1,2,1,0.4135463792229975,0.4171234517991474,False,neutral,neutral,False,,
2019-03-25,2019-03-22,4835,4825,1,2,1,1.0,0.3881372074083833,False,neutral,neutral,False,,
2019-03-26,2019-03-25,4836,4826,1,2,1,1.0,0.3116907381154681,False,neutral,neutral,False,,
2019-03-27,2019-03-26,4837,4827,2,1,2,0.9152034697427625,0.3583480874330952,False,neutral,neutral,False,,
2019-03-28,2019-03-27,4838,4828,2,1,2,1.0,0.3403703106233408,False,neutral,neutral,False,,
2019-03-29,2019-03-28,4839,4829,1,2,0,1.0,0.32115415581144,False,neutral,neutral,False,,
2019-04-01,2019-03-29,4840,4830,1,2,1,1.0,0.344463248863258,False,neutral,neutral,False,,
2019-04-02,2019-04-01,4841,4831,1,2,1,0.9110471776570584,0.4252110775462928,False,neutral,neutral,False,,
2019-04-03,2019-04-02,4842,4832,2,1,2,0.5359466613253143,0.3105634850272268,False,neutral,neutral,False,,
2019-04-04,2019-04-03,4843,4833,1,2,1,0.2297058844238904,0.3116748625372486,False,neutral,neutral,False,,
2019-04-05,2019-04-04,4844,4834,1,2,1,0.0930425747710345,0.3149942498761433,False,neutral,neutral,False,,
2019-04-08,2019-04-05,4845,4835,2,2,1,0.9549082004794128,0.1674804157036041,False,neutral,neutral,False,,
2019-04-09,2019-04-08,4846,4836,2,2,0,0.9400668103342712,0.1539671720488702,False,neutral,neutral,False,,
2019-04-10,2019-04-09,4847,4837,2,2,1,0.8984677128986018,0.1871765485915241,False,neutral,neutral,False,,
2019-04-11,2019-04-10,4848,4838,1,1,2,0.4787050591175743,0.1603655873507135,False,neutral,neutral,False,,
2019-04-12,2019-04-11,4849,4839,2,1,2,0.9999876972267548,0.3111576983042259,False,neutral,neutral,False,,
2019-04-15,2019-04-12,4850,4840,1,2,1,0.3306871281278557,0.3490870081740299,False,neutral,neutral,False,,
2019-04-16,2019-04-15,4851,4841,2,1,2,0.3442199495757188,0.3122023308853937,False,neutral,neutral,False,,
2019-04-17,2019-04-16,4852,4842,1,2,0,0.78664905390005,0.5336375265868822,True,bull,neutral,True,NEUTRAL_TO_BULL,
2019-04-18,2019-04-17,4853,4843,0,1,2,0.9522579611491804,0.5126735137171321,True,bull,bull,False,,
2019-04-22,2019-04-18,4854,4844,0,1,0,0.9862027466401556,0.5319351678630883,True,bull,bull,False,,
2019-04-23,2019-04-22,4855,4845,1,2,0,0.9774653310682891,0.5338982898912077,True,bull,bull,False,,
2019-04-24,2019-04-23,4856,4846,0,1,2,0.3069815291955843,0.4004765507934787,False,neutral,bull,True,BULL_TO_NEUTRAL,
2019-04-25,2019-04-24,4857,4847,2,1,2,0.8413894929960528,0.3209693201657356,False,neutral,neutral,False,,
2019-04-26,2019-04-25,4858,4848,0,2,1,0.5826093087310875,0.5329757441870295,True,bull,neutral,True,NEUTRAL_TO_BULL,
2019-04-29,2019-04-26,4859,4849,0,2,1,0.5754089699425132,0.5064042303820193,True,bull,bull,False,,
2019-04-30,2019-04-29,4860,4850,0,2,1,0.0743827458453877,0.5351497603573017,False,neutral,bull,True,BULL_TO_NEUTRAL,
2019-05-01,2019-04-30,4861,4851,1,2,1,1.0,0.3098158630985218,False,neutral,neutral,False,,
2019-05-02,2019-05-01,4862,4852,1,2,1,0.9245186281579834,0.3664158810734677,False,neutral,neutral,False,,
2019-05-03,2019-05-02,4863,4853,2,1,2,0.4049356979859539,0.3194283544926438,False,neutral,neutral,False,,
2019-05-06,2019-05-03,4864,4854,0,2,1,0.8280631811187597,0.3730590998236273,False,neutral,neutral,False,,
2019-05-07,2019-05-06,4865,4855,0,2,1,0.9926500767344052,0.4927763825021036,False,neutral,neutral,False,,
2019-05-08,2019-05-07,4866,4856,1,2,1,0.99999999813774,0.4228851169503782,False,neutral,neutral,False,,
2019-05-09,2019-05-08,4867,4857,2,1,2,0.8202784060311571,0.3137496481159975,False,neutral,neutral,False,,
2019-05-10,2019-05-09,4868,4858,1,2,1,0.2707725113119317,0.3223220219110013,False,neutral,neutral,False,,
2019-05-13,2019-05-10,4869,4859,1,2,0,0.2407958880680769,0.3296120937608728,False,neutral,neutral,False,,
2019-05-14,2019-05-13,4870,4860,1,1,2,0.9945791997792924,0.7162114695689333,True,bear,neutral,True,NEUTRAL_TO_BEAR,
2019-05-15,2019-05-14,4871,4861,1,1,2,0.9984907406292494,0.2258322804945146,False,neutral,bear,True,BEAR_TO_NEUTRAL,
2019-05-16,2019-05-15,4872,4862,2,2,1,0.9947776249108294,0.1777028298657592,False,neutral,neutral,False,,
2019-05-17,2019-05-16,4873,4863,2,2,0,0.9973782910150372,0.2359707957194812,False,neutral,neutral,False,,
2019-05-20,2019-05-17,4874,4864,2,2,0,0.9022295082335776,0.2047063633065132,False,neutral,neutral,False,,
2019-05-21,2019-05-20,4875,4865,2,1,0,0.8264774612121378,0.3559814438352487,False,neutral,neutral,False,,
2019-05-22,2019-05-21,4876,4866,2,1,2,0.9079475706056352,0.3790449958399419,False,neutral,neutral,False,,
2019-05-23,2019-05-22,4877,4867,1,2,0,0.9605483111793808,0.3225451422991955,False,neutral,neutral,False,,
2019-05-24,2019-05-23,4878,4868,2,1,0,0.8665197037531687,0.4178989539094693,False,neutral,neutral,False,,
2019-05-28,2019-05-24,4879,4869,1,2,0,0.9749322077286804,0.312554082431502,False,neutral,neutral,False,,
2019-05-29,2019-05-28,4880,4870,0,2,0,0.8949986065063504,0.386686920096779,False,neutral,neutral,False,,
2019-05-30,2019-05-29,4881,4871,2,1,0,0.2260402858265181,0.3576199524697661,False,neutral,neutral,False,,
2019-05-31,2019-05-30,4882,4872,1,2,0,0.0860297006243174,0.314540810774509,False,neutral,neutral,False,,
2019-06-03,2019-05-31,4883,4873,2,2,0,0.9930754855027304,0.3604240472747314,False,neutral,neutral,False,,
2019-06-04,2019-06-03,4884,4874,2,2,0,0.999282734305539,0.1654933835570117,False,neutral,neutral,False,,
2019-06-05,2019-06-04,4885,4875,1,1,0,0.9981935254633058,0.594594019447254,True,bear,neutral,True,NEUTRAL_TO_BEAR,
2019-06-06,2019-06-05,4886,4876,1,1,0,0.9755872973423244,0.216151604354205,False,neutral,bear,True,BEAR_TO_NEUTRAL,
2019-06-07,2019-06-06,4887,4877,1,1,0,0.9520997997522104,0.1857946034762825,False,neutral,neutral,False,,
2019-06-10,2019-06-07,4888,4878,2,2,0,0.999260851638692,0.2417588489570235,False,neutral,neutral,False,,
2019-06-11,2019-06-10,4889,4879,1,1,0,0.9999968390402634,0.1684191118056227,False,neutral,neutral,False,,
2019-06-12,2019-06-11,4890,4880,2,2,1,0.9999846297790614,0.1593982799958501,False,neutral,neutral,False,,
2019-06-13,2019-06-12,4891,4881,1,1,0,0.9999999926185564,0.16198098661559,False,neutral,neutral,False,,
2019-06-14,2019-06-13,4892,4882,2,2,0,0.999999998092716,0.1657223226725329,False,neutral,neutral,False,,
2019-06-17,2019-06-14,4893,4883,2,2,0,0.9999989676885928,0.1606655337492822,False,neutral,neutral,False,,
2019-06-18,2019-06-17,4894,4884,1,1,2,0.9105330304095576,0.158970421226394,False,neutral,neutral,False,,
2019-06-19,2019-06-18,4895,4885,1,1,0,0.4327337280256113,0.2526948603018336,False,neutral,neutral,False,,
2019-06-20,2019-06-19,4896,4886,1,2,0,0.8920663744575839,0.3121505823645971,False,neutral,neutral,False,,
2019-06-21,2019-06-20,4897,4887,1,2,1,0.5782655943198048,0.3848977135323378,False,neutral,neutral,False,,
2019-06-24,2019-06-21,4898,4888,2,1,0,0.5876012729530042,0.3515915884542241,False,neutral,neutral,False,,
2019-06-25,2019-06-24,4899,4889,1,2,0,0.5691832483412252,0.3127831534312823,False,neutral,neutral,False,,
2019-06-26,2019-06-25,4900,4890,2,1,0,0.7229056162548381,0.3932888947311499,False,neutral,neutral,False,,
2019-06-27,2019-06-26,4901,4891,2,1,0,0.9090265680759052,0.3117723139625381,False,neutral,neutral,False,,
2019-06-28,2019-06-27,4902,4892,1,2,0,0.9721917202947322,0.3184128226450055,False,neutral,neutral,False,,
2019-07-01,2019-06-28,4903,4893,1,2,0,0.9998366656164448,0.3304702114913802,False,neutral,neutral,False,,
2019-07-02,2019-07-01,4904,4894,1,2,0,0.999999983359634,0.3794162237553561,False,neutral,neutral,False,,
2019-07-03,2019-07-02,4905,4895,2,1,2,0.9779821098858028,0.3146426756981867,False,neutral,neutral,False,,
2019-07-05,2019-07-03,4906,4896,2,1,2,0.4178510034140671,0.3637936165133693,False,neutral,neutral,False,,
2019-07-08,2019-07-05,4907,4897,2,1,0,0.2076647310717059,0.3131253127138965,False,neutral,neutral,False,,
2019-07-09,2019-07-08,4908,4898,1,2,0,0.1581172473281311,0.3444614771678453,False,neutral,neutral,False,,
2019-07-10,2019-07-09,4909,4899,1,1,0,0.9005928967075559,0.1558974518047074,False,neutral,neutral,False,,
2019-07-11,2019-07-10,4910,4900,2,2,0,0.8049086832507589,0.1702724955463374,False,neutral,neutral,False,,
2019-07-12,2019-07-11,4911,4901,1,2,0,0.6309645580590538,0.3132548319276661,False,neutral,neutral,False,,
2019-07-15,2019-07-12,4912,4902,1,2,0,0.9660972759356024,0.325049921013505,False,neutral,neutral,False,,
2019-07-16,2019-07-15,4913,4903,2,1,2,1.0,0.3102443032805667,False,neutral,neutral,False,,
2019-07-17,2019-07-16,4914,4904,1,2,0,0.6159164084680135,0.3269879851114792,False,neutral,neutral,False,,
2019-07-18,2019-07-17,4915,4905,0,2,1,0.2398696584286176,0.357025940066679,False,neutral,neutral,False,,
2019-07-19,2019-07-18,4916,4906,0,1,0,0.7414409423693916,0.5168775078139652,True,bull,neutral,True,NEUTRAL_TO_BULL,
2019-07-22,2019-07-19,4917,4907,0,2,1,0.5612534485957085,0.4611938986491194,False,neutral,bull,True,BULL_TO_NEUTRAL,
2019-07-23,2019-07-22,4918,4908,0,2,0,0.8066347875762518,0.5290448268520237,True,bull,neutral,True,NEUTRAL_TO_BULL,
2019-07-24,2019-07-23,4919,4909,0,1,0,0.8953016066074537,0.4538327485897095,False,neutral,bull,True,BULL_TO_NEUTRAL,
2019-07-25,2019-07-24,4920,4910,0,2,1,0.5779430923332175,0.5035579668879345,True,bull,neutral,True,NEUTRAL_TO_BULL,
2019-07-26,2019-07-25,4921,4911,0,1,2,0.5469140895247943,0.4787982025758638,False,neutral,bull,True,BULL_TO_NEUTRAL,
2019-07-29,2019-07-26,4922,4912,1,2,1,0.1159015902161305,0.4660597346300962,False,neutral,neutral,False,,
2019-07-30,2019-07-29,4923,4913,1,2,0,0.998356468912623,0.3163254856176496,False,neutral,neutral,False,,
2019-07-31,2019-07-30,4924,4914,1,2,0,1.0,0.3192678662979223,False,neutral,neutral,False,,
2019-08-01,2019-07-31,4925,4915,1,2,0,1.0,0.4074624969716838,False,neutral,neutral,False,,
2019-08-02,2019-08-01,4926,4916,1,2,0,0.8539312544000749,0.3802012905677991,False,neutral,neutral,False,,
2019-08-05,2019-08-02,4927,4917,1,2,0,0.1578793260362795,0.3680444262199007,False,neutral,neutral,False,,
2019-08-06,2019-08-05,4928,4918,2,2,0,0.9999715604318,0.8328813925372964,True,bear,neutral,True,NEUTRAL_TO_BEAR,
2019-08-07,2019-08-06,4929,4919,1,1,0,0.9999964253113544,0.3457750317323623,False,neutral,bear,True,BEAR_TO_NEUTRAL,
2019-08-08,2019-08-07,4930,4920,1,1,2,0.9999980422787866,0.1553183037332949,False,neutral,neutral,False,,
2019-08-09,2019-08-08,4931,4921,1,1,0,0.9999958094017064,0.5300545165672764,True,bear,neutral,True,NEUTRAL_TO_BEAR,
2019-08-12,2019-08-09,4932,4922,1,1,0,0.9999774557447676,0.2119972222874571,False,neutral,bear,True,BEAR_TO_NEUTRAL,
2019-08-13,2019-08-12,4933,4923,2,2,0,0.9998059896734688,0.3255095142572537,False,neutral,neutral,False,,
2019-08-14,2019-08-13,4934,4924,1,1,0,0.9935096343543408,0.3947471469728521,False,neutral,neutral,False,,
2019-08-15,2019-08-14,4935,4925,2,2,0,0.9903494538851229,0.822010748192884,True,bear,neutral,True,NEUTRAL_TO_BEAR,
2019-08-16,2019-08-15,4936,4926,1,1,0,0.9827614579328512,0.158599828371373,False,neutral,bear,True,BEAR_TO_NEUTRAL,
2019-08-19,2019-08-16,4937,4927,1,1,0,0.9577278805831748,0.3692041100149899,False,neutral,neutral,False,,
2019-08-20,2019-08-19,4938,4928,2,2,0,0.9230909269821836,0.290591325688458,False,neutral,neutral,False,,
2019-08-21,2019-08-20,4939,4929,2,2,0,0.9168093896713329,0.223715696338869,False,neutral,neutral,False,,
2019-08-22,2019-08-21,4940,4930,1,1,0,0.9463340364110482,0.2105227469944434,False,neutral,neutral,False,,
2019-08-23,2019-08-22,4941,4931,1,1,0,0.9379474015584196,0.1591452584571561,False,neutral,neutral,False,,
2019-08-26,2019-08-23,4942,4932,2,2,0,0.9589242820853549,0.729594393802648,True,bear,neutral,True,NEUTRAL_TO_BEAR,
2019-08-27,2019-08-26,4943,4933,1,1,0,0.9592618541810212,0.2668854027928428,False,neutral,bear,True,BEAR_TO_NEUTRAL,
2019-08-28,2019-08-27,4944,4934,2,2,1,0.9242327066256248,0.1771010332687629,False,neutral,neutral,False,,
2019-08-29,2019-08-28,4945,4935,1,1,2,0.7801170829402402,0.1969397982606135,False,neutral,neutral,False,,
2019-08-30,2019-08-29,4946,4936,2,2,1,0.6122578016766156,0.319178433806749,False,neutral,neutral,False,,
2019-09-03,2019-08-30,4947,4937,1,2,0,0.3866294014472467,0.311433161907686,False,neutral,neutral,False,,
2019-09-04,2019-09-03,4948,4938,0,1,2,0.4915553453440257,0.3478071691491094,False,neutral,neutral,False,,
2019-09-05,2019-09-04,4949,4939,0,1,2,0.2233338063957183,0.4123947146682646,False,neutral,neutral,False,,
2019-09-06,2019-09-05,4950,4940,2,2,0,0.9850369585004524,0.3140609610439586,False,neutral,neutral,False,,
2019-09-09,2019-09-06,4951,4941,2,2,0,0.9982113794470971,0.1575665266869406,False,neutral,neutral,False,,
2019-09-10,2019-09-09,4952,4942,2,2,0,0.996535937416436,0.1577789100475325,False,neutral,neutral,False,,
2019-09-11,2019-09-10,4953,4943,2,2,0,0.9958282051012988,0.1588180998258038,False,neutral,neutral,False,,
2019-09-12,2019-09-11,4954,4944,2,2,0,0.9871661800938384,0.1964149381374711,False,neutral,neutral,False,,
2019-09-13,2019-09-12,4955,4945,2,2,1,0.9709765265485076,0.1642988523658804,False,neutral,neutral,False,,
2019-09-16,2019-09-13,4956,4946,1,1,0,0.9723831383207914,0.1599207083488215,False,neutral,neutral,False,,
2019-09-17,2019-09-16,4957,4947,1,1,0,0.9186484478615856,0.171870931840689,False,neutral,neutral,False,,
2019-09-18,2019-09-17,4958,4948,0,2,1,0.9397070486628408,0.3128305310718459,False,neutral,neutral,False,,
2019-09-19,2019-09-18,4959,4949,0,2,1,0.4937213612292597,0.3091273349708371,False,neutral,neutral,False,,
2019-09-20,2019-09-19,4960,4950,1,2,0,0.2695854735409141,0.3095213225766444,False,neutral,neutral,False,,
2019-09-23,2019-09-20,4961,4951,0,1,0,0.7894403463309031,0.3555712780715646,False,neutral,neutral,False,,
2019-09-24,2019-09-23,4962,4952,0,1,0,0.7923723015283131,0.5314713184890468,True,bull,neutral,True,NEUTRAL_TO_BULL,
2019-09-25,2019-09-24,4963,4953,1,2,0,1.0,0.3692064005619455,False,neutral,bull,True,BULL_TO_NEUTRAL,
2019-09-26,2019-09-25,4964,4954,1,2,1,0.9999673858132432,0.3384368068721335,False,neutral,neutral,False,,
2019-09-27,2019-09-26,4965,4955,1,2,1,0.9991658929287648,0.3175005905713469,False,neutral,neutral,False,,
2019-09-30,2019-09-27,4966,4956,1,2,0,0.971921914186399,0.3418041492121034,False,neutral,neutral,False,,
2019-10-01,2019-09-30,4967,4957,1,2,0,0.9706187413357368,0.3254603545364408,False,neutral,neutral,False,,
2019-10-02,2019-10-01,4968,4958,2,1,0,0.796931882288198,0.4146028919746119,False,neutral,neutral,False,,
2019-10-03,2019-10-02,4969,4959,2,2,0,0.95971419329744,0.4928676877611337,False,neutral,neutral,False,,
2019-10-04,2019-10-03,4970,4960,2,2,0,0.95317185455637,0.2127157926646859,False,neutral,neutral,False,,
2019-10-07,2019-10-04,4971,4961,2,2,0,0.951008427015126,0.3385064490910064,False,neutral,neutral,False,,
2019-10-08,2019-10-07,4972,4962,2,2,0,0.8264854931527924,0.1828796183229682,False,neutral,neutral,False,,
2019-10-09,2019-10-08,4973,4963,1,1,0,0.9544471584269923,0.4270470554697932,False,neutral,neutral,False,,
2019-10-10,2019-10-09,4974,4964,1,1,0,0.8840496332382242,0.2357274371357504,False,neutral,neutral,False,,
2019-10-11,2019-10-10,4975,4965,2,2,0,0.6664168434610912,0.1929431129004217,False,neutral,neutral,False,,
2019-10-14,2019-10-11,4976,4966,2,2,0,0.864900957005449,0.2649710997960579,False,neutral,neutral,False,,
2019-10-15,2019-10-14,4977,4967,2,2,0,0.6523712538974837,0.1623469781710106,False,neutral,neutral,False,,
2019-10-16,2019-10-15,4978,4968,1,1,0,0.9592504947903712,0.2447187388336574,False,neutral,neutral,False,,
2019-10-17,2019-10-16,4979,4969,2,2,1,0.967392577563466,0.1689979979682702,False,neutral,neutral,False,,
2019-10-18,2019-10-17,4980,4970,2,2,0,0.9607764549484168,0.16387895025932,False,neutral,neutral,False,,
2019-10-21,2019-10-18,4981,4971,2,2,0,0.9737605946292388,0.185023084802876,False,neutral,neutral,False,,
2019-10-22,2019-10-21,4982,4972,2,2,0,0.9861185768786128,0.1942524985489633,False,neutral,neutral,False,,
2019-10-23,2019-10-22,4983,4973,1,1,0,0.680810464698661,0.1755598172704343,False,neutral,neutral,False,,
2019-10-24,2019-10-23,4984,4974,1,2,0,0.9784850860642782,0.3145100988244565,False,neutral,neutral,False,,
2019-10-25,2019-10-24,4985,4975,2,1,0,0.6311688451411167,0.309415542655613,False,neutral,neutral,False,,
2019-10-28,2019-10-25,4986,4976,2,1,0,0.7248703458143458,0.3204082168099167,False,neutral,neutral,False,,
2019-10-29,2019-10-28,4987,4977,1,2,0,0.847412328930699,0.3340105000784437,False,neutral,neutral,False,,
2019-10-30,2019-10-29,4988,4978,1,2,0,0.999999929622233,0.3103959463595815,False,neutral,neutral,False,,
2019-10-31,2019-10-30,4989,4979,2,1,2,0.9877934006950876,0.3152971788590127,False,neutral,neutral,False,,
2019-11-01,2019-10-31,4990,4980,2,1,0,0.9746228461329768,0.3197495365306118,False,neutral,neutral,False,,
2019-11-04,2019-11-01,4991,4981,1,2,0,0.9117477223645442,0.3796391745973859,False,neutral,neutral,False,,
2019-11-05,2019-11-04,4992,4982,1,2,0,0.5150098069789234,0.320952400248976,False,neutral,neutral,False,,
2019-11-06,2019-11-05,4993,4983,2,1,0,0.6005589758333806,0.312910246040146,False,neutral,neutral,False,,
2019-11-07,2019-11-06,4994,4984,2,1,0,0.7770796529141364,0.3100705001591849,False,neutral,neutral,False,,
2019-11-08,2019-11-07,4995,4985,2,1,0,0.9164414041104784,0.3182343055692373,False,neutral,neutral,False,,
2019-11-11,2019-11-08,4996,4986,2,1,0,0.951169791235381,0.3128111956305965,False,neutral,neutral,False,,
2019-11-12,2019-11-11,4997,4987,2,1,0,0.9809086056905176,0.3162546546121391,False,neutral,neutral,False,,
2019-11-13,2019-11-12,4998,4988,0,2,1,0.9999234950803974,0.3112052818686055,False,neutral,neutral,False,,
2019-11-14,2019-11-13,4999,4989,2,1,0,1.0,0.3102507508927494,False,neutral,neutral,False,,
2019-11-15,2019-11-14,5000,4990,0,1,0,0.9661833187571603,0.5294208564869062,True,bull,neutral,True,NEUTRAL_TO_BULL,
2019-11-18,2019-11-15,5001,4991,0,1,0,0.6107693960025221,0.4481989589186758,False,neutral,bull,True,BULL_TO_NEUTRAL,
2019-11-19,2019-11-18,5002,4992,2,1,0,1.0,0.3106036769164153,False,neutral,neutral,False,,
2019-11-20,2019-11-19,5003,4993,2,1,0,1.0,0.3112244699499812,False,neutral,neutral,False,,
2019-11-21,2019-11-20,5004,4994,2,1,0,0.6487444184215401,0.3274778239920049,False,neutral,neutral,False,,
2019-11-22,2019-11-21,5005,4995,1,2,0,0.325126934799873,0.3150558364346125,False,neutral,neutral,False,,
2019-11-25,2019-11-22,5006,4996,0,2,0,0.7700055836216892,0.5261187268935315,True,bull,neutral,True,NEUTRAL_TO_BULL,
2019-11-26,2019-11-25,5007,4997,0,1,0,0.5915526506858165,0.4338550000159326,False,neutral,bull,True,BULL_TO_NEUTRAL,
2019-11-27,2019-11-26,5008,4998,0,2,0,0.192658995316896,0.5254788240694668,False,neutral,neutral,False,,
2019-11-29,2019-11-27,5009,4999,2,1,2,1.0,0.3248171251190166,False,neutral,neutral,False,,
2019-12-02,2019-11-29,5010,5000,2,1,2,1.0,0.3284014940211125,False,neutral,neutral,False,,
2019-12-03,2019-12-02,5011,5001,1,2,1,1.0,0.3774003315965827,False,neutral,neutral,False,,
2019-12-04,2019-12-03,5012,5002,2,1,0,0.9991687719867064,0.3571990955804733,False,neutral,neutral,False,,
2019-12-05,2019-12-04,5013,5003,1,2,0,0.998691484259946,0.340775659016845,False,neutral,neutral,False,,
2019-12-06,2019-12-05,5014,5004,1,2,0,0.999911697074718,0.3125614992103513,False,neutral,neutral,False,,
2019-12-09,2019-12-06,5015,5005,1,2,0,0.9999372338704092,0.3761752633639314,False,neutral,neutral,False,,
2019-12-10,2019-12-09,5016,5006,1,2,0,1.0,0.324653098310167,False,neutral,neutral,False,,
2019-12-11,2019-12-10,5017,5007,1,2,1,0.9999999999969954,0.3143665238967212,False,neutral,neutral,False,,
2019-12-12,2019-12-11,5018,5008,2,1,2,0.9999999989566242,0.3155901033483885,False,neutral,neutral,False,,
2019-12-13,2019-12-12,5019,5009,1,2,1,0.9690316095085372,0.3717503080114693,False,neutral,neutral,False,,
2019-12-16,2019-12-13,5020,5010,1,2,1,0.6191275653789051,0.3145014782798181,False,neutral,neutral,False,,
2019-12-17,2019-12-16,5021,5011,0,2,0,0.1987944168919555,0.3494870670334597,False,neutral,neutral,False,,
2019-12-18,2019-12-17,5022,5012,0,2,0,0.2889243635635874,0.3119845094614746,False,neutral,neutral,False,,
2019-12-19,2019-12-18,5023,5013,1,2,1,0.3635208800154212,0.3115048219138236,False,neutral,neutral,False,,
2019-12-20,2019-12-19,5024,5014,2,1,0,0.4244476683358134,0.3230753683843939,False,neutral,neutral,False,,
2019-12-23,2019-12-20,5025,5015,1,2,1,0.2896317477481945,0.3133783193411655,False,neutral,neutral,False,,
2019-12-24,2019-12-23,5026,5016,2,1,0,0.4714647977060278,0.3124896405278244,False,neutral,neutral,False,,
2019-12-26,2019-12-24,5027,5017,0,2,1,0.9426173105213588,0.3120863565432398,False,neutral,neutral,False,,
2019-12-27,2019-12-26,5028,5018,1,2,0,1.0,0.3335170506315942,False,neutral,neutral,False,,
2019-12-30,2019-12-27,5029,5019,1,2,0,0.9950862829958,0.3123743865525384,False,neutral,neutral,False,,
2019-12-31,2019-12-30,5030,5020,2,1,2,0.1116199967124559,0.3453169050807791,False,neutral,neutral,False,,
2020-01-02,2019-12-31,5031,5021,0,1,0,0.9529271844237482,0.5236213924654,True,bull,neutral,True,NEUTRAL_TO_BULL,
2020-01-03,2020-01-02,5032,5022,0,2,1,0.4414751769081998,0.3828400884788919,False,neutral,bull,True,BULL_TO_NEUTRAL,
2020-01-06,2020-01-03,5033,5023,0,1,2,0.8380366333858102,0.4067203723650484,False,neutral,neutral,False,,
2020-01-07,2020-01-06,5034,5024,0,1,2,0.8005365692869736,0.5111294845139657,True,bull,neutral,True,NEUTRAL_TO_BULL,
2020-01-08,2020-01-07,5035,5025,0,1,2,0.920670706395446,0.5068647467002868,True,bull,bull,False,,
2020-01-09,2020-01-08,5036,5026,0,2,0,0.8733214005193646,0.4885282573837958,False,neutral,bull,True,BULL_TO_NEUTRAL,
2020-01-10,2020-01-09,5037,5027,0,2,1,0.1022207023010085,0.4578549869050888,False,neutral,neutral,False,,
2020-01-13,2020-01-10,5038,5028,0,2,0,1.0,0.3229195130729152,False,neutral,neutral,False,,
2020-01-14,2020-01-13,5039,5029,2,1,2,0.9467714645137276,0.3496760429677818,False,neutral,neutral,False,,
2020-01-15,2020-01-14,5040,5030,1,2,1,0.975120593146294,0.3160906434362201,False,neutral,neutral,False,,
2020-01-16,2020-01-15,5041,5031,1,2,1,0.9808836005392784,0.3143913628167715,False,neutral,neutral,False,,
2020-01-17,2020-01-16,5042,5032,2,1,2,0.4520367302712407,0.3680469044429371,False,neutral,neutral,False,,
2020-01-21,2020-01-17,5043,5033,0,2,1,0.2287166388787407,0.3172516814787048,False,neutral,neutral,False,,
2020-01-22,2020-01-21,5044,5034,1,2,0,0.2068617437878248,0.3172749447738319,False,neutral,neutral,False,,
2020-01-23,2020-01-22,5045,5035,1,2,0,0.5618489287513022,0.311454918277435,False,neutral,neutral,False,,
2020-01-24,2020-01-23,5046,5036,1,2,0,0.8564057784797584,0.3115512913257217,False,neutral,neutral,False,,
2020-01-27,2020-01-24,5047,5037,1,2,0,0.9630590857076232,0.3823510649211095,False,neutral,neutral,False,,
2020-01-28,2020-01-27,5048,5038,2,1,0,0.5191611893030652,0.4192953236011191,False,neutral,neutral,False,,
2020-01-29,2020-01-28,5049,5039,1,2,0,0.444193514153881,0.3988443636064159,False,neutral,neutral,False,,
2020-01-30,2020-01-29,5050,5040,1,2,0,0.3790144494045459,0.3135009963075255,False,neutral,neutral,False,,
2020-01-31,2020-01-30,5051,5041,2,1,0,0.3464356613522556,0.3180628264188382,False,neutral,neutral,False,,
2020-02-03,2020-01-31,5052,5042,2,2,1,0.968245570106562,0.5154863739856197,True,bear,neutral,True,NEUTRAL_TO_BEAR,
2020-02-04,2020-02-03,5053,5043,2,2,0,0.9562321185079552,0.2012877164724569,False,neutral,bear,True,BEAR_TO_NEUTRAL,
2020-02-05,2020-02-04,5054,5044,1,1,0,0.910669939712408,0.3905691127776151,False,neutral,neutral,False,,
2020-02-06,2020-02-05,5055,5045,1,1,0,0.9609454612704222,0.2826664974840339,False,neutral,neutral,False,,
2020-02-07,2020-02-06,5056,5046,1,1,0,0.9889925571712244,0.164975853171695,False,neutral,neutral,False,,
2020-02-10,2020-02-07,5057,5047,1,1,2,0.9957685684260946,0.1951876173597546,False,neutral,neutral,False,,
2020-02-11,2020-02-10,5058,5048,2,2,0,0.997708751887236,0.2029916864690965,False,neutral,neutral,False,,
2020-02-12,2020-02-11,5059,5049,2,2,0,0.9992820104116112,0.1600796004884767,False,neutral,neutral,False,,
2020-02-13,2020-02-12,5060,5050,1,1,0,0.9998140911946624,0.1901751590565187,False,neutral,neutral,False,,
2020-02-14,2020-02-13,5061,5051,2,2,1,0.99991726226478,0.1635091457382697,False,neutral,neutral,False,,
2020-02-18,2020-02-14,5062,5052,2,2,1,0.9963413885574288,0.1605916229387535,False,neutral,neutral,False,,
2020-02-19,2020-02-18,5063,5053,1,1,0,0.5491509782800724,0.1702677773308746,False,neutral,neutral,False,,
2020-02-20,2020-02-19,5064,5054,1,2,0,0.9799774612991752,0.3278451838811917,False,neutral,neutral,False,,
2020-02-21,2020-02-20,5065,5055,1,2,0,0.9998750904773284,0.3311898724790717,False,neutral,neutral,False,,
2020-02-24,2020-02-21,5066,5056,2,1,0,0.9985236262846434,0.3977228063420757,False,neutral,neutral,False,,
2020-02-25,2020-02-24,5067,5057,2,2,1,0.9991956272454752,0.8914663931251674,True,bear,neutral,True,NEUTRAL_TO_BEAR,
2020-02-26,2020-02-25,5068,5058,2,2,0,0.9999999932372304,0.8434009914662784,True,bear,bear,False,,
2020-02-27,2020-02-26,5069,5059,1,1,2,0.9999999999996682,0.1821269855047814,False,neutral,bear,True,BEAR_TO_NEUTRAL,
2020-02-28,2020-02-27,5070,5060,2,2,0,1.0,0.9855722432701652,True,bear,neutral,True,NEUTRAL_TO_BEAR,
2020-03-02,2020-02-28,5071,5061,2,2,1,1.0,0.1792977278985392,False,neutral,bear,True,BEAR_TO_NEUTRAL,
2020-03-03,2020-03-02,5072,5062,2,2,1,1.0,0.9861291537428806,True,bear,neutral,True,NEUTRAL_TO_BEAR,
2020-03-04,2020-03-03,5073,5063,2,2,0,1.0,0.7926633741745363,True,bear,bear,False,,
2020-03-05,2020-03-04,5074,5064,1,1,2,1.0,0.980922233666617,True,bear,bear,False,,
2020-03-06,2020-03-05,5075,5065,2,2,1,1.0,0.8807971554331114,True,bear,bear,False,,
2020-03-09,2020-03-06,5076,5066,1,1,0,1.0,0.4476855100003271,False,neutral,bear,True,BEAR_TO_NEUTRAL,
2020-03-10,2020-03-09,5077,5067,1,1,0,1.0,0.9999963783563056,True,bear,neutral,True,NEUTRAL_TO_BEAR,
2020-03-11,2020-03-10,5078,5068,2,2,1,1.0,0.998469273883305,True,bear,bear,False,,
2020-03-12,2020-03-11,5079,5069,1,1,2,1.0,0.9925714459709244,True,bear,bear,False,,
2020-03-13,2020-03-12,5080,5070,1,1,0,1.0,0.9999999925764036,True,bear,bear,False,,
2020-03-16,2020-03-13,5081,5071,1,1,2,1.0,0.999999994918357,True,bear,bear,False,,
2020-03-17,2020-03-16,5082,5072,1,1,2,1.0,0.9999999999258448,True,bear,bear,False,,
2020-03-18,2020-03-17,5083,5073,1,1,2,0.9999999999999996,0.9978997244636134,True,bear,bear,False,,
2020-03-19,2020-03-18,5084,5074,1,1,2,0.9999999999999988,0.9945051936786444,True,bear,bear,False,,
2020-03-20,2020-03-19,5085,5075,1,1,2,0.9999999999999876,0.1366811682427303,False,neutral,bear,True,BEAR_TO_NEUTRAL,
2020-03-23,2020-03-20,5086,5076,1,1,2,0.999999999999886,0.9914943933652784,True,bear,neutral,True,NEUTRAL_TO_BEAR,
2020-03-24,2020-03-23,5087,5077,1,1,2,0.9999999999999784,0.6893366301914539,True,bear,bear,False,,
2020-03-25,2020-03-24,5088,5078,1,1,2,0.9999999999848448,0.9999999988787028,True,bear,bear,False,,
2020-03-26,2020-03-25,5089,5079,2,2,1,0.9999999971482996,0.3228804217003512,False,neutral,bear,True,BEAR_TO_NEUTRAL,
2020-03-27,2020-03-26,5090,5080,1,1,2,0.9999999995891584,0.9994614211883688,True,bear,neutral,True,NEUTRAL_TO_BEAR,
2020-03-30,2020-03-27,5091,5081,1,1,2,0.9999999775463412,0.8009534684240953,True,bear,bear,False,,
2020-03-31,2020-03-30,5092,5082,1,1,2,0.9999999977029762,0.8245465104913223,True,bear,bear,False,,
2020-04-01,2020-03-31,5093,5083,1,1,2,0.9999999988739926,0.3617050430505786,False,neutral,bear,True,BEAR_TO_NEUTRAL,
2020-04-02,2020-04-01,5094,5084,1,1,2,0.9999999986111324,0.9821309298351436,True,bear,neutral,True,NEUTRAL_TO_BEAR,
2020-04-03,2020-04-02,5095,5085,1,1,2,0.9999999985096224,0.5655796904687408,True,bear,bear,False,,
2020-04-06,2020-04-03,5096,5086,1,1,2,0.9999999625922908,0.3483132707687549,False,neutral,bear,True,BEAR_TO_NEUTRAL,
2020-04-07,2020-04-06,5097,5087,2,2,1,0.9999552792734244,0.9999743140919496,True,bear,neutral,True,NEUTRAL_TO_BEAR,
2020-04-08,2020-04-07,5098,5088,2,2,1,0.9999396729761874,0.1301656911177604,False,neutral,bear,True,BEAR_TO_NEUTRAL,
2020-04-09,2020-04-08,5099,5089,1,1,2,0.9999956970759732,0.8482953486021542,True,bear,neutral,True,NEUTRAL_TO_BEAR,
2020-04-13,2020-04-09,5100,5090,1,1,2,0.999999902258393,0.3278940737748994,False,neutral,bear,True,BEAR_TO_NEUTRAL,
2020-04-14,2020-04-13,5101,5091,1,1,2,0.9999999670281788,0.2171304898418789,False,neutral,neutral,False,,
2020-04-15,2020-04-14,5102,5092,2,2,1,0.9999999981406922,0.7514076175946359,True,bear,neutral,True,NEUTRAL_TO_BEAR,
2020-04-16,2020-04-15,5103,5093,1,1,2,0.9999999989144224,0.5587170708537427,True,bear,bear,False,,
2020-04-17,2020-04-16,5104,5094,1,1,2,0.9999999865433834,0.1426056646469066,False,neutral,bear,True,BEAR_TO_NEUTRAL,
2020-04-20,2020-04-17,5105,5095,1,1,2,0.9999999507154512,0.6820909676861737,True,bear,neutral,True,NEUTRAL_TO_BEAR,
2020-04-21,2020-04-20,5106,5096,1,1,2,0.999903545282076,0.4420059230088904,False,neutral,bear,True,BEAR_TO_NEUTRAL,
2020-04-22,2020-04-21,5107,5097,1,1,2,0.9990148627587694,0.8127833276966737,True,bear,neutral,True,NEUTRAL_TO_BEAR,
2020-04-23,2020-04-22,5108,5098,1,1,2,0.9462760712795336,0.5404668147457943,True,bear,bear,False,,
2020-04-24,2020-04-23,5109,5099,1,1,0,0.8846397166767024,0.1318976985317516,False,neutral,bear,True,BEAR_TO_NEUTRAL,
2020-04-27,2020-04-24,5110,5100,1,1,2,0.912429237555584,0.2930640108259516,False,neutral,neutral,False,,
2020-04-28,2020-04-27,5111,5101,1,1,2,0.952327790859602,0.3059928383317968,False,neutral,neutral,False,,
2020-04-29,2020-04-28,5112,5102,1,1,2,0.9679587527553668,0.156150806892343,False,neutral,neutral,False,,
2020-04-30,2020-04-29,5113,5103,1,1,2,0.9979178990480012,0.6578630394895307,True,bear,neutral,True,NEUTRAL_TO_BEAR,
2020-05-01,2020-04-30,5114,5104,1,1,2,0.9990713639654696,0.223211058169754,False,neutral,bear,True,BEAR_TO_NEUTRAL,
2020-05-04,2020-05-01,5115,5105,1,1,2,0.9989088110276916,0.7157003376012281,True,bear,neutral,True,NEUTRAL_TO_BEAR,
2020-05-05,2020-05-04,5116,5106,1,1,2,0.9988137334838282,0.135789992602483,False,neutral,bear,True,BEAR_TO_NEUTRAL,
2020-05-06,2020-05-05,5117,5107,1,1,2,0.9756130301911964,0.1938294074746969,False,neutral,neutral,False,,
2020-05-07,2020-05-06,5118,5108,1,1,2,0.9274428747496996,0.1829770131195816,False,neutral,neutral,False,,
2020-05-08,2020-05-07,5119,5109,1,1,2,0.6962236251153237,0.2496148666797984,False,neutral,neutral,False,,
2020-05-11,2020-05-08,5120,5110,1,1,2,0.821190922341097,0.3740848375204273,False,neutral,neutral,False,,
2020-05-12,2020-05-11,5121,5111,1,1,2,0.9159337627270346,0.1349695109333714,False,neutral,neutral,False,,
2020-05-13,2020-05-12,5122,5112,1,1,2,0.9070995081449136,0.5185819185491871,True,bear,neutral,True,NEUTRAL_TO_BEAR,
2020-05-14,2020-05-13,5123,5113,1,1,2,0.906750586557061,0.4499942833449654,False,neutral,bear,True,BEAR_TO_NEUTRAL,
2020-05-15,2020-05-14,5124,5114,1,1,2,0.8591298908316578,0.247716932157962,False,neutral,neutral,False,,
2020-05-18,2020-05-15,5125,5115,1,1,2,0.7832199418021751,0.1449725855102994,False,neutral,neutral,False,,
2020-05-19,2020-05-18,5126,5116,1,1,2,0.9524294390482848,0.7793919540008164,True,bear,neutral,True,NEUTRAL_TO_BEAR,
2020-05-20,2020-05-19,5127,5117,1,1,2,0.9664774938641444,0.2440841981947,False,neutral,bear,True,BEAR_TO_NEUTRAL,
2020-05-21,2020-05-20,5128,5118,1,1,2,0.9891038580455872,0.3896442395839732,False,neutral,neutral,False,,
2020-05-22,2020-05-21,5129,5119,2,2,0,0.9932679178905908,0.186033047995526,False,neutral,neutral,False,,
2020-05-26,2020-05-22,5130,5120,1,1,2,0.9959770014511028,0.1364930965634454,False,neutral,neutral,False,,
2020-05-27,2020-05-26,5131,5121,1,1,2,0.9990166995466312,0.2598337223342812,False,neutral,neutral,False,,
2020-05-28,2020-05-27,5132,5122,1,1,2,0.999853823220394,0.3278844848579236,False,neutral,neutral,False,,
2020-05-29,2020-05-28,5133,5123,1,1,0,0.999414404413878,0.1421600452816894,False,neutral,neutral,False,,
2020-06-01,2020-05-29,5134,5124,1,1,2,0.9981511216671546,0.1465418409872906,False,neutral,neutral,False,,
2020-06-02,2020-06-01,5135,5125,1,1,2,0.987170875445824,0.1444053041556652,False,neutral,neutral,False,,
2020-06-03,2020-06-02,5136,5126,1,1,2,0.9963308069721692,0.1845352979093916,False,neutral,neutral,False,,
2020-06-04,2020-06-03,5137,5127,1,1,2,0.9982229078367538,0.2862610707786605,False,neutral,neutral,False,,
2020-06-05,2020-06-04,5138,5128,1,1,2,0.9991102870096128,0.1468081979397608,False,neutral,neutral,False,,
2020-06-08,2020-06-05,5139,5129,1,1,0,0.999876328042574,0.6498969512150143,True,bear,neutral,True,NEUTRAL_TO_BEAR,
2020-06-09,2020-06-08,5140,5130,1,1,0,0.9999740286964158,0.2566682016550528,False,neutral,bear,True,BEAR_TO_NEUTRAL,
2020-06-10,2020-06-09,5141,5131,1,1,2,0.999974711721454,0.1958095370083786,False,neutral,neutral,False,,
2020-06-11,2020-06-10,5142,5132,1,1,2,0.9999657027721504,0.1716966864033586,False,neutral,neutral,False,,
2020-06-12,2020-06-11,5143,5133,1,1,2,0.9999825049972484,0.9988214880188028,True,bear,neutral,True,NEUTRAL_TO_BEAR,
2020-06-15,2020-06-12,5144,5134,1,1,2,0.9999846546939114,0.2548649653679435,False,neutral,bear,True,BEAR_TO_NEUTRAL,
2020-06-16,2020-06-15,5145,5135,1,1,2,0.9999798132715212,0.2020711761891521,False,neutral,neutral,False,,
2020-06-17,2020-06-16,5146,5136,1,1,2,0.9999716092989908,0.4638177074048763,False,neutral,neutral,False,,
2020-06-18,2020-06-17,5147,5137,1,1,2,0.999972182108228,0.1576491512814863,False,neutral,neutral,False,,
2020-06-19,2020-06-18,5148,5138,1,1,2,0.9999717103176318,0.1381882300530561,False,neutral,neutral,False,,
2020-06-22,2020-06-19,5149,5139,1,1,2,0.9999536446052156,0.2427763937697975,False,neutral,neutral,False,,
2020-06-23,2020-06-22,5150,5140,1,1,2,0.9994297851787356,0.1641229440550056,False,neutral,neutral,False,,
2020-06-24,2020-06-23,5151,5141,1,1,2,0.9936741887952932,0.1497003081961912,False,neutral,neutral,False,,
2020-06-25,2020-06-24,5152,5142,1,1,2,0.9525967640587558,0.6858783536342618,True,bear,neutral,True,NEUTRAL_TO_BEAR,
2020-06-26,2020-06-25,5153,5143,1,1,2,0.6116776660947771,0.228992727749113,False,neutral,bear,True,BEAR_TO_NEUTRAL,
2020-06-29,2020-06-26,5154,5144,1,1,2,0.9396242621019494,0.6359845664835914,True,bear,neutral,True,NEUTRAL_TO_BEAR,
2020-06-30,2020-06-29,5155,5145,2,2,0,0.96094452716585,0.3274704323942401,False,neutral,bear,True,BEAR_TO_NEUTRAL,
2020-07-01,2020-06-30,5156,5146,1,1,2,0.9199447100923094,0.2771137080043099,False,neutral,neutral,False,,
2020-07-02,2020-07-01,5157,5147,1,1,2,0.8993567080326575,0.1714040340317014,False,neutral,neutral,False,,
2020-07-06,2020-07-02,5158,5148,1,1,2,0.911091538995455,0.1571463748956271,False,neutral,neutral,False,,
2020-07-07,2020-07-06,5159,5149,1,1,2,0.9906297610602682,0.3500586023946833,False,neutral,neutral,False,,
2020-07-08,2020-07-07,5160,5150,1,1,2,0.9945665385658028,0.2497170288985237,False,neutral,neutral,False,,
2020-07-09,2020-07-08,5161,5151,1,1,2,0.9979336911252594,0.1796594179155437,False,neutral,neutral,False,,
2020-07-10,2020-07-09,5162,5152,1,1,2,0.9971408486641968,0.1754619702113609,False,neutral,neutral,False,,
2020-07-13,2020-07-10,5163,5153,1,1,2,0.9985913292511008,0.220575387776412,False,neutral,neutral,False,,
2020-07-14,2020-07-13,5164,5154,2,2,1,0.9456302436837608,0.2184748368443395,False,neutral,neutral,False,,
2020-07-15,2020-07-14,5165,5155,1,1,2,0.6352964309013321,0.282298769270493,False,neutral,neutral,False,,
2020-07-16,2020-07-15,5166,5156,2,1,2,0.3519159411063461,0.3826924725620902,False,neutral,neutral,False,,
2020-07-17,2020-07-16,5167,5157,2,1,2,0.5457933553683214,0.3214577461685549,False,neutral,neutral,False,,
2020-07-20,2020-07-17,5168,5158,2,1,2,0.6511829873023968,0.3116680736691271,False,neutral,neutral,False,,
2020-07-21,2020-07-20,5169,5159,2,1,2,0.1756076043609333,0.3656897845278596,False,neutral,neutral,False,,
2020-07-22,2020-07-21,5170,5160,2,1,2,0.1315411055354967,0.3089722314873115,False,neutral,neutral,False,,
2020-07-23,2020-07-22,5171,5161,1,1,2,0.950403296931979,0.1582770887797737,False,neutral,neutral,False,,
2020-07-24,2020-07-23,5172,5162,2,2,1,0.8169792418687042,0.2884919184650684,False,neutral,neutral,False,,
2020-07-27,2020-07-24,5173,5163,1,1,2,0.686252627894116,0.1854111655604553,False,neutral,neutral,False,,
2020-07-28,2020-07-27,5174,5164,2,1,2,1.0,0.3537785219887002,False,neutral,neutral,False,,
2020-07-29,2020-07-28,5175,5165,2,1,2,1.0,0.3515923864624198,False,neutral,neutral,False,,
2020-07-30,2020-07-29,5176,5166,2,1,2,1.0,0.4385488163193836,False,neutral,neutral,False,,
2020-07-31,2020-07-30,5177,5167,2,1,2,1.0,0.3238311435588508,False,neutral,neutral,False,,
2020-08-03,2020-07-31,5178,5168,2,1,2,1.0,0.3630581385659114,False,neutral,neutral,False,,
2020-08-04,2020-08-03,5179,5169,2,1,2,1.0,0.3495148075179471,False,neutral,neutral,False,,
2020-08-05,2020-08-04,5180,5170,2,1,2,0.5627667586730611,0.3178029332341354,False,neutral,neutral,False,,
2020-08-06,2020-08-05,5181,5171,2,1,2,0.1263950048875896,0.3400356274933078,False,neutral,neutral,False,,
2020-08-07,2020-08-06,5182,5172,1,1,2,0.9796435901063756,0.16802482353903,False,neutral,neutral,False,,
2020-08-10,2020-08-07,5183,5173,1,1,2,0.9851993231879516,0.1403488441598022,False,neutral,neutral,False,,
2020-08-11,2020-08-10,5184,5174,1,1,2,0.9911521337635174,0.1434476398155217,False,neutral,neutral,False,,
2020-08-12,2020-08-11,5185,5175,1,1,2,0.9449029023150282,0.212916966537143,False,neutral,neutral,False,,
2020-08-13,2020-08-12,5186,5176,1,1,2,0.9553687514625032,0.3079429436606062,False,neutral,neutral,False,,
2020-08-14,2020-08-13,5187,5177,1,1,2,0.793317221518137,0.1465781449614535,False,neutral,neutral,False,,
2020-08-17,2020-08-14,5188,5178,2,1,2,0.7319581462963336,0.3066544763046284,False,neutral,neutral,False,,
2020-08-18,2020-08-17,5189,5179,2,1,2,1.0,0.3132577745636628,False,neutral,neutral,False,,
2020-08-19,2020-08-18,5190,5180,2,1,2,1.0,0.3089169929514316,False,neutral,neutral,False,,
2020-08-20,2020-08-19,5191,5181,2,1,2,1.0,0.3284499448766883,False,neutral,neutral,False,,
2020-08-21,2020-08-20,5192,5182,2,1,2,1.0,0.313062772489894,False,neutral,neutral,False,,
2020-08-24,2020-08-21,5193,5183,2,1,2,1.0,0.3155030911874517,False,neutral,neutral,False,,
2020-08-25,2020-08-24,5194,5184,2,1,2,1.0,0.3995562715733827,False,neutral,neutral,False,,
2020-08-26,2020-08-25,5195,5185,2,1,2,1.0,0.3153370687979365,False,neutral,neutral,False,,
2020-08-27,2020-08-26,5196,5186,2,1,2,0.1722552285821817,0.3978198509059408,False,neutral,neutral,False,,
2020-08-28,2020-08-27,5197,5187,1,1,2,0.9606285527437152,0.1418904956894252,False,neutral,neutral,False,,
2020-08-31,2020-08-28,5198,5188,1,1,2,0.9906042708620256,0.1667711408150009,False,neutral,neutral,False,,
2020-09-01,2020-08-31,5199,5189,1,1,2,0.9933927601108584,0.1580491691306937,False,neutral,neutral,False,,
2020-09-02,2020-09-01,5200,5190,1,1,2,0.9972044054744568,0.2074736369633721,False,neutral,neutral,False,,
2020-09-03,2020-09-02,5201,5191,1,1,2,0.9991988392509756,0.3238395085561811,False,neutral,neutral,False,,
2020-09-04,2020-09-03,5202,5192,1,1,2,0.9952456501626378,0.886744849312066,True,bear,neutral,True,NEUTRAL_TO_BEAR,
2020-09-08,2020-09-04,5203,5193,1,1,2,0.9857204907591146,0.2128061825237885,False,neutral,bear,True,BEAR_TO_NEUTRAL,
2020-09-09,2020-09-08,5204,5194,1,1,2,0.9997651999497146,0.7401632934630081,True,bear,neutral,True,NEUTRAL_TO_BEAR,
2020-09-10,2020-09-09,5205,5195,1,1,2,0.9998907840782952,0.4809024030873416,False,neutral,bear,True,BEAR_TO_NEUTRAL,
2020-09-11,2020-09-10,5206,5196,1,1,2,0.9999884172677028,0.44744347885781,False,neutral,neutral,False,,
2020-09-14,2020-09-11,5207,5197,1,1,2,0.9999968868228596,0.1422264488840195,False,neutral,neutral,False,,
2020-09-15,2020-09-14,5208,5198,2,2,1,0.9999954635875627,0.2911601820628109,False,neutral,neutral,False,,
2020-09-16,2020-09-15,5209,5199,2,2,1,0.9999916437249516,0.1564735423180892,False,neutral,neutral,False,,
2020-09-17,2020-09-16,5210,5200,2,2,1,0.9999443425555004,0.1616638729847488,False,neutral,neutral,False,,
2020-09-18,2020-09-17,5211,5201,2,2,1,0.9224520116496908,0.2244469105737138,False,neutral,neutral,False,,
2020-09-21,2020-09-18,5212,5202,1,1,2,0.8708521139605512,0.3904933706140946,False,neutral,neutral,False,,
2020-09-22,2020-09-21,5213,5203,1,1,2,0.9606929850830004,0.273761267796637,False,neutral,neutral,False,,
2020-09-23,2020-09-22,5214,5204,1,1,2,0.97759927989603,0.2222362391503169,False,neutral,neutral,False,,
2020-09-24,2020-09-23,5215,5205,1,1,2,0.9980576746343292,0.628806697622621,True,bear,neutral,True,NEUTRAL_TO_BEAR,
2020-09-25,2020-09-24,5216,5206,1,1,2,0.9996478906649592,0.1455239220361233,False,neutral,bear,True,BEAR_TO_NEUTRAL,
2020-09-28,2020-09-25,5217,5207,1,1,2,0.9996810408570932,0.3743545901079946,False,neutral,neutral,False,,
2020-09-29,2020-09-28,5218,5208,1,1,2,0.9992692269518842,0.3881505281218343,False,neutral,neutral,False,,
2020-09-30,2020-09-29,5219,5209,1,1,2,0.995040603682641,0.1777279270118969,False,neutral,neutral,False,,
2020-10-01,2020-09-30,5220,5210,2,2,1,0.9803527237002198,0.1821894921393442,False,neutral,neutral,False,,
2020-10-02,2020-10-01,5221,5211,2,2,1,0.9871447962114718,0.1699117979870557,False,neutral,neutral,False,,
2020-10-05,2020-10-02,5222,5212,2,2,1,0.9907930716362868,0.2398600589244047,False,neutral,neutral,False,,
2020-10-06,2020-10-05,5223,5213,2,2,1,0.9977810897716484,0.4224730653325411,False,neutral,neutral,False,,
2020-10-07,2020-10-06,5224,5214,2,2,1,0.9980689023577952,0.3562731244051753,False,neutral,neutral,False,,
2020-10-08,2020-10-07,5225,5215,1,1,2,0.993569773838316,0.4129321048100738,False,neutral,neutral,False,,
2020-10-09,2020-10-08,5226,5216,1,1,2,0.970589965939636,0.2018317443994665,False,neutral,neutral,False,,
2020-10-12,2020-10-09,5227,5217,2,2,1,0.9877402360944394,0.20263143970528,False,neutral,neutral,False,,
2020-10-13,2020-10-12,5228,5218,2,2,1,0.9997023906176598,0.3744474165903916,False,neutral,neutral,False,,
2020-10-14,2020-10-13,5229,5219,2,2,1,0.999811820121614,0.191406941337402,False,neutral,neutral,False,,
2020-10-15,2020-10-14,5230,5220,2,2,1,0.9997394316990446,0.1887527662231362,False,neutral,neutral,False,,
2020-10-16,2020-10-15,5231,5221,2,2,0,0.999613348793135,0.1489307796866347,False,neutral,neutral,False,,
2020-10-19,2020-10-16,5232,5222,1,1,2,0.9963813441835454,0.1463473745402037,False,neutral,neutral,False,,
2020-10-20,2020-10-19,5233,5223,1,1,2,0.9941442761004036,0.3866703790040733,False,neutral,neutral,False,,
2020-10-21,2020-10-20,5234,5224,1,1,2,0.8390147763089185,0.1526899610885212,False,neutral,neutral,False,,
2020-10-22,2020-10-21,5235,5225,1,1,2,0.694365242598401,0.1514843579089436,False,neutral,neutral,False,,
2020-10-23,2020-10-22,5236,5226,1,2,1,0.3526023550361342,0.3297985930669703,False,neutral,neutral,False,,
2020-10-26,2020-10-23,5237,5227,2,1,2,0.3500533257168153,0.3133092757937755,False,neutral,neutral,False,,
2020-10-27,2020-10-26,5238,5228,2,1,2,0.4214251784970418,0.4246449369010441,False,neutral,neutral,False,,
2020-10-28,2020-10-27,5239,5229,2,1,2,0.3254301435783742,0.3216598831734601,False,neutral,neutral,False,,
2020-10-29,2020-10-28,5240,5230,1,1,2,0.9993154141592476,0.8822472215470069,True,bear,neutral,True,NEUTRAL_TO_BEAR,
2020-10-30,2020-10-29,5241,5231,2,2,1,0.999826181971311,0.2240476148619075,False,neutral,bear,True,BEAR_TO_NEUTRAL,
2020-11-02,2020-10-30,5242,5232,2,2,1,0.999959575843992,0.2608603518391575,False,neutral,neutral,False,,
2020-11-03,2020-11-02,5243,5233,2,2,1,0.999973930050914,0.2463046351989239,False,neutral,neutral,False,,
2020-11-04,2020-11-03,5244,5234,1,1,2,0.9999453903457682,0.4218594431101434,False,neutral,neutral,False,,
2020-11-05,2020-11-04,5245,5235,1,1,2,0.9999544060968284,0.5625198028544628,True,bear,neutral,True,NEUTRAL_TO_BEAR,
2020-11-06,2020-11-05,5246,5236,1,1,2,0.9999922989069656,0.4789851896079264,False,neutral,bear,True,BEAR_TO_NEUTRAL,
2020-11-09,2020-11-06,5247,5237,1,1,2,0.9999979930899368,0.1465470218803428,False,neutral,neutral,False,,
2020-11-10,2020-11-09,5248,5238,1,1,2,0.9999998800480292,0.2784897762291869,False,neutral,neutral,False,,
2020-11-11,2020-11-10,5249,5239,1,1,2,0.9999999817352524,0.1506814521429261,False,neutral,neutral,False,,
2020-11-12,2020-11-11,5250,5240,1,1,2,0.999999978413342,0.1830369428197891,False,neutral,neutral,False,,
2020-11-13,2020-11-12,5251,5241,2,2,1,0.999999945707664,0.2463778442914177,False,neutral,neutral,False,,
2020-11-16,2020-11-13,5252,5242,1,1,2,0.9999988835958384,0.313118664078079,False,neutral,neutral,False,,
2020-11-17,2020-11-16,5253,5243,1,1,2,0.9999701340982088,0.2790566693618051,False,neutral,neutral,False,,
2020-11-18,2020-11-17,5254,5244,1,1,2,0.9978159423608236,0.1800787638933784,False,neutral,neutral,False,,
2020-11-19,2020-11-18,5255,5245,2,2,1,0.932197173593863,0.2995521880598646,False,neutral,neutral,False,,
2020-11-20,2020-11-19,5256,5246,2,2,1,0.8143465399304232,0.1557560145580577,False,neutral,neutral,False,,
2020-11-23,2020-11-20,5257,5247,2,1,2,0.7732739647262524,0.3549430965215653,False,neutral,neutral,False,,
2020-11-24,2020-11-23,5258,5248,2,1,2,0.9150656520893689,0.3352659461844336,False,neutral,neutral,False,,
2020-11-25,2020-11-24,5259,5249,1,2,1,0.5234634851985354,0.4749365674747878,False,neutral,neutral,False,,
2020-11-27,2020-11-25,5260,5250,2,1,2,0.3108508964699204,0.3100835902702287,False,neutral,neutral,False,,
2020-11-30,2020-11-27,5261,5251,2,1,2,0.561938533921678,0.3103316856394465,False,neutral,neutral,False,,
2020-12-01,2020-11-30,5262,5252,2,1,2,0.5469071796716993,0.3294713168460375,False,neutral,neutral,False,,
2020-12-02,2020-12-01,5263,5253,1,2,1,0.2304465510678649,0.4098754417146329,False,neutral,neutral,False,,
2020-12-03,2020-12-02,5264,5254,1,1,2,0.9243742672114812,0.1459918217138323,False,neutral,neutral,False,,
2020-12-04,2020-12-03,5265,5255,2,2,1,0.9267943950059996,0.1477376088914975,False,neutral,neutral,False,,
2020-12-07,2020-12-04,5266,5256,2,2,1,0.9657273801001686,0.200761274160717,False,neutral,neutral,False,,
2020-12-08,2020-12-07,5267,5257,2,2,1,0.8312729823208513,0.1538650981277042,False,neutral,neutral,False,,
2020-12-09,2020-12-08,5268,5258,2,1,2,0.6806062933401797,0.3106860742191184,False,neutral,neutral,False,,
2020-12-10,2020-12-09,5269,5259,1,2,1,0.8767043388211949,0.3819661382856515,False,neutral,neutral,False,,
2020-12-11,2020-12-10,5270,5260,1,2,1,1.0,0.3063423203311611,False,neutral,neutral,False,,
2020-12-14,2020-12-11,5271,5261,1,2,1,1.0,0.3086967607532045,False,neutral,neutral,False,,
2020-12-15,2020-12-14,5272,5262,2,1,2,0.995196410209824,0.3301095631317425,False,neutral,neutral,False,,
2020-12-16,2020-12-15,5273,5263,2,1,2,1.0,0.4494045600074687,False,neutral,neutral,False,,
2020-12-17,2020-12-16,5274,5264,1,2,1,1.0,0.3067463965680734,False,neutral,neutral,False,,
2020-12-18,2020-12-17,5275,5265,1,2,1,1.0,0.3310936075580864,False,neutral,neutral,False,,
2020-12-21,2020-12-18,5276,5266,1,2,1,1.0,0.3721476788069557,False,neutral,neutral,False,,
2020-12-22,2020-12-21,5277,5267,1,2,1,1.0,0.3225701359592906,False,neutral,neutral,False,,
2020-12-23,2020-12-22,5278,5268,1,2,1,1.0,0.3111322289183877,False,neutral,neutral,False,,
2020-12-24,2020-12-23,5279,5269,1,2,1,1.0,0.3061028486660347,False,neutral,neutral,False,,
2020-12-28,2020-12-24,5280,5270,2,1,2,1.0,0.316845376285815,False,neutral,neutral,False,,
2020-12-29,2020-12-28,5281,5271,1,2,1,1.0,0.3702885636638588,False,neutral,neutral,False,,
2020-12-30,2020-12-29,5282,5272,1,2,1,1.0,0.3121939131374599,False,neutral,neutral,False,,
2020-12-31,2020-12-30,5283,5273,2,1,2,1.0,0.3067303744419771,False,neutral,neutral,False,,
2021-01-04,2020-12-31,5284,5274,1,2,1,1.0,0.3266436810254287,False,neutral,neutral,False,,
2021-01-05,2021-01-04,5285,5275,2,1,2,1.0,0.4306230118948704,False,neutral,neutral,False,,
2021-01-06,2021-01-05,5286,5276,2,1,2,1.0,0.3464847004310185,False,neutral,neutral,False,,
2021-01-07,2021-01-06,5287,5277,2,1,2,1.0,0.3358107669010272,False,neutral,neutral,False,,
2021-01-08,2021-01-07,5288,5278,1,2,1,0.4248608408198839,0.4658426458872802,False,neutral,neutral,False,,
2021-01-11,2021-01-08,5289,5279,2,1,2,0.0779845413482821,0.3327994804879514,False,neutral,neutral,False,,
2021-01-12,2021-01-11,5290,5280,2,2,1,0.928423859284368,0.1971471273630028,False,neutral,neutral,False,,
2021-01-13,2021-01-12,5291,5281,1,1,2,0.950804117257452,0.1474089114433404,False,neutral,neutral,False,,
2021-01-14,2021-01-13,5292,5282,2,2,1,0.9582738134460698,0.1495063678016276,False,neutral,neutral,False,,
2021-01-15,2021-01-14,5293,5283,1,1,2,0.9426579661126036,0.1634214735969206,False,neutral,neutral,False,,
2021-01-19,2021-01-15,5294,5284,1,1,2,0.9308711706138444,0.2057393583082429,False,neutral,neutral,False,,
2021-01-20,2021-01-19,5295,5285,2,1,2,0.6404479785382585,0.3595502341700709,False,neutral,neutral,False,,
2021-01-21,2021-01-20,5296,5286,2,1,2,0.9539498194617844,0.4539507143626498,False,neutral,neutral,False,,
2021-01-22,2021-01-21,5297,5287,2,1,2,1.0,0.3061179718234705,False,neutral,neutral,False,,
2021-01-25,2021-01-22,5298,5288,2,1,2,0.9817261529325096,0.3223083600346129,False,neutral,neutral,False,,
2021-01-26,2021-01-25,5299,5289,2,1,2,0.6515496154345259,0.3174593348420822,False,neutral,neutral,False,,
2021-01-27,2021-01-26,5300,5290,1,2,1,0.5584254350179381,0.3107900582142449,False,neutral,neutral,False,,
2021-01-28,2021-01-27,5301,5291,1,2,1,0.1542647686090396,0.3163350209189945,False,neutral,neutral,False,,
2021-01-29,2021-01-28,5302,5292,1,2,1,0.1206701242352758,0.3706428473781378,False,neutral,neutral,False,,
2021-02-01,2021-01-29,5303,5293,2,2,1,0.9924649616798972,0.5368781487787693,True,bear,neutral,True,NEUTRAL_TO_BEAR,
2021-02-02,2021-02-01,5304,5294,2,2,1,0.9917109627673608,0.3953145664218345,False,neutral,bear,True,BEAR_TO_NEUTRAL,
2021-02-03,2021-02-02,5305,5295,1,1,2,0.9921167889868948,0.3228437833244095,False,neutral,neutral,False,,
2021-02-04,2021-02-03,5306,5296,1,1,2,0.9891683656518592,0.1476312963031954,False,neutral,neutral,False,,
2021-02-05,2021-02-04,5307,5297,1,1,2,0.9936463008748184,0.2529828374189163,False,neutral,neutral,False,,
2021-02-08,2021-02-05,5308,5298,1,1,2,0.9980926823182008,0.1555003632795347,False,neutral,neutral,False,,
2021-02-09,2021-02-08,5309,5299,1,1,2,0.9996443406984687,0.1838148247455599,False,neutral,neutral,False,,
2021-02-10,2021-02-09,5310,5300,1,1,2,0.9999031809921314,0.1503590589228289,False,neutral,neutral,False,,
2021-02-11,2021-02-10,5311,5301,2,2,1,0.9998938539571176,0.1504906608670163,False,neutral,neutral,False,,
2021-02-12,2021-02-11,5312,5302,2,2,1,0.9999073797121044,0.149268969304341,False,neutral,neutral,False,,
2021-02-16,2021-02-12,5313,5303,1,1,2,0.9957990199682172,0.1628670048360781,False,neutral,neutral,False,,
2021-02-17,2021-02-16,5314,5304,1,1,2,0.9207292564117268,0.1516722202882812,False,neutral,neutral,False,,
2021-02-18,2021-02-17,5315,5305,2,2,1,0.6603068787167224,0.1500817149586329,False,neutral,neutral,False,,
2021-02-19,2021-02-18,5316,5306,1,2,1,1.0,0.3276783159674226,False,neutral,neutral,False,,
2021-02-22,2021-02-19,5317,5307,1,2,1,0.2928896803848848,0.3111498923754124,False,neutral,neutral,False,,
2021-02-23,2021-02-22,5318,5308,1,2,1,0.6512801523652011,0.3647929222953592,False,neutral,neutral,False,,
2021-02-24,2021-02-23,5319,5309,0,2,0,1.0,0.3061246160748569,False,neutral,neutral,False,,
2021-02-25,2021-02-24,5320,5310,2,1,2,1.0,0.4094621498616092,False,neutral,neutral,False,,
2021-02-26,2021-02-25,5321,5311,1,2,1,0.4348573081081302,0.3241343905458118,False,neutral,neutral,False,,
2021-03-01,2021-02-26,5322,5312,2,2,1,0.9658146864188076,0.1804772581116725,False,neutral,neutral,False,,
2021-03-02,2021-03-01,5323,5313,2,2,1,0.9451037548438248,0.6256575969328891,True,bear,neutral,True,NEUTRAL_TO_BEAR,
2021-03-03,2021-03-02,5324,5314,2,2,1,0.91140707302013,0.2153820716779004,False,neutral,bear,True,BEAR_TO_NEUTRAL,
2021-03-04,2021-03-03,5325,5315,1,1,2,0.9319158559105072,0.3340323288385075,False,neutral,neutral,False,,
2021-03-05,2021-03-04,5326,5316,1,1,2,0.989526668745472,0.311080374499168,False,neutral,neutral,False,,
2021-03-08,2021-03-05,5327,5317,1,1,2,0.9803034082229012,0.4522078030346106,False,neutral,neutral,False,,
2021-03-09,2021-03-08,5328,5318,1,1,2,0.9805860436720212,0.179066418268596,False,neutral,neutral,False,,
2021-03-10,2021-03-09,5329,5319,2,2,1,0.9794269835508852,0.3324053540697768,False,neutral,neutral,False,,
2021-03-11,2021-03-10,5330,5320,2,2,1,0.95163047718576,0.1759097136361289,False,neutral,neutral,False,,
2021-03-12,2021-03-11,5331,5321,1,1,2,0.9942315203009886,0.2329526170756456,False,neutral,neutral,False,,
2021-03-15,2021-03-12,5332,5322,1,1,2,0.9977938192020104,0.1509719652326961,False,neutral,neutral,False,,
2021-03-16,2021-03-15,5333,5323,2,2,1,0.999614014342968,0.1739176504034788,False,neutral,neutral,False,,
2021-03-17,2021-03-16,5334,5324,2,2,1,0.9998862481929732,0.1547521471069821,False,neutral,neutral,False,,
2021-03-18,2021-03-17,5335,5325,2,2,1,0.9999161802533308,0.1567970221690795,False,neutral,neutral,False,,
2021-03-19,2021-03-18,5336,5326,1,1,2,0.9970817840498182,0.3711553417411785,False,neutral,neutral,False,,
2021-03-22,2021-03-19,5337,5327,1,1,2,0.9883065306150236,0.1816881701899935,False,neutral,neutral,False,,
2021-03-23,2021-03-22,5338,5328,2,2,1,0.6282976055077212,0.1979866416264505,False,neutral,neutral,False,,
2021-03-24,2021-03-23,5339,5329,2,1,2,0.7875409344380179,0.3661267653966346,False,neutral,neutral,False,,
2021-03-25,2021-03-24,5340,5330,2,1,2,0.4238658054608614,0.3346636378905214,False,neutral,neutral,False,,
2021-03-26,2021-03-25,5341,5331,1,2,1,0.326004208280922,0.3300890691434768,False,neutral,neutral,False,,
2021-03-29,2021-03-26,5342,5332,1,2,1,0.2335445430951152,0.470114473403283,False,neutral,neutral,False,,
2021-03-30,2021-03-29,5343,5333,1,2,1,0.2738496089978324,0.3065585556983992,False,neutral,neutral,False,,
2021-03-31,2021-03-30,5344,5334,2,1,2,0.3499928632764436,0.315472999733362,False,neutral,neutral,False,,
2021-04-01,2021-03-31,5345,5335,2,1,2,0.4743861130170904,0.3173736288764078,False,neutral,neutral,False,,
2021-04-05,2021-04-01,5346,5336,1,1,2,0.9378324244696212,0.2445612266621964,False,neutral,neutral,False,,
2021-04-06,2021-04-05,5347,5337,1,1,2,0.9977423328084136,0.3327225590559929,False,neutral,neutral,False,,
2021-04-07,2021-04-06,5348,5338,1,1,2,0.9996945634953448,0.153041369519467,False,neutral,neutral,False,,
2021-04-08,2021-04-07,5349,5339,2,2,1,0.9998232776614754,0.1510559133901785,False,neutral,neutral,False,,
2021-04-09,2021-04-08,5350,5340,1,1,2,0.9996333354596746,0.1637977319663414,False,neutral,neutral,False,,
2021-04-12,2021-04-09,5351,5341,2,2,1,0.9994231313152298,0.1876620603414306,False,neutral,neutral,False,,
2021-04-13,2021-04-12,5352,5342,2,2,1,0.999631663691346,0.1513741230278494,False,neutral,neutral,False,,
2021-04-14,2021-04-13,5353,5343,2,2,1,0.9995423402561712,0.1547221929413761,False,neutral,neutral,False,,
2021-04-15,2021-04-14,5354,5344,2,2,1,0.9956657203808098,0.1673795554233888,False,neutral,neutral,False,,
2021-04-16,2021-04-15,5355,5345,2,2,1,0.96471325527647,0.2470004034219926,False,neutral,neutral,False,,
2021-04-19,2021-04-16,5356,5346,1,1,2,0.8965174841446926,0.1575944090108186,False,neutral,neutral,False,,
2021-04-20,2021-04-19,5357,5347,1,1,2,0.8636585883845482,0.1806983657411854,False,neutral,neutral,False,,
2021-04-21,2021-04-20,5358,5348,2,2,1,0.5444638261980058,0.2108201965453326,False,neutral,neutral,False,,
2021-04-22,2021-04-21,5359,5349,2,1,2,0.9936656433958176,0.3806746884207478,False,neutral,neutral,False,,
2021-04-23,2021-04-22,5360,5350,1,2,1,1.0,0.3815211987492805,False,neutral,neutral,False,,
2021-04-26,2021-04-23,5361,5351,1,2,1,1.0,0.4030283803666087,False,neutral,neutral,False,,
2021-04-27,2021-04-26,5362,5352,2,1,2,1.0,0.3069444768054842,False,neutral,neutral,False,,
2021-04-28,2021-04-27,5363,5353,1,2,1,1.0,0.3056445621333709,False,neutral,neutral,False,,
2021-04-29,2021-04-28,5364,5354,2,1,2,1.0,0.3057662827164207,False,neutral,neutral,False,,
2021-04-30,2021-04-29,5365,5355,2,1,2,1.0,0.3379725846657244,False,neutral,neutral,False,,
2021-05-03,2021-04-30,5366,5356,2,1,2,1.0,0.3503089635512704,False,neutral,neutral,False,,
2021-05-04,2021-05-03,5367,5357,2,1,2,1.0,0.3073594176881165,False,neutral,neutral,False,,
2021-05-05,2021-05-04,5368,5358,1,2,1,1.0,0.3459960370603723,False,neutral,neutral,False,,
2021-05-06,2021-05-05,5369,5359,2,1,2,1.0,0.3052974839626384,False,neutral,neutral,False,,
2021-05-07,2021-05-06,5370,5360,1,2,1,0.1576908586939374,0.3587425039900771,False,neutral,neutral,False,,
2021-05-10,2021-05-07,5371,5361,1,2,1,1.0,0.3491350076524857,False,neutral,neutral,False,,
2021-05-11,2021-05-10,5372,5362,2,1,2,1.0,0.3910513573003845,False,neutral,neutral,False,,
2021-05-12,2021-05-11,5373,5363,1,2,1,1.0,0.3791737685570852,False,neutral,neutral,False,,
2021-05-13,2021-05-12,5374,5364,2,2,1,0.9762863714075672,0.5738469254620805,True,bear,neutral,True,NEUTRAL_TO_BEAR,
2021-05-14,2021-05-13,5375,5365,2,2,1,0.9858998427564126,0.2763115241412565,False,neutral,bear,True,BEAR_TO_NEUTRAL,
2021-05-17,2021-05-14,5376,5366,2,2,1,0.9851358274124438,0.367366867418858,False,neutral,neutral,False,,
2021-05-18,2021-05-17,5377,5367,2,2,1,0.9815684609407724,0.1623548328308376,False,neutral,neutral,False,,
2021-05-19,2021-05-18,5378,5368,2,2,1,0.9857715163301752,0.2326874075080306,False,neutral,neutral,False,,
2021-05-20,2021-05-19,5379,5369,1,1,2,0.9899188428023648,0.1631787068104906,False,neutral,neutral,False,,
2021-05-21,2021-05-20,5380,5370,2,2,1,0.9817885277349304,0.2487924162032211,False,neutral,neutral,False,,
2021-05-24,2021-05-21,5381,5371,1,1,2,0.839941098520853,0.1557367753754084,False,neutral,neutral,False,,
2021-05-25,2021-05-24,5382,5372,2,2,1,0.8966096698673389,0.2376690301201119,False,neutral,neutral,False,,
2021-05-26,2021-05-25,5383,5373,2,2,1,0.9474601990197048,0.1613585777715167,False,neutral,neutral,False,,
2021-05-27,2021-05-26,5384,5374,1,1,2,0.5633314232826996,0.1546549811798044,False,neutral,neutral,False,,
2021-05-28,2021-05-27,5385,5375,2,1,2,0.7547920892403348,0.3049615882723938,False,neutral,neutral,False,,
2021-06-01,2021-05-28,5386,5376,2,1,2,0.4640474779412413,0.3064048080018756,False,neutral,neutral,False,,
2021-06-02,2021-06-01,5387,5377,1,2,1,0.3493097990671067,0.3073492686992247,False,neutral,neutral,False,,
2021-06-03,2021-06-02,5388,5378,1,2,1,0.685923374889714,0.3060332647494473,False,neutral,neutral,False,,
2021-06-04,2021-06-03,5389,5379,2,1,2,1.0,0.3225799444797461,False,neutral,neutral,False,,
2021-06-07,2021-06-04,5390,5380,1,2,1,1.0,0.3757017016609756,False,neutral,neutral,False,,
2021-06-08,2021-06-07,5391,5381,2,1,2,0.2441698020447936,0.307795568182682,False,neutral,neutral,False,,
2021-06-09,2021-06-08,5392,5382,1,2,1,0.5292251274200864,0.3055800380415773,False,neutral,neutral,False,,
2021-06-10,2021-06-09,5393,5383,0,1,2,0.7142146179003143,0.5329236599879973,True,bull,neutral,True,NEUTRAL_TO_BULL,
2021-06-11,2021-06-10,5394,5384,0,2,1,0.3394448335046783,0.5133253465070734,True,bull,bull,False,,
2021-06-14,2021-06-11,5395,5385,1,2,1,0.998617983259804,0.3065447377423402,False,neutral,bull,True,BULL_TO_NEUTRAL,
2021-06-15,2021-06-14,5396,5386,1,2,1,1.0,0.3080832969380271,False,neutral,neutral,False,,
2021-06-16,2021-06-15,5397,5387,2,1,2,1.0,0.3113312128389018,False,neutral,neutral,False,,
2021-06-17,2021-06-16,5398,5388,1,2,1,1.0,0.3398554641838042,False,neutral,neutral,False,,
2021-06-18,2021-06-17,5399,5389,1,2,1,0.0717168908065933,0.3065031047114412,False,neutral,neutral,False,,
2021-06-21,2021-06-18,5400,5390,1,2,1,0.8944176459306569,0.4298882630490932,False,neutral,neutral,False,,
2021-06-22,2021-06-21,5401,5391,2,1,2,0.8543691245212431,0.4516025622378187,False,neutral,neutral,False,,
2021-06-23,2021-06-22,5402,5392,1,2,1,0.835097500128534,0.3277246701777281,False,neutral,neutral,False,,
2021-06-24,2021-06-23,5403,5393,2,1,2,0.8417993371267471,0.3089893954633338,False,neutral,neutral,False,,
2021-06-25,2021-06-24,5404,5394,2,1,2,0.70512772435474,0.3334906018151763,False,neutral,neutral,False,,
2021-06-28,2021-06-25,5405,5395,2,1,2,0.4447291883782991,0.3142252884824148,False,neutral,neutral,False,,
2021-06-29,2021-06-28,5406,5396,1,2,1,0.2540824253770914,0.307757300185574,False,neutral,neutral,False,,
2021-06-30,2021-06-29,5407,5397,1,2,1,0.1423311574259564,0.3065635526874505,False,neutral,neutral,False,,
2021-07-01,2021-06-30,5408,5398,1,1,2,0.9274681260939088,0.1532170910140553,False,neutral,neutral,False,,
2021-07-02,2021-07-01,5409,5399,1,1,2,0.9727916843675622,0.1726248995743482,False,neutral,neutral,False,,
2021-07-06,2021-07-02,5410,5400,1,1,2,0.8784337631954426,0.1941003230363544,False,neutral,neutral,False,,
2021-07-07,2021-07-06,5411,5401,1,1,2,0.8485276780213556,0.1597372044458842,False,neutral,neutral,False,,
2021-07-08,2021-07-07,5412,5402,1,1,2,0.8918518097114841,0.1600243896729034,False,neutral,neutral,False,,
2021-07-09,2021-07-08,5413,5403,1,1,2,0.5254199789800472,0.225847200575921,False,neutral,neutral,False,,
2021-07-12,2021-07-09,5414,5404,2,1,2,0.4622753233559968,0.3998548076633139,False,neutral,neutral,False,,
2021-07-13,2021-07-12,5415,5405,2,1,2,0.3243269508263864,0.3151839643542279,False,neutral,neutral,False,,
2021-07-14,2021-07-13,5416,5406,1,2,1,0.4862916716890992,0.3218670622717217,False,neutral,neutral,False,,
2021-07-15,2021-07-14,5417,5407,1,2,1,0.8711460832537382,0.3077530880397399,False,neutral,neutral,False,,
2021-07-16,2021-07-15,5418,5408,2,1,2,1.0,0.3221075257650848,False,neutral,neutral,False,,
2021-07-19,2021-07-16,5419,5409,2,1,2,1.0,0.3661061545118984,False,neutral,neutral,False,,
2021-07-20,2021-07-19,5420,5410,1,2,1,0.2410678060127304,0.4305114170001094,False,neutral,neutral,False,,
2021-07-21,2021-07-20,5421,5411,1,2,1,0.2110533786914833,0.4537978427909015,False,neutral,neutral,False,,
2021-07-22,2021-07-21,5422,5412,2,1,2,0.2111419320650892,0.3615795906761835,False,neutral,neutral,False,,
2021-07-23,2021-07-22,5423,5413,1,2,1,0.2278419095195214,0.3085548151493483,False,neutral,neutral,False,,
2021-07-26,2021-07-23,5424,5414,1,1,2,0.9206248247621248,0.2351985786884927,False,neutral,neutral,False,,
2021-07-27,2021-07-26,5425,5415,1,1,2,0.971857270120824,0.1531532469207327,False,neutral,neutral,False,,
2021-07-28,2021-07-27,5426,5416,1,1,2,0.982136526404506,0.177089038833938,False,neutral,neutral,False,,
2021-07-29,2021-07-28,5427,5417,1,1,2,0.987671818187761,0.1537743001237103,False,neutral,neutral,False,,
2021-07-30,2021-07-29,5428,5418,2,2,1,0.9934151168222584,0.161876274093955,False,neutral,neutral,False,,
2021-08-02,2021-07-30,5429,5419,2,2,1,0.9905527415637716,0.1807410216385738,False,neutral,neutral,False,,
2021-08-03,2021-08-02,5430,5420,1,2,1,0.6256425418263498,0.3137660012780001,False,neutral,neutral,False,,
2021-08-04,2021-08-03,5431,5421,2,1,2,1.0,0.3609448409771998,False,neutral,neutral,False,,
2021-08-05,2021-08-04,5432,5422,2,1,2,0.8859595193917871,0.334688644136496,False,neutral,neutral,False,,
2021-08-06,2021-08-05,5433,5423,2,1,2,0.1538600698149687,0.3381388639614328,False,neutral,neutral,False,,
2021-08-09,2021-08-06,5434,5424,2,1,2,0.618960129461117,0.3075471708250866,False,neutral,neutral,False,,
2021-08-10,2021-08-09,5435,5425,2,1,2,0.8804280209854359,0.3089266538699634,False,neutral,neutral,False,,
2021-08-11,2021-08-10,5436,5426,1,2,1,1.0,0.3075760797266631,False,neutral,neutral,False,,
2021-08-12,2021-08-11,5437,5427,1,2,1,1.0,0.3103784377117514,False,neutral,neutral,False,,
2021-08-13,2021-08-12,5438,5428,2,1,2,1.0,0.3124924751037324,False,neutral,neutral,False,,
2021-08-16,2021-08-13,5439,5429,2,1,2,1.0,0.3085706774906503,False,neutral,neutral,False,,
2021-08-17,2021-08-16,5440,5430,1,2,1,1.0,0.310146103693553,False,neutral,neutral,False,,
2021-08-18,2021-08-17,5441,5431,2,1,2,1.0,0.3514791439886695,False,neutral,neutral,False,,
2021-08-19,2021-08-18,5442,5432,1,2,1,1.0,0.4022497705248359,False,neutral,neutral,False,,
2021-08-20,2021-08-19,5443,5433,1,2,1,1.0,0.307670898074178,False,neutral,neutral,False,,
2021-08-23,2021-08-20,5444,5434,1,2,1,1.0,0.3595660564925318,False,neutral,neutral,False,,
2021-08-24,2021-08-23,5445,5435,2,1,2,0.9975498665213944,0.3717001088928463,False,neutral,neutral,False,,
2021-08-25,2021-08-24,5446,5436,1,2,1,0.7804012740807071,0.3078390521440066,False,neutral,neutral,False,,
2021-08-26,2021-08-25,5447,5437,2,1,2,0.4399890077730604,0.309551452582622,False,neutral,neutral,False,,
2021-08-27,2021-08-26,5448,5438,2,1,2,0.4179421226958492,0.3448688241462476,False,neutral,neutral,False,,
2021-08-30,2021-08-27,5449,5439,2,1,2,0.1861442000080482,0.3735577038668966,False,neutral,neutral,False,,
2021-08-31,2021-08-30,5450,5440,1,1,2,0.9484080988913376,0.1636644761721828,False,neutral,neutral,False,,
2021-09-01,2021-08-31,5451,5441,1,1,2,0.9720198225363472,0.1576937676751662,False,neutral,neutral,False,,
2021-09-02,2021-09-01,5452,5442,2,2,1,0.896795835309974,0.1532023853743841,False,neutral,neutral,False,,
2021-09-03,2021-09-02,5453,5443,2,1,2,0.6418823363593212,0.3126612616228204,False,neutral,neutral,False,,
2021-09-07,2021-09-03,5454,5444,2,1,2,1.0,0.3080190357058781,False,neutral,neutral,False,,
2021-09-08,2021-09-07,5455,5445,1,2,1,1.0,0.3239203993923986,False,neutral,neutral,False,,
2021-09-09,2021-09-08,5456,5446,2,1,2,1.0,0.3109644014548493,False,neutral,neutral,False,,
2021-09-10,2021-09-09,5457,5447,1,2,1,1.0,0.3294388378845237,False,neutral,neutral,False,,
2021-09-13,2021-09-10,5458,5448,1,2,1,1.0,0.3666681082857135,False,neutral,neutral,False,,
2021-09-14,2021-09-13,5459,5449,2,1,2,0.9999999092495586,0.3113748235552341,False,neutral,neutral,False,,
2021-09-15,2021-09-14,5460,5450,2,1,2,0.48547745455435,0.3399761770453601,False,neutral,neutral,False,,
2021-09-16,2021-09-15,5461,5451,2,1,2,0.5088759944721929,0.3641942318791453,False,neutral,neutral,False,,
2021-09-17,2021-09-16,5462,5452,1,2,1,0.5756122424998331,0.3127430536581396,False,neutral,neutral,False,,
2021-09-20,2021-09-17,5463,5453,1,2,1,0.263830592235005,0.4216439392337159,False,neutral,neutral,False,,
2021-09-21,2021-09-20,5464,5454,2,2,1,0.9906733776518803,0.4358538848405615,False,neutral,neutral,False,,
2021-09-22,2021-09-21,5465,5455,1,1,2,0.9983461516168964,0.1553989950562978,False,neutral,neutral,False,,
2021-09-23,2021-09-22,5466,5456,2,2,1,0.9972533007120872,0.2285295426715172,False,neutral,neutral,False,,
2021-09-24,2021-09-23,5467,5457,2,2,1,0.9936997589930844,0.2811942345941566,False,neutral,neutral,False,,
2021-09-27,2021-09-24,5468,5458,1,1,2,0.9924804047319848,0.1538372577746897,False,neutral,neutral,False,,
2021-09-28,2021-09-27,5469,5459,1,1,2,0.9875402611130336,0.1655064599320625,False,neutral,neutral,False,,
2021-09-29,2021-09-28,5470,5460,2,2,1,0.9954122042113038,0.5450982060051028,True,bear,neutral,True,NEUTRAL_TO_BEAR,
2021-09-30,2021-09-29,5471,5461,1,1,2,0.9900761189133188,0.1543647222598116,False,neutral,bear,True,BEAR_TO_NEUTRAL,
2021-10-01,2021-09-30,5472,5462,2,2,1,0.9912026092026208,0.3126308214537645,False,neutral,neutral,False,,
2021-10-04,2021-10-01,5473,5463,1,1,2,0.9885950112794266,0.2729835775564237,False,neutral,neutral,False,,
2021-10-05,2021-10-04,5474,5464,1,1,2,0.9965905590505156,0.3308044813878248,False,neutral,neutral,False,,
2021-10-06,2021-10-05,5475,5465,1,1,2,0.9967914873198253,0.240863530678184,False,neutral,neutral,False,,
2021-10-07,2021-10-06,5476,5466,2,2,1,0.9966188742639372,0.1625137051467294,False,neutral,neutral,False,,
2021-10-08,2021-10-07,5477,5467,1,1,2,0.99037496351957,0.209882429587135,False,neutral,neutral,False,,
2021-10-11,2021-10-08,5478,5468,1,1,2,0.9480936691436644,0.1625589116022634,False,neutral,neutral,False,,
2021-10-12,2021-10-11,5479,5469,2,1,2,0.5594209806066065,0.3593965590626594,False,neutral,neutral,False,,
2021-10-13,2021-10-12,5480,5470,2,1,2,0.5587164818955498,0.3162105194072482,False,neutral,neutral,False,,
2021-10-14,2021-10-13,5481,5471,2,1,2,0.5380675871248,0.3155164236901005,False,neutral,neutral,False,,
2021-10-15,2021-10-14,5482,5472,1,2,1,0.195079647190546,0.4639080188550683,False,neutral,neutral,False,,
2021-10-18,2021-10-15,5483,5473,2,2,1,0.9871761243006444,0.1956163216718704,False,neutral,neutral,False,,
2021-10-19,2021-10-18,5484,5474,2,2,1,0.991584961778932,0.1585097852643209,False,neutral,neutral,False,,
2021-10-20,2021-10-19,5485,5475,2,2,1,0.9987237133358045,0.1981545567212054,False,neutral,neutral,False,,
2021-10-21,2021-10-20,5486,5476,2,2,1,0.9997364163548514,0.1631395007600502,False,neutral,neutral,False,,
2021-10-22,2021-10-21,5487,5477,1,1,2,0.9999418734405228,0.1577583510425895,False,neutral,neutral,False,,
2021-10-25,2021-10-22,5488,5478,2,2,1,0.9999663451371916,0.1580966930203948,False,neutral,neutral,False,,
2021-10-26,2021-10-25,5489,5479,1,1,2,0.9999481783693008,0.1726813784026187,False,neutral,neutral,False,,
2021-10-27,2021-10-26,5490,5480,2,2,1,0.9995495181834896,0.1555632887839211,False,neutral,neutral,False,,
2021-10-28,2021-10-27,5491,5481,2,2,1,0.965479560569364,0.1796420376473084,False,neutral,neutral,False,,
2021-10-29,2021-10-28,5492,5482,2,2,1,0.8667924421166276,0.230304491078934,False,neutral,neutral,False,,
2021-11-01,2021-10-29,5493,5483,2,2,1,0.7371633909463817,0.1570430309413938,False,neutral,neutral,False,,
2021-11-02,2021-11-01,5494,5484,2,1,2,0.6472817990328271,0.3076538741389473,False,neutral,neutral,False,,
2021-11-03,2021-11-02,5495,5485,2,1,2,0.4762040528281175,0.3178002278211844,False,neutral,neutral,False,,
2021-11-04,2021-11-03,5496,5486,1,2,1,0.1382107270911793,0.3384314175880322,False,neutral,neutral,False,,
2021-11-05,2021-11-04,5497,5487,1,1,2,0.9707054186988489,0.1692322076714584,False,neutral,neutral,False,,
2021-11-08,2021-11-05,5498,5488,1,1,2,0.9873478739299688,0.1622368782390827,False,neutral,neutral,False,,
2021-11-09,2021-11-08,5499,5489,2,2,1,0.993392427942699,0.1566065983017453,False,neutral,neutral,False,,
2021-11-10,2021-11-09,5500,5490,2,2,1,0.9902712068366388,0.1714300124455502,False,neutral,neutral,False,,
2021-11-11,2021-11-10,5501,5491,2,2,1,0.8899549224830099,0.2263984434600485,False,neutral,neutral,False,,
2021-11-12,2021-11-11,5502,5492,1,1,2,0.657333110802547,0.1572623780396891,False,neutral,neutral,False,,
2021-11-15,2021-11-12,5503,5493,2,1,2,0.8170259719033505,0.3518239367143689,False,neutral,neutral,False,,
2021-11-16,2021-11-15,5504,5494,2,1,2,1.0,0.306517545692628,False,neutral,neutral,False,,
2021-11-17,2021-11-16,5505,5495,2,1,2,1.0,0.31656103840103,False,neutral,neutral,False,,
2021-11-18,2021-11-17,5506,5496,2,1,2,1.0,0.3155156498879867,False,neutral,neutral,False,,
2021-11-19,2021-11-18,5507,5497,2,1,2,1.0,0.3133616577834797,False,neutral,neutral,False,,
2021-11-22,2021-11-19,5508,5498,2,1,2,1.0,0.3124304577958173,False,neutral,neutral,False,,
2021-11-23,2021-11-22,5509,5499,2,1,2,1.0,0.3180228413058321,False,neutral,neutral,False,,
2021-11-24,2021-11-23,5510,5500,2,1,2,1.0,0.306931300740782,False,neutral,neutral,False,,
2021-11-26,2021-11-24,5511,5501,2,1,2,0.8529149167034985,0.3102820887757176,False,neutral,neutral,False,,
2021-11-29,2021-11-26,5512,5502,2,1,2,0.6323184830595171,0.3567050107710884,False,neutral,neutral,False,,
2021-11-30,2021-11-29,5513,5503,2,1,2,0.491277250042297,0.4208660809207173,False,neutral,neutral,False,,
2021-12-01,2021-11-30,5514,5504,1,1,2,0.9864301730033668,0.5247115774318895,True,bear,neutral,True,NEUTRAL_TO_BEAR,
2021-12-02,2021-12-01,5515,5505,2,2,1,0.999686794052828,0.2877204359598282,False,neutral,bear,True,BEAR_TO_NEUTRAL,
2021-12-03,2021-12-02,5516,5506,1,1,2,0.9997647628298272,0.3711182380719222,False,neutral,neutral,False,,
2021-12-06,2021-12-03,5517,5507,1,1,2,0.9998359792058062,0.2396955832726753,False,neutral,neutral,False,,
2021-12-07,2021-12-06,5518,5508,2,2,1,0.999600282852921,0.2784533702892727,False,neutral,neutral,False,,
2021-12-08,2021-12-07,5519,5509,2,2,1,0.9996636280637168,0.5388811268350857,True,bear,neutral,True,NEUTRAL_TO_BEAR,
2021-12-09,2021-12-08,5520,5510,2,2,1,0.9997626093305874,0.1604028482705393,False,neutral,bear,True,BEAR_TO_NEUTRAL,
2021-12-10,2021-12-09,5521,5511,1,1,2,0.9995047884962251,0.2082482686642492,False,neutral,neutral,False,,
2021-12-13,2021-12-10,5522,5512,2,2,1,0.9998822708000876,0.2277706312648411,False,neutral,neutral,False,,
2021-12-14,2021-12-13,5523,5513,1,1,2,0.99991124652114,0.24310635066392,False,neutral,neutral,False,,
2021-12-15,2021-12-14,5524,5514,1,1,2,0.9998378092758434,0.210511988597686,False,neutral,neutral,False,,
2021-12-16,2021-12-15,5525,5515,1,1,2,0.9988979697324832,0.3834802308277957,False,neutral,neutral,False,,
2021-12-17,2021-12-16,5526,5516,1,1,2,0.9967219311695183,0.242901880953907,False,neutral,neutral,False,,
2021-12-20,2021-12-17,5527,5517,1,1,2,0.939375252180248,0.3676488211050209,False,neutral,neutral,False,,
2021-12-21,2021-12-20,5528,5518,1,1,2,0.9902680932953823,0.2807021168045025,False,neutral,neutral,False,,
2021-12-22,2021-12-21,5529,5519,1,1,2,0.9901791415007196,0.4506470720290317,False,neutral,neutral,False,,
2021-12-23,2021-12-22,5530,5520,2,2,0,0.9875523678999696,0.2404802243735969,False,neutral,neutral,False,,
2021-12-27,2021-12-23,5531,5521,1,1,2,0.9934919805181744,0.1859612619667731,False,neutral,neutral,False,,
2021-12-28,2021-12-27,5532,5522,2,2,0,0.999356340606884,0.3431224807085849,False,neutral,neutral,False,,
2021-12-29,2021-12-28,5533,5523,1,1,2,0.999897527586463,0.1626834721689407,False,neutral,neutral,False,,
2021-12-30,2021-12-29,5534,5524,1,1,2,0.9999663882060926,0.1600192071200903,False,neutral,neutral,False,,
2021-12-31,2021-12-30,5535,5525,1,1,2,0.9999834297697016,0.1718353056946222,False,neutral,neutral,False,,
2022-01-03,2021-12-31,5536,5526,1,1,2,0.9999874690288848,0.1705453857062814,False,neutral,neutral,False,,
2022-01-04,2022-01-03,5537,5527,1,1,0,0.9999671656285918,0.1828960027515847,False,neutral,neutral,False,,
2022-01-05,2022-01-04,5538,5528,1,1,2,0.9931072423725146,0.1619910940957,False,neutral,neutral,False,,
2022-01-06,2022-01-05,5539,5529,1,1,2,0.9133490293144264,0.519173128321918,True,bear,neutral,True,NEUTRAL_TO_BEAR,
2022-01-07,2022-01-06,5540,5530,1,1,2,0.903476675639326,0.1640772102938542,False,neutral,bear,True,BEAR_TO_NEUTRAL,
2022-01-10,2022-01-07,5541,5531,1,1,2,0.9805824111043344,0.1816156587533919,False,neutral,neutral,False,,
2022-01-11,2022-01-10,5542,5532,1,1,2,0.9943721821325884,0.1654062904054222,False,neutral,neutral,False,,
2022-01-12,2022-01-11,5543,5533,1,1,2,0.9925912173023802,0.2264850088053363,False,neutral,neutral,False,,
2022-01-13,2022-01-12,5544,5534,1,1,2,0.9834774825279804,0.1644878505637066,False,neutral,neutral,False,,
2022-01-14,2022-01-13,5545,5535,1,1,2,0.988311204934371,0.3624352254320012,False,neutral,neutral,False,,
2022-01-18,2022-01-14,5546,5536,1,1,2,0.9882713780658092,0.1619118512376904,False,neutral,neutral,False,,
2022-01-19,2022-01-18,5547,5537,1,1,2,0.9963700902225374,0.476115659832614,False,neutral,neutral,False,,
2022-01-20,2022-01-19,5548,5538,1,1,2,0.999070724338194,0.2777588817402071,False,neutral,neutral,False,,
2022-01-21,2022-01-20,5549,5539,1,1,2,0.9999843596676752,0.2929911538403751,False,neutral,neutral,False,,
2022-01-24,2022-01-21,5550,5540,1,1,2,0.999999896403196,0.5352967661038848,True,bear,neutral,True,NEUTRAL_TO_BEAR,
2022-01-25,2022-01-24,5551,5541,1,1,0,0.9999999881159576,0.1714403147659689,False,neutral,bear,True,BEAR_TO_NEUTRAL,
2022-01-26,2022-01-25,5552,5542,1,1,0,0.9999999988769956,0.3225732147490514,False,neutral,neutral,False,,
2022-01-27,2022-01-26,5553,5543,1,1,2,0.999999999063192,0.1719510547009703,False,neutral,neutral,False,,
2022-01-28,2022-01-27,5554,5544,1,1,2,0.999999995181828,0.1915419194785606,False,neutral,neutral,False,,
2022-01-31,2022-01-28,5555,5545,1,1,2,0.9999999028159602,0.6552343527613397,True,bear,neutral,True,NEUTRAL_TO_BEAR,
2022-02-01,2022-01-31,5556,5546,2,2,1,0.9999933015104182,0.4599095477979616,False,neutral,bear,True,BEAR_TO_NEUTRAL,
2022-02-02,2022-02-01,5557,5547,2,2,1,0.9999792489243844,0.1940108171865836,False,neutral,neutral,False,,
2022-02-03,2022-02-02,5558,5548,2,2,1,0.9999962530204196,0.2383300717670086,False,neutral,neutral,False,,
2022-02-04,2022-02-03,5559,5549,1,0,2,1.0,0.6117775248815291,True,bull,neutral,True,NEUTRAL_TO_BULL,
2022-02-07,2022-02-04,5560,5550,1,1,0,0.99999670490382,0.1757502370562612,False,neutral,bull,True,BULL_TO_NEUTRAL,
2022-02-08,2022-02-07,5561,5551,1,1,0,0.9999967882984364,0.1769184012614641,False,neutral,neutral,False,,
2022-02-09,2022-02-08,5562,5552,1,1,0,0.999991155478175,0.2130020283371751,False,neutral,neutral,False,,
2022-02-10,2022-02-09,5563,5553,1,1,2,0.9999716966775316,0.3595835575820101,False,neutral,neutral,False,,
2022-02-11,2022-02-10,5564,5554,1,1,2,0.985658523214026,0.4851480735744485,False,neutral,neutral,False,,
2022-02-14,2022-02-11,5565,5555,1,1,2,0.992778071079682,0.5395772711296296,True,bear,neutral,True,NEUTRAL_TO_BEAR,
2022-02-15,2022-02-14,5566,5556,1,1,2,0.9993493621171142,0.1780629760337548,False,neutral,bear,True,BEAR_TO_NEUTRAL,
2022-02-16,2022-02-15,5567,5557,1,1,2,0.9991839725638796,0.4041731999896692,False,neutral,neutral,False,,
2022-02-17,2022-02-16,5568,5558,1,1,2,0.9942555292088802,0.1631989683963647,False,neutral,neutral,False,,
2022-02-18,2022-02-17,5569,5559,1,1,2,0.9992531514260932,0.5854069642200534,True,bear,neutral,True,NEUTRAL_TO_BEAR,
2022-02-22,2022-02-18,5570,5560,2,2,1,0.9999078558803224,0.2118173231849097,False,neutral,bear,True,BEAR_TO_NEUTRAL,
2022-02-23,2022-02-22,5571,5561,1,1,2,0.9999940890648378,0.2879681666249767,False,neutral,neutral,False,,
2022-02-24,2022-02-23,5572,5562,1,1,2,0.9999997714938932,0.4808660326777979,False,neutral,neutral,False,,
2022-02-25,2022-02-24,5573,5563,2,2,0,0.999997032279991,0.3690572448219627,False,neutral,neutral,False,,
2022-02-28,2022-02-25,5574,5564,2,2,0,0.9999773518892798,0.5768365432484412,True,bear,neutral,True,NEUTRAL_TO_BEAR,
2022-03-01,2022-02-28,5575,5565,1,1,2,0.9999696023494604,0.1740692209863535,False,neutral,bear,True,BEAR_TO_NEUTRAL,
2022-03-02,2022-03-01,5576,5566,1,1,2,0.9999751173430232,0.4065995651485721,False,neutral,neutral,False,,
2022-03-03,2022-03-02,5577,5567,1,1,2,0.999829839401884,0.472756198392601,False,neutral,neutral,False,,
2022-03-04,2022-03-03,5578,5568,1,1,2,0.9952534809508434,0.1939774063993061,False,neutral,neutral,False,,
2022-03-07,2022-03-04,5579,5569,0,0,2,0.9923645153966244,0.2370031691645819,False,neutral,neutral,False,,
2022-03-08,2022-03-07,5580,5570,1,1,0,0.9996249719842796,0.7940012974208343,True,bear,neutral,True,NEUTRAL_TO_BEAR,
2022-03-09,2022-03-08,5581,5571,1,1,2,0.9999817978044112,0.228595329070214,False,neutral,bear,True,BEAR_TO_NEUTRAL,
2022-03-10,2022-03-09,5582,5572,1,1,2,0.9999957790110098,0.7277021485916474,True,bear,neutral,True,NEUTRAL_TO_BEAR,
2022-03-11,2022-03-10,5583,5573,1,1,2,0.9999992771908476,0.1945393610588758,False,neutral,bear,True,BEAR_TO_NEUTRAL,
2022-03-14,2022-03-11,5584,5574,1,1,2,0.9999705481933956,0.3379125308455827,False,neutral,neutral,False,,
2022-03-15,2022-03-14,5585,5575,1,1,2,0.9999751660105508,0.224613747261842,False,neutral,neutral,False,,
2022-03-16,2022-03-15,5586,5576,1,1,2,0.999968828835802,0.574179571792091,True,bear,neutral,True,NEUTRAL_TO_BEAR,
2022-03-17,2022-03-16,5587,5577,1,1,2,0.9999344204895432,0.582400801121865,True,bear,bear,False,,
2022-03-18,2022-03-17,5588,5578,1,1,2,0.9999901175313376,0.3025821261381631,False,neutral,bear,True,BEAR_TO_NEUTRAL,
2022-03-21,2022-03-18,5589,5579,1,1,2,0.999999605518713,0.2086806407429309,False,neutral,neutral,False,,
2022-03-22,2022-03-21,5590,5580,1,1,2,0.9999999160400064,0.1657365870760615,False,neutral,neutral,False,,
2022-03-23,2022-03-22,5591,5581,1,1,2,0.99999996305177,0.2813359533555783,False,neutral,neutral,False,,
2022-03-24,2022-03-23,5592,5582,1,1,2,0.9999999767202468,0.3424362738725623,False,neutral,neutral,False,,
2022-03-25,2022-03-24,5593,5583,2,2,0,0.999999990279908,0.3723193088006699,False,neutral,neutral,False,,
2022-03-28,2022-03-25,5594,5584,1,1,2,0.9999999648947516,0.1781600891970976,False,neutral,neutral,False,,
2022-03-29,2022-03-28,5595,5585,1,1,2,0.999996344275951,0.2010553952366184,False,neutral,neutral,False,,
2022-03-30,2022-03-29,5596,5586,1,1,2,0.9999672375959526,0.2981530419770866,False,neutral,neutral,False,,
2022-03-31,2022-03-30,5597,5587,1,1,2,0.9998603983310274,0.2091323261617874,False,neutral,neutral,False,,
2022-04-01,2022-03-31,5598,5588,1,1,2,0.999233952581233,0.411180376350006,False,neutral,neutral,False,,
2022-04-04,2022-04-01,5599,5589,1,1,2,0.997847489559352,0.1678750821108666,False,neutral,neutral,False,,
2022-04-05,2022-04-04,5600,5590,2,2,0,0.9923696750648144,0.2210062271120764,False,neutral,neutral,False,,
2022-04-06,2022-04-05,5601,5591,1,1,2,0.9903987822357804,0.3361373114372445,False,neutral,neutral,False,,
2022-04-07,2022-04-06,5602,5592,2,2,0,0.9657228596665716,0.2746347286423526,False,neutral,neutral,False,,
2022-04-08,2022-04-07,5603,5593,2,2,0,0.9771988431117816,0.1806198498392917,False,neutral,neutral,False,,
2022-04-11,2022-04-08,5604,5594,1,1,2,0.9907446404902264,0.1765490879880936,False,neutral,neutral,False,,
2022-04-12,2022-04-11,5605,5595,1,1,2,0.9995584551063994,0.4612815556231996,False,neutral,neutral,False,,
2022-04-13,2022-04-12,5606,5596,1,1,2,0.9997022610993326,0.184377250384788,False,neutral,neutral,False,,
2022-04-14,2022-04-13,5607,5597,1,1,2,0.998654001747809,0.2770435164032372,False,neutral,neutral,False,,
2022-04-18,2022-04-14,5608,5598,1,1,2,0.999601728293555,0.33294474341469,False,neutral,neutral,False,,
2022-04-19,2022-04-18,5609,5599,1,1,2,0.99962311986251,0.1656036676128714,False,neutral,neutral,False,,
2022-04-20,2022-04-19,5610,5600,1,1,2,0.9886352822631695,0.4042115219763006,False,neutral,neutral,False,,
2022-04-21,2022-04-20,5611,5601,1,1,2,0.9409478130268376,0.1688286103447966,False,neutral,neutral,False,,
2022-04-22,2022-04-21,5612,5602,1,1,2,0.9489861452766676,0.4016932289296914,False,neutral,neutral,False,,
2022-04-25,2022-04-22,5613,5603,1,1,2,0.9990762384063884,0.7491307238624858,True,bear,neutral,True,NEUTRAL_TO_BEAR,
2022-04-26,2022-04-25,5614,5604,1,1,2,0.9995153932535936,0.1875002340048485,False,neutral,bear,True,BEAR_TO_NEUTRAL,
2022-04-27,2022-04-26,5615,5605,1,1,2,0.9999986093114824,0.7829330594107495,True,bear,neutral,True,NEUTRAL_TO_BEAR,
2022-04-28,2022-04-27,5616,5606,1,1,2,0.999999912946887,0.1697177822515409,False,neutral,bear,True,BEAR_TO_NEUTRAL,
2022-04-29,2022-04-28,5617,5607,1,1,2,0.9999998073903604,0.663772791177033,True,bear,neutral,True,NEUTRAL_TO_BEAR,
2022-05-02,2022-04-29,5618,5608,1,1,2,0.9999999841939896,0.9163384499454134,True,bear,bear,False,,
2022-05-03,2022-05-02,5619,5609,1,1,2,0.99999999210554,0.1906554041932045,False,neutral,bear,True,BEAR_TO_NEUTRAL,
2022-05-04,2022-05-03,5620,5610,1,1,2,0.9999999188726344,0.177562812440317,False,neutral,neutral,False,,
2022-05-05,2022-05-04,5621,5611,1,1,2,0.9999934076937924,0.7920747735589564,True,bear,neutral,True,NEUTRAL_TO_BEAR,
2022-05-06,2022-05-05,5622,5612,1,1,2,0.9998353921608528,0.8988011112771468,True,bear,bear,False,,
2022-05-09,2022-05-06,5623,5613,1,1,2,0.9998843581649924,0.2080908095603548,False,neutral,bear,True,BEAR_TO_NEUTRAL,
2022-05-10,2022-05-09,5624,5614,1,1,0,0.9999955276951752,0.844254237844051,True,bear,neutral,True,NEUTRAL_TO_BEAR,
2022-05-11,2022-05-10,5625,5615,1,1,2,0.9999996881246844,0.1672541550076194,False,neutral,bear,True,BEAR_TO_NEUTRAL,
2022-05-12,2022-05-11,5626,5616,1,1,2,0.9999999879841616,0.4295322547594853,False,neutral,neutral,False,,
2022-05-13,2022-05-12,5627,5617,1,1,2,0.9999999855567486,0.1691540066601162,False,neutral,neutral,False,,
2022-05-16,2022-05-13,5628,5618,1,1,2,0.9999999861120176,0.6300020813011191,True,bear,neutral,True,NEUTRAL_TO_BEAR,
2022-05-17,2022-05-16,5629,5619,1,1,2,0.9999999854736956,0.188152313600791,False,neutral,bear,True,BEAR_TO_NEUTRAL,
2022-05-18,2022-05-17,5630,5620,1,1,2,0.99999996176671,0.5383353279855221,True,bear,neutral,True,NEUTRAL_TO_BEAR,
2022-05-19,2022-05-18,5631,5621,1,1,2,0.9999831764443304,0.9486020279956222,True,bear,bear,False,,
2022-05-20,2022-05-19,5632,5622,1,1,2,0.9999331508488652,0.2105412206844156,False,neutral,bear,True,BEAR_TO_NEUTRAL,
2022-05-23,2022-05-20,5633,5623,1,1,2,0.9992745132220918,0.1666260061146444,False,neutral,neutral,False,,
2022-05-24,2022-05-23,5634,5624,2,2,0,0.999256081166231,0.4841348039613814,False,neutral,neutral,False,,
2022-05-25,2022-05-24,5635,5625,2,2,0,0.9991696684465076,0.232173044234852,False,neutral,neutral,False,,
2022-05-26,2022-05-25,5636,5626,1,1,2,0.9990236074199502,0.22782548459354,False,neutral,neutral,False,,
2022-05-27,2022-05-26,5637,5627,2,2,0,0.9996470221031388,0.5217504718704894,True,bear,neutral,True,NEUTRAL_TO_BEAR,
2022-05-31,2022-05-27,5638,5628,1,1,2,0.9999949270672642,0.6466997363216193,True,bear,bear,False,,
2022-06-01,2022-05-31,5639,5629,1,1,2,0.9999993739037588,0.2042606574200215,False,neutral,bear,True,BEAR_TO_NEUTRAL,
2022-06-02,2022-06-01,5640,5630,1,1,2,0.9999995065188112,0.2397471976848356,False,neutral,neutral,False,,
2022-06-03,2022-06-02,5641,5631,2,2,1,0.999999896524956,0.4949111472149075,False,neutral,neutral,False,,
2022-06-06,2022-06-03,5642,5632,2,2,1,0.9999995013785152,0.4419391458984191,False,neutral,neutral,False,,
2022-06-07,2022-06-06,5643,5633,2,2,1,0.9999924110024148,0.1711197232958655,False,neutral,neutral,False,,
2022-06-08,2022-06-07,5644,5634,2,2,1,0.9999807669063876,0.2419348884021381,False,neutral,neutral,False,,
2022-06-09,2022-06-08,5645,5635,2,2,1,0.9986209522766184,0.2951474529898867,False,neutral,neutral,False,,
2022-06-10,2022-06-09,5646,5636,1,1,2,0.9870772667932396,0.6537833853500188,True,bear,neutral,True,NEUTRAL_TO_BEAR,
2022-06-13,2022-06-10,5647,5637,1,1,2,0.9999908881352124,0.7804780418250679,True,bear,bear,False,,
2022-06-14,2022-06-13,5648,5638,1,1,2,0.9999999986860884,0.9259920224888047,True,bear,bear,False,,
2022-06-15,2022-06-14,5649,5639,1,1,2,0.9999999999837532,0.1803850232473618,False,neutral,bear,True,BEAR_TO_NEUTRAL,
2022-06-16,2022-06-15,5650,5640,1,1,2,0.999999999989623,0.3492355579596848,False,neutral,neutral,False,,
2022-06-17,2022-06-16,5651,5641,2,2,1,0.999999999996732,0.861875279649016,True,bear,neutral,True,NEUTRAL_TO_BEAR,
2022-06-21,2022-06-17,5652,5642,1,1,2,0.9999999999985536,0.1723145996117035,False,neutral,bear,True,BEAR_TO_NEUTRAL,
2022-06-22,2022-06-21,5653,5643,1,1,2,0.9999999999929052,0.6627755099959571,True,bear,neutral,True,NEUTRAL_TO_BEAR,
2022-06-23,2022-06-22,5654,5644,1,1,2,0.99999999953601,0.1714805329360919,False,neutral,bear,True,BEAR_TO_NEUTRAL,
2022-06-24,2022-06-23,5655,5645,2,2,1,0.99999969535277,0.2432399936178361,False,neutral,neutral,False,,
2022-06-27,2022-06-24,5656,5646,1,1,2,0.999977217075219,0.8223760383925415,True,bear,neutral,True,NEUTRAL_TO_BEAR,
2022-06-28,2022-06-27,5657,5647,2,2,1,0.999966448794444,0.1845638205285021,False,neutral,bear,True,BEAR_TO_NEUTRAL,
2022-06-29,2022-06-28,5658,5648,1,1,2,0.999970816025447,0.5605984308677284,True,bear,neutral,True,NEUTRAL_TO_BEAR,
2022-06-30,2022-06-29,5659,5649,1,1,2,0.9999681632558218,0.1678422551265933,False,neutral,bear,True,BEAR_TO_NEUTRAL,
2022-07-01,2022-06-30,5660,5650,1,1,2,0.999967834386004,0.2392691937411968,False,neutral,neutral,False,,
2022-07-05,2022-07-01,5661,5651,1,1,2,0.9997892560460157,0.2589924993412555,False,neutral,neutral,False,,
2022-07-06,2022-07-05,5662,5652,2,2,0,0.9916014788493358,0.1663455806346004,False,neutral,neutral,False,,
2022-07-07,2022-07-06,5663,5653,1,1,2,0.9812771097061462,0.1710689761037768,False,neutral,neutral,False,,
2022-07-08,2022-07-07,5664,5654,2,2,0,0.969893085131194,0.372195905213758,False,neutral,neutral,False,,
2022-07-11,2022-07-08,5665,5655,2,2,0,0.9663898812834704,0.1684703112412371,False,neutral,neutral,False,,
2022-07-12,2022-07-11,5666,5656,1,1,0,0.8954550622691547,0.3069830466396889,False,neutral,neutral,False,,
2022-07-13,2022-07-12,5667,5657,1,1,2,0.7721747590523643,0.2526896056189728,False,neutral,neutral,False,,
2022-07-14,2022-07-13,5668,5658,1,1,2,0.8381978939780464,0.1976837226703854,False,neutral,neutral,False,,
2022-07-15,2022-07-14,5669,5659,1,1,2,0.9022641073011252,0.1758986025615134,False,neutral,neutral,False,,
2022-07-18,2022-07-15,5670,5660,1,1,2,0.792502862173012,0.4922478519689584,False,neutral,neutral,False,,
2022-07-19,2022-07-18,5671,5661,1,1,2,0.7777217198006675,0.2399341537394199,False,neutral,neutral,False,,
2022-07-20,2022-07-19,5672,5662,1,1,2,0.972628558505796,0.7103551637035405,True,bear,neutral,True,NEUTRAL_TO_BEAR,
2022-07-21,2022-07-20,5673,5663,1,1,2,0.9971831761014516,0.1966334483769288,False,neutral,bear,True,BEAR_TO_NEUTRAL,
2022-07-22,2022-07-21,5674,5664,1,1,2,0.9998270707964254,0.254159816044437,False,neutral,neutral,False,,
2022-07-25,2022-07-22,5675,5665,2,2,1,0.9999353197018388,0.2592674617278742,False,neutral,neutral,False,,
2022-07-26,2022-07-25,5676,5666,1,1,2,0.9999685601299992,0.1672895036224412,False,neutral,neutral,False,,
2022-07-27,2022-07-26,5677,5667,1,1,2,0.9999335265159424,0.3167469888081091,False,neutral,neutral,False,,
2022-07-28,2022-07-27,5678,5668,1,1,2,0.9999200438206768,0.6823225252152791,True,bear,neutral,True,NEUTRAL_TO_BEAR,
2022-07-29,2022-07-28,5679,5669,1,1,2,0.999850126392508,0.306442404920007,False,neutral,bear,True,BEAR_TO_NEUTRAL,
2022-08-01,2022-07-29,5680,5670,1,1,2,0.999983987365164,0.3604063085389746,False,neutral,neutral,False,,
2022-08-02,2022-08-01,5681,5671,1,1,2,0.99993153641821,0.1786648327731366,False,neutral,neutral,False,,
2022-08-03,2022-08-02,5682,5672,2,2,1,0.9999200184290464,0.2149140910886125,False,neutral,neutral,False,,
2022-08-04,2022-08-03,5683,5673,1,1,2,0.9999766456827612,0.3914375483985272,False,neutral,neutral,False,,
2022-08-05,2022-08-04,5684,5674,1,1,2,0.9999906381047392,0.169116975752543,False,neutral,neutral,False,,
2022-08-08,2022-08-05,5685,5675,1,1,2,0.9999822707240756,0.1722865036550671,False,neutral,neutral,False,,
2022-08-09,2022-08-08,5686,5676,2,2,1,0.9999206995504558,0.1704916308206831,False,neutral,neutral,False,,
2022-08-10,2022-08-09,5687,5677,2,2,1,0.931337557794518,0.1864565298001834,False,neutral,neutral,False,,
2022-08-11,2022-08-10,5688,5678,1,1,2,0.809523275751149,0.5534382779945106,True,bear,neutral,True,NEUTRAL_TO_BEAR,
2022-08-12,2022-08-11,5689,5679,1,1,2,0.8113600110800545,0.1683271951243774,False,neutral,bear,True,BEAR_TO_NEUTRAL,
2022-08-15,2022-08-12,5690,5680,2,2,0,0.9965977425610008,0.4343494418203891,False,neutral,neutral,False,,
2022-08-16,2022-08-15,5691,5681,2,2,0,0.9997081110177566,0.1774069466586612,False,neutral,neutral,False,,
2022-08-17,2022-08-16,5692,5682,2,2,1,0.9998283084431208,0.16899117149815,False,neutral,neutral,False,,
2022-08-18,2022-08-17,5693,5683,1,1,2,0.9998678807670902,0.2247807465304499,False,neutral,neutral,False,,
2022-08-19,2022-08-18,5694,5684,1,1,2,0.9998641824861952,0.1718423340645971,False,neutral,neutral,False,,
2022-08-22,2022-08-19,5695,5685,2,2,0,0.9995319971114518,0.3584517424546126,False,neutral,neutral,False,,
2022-08-23,2022-08-22,5696,5686,1,1,2,0.9994764751014594,0.5701702109829586,True,bear,neutral,True,NEUTRAL_TO_BEAR,
2022-08-24,2022-08-23,5697,5687,1,1,2,0.99923099,0.1776026222471846,False,neutral,bear,True,BEAR_TO_NEUTRAL,
2022-08-25,2022-08-24,5698,5688,2,2,0,0.9998049172331052,0.1739993208556067,False,neutral,neutral,False,,
2022-08-26,2022-08-25,5699,5689,0,0,1,0.9999502892960084,0.3580507288977031,False,neutral,neutral,False,,
2022-08-29,2022-08-26,5700,5690,1,1,2,0.9999880155121752,0.8706330389914443,True,bear,neutral,True,NEUTRAL_TO_BEAR,
2022-08-30,2022-08-29,5701,5691,2,2,0,0.9999977827264208,0.2183613713237164,False,neutral,bear,True,BEAR_TO_NEUTRAL,
2022-08-31,2022-08-30,5702,5692,1,1,2,0.9999992472895552,0.2982596531619437,False,neutral,neutral,False,,
2022-09-01,2022-08-31,5703,5693,2,2,1,0.999999786858314,0.2338635761815777,False,neutral,neutral,False,,
2022-09-02,2022-09-01,5704,5694,2,2,1,0.9999986123173644,0.1731965467569385,False,neutral,neutral,False,,
2022-09-06,2022-09-02,5705,5695,1,1,2,0.9999977453808612,0.28898621037103,False,neutral,neutral,False,,
2022-09-07,2022-09-06,5706,5696,2,2,1,0.999998987090051,0.1877322781920836,False,neutral,neutral,False,,
2022-09-08,2022-09-07,5707,5697,1,1,2,0.9999974411885943,0.4654680102710855,False,neutral,neutral,False,,
2022-09-09,2022-09-08,5708,5698,1,1,2,0.9999809105502454,0.1989670309184277,False,neutral,neutral,False,,
2022-09-12,2022-09-09,5709,5699,1,1,2,0.9927670352604198,0.3933205547364937,False,neutral,neutral,False,,
2022-09-13,2022-09-12,5710,5700,1,1,2,0.9991688700106176,0.2677519900013893,False,neutral,neutral,False,,
2022-09-14,2022-09-13,5711,5701,1,1,2,0.999364073265027,0.9684203810829604,True,bear,neutral,True,NEUTRAL_TO_BEAR,
2022-09-15,2022-09-14,5712,5702,1,1,2,0.9994802014846996,0.1767545634586028,False,neutral,bear,True,BEAR_TO_NEUTRAL,
2022-09-16,2022-09-15,5713,5703,1,1,0,0.9997732753718892,0.3075740208314713,False,neutral,neutral,False,,
2022-09-19,2022-09-16,5714,5704,1,1,2,0.999964461542188,0.3172533599253711,False,neutral,neutral,False,,
2022-09-20,2022-09-19,5715,5705,1,1,2,0.9999793993742462,0.2141111354947081,False,neutral,neutral,False,,
2022-09-21,2022-09-20,5716,5706,1,1,2,0.999994369417942,0.3110818289807284,False,neutral,neutral,False,,
2022-09-22,2022-09-21,5717,5707,2,2,0,0.9999996182188372,0.47555142078927,False,neutral,neutral,False,,
2022-09-23,2022-09-22,5718,5708,1,1,2,0.9999999459851469,0.2479846350959459,False,neutral,neutral,False,,
2022-09-26,2022-09-23,5719,5709,1,1,2,0.9999999736159269,0.4562005246134648,False,neutral,neutral,False,,
2022-09-27,2022-09-26,5720,5710,1,1,2,0.9999996880915184,0.2778303799370226,False,neutral,neutral,False,,
2022-09-28,2022-09-27,5721,5711,2,2,1,0.9999999272856622,0.1806586787557126,False,neutral,neutral,False,,
2022-09-29,2022-09-28,5722,5712,1,1,2,0.9999992730127218,0.5141863677722199,True,bear,neutral,True,NEUTRAL_TO_BEAR,
2022-09-30,2022-09-29,5723,5713,2,2,1,0.9999986109743556,0.5759445996681165,True,bear,bear,False,,
2022-10-03,2022-09-30,5724,5714,1,1,2,0.9999992552877038,0.4193914697452467,False,neutral,bear,True,BEAR_TO_NEUTRAL,
2022-10-04,2022-10-03,5725,5715,2,2,1,0.9999746261528724,0.6923298521098367,True,bear,neutral,True,NEUTRAL_TO_BEAR,
2022-10-05,2022-10-04,5726,5716,1,1,2,0.9997037517445184,0.8005715706193334,True,bear,bear,False,,
2022-10-06,2022-10-05,5727,5717,1,1,2,0.9997238892824803,0.1793124746940397,False,neutral,bear,True,BEAR_TO_NEUTRAL,
2022-10-07,2022-10-06,5728,5718,1,1,2,0.9996169363258968,0.2871082185293019,False,neutral,neutral,False,,
2022-10-10,2022-10-07,5729,5719,2,2,1,0.9997466825198056,0.7558260306567544,True,bear,neutral,True,NEUTRAL_TO_BEAR,
2022-10-11,2022-10-10,5730,5720,2,2,1,0.999876053470972,0.2355868512115728,False,neutral,bear,True,BEAR_TO_NEUTRAL,
2022-10-12,2022-10-11,5731,5721,1,1,2,0.9999566120648844,0.2166829405236887,False,neutral,neutral,False,,
2022-10-13,2022-10-12,5732,5722,1,1,2,0.9999813888660832,0.1853131976741582,False,neutral,neutral,False,,
2022-10-14,2022-10-13,5733,5723,2,2,1,0.9999798860114284,0.6929944619417989,True,bear,neutral,True,NEUTRAL_TO_BEAR,
2022-10-17,2022-10-14,5734,5724,1,1,2,0.9999784087696284,0.6269211806722029,True,bear,bear,False,,
2022-10-18,2022-10-17,5735,5725,1,1,2,0.9999785659569438,0.6760526719422123,True,bear,bear,False,,
2022-10-19,2022-10-18,5736,5726,1,1,2,0.9998720539603256,0.2904050410711895,False,neutral,bear,True,BEAR_TO_NEUTRAL,
2022-10-20,2022-10-19,5737,5727,1,1,2,0.9984777480221138,0.2274095691277179,False,neutral,neutral,False,,
2022-10-21,2022-10-20,5738,5728,1,1,2,0.9895111633087612,0.2483148406206133,False,neutral,neutral,False,,
2022-10-24,2022-10-21,5739,5729,1,1,2,0.9989696066801838,0.6411970756004801,True,bear,neutral,True,NEUTRAL_TO_BEAR,
2022-10-25,2022-10-24,5740,5730,1,1,2,0.9999202202664276,0.3029834388834713,False,neutral,bear,True,BEAR_TO_NEUTRAL,
2022-10-26,2022-10-25,5741,5731,1,1,2,0.9999939704194836,0.4067492242948554,False,neutral,neutral,False,,
2022-10-27,2022-10-26,5742,5732,2,2,0,0.999989066684453,0.2341778909310252,False,neutral,neutral,False,,
2022-10-28,2022-10-27,5743,5733,1,1,2,0.999991423246936,0.2046675545252927,False,neutral,neutral,False,,
2022-10-31,2022-10-28,5744,5734,2,2,0,0.9999782020328472,0.6284301015540091,True,bear,neutral,True,NEUTRAL_TO_BEAR,
2022-11-01,2022-10-31,5745,5735,2,2,0,0.9999711935305936,0.2295192184150791,False,neutral,bear,True,BEAR_TO_NEUTRAL,
2022-11-02,2022-11-01,5746,5736,2,2,0,0.9999604643688595,0.1948359345510001,False,neutral,neutral,False,,
2022-11-03,2022-11-02,5747,5737,2,2,1,0.9998444873574944,0.6843588667156157,True,bear,neutral,True,NEUTRAL_TO_BEAR,
2022-11-04,2022-11-03,5748,5738,1,1,2,0.9980845763886964,0.2859037048271985,False,neutral,bear,True,BEAR_TO_NEUTRAL,
2022-11-07,2022-11-04,5749,5739,2,2,1,0.9969585071091388,0.3618344935660156,False,neutral,neutral,False,,
2022-11-08,2022-11-07,5750,5740,2,2,1,0.9967520395307288,0.2460176806860897,False,neutral,neutral,False,,
2022-11-09,2022-11-08,5751,5741,2,2,1,0.9956045380696048,0.1902625701320797,False,neutral,neutral,False,,
2022-11-10,2022-11-09,5752,5742,2,2,1,0.9978869329693096,0.5643536697241096,True,bear,neutral,True,NEUTRAL_TO_BEAR,
2022-11-11,2022-11-10,5753,5743,2,2,1,0.9999299359544112,0.9975887283155844,True,bear,bear,False,,
2022-11-14,2022-11-11,5754,5744,2,2,1,0.99999658101295,0.2477029467021555,False,neutral,bear,True,BEAR_TO_NEUTRAL,
2022-11-15,2022-11-14,5755,5745,2,2,1,0.999999138434388,0.2508720699532345,False,neutral,neutral,False,,
2022-11-16,2022-11-15,5756,5746,1,1,2,0.9999998765539588,0.2279369723874368,False,neutral,neutral,False,,
2022-11-17,2022-11-16,5757,5747,1,1,2,0.9999998597924328,0.2362658542654847,False,neutral,neutral,False,,
2022-11-18,2022-11-17,5758,5748,1,1,2,0.9999987508995823,0.1844513912383733,False,neutral,neutral,False,,
2022-11-21,2022-11-18,5759,5749,2,2,1,0.9999939531052894,0.1834502284532307,False,neutral,neutral,False,,
2022-11-22,2022-11-21,5760,5750,2,2,1,0.9999704157857808,0.1889177483398573,False,neutral,neutral,False,,
2022-11-23,2022-11-22,5761,5751,2,2,0,0.9999056520309388,0.3366537035408733,False,neutral,neutral,False,,
2022-11-25,2022-11-23,5762,5752,2,1,2,0.9939569604798418,0.3302817793138211,False,neutral,neutral,False,,
2022-11-28,2022-11-25,5763,5753,2,1,2,0.7574657937542237,0.3021697185469115,False,neutral,neutral,False,,
2022-11-29,2022-11-28,5764,5754,2,1,2,0.7282381407838634,0.4191401155587712,False,neutral,neutral,False,,
2022-11-30,2022-11-29,5765,5755,1,2,1,0.7375620454435204,0.3051059996614355,False,neutral,neutral,False,,
2022-12-01,2022-11-30,5766,5756,2,2,1,0.9606934505529864,0.8118968171257772,True,bear,neutral,True,NEUTRAL_TO_BEAR,
2022-12-02,2022-12-01,5767,5757,1,1,2,0.991451640149408,0.1729046407465281,False,neutral,bear,True,BEAR_TO_NEUTRAL,
2022-12-05,2022-12-02,5768,5758,2,2,1,0.9931434714797632,0.1746079665345247,False,neutral,neutral,False,,
2022-12-06,2022-12-05,5769,5759,2,2,1,0.9881119089447096,0.4891041934940021,False,neutral,neutral,False,,
2022-12-07,2022-12-06,5770,5760,2,2,1,0.9908314006338932,0.3877986575365014,False,neutral,neutral,False,,
2022-12-08,2022-12-07,5771,5761,2,2,0,0.9974712645701548,0.1769921527727025,False,neutral,neutral,False,,
2022-12-09,2022-12-08,5772,5762,2,2,0,0.9980184539899328,0.2182633177558156,False,neutral,neutral,False,,
2022-12-12,2022-12-09,5773,5763,1,1,2,0.9988763362480332,0.234374365651822,False,neutral,neutral,False,,
2022-12-13,2022-12-12,5774,5764,1,1,2,0.9986140952860229,0.3634642336300762,False,neutral,neutral,False,,
2022-12-14,2022-12-13,5775,5765,1,1,2,0.9982055806325104,0.2147316936585704,False,neutral,neutral,False,,
2022-12-15,2022-12-14,5776,5766,1,1,2,0.992172536657474,0.2189942286958253,False,neutral,neutral,False,,
2022-12-16,2022-12-15,5777,5767,2,2,1,0.9896834121235388,0.6671625974319411,True,bear,neutral,True,NEUTRAL_TO_BEAR,
2022-12-19,2022-12-16,5778,5768,1,1,2,0.9968457801949993,0.4422875491703386,False,neutral,bear,True,BEAR_TO_NEUTRAL,
2022-12-20,2022-12-19,5779,5769,1,1,2,0.9998489775020224,0.2517011442737105,False,neutral,neutral,False,,
2022-12-21,2022-12-20,5780,5770,2,2,1,0.9999793905126996,0.1724765756655165,False,neutral,neutral,False,,
2022-12-22,2022-12-21,5781,5771,1,1,2,0.9999846319349264,0.3792138087459544,False,neutral,neutral,False,,
2022-12-23,2022-12-22,5782,5772,2,2,1,0.9999920905159,0.3850966376438041,False,neutral,neutral,False,,
2022-12-27,2022-12-23,5783,5773,1,1,2,0.999993518229686,0.1945328205766902,False,neutral,neutral,False,,
2022-12-28,2022-12-27,5784,5774,2,2,1,0.9999786029618756,0.1930041442604362,False,neutral,neutral,False,,
2022-12-29,2022-12-28,5785,5775,1,1,2,0.999521149047494,0.3373739547384102,False,neutral,neutral,False,,
2022-12-30,2022-12-29,5786,5776,2,2,1,0.6803137853071163,0.4691096882845408,False,neutral,neutral,False,,
2023-01-03,2022-12-30,5787,5777,1,2,1,1.0,0.3102909213288862,False,neutral,neutral,False,,
2023-01-04,2023-01-03,5788,5778,1,2,1,1.0,0.3213324843024968,False,neutral,neutral,False,,
2023-01-05,2023-01-04,5789,5779,1,2,1,1.0,0.3456319608385413,False,neutral,neutral,False,,
2023-01-06,2023-01-05,5790,5780,1,2,1,1.0,0.3962734183342469,False,neutral,neutral,False,,
2023-01-09,2023-01-06,5791,5781,2,1,2,0.8383098697057688,0.3794899459242944,False,neutral,neutral,False,,
2023-01-10,2023-01-09,5792,5782,2,1,2,0.3876175810052528,0.3021346802979965,False,neutral,neutral,False,,
2023-01-11,2023-01-10,5793,5783,2,2,1,0.937253149837917,0.2097671038044651,False,neutral,neutral,False,,
2023-01-12,2023-01-11,5794,5784,2,2,1,0.9972008712896784,0.3156013909792493,False,neutral,neutral,False,,
2023-01-13,2023-01-12,5795,5785,1,1,2,0.9987237991974728,0.1808181201069936,False,neutral,neutral,False,,
2023-01-17,2023-01-13,5796,5786,1,1,2,0.9997885848514036,0.1822498934943662,False,neutral,neutral,False,,
2023-01-18,2023-01-17,5797,5787,1,1,2,0.9998670110911024,0.1783690563191136,False,neutral,neutral,False,,
2023-01-19,2023-01-18,5798,5788,2,2,1,0.9993752099007014,0.4317340040208801,False,neutral,neutral,False,,
2023-01-20,2023-01-19,5799,5789,1,1,2,0.9983976258316444,0.2309616218145129,False,neutral,neutral,False,,
2023-01-23,2023-01-20,5800,5790,1,1,2,0.926828975020724,0.4828111095374298,False,neutral,neutral,False,,
2023-01-24,2023-01-23,5801,5791,1,1,2,0.9549753290971268,0.3011598817680951,False,neutral,neutral,False,,
2023-01-25,2023-01-24,5802,5792,1,1,2,0.9058357568571618,0.1760847791860438,False,neutral,neutral,False,,
2023-01-26,2023-01-25,5803,5793,2,2,1,0.8587041165590549,0.173692296689763,False,neutral,neutral,False,,
2023-01-27,2023-01-26,5804,5794,2,2,1,0.975000248327285,0.2787666543068224,False,neutral,neutral,False,,
2023-01-30,2023-01-27,5805,5795,1,1,2,0.9944126853108436,0.1762507131909478,False,neutral,neutral,False,,
2023-01-31,2023-01-30,5806,5796,1,1,2,0.9949602960299893,0.3408180782631852,False,neutral,neutral,False,,
2023-02-01,2023-01-31,5807,5797,1,1,2,0.9984384605746208,0.370400062667913,False,neutral,neutral,False,,
2023-02-02,2023-02-01,5808,5798,1,1,2,0.9990947138964656,0.271481294776623,False,neutral,neutral,False,,
2023-02-03,2023-02-02,5809,5799,1,1,2,0.9989942410304754,0.3665944329451695,False,neutral,neutral,False,,
2023-02-06,2023-02-03,5810,5800,2,2,0,0.9981588274466932,0.2975986395647165,False,neutral,neutral,False,,
2023-02-07,2023-02-06,5811,5801,2,2,1,0.9971431917186624,0.218288284200574,False,neutral,neutral,False,,
2023-02-08,2023-02-07,5812,5802,1,1,2,0.9974657128334382,0.3284697075165664,False,neutral,neutral,False,,
2023-02-09,2023-02-08,5813,5803,1,1,2,0.9874207179947574,0.3040428989464598,False,neutral,neutral,False,,
2023-02-10,2023-02-09,5814,5804,2,2,1,0.9807389375575578,0.2581222321100104,False,neutral,neutral,False,,
2023-02-13,2023-02-10,5815,5805,1,1,2,0.9721414610257934,0.1760198701342121,False,neutral,neutral,False,,
2023-02-14,2023-02-13,5816,5806,2,2,0,0.513295586789297,0.294935208878781,False,neutral,neutral,False,,
2023-02-15,2023-02-14,5817,5807,2,1,2,0.8641246936996699,0.3007343313863239,False,neutral,neutral,False,,
2023-02-16,2023-02-15,5818,5808,2,1,2,0.7988309756040106,0.3078571007005068,False,neutral,neutral,False,,
2023-02-17,2023-02-16,5819,5809,2,1,2,0.996986771002309,0.413078146222094,False,neutral,neutral,False,,
2023-02-21,2023-02-17,5820,5810,0,2,0,0.9094430865348894,0.3090451466962687,False,neutral,neutral,False,,
2023-02-22,2023-02-21,5821,5811,1,1,2,0.9757763508604124,0.5509741964122755,True,bear,neutral,True,NEUTRAL_TO_BEAR,
2023-02-23,2023-02-22,5822,5812,1,1,2,0.9947547996233944,0.1786909100308431,False,neutral,bear,True,BEAR_TO_NEUTRAL,
2023-02-24,2023-02-23,5823,5813,2,2,1,0.99753255389419,0.1920652256607049,False,neutral,neutral,False,,
2023-02-27,2023-02-24,5824,5814,1,1,2,0.9996306249079872,0.299209607450606,False,neutral,neutral,False,,
2023-02-28,2023-02-27,5825,5815,2,2,1,0.9998382825996216,0.1798972494646331,False,neutral,neutral,False,,
2023-03-01,2023-02-28,5826,5816,1,1,2,0.9997713808988894,0.1933934199339735,False,neutral,neutral,False,,
2023-03-02,2023-03-01,5827,5817,1,1,2,0.9994111075484025,0.1947087595609046,False,neutral,neutral,False,,
2023-03-03,2023-03-02,5828,5818,1,1,2,0.9686324246793072,0.2202712486448721,False,neutral,neutral,False,,
2023-03-06,2023-03-03,5829,5819,1,1,2,0.8241008916408717,0.4085993700078944,False,neutral,neutral,False,,
2023-03-07,2023-03-06,5830,5820,1,1,2,0.3964886022477504,0.1746970455366776,False,neutral,neutral,False,,
2023-03-08,2023-03-07,5831,5821,2,1,2,0.5988662575611177,0.4165116896194038,False,neutral,neutral,False,,
2023-03-09,2023-03-08,5832,5822,2,1,2,0.6109555104240537,0.3021953204498905,False,neutral,neutral,False,,
2023-03-10,2023-03-09,5833,5823,2,1,2,0.1530289541955418,0.4065400245968917,False,neutral,neutral,False,,
2023-03-13,2023-03-10,5834,5824,1,1,2,0.996231347842621,0.3935764266040632,False,neutral,neutral,False,,
2023-03-14,2023-03-13,5835,5825,1,1,2,0.9996428364927132,0.1802106746687045,False,neutral,neutral,False,,
2023-03-15,2023-03-14,5836,5826,1,1,2,0.9997191055810644,0.4258561268495351,False,neutral,neutral,False,,
2023-03-16,2023-03-15,5837,5827,2,2,1,0.9998376549810992,0.2215536098004011,False,neutral,neutral,False,,
2023-03-17,2023-03-16,5838,5828,2,2,1,0.999815761513258,0.4558654582615285,False,neutral,neutral,False,,
2023-03-20,2023-03-17,5839,5829,1,1,2,0.999063889623895,0.4220072893046594,False,neutral,neutral,False,,
2023-03-21,2023-03-20,5840,5830,1,1,2,0.9774185959499117,0.2508991596154302,False,neutral,neutral,False,,
2023-03-22,2023-03-21,5841,5831,2,2,1,0.9821197021304612,0.3310483851552848,False,neutral,neutral,False,,
2023-03-23,2023-03-22,5842,5832,2,2,1,0.9223102212706724,0.4665758624878069,False,neutral,neutral,False,,
2023-03-24,2023-03-23,5843,5833,1,1,2,0.9285201175651564,0.1785656246482963,False,neutral,neutral,False,,
2023-03-27,2023-03-24,5844,5834,1,1,2,0.8369558423276254,0.20589886660671,False,neutral,neutral,False,,
2023-03-28,2023-03-27,5845,5835,2,1,2,0.7885513725679955,0.3006184698397229,False,neutral,neutral,False,,
2023-03-29,2023-03-28,5846,5836,1,2,1,0.8234252119859006,0.3071304746995568,False,neutral,neutral,False,,
2023-03-30,2023-03-29,5847,5837,2,1,2,0.5716662779831211,0.4328623487249901,False,neutral,neutral,False,,
2023-03-31,2023-03-30,5848,5838,1,1,2,0.927656910043436,0.1998880953329759,False,neutral,neutral,False,,
2023-04-03,2023-03-31,5849,5839,2,2,1,0.9953912108536608,0.357145831785438,False,neutral,neutral,False,,
2023-04-04,2023-04-03,5850,5840,2,2,1,0.999579635807764,0.1833147420508107,False,neutral,neutral,False,,
2023-04-05,2023-04-04,5851,5841,2,2,1,0.99986881604365,0.2137206331959761,False,neutral,neutral,False,,
2023-04-06,2023-04-05,5852,5842,2,2,1,0.99969752245334,0.1867305227126044,False,neutral,neutral,False,,
2023-04-10,2023-04-06,5853,5843,1,1,2,0.999092827591144,0.1839860039579269,False,neutral,neutral,False,,
2023-04-11,2023-04-10,5854,5844,1,1,2,0.997380055847519,0.1761754874157204,False,neutral,neutral,False,,
2023-04-12,2023-04-11,5855,5845,1,1,2,0.9846884407959088,0.176635024981832,False,neutral,neutral,False,,
2023-04-13,2023-04-12,5856,5846,2,1,2,0.8647357338705642,0.3185982908029346,False,neutral,neutral,False,,
2023-04-14,2023-04-13,5857,5847,0,1,0,1.0,0.420334869698729,False,neutral,neutral,False,,
2023-04-17,2023-04-14,5858,5848,2,1,2,1.0,0.3081203041484019,False,neutral,neutral,False,,
2023-04-18,2023-04-17,5859,5849,2,1,2,1.0,0.306813799666521,False,neutral,neutral,False,,
2023-04-19,2023-04-18,5860,5850,2,1,2,1.0,0.2994244173548309,False,neutral,neutral,False,,
2023-04-20,2023-04-19,5861,5851,2,1,2,0.9999974711434624,0.3002030625605499,False,neutral,neutral,False,,
2023-04-21,2023-04-20,5862,5852,2,1,2,1.0,0.3310573198896633,False,neutral,neutral,False,,
2023-04-24,2023-04-21,5863,5853,2,1,2,1.0,0.2995566256819122,False,neutral,neutral,False,,
2023-04-25,2023-04-24,5864,5854,2,1,2,1.0,0.2997385819805627,False,neutral,neutral,False,,
2023-04-26,2023-04-25,5865,5855,2,1,2,0.9981627342516578,0.4148568450658495,False,neutral,neutral,False,,
2023-04-27,2023-04-26,5866,5856,2,1,2,0.4154832636582553,0.3206506835799276,False,neutral,neutral,False,,
2023-04-28,2023-04-27,5867,5857,1,2,1,0.4614812904045192,0.4242313854338013,False,neutral,neutral,False,,
2023-05-01,2023-04-28,5868,5858,1,2,1,0.2545269739849217,0.3549658489810705,False,neutral,neutral,False,,
2023-05-02,2023-05-01,5869,5859,2,1,2,0.1982398002082914,0.3027053758434216,False,neutral,neutral,False,,
2023-05-03,2023-05-02,5870,5860,2,1,2,0.235476379690216,0.3921639733620499,False,neutral,neutral,False,,
2023-05-04,2023-05-03,5871,5861,0,2,0,0.2168806904917882,0.3455063255718704,False,neutral,neutral,False,,
2023-05-05,2023-05-04,5872,5862,1,1,0,0.919695321440198,0.2319878299295641,False,neutral,neutral,False,,
2023-05-08,2023-05-05,5873,5863,1,1,2,0.9260561792343904,0.4800199494965845,False,neutral,neutral,False,,
2023-05-09,2023-05-08,5874,5864,0,0,2,0.927294466381162,0.1771442591794692,False,neutral,neutral,False,,
2023-05-10,2023-05-09,5875,5865,1,1,2,0.861412256157268,0.2016597205334338,False,neutral,neutral,False,,
2023-05-11,2023-05-10,5876,5866,1,1,2,0.3827920971476143,0.1913969491301003,False,neutral,neutral,False,,
2023-05-12,2023-05-11,5877,5867,2,1,2,0.6256920377855502,0.3046893656626551,False,neutral,neutral,False,,
2023-05-15,2023-05-12,5878,5868,2,1,2,0.9558908749192562,0.3020681943914698,False,neutral,neutral,False,,
2023-05-16,2023-05-15,5879,5869,0,1,0,1.0,0.3100274438385331,False,neutral,neutral,False,,
2023-05-17,2023-05-16,5880,5870,2,1,2,1.0,0.3383970315541028,False,neutral,neutral,False,,
2023-05-18,2023-05-17,5881,5871,2,1,2,0.9999987782630572,0.4068019199746205,False,neutral,neutral,False,,
2023-05-19,2023-05-18,5882,5872,2,1,2,1.0,0.3742441290667052,False,neutral,neutral,False,,
2023-05-22,2023-05-19,5883,5873,0,2,0,0.7825451992063236,0.3040763909098705,False,neutral,neutral,False,,
2023-05-23,2023-05-22,5884,5874,2,1,2,0.4242277964770427,0.3001410899040158,False,neutral,neutral,False,,
2023-05-24,2023-05-23,5885,5875,0,2,0,0.6133233894473213,0.3921792915370948,False,neutral,neutral,False,,
2023-05-25,2023-05-24,5886,5876,2,0,2,0.4700114357330113,0.3446403694727283,False,neutral,neutral,False,,
2023-05-26,2023-05-25,5887,5877,0,2,0,0.5613634534847812,0.3570799431840342,False,neutral,neutral,False,,
2023-05-30,2023-05-26,5888,5878,2,1,2,0.385855219631152,0.4175307312654828,False,neutral,neutral,False,,
2023-05-31,2023-05-30,5889,5879,2,1,2,0.2791604293088829,0.3007033031015233,False,neutral,neutral,False,,
2023-06-01,2023-05-31,5890,5880,0,2,0,0.8435937102364561,0.3326114305776044,False,neutral,neutral,False,,
2023-06-02,2023-06-01,5891,5881,2,1,2,0.5690444074048311,0.3692970450703482,False,neutral,neutral,False,,
2023-06-05,2023-06-02,5892,5882,1,1,2,0.9701510679146188,0.3680034284722603,False,neutral,neutral,False,,
2023-06-06,2023-06-05,5893,5883,1,1,2,0.9942983335981708,0.1825062032539863,False,neutral,neutral,False,,
2023-06-07,2023-06-06,5894,5884,1,1,2,0.9985736684790836,0.1771530633338663,False,neutral,neutral,False,,
2023-06-08,2023-06-07,5895,5885,1,1,2,0.9981383743486067,0.1927354594818951,False,neutral,neutral,False,,
2023-06-09,2023-06-08,5896,5886,1,1,2,0.9882566823654548,0.2011110004490576,False,neutral,neutral,False,,
2023-06-12,2023-06-09,5897,5887,1,1,2,0.948429612921036,0.1768590461822419,False,neutral,neutral,False,,
2023-06-13,2023-06-12,5898,5888,1,1,2,0.9814847244973652,0.2424143779161586,False,neutral,neutral,False,,
2023-06-14,2023-06-13,5899,5889,1,1,2,0.9938053247604902,0.2070424721973934,False,neutral,neutral,False,,
2023-06-15,2023-06-14,5900,5890,1,1,2,0.978417680189885,0.1764141830012246,False,neutral,neutral,False,,
2023-06-16,2023-06-15,5901,5891,1,1,2,0.994550684281901,0.3135991888206381,False,neutral,neutral,False,,
2023-06-20,2023-06-16,5902,5892,1,1,2,0.9970513990336654,0.2341687124926035,False,neutral,neutral,False,,
2023-06-21,2023-06-20,5903,5893,1,1,2,0.9945532680906743,0.2095242044711245,False,neutral,neutral,False,,
2023-06-22,2023-06-21,5904,5894,2,2,0,0.9858643864018264,0.208906024078902,False,neutral,neutral,False,,
2023-06-23,2023-06-22,5905,5895,1,1,2,0.8861053181176562,0.1834598608986139,False,neutral,neutral,False,,
2023-06-26,2023-06-23,5906,5896,1,1,2,0.5972673546354412,0.2417044399762598,False,neutral,neutral,False,,
2023-06-27,2023-06-26,5907,5897,2,1,2,0.6781432773326929,0.3197921503131559,False,neutral,neutral,False,,
2023-06-28,2023-06-27,5908,5898,0,2,0,0.7966568493232064,0.3815038954037604,False,neutral,neutral,False,,
2023-06-29,2023-06-28,5909,5899,2,1,2,0.7968232968220129,0.3070140663902785,False,neutral,neutral,False,,
2023-06-30,2023-06-29,5910,5900,2,1,2,0.7622009092296305,0.3147219438420687,False,neutral,neutral,False,,
2023-07-03,2023-06-30,5911,5901,2,1,2,0.6148068022185804,0.3926961420885791,False,neutral,neutral,False,,
2023-07-05,2023-07-03,5912,5902,0,2,0,0.172301400766738,0.3073497567860804,False,neutral,neutral,False,,
2023-07-06,2023-07-05,5913,5903,1,1,2,0.9396134256175408,0.184734934653315,False,neutral,neutral,False,,
2023-07-07,2023-07-06,5914,5904,1,1,2,0.9278883769447128,0.2427126684540321,False,neutral,neutral,False,,
2023-07-10,2023-07-07,5915,5905,2,2,1,0.9210492216372032,0.1895709199463294,False,neutral,neutral,False,,
2023-07-11,2023-07-10,5916,5906,1,1,2,0.8026137920825549,0.1829119467838651,False,neutral,neutral,False,,
2023-07-12,2023-07-11,5917,5907,1,2,1,0.9568356689317218,0.3306224394236539,False,neutral,neutral,False,,
2023-07-13,2023-07-12,5918,5908,2,1,2,0.8289818995629404,0.3465790464659585,False,neutral,neutral,False,,
2023-07-14,2023-07-13,5919,5909,2,1,2,0.3445313684564968,0.3459219631782625,False,neutral,neutral,False,,
2023-07-17,2023-07-14,5920,5910,2,1,2,0.2064717447736099,0.302474413474565,False,neutral,neutral,False,,
2023-07-18,2023-07-17,5921,5911,1,1,2,0.9521171393596524,0.1860515029768935,False,neutral,neutral,False,,
2023-07-19,2023-07-18,5922,5912,2,2,1,0.9944829127859504,0.217383368259298,False,neutral,neutral,False,,
2023-07-20,2023-07-19,5923,5913,1,1,2,0.9989228161336694,0.1824704123111371,False,neutral,neutral,False,,
2023-07-21,2023-07-20,5924,5914,1,1,2,0.9980388740127654,0.2266722416522348,False,neutral,neutral,False,,
2023-07-24,2023-07-21,5925,5915,1,1,2,0.9873143329196996,0.1817591513780929,False,neutral,neutral,False,,
2023-07-25,2023-07-24,5926,5916,1,1,2,0.8560488385383571,0.1916506025904215,False,neutral,neutral,False,,
2023-07-26,2023-07-25,5927,5917,1,2,1,0.8581769697733039,0.3100303283874385,False,neutral,neutral,False,,
2023-07-27,2023-07-26,5928,5918,2,1,2,1.0,0.3070797876315033,False,neutral,neutral,False,,
2023-07-28,2023-07-27,5929,5919,1,2,1,1.0,0.3401647147427616,False,neutral,neutral,False,,
2023-07-31,2023-07-28,5930,5920,1,2,1,1.0,0.366781071078291,False,neutral,neutral,False,,
2023-08-01,2023-07-31,5931,5921,1,2,1,1.0,0.3082311193836495,False,neutral,neutral,False,,
2023-08-02,2023-08-01,5932,5922,1,2,1,1.0,0.3152846470434418,False,neutral,neutral,False,,
2023-08-03,2023-08-02,5933,5923,1,2,1,1.0,0.402420321311729,False,neutral,neutral,False,,
2023-08-04,2023-08-03,5934,5924,1,2,1,0.8811098575452069,0.3152794924986294,False,neutral,neutral,False,,
2023-08-07,2023-08-04,5935,5925,2,1,2,0.2471667530309548,0.3243835581743065,False,neutral,neutral,False,,
2023-08-08,2023-08-07,5936,5926,2,1,2,0.2055100626621717,0.3584472968466284,False,neutral,neutral,False,,
2023-08-09,2023-08-08,5937,5927,1,2,1,0.1541322752407403,0.3217293516823409,False,neutral,neutral,False,,
2023-08-10,2023-08-09,5938,5928,2,2,1,0.933709776107856,0.227707838200244,False,neutral,neutral,False,,
2023-08-11,2023-08-10,5939,5929,1,1,2,0.968056831997826,0.1816749019195445,False,neutral,neutral,False,,
2023-08-14,2023-08-11,5940,5930,1,1,2,0.9377563789251934,0.1832030246543761,False,neutral,neutral,False,,
2023-08-15,2023-08-14,5941,5931,2,2,1,0.3914830512409537,0.199513324737464,False,neutral,neutral,False,,
2023-08-16,2023-08-15,5942,5932,1,2,1,1.0,0.3861236760825902,False,neutral,neutral,False,,
2023-08-17,2023-08-16,5943,5933,1,2,1,0.6864780448852614,0.3496970855709668,False,neutral,neutral,False,,
2023-08-18,2023-08-17,5944,5934,2,2,1,0.940404792879658,0.2433288001209371,False,neutral,neutral,False,,
2023-08-21,2023-08-18,5945,5935,1,1,2,0.987927376976258,0.1780806575122797,False,neutral,neutral,False,,
2023-08-22,2023-08-21,5946,5936,2,2,1,0.9694299345236824,0.2084099035965337,False,neutral,neutral,False,,
2023-08-23,2023-08-22,5947,5937,1,1,2,0.9409728579708002,0.1918593802376216,False,neutral,neutral,False,,
2023-08-24,2023-08-23,5948,5938,1,1,2,0.9081662400410816,0.2795961301654964,False,neutral,neutral,False,,
2023-08-25,2023-08-24,5949,5939,2,2,1,0.8914643045197844,0.3731058782543686,False,neutral,neutral,False,,
2023-08-28,2023-08-25,5950,5940,1,1,2,0.7345014217042746,0.2144010115345457,False,neutral,neutral,False,,
2023-08-29,2023-08-28,5951,5941,1,2,1,1.0,0.3297107524346405,False,neutral,neutral,False,,
2023-08-30,2023-08-29,5952,5942,2,2,0,0.842627932660598,0.3695496663825401,False,neutral,neutral,False,,
2023-08-31,2023-08-30,5953,5943,2,2,1,0.991359173349187,0.1907628408993494,False,neutral,neutral,False,,
2023-09-01,2023-08-31,5954,5944,1,1,2,0.9962144159601144,0.1865205620327223,False,neutral,neutral,False,,
2023-09-05,2023-09-01,5955,5945,1,1,2,0.9970723753505548,0.1832425697738306,False,neutral,neutral,False,,
2023-09-06,2023-09-05,5956,5946,2,2,1,0.9965177054817792,0.2037484331597395,False,neutral,neutral,False,,
2023-09-07,2023-09-06,5957,5947,1,1,2,0.9879956863171968,0.229366869792384,False,neutral,neutral,False,,
2023-09-08,2023-09-07,5958,5948,2,2,1,0.985448297504872,0.1948638094511695,False,neutral,neutral,False,,
2023-09-11,2023-09-08,5959,5949,2,2,1,0.782706774865197,0.1830759490025734,False,neutral,neutral,False,,
2023-09-12,2023-09-11,5960,5950,1,2,1,0.9337206056406266,0.3316817477364946,False,neutral,neutral,False,,
2023-09-13,2023-09-12,5961,5951,1,2,1,1.0,0.3309145559462183,False,neutral,neutral,False,,
2023-09-14,2023-09-13,5962,5952,2,1,2,1.0,0.3008713966389055,False,neutral,neutral,False,,
2023-09-15,2023-09-14,5963,5953,2,1,2,1.0,0.3519645826015247,False,neutral,neutral,False,,
2023-09-18,2023-09-15,5964,5954,1,2,1,1.0,0.4130497709636867,False,neutral,neutral,False,,
2023-09-19,2023-09-18,5965,5955,1,2,1,1.0,0.3006135725888363,False,neutral,neutral,False,,
2023-09-20,2023-09-19,5966,5956,2,1,2,1.0,0.3117583184201302,False,neutral,neutral,False,,
2023-09-21,2023-09-20,5967,5957,1,2,1,0.6339758807005851,0.3633992995359783,False,neutral,neutral,False,,
2023-09-22,2023-09-21,5968,5958,2,2,1,0.9944074442984868,0.4543032493067079,False,neutral,neutral,False,,
2023-09-25,2023-09-22,5969,5959,1,1,2,0.9996773272246507,0.190394188034809,False,neutral,neutral,False,,
2023-09-26,2023-09-25,5970,5960,1,1,2,0.999811910118674,0.1894049002406473,False,neutral,neutral,False,,
2023-09-27,2023-09-26,5971,5961,1,1,2,0.9999756571497956,0.4033208326075897,False,neutral,neutral,False,,
2023-09-28,2023-09-27,5972,5962,1,1,2,0.9999868979317484,0.1794393914761627,False,neutral,neutral,False,,
2023-09-29,2023-09-28,5973,5963,1,1,2,0.9998540552125432,0.2021453770570755,False,neutral,neutral,False,,
2023-10-02,2023-09-29,5974,5964,2,2,1,0.9996068256996,0.1889536312170704,False,neutral,neutral,False,,
2023-10-03,2023-10-02,5975,5965,2,2,1,0.9963158627118066,0.1808750402071995,False,neutral,neutral,False,,
2023-10-04,2023-10-03,5976,5966,2,2,1,0.9658111376158574,0.3616696324160328,False,neutral,neutral,False,,
2023-10-05,2023-10-04,5977,5967,2,2,1,0.3702375132876459,0.2190718676580649,False,neutral,neutral,False,,
2023-10-06,2023-10-05,5978,5968,1,2,1,0.7981730707864336,0.3015537581944578,False,neutral,neutral,False,,
2023-10-09,2023-10-06,5979,5969,1,2,1,0.8797289124306303,0.4001701361492581,False,neutral,neutral,False,,
2023-10-10,2023-10-09,5980,5970,1,2,1,0.871571652991834,0.3300118761970304,False,neutral,neutral,False,,
2023-10-11,2023-10-10,5981,5971,1,2,1,0.2093442304947001,0.319262165078676,False,neutral,neutral,False,,
2023-10-12,2023-10-11,5982,5972,2,2,1,0.9691096431982088,0.1891046530403874,False,neutral,neutral,False,,
2023-10-13,2023-10-12,5983,5973,2,2,1,0.982877777166522,0.2234801404231245,False,neutral,neutral,False,,
2023-10-16,2023-10-13,5984,5974,2,2,1,0.9832833104625333,0.2103511261434499,False,neutral,neutral,False,,
2023-10-17,2023-10-16,5985,5975,2,2,1,0.9917815174329456,0.2735882638043808,False,neutral,neutral,False,,
2023-10-18,2023-10-17,5986,5976,2,2,1,0.9504558151567716,0.1806480815678314,False,neutral,neutral,False,,
2023-10-19,2023-10-18,5987,5977,1,1,2,0.7408558716915292,0.3677602770667363,False,neutral,neutral,False,,
2023-10-20,2023-10-19,5988,5978,2,2,1,0.3997901522122178,0.2658656885117896,False,neutral,neutral,False,,
2023-10-23,2023-10-20,5989,5979,2,2,1,0.9810283935598064,0.3417460674953633,False,neutral,neutral,False,,
2023-10-24,2023-10-23,5990,5980,1,1,2,0.9985580404421128,0.1861346163767398,False,neutral,neutral,False,,
2023-10-25,2023-10-24,5991,5981,2,2,1,0.9990510597685583,0.2230465469209424,False,neutral,neutral,False,,
2023-10-26,2023-10-25,5992,5982,2,2,1,0.9996845905455484,0.3955214978463087,False,neutral,neutral,False,,
2023-10-27,2023-10-26,5993,5983,2,2,1,0.9999647641627604,0.3344677450898915,False,neutral,neutral,False,,
2023-10-30,2023-10-27,5994,5984,2,2,1,0.999993850141938,0.2065180567014727,False,neutral,neutral,False,,
2023-10-31,2023-10-30,5995,5985,1,1,2,0.9999670453829808,0.2997248258212023,False,neutral,neutral,False,,
2023-11-01,2023-10-31,5996,5986,2,2,1,0.9986672903736,0.2081198545547769,False,neutral,neutral,False,,
2023-11-02,2023-11-01,5997,5987,2,2,1,0.9855687469085784,0.2773909969437171,False,neutral,neutral,False,,
2023-11-03,2023-11-02,5998,5988,1,1,2,0.9977663233447962,0.5069300926946965,True,bear,neutral,True,NEUTRAL_TO_BEAR,
2023-11-06,2023-11-03,5999,5989,1,1,2,0.9999387958650028,0.2480062687355703,False,neutral,bear,True,BEAR_TO_NEUTRAL,
2023-11-07,2023-11-06,6000,5990,2,2,1,0.9999950296367764,0.1825864080926716,False,neutral,neutral,False,,
2023-11-08,2023-11-07,6001,5991,2,2,1,0.9999993223408618,0.1843615919570163,False,neutral,neutral,False,,
2023-11-09,2023-11-08,6002,5992,1,1,2,0.9999997529535136,0.1808890067329704,False,neutral,neutral,False,,
2023-11-10,2023-11-09,6003,5993,1,1,2,0.9999991094803614,0.249603393172498,False,neutral,neutral,False,,
2023-11-13,2023-11-10,6004,5994,2,2,1,0.9999921641558168,0.4048503493966355,False,neutral,neutral,False,,
2023-11-14,2023-11-13,6005,5995,2,2,1,0.9999010937749032,0.1839644778848827,False,neutral,neutral,False,,
2023-11-15,2023-11-14,6006,5996,2,2,1,0.9997065564908428,0.5141602410790213,True,bear,neutral,True,NEUTRAL_TO_BEAR,
2023-11-16,2023-11-15,6007,5997,1,1,2,0.998975455900753,0.1825753194874965,False,neutral,bear,True,BEAR_TO_NEUTRAL,
2023-11-17,2023-11-16,6008,5998,1,1,2,0.9993717198827256,0.1813414624982129,False,neutral,neutral,False,,
2023-11-20,2023-11-17,6009,5999,2,2,1,0.9996688009104194,0.18143175698027,False,neutral,neutral,False,,
2023-11-21,2023-11-20,6010,6000,2,2,1,0.9998760030732442,0.2255119421298857,False,neutral,neutral,False,,
2023-11-22,2023-11-21,6011,6001,2,2,1,0.99987709091939,0.1896084551221167,False,neutral,neutral,False,,
2023-11-24,2023-11-22,6012,6002,2,2,0,0.9998259630290508,0.1897823703482925,False,neutral,neutral,False,,
2023-11-27,2023-11-24,6013,6003,2,2,1,0.9952260898206144,0.181639932154437,False,neutral,neutral,False,,
2023-11-28,2023-11-27,6014,6004,2,2,1,0.9628758070375524,0.1913377730883333,False,neutral,neutral,False,,
2023-11-29,2023-11-28,6015,6005,1,2,1,1.0,0.2999268408197557,False,neutral,neutral,False,,
2023-11-30,2023-11-29,6016,6006,1,2,1,1.0,0.3015459942327556,False,neutral,neutral,False,,
2023-12-01,2023-11-30,6017,6007,1,2,1,1.0,0.3092396976746615,False,neutral,neutral,False,,
2023-12-04,2023-12-01,6018,6008,2,1,2,1.0,0.3243386540021458,False,neutral,neutral,False,,
2023-12-05,2023-12-04,6019,6009,1,2,1,0.6295853623735601,0.3281003452925961,False,neutral,neutral,False,,
2023-12-06,2023-12-05,6020,6010,2,1,2,0.5951831940396318,0.3064000152874105,False,neutral,neutral,False,,
2023-12-07,2023-12-06,6021,6011,1,2,1,0.2274840172581756,0.3181484350455736,False,neutral,neutral,False,,
2023-12-08,2023-12-07,6022,6012,2,1,2,0.5319369434405641,0.3423767936803067,False,neutral,neutral,False,,
2023-12-11,2023-12-08,6023,6013,1,2,1,1.0,0.3154016584549429,False,neutral,neutral,False,,
2023-12-12,2023-12-11,6024,6014,2,1,2,1.0,0.3135410339412827,False,neutral,neutral,False,,
2023-12-13,2023-12-12,6025,6015,2,1,2,0.7626361563387817,0.3129018226842951,False,neutral,neutral,False,,
2023-12-14,2023-12-13,6026,6016,1,1,2,0.9726463963474232,0.3477021473487727,False,neutral,neutral,False,,
2023-12-15,2023-12-14,6027,6017,2,2,1,0.9980004539231738,0.1900999454604164,False,neutral,neutral,False,,
2023-12-18,2023-12-15,6028,6018,2,2,1,0.9991872994077112,0.2202893236349627,False,neutral,neutral,False,,
2023-12-19,2023-12-18,6029,6019,2,2,1,0.999558603966656,0.2046029472411672,False,neutral,neutral,False,,
2023-12-20,2023-12-19,6030,6020,2,2,0,0.9997398938322948,0.2087011645685059,False,neutral,neutral,False,,
2023-12-21,2023-12-20,6031,6021,2,2,1,0.9968778710828908,0.3767979636317106,False,neutral,neutral,False,,
2023-12-22,2023-12-21,6032,6022,2,2,1,0.9841173172832356,0.2524876415132796,False,neutral,neutral,False,,
2023-12-26,2023-12-22,6033,6023,1,1,2,0.9044398367161832,0.18721649840011,False,neutral,neutral,False,,
2023-12-27,2023-12-26,6034,6024,2,2,1,0.5351084903692458,0.1953833656110007,False,neutral,neutral,False,,
2023-12-28,2023-12-27,6035,6025,2,1,2,0.994528597497151,0.3011467432560827,False,neutral,neutral,False,,
2023-12-29,2023-12-28,6036,6026,1,2,1,0.9376252202870043,0.3002317840099231,False,neutral,neutral,False,,
2024-01-02,2023-12-29,6037,6027,2,1,2,0.9138948848821552,0.3107852816131374,False,neutral,neutral,False,,
2024-01-03,2024-01-02,6038,6028,1,2,1,0.9999998753437446,0.3317042984616096,False,neutral,neutral,False,,
2024-01-04,2024-01-03,6039,6029,1,2,1,0.8741193113865506,0.3576530514691587,False,neutral,neutral,False,,
2024-01-05,2024-01-04,6040,6030,1,2,1,0.3998612542591264,0.3132867716769014,False,neutral,neutral,False,,
2024-01-08,2024-01-05,6041,6031,1,2,1,0.3625020648610738,0.3010889006053099,False,neutral,neutral,False,,
2024-01-09,2024-01-08,6042,6032,1,2,1,0.3291811958888007,0.4255210363823356,False,neutral,neutral,False,,
2024-01-10,2024-01-09,6043,6033,1,2,1,0.3294852495433035,0.3048139776434516,False,neutral,neutral,False,,
2024-01-11,2024-01-10,6044,6034,2,1,2,0.2763760872163498,0.3226136458725335,False,neutral,neutral,False,,
2024-01-12,2024-01-11,6045,6035,2,1,2,0.2868616343560475,0.3019737470086163,False,neutral,neutral,False,,
2024-01-16,2024-01-12,6046,6036,1,2,1,0.289333119772819,0.3009865058222837,False,neutral,neutral,False,,
2024-01-17,2024-01-16,6047,6037,1,2,1,0.3052441758591938,0.3163865143717728,False,neutral,neutral,False,,
2024-01-18,2024-01-17,6048,6038,1,2,1,0.3074465334905853,0.331616589915761,False,neutral,neutral,False,,
2024-01-19,2024-01-18,6049,6039,1,2,1,0.4190455007108544,0.358814374908069,False,neutral,neutral,False,,
2024-01-22,2024-01-19,6050,6040,2,1,2,0.2977163410610587,0.4064516740139899,False,neutral,neutral,False,,
2024-01-23,2024-01-22,6051,6041,1,2,1,0.398580608619086,0.3040014077586077,False,neutral,neutral,False,,
2024-01-24,2024-01-23,6052,6042,1,1,2,0.9150516447833168,0.1852161716883958,False,neutral,neutral,False,,
2024-01-25,2024-01-24,6053,6043,2,2,1,0.962548142205043,0.1816155106953399,False,neutral,neutral,False,,
2024-01-26,2024-01-25,6054,6044,1,1,2,0.9920021813512498,0.2008515155066348,False,neutral,neutral,False,,
2024-01-29,2024-01-26,6055,6045,2,2,1,0.9955265792840916,0.1857814778341212,False,neutral,neutral,False,,
2024-01-30,2024-01-29,6056,6046,1,1,2,0.99857237574756,0.2293731041418308,False,neutral,neutral,False,,
2024-01-31,2024-01-30,6057,6047,2,2,1,0.9980446304169468,0.1842624965658781,False,neutral,neutral,False,,
2024-02-01,2024-01-31,6058,6048,2,2,1,0.938253676244644,0.451991665310877,False,neutral,neutral,False,,
2024-02-02,2024-02-01,6059,6049,2,2,0,0.3432669802004079,0.3347116749735242,False,neutral,neutral,False,,
2024-02-05,2024-02-02,6060,6050,2,2,0,0.7149873585368745,0.2750279488456625,False,neutral,neutral,False,,
2024-02-06,2024-02-05,6061,6051,2,1,2,0.3273957070493776,0.3169903953862436,False,neutral,neutral,False,,
2024-02-07,2024-02-06,6062,6052,1,2,1,0.2799907204613963,0.3063384894095399,False,neutral,neutral,False,,
2024-02-08,2024-02-07,6063,6053,1,1,2,0.91544840854496,0.2360714915606108,False,neutral,neutral,False,,
2024-02-09,2024-02-08,6064,6054,2,2,1,0.9695468171188508,0.1824532710406336,False,neutral,neutral,False,,
2024-02-12,2024-02-09,6065,6055,1,1,2,0.9904941847391554,0.2050663432355577,False,neutral,neutral,False,,
2024-02-13,2024-02-12,6066,6056,2,2,1,0.9964107492506206,0.1842932014704418,False,neutral,neutral,False,,
2024-02-14,2024-02-13,6067,6057,2,2,1,0.9954012912335636,0.3812264241952748,False,neutral,neutral,False,,
2024-02-15,2024-02-14,6068,6058,1,1,2,0.8112557947388642,0.2488758239644496,False,neutral,neutral,False,,
2024-02-16,2024-02-15,6069,6059,1,1,2,0.5198347244602395,0.2169086854181442,False,neutral,neutral,False,,
2024-02-20,2024-02-16,6070,6060,1,2,1,0.5948180824504244,0.3266854331228364,False,neutral,neutral,False,,
2024-02-21,2024-02-20,6071,6061,1,2,1,0.9789139900225304,0.331208885539218,False,neutral,neutral,False,,
2024-02-22,2024-02-21,6072,6062,2,1,2,1.0,0.3020398494228617,False,neutral,neutral,False,,
2024-02-23,2024-02-22,6073,6063,2,1,2,0.3284748718853169,0.4094013110719607,False,neutral,neutral,False,,
2024-02-26,2024-02-23,6074,6064,2,2,1,0.9421334644310108,0.1826827308354837,False,neutral,neutral,False,,
2024-02-27,2024-02-26,6075,6065,1,1,2,0.9716488023773628,0.2008869737794312,False,neutral,neutral,False,,
2024-02-28,2024-02-27,6076,6066,2,2,1,0.9867561062173436,0.1835782928760284,False,neutral,neutral,False,,
2024-02-29,2024-02-28,6077,6067,1,1,2,0.9522872989361736,0.1870407976701,False,neutral,neutral,False,,
2024-03-01,2024-02-29,6078,6068,2,2,1,0.9520787022845578,0.1895553081306653,False,neutral,neutral,False,,
2024-03-04,2024-03-01,6079,6069,2,2,1,0.9907950265768688,0.2542284221883912,False,neutral,neutral,False,,
2024-03-05,2024-03-04,6080,6070,2,2,1,0.9925362570033318,0.1863364452945331,False,neutral,neutral,False,,
2024-03-06,2024-03-05,6081,6071,2,2,1,0.9099033142368754,0.2918617269355074,False,neutral,neutral,False,,
2024-03-07,2024-03-06,6082,6072,0,2,0,1.0,0.3184762579327976,False,neutral,neutral,False,,
2024-03-08,2024-03-07,6083,6073,1,2,1,0.8012106010481028,0.372074888656098,False,neutral,neutral,False,,
2024-03-11,2024-03-08,6084,6074,2,1,2,0.7535086043762557,0.3355818068694747,False,neutral,neutral,False,,
2024-03-12,2024-03-11,6085,6075,0,2,0,0.9290243345542636,0.3038175429259039,False,neutral,neutral,False,,
2024-03-13,2024-03-12,6086,6076,1,2,1,0.5702697956522674,0.3830542104099751,False,neutral,neutral,False,,
2024-03-14,2024-03-13,6087,6077,0,2,0,0.7152803426799228,0.3060472243423998,False,neutral,neutral,False,,
2024-03-15,2024-03-14,6088,6078,0,2,0,0.8953622789503068,0.3076865530835755,False,neutral,neutral,False,,
2024-03-18,2024-03-15,6089,6079,1,2,1,0.7892898293664277,0.3748680800130618,False,neutral,neutral,False,,
2024-03-19,2024-03-18,6090,6080,2,1,2,0.7876619764766614,0.3259172957898529,False,neutral,neutral,False,,
2024-03-20,2024-03-19,6091,6081,1,2,1,0.9998129820872678,0.3225677885513823,False,neutral,neutral,False,,
2024-03-21,2024-03-20,6092,6082,1,2,1,0.7802072190359942,0.3636535595020455,False,neutral,neutral,False,,
2024-03-22,2024-03-21,6093,6083,2,1,2,0.1655576577042982,0.3084489672148297,False,neutral,neutral,False,,
2024-03-25,2024-03-22,6094,6084,2,2,1,0.8970255802562476,0.1899605317229506,False,neutral,neutral,False,,
2024-03-26,2024-03-25,6095,6085,1,1,2,0.8267625696040998,0.1949772830498274,False,neutral,neutral,False,,
2024-03-27,2024-03-26,6096,6086,1,1,2,0.8418922915757401,0.1899032149819946,False,neutral,neutral,False,,
2024-03-28,2024-03-27,6097,6087,2,2,1,0.9338965820653728,0.2381726350977864,False,neutral,neutral,False,,
2024-04-01,2024-03-28,6098,6088,1,1,2,0.9520579776553936,0.1845056950118912,False,neutral,neutral,False,,
2024-04-02,2024-04-01,6099,6089,2,2,1,0.4447393293034176,0.1895331763234919,False,neutral,neutral,False,,
2024-04-03,2024-04-02,6100,6090,2,1,2,1.0,0.3386583818632122,False,neutral,neutral,False,,
2024-04-04,2024-04-03,6101,6091,1,2,1,0.745105365482967,0.3021925665144049,False,neutral,neutral,False,,
2024-04-05,2024-04-04,6102,6092,1,2,1,0.866979386768728,0.3941035697632272,False,neutral,neutral,False,,
2024-04-08,2024-04-05,6103,6093,2,1,2,0.8988050444001566,0.3793250808997746,False,neutral,neutral,False,,
2024-04-09,2024-04-08,6104,6094,1,2,1,0.9156484697349566,0.3021160637929527,False,neutral,neutral,False,,
2024-04-10,2024-04-09,6105,6095,1,2,1,0.9166243832410034,0.3025225749785858,False,neutral,neutral,False,,
2024-04-11,2024-04-10,6106,6096,1,2,1,0.5293038553325495,0.3744487274124325,False,neutral,neutral,False,,
2024-04-12,2024-04-11,6107,6097,1,2,1,0.8191697501192837,0.3434849797096364,False,neutral,neutral,False,,
2024-04-15,2024-04-12,6108,6098,2,1,2,0.4701759873113075,0.401415490690044,False,neutral,neutral,False,,
2024-04-16,2024-04-15,6109,6099,2,2,1,0.9794378182630028,0.3493207426752878,False,neutral,neutral,False,,
2024-04-17,2024-04-16,6110,6100,2,2,1,0.9979319914570296,0.1903106039792857,False,neutral,neutral,False,,
2024-04-18,2024-04-17,6111,6101,1,1,2,0.9997099024926204,0.2249996522867348,False,neutral,neutral,False,,
2024-04-19,2024-04-18,6112,6102,2,2,1,0.9999506049948728,0.1916093379121119,False,neutral,neutral,False,,
2024-04-22,2024-04-19,6113,6103,1,1,2,0.9999897078558908,0.2680666572564296,False,neutral,neutral,False,,
2024-04-23,2024-04-22,6114,6104,1,1,2,0.9999763512838042,0.2512556806209136,False,neutral,neutral,False,,
2024-04-24,2024-04-23,6115,6105,2,2,1,0.9997693134037589,0.3049961628793377,False,neutral,neutral,False,,
2024-04-25,2024-04-24,6116,6106,2,2,1,0.999166164914818,0.185549893546871,False,neutral,neutral,False,,
2024-04-26,2024-04-25,6117,6107,2,2,1,0.9225606068164868,0.2033865331418964,False,neutral,neutral,False,,
2024-04-29,2024-04-26,6118,6108,2,2,1,0.7703822644306664,0.2561866631166954,False,neutral,neutral,False,,
2024-04-30,2024-04-29,6119,6109,1,1,2,0.9464793975745596,0.1909085187970689,False,neutral,neutral,False,,
2024-05-01,2024-04-30,6120,6110,2,2,1,0.9481224362686422,0.4384746743835454,False,neutral,neutral,False,,
2024-05-02,2024-05-01,6121,6111,2,2,1,0.9493080927665768,0.1996992818527282,False,neutral,neutral,False,,
2024-05-03,2024-05-02,6122,6112,1,1,2,0.9325000827447404,0.2548222037056692,False,neutral,neutral,False,,
2024-05-06,2024-05-03,6123,6113,2,2,1,0.8087032241028453,0.3189504839886042,False,neutral,neutral,False,,
2024-05-07,2024-05-06,6124,6114,2,2,1,0.975631508144964,0.2733337103387304,False,neutral,neutral,False,,
2024-05-08,2024-05-07,6125,6115,2,2,1,0.9967413296207116,0.1848476637782835,False,neutral,neutral,False,,
2024-05-09,2024-05-08,6126,6116,1,1,2,0.998983073642044,0.1853216551172605,False,neutral,neutral,False,,
2024-05-10,2024-05-09,6127,6117,1,1,2,0.99964697611408,0.2068057531411384,False,neutral,neutral,False,,
2024-05-13,2024-05-10,6128,6118,2,2,1,0.9998848883472334,0.184838152096131,False,neutral,neutral,False,,
2024-05-14,2024-05-13,6129,6119,1,1,2,0.9999486072121508,0.1852492009351271,False,neutral,neutral,False,,
2024-05-15,2024-05-14,6130,6120,2,2,1,0.9998777504505983,0.1974452197315594,False,neutral,neutral,False,,
2024-05-16,2024-05-15,6131,6121,2,2,1,0.999477877001196,0.3200405115205252,False,neutral,neutral,False,,
2024-05-17,2024-05-16,6132,6122,1,1,2,0.9954697694681816,0.1925301067933688,False,neutral,neutral,False,,
2024-05-20,2024-05-17,6133,6123,2,2,1,0.989045537677636,0.1853088503923017,False,neutral,neutral,False,,
2024-05-21,2024-05-20,6134,6124,2,2,1,0.9905232151888288,0.1851689107260913,False,neutral,neutral,False,,
2024-05-22,2024-05-21,6135,6125,2,2,1,0.9891294458600104,0.1873646179411083,False,neutral,neutral,False,,
2024-05-23,2024-05-22,6136,6126,1,1,2,0.9536593139954744,0.1976883876318905,False,neutral,neutral,False,,
2024-05-24,2024-05-23,6137,6127,2,2,1,0.8396100420162305,0.2458040553305165,False,neutral,neutral,False,,
2024-05-28,2024-05-24,6138,6128,1,1,2,0.4621440593271392,0.2164458210573308,False,neutral,neutral,False,,
2024-05-29,2024-05-28,6139,6129,2,1,2,1.0,0.3018058230943257,False,neutral,neutral,False,,
2024-05-30,2024-05-29,6140,6130,1,2,1,0.8447191355577947,0.3439404235509514,False,neutral,neutral,False,,
2024-05-31,2024-05-30,6141,6131,1,2,1,0.999441532735388,0.3404212136174825,False,neutral,neutral,False,,
2024-06-03,2024-05-31,6142,6132,1,2,1,0.9990342777860516,0.360709193524601,False,neutral,neutral,False,,
2024-06-04,2024-06-03,6143,6133,1,2,1,0.9998362553441728,0.3027278845775538,False,neutral,neutral,False,,
2024-06-05,2024-06-04,6144,6134,1,2,1,1.0,0.302973193612523,False,neutral,neutral,False,,
2024-06-06,2024-06-05,6145,6135,1,2,1,0.7417410270602375,0.3961495438082262,False,neutral,neutral,False,,
2024-06-07,2024-06-06,6146,6136,2,1,2,0.2665738696344228,0.3041043063738367,False,neutral,neutral,False,,
2024-06-10,2024-06-07,6147,6137,1,2,1,0.1705227446600526,0.3062134398447349,False,neutral,neutral,False,,
2024-06-11,2024-06-10,6148,6138,1,1,2,0.9390736046579924,0.1906252393047379,False,neutral,neutral,False,,
2024-06-12,2024-06-11,6149,6139,2,2,1,0.9795816624771626,0.188368769872593,False,neutral,neutral,False,,
2024-06-13,2024-06-12,6150,6140,2,2,1,0.9951684493950492,0.237873958331107,False,neutral,neutral,False,,
2024-06-14,2024-06-13,6151,6141,1,1,2,0.9906196414766808,0.1875438211515982,False,neutral,neutral,False,,
2024-06-17,2024-06-14,6152,6142,2,2,1,0.9904458988582616,0.1864182648568327,False,neutral,neutral,False,,
2024-06-18,2024-06-17,6153,6143,2,2,1,0.9942583729906308,0.2343960193370979,False,neutral,neutral,False,,
2024-06-20,2024-06-18,6154,6144,1,1,2,0.9921383054515228,0.1891124675709661,False,neutral,neutral,False,,
2024-06-21,2024-06-20,6155,6145,2,2,1,0.993656643009192,0.1974960820910261,False,neutral,neutral,False,,
2024-06-24,2024-06-21,6156,6146,1,1,2,0.9850194676864028,0.2122225207769321,False,neutral,neutral,False,,
2024-06-25,2024-06-24,6157,6147,1,1,2,0.9006367755600067,0.2012979504381714,False,neutral,neutral,False,,
2024-06-26,2024-06-25,6158,6148,1,1,2,0.4372293774247682,0.1949585146473097,False,neutral,neutral,False,,
2024-06-27,2024-06-26,6159,6149,2,1,2,1.0,0.3040906507340206,False,neutral,neutral,False,,
2024-06-28,2024-06-27,6160,6150,1,2,1,1.0,0.3045846668087726,False,neutral,neutral,False,,
2024-07-01,2024-06-28,6161,6151,0,2,0,1.0,0.3186933673719646,False,neutral,neutral,False,,
2024-07-02,2024-07-01,6162,6152,1,2,1,0.7014552390488435,0.3050169227694302,False,neutral,neutral,False,,
2024-07-03,2024-07-02,6163,6153,1,2,1,1.0,0.3339343457560314,False,neutral,neutral,False,,
2024-07-05,2024-07-03,6164,6154,1,2,1,1.0,0.3154008129688254,False,neutral,neutral,False,,
2024-07-08,2024-07-05,6165,6155,1,2,1,0.2875815125282955,0.3263134813536066,False,neutral,neutral,False,,
2024-07-09,2024-07-08,6166,6156,0,0,2,0.942811236082673,0.1867988319291358,False,neutral,neutral,False,,
2024-07-10,2024-07-09,6167,6157,2,2,1,0.9648248075303376,0.1867964658193948,False,neutral,neutral,False,,
2024-07-11,2024-07-10,6168,6158,2,2,1,0.9961885191529756,0.2667825446842149,False,neutral,neutral,False,,
2024-07-12,2024-07-11,6169,6159,2,2,1,0.995365735372075,0.2689604759508353,False,neutral,neutral,False,,
2024-07-15,2024-07-12,6170,6160,2,2,1,0.9965417962659622,0.2146014347265841,False,neutral,neutral,False,,
2024-07-16,2024-07-15,6171,6161,1,1,2,0.9908982495766376,0.1899920221454742,False,neutral,neutral,False,,
2024-07-17,2024-07-16,6172,6162,2,2,1,0.9781508438346348,0.210571951854652,False,neutral,neutral,False,,
2024-07-18,2024-07-17,6173,6163,2,2,1,0.8441907054916534,0.390038037452778,False,neutral,neutral,False,,
2024-07-19,2024-07-18,6174,6164,2,2,1,0.7592487715770381,0.2522507968031278,False,neutral,neutral,False,,
2024-07-22,2024-07-19,6175,6165,0,0,2,0.9649932429326532,0.2373638500953787,False,neutral,neutral,False,,
2024-07-23,2024-07-22,6176,6166,2,2,1,0.96787747786314,0.2753030215246411,False,neutral,neutral,False,,
2024-07-24,2024-07-23,6177,6167,2,2,1,0.9750413128728208,0.1921920263422167,False,neutral,neutral,False,,
2024-07-25,2024-07-24,6178,6168,1,1,2,0.9994236639406976,0.6291599839227581,True,bear,neutral,True,NEUTRAL_TO_BEAR,
2024-07-26,2024-07-25,6179,6169,2,2,1,0.9999770081693924,0.2199215557436916,False,neutral,bear,True,BEAR_TO_NEUTRAL,
2024-07-29,2024-07-26,6180,6170,1,1,2,0.9999793572690268,0.2931881741342056,False,neutral,neutral,False,,
2024-07-30,2024-07-29,6181,6171,2,2,1,0.9999492022548666,0.1871663181874207,False,neutral,neutral,False,,
2024-07-31,2024-07-30,6182,6172,2,2,0,0.999119502406702,0.2182045262556114,False,neutral,neutral,False,,
2024-08-01,2024-07-31,6183,6173,2,2,1,0.9964461643435584,0.4254835580338976,False,neutral,neutral,False,,
2024-08-02,2024-08-01,6184,6174,2,2,0,0.99447930287195,0.3949863507147423,False,neutral,neutral,False,,
2024-08-05,2024-08-02,6185,6175,2,2,0,0.9995530142854986,0.5194284796320073,True,bear,neutral,True,NEUTRAL_TO_BEAR,
2024-08-06,2024-08-05,6186,6176,2,2,1,0.9999982415367428,0.7798062284341866,True,bear,bear,False,,
2024-08-07,2024-08-06,6187,6177,2,2,1,0.9999991154729524,0.2551374688451341,False,neutral,bear,True,BEAR_TO_NEUTRAL,
2024-08-08,2024-08-07,6188,6178,1,1,2,0.9999998957839418,0.2383399486112707,False,neutral,neutral,False,,
2024-08-09,2024-08-08,6189,6179,2,2,0,0.999999910210212,0.6157788039220142,True,bear,neutral,True,NEUTRAL_TO_BEAR,
2024-08-12,2024-08-09,6190,6180,2,2,1,0.999999809451078,0.1989797138548491,False,neutral,bear,True,BEAR_TO_NEUTRAL,
2024-08-13,2024-08-12,6191,6181,2,2,1,0.9999995053262344,0.187720292825362,False,neutral,neutral,False,,
2024-08-14,2024-08-13,6192,6182,1,1,2,0.9999995143387974,0.4299690748058239,False,neutral,neutral,False,,
2024-08-15,2024-08-14,6193,6183,1,1,2,0.9999971168812188,0.1927068238084459,False,neutral,neutral,False,,
2024-08-16,2024-08-15,6194,6184,2,2,1,0.9999997752901278,0.4502147861134327,False,neutral,neutral,False,,
2024-08-19,2024-08-16,6195,6185,2,2,1,0.9999999842445692,0.1897776314728005,False,neutral,neutral,False,,
2024-08-20,2024-08-19,6196,6186,2,2,1,0.9999999923676084,0.2616693952262464,False,neutral,neutral,False,,
2024-08-21,2024-08-20,6197,6187,1,1,2,0.9999999907217896,0.1934392515066184,False,neutral,neutral,False,,
2024-08-22,2024-08-21,6198,6188,1,1,2,0.9999998771190812,0.1942503241693735,False,neutral,neutral,False,,
2024-08-23,2024-08-22,6199,6189,1,1,2,0.999999279897425,0.2561329456029252,False,neutral,neutral,False,,
2024-08-26,2024-08-23,6200,6190,1,1,2,0.9999961353162196,0.2820487583070523,False,neutral,neutral,False,,
2024-08-27,2024-08-26,6201,6191,1,1,2,0.9997263818535383,0.1974494749211755,False,neutral,neutral,False,,
2024-08-28,2024-08-27,6202,6192,1,1,2,0.9951745228934914,0.1887353601926512,False,neutral,neutral,False,,
2024-08-29,2024-08-28,6203,6193,2,1,2,0.8146435616184304,0.3316898040840871,False,neutral,neutral,False,,
2024-08-30,2024-08-29,6204,6194,2,1,2,1.0,0.303371571165299,False,neutral,neutral,False,,
2024-09-03,2024-08-30,6205,6195,2,1,2,1.0,0.3665686593576956,False,neutral,neutral,False,,
2024-09-04,2024-09-03,6206,6196,2,1,2,0.5934809147724049,0.3667261196021262,False,neutral,neutral,False,,
2024-09-05,2024-09-04,6207,6197,1,1,2,0.9082736620085754,0.1961175828292473,False,neutral,neutral,False,,
2024-09-06,2024-09-05,6208,6198,2,2,0,0.9824307521813403,0.1978731477692548,False,neutral,neutral,False,,
2024-09-09,2024-09-06,6209,6199,2,2,0,0.9998386343509148,0.4689304334228225,False,neutral,neutral,False,,
2024-09-10,2024-09-09,6210,6200,2,2,0,0.9998816423212354,0.2945153271791563,False,neutral,neutral,False,,
2024-09-11,2024-09-10,6211,6201,1,1,2,0.9998259501392074,0.199925979989917,False,neutral,neutral,False,,
2024-09-12,2024-09-11,6212,6202,2,2,1,0.9994623720438768,0.2754646196603944,False,neutral,neutral,False,,
2024-09-13,2024-09-12,6213,6203,2,2,1,0.9995408053893634,0.2436980008448698,False,neutral,neutral,False,,
2024-09-16,2024-09-13,6214,6204,2,2,1,0.9997990137305398,0.2065020227842625,False,neutral,neutral,False,,
2024-09-17,2024-09-16,6215,6205,2,2,1,0.999731001982782,0.1889377960379978,False,neutral,neutral,False,,
2024-09-18,2024-09-17,6216,6206,2,2,1,0.9999294544702254,0.1892141519063608,False,neutral,neutral,False,,
2024-09-19,2024-09-18,6217,6207,2,2,1,0.9999567427759876,0.2016825769989498,False,neutral,neutral,False,,
2024-09-20,2024-09-19,6218,6208,2,2,1,0.9999943915106992,0.4492018040783381,False,neutral,neutral,False,,
2024-09-23,2024-09-20,6219,6209,1,1,2,0.9999332949525364,0.2168724881092982,False,neutral,neutral,False,,
2024-09-24,2024-09-23,6220,6210,1,1,2,0.9995816872428906,0.1917733622293392,False,neutral,neutral,False,,
2024-09-25,2024-09-24,6221,6211,1,1,2,0.9949327058483556,0.1930454401729408,False,neutral,neutral,False,,
2024-09-26,2024-09-25,6222,6212,2,2,0,0.958945829831708,0.1974201170142618,False,neutral,neutral,False,,
2024-09-27,2024-09-26,6223,6213,2,2,1,0.9243858746416704,0.1983445920294938,False,neutral,neutral,False,,
2024-09-30,2024-09-27,6224,6214,2,2,1,0.8735450513533559,0.194062479199116,False,neutral,neutral,False,,
2024-10-01,2024-09-30,6225,6215,1,1,2,0.8373503496929601,0.1987294251476831,False,neutral,neutral,False,,
2024-10-02,2024-10-01,6226,6216,2,2,0,0.4459095847435118,0.2762862368992221,False,neutral,neutral,False,,
2024-10-03,2024-10-02,6227,6217,2,1,2,0.9170321485361118,0.3029099250386595,False,neutral,neutral,False,,
2024-10-04,2024-10-03,6228,6218,2,1,2,1.0,0.3071541568524318,False,neutral,neutral,False,,
2024-10-07,2024-10-04,6229,6219,2,1,2,1.0,0.3592520730234538,False,neutral,neutral,False,,
2024-10-08,2024-10-07,6230,6220,1,2,1,1.0,0.3626088187890051,False,neutral,neutral,False,,
2024-10-09,2024-10-08,6231,6221,1,2,1,1.0,0.3645136823322241,False,neutral,neutral,False,,
2024-10-10,2024-10-09,6232,6222,1,2,1,0.8303825524544268,0.3358889982894115,False,neutral,neutral,False,,
2024-10-11,2024-10-10,6233,6223,2,1,2,0.5221607991909416,0.3069797638486359,False,neutral,neutral,False,,
2024-10-14,2024-10-11,6234,6224,2,2,0,0.8985657859026418,0.2139776538374761,False,neutral,neutral,False,,
2024-10-15,2024-10-14,6235,6225,2,2,0,0.995347017521564,0.2409905957839434,False,neutral,neutral,False,,
2024-10-16,2024-10-15,6236,6226,2,2,1,0.9953491689212028,0.2560291335481104,False,neutral,neutral,False,,
2024-10-17,2024-10-16,6237,6227,2,2,1,0.9957158626149722,0.201004429195269,False,neutral,neutral,False,,
2024-10-18,2024-10-17,6238,6228,2,2,1,0.9872314231297794,0.1903517335186539,False,neutral,neutral,False,,
2024-10-21,2024-10-18,6239,6229,2,2,1,0.9909271621589042,0.198152616247236,False,neutral,neutral,False,,
2024-10-22,2024-10-21,6240,6230,2,2,1,0.774491736350148,0.1953028593572071,False,neutral,neutral,False,,
2024-10-23,2024-10-22,6241,6231,1,2,1,0.8851654488852033,0.3037514350003071,False,neutral,neutral,False,,
2024-10-24,2024-10-23,6242,6232,1,2,1,0.9521966554509717,0.36216077102515,False,neutral,neutral,False,,
2024-10-25,2024-10-24,6243,6233,1,2,1,1.0,0.3051082294909679,False,neutral,neutral,False,,
2024-10-28,2024-10-25,6244,6234,1,2,1,1.0,0.3036028134751686,False,neutral,neutral,False,,
2024-10-29,2024-10-28,6245,6235,1,2,1,1.0,0.3083599161744882,False,neutral,neutral,False,,
2024-10-30,2024-10-29,6246,6236,1,2,1,1.0,0.3040794692067626,False,neutral,neutral,False,,
2024-10-31,2024-10-30,6247,6237,0,2,0,1.0,0.312656927360243,False,neutral,neutral,False,,
2024-11-01,2024-10-31,6248,6238,2,2,0,0.950256796924788,0.5460380590342553,True,bear,neutral,True,NEUTRAL_TO_BEAR,
2024-11-04,2024-11-01,6249,6239,1,1,2,0.9818563413361262,0.2005227248885942,False,neutral,bear,True,BEAR_TO_NEUTRAL,
2024-11-05,2024-11-04,6250,6240,1,1,2,0.9911406832694026,0.1977934260838576,False,neutral,neutral,False,,
2024-11-06,2024-11-05,6251,6241,2,2,1,0.9761301678682772,0.3164090219188593,False,neutral,neutral,False,,
2024-11-07,2024-11-06,6252,6242,2,2,1,0.999457119533243,0.6611548413793749,True,bear,neutral,True,NEUTRAL_TO_BEAR,
2024-11-08,2024-11-07,6253,6243,1,1,2,0.9999866904562698,0.2352217853565429,False,neutral,bear,True,BEAR_TO_NEUTRAL,
2024-11-11,2024-11-08,6254,6244,2,2,0,0.999999268271816,0.2013564613194244,False,neutral,neutral,False,,
2024-11-12,2024-11-11,6255,6245,2,2,1,0.9999999058735692,0.1904361495237412,False,neutral,neutral,False,,
2024-11-13,2024-11-12,6256,6246,2,2,1,0.999999966260855,0.2038507205293937,False,neutral,neutral,False,,
2024-11-14,2024-11-13,6257,6247,2,2,1,0.9999999814761804,0.1905031843947963,False,neutral,neutral,False,,
2024-11-15,2024-11-14,6258,6248,1,1,2,0.9999998533026522,0.237191670455859,False,neutral,neutral,False,,
2024-11-18,2024-11-15,6259,6249,1,1,2,0.9999980666841468,0.3605511131227018,False,neutral,neutral,False,,
2024-11-19,2024-11-18,6260,6250,1,1,2,0.9996840269248396,0.2002394646873128,False,neutral,neutral,False,,
2024-11-20,2024-11-19,6261,6251,1,1,2,0.9507933706773946,0.1978488037150187,False,neutral,neutral,False,,
2024-11-21,2024-11-20,6262,6252,1,1,0,0.9546325800244014,0.1909069745976678,False,neutral,neutral,False,,
2024-11-22,2024-11-21,6263,6253,1,1,0,0.94809639855074,0.2096777708736977,False,neutral,neutral,False,,
2024-11-25,2024-11-22,6264,6254,2,2,0,0.9083995912955828,0.1954843347095752,False,neutral,neutral,False,,
2024-11-26,2024-11-25,6265,6255,1,1,2,0.8656246960013929,0.1968356739282819,False,neutral,neutral,False,,
2024-11-27,2024-11-26,6266,6256,1,1,2,0.9606558531096892,0.2086646808633949,False,neutral,neutral,False,,
2024-11-29,2024-11-27,6267,6257,1,1,2,0.9736400792308956,0.2039691488874582,False,neutral,neutral,False,,
2024-12-02,2024-11-29,6268,6258,2,2,1,0.9952240145054604,0.2179888210813892,False,neutral,neutral,False,,
2024-12-03,2024-12-02,6269,6259,2,2,0,0.9929731715953328,0.1924029414834108,False,neutral,neutral,False,,
2024-12-04,2024-12-03,6270,6260,1,1,2,0.986440711022328,0.1913453145976732,False,neutral,neutral,False,,
2024-12-05,2024-12-04,6271,6261,1,1,2,0.9901772468706304,0.2181789062464378,False,neutral,neutral,False,,
2024-12-06,2024-12-05,6272,6262,2,2,1,0.963245636174018,0.1966427571021356,False,neutral,neutral,False,,
2024-12-09,2024-12-06,6273,6263,1,1,2,0.9174153986115196,0.1924736429181173,False,neutral,neutral,False,,
2024-12-10,2024-12-09,6274,6264,2,2,0,0.5941619070158665,0.2229130919601289,False,neutral,neutral,False,,
2024-12-11,2024-12-10,6275,6265,1,2,1,0.9293231103231364,0.3126255017752745,False,neutral,neutral,False,,
2024-12-12,2024-12-11,6276,6266,1,2,1,0.9543832522752104,0.3435785831584667,False,neutral,neutral,False,,
2024-12-13,2024-12-12,6277,6267,2,1,2,1.0,0.3260237560025609,False,neutral,neutral,False,,
2024-12-16,2024-12-13,6278,6268,0,1,0,1.0,0.3032364439165865,False,neutral,neutral,False,,
2024-12-17,2024-12-16,6279,6269,2,1,2,0.9992767643716224,0.3140422980242361,False,neutral,neutral,False,,
2024-12-18,2024-12-17,6280,6270,2,1,2,0.9743663838013636,0.3187971497954795,False,neutral,neutral,False,,
2024-12-19,2024-12-18,6281,6271,1,1,2,0.9987838043784564,0.7904647368350953,True,bear,neutral,True,NEUTRAL_TO_BEAR,
2024-12-20,2024-12-19,6282,6272,1,1,2,0.9999655093604412,0.1924454483797416,False,neutral,bear,True,BEAR_TO_NEUTRAL,
2024-12-23,2024-12-20,6283,6273,1,1,2,0.9999783595501442,0.2495723540949014,False,neutral,neutral,False,,
2024-12-24,2024-12-23,6284,6274,1,1,2,0.9999764674354245,0.2161730386070625,False,neutral,neutral,False,,
2024-12-26,2024-12-24,6285,6275,2,2,1,0.9999731279044496,0.2951578188292387,False,neutral,neutral,False,,
2024-12-27,2024-12-26,6286,6276,2,2,1,0.9999378871555124,0.1924499225540518,False,neutral,neutral,False,,
2024-12-30,2024-12-27,6287,6277,1,1,2,0.9998940277512078,0.3088823405345935,False,neutral,neutral,False,,
2024-12-31,2024-12-30,6288,6278,1,1,2,0.9998985587150624,0.3283460351835729,False,neutral,neutral,False,,
2025-01-02,2024-12-31,6289,6279,1,1,2,0.9996834809177204,0.2092055575067274,False,neutral,neutral,False,,
2025-01-03,2025-01-02,6290,6280,1,1,2,0.9988790132800168,0.2012347933817082,False,neutral,neutral,False,,
2025-01-06,2025-01-03,6291,6281,1,1,0,0.9980837496994932,0.3281048722948758,False,neutral,neutral,False,,
2025-01-07,2025-01-06,6292,6282,1,1,0,0.9963977497179736,0.2144236372603478,False,neutral,neutral,False,,
2025-01-08,2025-01-07,6293,6283,2,2,1,0.997309768157432,0.326179640005683,False,neutral,neutral,False,,
2025-01-10,2025-01-08,6294,6284,2,2,1,0.9976225055247254,0.1927134906221326,False,neutral,neutral,False,,
2025-01-13,2025-01-10,6295,6285,2,2,1,0.9979908741696112,0.4258838714623434,False,neutral,neutral,False,,
2025-01-14,2025-01-13,6296,6286,2,2,1,0.9872379934063994,0.1929516763547331,False,neutral,neutral,False,,
2025-01-15,2025-01-14,6297,6287,2,2,0,0.974327403590528,0.1928211254740212,False,neutral,neutral,False,,
2025-01-16,2025-01-15,6298,6288,2,2,1,0.988019731444534,0.4837341703844909,False,neutral,neutral,False,,
2025-01-17,2025-01-16,6299,6289,2,2,1,0.9913418467085892,0.1991907572013075,False,neutral,neutral,False,,
2025-01-21,2025-01-17,6300,6290,2,2,0,0.9978210142107056,0.2754450688277244,False,neutral,neutral,False,,
2025-01-22,2025-01-21,6301,6291,1,1,2,0.9998628707817409,0.259629188081864,False,neutral,neutral,False,,
2025-01-23,2025-01-22,6302,6292,1,1,2,0.999990459985848,0.2139916825137932,False,neutral,neutral,False,,
2025-01-24,2025-01-23,6303,6293,2,2,0,0.9999993053273488,0.2126081768266751,False,neutral,neutral,False,,
2025-01-27,2025-01-24,6304,6294,2,2,1,0.9999997964122292,0.2051188294149893,False,neutral,neutral,False,,
2025-01-28,2025-01-27,6305,6295,1,1,2,0.9999986565111848,0.3962297454062748,False,neutral,neutral,False,,
2025-01-29,2025-01-28,6306,6296,1,1,0,0.9999847576971151,0.2507596531996642,False,neutral,neutral,False,,
2025-01-30,2025-01-29,6307,6297,1,1,2,0.9984429808026646,0.2181901548051114,False,neutral,neutral,False,,
2025-01-31,2025-01-30,6308,6298,1,1,2,0.9926290605691944,0.212077604263385,False,neutral,neutral,False,,
2025-02-03,2025-01-31,6309,6299,1,1,2,0.7424507056407462,0.2265181230624947,False,neutral,neutral,False,,
2025-02-04,2025-02-03,6310,6300,2,2,0,0.7235105315647811,0.2440554820181159,False,neutral,neutral,False,,
2025-02-05,2025-02-04,6311,6301,1,1,2,0.7539137804775562,0.2258109882780021,False,neutral,neutral,False,,
2025-02-06,2025-02-05,6312,6302,1,1,2,0.6833676917143829,0.2028655740145876,False,neutral,neutral,False,,
2025-02-07,2025-02-06,6313,6303,2,1,2,0.7864157388344639,0.3092971786170136,False,neutral,neutral,False,,
2025-02-10,2025-02-07,6314,6304,2,0,2,0.9981776568669324,0.3607429517187944,False,neutral,neutral,False,,
2025-02-11,2025-02-10,6315,6305,2,1,2,0.999999998355159,0.3334216698202722,False,neutral,neutral,False,,
2025-02-12,2025-02-11,6316,6306,2,1,2,0.9997733942842316,0.3025318491203083,False,neutral,neutral,False,,
2025-02-13,2025-02-12,6317,6307,2,1,2,0.9999787698026562,0.3129831876902813,False,neutral,neutral,False,,
2025-02-14,2025-02-13,6318,6308,2,1,2,0.6325196927932243,0.3765116383858286,False,neutral,neutral,False,,
2025-02-18,2025-02-14,6319,6309,2,1,2,0.2831057712799099,0.3026717267277494,False,neutral,neutral,False,,
2025-02-19,2025-02-18,6320,6310,2,1,2,0.4101673337522265,0.3071214505580848,False,neutral,neutral,False,,
2025-02-20,2025-02-19,6321,6311,1,2,1,0.201771029725524,0.3052122298769243,False,neutral,neutral,False,,
2025-02-21,2025-02-20,6322,6312,2,1,2,0.1956153811626767,0.3187583558664536,False,neutral,neutral,False,,
2025-02-24,2025-02-21,6323,6313,1,1,2,0.9575354826429914,0.4775229146446945,False,neutral,neutral,False,,
2025-02-25,2025-02-24,6324,6314,1,1,2,0.9889701601234956,0.2185603913178778,False,neutral,neutral,False,,
2025-02-26,2025-02-25,6325,6315,2,2,0,0.9991887570006016,0.2228704877515603,False,neutral,neutral,False,,
2025-02-27,2025-02-26,6326,6316,2,2,0,0.9998370380826104,0.1932076956830965,False,neutral,neutral,False,,
2025-02-28,2025-02-27,6327,6317,1,1,2,0.9999962863219212,0.4462731006244083,False,neutral,neutral,False,,
2025-03-03,2025-02-28,6328,6318,1,1,2,0.999996058654024,0.4104591955232786,False,neutral,neutral,False,,
2025-03-04,2025-03-03,6329,6319,2,2,0,0.9999989619177764,0.4894179606304369,False,neutral,neutral,False,,
2025-03-05,2025-03-04,6330,6320,1,1,2,0.999999723055638,0.340144543576366,False,neutral,neutral,False,,
2025-03-06,2025-03-05,6331,6321,2,2,0,0.9999975103855429,0.2895138261932768,False,neutral,neutral,False,,
2025-03-07,2025-03-06,6332,6322,1,1,2,0.9999927560110634,0.4960547603167208,False,neutral,neutral,False,,
2025-03-10,2025-03-07,6333,6323,2,2,1,0.9999883388059242,0.2140923366820591,False,neutral,neutral,False,,
2025-03-11,2025-03-10,6334,6324,2,2,1,0.9999995542307596,0.72358258414111,True,bear,neutral,True,NEUTRAL_TO_BEAR,
2025-03-12,2025-03-11,6335,6325,2,2,1,0.9999999679343514,0.2690362584562674,False,neutral,bear,True,BEAR_TO_NEUTRAL,
2025-03-13,2025-03-12,6336,6326,2,2,1,0.9999999637574594,0.2114354473021074,False,neutral,neutral,False,,
2025-03-14,2025-03-13,6337,6327,2,2,0,0.9999999940060328,0.3771702492245781,False,neutral,neutral,False,,
2025-03-17,2025-03-14,6338,6328,2,2,1,0.999999845701003,0.5508214291819916,True,bear,neutral,True,NEUTRAL_TO_BEAR,
2025-03-18,2025-03-17,6339,6329,2,2,1,0.999998818078101,0.2377809698688061,False,neutral,bear,True,BEAR_TO_NEUTRAL,
2025-03-19,2025-03-18,6340,6330,2,2,1,0.9999971452637872,0.3175729926276933,False,neutral,neutral,False,,
2025-03-20,2025-03-19,6341,6331,1,1,2,0.9998717128944128,0.2925960390702639,False,neutral,neutral,False,,
2025-03-21,2025-03-20,6342,6332,1,1,2,0.9995362171792576,0.2058679210141476,False,neutral,neutral,False,,
2025-03-24,2025-03-21,6343,6333,2,2,1,0.9832025462064052,0.2045192512726392,False,neutral,neutral,False,,
2025-03-25,2025-03-24,6344,6334,2,2,1,0.998990089140827,0.4751901382883204,False,neutral,neutral,False,,
2025-03-26,2025-03-25,6345,6335,2,2,1,0.999692592301496,0.1958645988437728,False,neutral,neutral,False,,
2025-03-27,2025-03-26,6346,6336,1,1,2,0.9995224957184125,0.3432462427239679,False,neutral,neutral,False,,
2025-03-28,2025-03-27,6347,6337,2,2,0,0.9536368318628986,0.2046054038698759,False,neutral,neutral,False,,
2025-03-31,2025-03-28,6348,6338,0,0,2,0.9963954007847056,0.5618622215541711,True,bear,neutral,True,NEUTRAL_TO_BEAR,
2025-04-01,2025-03-31,6349,6339,2,2,1,0.9984230137580976,0.2257713335076314,False,neutral,bear,True,BEAR_TO_NEUTRAL,
2025-04-02,2025-04-01,6350,6340,1,1,2,0.9984371235129064,0.197385828514409,False,neutral,neutral,False,,
2025-04-03,2025-04-02,6351,6341,1,1,2,0.9984125328864994,0.2217224079677649,False,neutral,neutral,False,,
2025-04-04,2025-04-03,6352,6342,1,1,2,0.9999995963478046,0.9840995882161244,True,bear,neutral,True,NEUTRAL_TO_BEAR,
2025-04-07,2025-04-04,6353,6343,2,2,1,0.9999999999978764,0.997497107164081,True,bear,bear,False,,
2025-04-08,2025-04-07,6354,6344,2,2,1,0.9999999999999448,0.1989593996671878,False,neutral,bear,True,BEAR_TO_NEUTRAL,
2025-04-09,2025-04-08,6355,6345,1,1,2,0.9999999999999888,0.440827848598282,False,neutral,neutral,False,,
2025-04-10,2025-04-09,6356,6346,1,1,2,0.9999999999998836,0.9999999995461212,True,bear,neutral,True,NEUTRAL_TO_BEAR,
2025-04-11,2025-04-10,6357,6347,2,2,1,0.9999999999889666,0.963739712260261,True,bear,bear,False,,
2025-04-14,2025-04-11,6358,6348,1,1,2,0.999999999971206,0.4621961714098132,False,neutral,bear,True,BEAR_TO_NEUTRAL,
2025-04-15,2025-04-14,6359,6349,1,1,2,0.999999999909981,0.260948041380965,False,neutral,neutral,False,,
2025-04-16,2025-04-15,6360,6350,1,1,2,0.9999999995709504,0.1994520569397327,False,neutral,neutral,False,,
2025-04-17,2025-04-16,6361,6351,1,1,2,0.9999999890280518,0.6202277288011372,True,bear,neutral,True,NEUTRAL_TO_BEAR,
2025-04-21,2025-04-17,6362,6352,1,1,2,0.9999999844315596,0.1876310033858256,False,neutral,bear,True,BEAR_TO_NEUTRAL,
2025-04-22,2025-04-21,6363,6353,1,1,2,0.99999996636661,0.6613248834715951,True,bear,neutral,True,NEUTRAL_TO_BEAR,
2025-04-23,2025-04-22,6364,6354,1,1,2,0.9999998259531356,0.6767913326984358,True,bear,bear,False,,
2025-04-24,2025-04-23,6365,6355,2,2,1,0.9999627453606847,0.3963695333668146,False,neutral,bear,True,BEAR_TO_NEUTRAL,
2025-04-25,2025-04-24,6366,6356,1,1,2,0.9999398528628564,0.5508109387942292,True,bear,neutral,True,NEUTRAL_TO_BEAR,
2025-04-28,2025-04-25,6367,6357,2,0,1,1.0,0.2650122093890582,False,neutral,bear,True,BEAR_TO_NEUTRAL,
2025-04-29,2025-04-28,6368,6358,1,1,2,0.9999979240446224,0.1877843653735899,False,neutral,neutral,False,,
2025-04-30,2025-04-29,6369,6359,1,1,2,0.99999953941074,0.2140933643621674,False,neutral,neutral,False,,
2025-05-01,2025-04-30,6370,6360,1,1,2,0.9999998533649688,0.1879041088645845,False,neutral,neutral,False,,
2025-05-02,2025-05-01,6371,6361,1,1,2,0.9999999073594702,0.2229249650969443,False,neutral,neutral,False,,
2025-05-05,2025-05-02,6372,6362,1,1,2,0.9999999570624812,0.3796490192275246,False,neutral,neutral,False,,
2025-05-06,2025-05-05,6373,6363,1,1,0,0.999997832920951,0.2268003059521046,False,neutral,neutral,False,,
2025-05-07,2025-05-06,6374,6364,1,1,2,0.9998980951559958,0.2652574647092601,False,neutral,neutral,False,,
2025-05-08,2025-05-07,6375,6365,1,1,2,0.9949949756151836,0.1976414917000655,False,neutral,neutral,False,,
2025-05-09,2025-05-08,6376,6366,1,1,2,0.9874166717500816,0.2218453031706611,False,neutral,neutral,False,,
2025-05-12,2025-05-09,6377,6367,1,1,2,0.9725933947301038,0.1922227386690094,False,neutral,neutral,False,,
2025-05-13,2025-05-12,6378,6368,1,1,2,0.999733138954229,0.8327099196329204,True,bear,neutral,True,NEUTRAL_TO_BEAR,
2025-05-14,2025-05-13,6379,6369,1,1,2,0.99998684527464,0.2178745067377087,False,neutral,bear,True,BEAR_TO_NEUTRAL,
2025-05-15,2025-05-14,6380,6370,1,1,2,0.9999962359496308,0.1882503063033016,False,neutral,neutral,False,,
2025-05-16,2025-05-15,6381,6371,1,1,2,0.9999987512000263,0.2024455839195663,False,neutral,neutral,False,,
2025-05-19,2025-05-16,6382,6372,1,1,2,0.9999997309544876,0.2153058241688304,False,neutral,neutral,False,,
2025-05-20,2025-05-19,6383,6373,1,1,2,0.9999998456105385,0.1883626184002407,False,neutral,neutral,False,,
2025-05-21,2025-05-20,6384,6374,2,2,1,0.9999994560050912,0.2042058468100688,False,neutral,neutral,False,,
2025-05-22,2025-05-21,6385,6375,2,2,1,0.9999936109153794,0.470092702721578,False,neutral,neutral,False,,
2025-05-23,2025-05-22,6386,6376,2,2,1,0.9998953082779994,0.1887041670914376,False,neutral,neutral,False,,
2025-05-27,2025-05-23,6387,6377,2,2,1,0.9792379437846814,0.2417324426465309,False,neutral,neutral,False,,
2025-05-28,2025-05-27,6388,6378,1,1,2,0.9734426338350628,0.5450954360673365,True,bear,neutral,True,NEUTRAL_TO_BEAR,
2025-05-29,2025-05-28,6389,6379,2,2,1,0.9724976969299696,0.2281027811750618,False,neutral,bear,True,BEAR_TO_NEUTRAL,
2025-05-30,2025-05-29,6390,6380,2,2,1,0.9732824819150304,0.1969282614046218,False,neutral,neutral,False,,
2025-06-02,2025-05-30,6391,6381,2,2,1,0.97180913724799,0.1922727218622448,False,neutral,neutral,False,,
2025-06-03,2025-06-02,6392,6382,2,2,0,0.9626140282447332,0.2090642528325099,False,neutral,neutral,False,,
2025-06-04,2025-06-03,6393,6383,2,2,1,0.973145392447522,0.2097997782122673,False,neutral,neutral,False,,
2025-06-05,2025-06-04,6394,6384,2,2,1,0.9857227845975488,0.1901239728644325,False,neutral,neutral,False,,
2025-06-06,2025-06-05,6395,6385,1,1,2,0.9766524781473236,0.2178700515852454,False,neutral,neutral,False,,
2025-06-09,2025-06-06,6396,6386,2,2,1,0.9823371012675208,0.2736142253856625,False,neutral,neutral,False,,
2025-06-10,2025-06-09,6397,6387,1,1,2,0.7461987352824943,0.1891329063197644,False,neutral,neutral,False,,
2025-06-11,2025-06-10,6398,6388,2,2,1,0.9506825742234626,0.2098500787801905,False,neutral,neutral,False,,
2025-06-12,2025-06-11,6399,6389,2,2,1,0.92065202051801,0.2014952685545049,False,neutral,neutral,False,,
2025-06-13,2025-06-12,6400,6390,2,2,1,0.9282358080729975,0.1977608717261174,False,neutral,neutral,False,,
2025-06-16,2025-06-13,6401,6391,1,1,2,0.631891628356813,0.3227369934666567,False,neutral,neutral,False,,
2025-06-17,2025-06-16,6402,6392,2,2,1,0.4319124006474683,0.2602674049945823,False,neutral,neutral,False,,
2025-06-18,2025-06-17,6403,6393,2,1,2,0.654700635795849,0.3540113796703849,False,neutral,neutral,False,,
2025-06-20,2025-06-18,6404,6394,1,2,1,0.7530320207003073,0.3020981062548402,False,neutral,neutral,False,,
2025-06-23,2025-06-20,6405,6395,2,1,2,0.9033227251260572,0.3260250667810037,False,neutral,neutral,False,,
2025-06-24,2025-06-23,6406,6396,1,2,1,0.9032839541828028,0.3711892380841238,False,neutral,neutral,False,,
2025-06-25,2025-06-24,6407,6397,2,1,2,0.4075641533271401,0.3863888259396172,False,neutral,neutral,False,,
2025-06-26,2025-06-25,6408,6398,2,1,2,0.1723731919614222,0.3022321439826814,False,neutral,neutral,False,,
2025-06-27,2025-06-26,6409,6399,1,1,2,0.9826128989781534,0.2340688159244611,False,neutral,neutral,False,,
2025-06-30,2025-06-27,6410,6400,2,2,1,0.9981992429227848,0.2043598904529517,False,neutral,neutral,False,,
2025-07-01,2025-06-30,6411,6401,2,2,1,0.9996297834294672,0.2030716281396155,False,neutral,neutral,False,,
2025-07-02,2025-07-01,6412,6402,2,2,0,0.9998856569503374,0.1911407360700845,False,neutral,neutral,False,,
2025-07-03,2025-07-02,6413,6403,1,1,2,0.9999315743006868,0.2015155394398717,False,neutral,neutral,False,,
2025-07-07,2025-07-03,6414,6404,1,1,2,0.9999583125271886,0.235242220575247,False,neutral,neutral,False,,
2025-07-08,2025-07-07,6415,6405,1,1,2,0.9994651948243984,0.2523373764212661,False,neutral,neutral,False,,
2025-07-09,2025-07-08,6416,6406,1,1,2,0.9931003422592736,0.191841524957771,False,neutral,neutral,False,,
2025-07-10,2025-07-09,6417,6407,1,1,2,0.9814466457462278,0.2135849359857466,False,neutral,neutral,False,,
2025-07-11,2025-07-10,6418,6408,2,2,0,0.8764617574234356,0.1933181073682538,False,neutral,neutral,False,,
2025-07-14,2025-07-11,6419,6409,2,2,0,0.4443352643301628,0.2072859054597416,False,neutral,neutral,False,,
2025-07-15,2025-07-14,6420,6410,2,1,2,0.9259990778899322,0.3032834611347403,False,neutral,neutral,False,,
2025-07-16,2025-07-15,6421,6411,0,1,0,0.9992077997306186,0.3182125188189332,False,neutral,neutral,False,,
2025-07-17,2025-07-16,6422,6412,2,1,2,1.0,0.308522147584547,False,neutral,neutral,False,,
2025-07-18,2025-07-17,6423,6413,2,1,2,1.0,0.3281341175836795,False,neutral,neutral,False,,
2025-07-21,2025-07-18,6424,6414,2,1,2,0.9999387812903674,0.3031868409239811,False,neutral,neutral,False,,
2025-07-22,2025-07-21,6425,6415,2,1,2,0.9991406229723216,0.3036476890563548,False,neutral,neutral,False,,
2025-07-23,2025-07-22,6426,6416,2,1,2,1.0,0.3020254054100919,False,neutral,neutral,False,,
2025-07-24,2025-07-23,6427,6417,2,1,2,0.6603305026687791,0.3533253700573759,False,neutral,neutral,False,,
2025-07-25,2025-07-24,6428,6418,2,1,2,0.2163717701746682,0.3024179066046846,False,neutral,neutral,False,,
2025-07-28,2025-07-25,6429,6419,1,1,2,0.937982844780081,0.1999432915290572,False,neutral,neutral,False,,
2025-07-29,2025-07-28,6430,6420,1,1,2,0.9666128821088718,0.1914288590301044,False,neutral,neutral,False,,
2025-07-30,2025-07-29,6431,6421,1,1,0,0.8876891697822027,0.2012926909694128,False,neutral,neutral,False,,
2025-07-31,2025-07-30,6432,6422,2,2,0,0.581141512584656,0.1944905353189918,False,neutral,neutral,False,,
2025-08-01,2025-07-31,6433,6423,2,1,2,0.6637603119452957,0.3149326857229248,False,neutral,neutral,False,,
2025-08-04,2025-08-01,6434,6424,1,1,0,0.9228688603981398,0.4574239137911911,False,neutral,neutral,False,,
2025-08-05,2025-08-04,6435,6425,1,1,2,0.8988237246174126,0.3918171669698222,False,neutral,neutral,False,,
2025-08-06,2025-08-05,6436,6426,1,1,2,0.9144821314123188,0.2220781009933079,False,neutral,neutral,False,,
2025-08-07,2025-08-06,6437,6427,1,1,2,0.9085605814046736,0.2328730302692202,False,neutral,neutral,False,,
2025-08-08,2025-08-07,6438,6428,1,1,2,0.8989097652837652,0.1933632411353784,False,neutral,neutral,False,,
2025-08-11,2025-08-08,6439,6429,1,1,2,0.9006170233600197,0.2348520373325409,False,neutral,neutral,False,,
2025-08-12,2025-08-11,6440,6430,1,1,2,0.8787300288164416,0.1981219192724553,False,neutral,neutral,False,,
2025-08-13,2025-08-12,6441,6431,1,1,2,0.982770594869766,0.28244951589853,False,neutral,neutral,False,,
2025-08-14,2025-08-13,6442,6432,0,0,2,0.9976109083689284,0.1964915404162236,False,neutral,neutral,False,,
2025-08-15,2025-08-14,6443,6433,1,1,2,0.999295512120813,0.1916146267182656,False,neutral,neutral,False,,
2025-08-18,2025-08-15,6444,6434,1,1,2,0.9948774331782108,0.200317410499618,False,neutral,neutral,False,,
2025-08-19,2025-08-18,6445,6435,1,1,2,0.9934296645413072,0.1922802587643943,False,neutral,neutral,False,,
2025-08-20,2025-08-19,6446,6436,1,1,2,0.940604367349628,0.2266263997184983,False,neutral,neutral,False,,
2025-08-21,2025-08-20,6447,6437,1,1,2,0.8232489319121018,0.202410518687922,False,neutral,neutral,False,,
2025-08-22,2025-08-21,6448,6438,1,1,2,0.5120045816509273,0.2126022862067552,False,neutral,neutral,False,,
2025-08-25,2025-08-22,6449,6439,2,1,2,0.4470221299858624,0.4295064538897173,False,neutral,neutral,False,,
2025-08-26,2025-08-25,6450,6440,0,2,0,0.827893447142607,0.3186756504470736,False,neutral,neutral,False,,
2025-08-27,2025-08-26,6451,6441,2,1,2,0.7286165398118665,0.3129405513972347,False,neutral,neutral,False,,
2025-08-28,2025-08-27,6452,6442,2,1,2,0.5882621773322039,0.3043763713902879,False,neutral,neutral,False,,
2025-08-29,2025-08-28,6453,6443,2,1,2,0.2732121462766639,0.3093580262258137,False,neutral,neutral,False,,
2025-09-02,2025-08-29,6454,6444,2,1,2,0.247807202685296,0.3304421711834267,False,neutral,neutral,False,,
2025-09-03,2025-09-02,6455,6445,2,1,2,0.2143324153854682,0.3432869149153572,False,neutral,neutral,False,,
2025-09-04,2025-09-03,6456,6446,2,1,2,0.2672193234859115,0.3217021398518399,False,neutral,neutral,False,,
2025-09-05,2025-09-04,6457,6447,2,1,2,0.2766668101180771,0.3512167588729633,False,neutral,neutral,False,,
2025-09-08,2025-09-05,6458,6448,2,1,2,0.9937643566119008,0.3104531598108227,False,neutral,neutral,False,,
2025-09-09,2025-09-08,6459,6449,2,1,2,0.955046897867025,0.3049486332605711,False,neutral,neutral,False,,
2025-09-10,2025-09-09,6460,6450,2,1,2,0.9271901494459612,0.3051846228280899,False,neutral,neutral,False,,
2025-09-11,2025-09-10,6461,6451,2,1,2,0.6597173589099816,0.3070087114234772,False,neutral,neutral,False,,
2025-09-12,2025-09-11,6462,6452,1,1,0,0.9228036376852676,0.242320598740181,False,neutral,neutral,False,,
2025-09-15,2025-09-12,6463,6453,1,1,2,0.9816617451750668,0.1923101266760275,False,neutral,neutral,False,,
2025-09-16,2025-09-15,6464,6454,1,1,2,0.9957539633967146,0.2085968300125961,False,neutral,neutral,False,,
2025-09-17,2025-09-16,6465,6455,1,1,2,0.989144569023338,0.1956426405308221,False,neutral,neutral,False,,
2025-09-18,2025-09-17,6466,6456,1,1,2,0.9676771018890774,0.1951929405377971,False,neutral,neutral,False,,
2025-09-19,2025-09-18,6467,6457,1,1,2,0.9774897738699424,0.2038928540188237,False,neutral,neutral,False,,
2025-09-22,2025-09-19,6468,6458,1,1,2,0.9598027392682184,0.1926820682257314,False,neutral,neutral,False,,
2025-09-23,2025-09-22,6469,6459,1,1,2,0.9489798838741332,0.2044420876378977,False,neutral,neutral,False,,
2025-09-24,2025-09-23,6470,6460,1,1,0,0.7271733638022766,0.2270167004280333,False,neutral,neutral,False,,
2025-09-25,2025-09-24,6471,6461,2,1,2,0.9725226864724836,0.3119011854469619,False,neutral,neutral,False,,
2025-09-26,2025-09-25,6472,6462,2,1,2,0.9835456089831416,0.3205112095100598,False,neutral,neutral,False,,
2025-09-29,2025-09-26,6473,6463,2,1,2,1.0,0.3244954864468971,False,neutral,neutral,False,,
2025-09-30,2025-09-29,6474,6464,1,2,1,0.9999992785289924,0.3066910395029979,False,neutral,neutral,False,,
2025-10-01,2025-09-30,6475,6465,2,1,2,0.9940535661125484,0.3108594257744148,False,neutral,neutral,False,,
2025-10-02,2025-10-01,6476,6466,0,2,0,0.9329104042977991,0.3094344998862279,False,neutral,neutral,False,,
2025-10-03,2025-10-02,6477,6467,2,1,2,0.6639642048308811,0.3026283280185204,False,neutral,neutral,False,,
2025-10-06,2025-10-03,6478,6468,1,2,1,0.4265630516711584,0.3024144421340236,False,neutral,neutral,False,,
2025-10-07,2025-10-06,6479,6469,2,1,2,0.1709316392229837,0.3103839044186365,False,neutral,neutral,False,,
2025-10-08,2025-10-07,6480,6470,2,2,1,0.8560721337042245,0.209530264256311,False,neutral,neutral,False,,
2025-10-09,2025-10-08,6481,6471,1,1,0,0.9016468018379936,0.2147341999537408,False,neutral,neutral,False,,
2025-10-10,2025-10-09,6482,6472,2,2,0,0.3797506894334689,0.2038464258928084,False,neutral,neutral,False,,
2025-10-13,2025-10-10,6483,6473,1,1,2,0.9863127003450536,0.7329339022247536,True,bear,neutral,True,NEUTRAL_TO_BEAR,
2025-10-14,2025-10-13,6484,6474,1,1,2,0.987421449984202,0.3971211951728095,False,neutral,bear,True,BEAR_TO_NEUTRAL,
2025-10-15,2025-10-14,6485,6475,1,1,2,0.9913603768541824,0.1954820763905043,False,neutral,neutral,False,,
2025-10-16,2025-10-15,6486,6476,1,1,2,0.9914013062366472,0.2027410185015487,False,neutral,neutral,False,,
2025-10-17,2025-10-16,6487,6477,2,2,1,0.9938685609020438,0.2447250748713733,False,neutral,neutral,False,,
2025-10-20,2025-10-17,6488,6478,1,1,2,0.9927388635467476,0.2123444273689551,False,neutral,neutral,False,,
2025-10-21,2025-10-20,6489,6479,1,1,2,0.9923185045154932,0.2789091673806848,False,neutral,neutral,False,,
2025-10-22,2025-10-21,6490,6480,1,1,2,0.994334831686116,0.1925767230315229,False,neutral,neutral,False,,
2025-10-23,2025-10-22,6491,6481,2,2,1,0.9868666000060254,0.2247573293311947,False,neutral,neutral,False,,
2025-10-24,2025-10-23,6492,6482,2,2,1,0.9884108287822267,0.2149358946294495,False,neutral,neutral,False,,
2025-10-27,2025-10-24,6493,6483,1,1,2,0.969967381232017,0.2416164261608186,False,neutral,neutral,False,,
2025-10-28,2025-10-27,6494,6484,2,2,1,0.9990557309459008,0.3084487485947228,False,neutral,neutral,False,,
2025-10-29,2025-10-28,6495,6485,2,2,1,0.9998388376644296,0.1948657555833224,False,neutral,neutral,False,,
2025-10-30,2025-10-29,6496,6486,1,1,2,0.999944788940151,0.1924034127651464,False,neutral,neutral,False,,
2025-10-31,2025-10-30,6497,6487,1,1,2,0.9997148937515856,0.3211054545342542,False,neutral,neutral,False,,
2025-11-03,2025-10-31,6498,6488,2,2,1,0.9987926255296368,0.1972879233711802,False,neutral,neutral,False,,
2025-11-04,2025-11-03,6499,6489,1,1,2,0.9982197324128912,0.1931918151411602,False,neutral,neutral,False,,
2025-11-05,2025-11-04,6500,6490,1,1,2,0.9966893153058618,0.3407252122020406,False,neutral,neutral,False,,
2025-11-06,2025-11-05,6501,6491,1,1,2,0.9669141321771044,0.1982706629462077,False,neutral,neutral,False,,
2025-11-07,2025-11-06,6502,6492,1,1,2,0.9800236099606878,0.3156035854145934,False,neutral,neutral,False,,
2025-11-10,2025-11-07,6503,6493,1,1,2,0.9940795371911266,0.1925885916248854,False,neutral,neutral,False,,
2025-11-11,2025-11-10,6504,6494,1,1,2,0.9910744274930812,0.4053353431267025,False,neutral,neutral,False,,
2025-11-12,2025-11-11,6505,6495,1,1,2,0.9809784769318936,0.1943546622244666,False,neutral,neutral,False,,
2025-11-13,2025-11-12,6506,6496,1,1,2,0.9501111627208016,0.1929053322362561,False,neutral,neutral,False,,
2025-11-14,2025-11-13,6507,6497,1,1,0,0.9755274245577884,0.4642369530227086,False,neutral,neutral,False,,
2025-11-17,2025-11-14,6508,6498,1,1,2,0.9790788504178072,0.1938849099576882,False,neutral,neutral,False,,
2025-11-18,2025-11-17,6509,6499,1,1,0,0.991428720868776,0.2872772961440394,False,neutral,neutral,False,,
2025-11-19,2025-11-18,6510,6500,2,2,1,0.9993370609961728,0.2708648557193048,False,neutral,neutral,False,,
2025-11-20,2025-11-19,6511,6501,1,1,2,0.9997096600911122,0.2007981708638142,False,neutral,neutral,False,,
2025-11-21,2025-11-20,6512,6502,1,1,2,0.9999804046124952,0.4278335914608876,False,neutral,neutral,False,,
2025-11-24,2025-11-21,6513,6503,2,2,0,0.9999904396459052,0.2719188081913179,False,neutral,neutral,False,,
2025-11-25,2025-11-24,6514,6504,1,1,0,0.999972304308851,0.3814090925814711,False,neutral,neutral,False,,
2025-11-26,2025-11-25,6515,6505,1,1,2,0.9998917418397428,0.2620853408924166,False,neutral,neutral,False,,
2025-11-28,2025-11-26,6516,6506,1,1,2,0.9997237767926912,0.2264230529739601,False,neutral,neutral,False,,
2025-12-01,2025-11-28,6517,6507,1,1,2,0.9999593604318846,0.212077564806729,False,neutral,neutral,False,,
2025-12-02,2025-12-01,6518,6508,2,2,0,0.999983183244019,0.21970280767389,False,neutral,neutral,False,,
2025-12-03,2025-12-02,6519,6509,2,2,0,0.999992395256401,0.1942242122644826,False,neutral,neutral,False,,
2025-12-04,2025-12-03,6520,6510,1,1,2,0.9999933934088692,0.1992943261181134,False,neutral,neutral,False,,
2025-12-05,2025-12-04,6521,6511,1,1,2,0.9999929904117746,0.1936087705102086,False,neutral,neutral,False,,
2025-12-08,2025-12-05,6522,6512,1,1,2,0.9997781009429452,0.1951222468017739,False,neutral,neutral,False,,
2025-12-09,2025-12-08,6523,6513,1,1,2,0.9652487272979428,0.2092176269007636,False,neutral,neutral,False,,
2025-12-10,2025-12-09,6524,6514,2,1,2,0.9014031342485662,0.3026484230507842,False,neutral,neutral,False,,
2025-12-11,2025-12-10,6525,6515,2,1,2,1.0,0.3317972832566145,False,neutral,neutral,False,,
2025-12-12,2025-12-11,6526,6516,2,1,2,0.999365592360431,0.3043772800277468,False,neutral,neutral,False,,
2025-12-15,2025-12-12,6527,6517,2,1,2,0.9940551155751036,0.3725671327535155,False,neutral,neutral,False,,
2025-12-16,2025-12-15,6528,6518,2,1,2,0.9982275236320868,0.304509339949377,False,neutral,neutral,False,,
2025-12-17,2025-12-16,6529,6519,0,2,0,0.9110098906768628,0.3090060768034613,False,neutral,neutral,False,,
2025-12-18,2025-12-17,6530,6520,1,1,2,0.9515814491622516,0.322690295334216,False,neutral,neutral,False,,
2025-12-19,2025-12-18,6531,6521,1,1,0,0.9723165820166288,0.2349577351668701,False,neutral,neutral,False,,
2025-12-22,2025-12-19,6532,6522,1,1,0,0.9613101331904648,0.2184626355546823,False,neutral,neutral,False,,
2025-12-23,2025-12-22,6533,6523,2,2,0,0.966117688043252,0.2199205348839416,False,neutral,neutral,False,,
2025-12-24,2025-12-23,6534,6524,1,1,2,0.9828610394241376,0.2060965767903408,False,neutral,neutral,False,,
2025-12-26,2025-12-24,6535,6525,1,1,2,0.9909247867134844,0.2001698896328423,False,neutral,neutral,False,,
2025-12-29,2025-12-26,6536,6526,1,1,2,0.9930627304010348,0.1951446201735105,False,neutral,neutral,False,,
2025-12-30,2025-12-29,6537,6527,2,2,0,0.9952817051489616,0.2118033526956631,False,neutral,neutral,False,,
2025-12-31,2025-12-30,6538,6528,1,1,2,0.9957695379940452,0.1983355050488376,False,neutral,neutral,False,,
2026-01-02,2025-12-31,6539,6529,2,2,0,0.9943579114806996,0.2561808550610374,False,neutral,neutral,False,,
2026-01-05,2026-01-02,6540,6530,1,1,0,0.8766983483279774,0.195245129508789,False,neutral,neutral,False,,
2026-01-06,2026-01-05,6541,6531,1,1,0,0.2739981073327272,0.2250214223660662,False,neutral,neutral,False,,
2026-01-07,2026-01-06,6542,6532,2,1,2,0.8608705560116788,0.3253458324624042,False,neutral,neutral,False,,
2026-01-08,2026-01-07,6543,6533,0,2,0,0.890115922218527,0.3112529075177742,False,neutral,neutral,False,,
2026-01-09,2026-01-08,6544,6534,0,2,0,0.8646989002498436,0.3015730039894475,False,neutral,neutral,False,,
2026-01-12,2026-01-09,6545,6535,0,2,0,0.5182165096279976,0.3300886592845296,False,neutral,neutral,False,,
2026-01-13,2026-01-12,6546,6536,2,1,2,0.2028021325417208,0.3023977253258475,False,neutral,neutral,False,,
2026-01-14,2026-01-13,6547,6537,1,1,2,0.8749798050300093,0.2015483924025441,False,neutral,neutral,False,,
2026-01-15,2026-01-14,6548,6538,1,1,2,0.8580920921722978,0.2238371646899815,False,neutral,neutral,False,,
2026-01-16,2026-01-15,6549,6539,2,1,2,0.6294125279097468,0.305277205139354,False,neutral,neutral,False,,
2026-01-20,2026-01-16,6550,6540,2,1,2,1.0,0.3037208478877579,False,neutral,neutral,False,,
2026-01-21,2026-01-20,6551,6541,1,1,2,0.9417953240752776,0.5677348049222796,True,bear,neutral,True,NEUTRAL_TO_BEAR,
2026-01-22,2026-01-21,6552,6542,1,1,2,0.962043623924836,0.3061308874171277,False,neutral,bear,True,BEAR_TO_NEUTRAL,
2026-01-23,2026-01-22,6553,6543,1,1,2,0.962611355214988,0.2117959098221108,False,neutral,neutral,False,,
2026-01-26,2026-01-23,6554,6544,1,1,2,0.9628271331765904,0.1949436621115786,False,neutral,neutral,False,,
2026-01-27,2026-01-26,6555,6545,1,1,2,0.9549635339725094,0.2107776434224833,False,neutral,neutral,False,,
2026-01-28,2026-01-27,6556,6546,1,1,2,0.9581878235765634,0.2034952819491955,False,neutral,neutral,False,,
2026-01-29,2026-01-28,6557,6547,1,1,0,0.9692165677628451,0.1957336167853678,False,neutral,neutral,False,,
2026-01-30,2026-01-29,6558,6548,1,1,2,0.976931529100882,0.2020850724546712,False,neutral,neutral,False,,
2026-02-02,2026-01-30,6559,6549,1,1,2,0.9765200220279462,0.2080110737146813,False,neutral,neutral,False,,
2026-02-03,2026-02-02,6560,6550,1,1,2,0.9844238477871308,0.2102750921511698,False,neutral,neutral,False,,
2026-02-04,2026-02-03,6561,6551,1,1,2,0.3108721022644972,0.2731341324102043,False,neutral,neutral,False,,
2026-02-05,2026-02-04,6562,6552,2,1,2,0.7905408174068855,0.3223897899298188,False,neutral,neutral,False,,
2026-02-06,2026-02-05,6563,6553,2,2,0,0.9813408940358206,0.3570820595389321,False,neutral,neutral,False,,
2026-02-09,2026-02-06,6564,6554,1,1,2,0.9805007473326685,0.5066474680443058,True,bear,neutral,True,NEUTRAL_TO_BEAR,
2026-02-10,2026-02-09,6565,6555,1,1,2,0.9825120288626772,0.2094477620684839,False,neutral,bear,True,BEAR_TO_NEUTRAL,
2026-02-11,2026-02-10,6566,6556,1,1,2,0.9750426758244048,0.2061261782501299,False,neutral,neutral,False,,
2026-02-12,2026-02-11,6567,6557,1,1,2,0.9621194157058393,0.1965275591050643,False,neutral,neutral,False,,
2026-02-13,2026-02-12,6568,6558,1,1,2,0.985588180572456,0.4334179100068744,False,neutral,neutral,False,,
2026-02-17,2026-02-13,6569,6559,1,1,2,0.991671082774439,0.1955755508137021,False,neutral,neutral,False,,
2026-02-18,2026-02-17,6570,6560,1,1,2,0.9831239548997768,0.1960947851483316,False,neutral,neutral,False,,
2026-02-19,2026-02-18,6571,6561,1,1,2,0.9806081621731834,0.2114549661080438,False,neutral,neutral,False,,
2026-02-20,2026-02-19,6572,6562,1,1,0,0.9817984062600076,0.2065652216632555,False,neutral,neutral,False,,
2026-02-23,2026-02-20,6573,6563,2,2,1,0.9130716241682568,0.2335295397933048,False,neutral,neutral,False,,
2026-02-24,2026-02-23,6574,6564,2,2,1,0.9287928455732992,0.3067573062552716,False,neutral,neutral,False,,
2026-02-25,2026-02-24,6575,6565,2,2,1,0.7372133761838742,0.2340749630196368,False,neutral,neutral,False,,
2026-02-26,2026-02-25,6576,6566,1,1,2,0.8092670303238416,0.2502084628235795,False,neutral,neutral,False,,
2026-02-27,2026-02-26,6577,6567,1,1,2,0.6622526706573738,0.2327695369795127,False,neutral,neutral,False,,
2026-03-02,2026-02-27,6578,6568,2,2,1,0.4428184376390406,0.2243778916855476,False,neutral,neutral,False,,
2026-03-03,2026-03-02,6579,6569,1,2,1,0.8031168412400319,0.3014697965328066,False,neutral,neutral,False,,
2026-03-04,2026-03-03,6580,6570,1,2,1,0.5339035553596644,0.3559515481770301,False,neutral,neutral,False,,
2026-03-05,2026-03-04,6581,6571,2,1,2,0.5182599072407504,0.3350034937339863,False,neutral,neutral,False,,
2026-03-06,2026-03-05,6582,6572,2,1,2,0.3246390952557998,0.3282463199791234,False,neutral,neutral,False,,
2026-03-09,2026-03-06,6583,6573,1,1,2,0.983966938027286,0.3715313438728862,False,neutral,neutral,False,,
2026-03-10,2026-03-09,6584,6574,1,1,2,0.9902945198514684,0.2545914280652926,False,neutral,neutral,False,,
2026-03-11,2026-03-10,6585,6575,2,2,0,0.993214103776912,0.2009548626314346,False,neutral,neutral,False,,
2026-03-12,2026-03-11,6586,6576,1,1,2,0.971626716227464,0.1996261360415549,False,neutral,neutral,False,,
2026-03-13,2026-03-12,6587,6577,1,1,2,0.9951322229846562,0.4256674758089797,False,neutral,neutral,False,,
2026-03-16,2026-03-13,6588,6578,2,2,1,0.999342943957802,0.2331653735157975,False,neutral,neutral,False,,
2026-03-17,2026-03-16,6589,6579,1,1,2,0.9986186707563552,0.2792522212110216,False,neutral,neutral,False,,
2026-03-18,2026-03-17,6590,6580,1,1,2,0.9982005020781152,0.198700596096973,False,neutral,neutral,False,,
2026-03-19,2026-03-18,6591,6581,1,1,2,0.9974836669838736,0.3933864253328487,False,neutral,neutral,False,,
2026-03-20,2026-03-19,6592,6582,2,2,0,0.9973131706523226,0.2056373913027348,False,neutral,neutral,False,,
