decision_date,last_bar_used,n_bars,n_obs,today_regime,bear_state,bull_state,vol_ratio,ret_ratio,confidence_pass,raw_decision,previous_raw_decision,decision_changed,transition_type,error
2000-03-17,2000-03-16,52,42,0,2,0,0.8505691437039795,0.9721492591879601,True,bull,neutral,True,NEUTRAL_TO_BULL,
2000-03-20,2000-03-17,53,43,1,0,1,0.9977018936589125,0.2505667410434089,False,neutral,bull,True,BULL_TO_NEUTRAL,
2000-03-23,2000-03-22,56,46,1,0,1,0.981351657968793,0.6287965136804485,True,bull,neutral,True,NEUTRAL_TO_BULL,
2000-03-28,2000-03-27,59,49,1,0,2,0.9999999999575919,0.2376296980656242,False,neutral,bull,True,BULL_TO_NEUTRAL,
2000-03-31,2000-03-30,62,52,2,2,0,1.0,0.6291999003680284,True,bear,neutral,True,NEUTRAL_TO_BEAR,
2000-04-03,2000-03-31,63,53,2,2,0,1.0,0.3013069652381315,False,neutral,bear,True,BEAR_TO_NEUTRAL,
2000-04-14,2000-04-13,72,62,0,0,2,1.0,0.6675230392851605,True,bear,neutral,True,NEUTRAL_TO_BEAR,
2000-04-17,2000-04-14,73,63,2,0,1,0.14367509840663362,0.9995996615324336,False,neutral,bear,True,BEAR_TO_NEUTRAL,
2000-04-18,2000-04-17,74,64,2,1,2,0.9999999696650884,0.8548191899958624,True,bull,neutral,True,NEUTRAL_TO_BULL,
2000-04-20,2000-04-19,76,66,2,1,2,0.9986647365960795,0.2395760569554296,False,neutral,bull,True,BULL_TO_NEUTRAL,
2000-05-11,2000-05-10,90,80,2,2,1,0.7092104947602844,0.5473886159122213,True,bear,neutral,True,NEUTRAL_TO_BEAR,
2000-05-12,2000-05-11,91,81,2,2,1,0.9080321814108623,0.26619245052033313,False,neutral,bear,True,BEAR_TO_NEUTRAL,
2000-05-19,2000-05-18,96,86,0,1,2,0.8856184659245754,0.7144745014171312,True,bull,neutral,True,NEUTRAL_TO_BULL,
2000-05-23,2000-05-22,98,88,1,1,0,0.9976359941459029,0.40838915215928157,False,neutral,bull,True,BULL_TO_NEUTRAL,
2000-05-26,2000-05-25,101,91,0,0,1,0.49545896739075296,0.7532106083719775,True,bear,neutral,True,NEUTRAL_TO_BEAR,
2000-05-30,2000-05-26,102,92,0,2,1,0.9799781294719816,0.3533064836846889,False,neutral,bear,True,BEAR_TO_NEUTRAL,
2000-06-09,2000-06-08,110,100,2,2,0,0.6869690982335814,0.6836850682375508,True,bear,neutral,True,NEUTRAL_TO_BEAR,
2000-06-12,2000-06-09,111,101,1,2,0,0.4814729265277397,0.224527947772208,False,neutral,bear,True,BEAR_TO_NEUTRAL,
2000-06-15,2000-06-14,114,104,0,2,1,0.9752705256232311,0.612057090235556,True,bull,neutral,True,NEUTRAL_TO_BULL,
2000-06-16,2000-06-15,115,105,0,2,1,1.0,0.3952315911191992,False,neutral,bull,True,BULL_TO_NEUTRAL,
2000-06-28,2000-06-27,123,113,1,0,2,0.8551884949760753,0.506997537853121,True,bull,neutral,True,NEUTRAL_TO_BULL,
2000-06-29,2000-06-28,124,114,0,0,1,0.9999675151665305,0.3772472226384661,False,neutral,bull,True,BULL_TO_NEUTRAL,
2000-07-06,2000-07-05,128,118,1,1,0,1.0,0.7969877089578868,True,bear,neutral,True,NEUTRAL_TO_BEAR,
2000-07-07,2000-07-06,129,119,1,1,0,1.0,0.39386348571600704,False,neutral,bear,True,BEAR_TO_NEUTRAL,
2000-08-22,2000-08-21,161,151,2,0,1,1.0,0.5895866571352727,True,bull,neutral,True,NEUTRAL_TO_BULL,
2000-08-23,2000-08-22,162,152,1,0,2,0.9438473212588876,0.46377198357761384,False,neutral,bull,True,BULL_TO_NEUTRAL,
2000-08-24,2000-08-23,163,153,1,0,2,1.0,0.5953288686590013,True,bull,neutral,True,NEUTRAL_TO_BULL,
2000-08-28,2000-08-25,165,155,2,0,1,1.0,0.2990163779214745,False,neutral,bull,True,BULL_TO_NEUTRAL,
2000-09-12,2000-09-11,175,165,0,1,2,0.9743173064486246,0.5043287793154827,True,bull,neutral,True,NEUTRAL_TO_BULL,
2000-09-13,2000-09-12,176,166,0,1,2,0.9414795887011811,0.44137834349103844,False,neutral,bull,True,BULL_TO_NEUTRAL,
2000-09-22,2000-09-21,183,173,1,1,2,0.8672709828031268,0.5067863844263252,True,bear,neutral,True,NEUTRAL_TO_BEAR,
2000-09-25,2000-09-22,184,174,2,2,1,0.9863248047996465,0.36905165723780115,False,neutral,bear,True,BEAR_TO_NEUTRAL,
2000-10-11,2000-10-10,196,186,2,2,1,1.0,0.5122699287577291,True,bear,neutral,True,NEUTRAL_TO_BEAR,
2000-10-12,2000-10-11,197,187,2,2,1,0.15934216308446955,0.35721619969275,False,neutral,bear,True,BEAR_TO_NEUTRAL,
2000-10-16,2000-10-13,199,189,0,2,1,0.35150111931259037,0.7197786728942551,True,bull,neutral,True,NEUTRAL_TO_BULL,
2000-10-17,2000-10-16,200,190,2,0,1,0.9705335341715929,0.2838571201670607,False,neutral,bull,True,BULL_TO_NEUTRAL,
2000-11-24,2000-11-22,227,217,0,0,1,0.49079283440829413,0.747564910916266,True,bear,neutral,True,NEUTRAL_TO_BEAR,
2000-11-27,2000-11-24,228,218,1,1,2,0.9942179699680076,0.37598124333827293,False,neutral,bear,True,BEAR_TO_NEUTRAL,
2000-11-30,2000-11-29,231,221,0,2,1,0.41604583930761896,0.6077425976984752,True,bull,neutral,True,NEUTRAL_TO_BULL,
2000-12-01,2000-11-30,232,222,2,2,1,0.5259473163641076,0.5542755336795626,True,bear,bull,True,BULL_TO_BEAR,
2000-12-04,2000-12-01,233,223,0,2,1,0.5131964743831436,0.6915946028188809,True,bull,bear,True,BEAR_TO_BULL,
2000-12-06,2000-12-05,235,225,1,1,2,0.9999999999999648,0.12393079851993995,False,neutral,bull,True,BULL_TO_NEUTRAL,
2000-12-21,2000-12-20,246,236,2,0,1,0.881836561377902,0.6244643470270992,True,bull,neutral,True,NEUTRAL_TO_BULL,
2000-12-22,2000-12-21,247,237,1,2,1,1.0,0.26677867708217495,False,neutral,bull,True,BULL_TO_NEUTRAL,
2000-12-26,2000-12-22,248,238,1,0,1,0.7294201113802905,0.6062335019913642,True,bull,neutral,True,NEUTRAL_TO_BULL,
2000-12-27,2000-12-26,249,239,1,2,1,0.507527117938862,0.46940790776287084,False,neutral,bull,True,BULL_TO_NEUTRAL,
2001-02-22,2001-02-21,287,277,2,2,1,0.7094830613015467,0.5403092170104333,True,bear,neutral,True,NEUTRAL_TO_BEAR,
2001-02-23,2001-02-22,288,278,2,2,1,0.24739394141976992,0.3033185146808964,False,neutral,bear,True,BEAR_TO_NEUTRAL,
2001-02-27,2001-02-26,290,280,2,0,2,0.9880829947399785,0.5849616515348272,True,bull,neutral,True,NEUTRAL_TO_BULL,
2001-02-28,2001-02-27,291,281,2,1,2,1.0,0.22832682536374485,False,neutral,bull,True,BULL_TO_NEUTRAL,
2001-03-20,2001-03-19,305,295,2,0,2,1.0,0.5404139225392592,True,bull,neutral,True,NEUTRAL_TO_BULL,
2001-03-21,2001-03-20,306,296,2,0,2,1.0,0.49291602294254755,False,neutral,bull,True,BULL_TO_NEUTRAL,
2001-03-26,2001-03-23,309,299,2,0,2,0.4825296598657884,0.7566488890665699,True,bull,neutral,True,NEUTRAL_TO_BULL,
2001-03-27,2001-03-26,310,300,2,0,2,0.31784387203964726,0.35171134742208354,False,neutral,bull,True,BULL_TO_NEUTRAL,
2001-03-29,2001-03-28,312,302,1,1,2,0.6851494910135308,0.7570194794880762,True,bear,neutral,True,NEUTRAL_TO_BEAR,
2001-03-30,2001-03-29,313,303,0,1,2,0.47189267689419573,0.4923692777989428,False,neutral,bear,True,BEAR_TO_NEUTRAL,
2001-04-19,2001-04-18,326,316,1,2,1,1.0,0.8696288506263555,True,bull,neutral,True,NEUTRAL_TO_BULL,
2001-04-20,2001-04-19,327,317,1,2,1,1.0,0.36486400677421454,False,neutral,bull,True,BULL_TO_NEUTRAL,
2001-05-08,2001-05-07,339,329,0,0,2,0.43534027690302207,0.6671316130569359,True,bear,neutral,True,NEUTRAL_TO_BEAR,
2001-05-09,2001-05-08,340,330,0,0,2,0.48091583048376396,0.23990589811780885,False,neutral,bear,True,BEAR_TO_NEUTRAL,
2001-05-11,2001-05-10,342,332,2,0,2,0.9999999999889952,0.7295731940121821,True,bull,neutral,True,NEUTRAL_TO_BULL,
2001-05-14,2001-05-11,343,333,2,2,1,0.6131937031340348,0.3368471219478308,False,neutral,bull,True,BULL_TO_NEUTRAL,
2001-09-18,2001-09-17,427,417,2,0,2,1.0,0.9989490787057688,True,bull,neutral,True,NEUTRAL_TO_BULL,
2001-09-19,2001-09-18,428,418,2,0,2,1.0,0.21313091473295642,False,neutral,bull,True,BULL_TO_NEUTRAL,
2001-09-21,2001-09-20,430,420,2,0,2,1.0,0.6422567571377882,True,bull,neutral,True,NEUTRAL_TO_BULL,
2001-09-24,2001-09-21,431,421,2,0,2,1.0,0.3084410439591788,False,neutral,bull,True,BULL_TO_NEUTRAL,
2001-09-25,2001-09-24,432,422,0,2,0,1.0,0.8280776746717587,True,bull,neutral,True,NEUTRAL_TO_BULL,
2001-09-26,2001-09-25,433,423,1,2,1,1.0,0.28551941701616357,False,neutral,bull,True,BULL_TO_NEUTRAL,
2001-10-22,2001-10-19,451,441,2,0,2,0.6091291451928352,0.7122936436373495,True,bull,neutral,True,NEUTRAL_TO_BULL,
2001-10-23,2001-10-22,452,442,2,0,2,0.4148022935496208,0.48447503658588104,False,neutral,bull,True,BULL_TO_NEUTRAL,
2002-07-19,2002-07-18,637,627,1,0,1,1.0,0.6897589256056534,True,bull,neutral,True,NEUTRAL_TO_BULL,
2002-07-26,2002-07-25,642,632,2,1,2,1.0,0.23925439560972053,False,neutral,bull,True,BULL_TO_NEUTRAL,
2002-07-30,2002-07-29,644,634,1,0,1,1.0,0.9920553662062659,True,bull,neutral,True,NEUTRAL_TO_BULL,
2002-07-31,2002-07-30,645,635,1,0,1,1.0,0.3198734949878843,False,neutral,bull,True,BULL_TO_NEUTRAL,
2002-08-02,2002-08-01,647,637,1,0,1,1.0,0.5101593856008054,True,bull,neutral,True,NEUTRAL_TO_BULL,
2002-08-05,2002-08-02,648,638,1,2,1,1.0,0.4426977308966223,False,neutral,bull,True,BULL_TO_NEUTRAL,
2002-08-06,2002-08-05,649,639,0,1,2,0.9714636485068675,0.8113516839726179,True,bull,neutral,True,NEUTRAL_TO_BULL,
2002-08-08,2002-08-07,651,641,1,0,1,0.3839150657022387,0.37955259839151756,False,neutral,bull,True,BULL_TO_NEUTRAL,
2002-08-15,2002-08-14,656,646,0,1,0,0.6095365344679617,0.8188506520678617,True,bull,neutral,True,NEUTRAL_TO_BULL,
2002-08-16,2002-08-15,657,647,2,1,0,0.11469508771719467,0.3701227086691709,False,neutral,bull,True,BULL_TO_NEUTRAL,
2002-09-26,2002-09-25,685,675,1,2,1,0.7255868125319584,0.5543304389700466,True,bull,neutral,True,NEUTRAL_TO_BULL,
2002-09-27,2002-09-26,686,676,1,2,1,0.5909537577729814,0.3645955701173863,False,neutral,bull,True,BULL_TO_NEUTRAL,
2002-10-16,2002-10-15,699,689,0,1,0,0.8861241174986011,0.9212598876370922,True,bull,neutral,True,NEUTRAL_TO_BULL,
2002-10-17,2002-10-16,700,690,1,2,1,0.9997915550746058,0.4602601303658831,False,neutral,bull,True,BULL_TO_NEUTRAL,
2002-12-16,2002-12-13,741,731,0,0,2,0.49321718007396276,0.5802493604128531,True,bear,neutral,True,NEUTRAL_TO_BEAR,
2002-12-17,2002-12-16,742,732,2,0,2,0.5570447427074403,0.0816231365589265,False,neutral,bear,True,BEAR_TO_NEUTRAL,
2002-12-24,2002-12-23,747,737,2,0,2,0.6156629504364006,0.5172374824557656,True,bull,neutral,True,NEUTRAL_TO_BULL,
2002-12-26,2002-12-24,748,738,1,1,2,1.0,0.43379872216679627,False,neutral,bull,True,BULL_TO_NEUTRAL,
2003-03-25,2003-03-24,808,798,1,2,1,0.8728039859388947,0.6248105200700298,True,bull,neutral,True,NEUTRAL_TO_BULL,
2003-03-26,2003-03-25,809,799,1,0,2,0.9330364662208218,0.35717566187069644,False,neutral,bull,True,BULL_TO_NEUTRAL,
2003-09-11,2003-09-10,926,916,0,0,1,0.41598903986697533,0.5283153973229429,True,bear,neutral,True,NEUTRAL_TO_BEAR,
2003-09-12,2003-09-11,927,917,2,2,1,1.0,0.43700130318429276,False,neutral,bear,True,BEAR_TO_NEUTRAL,
2005-06-08,2005-06-07,1364,1354,0,1,2,1.0,0.5009357946675711,True,bull,neutral,True,NEUTRAL_TO_BULL,
2005-06-09,2005-06-08,1365,1355,0,2,1,1.0,0.46664458837572614,False,neutral,bull,True,BULL_TO_NEUTRAL,
2005-06-23,2005-06-22,1375,1365,0,1,2,1.0,0.5024710434462535,True,bull,neutral,True,NEUTRAL_TO_BULL,
2005-06-24,2005-06-23,1376,1366,0,1,2,0.9999999999998593,0.24415798543507047,False,neutral,bull,True,BULL_TO_NEUTRAL,
2005-07-18,2005-07-15,1391,1381,0,1,2,0.6074645940566814,0.5016389471885362,True,bull,neutral,True,NEUTRAL_TO_BULL,
2005-07-19,2005-07-18,1392,1382,1,2,0,0.6917573524844363,0.3370306334837721,False,neutral,bull,True,BULL_TO_NEUTRAL,
2005-07-29,2005-07-28,1400,1390,2,0,2,0.973983032572208,0.5553651809436576,True,bull,neutral,True,NEUTRAL_TO_BULL,
2005-08-01,2005-07-29,1401,1391,0,0,1,0.4984493200213653,0.5146241481523697,True,bear,bull,True,BULL_TO_BEAR,
2005-08-02,2005-08-01,1402,1392,0,1,2,1.0,0.5020116559217148,True,bull,bear,True,BEAR_TO_BULL,
2005-08-03,2005-08-02,1403,1393,0,1,0,1.0,0.4551756088538745,False,neutral,bull,True,BULL_TO_NEUTRAL,
2005-08-11,2005-08-10,1409,1399,1,0,2,1.0,0.5037744348885174,True,bull,neutral,True,NEUTRAL_TO_BULL,
2005-08-12,2005-08-11,1410,1400,1,1,0,1.0,0.49308848994938187,False,neutral,bull,True,BULL_TO_NEUTRAL,
2005-08-18,2005-08-17,1414,1404,0,2,1,1.0,0.5076313634988467,True,bull,neutral,True,NEUTRAL_TO_BULL,
2005-08-25,2005-08-24,1419,1409,0,2,1,1.0,0.3942226638662396,False,neutral,bull,True,BULL_TO_NEUTRAL,
2005-08-26,2005-08-25,1420,1410,0,2,1,1.0,0.5023294302484244,True,bull,neutral,True,NEUTRAL_TO_BULL,
2005-08-29,2005-08-26,1421,1411,0,2,1,1.0,0.4186217791972064,False,neutral,bull,True,BULL_TO_NEUTRAL,
2005-09-08,2005-09-07,1428,1418,0,1,2,0.9906514061926303,0.5059792322203309,True,bull,neutral,True,NEUTRAL_TO_BULL,
2005-09-09,2005-09-08,1429,1419,0,1,2,0.9750818205167234,0.471103311480655,False,neutral,bull,True,BULL_TO_NEUTRAL,
2005-09-16,2005-09-15,1434,1424,0,2,1,1.0,0.5071304389484887,True,bull,neutral,True,NEUTRAL_TO_BULL,
2005-09-19,2005-09-16,1435,1425,0,2,0,0.9999999958232896,0.49586950086345283,False,neutral,bull,True,BULL_TO_NEUTRAL,
2005-09-26,2005-09-23,1440,1430,2,0,1,0.9133576159448284,0.5084304703051411,True,bull,neutral,True,NEUTRAL_TO_BULL,
2005-09-29,2005-09-28,1443,1433,0,0,1,0.9953863686737644,0.5018292645570213,True,bear,bull,True,BULL_TO_BEAR,
2005-09-30,2005-09-29,1444,1434,0,1,0,0.9992642225007556,0.413384139765516,False,neutral,bear,True,BEAR_TO_NEUTRAL,
2005-11-02,2005-11-01,1467,1457,2,0,2,0.8629148544536754,0.5498412196668157,True,bull,neutral,True,NEUTRAL_TO_BULL,
2005-11-03,2005-11-02,1468,1458,0,2,0,0.22313000101437017,0.3495146209790727,False,neutral,bull,True,BULL_TO_NEUTRAL,
2005-11-10,2005-11-09,1473,1463,0,2,1,0.3158697442040177,0.5040653739812457,True,bull,neutral,True,NEUTRAL_TO_BULL,
2005-11-11,2005-11-10,1474,1464,0,2,1,0.9319612407558092,0.435449543045711,False,neutral,bull,True,BULL_TO_NEUTRAL,
2005-11-17,2005-11-16,1478,1468,2,0,2,0.9571331251870965,0.557218568949312,True,bull,neutral,True,NEUTRAL_TO_BULL,
2005-11-18,2005-11-17,1479,1469,0,2,1,1.0,0.3877348659625137,False,neutral,bull,True,BULL_TO_NEUTRAL,
2005-11-29,2005-11-28,1485,1475,2,2,0,0.79286545557477,0.613369173406799,True,bear,neutral,True,NEUTRAL_TO_BEAR,
2005-11-30,2005-11-29,1486,1476,0,2,1,0.5690477595615016,0.506041411883808,True,bull,bear,True,BEAR_TO_BULL,
2005-12-01,2005-11-30,1487,1477,2,0,1,0.9702805107876841,0.4611374627343629,False,neutral,bull,True,BULL_TO_NEUTRAL,
2005-12-05,2005-12-02,1489,1479,0,2,1,1.0,0.5098389077488081,True,bull,neutral,True,NEUTRAL_TO_BULL,
2005-12-06,2005-12-05,1490,1480,0,1,2,1.0,0.4996353928168058,False,neutral,bull,True,BULL_TO_NEUTRAL,
2005-12-07,2005-12-06,1491,1481,0,2,0,0.645260296551,0.6535979537214935,True,bull,neutral,True,NEUTRAL_TO_BULL,
2005-12-08,2005-12-07,1492,1482,0,2,1,1.0,0.4519980220734278,False,neutral,bull,True,BULL_TO_NEUTRAL,
2005-12-12,2005-12-09,1494,1484,0,1,2,1.0,0.5058276934114849,True,bull,neutral,True,NEUTRAL_TO_BULL,
2005-12-14,2005-12-13,1496,1486,0,2,1,1.0,0.45631809881535057,False,neutral,bull,True,BULL_TO_NEUTRAL,
2005-12-21,2005-12-20,1501,1491,0,2,1,1.0,0.5114465258992558,True,bull,neutral,True,NEUTRAL_TO_BULL,
2005-12-22,2005-12-21,1502,1492,2,2,0,0.380385273783273,0.21869421014118848,False,neutral,bull,True,BULL_TO_NEUTRAL,
2005-12-28,2005-12-27,1505,1495,2,2,0,0.39590781636921835,0.6274502946393773,True,bear,neutral,True,NEUTRAL_TO_BEAR,
2005-12-29,2005-12-28,1506,1496,2,0,1,1.0,0.5090865477526214,True,bull,bear,True,BEAR_TO_BULL,
2005-12-30,2005-12-29,1507,1497,0,1,0,0.9994724810506936,0.44012940238244436,False,neutral,bull,True,BULL_TO_NEUTRAL,
2006-01-10,2006-01-09,1513,1503,0,2,1,0.4421780406476857,0.5074905715718208,True,bull,neutral,True,NEUTRAL_TO_BULL,
2006-01-11,2006-01-10,1514,1504,1,0,2,0.06733365544465354,0.5120050697688422,False,neutral,bull,True,BULL_TO_NEUTRAL,
2006-01-24,2006-01-23,1522,1512,0,2,0,0.4862841542125765,0.6463511763812606,True,bull,neutral,True,NEUTRAL_TO_BULL,
2006-01-25,2006-01-24,1523,1513,1,0,1,0.36507172019489553,0.4890006181317583,False,neutral,bull,True,BULL_TO_NEUTRAL,
2006-02-06,2006-02-03,1531,1521,0,0,1,0.4043199634812565,0.5491503932056538,True,bear,neutral,True,NEUTRAL_TO_BEAR,
2006-02-07,2006-02-06,1532,1522,0,2,0,0.9947146459388515,0.49071996318444827,False,neutral,bear,True,BEAR_TO_NEUTRAL,
2006-02-17,2006-02-16,1540,1530,1,0,1,0.5046700823061636,0.5555350561985821,True,bull,neutral,True,NEUTRAL_TO_BULL,
2006-02-21,2006-02-17,1541,1531,0,1,0,0.29908924670114473,0.4562345855323018,False,neutral,bull,True,BULL_TO_NEUTRAL,
2006-04-11,2006-04-10,1576,1566,0,2,0,0.999989175536768,0.5001396627003464,True,bull,neutral,True,NEUTRAL_TO_BULL,
2006-04-12,2006-04-11,1577,1567,2,0,2,0.9993358915291318,0.34208971853035897,False,neutral,bull,True,BULL_TO_NEUTRAL,
2006-04-21,2006-04-20,1583,1573,0,2,0,0.7383000616037656,0.5000127358900622,True,bull,neutral,True,NEUTRAL_TO_BULL,
2006-04-24,2006-04-21,1584,1574,0,2,0,0.6531898641341017,0.49612714418395587,False,neutral,bull,True,BULL_TO_NEUTRAL,
2006-05-10,2006-05-09,1596,1586,0,2,0,0.9862967111879802,0.5011478997563569,True,bull,neutral,True,NEUTRAL_TO_BULL,
2006-05-11,2006-05-10,1597,1587,1,2,1,0.991242781255527,0.4930514510372097,False,neutral,bull,True,BULL_TO_NEUTRAL,
2006-06-21,2006-06-20,1625,1615,0,2,0,0.4362593253253952,0.601730686935912,True,bull,neutral,True,NEUTRAL_TO_BULL,
2006-06-22,2006-06-21,1626,1616,0,0,2,0.4460356933947372,0.3344292792333589,False,neutral,bull,True,BULL_TO_NEUTRAL,
2006-06-29,2006-06-28,1631,1621,0,2,0,0.5887158168149087,0.5610451315426337,True,bull,neutral,True,NEUTRAL_TO_BULL,
2006-06-30,2006-06-29,1632,1622,0,2,0,0.8238580996630311,0.04037296546976543,False,neutral,bull,True,BULL_TO_NEUTRAL,
2006-07-24,2006-07-21,1647,1637,2,2,0,0.5240122908549701,0.5348469563552566,True,bear,neutral,True,NEUTRAL_TO_BEAR,
2006-07-25,2006-07-24,1648,1638,1,1,0,0.9910277655890404,0.38445732842381725,False,neutral,bear,True,BEAR_TO_NEUTRAL,
2006-08-04,2006-08-03,1656,1646,0,1,2,0.6628965958402168,0.510025556594533,True,bull,neutral,True,NEUTRAL_TO_BULL,
2006-08-09,2006-08-08,1659,1649,0,2,1,1.0,0.4808820622677068,False,neutral,bull,True,BULL_TO_NEUTRAL,
2006-08-31,2006-08-30,1675,1665,0,1,2,1.0,0.5191331314108167,True,bull,neutral,True,NEUTRAL_TO_BULL,
2006-09-01,2006-08-31,1676,1666,0,1,0,1.0,0.47979154433560195,False,neutral,bull,True,BULL_TO_NEUTRAL,
2006-09-06,2006-09-05,1678,1668,0,1,2,0.9999999999934824,0.5170544839222997,True,bull,neutral,True,NEUTRAL_TO_BULL,
2006-09-07,2006-09-06,1679,1669,2,0,2,1.0,0.333177406992436,False,neutral,bull,True,BULL_TO_NEUTRAL,
2006-09-11,2006-09-08,1681,1671,0,1,2,1.0,0.5133945646856065,True,bull,neutral,True,NEUTRAL_TO_BULL,
2006-09-13,2006-09-12,1683,1673,0,1,0,1.0,0.3488384772341311,False,neutral,bull,True,BULL_TO_NEUTRAL,
2006-09-14,2006-09-13,1684,1674,0,1,0,0.5407820063396496,0.5570053203050441,True,bull,neutral,True,NEUTRAL_TO_BULL,
2006-09-15,2006-09-14,1685,1675,0,1,0,1.0,0.4811473970541363,False,neutral,bull,True,BULL_TO_NEUTRAL,
2006-09-18,2006-09-15,1686,1676,0,2,1,1.0,0.5064730389557336,True,bull,neutral,True,NEUTRAL_TO_BULL,
2006-09-19,2006-09-18,1687,1677,0,2,0,0.9106914677581017,0.48300484308909525,False,neutral,bull,True,BULL_TO_NEUTRAL,
2006-09-20,2006-09-19,1688,1678,2,1,0,1.0,0.5028516751306498,True,bull,neutral,True,NEUTRAL_TO_BULL,
2006-09-22,2006-09-21,1690,1680,0,2,0,0.9949530152773957,0.4317560896613525,False,neutral,bull,True,BULL_TO_NEUTRAL,
2006-10-04,2006-10-03,1698,1688,2,1,2,0.9847235905655548,0.5018642875590253,True,bull,neutral,True,NEUTRAL_TO_BULL,
2006-10-05,2006-10-04,1699,1689,0,1,0,0.5741450067774664,0.3864033233816317,False,neutral,bull,True,BULL_TO_NEUTRAL,
2006-10-11,2006-10-10,1703,1693,2,0,2,0.9584939325820543,0.5027991518841542,True,bull,neutral,True,NEUTRAL_TO_BULL,
2006-10-12,2006-10-11,1704,1694,0,2,0,0.9508972478299835,0.48556136940856803,False,neutral,bull,True,BULL_TO_NEUTRAL,
2006-10-17,2006-10-16,1707,1697,0,2,0,0.7831176568736948,0.5019261115428335,True,bull,neutral,True,NEUTRAL_TO_BULL,
2006-10-18,2006-10-17,1708,1698,0,2,0,0.9942870886875379,0.46303238965405447,False,neutral,bull,True,BULL_TO_NEUTRAL,
2006-10-19,2006-10-18,1709,1699,0,2,0,0.9941503515996377,0.5034898443012628,True,bull,neutral,True,NEUTRAL_TO_BULL,
2006-10-20,2006-10-19,1710,1700,2,0,2,0.9929678595164907,0.4878375634044383,False,neutral,bull,True,BULL_TO_NEUTRAL,
2006-10-25,2006-10-24,1713,1703,1,0,1,0.9971304839219486,0.5009891598733239,True,bull,neutral,True,NEUTRAL_TO_BULL,
2006-10-27,2006-10-26,1715,1705,0,2,0,0.9822487335927851,0.4996292384002978,False,neutral,bull,True,BULL_TO_NEUTRAL,
2006-11-06,2006-11-03,1721,1711,1,0,1,0.881144984027245,0.5458318394424319,True,bull,neutral,True,NEUTRAL_TO_BULL,
2006-11-07,2006-11-06,1722,1712,0,2,0,0.9978396689178719,0.3047262952305951,False,neutral,bull,True,BULL_TO_NEUTRAL,
2006-11-09,2006-11-08,1724,1714,0,2,0,0.9717693851053134,0.5046379152514701,True,bull,neutral,True,NEUTRAL_TO_BULL,
2006-11-10,2006-11-09,1725,1715,1,0,1,0.990445578627545,0.41242682911103395,False,neutral,bull,True,BULL_TO_NEUTRAL,
2006-11-16,2006-11-15,1729,1719,0,2,0,0.5765218972172563,0.5018660996712824,True,bull,neutral,True,NEUTRAL_TO_BULL,
2006-11-21,2006-11-20,1732,1722,2,0,2,0.8297264948711827,0.48930512593161873,False,neutral,bull,True,BULL_TO_NEUTRAL,
2006-11-22,2006-11-21,1733,1723,0,2,0,0.8257849101030226,0.5056485627905885,True,bull,neutral,True,NEUTRAL_TO_BULL,
2006-11-27,2006-11-24,1735,1725,0,2,0,0.9411380973795623,0.4383296693038621,False,neutral,bull,True,BULL_TO_NEUTRAL,
2006-12-01,2006-11-30,1739,1729,0,2,0,0.9899540222532701,0.5036773677589871,True,bull,neutral,True,NEUTRAL_TO_BULL,
2006-12-04,2006-12-01,1740,1730,2,0,2,0.9906038836336769,0.48737013318575007,False,neutral,bull,True,BULL_TO_NEUTRAL,
2006-12-06,2006-12-05,1742,1732,1,0,1,0.5189820039662458,0.5484964733079,True,bull,neutral,True,NEUTRAL_TO_BULL,
2006-12-07,2006-12-06,1743,1733,0,2,0,0.34682368000758373,0.48307919132518157,False,neutral,bull,True,BULL_TO_NEUTRAL,
2006-12-11,2006-12-08,1745,1735,2,0,2,0.40165543234027856,0.5073126178422586,True,bull,neutral,True,NEUTRAL_TO_BULL,
2006-12-13,2006-12-12,1747,1737,2,0,2,0.9999007076468838,0.4968032081771796,False,neutral,bull,True,BULL_TO_NEUTRAL,
2006-12-14,2006-12-13,1748,1738,2,1,2,0.9999764473974041,0.5069328016880624,True,bull,neutral,True,NEUTRAL_TO_BULL,
2006-12-15,2006-12-14,1749,1739,1,0,1,0.9993195932587619,0.3807378745564741,False,neutral,bull,True,BULL_TO_NEUTRAL,
2006-12-20,2006-12-19,1752,1742,0,1,0,0.9999982719914461,0.5069953596482936,True,bull,neutral,True,NEUTRAL_TO_BULL,
2006-12-21,2006-12-20,1753,1743,1,0,1,0.9999982506270008,0.49866251533528283,False,neutral,bull,True,BULL_TO_NEUTRAL,
2007-01-05,2007-01-04,1761,1751,0,2,0,0.9999996741863825,0.5070300396267395,True,bull,neutral,True,NEUTRAL_TO_BULL,
2007-01-08,2007-01-05,1762,1752,0,2,0,0.9999431156168179,0.3478307536571409,False,neutral,bull,True,BULL_TO_NEUTRAL,
2007-01-18,2007-01-17,1769,1759,2,0,2,0.9064766542941881,0.5057895509275729,True,bull,neutral,True,NEUTRAL_TO_BULL,
2007-01-19,2007-01-18,1770,1760,0,2,0,0.9030522200656623,0.4635932674203456,False,neutral,bull,True,BULL_TO_NEUTRAL,
2007-02-05,2007-02-02,1781,1771,0,1,0,0.6844386505892482,0.5106401444396114,True,bull,neutral,True,NEUTRAL_TO_BULL,
2007-02-07,2007-02-06,1783,1773,2,2,0,0.9536156744095774,0.31842911637840327,False,neutral,bull,True,BULL_TO_NEUTRAL,
2007-02-16,2007-02-15,1790,1780,0,2,0,0.9987464060379654,0.5038940450348947,True,bull,neutral,True,NEUTRAL_TO_BULL,
2007-02-20,2007-02-16,1791,1781,1,0,1,0.9968030458074307,0.4902930264037611,False,neutral,bull,True,BULL_TO_NEUTRAL,
2007-02-21,2007-02-20,1792,1782,0,2,0,0.9741132226197877,0.5011115757663603,True,bull,neutral,True,NEUTRAL_TO_BULL,
2007-02-22,2007-02-21,1793,1783,0,2,0,0.9449083447888361,0.4945790145842231,False,neutral,bull,True,BULL_TO_NEUTRAL,
2007-03-07,2007-03-06,1802,1792,1,2,0,1.0,0.5366031294617524,True,bull,neutral,True,NEUTRAL_TO_BULL,
2007-03-08,2007-03-07,1803,1793,1,2,0,0.9999999998697575,0.19251378439401587,False,neutral,bull,True,BULL_TO_NEUTRAL,
2007-04-05,2007-04-04,1823,1813,0,2,0,0.5258423735838165,0.5129936073419891,True,bull,neutral,True,NEUTRAL_TO_BULL,
2007-04-09,2007-04-05,1824,1814,2,0,2,0.9082392620315192,0.4918024836402396,False,neutral,bull,True,BULL_TO_NEUTRAL,
2007-04-10,2007-04-09,1825,1815,0,2,0,0.774528723092374,0.5105577923783395,True,bull,neutral,True,NEUTRAL_TO_BULL,
2007-04-11,2007-04-10,1826,1816,2,0,2,0.20494323292307592,0.49387637705113874,False,neutral,bull,True,BULL_TO_NEUTRAL,
2007-04-18,2007-04-17,1831,1821,0,2,0,0.3494874895622499,0.5093704444217646,True,bull,neutral,True,NEUTRAL_TO_BULL,
2007-04-19,2007-04-18,1832,1822,1,1,0,0.9828388058708284,0.30670323674112676,False,neutral,bull,True,BULL_TO_NEUTRAL,
2007-05-08,2007-05-07,1845,1835,0,1,0,0.6829308127649568,0.5067967573563372,True,bull,neutral,True,NEUTRAL_TO_BULL,
2007-05-11,2007-05-10,1848,1838,0,1,0,0.4283221555226451,0.2621100487629188,False,neutral,bull,True,BULL_TO_NEUTRAL,
2007-05-16,2007-05-15,1851,1841,0,1,0,0.515590249983613,0.5436862987724326,True,bull,neutral,True,NEUTRAL_TO_BULL,
2007-05-17,2007-05-16,1852,1842,2,0,2,1.0,0.4300438852692049,False,neutral,bull,True,BULL_TO_NEUTRAL,
2007-05-22,2007-05-21,1855,1845,0,2,0,0.9059812367149012,0.5024239999278316,True,bull,neutral,True,NEUTRAL_TO_BULL,
2007-05-24,2007-05-23,1857,1847,1,0,1,0.5240364425404436,0.49143162294237,False,neutral,bull,True,BULL_TO_NEUTRAL,
2007-05-30,2007-05-29,1860,1850,1,0,1,0.9985448712747783,0.5017871775757189,True,bull,neutral,True,NEUTRAL_TO_BULL,
2007-05-31,2007-05-30,1861,1851,1,0,1,0.996272180302246,0.4124895331170969,False,neutral,bull,True,BULL_TO_NEUTRAL,
2007-07-27,2007-07-26,1901,1891,2,2,1,0.9999995579882912,0.7660799103924674,True,bear,neutral,True,NEUTRAL_TO_BEAR,
2007-07-31,2007-07-30,1903,1893,1,1,2,0.9999902229788308,0.4671589873707781,False,neutral,bear,True,BEAR_TO_NEUTRAL,
2007-08-06,2007-08-03,1907,1897,1,1,0,0.9998977369317121,0.7912472053142806,True,bear,neutral,True,NEUTRAL_TO_BEAR,
2007-08-08,2007-08-07,1909,1899,2,2,0,0.8246825921518189,0.3000218663625458,False,neutral,bear,True,BEAR_TO_NEUTRAL,
2007-08-10,2007-08-09,1911,1901,1,1,0,0.41703037054792896,0.8977282498084775,True,bear,neutral,True,NEUTRAL_TO_BEAR,
2007-08-13,2007-08-10,1912,1902,0,1,2,0.7618722391333567,0.3450427414711215,False,neutral,bear,True,BEAR_TO_NEUTRAL,
2007-08-20,2007-08-17,1917,1907,1,2,0,0.9992005560511692,0.7113030143835306,True,bull,neutral,True,NEUTRAL_TO_BULL,
2007-08-21,2007-08-20,1918,1908,2,2,0,1.0,0.19279052496230942,False,neutral,bull,True,BULL_TO_NEUTRAL,
2007-08-29,2007-08-28,1924,1914,1,1,2,0.9389560362194442,0.6738367367804803,True,bear,neutral,True,NEUTRAL_TO_BEAR,
2007-08-31,2007-08-30,1926,1916,0,1,2,0.9896351998460732,0.3260522282143716,False,neutral,bear,True,BEAR_TO_NEUTRAL,
2007-10-22,2007-10-19,1961,1951,2,2,1,0.9828516619232502,0.8308667382249024,True,bear,neutral,True,NEUTRAL_TO_BEAR,
2007-10-23,2007-10-22,1962,1952,2,2,0,1.0,0.21998240560757826,False,neutral,bear,True,BEAR_TO_NEUTRAL,
2007-11-08,2007-11-07,1974,1964,1,1,2,0.9950347360033106,0.8584029117660885,True,bear,neutral,True,NEUTRAL_TO_BEAR,
2007-11-09,2007-11-08,1975,1965,1,1,0,1.0,0.23140049426587878,False,neutral,bear,True,BEAR_TO_NEUTRAL,
2007-11-14,2007-11-13,1978,1968,1,1,0,1.0,0.9215316611506976,True,bear,neutral,True,NEUTRAL_TO_BEAR,
2007-11-15,2007-11-14,1979,1969,1,1,2,1.0,0.20536507448691815,False,neutral,bear,True,BEAR_TO_NEUTRAL,
2007-11-23,2007-11-21,1984,1974,2,2,0,0.9826302926293353,0.6756131345612025,True,bear,neutral,True,NEUTRAL_TO_BEAR,
2007-11-27,2007-11-26,1986,1976,2,1,0,1.0,0.7445237499863668,True,bull,bear,True,BEAR_TO_BULL,
2007-11-28,2007-11-27,1987,1977,1,1,2,1.0,0.3346240909215338,False,neutral,bull,True,BULL_TO_NEUTRAL,
2007-11-29,2007-11-28,1988,1978,2,2,0,0.9999996204319872,0.9413235097282013,True,bear,neutral,True,NEUTRAL_TO_BEAR,
2007-11-30,2007-11-29,1989,1979,1,1,0,0.9999149007860239,0.18966763210116427,False,neutral,bear,True,BEAR_TO_NEUTRAL,
2007-12-06,2007-12-05,1993,1983,1,1,0,1.0,0.5396449992505494,True,bear,neutral,True,NEUTRAL_TO_BEAR,
2007-12-07,2007-12-06,1994,1984,2,1,0,1.0,0.4446715205272558,False,neutral,bear,True,BEAR_TO_NEUTRAL,
2007-12-12,2007-12-11,1997,1987,1,1,0,0.938712779973183,0.8583829323366254,True,bear,neutral,True,NEUTRAL_TO_BEAR,
2007-12-13,2007-12-12,1998,1988,2,2,0,0.7997810791207315,0.29765271077157335,False,neutral,bear,True,BEAR_TO_NEUTRAL,
2008-01-07,2008-01-04,2000,1990,1,1,0,1.0,0.7818978045342075,True,bear,neutral,True,NEUTRAL_TO_BEAR,
2008-01-08,2008-01-07,2000,1990,2,2,0,1.0,0.19490135710482423,False,neutral,bear,True,BEAR_TO_NEUTRAL,
2008-01-09,2008-01-08,2000,1990,2,2,0,1.0,0.5146758836506488,True,bear,neutral,True,NEUTRAL_TO_BEAR,
2008-01-10,2008-01-09,2000,1990,1,1,2,1.0,0.3129130257427093,False,neutral,bear,True,BEAR_TO_NEUTRAL,
2008-01-16,2008-01-15,2000,1990,1,1,0,0.9999995941976423,0.7157715980040521,True,bear,neutral,True,NEUTRAL_TO_BEAR,
2008-01-17,2008-01-16,2000,1990,2,2,0,0.9999699748326815,0.2975162756808108,False,neutral,bear,True,BEAR_TO_NEUTRAL,
2008-01-18,2008-01-17,2000,1990,1,1,2,1.0,0.8257458546208353,True,bear,neutral,True,NEUTRAL_TO_BEAR,
2008-01-22,2008-01-18,2000,1990,0,0,1,1.0,0.3312502699774296,False,neutral,bear,True,BEAR_TO_NEUTRAL,
2008-01-24,2008-01-23,2000,1990,2,2,1,1.0,0.7803134653743165,True,bear,neutral,True,NEUTRAL_TO_BEAR,
2008-01-25,2008-01-24,2000,1990,1,1,0,1.0,0.2637196399050695,False,neutral,bear,True,BEAR_TO_NEUTRAL,
2008-01-29,2008-01-28,2000,1990,1,1,0,1.0,0.5295608842319438,True,bear,neutral,True,NEUTRAL_TO_BEAR,
2008-01-30,2008-01-29,2000,1990,1,1,0,0.9327149107315537,0.2035200168137771,False,neutral,bear,True,BEAR_TO_NEUTRAL,
2008-02-01,2008-01-31,2000,1990,2,2,1,0.9660848338355452,0.5011931083881968,True,bear,neutral,True,NEUTRAL_TO_BEAR,
2008-02-05,2008-02-04,2000,1990,2,2,1,1.0,0.39918074264240455,False,neutral,bear,True,BEAR_TO_NEUTRAL,
2008-02-06,2008-02-05,2000,1990,2,2,0,0.9887465341838806,0.8435241818971212,True,bear,neutral,True,NEUTRAL_TO_BEAR,
2008-02-07,2008-02-06,2000,1990,1,1,2,0.9995078674009075,0.27994729101142096,False,neutral,bear,True,BEAR_TO_NEUTRAL,
2008-03-07,2008-03-06,2000,1990,1,1,0,1.0,0.670423140042687,True,bear,neutral,True,NEUTRAL_TO_BEAR,
2008-03-10,2008-03-07,2000,1990,2,2,0,1.0,0.3351025962875056,False,neutral,bear,True,BEAR_TO_NEUTRAL,
2008-03-12,2008-03-11,2000,1990,2,2,0,1.0,0.9723972259864568,True,bear,neutral,True,NEUTRAL_TO_BEAR,
2008-03-13,2008-03-12,2000,1990,0,0,1,1.0,0.3101291854191345,False,neutral,bear,True,BEAR_TO_NEUTRAL,
2008-03-19,2008-03-18,2000,1990,1,1,0,0.9990483621697613,0.9929675177207536,True,bear,neutral,True,NEUTRAL_TO_BEAR,
2008-03-24,2008-03-20,2000,1990,1,1,0,0.8704224460050483,0.4166151050691622,False,neutral,bear,True,BEAR_TO_NEUTRAL,
2008-03-25,2008-03-24,2000,1990,1,2,0,0.9948243248844941,0.7807101806086328,True,bull,neutral,True,NEUTRAL_TO_BULL,
2008-03-26,2008-03-25,2000,1990,0,0,1,0.9999969239819017,0.19398780251212216,False,neutral,bull,True,BULL_TO_NEUTRAL,
2008-04-02,2008-04-01,2000,1990,1,2,0,0.9447104791792975,0.9780437788442474,True,bull,neutral,True,NEUTRAL_TO_BULL,
2008-04-03,2008-04-02,2000,1990,1,1,0,0.9999998956485471,0.1946473878754632,False,neutral,bull,True,BULL_TO_NEUTRAL,
2008-04-14,2008-04-11,2000,1990,0,0,1,0.5839552028905853,0.6234023876627972,True,bear,neutral,True,NEUTRAL_TO_BEAR,
2008-04-15,2008-04-14,2000,1990,1,2,0,0.9217949405659613,0.3419444688334612,False,neutral,bear,True,BEAR_TO_NEUTRAL,
2008-05-07,2008-05-06,2000,1990,0,0,2,0.6466215729528645,0.5201954924572868,True,bear,neutral,True,NEUTRAL_TO_BEAR,
2008-05-08,2008-05-07,2000,1990,2,2,0,0.5658209419453041,0.4281427813353436,False,neutral,bear,True,BEAR_TO_NEUTRAL,
2008-06-27,2008-06-26,2000,1990,2,1,0,1.0,0.8614081466521316,True,bull,neutral,True,NEUTRAL_TO_BULL,
2008-06-30,2008-06-27,2000,1990,2,1,0,1.0,0.22091456558995187,False,neutral,bull,True,BULL_TO_NEUTRAL,
2008-07-03,2008-07-02,2000,1990,2,1,0,1.0,0.5691426652138716,True,bull,neutral,True,NEUTRAL_TO_BULL,
2008-07-07,2008-07-03,2000,1990,1,1,2,0.999994591419628,0.194692963125957,False,neutral,bull,True,BULL_TO_NEUTRAL,
2008-07-09,2008-07-08,2000,1990,2,2,0,0.9999977260259684,0.577311412325487,True,bear,neutral,True,NEUTRAL_TO_BEAR,
2008-07-11,2008-07-10,2000,1990,1,2,0,0.956722684571811,0.32278061013168036,False,neutral,bear,True,BEAR_TO_NEUTRAL,
2008-07-17,2008-07-16,2000,1990,2,0,1,0.9287343797906765,0.8309675720802313,True,bull,neutral,True,NEUTRAL_TO_BULL,
2008-07-18,2008-07-17,2000,1990,2,2,1,0.6503770016521238,0.3149793750152164,False,neutral,bull,True,BULL_TO_NEUTRAL,
2008-07-25,2008-07-24,2000,1990,0,0,1,0.9999999273862253,0.6975065616932126,True,bear,neutral,True,NEUTRAL_TO_BEAR,
2008-07-28,2008-07-25,2000,1990,1,1,0,0.9999965083311037,0.1968484274378318,False,neutral,bear,True,BEAR_TO_NEUTRAL,
2008-09-09,2008-09-08,2000,1990,2,2,0,0.808944087426547,0.6699394425668707,True,bear,neutral,True,NEUTRAL_TO_BEAR,
2008-09-11,2008-09-10,2000,1990,2,2,1,0.9998004403357388,0.20236374301053428,False,neutral,bear,True,BEAR_TO_NEUTRAL,
2008-09-16,2008-09-15,2000,1990,1,1,2,0.9999998263939924,0.9982599486569845,True,bear,neutral,True,NEUTRAL_TO_BEAR,
2008-09-25,2008-09-24,2000,1990,2,2,0,0.9999999909269754,0.19496986668160565,False,neutral,bear,True,BEAR_TO_NEUTRAL,
2008-09-30,2008-09-29,2000,1990,2,2,0,1.0,0.9999999934117194,True,bear,neutral,True,NEUTRAL_TO_BEAR,
2008-10-02,2008-10-01,2000,1990,1,1,0,1.0,0.18568706442147975,False,neutral,bear,True,BEAR_TO_NEUTRAL,
2008-10-03,2008-10-02,2000,1990,2,2,1,1.0,0.9739877944713788,True,bear,neutral,True,NEUTRAL_TO_BEAR,
2008-10-06,2008-10-03,2000,1990,2,2,1,1.0,0.43017680255577356,False,neutral,bear,True,BEAR_TO_NEUTRAL,
2008-10-07,2008-10-06,2000,1990,1,1,0,1.0,0.9995729454435583,True,bear,neutral,True,NEUTRAL_TO_BEAR,
2008-10-15,2008-10-14,2000,1990,1,2,0,1.0,0.45370244046415853,False,neutral,bear,True,BEAR_TO_NEUTRAL,
2008-10-16,2008-10-15,2000,1990,1,1,0,0.9999999956027081,0.9999999995003814,True,bear,neutral,True,NEUTRAL_TO_BEAR,
2008-10-20,2008-10-17,2000,1990,1,2,0,1.0,0.24894573266089431,False,neutral,bear,True,BEAR_TO_NEUTRAL,
2008-10-21,2008-10-20,2000,1990,1,1,0,0.9999789541685354,0.9999450162970793,True,bear,neutral,True,NEUTRAL_TO_BEAR,
2008-10-24,2008-10-23,2000,1990,2,2,0,0.9996325007898229,0.25170604473436275,False,neutral,bear,True,BEAR_TO_NEUTRAL,
2008-10-27,2008-10-24,2000,1990,1,1,0,0.999843898091881,0.9967780143105722,True,bear,neutral,True,NEUTRAL_TO_BEAR,
2008-10-30,2008-10-29,2000,1990,2,2,1,0.9993230930769771,0.2002501812800147,False,neutral,bear,True,BEAR_TO_NEUTRAL,
2008-10-31,2008-10-30,2000,1990,1,1,0,0.9996279264826694,0.8904702510940457,True,bear,neutral,True,NEUTRAL_TO_BEAR,
2008-11-03,2008-10-31,2000,1990,2,2,0,0.9998160483141343,0.1545859410647495,False,neutral,bear,True,BEAR_TO_NEUTRAL,
2008-11-05,2008-11-04,2000,1990,1,1,0,0.9999430667146966,0.8798210014176154,True,bear,neutral,True,NEUTRAL_TO_BEAR,
2008-11-07,2008-11-06,2000,1990,1,2,0,1.0,0.9999999999999998,True,bull,bear,True,BEAR_TO_BULL,
2008-11-10,2008-11-07,2000,1990,2,2,0,0.9996586823806866,0.8643539647247747,True,bear,bull,True,BULL_TO_BEAR,
2008-11-11,2008-11-10,2000,1990,1,1,0,0.9004417135446097,0.3272128955976307,False,neutral,bear,True,BEAR_TO_NEUTRAL,
2008-11-12,2008-11-11,2000,1990,1,1,0,0.9798135117645937,0.8559572475217172,True,bear,neutral,True,NEUTRAL_TO_BEAR,
2008-11-18,2008-11-17,2000,1990,1,1,0,0.9998972767955833,0.3301360479848231,False,neutral,bear,True,BEAR_TO_NEUTRAL,
2008-11-20,2008-11-19,2000,1990,1,1,0,0.997648618464949,0.9999579704944648,True,bear,neutral,True,NEUTRAL_TO_BEAR,
2008-11-26,2008-11-25,2000,1990,1,1,0,0.9996962977269089,0.16385422017072063,False,neutral,bear,True,BEAR_TO_NEUTRAL,
2008-11-28,2008-11-26,2000,1990,1,1,0,0.9997463202753724,0.953098809920808,True,bear,neutral,True,NEUTRAL_TO_BEAR,
2008-12-01,2008-11-28,2000,1990,1,1,0,0.9997604585966873,0.25899180503092045,False,neutral,bear,True,BEAR_TO_NEUTRAL,
2008-12-02,2008-12-01,2000,1990,1,1,0,0.9997316193295608,0.9999999984830771,True,bear,neutral,True,NEUTRAL_TO_BEAR,
2008-12-10,2008-12-09,2000,1990,1,1,0,0.8622723262780759,0.41067049824150287,False,neutral,bear,True,BEAR_TO_NEUTRAL,
2008-12-12,2008-12-11,2000,1990,1,1,0,0.8819408045611157,0.6704027181269552,True,bear,neutral,True,NEUTRAL_TO_BEAR,
2008-12-15,2008-12-12,2000,1990,1,1,0,0.8388191897655143,0.24415994117856119,False,neutral,bear,True,BEAR_TO_NEUTRAL,
2008-12-22,2008-12-19,2000,1990,2,2,0,0.4991706566873107,0.5865648405844806,True,bear,neutral,True,NEUTRAL_TO_BEAR,
2008-12-23,2008-12-22,2000,1990,2,1,0,1.0,0.1990562987671004,False,neutral,bear,True,BEAR_TO_NEUTRAL,
2009-01-08,2009-01-07,2000,1990,2,2,1,0.9161288750116352,0.8188566494633516,True,bear,neutral,True,NEUTRAL_TO_BEAR,
2009-01-09,2009-01-08,2000,1990,2,2,1,0.8109655887690115,0.13700843048068548,False,neutral,bear,True,BEAR_TO_NEUTRAL,
2009-01-12,2009-01-09,2000,1990,2,2,1,0.5259757989805429,0.5703128329339485,True,bear,neutral,True,NEUTRAL_TO_BEAR,
2009-01-14,2009-01-13,2000,1990,2,0,1,1.0,0.15062746644654929,False,neutral,bear,True,BEAR_TO_NEUTRAL,
2009-01-15,2009-01-14,2000,1990,1,1,0,0.9500338687589002,0.8512817150991724,True,bear,neutral,True,NEUTRAL_TO_BEAR,
2009-01-16,2009-01-15,2000,1990,1,1,0,0.9892464627299498,0.1305047771666839,False,neutral,bear,True,BEAR_TO_NEUTRAL,
2009-01-21,2009-01-20,2000,1990,1,1,2,0.9972848170054389,0.9981508653248896,True,bear,neutral,True,NEUTRAL_TO_BEAR,
2009-01-23,2009-01-22,2000,1990,2,2,1,0.9640893125560939,0.38411174696104133,False,neutral,bear,True,BEAR_TO_NEUTRAL,
2009-02-24,2009-02-23,2000,1990,1,1,0,0.9962925319563692,0.9182530001955208,True,bear,neutral,True,NEUTRAL_TO_BEAR,
2009-02-26,2009-02-25,2000,1990,2,2,0,0.9592819198369653,0.19196647167256883,False,neutral,bear,True,BEAR_TO_NEUTRAL,
2009-03-02,2009-02-27,2000,1990,2,2,0,0.7809611138995584,0.5982402643607758,True,bear,neutral,True,NEUTRAL_TO_BEAR,
2009-03-04,2009-03-03,2000,1990,1,1,0,0.9657552814447353,0.19003182177266958,False,neutral,bear,True,BEAR_TO_NEUTRAL,
2009-03-05,2009-03-04,2000,1990,1,1,0,0.9522651460071411,0.5920468315266075,True,bear,neutral,True,NEUTRAL_TO_BEAR,
2009-03-09,2009-03-06,2000,1990,1,1,0,0.9834878537061138,0.12846869141478845,False,neutral,bear,True,BEAR_TO_NEUTRAL,
2009-03-11,2009-03-10,2000,1990,1,1,0,0.959191096356178,0.9996685927067579,True,bear,neutral,True,NEUTRAL_TO_BEAR,
2009-03-12,2009-03-11,2000,1990,1,1,0,0.6918826679992163,0.15261372179152877,False,neutral,bear,True,BEAR_TO_NEUTRAL,
2009-03-13,2009-03-12,2000,1990,1,1,0,0.6676971807334171,0.9481358769405036,True,bear,neutral,True,NEUTRAL_TO_BEAR,
2009-03-16,2009-03-13,2000,1990,1,1,2,0.9054742232865962,0.16798344999196593,False,neutral,bear,True,BEAR_TO_NEUTRAL,
2009-03-18,2009-03-17,2000,1990,2,2,0,0.9942218867054032,0.7941917528998668,True,bear,neutral,True,NEUTRAL_TO_BEAR,
2009-03-20,2009-03-19,2000,1990,1,1,0,0.999206084066966,0.2946680274317869,False,neutral,bear,True,BEAR_TO_NEUTRAL,
2009-03-23,2009-03-20,2000,1990,1,1,0,0.9952178958404735,0.7822417361385335,True,bear,neutral,True,NEUTRAL_TO_BEAR,
2009-03-26,2009-03-25,2000,1990,2,2,0,0.7502134650272447,0.2103814545316238,False,neutral,bear,True,BEAR_TO_NEUTRAL,
2009-03-27,2009-03-26,2000,1990,2,2,0,0.8700954357146071,0.5287212947819586,True,bear,neutral,True,NEUTRAL_TO_BEAR,
2009-03-30,2009-03-27,2000,1990,1,1,0,0.6880694339115845,0.46412596531693495,False,neutral,bear,True,BEAR_TO_NEUTRAL,
2009-04-29,2009-04-28,2000,1990,0,1,0,0.8897403820199007,0.5316112590272636,True,bull,neutral,True,NEUTRAL_TO_BULL,
2009-04-30,2009-04-29,2000,1990,1,2,1,0.636736473313207,0.04667643859459329,False,neutral,bull,True,BULL_TO_NEUTRAL,
2009-05-01,2009-04-30,2000,1990,0,1,0,0.3775816015536359,0.5633708385837433,True,bull,neutral,True,NEUTRAL_TO_BULL,
2009-05-04,2009-05-01,2000,1990,2,1,0,0.939403712263205,0.32829043351316045,False,neutral,bull,True,BULL_TO_NEUTRAL,
2009-05-26,2009-05-22,2000,1990,2,0,2,0.9897942356077868,0.7259624213309568,True,bull,neutral,True,NEUTRAL_TO_BULL,
2009-05-27,2009-05-26,2000,1990,1,2,0,0.15869564835532496,0.3690674298080796,False,neutral,bull,True,BULL_TO_NEUTRAL,
2009-06-01,2009-05-29,2000,1990,0,2,1,0.4025062765245706,0.5000810821491625,True,bull,neutral,True,NEUTRAL_TO_BULL,
2009-06-02,2009-06-01,2000,1990,2,1,0,1.0,0.40719407297719495,False,neutral,bull,True,BULL_TO_NEUTRAL,
2009-06-12,2009-06-11,2000,1990,0,1,0,0.9999572189446211,0.5436420099045577,True,bull,neutral,True,NEUTRAL_TO_BULL,
2009-06-16,2009-06-15,2000,1990,0,1,0,0.9999991533365941,0.023715212916087438,False,neutral,bull,True,BULL_TO_NEUTRAL,
2009-06-18,2009-06-17,2000,1990,1,2,1,0.36695455690166545,0.557588440913933,True,bull,neutral,True,NEUTRAL_TO_BULL,
2009-06-19,2009-06-18,2000,1990,0,2,1,0.9996567262589177,0.3540578612238585,False,neutral,bull,True,BULL_TO_NEUTRAL,
2009-07-24,2009-07-23,2000,1990,1,1,0,0.9628116353592109,0.5204431763639205,True,bear,neutral,True,NEUTRAL_TO_BEAR,
2009-07-27,2009-07-24,2000,1990,2,2,0,0.8648825773685334,0.13103207012347037,False,neutral,bear,True,BEAR_TO_NEUTRAL,
2009-08-04,2009-08-03,2000,1990,1,2,0,0.9972061972612736,0.5058026469191789,True,bull,neutral,True,NEUTRAL_TO_BULL,
2009-08-05,2009-08-04,2000,1990,1,2,0,1.0,0.30466388573749764,False,neutral,bull,True,BULL_TO_NEUTRAL,
2009-08-11,2009-08-10,2000,1990,0,2,0,0.46324638653677996,0.5500403584732478,True,bull,neutral,True,NEUTRAL_TO_BULL,
2009-08-12,2009-08-11,2000,1990,0,1,0,0.8258921472455942,0.26002097371982447,False,neutral,bull,True,BULL_TO_NEUTRAL,
2009-09-25,2009-09-24,2000,1990,2,2,0,0.5333837157944963,0.544193779918912,True,bear,neutral,True,NEUTRAL_TO_BEAR,
2009-09-28,2009-09-25,2000,1990,0,1,2,0.9596130771294252,0.491303179998783,False,neutral,bear,True,BEAR_TO_NEUTRAL,
2009-09-30,2009-09-29,2000,1990,0,1,2,0.9837705535554094,0.5345728159601882,True,bull,neutral,True,NEUTRAL_TO_BULL,
2009-10-02,2009-10-01,2000,1990,2,1,0,0.9012583595426246,0.10807286741990178,False,neutral,bull,True,BULL_TO_NEUTRAL,
2009-10-15,2009-10-14,2000,1990,2,1,2,0.8916875832234299,0.5091820891690944,True,bull,neutral,True,NEUTRAL_TO_BULL,
2009-10-16,2009-10-15,2000,1990,2,1,2,0.5549164473298193,0.3134968358234359,False,neutral,bull,True,BULL_TO_NEUTRAL,
2009-10-28,2009-10-27,2000,1990,0,1,2,0.7447776364498098,0.5073003253740099,True,bull,neutral,True,NEUTRAL_TO_BULL,
2009-10-29,2009-10-28,2000,1990,2,1,2,1.0,0.43467688185786063,False,neutral,bull,True,BULL_TO_NEUTRAL,
2009-11-06,2009-11-05,2000,1990,2,1,2,1.0,0.5104677608353534,True,bull,neutral,True,NEUTRAL_TO_BULL,
2009-11-09,2009-11-06,2000,1990,2,1,2,0.6908529049741539,0.3072022699819617,False,neutral,bull,True,BULL_TO_NEUTRAL,
2009-11-23,2009-11-20,2000,1990,1,2,0,0.9956288944174071,0.5279213418771462,True,bull,neutral,True,NEUTRAL_TO_BULL,
2009-11-24,2009-11-23,2000,1990,2,1,0,0.9951621240677688,0.29020996776694924,False,neutral,bull,True,BULL_TO_NEUTRAL,
2009-11-25,2009-11-24,2000,1990,0,1,2,0.995306839404202,0.5668402163660001,True,bull,neutral,True,NEUTRAL_TO_BULL,
2009-11-30,2009-11-27,2000,1990,2,1,0,0.9977263072731177,0.14430732883145836,False,neutral,bull,True,BULL_TO_NEUTRAL,
2009-12-01,2009-11-30,2000,1990,0,2,1,0.9990542413300322,0.5566497381375333,True,bull,neutral,True,NEUTRAL_TO_BULL,
2009-12-02,2009-12-01,2000,1990,0,2,1,0.9988131154680381,0.30396854956023583,False,neutral,bull,True,BULL_TO_NEUTRAL,
2009-12-03,2009-12-02,2000,1990,2,1,0,0.9990653575433965,0.562585111668871,True,bull,neutral,True,NEUTRAL_TO_BULL,
2009-12-04,2009-12-03,2000,1990,0,1,2,0.9996928105326962,0.4242310698757798,False,neutral,bull,True,BULL_TO_NEUTRAL,
2009-12-07,2009-12-04,2000,1990,0,1,2,0.9998623609216667,0.5244221169320836,True,bull,neutral,True,NEUTRAL_TO_BULL,
2009-12-09,2009-12-08,2000,1990,0,1,2,0.9999568930668705,0.3156677055347598,False,neutral,bull,True,BULL_TO_NEUTRAL,
2009-12-10,2009-12-09,2000,1990,0,1,2,0.9999324131109212,0.5537641400134692,True,bull,neutral,True,NEUTRAL_TO_BULL,
2009-12-18,2009-12-17,2000,1990,0,1,2,0.9999298271757681,0.2831886937929089,False,neutral,bull,True,BULL_TO_NEUTRAL,
2009-12-21,2009-12-18,2000,1990,1,2,0,0.999842845944836,0.5655993086414345,True,bull,neutral,True,NEUTRAL_TO_BULL,
2009-12-22,2009-12-21,2000,1990,2,1,0,0.9996552420379374,0.39585396560066305,False,neutral,bull,True,BULL_TO_NEUTRAL,
2009-12-23,2009-12-22,2000,1990,1,2,0,0.999985549308911,0.5543337793833019,True,bull,neutral,True,NEUTRAL_TO_BULL,
2010-01-04,2009-12-31,2000,1990,0,1,2,0.9829589935176408,0.36808335122993485,False,neutral,bull,True,BULL_TO_NEUTRAL,
2010-01-06,2010-01-05,2000,1990,0,1,2,0.9996700661783718,0.5606960323830218,True,bull,neutral,True,NEUTRAL_TO_BULL,
2010-01-13,2010-01-12,2000,1990,0,1,2,0.9385732526513484,0.3769603921146457,False,neutral,bull,True,BULL_TO_NEUTRAL,
2010-01-15,2010-01-14,2000,1990,0,1,2,0.935689067805816,0.5605294359971421,True,bull,neutral,True,NEUTRAL_TO_BULL,
2010-01-19,2010-01-15,2000,1990,2,1,0,0.9999999977290105,0.3110302023455489,False,neutral,bull,True,BULL_TO_NEUTRAL,
2010-02-17,2010-02-16,2000,1990,2,1,2,1.0,0.5027751877513308,True,bull,neutral,True,NEUTRAL_TO_BULL,
2010-02-18,2010-02-17,2000,1990,2,1,2,1.0,0.32328163550500055,False,neutral,bull,True,BULL_TO_NEUTRAL,
2010-03-01,2010-02-26,2000,1990,0,1,2,0.9767245984433915,0.5630487577663147,True,bull,neutral,True,NEUTRAL_TO_BULL,
2010-03-02,2010-03-01,2000,1990,0,2,1,0.9999984371557965,0.38968345470824395,False,neutral,bull,True,BULL_TO_NEUTRAL,
2010-03-03,2010-03-02,2000,1990,0,1,2,0.9999677487414476,0.559460212112502,True,bull,neutral,True,NEUTRAL_TO_BULL,
2010-03-08,2010-03-05,2000,1990,0,1,0,0.4280962729585853,0.22506687875527595,False,neutral,bull,True,BULL_TO_NEUTRAL,
2010-03-10,2010-03-09,2000,1990,0,2,0,0.8174799464966188,0.5069600806341011,True,bull,neutral,True,NEUTRAL_TO_BULL,
2010-03-11,2010-03-10,2000,1990,2,1,2,1.0,0.32071017755537556,False,neutral,bull,True,BULL_TO_NEUTRAL,
2010-03-19,2010-03-18,2000,1990,0,1,2,0.8767592588074984,0.5603344943896249,True,bull,neutral,True,NEUTRAL_TO_BULL,
2010-03-22,2010-03-19,2000,1990,0,1,2,0.9623158796039315,0.375842956147105,False,neutral,bull,True,BULL_TO_NEUTRAL,
2010-03-23,2010-03-22,2000,1990,0,1,0,0.947853789555728,0.5278766400981684,True,bull,neutral,True,NEUTRAL_TO_BULL,
2010-03-24,2010-03-23,2000,1990,0,1,2,0.9972155627541356,0.4992514408407761,False,neutral,bull,True,BULL_TO_NEUTRAL,
2010-03-26,2010-03-25,2000,1990,0,1,0,0.9978657770429996,0.5453211992998594,True,bull,neutral,True,NEUTRAL_TO_BULL,
2010-04-06,2010-04-05,2000,1990,1,2,1,0.9979068631074456,0.4566910614570626,False,neutral,bull,True,BULL_TO_NEUTRAL,
2010-04-07,2010-04-06,2000,1990,0,1,2,0.9964961347941284,0.564156503230324,True,bull,neutral,True,NEUTRAL_TO_BULL,
2010-04-08,2010-04-07,2000,1990,0,1,2,0.9894851906164346,0.47592389975627514,False,neutral,bull,True,BULL_TO_NEUTRAL,
2010-04-09,2010-04-08,2000,1990,0,2,0,0.3883469163268859,0.5953943878175059,True,bull,neutral,True,NEUTRAL_TO_BULL,
2010-04-15,2010-04-14,2000,1990,0,1,2,0.6722863622698673,0.34557152158840665,False,neutral,bull,True,BULL_TO_NEUTRAL,
2010-04-16,2010-04-15,2000,1990,0,1,0,0.5589810640048549,0.5637532164434174,True,bull,neutral,True,NEUTRAL_TO_BULL,
2010-04-19,2010-04-16,2000,1990,0,1,2,0.9496566427726627,0.14870828563531513,False,neutral,bull,True,BULL_TO_NEUTRAL,
2010-04-20,2010-04-19,2000,1990,0,1,2,0.9732288372494209,0.5551734775450452,True,bull,neutral,True,NEUTRAL_TO_BULL,
2010-04-21,2010-04-20,2000,1990,0,2,0,0.8661162691662898,0.43136006753468176,False,neutral,bull,True,BULL_TO_NEUTRAL,
2010-04-22,2010-04-21,2000,1990,0,1,0,0.970674228333908,0.5473529959172895,True,bull,neutral,True,NEUTRAL_TO_BULL,
2010-04-28,2010-04-27,2000,1990,0,1,2,0.8933941452749098,0.02389681272036442,False,neutral,bull,True,BULL_TO_NEUTRAL,
2010-05-07,2010-05-06,2000,1990,1,1,2,0.8869557825328456,0.8884176542959971,True,bear,neutral,True,NEUTRAL_TO_BEAR,
2010-05-10,2010-05-07,2000,1990,2,2,1,0.9902297043472508,0.36749342072439467,False,neutral,bear,True,BEAR_TO_NEUTRAL,
2010-05-11,2010-05-10,2000,1990,1,0,2,1.0,0.9990601763824669,True,bull,neutral,True,NEUTRAL_TO_BULL,
2010-05-12,2010-05-11,2000,1990,1,1,2,0.9791745332917399,0.1420614489099392,False,neutral,bull,True,BULL_TO_NEUTRAL,
2010-05-21,2010-05-20,2000,1990,2,2,0,0.9651918954458264,0.9501961992274713,True,bear,neutral,True,NEUTRAL_TO_BEAR,
2010-05-24,2010-05-21,2000,1990,2,2,0,0.986816316012554,0.30866559393857196,False,neutral,bear,True,BEAR_TO_NEUTRAL,
2010-05-28,2010-05-27,2000,1990,2,0,1,0.9998619691721737,0.9820696895793438,True,bull,neutral,True,NEUTRAL_TO_BULL,
2010-06-01,2010-05-28,2000,1990,2,2,1,0.7770702294444847,0.3256681666914693,False,neutral,bull,True,BULL_TO_NEUTRAL,
2010-06-03,2010-06-02,2000,1990,1,2,0,0.40543389740798175,0.8971574365322641,True,bull,neutral,True,NEUTRAL_TO_BULL,
2010-06-04,2010-06-03,2000,1990,2,1,0,0.442536854262259,0.3756900538252437,False,neutral,bull,True,BULL_TO_NEUTRAL,
2010-07-08,2010-07-07,2000,1990,1,1,2,0.8595861605525549,0.7996903445809596,True,bear,neutral,True,NEUTRAL_TO_BEAR,
2010-07-09,2010-07-08,2000,1990,1,1,2,0.5725532640104884,0.1935873417603115,False,neutral,bear,True,BEAR_TO_NEUTRAL,
2010-07-19,2010-07-16,2000,1990,1,1,2,0.900322960173894,0.769825982532013,True,bear,neutral,True,NEUTRAL_TO_BEAR,
2010-07-20,2010-07-19,2000,1990,2,1,2,0.9343573504312348,0.3328704354743093,False,neutral,bear,True,BEAR_TO_NEUTRAL,
2010-08-06,2010-08-05,2000,1990,1,2,0,0.8298804786310716,0.550140473997963,True,bull,neutral,True,NEUTRAL_TO_BULL,
2010-08-11,2010-08-10,2000,1990,0,1,2,0.7270058659845979,0.45469988351265467,False,neutral,bull,True,BULL_TO_NEUTRAL,
2010-08-30,2010-08-27,2000,1990,2,1,2,1.0,0.5105320373704265,True,bull,neutral,True,NEUTRAL_TO_BULL,
2010-08-31,2010-08-30,2000,1990,2,1,2,1.0,0.4437708073790885,False,neutral,bull,True,BULL_TO_NEUTRAL,
2010-09-21,2010-09-20,2000,1990,2,1,2,0.9622444972583839,0.5146516751975632,True,bull,neutral,True,NEUTRAL_TO_BULL,
2010-09-22,2010-09-21,2000,1990,2,1,2,0.49521757652574283,0.32753033542214666,False,neutral,bull,True,BULL_TO_NEUTRAL,
2010-09-29,2010-09-28,2000,1990,0,1,2,0.9733851151471343,0.5555561709340913,True,bull,neutral,True,NEUTRAL_TO_BULL,
2010-10-05,2010-10-04,2000,1990,0,1,2,0.999961362230489,0.4250060876644083,False,neutral,bull,True,BULL_TO_NEUTRAL,
2010-10-07,2010-10-06,2000,1990,2,1,0,0.9063288885721221,0.555506383356628,True,bull,neutral,True,NEUTRAL_TO_BULL,
2010-10-14,2010-10-13,2000,1990,0,1,2,0.2447088721499575,0.4709616296139644,False,neutral,bull,True,BULL_TO_NEUTRAL,
2010-10-15,2010-10-14,2000,1990,0,1,2,0.45804463413678054,0.5087482927904662,True,bull,neutral,True,NEUTRAL_TO_BULL,
2010-10-20,2010-10-19,2000,1990,0,1,2,0.9998908326138937,0.3891351292727196,False,neutral,bull,True,BULL_TO_NEUTRAL,
2010-10-22,2010-10-21,2000,1990,0,1,2,0.9999999649902181,0.5593629939795005,True,bull,neutral,True,NEUTRAL_TO_BULL,
2010-11-03,2010-11-02,2000,1990,0,1,2,1.0,0.4666421246413087,False,neutral,bull,True,BULL_TO_NEUTRAL,
2010-11-04,2010-11-03,2000,1990,0,1,2,0.9999999877269771,0.5446949093633787,True,bull,neutral,True,NEUTRAL_TO_BULL,
2010-11-05,2010-11-04,2000,1990,0,1,2,0.5582308918575357,0.05078611926955155,False,neutral,bull,True,BULL_TO_NEUTRAL,
2010-11-19,2010-11-18,2000,1990,2,1,2,1.0,0.5079530251904242,True,bull,neutral,True,NEUTRAL_TO_BULL,
2010-11-22,2010-11-19,2000,1990,2,1,2,1.0,0.32030847237072635,False,neutral,bull,True,BULL_TO_NEUTRAL,
2010-11-30,2010-11-29,2000,1990,0,1,2,0.9898520605099327,0.553286575840102,True,bull,neutral,True,NEUTRAL_TO_BULL,
2010-12-01,2010-11-30,2000,1990,0,1,2,0.9895610339497464,0.4706735370534199,False,neutral,bull,True,BULL_TO_NEUTRAL,
2010-12-17,2010-12-16,2000,1990,0,1,2,0.9931908315069362,0.5182321992773861,True,bull,neutral,True,NEUTRAL_TO_BULL,
2010-12-22,2010-12-21,2000,1990,2,1,0,0.48126671727020964,0.37873720035281017,False,neutral,bull,True,BULL_TO_NEUTRAL,
2010-12-23,2010-12-22,2000,1990,0,1,2,0.9999997715725651,0.55412476832534,True,bull,neutral,True,NEUTRAL_TO_BULL,
2010-12-31,2010-12-30,2000,1990,2,1,0,0.4809229178621166,0.4068419943065103,False,neutral,bull,True,BULL_TO_NEUTRAL,
2011-01-03,2010-12-31,2000,1990,0,1,2,0.9999928442822229,0.5592383796464856,True,bull,neutral,True,NEUTRAL_TO_BULL,
2011-01-04,2011-01-03,2000,1990,0,1,2,0.9999676481313108,0.38391862122267856,False,neutral,bull,True,BULL_TO_NEUTRAL,
2011-01-05,2011-01-04,2000,1990,0,1,2,0.9999963379303737,0.5547945142529049,True,bull,neutral,True,NEUTRAL_TO_BULL,
2011-01-13,2011-01-12,2000,1990,0,2,0,0.9888153798988193,0.43194251700645114,False,neutral,bull,True,BULL_TO_NEUTRAL,
2011-01-14,2011-01-13,2000,1990,0,1,0,0.9903653447513455,0.5435456644261155,True,bull,neutral,True,NEUTRAL_TO_BULL,
2011-01-18,2011-01-14,2000,1990,0,1,0,0.9854407159702553,0.4891054528071921,False,neutral,bull,True,BULL_TO_NEUTRAL,
2011-01-19,2011-01-18,2000,1990,0,1,0,0.9168419087511304,0.5651415985550003,True,bull,neutral,True,NEUTRAL_TO_BULL,
2011-01-20,2011-01-19,2000,1990,0,1,0,0.9512098242888433,0.32880641891394397,False,neutral,bull,True,BULL_TO_NEUTRAL,
2011-01-21,2011-01-20,2000,1990,0,1,0,0.956807527639112,0.5503840056612234,True,bull,neutral,True,NEUTRAL_TO_BULL,
2011-01-28,2011-01-27,2000,1990,0,1,2,0.4891401621354187,0.4211872533271495,False,neutral,bull,True,BULL_TO_NEUTRAL,
2011-02-03,2011-02-02,2000,1990,0,1,2,0.8331754338937852,0.5433299450717127,True,bull,neutral,True,NEUTRAL_TO_BULL,
2011-02-08,2011-02-07,2000,1990,0,1,0,0.24473006549381254,0.5109763974089917,False,neutral,bull,True,BULL_TO_NEUTRAL,
2011-02-16,2011-02-15,2000,1990,0,1,0,0.8422445236136116,0.5230789736009126,True,bull,neutral,True,NEUTRAL_TO_BULL,
2011-02-23,2011-02-22,2000,1990,0,0,2,0.49677740955776656,0.26872982668253764,False,neutral,bull,True,BULL_TO_NEUTRAL,
2011-03-04,2011-03-03,2000,1990,0,1,0,0.9998101363685843,0.5205440806675394,True,bull,neutral,True,NEUTRAL_TO_BULL,
2011-03-07,2011-03-04,2000,1990,0,2,1,0.7183116912284825,0.3999228589499935,False,neutral,bull,True,BULL_TO_NEUTRAL,
2011-03-10,2011-03-09,2000,1990,0,1,0,0.9389524189763617,0.5463483112784355,True,bull,neutral,True,NEUTRAL_TO_BULL,
2011-03-11,2011-03-10,2000,1990,2,1,2,0.7080054759868147,0.06424855348826068,False,neutral,bull,True,BULL_TO_NEUTRAL,
2011-03-18,2011-03-17,2000,1990,2,1,0,0.5598157124166613,0.5012045252357795,True,bull,neutral,True,NEUTRAL_TO_BULL,
2011-03-21,2011-03-18,2000,1990,1,1,0,0.9999999989629182,0.14772757733704767,False,neutral,bull,True,BULL_TO_NEUTRAL,
2011-03-22,2011-03-21,2000,1990,2,1,0,0.7571728499182108,0.5297256825906052,True,bull,neutral,True,NEUTRAL_TO_BULL,
2011-03-23,2011-03-22,2000,1990,2,1,0,0.9999999982398874,0.3485504328305119,False,neutral,bull,True,BULL_TO_NEUTRAL,
2011-04-08,2011-04-07,2000,1990,2,1,2,0.930469567878574,0.5319659126378625,True,bull,neutral,True,NEUTRAL_TO_BULL,
2011-04-13,2011-04-12,2000,1990,0,1,0,0.9995121920865025,0.40558743672423253,False,neutral,bull,True,BULL_TO_NEUTRAL,
2011-04-14,2011-04-13,2000,1990,0,1,0,0.9911718460545669,0.5642716686521497,True,bull,neutral,True,NEUTRAL_TO_BULL,
2011-04-19,2011-04-18,2000,1990,1,0,1,0.8348924201477318,0.26218816231669284,False,neutral,bull,True,BULL_TO_NEUTRAL,
2011-04-20,2011-04-19,2000,1990,2,1,2,0.8668755725825453,0.5216129131403276,True,bull,neutral,True,NEUTRAL_TO_BULL,
2011-04-21,2011-04-20,2000,1990,0,1,0,0.9466276032619325,0.20153012922745328,False,neutral,bull,True,BULL_TO_NEUTRAL,
2011-04-25,2011-04-21,2000,1990,0,1,0,0.8623103383403635,0.5337507677886142,True,bull,neutral,True,NEUTRAL_TO_BULL,
2011-04-27,2011-04-26,2000,1990,0,1,0,0.450767733474362,0.43146717880331104,False,neutral,bull,True,BULL_TO_NEUTRAL,
2011-05-09,2011-05-06,2000,1990,2,1,0,0.7787564122924401,0.5414994991317362,True,bull,neutral,True,NEUTRAL_TO_BULL,
2011-05-11,2011-05-10,2000,1990,0,1,2,0.9182602712131906,0.4371022574949061,False,neutral,bull,True,BULL_TO_NEUTRAL,
2011-05-13,2011-05-12,2000,1990,2,1,0,0.9332876038719313,0.5386880392479301,True,bull,neutral,True,NEUTRAL_TO_BULL,
2011-05-16,2011-05-13,2000,1990,0,1,0,0.9704624823253124,0.4015073685241408,False,neutral,bull,True,BULL_TO_NEUTRAL,
2011-05-18,2011-05-17,2000,1990,1,2,1,0.9689119310782027,0.5609263696454959,True,bull,neutral,True,NEUTRAL_TO_BULL,
2011-05-19,2011-05-18,2000,1990,0,1,0,0.9754440884226878,0.42472116341606975,False,neutral,bull,True,BULL_TO_NEUTRAL,
2011-05-20,2011-05-19,2000,1990,2,1,2,0.9824093965351848,0.5644500060049119,True,bull,neutral,True,NEUTRAL_TO_BULL,
2011-05-23,2011-05-20,2000,1990,0,1,0,0.9721793996657981,0.3894724614349005,False,neutral,bull,True,BULL_TO_NEUTRAL,
2011-05-25,2011-05-24,2000,1990,0,1,0,0.7650329660557076,0.5559757356692216,True,bull,neutral,True,NEUTRAL_TO_BULL,
2011-06-01,2011-05-31,2000,1990,0,2,0,0.7955860030949432,0.35890799712394,False,neutral,bull,True,BULL_TO_NEUTRAL,
2011-06-03,2011-06-02,2000,1990,0,1,2,0.5329956423995023,0.5524465598364162,True,bull,neutral,True,NEUTRAL_TO_BULL,
2011-06-06,2011-06-03,2000,1990,0,1,2,0.7332840739019272,0.4350463821667554,False,neutral,bull,True,BULL_TO_NEUTRAL,
2011-06-20,2011-06-17,2000,1990,0,1,0,0.9191775300649965,0.5446364847425549,True,bull,neutral,True,NEUTRAL_TO_BULL,
2011-06-22,2011-06-21,2000,1990,0,1,0,0.8970468363719618,0.19376018516505583,False,neutral,bull,True,BULL_TO_NEUTRAL,
2011-06-24,2011-06-23,2000,1990,0,1,0,0.9618408606048918,0.5291912000112747,True,bull,neutral,True,NEUTRAL_TO_BULL,
2011-06-27,2011-06-24,2000,1990,1,2,1,0.9140534015630376,0.25216812959107693,False,neutral,bull,True,BULL_TO_NEUTRAL,
2011-07-05,2011-07-01,2000,1990,2,1,0,0.5658618766896464,0.5242618442854887,True,bull,neutral,True,NEUTRAL_TO_BULL,
2011-07-06,2011-07-05,2000,1990,2,1,0,0.23652194825724523,0.32411306763897746,False,neutral,bull,True,BULL_TO_NEUTRAL,
2011-07-12,2011-07-11,2000,1990,1,1,0,0.6973854886196598,0.5235518732194242,True,bear,neutral,True,NEUTRAL_TO_BEAR,
2011-07-13,2011-07-12,2000,1990,2,1,0,0.9936850757606281,0.35649432525071295,False,neutral,bear,True,BEAR_TO_NEUTRAL,
2011-07-20,2011-07-19,2000,1990,0,2,1,1.0,0.5246710228169004,True,bull,neutral,True,NEUTRAL_TO_BULL,
2011-07-21,2011-07-20,2000,1990,2,1,0,1.0,0.3216056381134094,False,neutral,bull,True,BULL_TO_NEUTRAL,
2011-07-22,2011-07-21,2000,1990,2,1,0,0.9744033745941235,0.5095399673749657,True,bull,neutral,True,NEUTRAL_TO_BULL,
2011-07-25,2011-07-22,2000,1990,2,1,0,0.9993450193142857,0.31991119285295827,False,neutral,bull,True,BULL_TO_NEUTRAL,
2011-08-04,2011-08-03,2000,1990,1,1,0,0.9381477103276405,0.9975997185535594,True,bear,neutral,True,NEUTRAL_TO_BEAR,
2011-08-08,2011-08-05,2000,1990,1,1,2,0.9999705313768814,0.12211911906102527,False,neutral,bear,True,BEAR_TO_NEUTRAL,
2011-08-09,2011-08-08,2000,1990,1,1,0,0.9999999223683189,0.9999846850979986,True,bear,neutral,True,NEUTRAL_TO_BEAR,
2011-08-15,2011-08-12,2000,1990,2,2,1,0.9999999366170592,0.13764297632375155,False,neutral,bear,True,BEAR_TO_NEUTRAL,
2011-08-16,2011-08-15,2000,1990,1,1,0,0.9999995085014844,0.5602004245726554,True,bear,neutral,True,NEUTRAL_TO_BEAR,
2011-08-17,2011-08-16,2000,1990,1,1,0,0.9994293290937091,0.21248352431146836,False,neutral,bear,True,BEAR_TO_NEUTRAL,
2011-08-19,2011-08-18,2000,1990,1,1,0,0.9802967536874292,0.9918566082563145,True,bear,neutral,True,NEUTRAL_TO_BEAR,
2011-08-22,2011-08-19,2000,1990,1,1,2,0.9874972727462685,0.45570027124637635,False,neutral,bear,True,BEAR_TO_NEUTRAL,
2011-08-24,2011-08-23,2000,1990,1,1,0,0.982801636937676,0.9231422143161498,True,bear,neutral,True,NEUTRAL_TO_BEAR,
2011-08-25,2011-08-24,2000,1990,1,1,0,0.9429764897302413,0.3045692750814976,False,neutral,bear,True,BEAR_TO_NEUTRAL,
2011-08-30,2011-08-29,2000,1990,1,1,0,0.9626799168717014,0.8276766947188424,True,bear,neutral,True,NEUTRAL_TO_BEAR,
2011-08-31,2011-08-30,2000,1990,2,2,0,0.9864022158263823,0.11485752689580543,False,neutral,bear,True,BEAR_TO_NEUTRAL,
2011-09-06,2011-09-02,2000,1990,1,1,0,0.9677815344200396,0.7726802649787241,True,bear,neutral,True,NEUTRAL_TO_BEAR,
2011-09-07,2011-09-06,2000,1990,1,1,0,0.6171358537321228,0.19027891754861553,False,neutral,bear,True,BEAR_TO_NEUTRAL,
2011-09-08,2011-09-07,2000,1990,1,1,0,0.4039776943377026,0.8089111401743614,True,bear,neutral,True,NEUTRAL_TO_BEAR,
2011-09-09,2011-09-08,2000,1990,0,2,1,0.6779395364918763,0.44245870006052174,False,neutral,bear,True,BEAR_TO_NEUTRAL,
2011-09-15,2011-09-14,2000,1990,0,2,1,0.826015521633203,0.5168647842079764,True,bull,neutral,True,NEUTRAL_TO_BULL,
2011-09-19,2011-09-16,2000,1990,2,1,0,0.9017459658496787,0.3138529970890379,False,neutral,bull,True,BULL_TO_NEUTRAL,
2011-09-23,2011-09-22,2000,1990,1,1,2,0.9225267549182097,0.9086517023648077,True,bear,neutral,True,NEUTRAL_TO_BEAR,
2011-09-26,2011-09-23,2000,1990,1,1,0,0.9764365430715206,0.13357921834184822,False,neutral,bear,True,BEAR_TO_NEUTRAL,
2011-09-27,2011-09-26,2000,1990,1,1,0,0.9785857665222897,0.6454504201904708,True,bear,neutral,True,NEUTRAL_TO_BEAR,
2011-09-28,2011-09-27,2000,1990,1,1,0,0.9782061872021859,0.2212290763956619,False,neutral,bear,True,BEAR_TO_NEUTRAL,
2011-09-29,2011-09-28,2000,1990,1,1,0,0.9841622220604686,0.5943994582693618,True,bear,neutral,True,NEUTRAL_TO_BEAR,
2011-09-30,2011-09-29,2000,1990,1,1,0,0.9512261177011165,0.1561689369180537,False,neutral,bear,True,BEAR_TO_NEUTRAL,
2011-10-03,2011-09-30,2000,1990,1,1,0,0.8732154563518177,0.7450961362513365,True,bear,neutral,True,NEUTRAL_TO_BEAR,
2011-10-06,2011-10-05,2000,1990,1,1,0,0.4822631968787094,0.4614232479682694,False,neutral,bear,True,BEAR_TO_NEUTRAL,
2011-10-07,2011-10-06,2000,1990,2,1,0,0.44081911704346555,0.5222780302820269,True,bull,neutral,True,NEUTRAL_TO_BULL,
2011-10-10,2011-10-07,2000,1990,2,1,0,0.43777335677095786,0.38462844585277706,False,neutral,bull,True,BULL_TO_NEUTRAL,
2011-10-11,2011-10-10,2000,1990,1,1,0,0.9117980447297349,0.9226250579486458,True,bear,neutral,True,NEUTRAL_TO_BEAR,
2011-10-12,2011-10-11,2000,1990,1,1,0,0.9706261105365404,0.11684437380199018,False,neutral,bear,True,BEAR_TO_NEUTRAL,
2011-10-18,2011-10-17,2000,1990,1,1,0,0.9889490285222853,0.5510256623262014,True,bear,neutral,True,NEUTRAL_TO_BEAR,
2011-10-20,2011-10-19,2000,1990,1,1,2,0.5470423252555228,0.30514334196596715,False,neutral,bear,True,BEAR_TO_NEUTRAL,
2011-10-28,2011-10-27,2000,1990,2,2,0,0.9832038501950492,0.9992839519611795,True,bear,neutral,True,NEUTRAL_TO_BEAR,
2011-10-31,2011-10-28,2000,1990,1,1,2,0.9518368787123781,0.12062524928507602,False,neutral,bear,True,BEAR_TO_NEUTRAL,
2011-11-01,2011-10-31,2000,1990,0,0,1,0.8567151815353604,0.7139930645431358,True,bear,neutral,True,NEUTRAL_TO_BEAR,
2011-11-03,2011-11-02,2000,1990,1,1,0,0.71312344119082,0.38853621239336644,False,neutral,bear,True,BEAR_TO_NEUTRAL,
2011-11-04,2011-11-03,2000,1990,0,1,2,0.5790991003739362,0.5129443213298671,True,bull,neutral,True,NEUTRAL_TO_BULL,
2011-11-07,2011-11-04,2000,1990,2,1,0,0.6469316663669141,0.37279766794273966,False,neutral,bull,True,BULL_TO_NEUTRAL,
2011-11-14,2011-11-11,2000,1990,2,1,0,1.0,0.5121974360190207,True,bull,neutral,True,NEUTRAL_TO_BULL,
2011-11-15,2011-11-14,2000,1990,2,1,0,1.0,0.42510148141031046,False,neutral,bull,True,BULL_TO_NEUTRAL,
2011-11-25,2011-11-23,2000,1990,1,1,0,0.9916838425620015,0.63693522057983,True,bear,neutral,True,NEUTRAL_TO_BEAR,
2011-11-28,2011-11-25,2000,1990,1,2,0,1.0,0.1412055881056891,False,neutral,bear,True,BEAR_TO_NEUTRAL,
2011-11-29,2011-11-28,2000,1990,1,1,2,0.9945044886937257,0.784525269663054,True,bear,neutral,True,NEUTRAL_TO_BEAR,
2011-11-30,2011-11-29,2000,1990,1,1,2,0.9769784108126331,0.1216443082149047,False,neutral,bear,True,BEAR_TO_NEUTRAL,
2011-12-01,2011-11-30,2000,1990,1,0,2,1.0,0.9990333303339825,True,bull,neutral,True,NEUTRAL_TO_BULL,
2011-12-02,2011-12-01,2000,1990,2,2,1,0.9663393263714878,0.12186327683351333,False,neutral,bull,True,BULL_TO_NEUTRAL,
2011-12-09,2011-12-08,2000,1990,2,2,1,0.9949368583662868,0.6449466789112618,True,bear,neutral,True,NEUTRAL_TO_BEAR,
2011-12-12,2011-12-09,2000,1990,1,1,0,0.7911058175253751,0.4145559165237556,False,neutral,bear,True,BEAR_TO_NEUTRAL,
2012-01-04,2012-01-03,2000,1990,2,1,0,0.9999979586792386,0.5277873865998916,True,bull,neutral,True,NEUTRAL_TO_BULL,
2012-01-06,2012-01-05,2000,1990,0,2,1,0.6509973825143217,0.3045345263641479,False,neutral,bull,True,BULL_TO_NEUTRAL,
2012-01-10,2012-01-09,2000,1990,0,1,0,0.7667925467665441,0.5724399777159653,True,bull,neutral,True,NEUTRAL_TO_BULL,
2012-01-11,2012-01-10,2000,1990,0,1,2,0.7707641482442215,0.38898163129347246,False,neutral,bull,True,BULL_TO_NEUTRAL,
2012-01-18,2012-01-17,2000,1990,0,1,0,0.9936043247838654,0.5571727407302214,True,bull,neutral,True,NEUTRAL_TO_BULL,
2012-01-19,2012-01-18,2000,1990,0,0,2,0.5785017729005336,0.4171918518150062,False,neutral,bull,True,BULL_TO_NEUTRAL,
2012-01-20,2012-01-19,2000,1990,1,2,1,0.6422049941087717,0.5371726183741848,True,bull,neutral,True,NEUTRAL_TO_BULL,
2012-01-23,2012-01-20,2000,1990,0,1,0,0.2845729161558172,0.5700661187640708,False,neutral,bull,True,BULL_TO_NEUTRAL,
2012-01-24,2012-01-23,2000,1990,2,1,2,0.39626820478661245,0.5707520205399528,True,bull,neutral,True,NEUTRAL_TO_BULL,
2012-01-26,2012-01-25,2000,1990,0,1,0,0.38858070682582563,0.4540695424498599,False,neutral,bull,True,BULL_TO_NEUTRAL,
2012-01-30,2012-01-27,2000,1990,0,1,0,0.7625331614280917,0.5668867595668045,True,bull,neutral,True,NEUTRAL_TO_BULL,
2012-02-02,2012-02-01,2000,1990,2,1,0,0.4715511821170751,0.3746203549230281,False,neutral,bull,True,BULL_TO_NEUTRAL,
2012-02-03,2012-02-02,2000,1990,0,1,0,0.9999974378948706,0.5759673628930837,True,bull,neutral,True,NEUTRAL_TO_BULL,
2012-02-06,2012-02-03,2000,1990,2,1,0,0.5190039338100416,0.36015487217597697,False,neutral,bull,True,BULL_TO_NEUTRAL,
2012-02-07,2012-02-06,2000,1990,2,1,2,0.4743686072391532,0.6259766733519618,True,bull,neutral,True,NEUTRAL_TO_BULL,
2012-02-09,2012-02-08,2000,1990,2,1,2,0.3473480351092419,0.10135946522893087,False,neutral,bull,True,BULL_TO_NEUTRAL,
2012-02-21,2012-02-17,2000,1990,0,1,0,0.9103118250375756,0.5723434021144869,True,bull,neutral,True,NEUTRAL_TO_BULL,
2012-03-07,2012-03-06,2000,1990,2,1,2,0.9923220997479978,0.14980901232870558,False,neutral,bull,True,BULL_TO_NEUTRAL,
2012-03-08,2012-03-07,2000,1990,0,1,0,0.9863476081726539,0.5016433301138318,True,bull,neutral,True,NEUTRAL_TO_BULL,
2012-03-09,2012-03-08,2000,1990,2,2,0,0.529712490995503,0.3387755739058083,False,neutral,bull,True,BULL_TO_NEUTRAL,
2012-03-12,2012-03-09,2000,1990,0,1,0,0.9778369759012968,0.5632242790179747,True,bull,neutral,True,NEUTRAL_TO_BULL,
2012-03-15,2012-03-14,2000,1990,0,2,1,1.0,0.30809419309270075,False,neutral,bull,True,BULL_TO_NEUTRAL,
2012-03-22,2012-03-21,2000,1990,2,0,2,0.470073390514865,0.5212326007011207,True,bull,neutral,True,NEUTRAL_TO_BULL,
2012-03-23,2012-03-22,2000,1990,2,1,0,0.29819524651131013,0.3845202011936334,False,neutral,bull,True,BULL_TO_NEUTRAL,
2012-03-26,2012-03-23,2000,1990,1,2,1,0.9753151977298462,0.569602646396668,True,bull,neutral,True,NEUTRAL_TO_BULL,
2012-03-27,2012-03-26,2000,1990,0,1,0,0.9998113761250018,0.19622385905617612,False,neutral,bull,True,BULL_TO_NEUTRAL,
2012-03-28,2012-03-27,2000,1990,2,1,2,0.997483309407907,0.5332766149132268,True,bull,neutral,True,NEUTRAL_TO_BULL,
2012-03-29,2012-03-28,2000,1990,2,1,2,0.9979705736502432,0.4896306182207799,False,neutral,bull,True,BULL_TO_NEUTRAL,
2012-03-30,2012-03-29,2000,1990,2,1,2,0.9983356710344318,0.5564385143770905,True,bull,neutral,True,NEUTRAL_TO_BULL,
2012-04-03,2012-04-02,2000,1990,0,1,0,0.9907112196529219,0.49300834528918186,False,neutral,bull,True,BULL_TO_NEUTRAL,
2012-04-04,2012-04-03,2000,1990,0,1,0,0.9973040788297509,0.5108178075531192,True,bull,neutral,True,NEUTRAL_TO_BULL,
2012-04-05,2012-04-04,2000,1990,0,1,0,0.9934850627348834,0.31848219618137036,False,neutral,bull,True,BULL_TO_NEUTRAL,
2012-04-09,2012-04-05,2000,1990,0,1,0,0.9928494668775345,0.5696887498918349,True,bull,neutral,True,NEUTRAL_TO_BULL,
2012-04-10,2012-04-09,2000,1990,0,1,0,0.8827955891546722,0.26227632837093406,False,neutral,bull,True,BULL_TO_NEUTRAL,
2012-04-18,2012-04-17,2000,1990,2,1,0,1.0,0.522248918334449,True,bull,neutral,True,NEUTRAL_TO_BULL,
2012-04-19,2012-04-18,2000,1990,0,1,2,0.6682762016520608,0.328731077413365,False,neutral,bull,True,BULL_TO_NEUTRAL,
2012-04-23,2012-04-20,2000,1990,2,1,2,0.9566262593114327,0.577000809281249,True,bull,neutral,True,NEUTRAL_TO_BULL,
2012-04-24,2012-04-23,2000,1990,2,1,2,0.9388276424050414,0.3778503255999529,False,neutral,bull,True,BULL_TO_NEUTRAL,
2012-04-25,2012-04-24,2000,1990,2,1,2,0.9990251630265029,0.5633529886859356,True,bull,neutral,True,NEUTRAL_TO_BULL,
2012-04-26,2012-04-25,2000,1990,0,1,0,0.9904041679024554,0.21239602098585814,False,neutral,bull,True,BULL_TO_NEUTRAL,
2012-04-27,2012-04-26,2000,1990,0,1,0,0.8304759178871753,0.5018116740460966,True,bull,neutral,True,NEUTRAL_TO_BULL,
2012-05-02,2012-05-01,2000,1990,2,1,2,0.1364016591874473,0.5209078798142854,False,neutral,bull,True,BULL_TO_NEUTRAL,
2012-05-22,2012-05-21,2000,1990,1,2,0,0.40260884981476935,0.5255517604352213,True,bull,neutral,True,NEUTRAL_TO_BULL,
2012-05-23,2012-05-22,2000,1990,2,1,0,0.894187690439816,0.30339479877963943,False,neutral,bull,True,BULL_TO_NEUTRAL,
2012-06-01,2012-05-31,2000,1990,2,1,2,0.9181067503560628,0.5463588908445902,True,bull,neutral,True,NEUTRAL_TO_BULL,
2012-06-04,2012-06-01,2000,1990,0,2,1,1.0,0.2763718893020851,False,neutral,bull,True,BULL_TO_NEUTRAL,
2012-07-16,2012-07-13,2000,1990,2,1,0,0.455762228573736,0.528113353309901,True,bull,neutral,True,NEUTRAL_TO_BULL,
2012-07-17,2012-07-16,2000,1990,1,2,0,0.42157558700076947,0.3194489321586064,False,neutral,bull,True,BULL_TO_NEUTRAL,
2012-07-27,2012-07-26,2000,1990,1,2,0,0.5333886755539599,0.5301435156510071,True,bull,neutral,True,NEUTRAL_TO_BULL,
2012-07-31,2012-07-30,2000,1990,2,1,0,1.0,0.3040859968482102,False,neutral,bull,True,BULL_TO_NEUTRAL,
2012-08-20,2012-08-17,2000,1990,0,1,0,1.0,0.5752615286273483,True,bull,neutral,True,NEUTRAL_TO_BULL,
2012-08-24,2012-08-23,2000,1990,0,1,0,1.0,0.384805293515096,False,neutral,bull,True,BULL_TO_NEUTRAL,
2012-08-27,2012-08-24,2000,1990,0,2,0,1.0,0.5243875609528569,True,bull,neutral,True,NEUTRAL_TO_BULL,
2012-08-31,2012-08-30,2000,1990,0,1,0,0.9996294256606192,0.41765325246433704,False,neutral,bull,True,BULL_TO_NEUTRAL,
2012-09-04,2012-08-31,2000,1990,0,2,0,0.9998074363985848,0.5552302056758471,True,bull,neutral,True,NEUTRAL_TO_BULL,
2012-09-07,2012-09-06,2000,1990,0,1,0,0.9723086301559629,0.01850881464629803,False,neutral,bull,True,BULL_TO_NEUTRAL,
2012-09-10,2012-09-07,2000,1990,0,1,0,0.513339057147907,0.5603543859359391,True,bull,neutral,True,NEUTRAL_TO_BULL,
2012-09-11,2012-09-10,2000,1990,1,2,1,0.17484754686122908,0.46705335322033104,False,neutral,bull,True,BULL_TO_NEUTRAL,
2012-09-14,2012-09-13,2000,1990,2,1,0,0.9997053947722806,0.5190465384606895,True,bull,neutral,True,NEUTRAL_TO_BULL,
2012-09-17,2012-09-14,2000,1990,2,1,0,0.7045329356421056,0.3155376770187033,False,neutral,bull,True,BULL_TO_NEUTRAL,
2012-10-03,2012-10-02,2000,1990,0,1,0,0.7080732777793874,0.5755802067192847,True,bull,neutral,True,NEUTRAL_TO_BULL,
2012-10-05,2012-10-04,2000,1990,0,1,0,0.9731620969518232,0.4928139092813375,False,neutral,bull,True,BULL_TO_NEUTRAL,
2012-10-08,2012-10-05,2000,1990,0,2,0,0.9596052041393124,0.5728753031846469,True,bull,neutral,True,NEUTRAL_TO_BULL,
2012-10-10,2012-10-09,2000,1990,0,1,0,0.9624372504244173,0.31246309246698545,False,neutral,bull,True,BULL_TO_NEUTRAL,
2012-10-12,2012-10-11,2000,1990,0,2,0,0.8903982852279174,0.5752442097675203,True,bull,neutral,True,NEUTRAL_TO_BULL,
2012-10-15,2012-10-12,2000,1990,0,1,2,0.5399464316036269,0.36973901047337443,False,neutral,bull,True,BULL_TO_NEUTRAL,
2012-10-18,2012-10-17,2000,1990,0,1,0,0.35995778313337845,0.5550015047850453,True,bull,neutral,True,NEUTRAL_TO_BULL,
2012-10-22,2012-10-19,2000,1990,1,2,1,0.5920709587342423,0.08718783581286264,False,neutral,bull,True,BULL_TO_NEUTRAL,
2012-10-23,2012-10-22,2000,1990,0,2,0,0.6858958223491696,0.5720210765666874,True,bull,neutral,True,NEUTRAL_TO_BULL,
2012-10-24,2012-10-23,2000,1990,2,1,0,1.0,0.4741189068008079,False,neutral,bull,True,BULL_TO_NEUTRAL,
2012-11-06,2012-11-05,2000,1990,0,1,0,0.9900286805595819,0.5737273164986368,True,bull,neutral,True,NEUTRAL_TO_BULL,
2012-11-07,2012-11-06,2000,1990,0,1,0,0.9988286816202253,0.4748035444501389,False,neutral,bull,True,BULL_TO_NEUTRAL,
2012-11-09,2012-11-08,2000,1990,0,1,2,0.3851483347018755,0.5032090331224203,True,bull,neutral,True,NEUTRAL_TO_BULL,
2012-11-12,2012-11-09,2000,1990,2,1,0,1.0,0.30444944418529035,False,neutral,bull,True,BULL_TO_NEUTRAL,
2012-12-05,2012-12-04,2000,1990,0,1,0,0.9383495268415586,0.5554304600754137,True,bull,neutral,True,NEUTRAL_TO_BULL,
2012-12-06,2012-12-05,2000,1990,0,1,2,0.4950940270601532,0.209422203590607,False,neutral,bull,True,BULL_TO_NEUTRAL,
2012-12-07,2012-12-06,2000,1990,0,1,0,1.0,0.5643515594877364,True,bull,neutral,True,NEUTRAL_TO_BULL,
2012-12-14,2012-12-13,2000,1990,0,1,0,0.9998070226458454,0.4497963258185364,False,neutral,bull,True,BULL_TO_NEUTRAL,
2012-12-17,2012-12-14,2000,1990,0,2,0,0.9997906417369525,0.5173512732128993,True,bull,neutral,True,NEUTRAL_TO_BULL,
2012-12-18,2012-12-17,2000,1990,2,1,2,0.9957427339035506,0.315271027088513,False,neutral,bull,True,BULL_TO_NEUTRAL,
2012-12-21,2012-12-20,2000,1990,0,1,0,0.8046079393670108,0.5305408669052921,True,bull,neutral,True,NEUTRAL_TO_BULL,
2012-12-24,2012-12-21,2000,1990,0,1,0,0.8524437323824532,0.10773706701634762,False,neutral,bull,True,BULL_TO_NEUTRAL,
2012-12-26,2012-12-24,2000,1990,2,1,2,0.8364346203729718,0.5270948529828411,True,bull,neutral,True,NEUTRAL_TO_BULL,
2012-12-28,2012-12-27,2000,1990,1,2,1,0.19449901068743958,0.5544663183693666,False,neutral,bull,True,BULL_TO_NEUTRAL,
2013-01-02,2012-12-31,2000,1990,2,1,0,1.0,0.5198338246977345,True,bull,neutral,True,NEUTRAL_TO_BULL,
2013-01-03,2013-01-02,2000,1990,0,1,2,1.0,0.3328854391012752,False,neutral,bull,True,BULL_TO_NEUTRAL,
2013-01-16,2013-01-15,2000,1990,0,1,0,1.0,0.5678691358824183,True,bull,neutral,True,NEUTRAL_TO_BULL,
2013-02-04,2013-02-01,2000,1990,0,1,0,0.9982741395942113,0.38521914142609737,False,neutral,bull,True,BULL_TO_NEUTRAL,
2013-02-07,2013-02-06,2000,1990,0,1,0,1.0,0.5711568383578545,True,bull,neutral,True,NEUTRAL_TO_BULL,
2013-02-20,2013-02-19,2000,1990,1,2,1,1.0,0.4857022516423929,False,neutral,bull,True,BULL_TO_NEUTRAL,
2013-02-27,2013-02-26,2000,1990,2,1,2,0.5416401452820425,0.5059897233844267,True,bull,neutral,True,NEUTRAL_TO_BULL,
2013-02-28,2013-02-27,2000,1990,0,1,0,0.5584797723924254,0.2784008547016001,False,neutral,bull,True,BULL_TO_NEUTRAL,
2013-03-01,2013-02-28,2000,1990,1,2,1,0.6239637601127022,0.5465458418389768,True,bull,neutral,True,NEUTRAL_TO_BULL,
2013-03-06,2013-03-05,2000,1990,0,1,2,1.0,0.38896541262276346,False,neutral,bull,True,BULL_TO_NEUTRAL,
2013-03-20,2013-03-19,2000,1990,0,1,0,1.0,0.5394465522838756,True,bull,neutral,True,NEUTRAL_TO_BULL,
2013-03-22,2013-03-21,2000,1990,0,2,0,1.0,0.372002264026715,False,neutral,bull,True,BULL_TO_NEUTRAL,
2013-03-26,2013-03-25,2000,1990,0,1,0,1.0,0.5040908932638448,True,bull,neutral,True,NEUTRAL_TO_BULL,
2013-03-27,2013-03-26,2000,1990,1,0,1,1.0,0.4707158383167833,False,neutral,bull,True,BULL_TO_NEUTRAL,
2013-03-28,2013-03-27,2000,1990,2,1,2,0.9998762259633432,0.5691809917627751,True,bull,neutral,True,NEUTRAL_TO_BULL,
2013-04-04,2013-04-03,2000,1990,2,1,2,0.9999154919326645,0.3086091954276597,False,neutral,bull,True,BULL_TO_NEUTRAL,
2013-04-05,2013-04-04,2000,1990,0,1,0,0.9998505639886713,0.5592248760180617,True,bull,neutral,True,NEUTRAL_TO_BULL,
2013-04-08,2013-04-05,2000,1990,0,1,0,1.0,0.49632319354612436,False,neutral,bull,True,BULL_TO_NEUTRAL,
2013-04-09,2013-04-08,2000,1990,0,1,0,1.0,0.5083577630484772,True,bull,neutral,True,NEUTRAL_TO_BULL,
2013-04-11,2013-04-10,2000,1990,1,2,1,0.9527633295878254,0.2899365851607177,False,neutral,bull,True,BULL_TO_NEUTRAL,
2013-04-12,2013-04-11,2000,1990,0,1,0,0.3754281263489411,0.5684085378870892,True,bull,neutral,True,NEUTRAL_TO_BULL,
2013-04-15,2013-04-12,2000,1990,2,1,0,1.0,0.3249832182715013,False,neutral,bull,True,BULL_TO_NEUTRAL,
2013-04-17,2013-04-16,2000,1990,2,1,0,1.0,0.5164122823557729,True,bull,neutral,True,NEUTRAL_TO_BULL,
2013-04-18,2013-04-17,2000,1990,2,1,0,1.0,0.46701662160491325,False,neutral,bull,True,BULL_TO_NEUTRAL,
2013-05-29,2013-05-28,2000,1990,0,1,0,1.0,0.522112037141032,True,bull,neutral,True,NEUTRAL_TO_BULL,
2013-05-30,2013-05-29,2000,1990,2,1,2,1.0,0.44067407561224164,False,neutral,bull,True,BULL_TO_NEUTRAL,
2013-05-31,2013-05-30,2000,1990,0,1,0,1.0,0.556532725026979,True,bull,neutral,True,NEUTRAL_TO_BULL,
2013-06-03,2013-05-31,2000,1990,1,2,1,0.8372493199639759,0.16600500688804426,False,neutral,bull,True,BULL_TO_NEUTRAL,
2013-06-04,2013-06-03,2000,1990,0,1,0,0.8155704927989228,0.5294087663213054,True,bull,neutral,True,NEUTRAL_TO_BULL,
2013-06-05,2013-06-04,2000,1990,0,1,0,0.7396176988459278,0.4879558652723923,False,neutral,bull,True,BULL_TO_NEUTRAL,
2013-06-14,2013-06-13,2000,1990,2,1,0,0.31688222266219085,0.5115492326056413,True,bull,neutral,True,NEUTRAL_TO_BULL,
2013-06-17,2013-06-14,2000,1990,2,1,0,0.3232257452766613,0.3754424774007527,False,neutral,bull,True,BULL_TO_NEUTRAL,
2013-07-25,2013-07-24,2000,1990,0,1,0,0.9999959651418932,0.5101807996181008,True,bull,neutral,True,NEUTRAL_TO_BULL,
2013-08-02,2013-08-01,2000,1990,0,2,0,1.0,0.32672056816770534,False,neutral,bull,True,BULL_TO_NEUTRAL,
2013-08-05,2013-08-02,2000,1990,0,1,0,0.9964890554660466,0.5640680629640605,True,bull,neutral,True,NEUTRAL_TO_BULL,
2013-08-07,2013-08-06,2000,1990,0,2,0,0.9703275548084656,0.46297309674662035,False,neutral,bull,True,BULL_TO_NEUTRAL,
2013-08-08,2013-08-07,2000,1990,0,2,1,0.9860107137697208,0.5193654502602247,True,bull,neutral,True,NEUTRAL_TO_BULL,
2013-08-15,2013-08-14,2000,1990,0,1,2,1.0,0.4792318458704483,False,neutral,bull,True,BULL_TO_NEUTRAL,
2013-08-30,2013-08-29,2000,1990,0,1,0,0.8586505025977297,0.5629107195301484,True,bull,neutral,True,NEUTRAL_TO_BULL,
2013-09-05,2013-09-04,2000,1990,0,1,0,0.7754725359919605,0.4590462364800859,False,neutral,bull,True,BULL_TO_NEUTRAL,
2013-09-06,2013-09-05,2000,1990,0,2,0,0.7082316490187979,0.5641754722530097,True,bull,neutral,True,NEUTRAL_TO_BULL,
2013-09-10,2013-09-09,2000,1990,0,2,0,0.20380589542734293,0.4123649196759222,False,neutral,bull,True,BULL_TO_NEUTRAL,
2013-10-17,2013-10-16,2000,1990,2,1,0,0.8410499651659621,0.5007725428576322,True,bull,neutral,True,NEUTRAL_TO_BULL,
2013-10-18,2013-10-17,2000,1990,2,1,0,0.21622105193447685,0.35245181735795117,False,neutral,bull,True,BULL_TO_NEUTRAL,
2013-11-01,2013-10-31,2000,1990,0,1,2,0.9733764227808951,0.5269307156367171,True,bull,neutral,True,NEUTRAL_TO_BULL,
2013-11-08,2013-11-07,2000,1990,0,1,2,1.0,0.22459951907275028,False,neutral,bull,True,BULL_TO_NEUTRAL,
2013-11-12,2013-11-11,2000,1990,0,1,2,1.0,0.5600696083432427,True,bull,neutral,True,NEUTRAL_TO_BULL,
2013-11-14,2013-11-13,2000,1990,0,1,2,0.9547273994319271,0.4623045049970523,False,neutral,bull,True,BULL_TO_NEUTRAL,
2013-11-15,2013-11-14,2000,1990,0,1,0,0.7387611341578872,0.5355595168172979,True,bull,neutral,True,NEUTRAL_TO_BULL,
2013-11-18,2013-11-15,2000,1990,0,1,0,0.017085074348573023,0.5466822432329236,False,neutral,bull,True,BULL_TO_NEUTRAL,
2013-11-25,2013-11-22,2000,1990,0,1,0,0.7123858859599529,0.5355130150527295,True,bull,neutral,True,NEUTRAL_TO_BULL,
2013-12-04,2013-12-03,2000,1990,0,1,0,0.9937121673491909,0.4976289814894198,False,neutral,bull,True,BULL_TO_NEUTRAL,
2013-12-05,2013-12-04,2000,1990,0,1,0,1.0,0.5591561224237473,True,bull,neutral,True,NEUTRAL_TO_BULL,
2013-12-06,2013-12-05,2000,1990,0,1,2,1.0,0.494617849765002,False,neutral,bull,True,BULL_TO_NEUTRAL,
2013-12-10,2013-12-09,2000,1990,0,1,2,1.0,0.5631365356361349,True,bull,neutral,True,NEUTRAL_TO_BULL,
2013-12-12,2013-12-11,2000,1990,0,1,2,0.9625463871517642,0.2737942888296888,False,neutral,bull,True,BULL_TO_NEUTRAL,
2013-12-13,2013-12-12,2000,1990,0,2,1,0.8401682701587846,0.5176480732396405,True,bull,neutral,True,NEUTRAL_TO_BULL,
2013-12-20,2013-12-19,2000,1990,2,1,2,1.0,0.319097421552028,False,neutral,bull,True,BULL_TO_NEUTRAL,
2014-01-06,2014-01-03,2000,1990,0,2,1,0.9077174919143123,0.5598896690036749,True,bull,neutral,True,NEUTRAL_TO_BULL,
2014-01-14,2014-01-13,2000,1990,0,2,1,0.9976221677747777,0.19777719712029096,False,neutral,bull,True,BULL_TO_NEUTRAL,
2014-01-16,2014-01-15,2000,1990,0,2,1,1.0,0.5298178929319101,True,bull,neutral,True,NEUTRAL_TO_BULL,
2014-01-21,2014-01-17,2000,1990,1,2,0,0.9866013582879919,0.4990352985931541,False,neutral,bull,True,BULL_TO_NEUTRAL,
2014-01-22,2014-01-21,2000,1990,1,2,0,1.0,0.5569608018896562,True,bull,neutral,True,NEUTRAL_TO_BULL,
2014-01-24,2014-01-23,2000,1990,0,2,1,0.9909833271860256,0.38599532283151894,False,neutral,bull,True,BULL_TO_NEUTRAL,
2014-02-04,2014-02-03,2000,1990,2,2,0,0.9994551009630338,0.6703814501420512,True,bear,neutral,True,NEUTRAL_TO_BEAR,
2014-02-05,2014-02-04,2000,1990,1,1,2,0.9947280349462774,0.14856445621548747,False,neutral,bear,True,BEAR_TO_NEUTRAL,
2014-02-26,2014-02-25,2000,1990,0,1,2,0.8986641404234466,0.5539763124223805,True,bull,neutral,True,NEUTRAL_TO_BULL,
2014-03-04,2014-03-03,2000,1990,2,1,0,0.9645529084732025,0.42216809126349863,False,neutral,bull,True,BULL_TO_NEUTRAL,
2014-03-06,2014-03-05,2000,1990,0,1,2,0.37203593895055104,0.5575954463302516,True,bull,neutral,True,NEUTRAL_TO_BULL,
2014-03-07,2014-03-06,2000,1990,1,2,1,0.9999613938783947,0.3179931815707649,False,neutral,bull,True,BULL_TO_NEUTRAL,
2014-03-21,2014-03-20,2000,1990,0,1,2,0.7029324211037346,0.5144346916975361,True,bull,neutral,True,NEUTRAL_TO_BULL,
2014-03-24,2014-03-21,2000,1990,1,2,0,0.8174396234656215,0.384295281416371,False,neutral,bull,True,BULL_TO_NEUTRAL,
2014-03-26,2014-03-25,2000,1990,0,1,2,0.9046117081481277,0.5328788692795327,True,bull,neutral,True,NEUTRAL_TO_BULL,
2014-03-27,2014-03-26,2000,1990,2,1,0,0.8852251953352414,0.4205470900735781,False,neutral,bull,True,BULL_TO_NEUTRAL,
2014-03-28,2014-03-27,2000,1990,2,1,0,0.8167144037422978,0.5326939897708505,True,bull,neutral,True,NEUTRAL_TO_BULL,
2014-04-01,2014-03-31,2000,1990,0,2,1,0.8681616988048696,0.4538244477263245,False,neutral,bull,True,BULL_TO_NEUTRAL,
2014-05-01,2014-04-30,2000,1990,1,2,0,1.0,0.5471045059252492,True,bull,neutral,True,NEUTRAL_TO_BULL,
2014-05-07,2014-05-06,2000,1990,0,1,2,1.0,0.3666349533707752,False,neutral,bull,True,BULL_TO_NEUTRAL,
2014-05-08,2014-05-07,2000,1990,0,1,2,1.0,0.5154043739394513,True,bull,neutral,True,NEUTRAL_TO_BULL,
2014-05-13,2014-05-12,2000,1990,0,1,2,1.0,0.39920581189766485,False,neutral,bull,True,BULL_TO_NEUTRAL,
2014-05-14,2014-05-13,2000,1990,0,2,1,0.9640334047200848,0.5572459366368869,True,bull,neutral,True,NEUTRAL_TO_BULL,
2014-05-15,2014-05-14,2000,1990,0,1,2,0.9485757378981421,0.4841540707637025,False,neutral,bull,True,BULL_TO_NEUTRAL,
2014-05-19,2014-05-16,2000,1990,0,2,1,0.9173282338357162,0.5508336473311716,True,bull,neutral,True,NEUTRAL_TO_BULL,
2014-05-21,2014-05-20,2000,1990,0,1,2,0.9731134991676382,0.44210764367471633,False,neutral,bull,True,BULL_TO_NEUTRAL,
2014-05-23,2014-05-22,2000,1990,1,2,0,0.9696582154642763,0.5573634591712788,True,bull,neutral,True,NEUTRAL_TO_BULL,
2014-05-29,2014-05-28,2000,1990,1,2,0,0.03607431779212709,0.5514264428152822,False,neutral,bull,True,BULL_TO_NEUTRAL,
2014-06-16,2014-06-13,2000,1990,0,2,1,0.8587507173146443,0.5536427301789385,True,bull,neutral,True,NEUTRAL_TO_BULL,
2014-06-19,2014-06-18,2000,1990,0,1,2,1.0,0.48092672885587384,False,neutral,bull,True,BULL_TO_NEUTRAL,
2014-06-20,2014-06-19,2000,1990,0,1,2,0.9722813409247143,0.5613075636768595,True,bull,neutral,True,NEUTRAL_TO_BULL,
2014-06-25,2014-06-24,2000,1990,1,2,0,0.9428138967904929,0.45008193257790136,False,neutral,bull,True,BULL_TO_NEUTRAL,
2014-06-26,2014-06-25,2000,1990,1,2,0,0.9376193230445854,0.540270969343496,True,bull,neutral,True,NEUTRAL_TO_BULL,
2014-07-02,2014-07-01,2000,1990,0,1,2,1.0,0.4984010334231119,False,neutral,bull,True,BULL_TO_NEUTRAL,
2014-07-03,2014-07-02,2000,1990,0,1,2,1.0,0.5615210079886874,True,bull,neutral,True,NEUTRAL_TO_BULL,
2014-07-09,2014-07-08,2000,1990,0,1,2,0.8629155911621214,0.43890706176951727,False,neutral,bull,True,BULL_TO_NEUTRAL,
2014-07-10,2014-07-09,2000,1990,0,1,2,0.9663205017050452,0.5418008837371721,True,bull,neutral,True,NEUTRAL_TO_BULL,
2014-07-18,2014-07-17,2000,1990,0,2,1,1.0,0.2674960389683198,False,neutral,bull,True,BULL_TO_NEUTRAL,
2014-07-22,2014-07-21,2000,1990,0,2,1,1.0,0.541116136983389,True,bull,neutral,True,NEUTRAL_TO_BULL,
2014-07-28,2014-07-25,2000,1990,0,2,1,1.0,0.48553096277975055,False,neutral,bull,True,BULL_TO_NEUTRAL,
2014-07-29,2014-07-28,2000,1990,0,1,2,1.0,0.5599373068857784,True,bull,neutral,True,NEUTRAL_TO_BULL,
2014-07-30,2014-07-29,2000,1990,0,1,2,1.0,0.4950021958869367,False,neutral,bull,True,BULL_TO_NEUTRAL,
2014-07-31,2014-07-30,2000,1990,0,1,2,0.998916829452299,0.5594058482257726,True,bull,neutral,True,NEUTRAL_TO_BULL,
2014-08-01,2014-07-31,2000,1990,0,1,0,1.0,0.3689894618465106,False,neutral,bull,True,BULL_TO_NEUTRAL,
2014-09-02,2014-08-29,2000,1990,0,2,1,0.9118352264539289,0.5546830140210611,True,bull,neutral,True,NEUTRAL_TO_BULL,
2014-09-10,2014-09-09,2000,1990,0,1,2,1.0,0.4440501750335702,False,neutral,bull,True,BULL_TO_NEUTRAL,
2014-09-11,2014-09-10,2000,1990,0,1,2,1.0,0.5467135498905025,True,bull,neutral,True,NEUTRAL_TO_BULL,
2014-09-15,2014-09-12,2000,1990,0,1,2,1.0,0.4583991151099347,False,neutral,bull,True,BULL_TO_NEUTRAL,
2014-09-16,2014-09-15,2000,1990,1,2,0,1.0,0.5499235772602781,True,bull,neutral,True,NEUTRAL_TO_BULL,
2014-09-17,2014-09-16,2000,1990,0,1,2,1.0,0.4691523321659818,False,neutral,bull,True,BULL_TO_NEUTRAL,
2014-09-18,2014-09-17,2000,1990,1,2,0,1.0,0.5591807537468204,True,bull,neutral,True,NEUTRAL_TO_BULL,
2014-09-22,2014-09-19,2000,1990,0,1,2,1.0,0.46568662562904645,False,neutral,bull,True,BULL_TO_NEUTRAL,
2014-10-09,2014-10-08,2000,1990,2,1,2,1.0,0.5163262234801118,True,bull,neutral,True,NEUTRAL_TO_BULL,
2014-10-10,2014-10-09,2000,1990,2,1,2,0.99946917648183,0.36122861484940477,False,neutral,bull,True,BULL_TO_NEUTRAL,
2014-10-22,2014-10-21,2000,1990,1,1,0,0.9999867427838087,0.5036778127753195,True,bear,neutral,True,NEUTRAL_TO_BEAR,
2014-10-23,2014-10-22,2000,1990,1,1,2,0.9537388231747175,0.19672365784822865,False,neutral,bear,True,BEAR_TO_NEUTRAL,
2014-11-17,2014-11-14,2000,1990,0,2,1,0.8461194038786667,0.5488424359428292,True,bull,neutral,True,NEUTRAL_TO_BULL,
2014-12-02,2014-12-01,2000,1990,0,2,1,0.9406079516152033,0.428217493951516,False,neutral,bull,True,BULL_TO_NEUTRAL,
2014-12-04,2014-12-03,2000,1990,1,2,0,0.9976368573150727,0.5363540484959749,True,bull,neutral,True,NEUTRAL_TO_BULL,
2014-12-09,2014-12-08,2000,1990,0,1,2,1.0,0.4371249499764894,False,neutral,bull,True,BULL_TO_NEUTRAL,
2014-12-10,2014-12-09,2000,1990,0,1,2,1.0,0.5421528570349495,True,bull,neutral,True,NEUTRAL_TO_BULL,
2014-12-11,2014-12-10,2000,1990,2,1,2,0.9065596134589793,0.41675102930453645,False,neutral,bull,True,BULL_TO_NEUTRAL,
2014-12-19,2014-12-18,2000,1990,2,2,0,0.9985830816322147,0.6855823339562307,True,bear,neutral,True,NEUTRAL_TO_BEAR,
2014-12-22,2014-12-19,2000,1990,1,1,2,0.9947772838104234,0.1366781583052591,False,neutral,bear,True,BEAR_TO_NEUTRAL,
2015-02-27,2015-02-26,2000,1990,0,1,0,0.9994719713365674,0.5301418539118773,True,bull,neutral,True,NEUTRAL_TO_BULL,
2015-03-03,2015-03-02,2000,1990,0,1,0,1.0,0.4878096171507455,False,neutral,bull,True,BULL_TO_NEUTRAL,
2015-03-06,2015-03-05,2000,1990,0,1,2,1.0,0.5349569432601263,True,bull,neutral,True,NEUTRAL_TO_BULL,
2015-03-09,2015-03-06,2000,1990,0,1,2,0.6887642561351794,0.2107668274904478,False,neutral,bull,True,BULL_TO_NEUTRAL,
2015-04-09,2015-04-08,2000,1990,0,1,2,0.9797920690326721,0.5156773761912821,True,bull,neutral,True,NEUTRAL_TO_BULL,
2015-04-13,2015-04-10,2000,1990,0,1,2,0.43970544388833693,0.48934583494879813,False,neutral,bull,True,BULL_TO_NEUTRAL,
2015-04-15,2015-04-14,2000,1990,1,2,0,0.359898852210005,0.5321043945733038,True,bull,neutral,True,NEUTRAL_TO_BULL,
2015-04-16,2015-04-15,2000,1990,0,1,2,0.13951715936062203,0.5118121755162611,False,neutral,bull,True,BULL_TO_NEUTRAL,
2015-04-17,2015-04-16,2000,1990,0,1,2,0.6249330973680367,0.5344594230351581,True,bull,neutral,True,NEUTRAL_TO_BULL,
2015-04-20,2015-04-17,2000,1990,2,1,0,0.9406610798375078,0.3026433094731909,False,neutral,bull,True,BULL_TO_NEUTRAL,
2015-04-22,2015-04-21,2000,1990,0,2,1,1.0,0.5312026377654084,True,bull,neutral,True,NEUTRAL_TO_BULL,
2015-05-01,2015-04-30,2000,1990,1,2,0,0.8479328535907988,0.3502866713985183,False,neutral,bull,True,BULL_TO_NEUTRAL,
2015-05-05,2015-05-04,2000,1990,0,1,2,1.0,0.5254973788471456,True,bull,neutral,True,NEUTRAL_TO_BULL,
2015-05-06,2015-05-05,2000,1990,0,2,1,0.9834111441725668,0.30986279453443194,False,neutral,bull,True,BULL_TO_NEUTRAL,
2015-05-08,2015-05-07,2000,1990,0,1,2,0.659200113794392,0.515508085083213,True,bull,neutral,True,NEUTRAL_TO_BULL,
2015-05-11,2015-05-08,2000,1990,0,1,2,0.6715743402888187,0.28209743070229687,False,neutral,bull,True,BULL_TO_NEUTRAL,
2015-05-13,2015-05-12,2000,1990,0,1,2,0.8243256230738873,0.5178106099278685,True,bull,neutral,True,NEUTRAL_TO_BULL,
2015-05-15,2015-05-14,2000,1990,0,1,2,0.7249492659669877,0.3721215499747518,False,neutral,bull,True,BULL_TO_NEUTRAL,
2015-05-18,2015-05-15,2000,1990,0,1,2,0.31069394557624835,0.5365504166938271,True,bull,neutral,True,NEUTRAL_TO_BULL,
2015-05-19,2015-05-18,2000,1990,1,2,1,1.0,0.33259990516858257,False,neutral,bull,True,BULL_TO_NEUTRAL,
2015-05-26,2015-05-22,2000,1990,0,1,2,0.6900506386022628,0.5208160870236785,True,bull,neutral,True,NEUTRAL_TO_BULL,
2015-05-27,2015-05-26,2000,1990,1,2,0,0.7136367880100195,0.32262228930134684,False,neutral,bull,True,BULL_TO_NEUTRAL,
2015-05-29,2015-05-28,2000,1990,0,1,2,1.0,0.5305936242061571,True,bull,neutral,True,NEUTRAL_TO_BULL,
2015-06-01,2015-05-29,2000,1990,0,1,2,1.0,0.45250348040812005,False,neutral,bull,True,BULL_TO_NEUTRAL,
2015-06-02,2015-06-01,2000,1990,0,1,2,1.0,0.5353541040916742,True,bull,neutral,True,NEUTRAL_TO_BULL,
2015-06-05,2015-06-04,2000,1990,1,2,0,0.9812746416456838,0.39341654790303354,False,neutral,bull,True,BULL_TO_NEUTRAL,
2015-06-08,2015-06-05,2000,1990,1,2,0,0.9772634589898133,0.5239258299233047,True,bull,neutral,True,NEUTRAL_TO_BULL,
2015-06-09,2015-06-08,2000,1990,0,1,2,0.7702739578489508,0.45534706695274096,False,neutral,bull,True,BULL_TO_NEUTRAL,
2015-06-12,2015-06-11,2000,1990,1,0,2,0.791332303860141,0.5278064249316843,True,bull,neutral,True,NEUTRAL_TO_BULL,
2015-06-15,2015-06-12,2000,1990,0,1,2,0.8043841776545635,0.4184147941449025,False,neutral,bull,True,BULL_TO_NEUTRAL,
2015-06-17,2015-06-16,2000,1990,0,1,2,0.8938586438021053,0.5009851068669561,True,bull,neutral,True,NEUTRAL_TO_BULL,
2015-06-19,2015-06-18,2000,1990,1,2,0,0.6149269666816931,0.37995527940509427,False,neutral,bull,True,BULL_TO_NEUTRAL,
2015-06-23,2015-06-22,2000,1990,1,2,0,0.7729973202214233,0.5061028395571897,True,bull,neutral,True,NEUTRAL_TO_BULL,
2015-06-25,2015-06-24,2000,1990,1,2,0,0.9625373573154832,0.42803419813002735,False,neutral,bull,True,BULL_TO_NEUTRAL,
2015-06-26,2015-06-25,2000,1990,0,2,1,0.9488022111497458,0.5109452029744125,True,bull,neutral,True,NEUTRAL_TO_BULL,
2015-06-30,2015-06-29,2000,1990,2,1,2,0.9999817153262618,0.343814985020117,False,neutral,bull,True,BULL_TO_NEUTRAL,
2015-08-06,2015-08-05,2000,1990,1,0,1,0.503936850534861,0.7125572707404814,True,bull,neutral,True,NEUTRAL_TO_BULL,
2015-08-07,2015-08-06,2000,1990,0,1,2,0.731259507877836,0.4035596851193372,False,neutral,bull,True,BULL_TO_NEUTRAL,
2015-08-10,2015-08-07,2000,1990,2,1,0,0.7256661938483432,0.5221275555887072,True,bull,neutral,True,NEUTRAL_TO_BULL,
2015-08-11,2015-08-10,2000,1990,0,2,1,0.9983910843263535,0.2974920196574535,False,neutral,bull,True,BULL_TO_NEUTRAL,
2015-08-13,2015-08-12,2000,1990,0,1,2,0.9982235465535249,0.5335035600742979,True,bull,neutral,True,NEUTRAL_TO_BULL,
2015-08-18,2015-08-17,2000,1990,0,1,2,1.0,0.4950057285359624,False,neutral,bull,True,BULL_TO_NEUTRAL,
2015-08-19,2015-08-18,2000,1990,0,1,2,1.0,0.5101065722879226,True,bull,neutral,True,NEUTRAL_TO_BULL,
2015-08-20,2015-08-19,2000,1990,2,1,0,1.0,0.4123791063141972,False,neutral,bull,True,BULL_TO_NEUTRAL,
2015-08-24,2015-08-21,2000,1990,2,2,1,1.0,0.8870734031783863,True,bear,neutral,True,NEUTRAL_TO_BEAR,
2015-08-26,2015-08-25,2000,1990,1,1,2,1.0,0.3013174327038193,False,neutral,bear,True,BEAR_TO_NEUTRAL,
2015-08-27,2015-08-26,2000,1990,1,1,2,1.0,0.9705166292568852,True,bear,neutral,True,NEUTRAL_TO_BEAR,
2015-08-31,2015-08-28,2000,1990,1,1,2,1.0,0.13503958352958761,False,neutral,bear,True,BEAR_TO_NEUTRAL,
2015-09-02,2015-09-01,2000,1990,1,1,2,1.0,0.8623459222405064,True,bear,neutral,True,NEUTRAL_TO_BEAR,
2015-09-03,2015-09-02,2000,1990,1,1,2,1.0,0.46494301135943594,False,neutral,bear,True,BEAR_TO_NEUTRAL,
2015-09-09,2015-09-08,2000,1990,2,2,0,1.0,0.6986714998225851,True,bear,neutral,True,NEUTRAL_TO_BEAR,
2015-09-10,2015-09-09,2000,1990,1,1,2,0.6972698452275612,0.33103154191658557,False,neutral,bear,True,BEAR_TO_NEUTRAL,
2015-09-29,2015-09-28,2000,1990,1,1,0,1.0,0.7281898137356273,True,bear,neutral,True,NEUTRAL_TO_BEAR,
2015-09-30,2015-09-29,2000,1990,1,1,0,1.0,0.13487563930069665,False,neutral,bear,True,BEAR_TO_NEUTRAL,
2015-11-11,2015-11-10,2000,1990,2,1,0,0.9753456792515969,0.5299460591031523,True,bull,neutral,True,NEUTRAL_TO_BULL,
2015-11-12,2015-11-11,2000,1990,0,1,2,0.8890219576175088,0.49507249608561504,False,neutral,bull,True,BULL_TO_NEUTRAL,
2016-01-08,2016-01-07,2000,1990,1,1,0,1.0,0.7115785553530477,True,bear,neutral,True,NEUTRAL_TO_BEAR,
2016-01-11,2016-01-08,2000,1990,2,2,0,1.0,0.2639392848731501,False,neutral,bear,True,BEAR_TO_NEUTRAL,
2016-01-14,2016-01-13,2000,1990,2,2,0,0.9999999999950846,0.6965870227474785,True,bear,neutral,True,NEUTRAL_TO_BEAR,
2016-01-15,2016-01-14,2000,1990,1,1,2,1.0,0.35830209345754666,False,neutral,bear,True,BEAR_TO_NEUTRAL,
2016-01-19,2016-01-15,2000,1990,1,1,2,1.0,0.6142817564479688,True,bear,neutral,True,NEUTRAL_TO_BEAR,
2016-01-20,2016-01-19,2000,1990,2,2,1,1.0,0.13209364355131165,False,neutral,bear,True,BEAR_TO_NEUTRAL,
2016-01-25,2016-01-22,2000,1990,1,1,2,0.7014222362901478,0.5194847340112562,True,bear,neutral,True,NEUTRAL_TO_BEAR,
2016-01-26,2016-01-25,2000,1990,0,0,2,0.6336683568079708,0.39034797929231035,False,neutral,bear,True,BEAR_TO_NEUTRAL,
2016-02-16,2016-02-12,2000,1990,1,1,2,0.9970715167324382,0.5285763965236155,True,bear,neutral,True,NEUTRAL_TO_BEAR,
2016-02-17,2016-02-16,2000,1990,1,1,2,0.8840269738605032,0.38734848525505583,False,neutral,bear,True,BEAR_TO_NEUTRAL,
2016-03-28,2016-03-24,2000,1990,0,1,0,1.0,0.5329727933215568,True,bull,neutral,True,NEUTRAL_TO_BULL,
2016-03-30,2016-03-29,2000,1990,0,1,2,1.0,0.41217140794359103,False,neutral,bull,True,BULL_TO_NEUTRAL,
2016-03-31,2016-03-30,2000,1990,2,1,0,0.9998451116883953,0.51501064208531,True,bull,neutral,True,NEUTRAL_TO_BULL,
2016-04-04,2016-04-01,2000,1990,0,1,2,0.8391284155992021,0.4745390480488867,False,neutral,bull,True,BULL_TO_NEUTRAL,
2016-04-05,2016-04-04,2000,1990,0,1,2,0.701667762896596,0.5098377386051873,True,bull,neutral,True,NEUTRAL_TO_BULL,
2016-04-06,2016-04-05,2000,1990,0,1,2,0.6700398200866468,0.35214714133842817,False,neutral,bull,True,BULL_TO_NEUTRAL,
2016-04-11,2016-04-08,2000,1990,0,2,1,0.8931017218256817,0.5305741004074381,True,bull,neutral,True,NEUTRAL_TO_BULL,
2016-04-13,2016-04-12,2000,1990,0,2,1,0.9707209208838314,0.4100621315375637,False,neutral,bull,True,BULL_TO_NEUTRAL,
2016-04-27,2016-04-26,2000,1990,0,1,2,1.0,0.5365755578642777,True,bull,neutral,True,NEUTRAL_TO_BULL,
2016-04-29,2016-04-28,2000,1990,0,1,2,1.0,0.3804767124025573,False,neutral,bull,True,BULL_TO_NEUTRAL,
2016-05-13,2016-05-12,2000,1990,0,1,2,0.9625252273616218,0.5380941296910369,True,bull,neutral,True,NEUTRAL_TO_BULL,
2016-05-16,2016-05-13,2000,1990,0,1,2,0.8610740003324202,0.39343656094946994,False,neutral,bull,True,BULL_TO_NEUTRAL,
2016-05-18,2016-05-17,2000,1990,0,1,2,0.49231108638774335,0.5392112597041692,True,bull,neutral,True,NEUTRAL_TO_BULL,
2016-05-23,2016-05-20,2000,1990,0,1,2,0.8131457696721569,0.48337376212260946,False,neutral,bull,True,BULL_TO_NEUTRAL,
2016-05-24,2016-05-23,2000,1990,0,1,2,0.8072698006315285,0.5303973038161529,True,bull,neutral,True,NEUTRAL_TO_BULL,
2016-05-25,2016-05-24,2000,1990,0,1,2,0.958531126803002,0.27808815470697756,False,neutral,bull,True,BULL_TO_NEUTRAL,
2016-06-08,2016-06-07,2000,1990,0,1,2,0.9862040768278156,0.5347511251957924,True,bull,neutral,True,NEUTRAL_TO_BULL,
2016-06-13,2016-06-10,2000,1990,0,2,1,1.0,0.3709045442261498,False,neutral,bull,True,BULL_TO_NEUTRAL,
2016-06-15,2016-06-14,2000,1990,0,1,2,0.4551214362277333,0.5243758050369052,True,bull,neutral,True,NEUTRAL_TO_BULL,
2016-06-16,2016-06-15,2000,1990,2,1,2,0.9528141617891231,0.3353275540397628,False,neutral,bull,True,BULL_TO_NEUTRAL,
2016-07-25,2016-07-22,2000,1990,0,1,2,0.9652069243300408,0.5111277178145464,True,bull,neutral,True,NEUTRAL_TO_BULL,
2016-08-03,2016-08-02,2000,1990,0,1,2,1.0,0.4534151970147414,False,neutral,bull,True,BULL_TO_NEUTRAL,
2016-08-04,2016-08-03,2000,1990,0,1,2,1.0,0.5279034614868706,True,bull,neutral,True,NEUTRAL_TO_BULL,
2016-08-08,2016-08-05,2000,1990,1,2,0,1.0,0.43284350683460754,False,neutral,bull,True,BULL_TO_NEUTRAL,
2016-08-09,2016-08-08,2000,1990,0,1,2,1.0,0.5337284910387998,True,bull,neutral,True,NEUTRAL_TO_BULL,
2016-08-17,2016-08-16,2000,1990,0,2,1,1.0,0.4789924911569237,False,neutral,bull,True,BULL_TO_NEUTRAL,
2016-08-18,2016-08-17,2000,1990,1,2,0,1.0,0.5329482362664432,True,bull,neutral,True,NEUTRAL_TO_BULL,
2016-08-25,2016-08-24,2000,1990,0,1,2,1.0,0.47987119344182216,False,neutral,bull,True,BULL_TO_NEUTRAL,
2016-08-26,2016-08-25,2000,1990,1,2,0,1.0,0.5327579661953109,True,bull,neutral,True,NEUTRAL_TO_BULL,
2016-09-12,2016-09-09,2000,1990,1,2,1,0.9999968196590069,0.21011069601314541,False,neutral,bull,True,BULL_TO_NEUTRAL,
2016-10-07,2016-10-06,2000,1990,1,2,0,0.9979070209649067,0.5138496152280213,True,bull,neutral,True,NEUTRAL_TO_BULL,
2016-10-10,2016-10-07,2000,1990,0,1,2,0.9980443455829141,0.4851189409968243,False,neutral,bull,True,BULL_TO_NEUTRAL,
2016-10-13,2016-10-12,2000,1990,1,2,0,0.9747354092500021,0.5125794281791796,True,bull,neutral,True,NEUTRAL_TO_BULL,
2016-10-14,2016-10-13,2000,1990,1,2,0,0.8795639138096026,0.48728740076937005,False,neutral,bull,True,BULL_TO_NEUTRAL,
2016-10-17,2016-10-14,2000,1990,2,1,0,0.8566261599856293,0.5122759899775656,True,bull,neutral,True,NEUTRAL_TO_BULL,
2016-10-18,2016-10-17,2000,1990,0,1,2,0.713458087972135,0.4820317576281643,False,neutral,bull,True,BULL_TO_NEUTRAL,
2016-10-20,2016-10-19,2000,1990,1,2,0,0.8413046337281322,0.5015559437526516,True,bull,neutral,True,NEUTRAL_TO_BULL,
2016-10-21,2016-10-20,2000,1990,0,1,2,0.9479842897594822,0.49532455609729925,False,neutral,bull,True,BULL_TO_NEUTRAL,
2016-10-24,2016-10-21,2000,1990,1,2,0,0.9723294919350483,0.5071661551322151,True,bull,neutral,True,NEUTRAL_TO_BULL,
2016-10-25,2016-10-24,2000,1990,0,1,2,0.9992302963811562,0.4839612026585927,False,neutral,bull,True,BULL_TO_NEUTRAL,
2016-11-01,2016-10-31,2000,1990,2,1,0,0.998414691468112,0.5130810361218442,True,bull,neutral,True,NEUTRAL_TO_BULL,
2016-11-02,2016-11-01,2000,1990,0,1,2,0.9234869232011546,0.4070296327881776,False,neutral,bull,True,BULL_TO_NEUTRAL,
2016-12-05,2016-12-02,2000,1990,0,2,1,0.9964442428060659,0.5002070921838696,True,bull,neutral,True,NEUTRAL_TO_BULL,
2016-12-06,2016-12-05,2000,1990,1,2,0,0.9999538859304439,0.44510703105061616,False,neutral,bull,True,BULL_TO_NEUTRAL,
2017-08-10,2017-08-09,2000,1990,0,1,2,0.9999681379352909,0.5001092770435417,True,bull,neutral,True,NEUTRAL_TO_BULL,
2017-08-11,2017-08-10,2000,1990,2,1,0,0.8938058502419337,0.15144356213088278,False,neutral,bull,True,BULL_TO_NEUTRAL,
2017-09-08,2017-09-07,2000,1990,0,1,2,0.5300016420991801,0.5002343218761214,True,bull,neutral,True,NEUTRAL_TO_BULL,
2017-09-11,2017-09-08,2000,1990,1,2,0,0.8673139446897238,0.4942544841775024,False,neutral,bull,True,BULL_TO_NEUTRAL,
2017-10-18,2017-10-17,2000,1990,0,1,2,0.9989853598649389,0.505857044980061,True,bull,neutral,True,NEUTRAL_TO_BULL,
2017-10-23,2017-10-20,2000,1990,0,1,2,0.9915401905022273,0.45106900876943284,False,neutral,bull,True,BULL_TO_NEUTRAL,
2017-10-25,2017-10-24,2000,1990,0,1,2,0.9970063945972368,0.5029635030916623,True,bull,neutral,True,NEUTRAL_TO_BULL,
2017-10-26,2017-10-25,2000,1990,0,1,2,0.9976529768380173,0.43567701411118764,False,neutral,bull,True,BULL_TO_NEUTRAL,
2017-10-27,2017-10-26,2000,1990,0,1,2,0.9992628720941207,0.5037536325611914,True,bull,neutral,True,NEUTRAL_TO_BULL,
2017-10-30,2017-10-27,2000,1990,2,1,0,0.9946378562676417,0.3530857949254404,False,neutral,bull,True,BULL_TO_NEUTRAL,
2017-11-01,2017-10-31,2000,1990,2,1,0,0.9957699808796675,0.5046248746271017,True,bull,neutral,True,NEUTRAL_TO_BULL,
2017-11-06,2017-11-03,2000,1990,0,1,2,0.9662337209692583,0.47997244119762233,False,neutral,bull,True,BULL_TO_NEUTRAL,
2017-11-07,2017-11-06,2000,1990,0,1,2,0.8902349191104038,0.5025418739132755,True,bull,neutral,True,NEUTRAL_TO_BULL,
2017-11-10,2017-11-09,2000,1990,0,1,2,0.9965409173688127,0.47549357048832425,False,neutral,bull,True,BULL_TO_NEUTRAL,
2017-11-13,2017-11-10,2000,1990,0,2,1,0.9946696216101046,0.5080756014992129,True,bull,neutral,True,NEUTRAL_TO_BULL,
2017-11-15,2017-11-14,2000,1990,0,2,1,0.9998336704078071,0.49316595814526404,False,neutral,bull,True,BULL_TO_NEUTRAL,
2017-11-21,2017-11-20,2000,1990,0,1,2,0.9980598234809614,0.5055606486228675,True,bull,neutral,True,NEUTRAL_TO_BULL,
2017-11-22,2017-11-21,2000,1990,0,1,2,0.9833065957717958,0.4103701486939098,False,neutral,bull,True,BULL_TO_NEUTRAL,
2017-11-24,2017-11-22,2000,1990,0,1,2,0.9626086602455268,0.5050484994560315,True,bull,neutral,True,NEUTRAL_TO_BULL,
2017-11-29,2017-11-28,2000,1990,2,1,2,0.9909338977584227,0.4170169068057588,False,neutral,bull,True,BULL_TO_NEUTRAL,
2017-12-13,2017-12-12,2000,1990,2,1,0,0.5424850499468303,0.5065049700316097,True,bull,neutral,True,NEUTRAL_TO_BULL,
2017-12-14,2017-12-13,2000,1990,2,1,2,0.580505621664295,0.31812001989147615,False,neutral,bull,True,BULL_TO_NEUTRAL,
2017-12-26,2017-12-22,2000,1990,0,2,1,0.9983749459867185,0.5120120309894631,True,bull,neutral,True,NEUTRAL_TO_BULL,
2018-01-02,2017-12-29,2000,1990,0,1,2,0.9999377472849234,0.4654373343524932,False,neutral,bull,True,BULL_TO_NEUTRAL,
2018-02-05,2018-02-02,2000,1990,1,1,0,0.9086647636242696,0.7817417715243873,True,bear,neutral,True,NEUTRAL_TO_BEAR,
2018-02-08,2018-02-07,2000,1990,1,1,2,0.9999999999981996,0.22753939376571955,False,neutral,bear,True,BEAR_TO_NEUTRAL,
2018-02-09,2018-02-08,2000,1990,1,1,2,1.0,0.991360116137909,True,bear,neutral,True,NEUTRAL_TO_BEAR,
2018-02-14,2018-02-13,2000,1990,1,1,0,0.999999999999968,0.17841086760114466,False,neutral,bear,True,BEAR_TO_NEUTRAL,
2018-02-26,2018-02-23,2000,1990,1,1,2,0.9997947245995292,0.5574289394378379,True,bear,neutral,True,NEUTRAL_TO_BEAR,
2018-02-27,2018-02-26,2000,1990,2,2,0,0.9989971341126868,0.3747676989262072,False,neutral,bear,True,BEAR_TO_NEUTRAL,
2018-03-02,2018-03-01,2000,1990,1,1,0,0.8880055703279008,0.5150184508611153,True,bear,neutral,True,NEUTRAL_TO_BEAR,
2018-03-05,2018-03-02,2000,1990,1,1,0,0.9501825062830529,0.20466505346276073,False,neutral,bear,True,BEAR_TO_NEUTRAL,
2018-03-12,2018-03-09,2000,1990,2,2,0,0.9939970852391612,0.6200061104463589,True,bear,neutral,True,NEUTRAL_TO_BEAR,
2018-03-13,2018-03-12,2000,1990,1,1,2,0.9964417361562682,0.1811142182337521,False,neutral,bear,True,BEAR_TO_NEUTRAL,
2018-03-23,2018-03-22,2000,1990,1,1,2,0.9999999816508837,0.8598594429525389,True,bear,neutral,True,NEUTRAL_TO_BEAR,
2018-03-29,2018-03-28,2000,1990,1,1,0,0.9999999989940128,0.19331889577706482,False,neutral,bear,True,BEAR_TO_NEUTRAL,
2018-04-03,2018-04-02,2000,1990,1,1,2,0.9999999999880077,0.7790652915205729,True,bear,neutral,True,NEUTRAL_TO_BEAR,
2018-04-04,2018-04-03,2000,1990,1,1,2,0.9999999937637581,0.4270455891616683,False,neutral,bear,True,BEAR_TO_NEUTRAL,
2018-04-09,2018-04-06,2000,1990,1,1,2,0.8770698221645119,0.7897008388908905,True,bear,neutral,True,NEUTRAL_TO_BEAR,
2018-04-10,2018-04-09,2000,1990,1,1,2,0.6620909594503004,0.2074108091644047,False,neutral,bear,True,BEAR_TO_NEUTRAL,
2018-04-11,2018-04-10,2000,1990,2,2,0,0.6654483567783496,0.5616909905130828,True,bear,neutral,True,NEUTRAL_TO_BEAR,
2018-04-12,2018-04-11,2000,1990,2,2,1,0.7208285288639514,0.22480017911607758,False,neutral,bear,True,BEAR_TO_NEUTRAL,
2018-10-01,2018-09-28,2000,1990,0,2,1,0.9600165339396793,0.5005650051068053,True,bull,neutral,True,NEUTRAL_TO_BULL,
2018-10-02,2018-10-01,2000,1990,0,2,1,0.9938209964805503,0.4715380918969711,False,neutral,bull,True,BULL_TO_NEUTRAL,
2018-10-09,2018-10-08,2000,1990,0,1,2,0.6406063669430817,0.5013432910308971,True,bull,neutral,True,NEUTRAL_TO_BULL,
2018-10-10,2018-10-09,2000,1990,0,1,2,0.10445164629685941,0.49541034478569485,False,neutral,bull,True,BULL_TO_NEUTRAL,
2018-10-11,2018-10-10,2000,1990,1,1,2,0.9970954730324731,0.9698966493446776,True,bear,neutral,True,NEUTRAL_TO_BEAR,
2018-10-15,2018-10-12,2000,1990,1,1,2,0.9999999883527743,0.4690027595633529,False,neutral,bear,True,BEAR_TO_NEUTRAL,
2018-10-17,2018-10-16,2000,1990,1,1,0,0.9999999830643951,0.8103632039416272,True,bear,neutral,True,NEUTRAL_TO_BEAR,
2018-10-18,2018-10-17,2000,1990,1,1,2,0.9999996241247866,0.172864159773482,False,neutral,bear,True,BEAR_TO_NEUTRAL,
2018-10-19,2018-10-18,2000,1990,1,1,2,0.9999971062033847,0.5145144482639266,True,bear,neutral,True,NEUTRAL_TO_BEAR,
2018-10-22,2018-10-19,2000,1990,1,1,2,0.9999654005526635,0.17466524721103519,False,neutral,bear,True,BEAR_TO_NEUTRAL,
2018-10-25,2018-10-24,2000,1990,1,2,0,0.9999548682398308,0.9913627498707146,True,bull,neutral,True,NEUTRAL_TO_BULL,
2018-10-26,2018-10-25,2000,1990,1,1,2,0.9995174329936176,0.6514372538060217,True,bear,bull,True,BULL_TO_BEAR,
2018-10-30,2018-10-29,2000,1990,1,1,2,1.0,0.2343285956850471,False,neutral,bear,True,BEAR_TO_NEUTRAL,
2018-10-31,2018-10-30,2000,1990,1,1,0,0.9999960677738702,0.5146426905149493,True,bear,neutral,True,NEUTRAL_TO_BEAR,
2018-11-01,2018-10-31,2000,1990,1,1,2,0.9997767787502401,0.34366690779575776,False,neutral,bear,True,BEAR_TO_NEUTRAL,
2018-11-08,2018-11-07,2000,1990,2,2,0,0.999909080883444,0.7935980748511583,True,bear,neutral,True,NEUTRAL_TO_BEAR,
2018-11-09,2018-11-08,2000,1990,1,1,2,0.999996255762678,0.18141662398899724,False,neutral,bear,True,BEAR_TO_NEUTRAL,
2018-11-13,2018-11-12,2000,1990,1,1,2,0.9981537875542104,0.6901467716191146,True,bear,neutral,True,NEUTRAL_TO_BEAR,
2018-11-14,2018-11-13,2000,1990,1,1,2,0.9810663540221037,0.18209445078197956,False,neutral,bear,True,BEAR_TO_NEUTRAL,
2018-11-20,2018-11-19,2000,1990,1,1,2,0.996489380432357,0.6193216115959885,True,bear,neutral,True,NEUTRAL_TO_BEAR,
2018-11-23,2018-11-21,2000,1990,2,2,1,0.9999495568561056,0.18859570205463616,False,neutral,bear,True,BEAR_TO_NEUTRAL,
2018-11-27,2018-11-26,2000,1990,2,2,0,0.9928349995084844,0.5741457896138528,True,bear,neutral,True,NEUTRAL_TO_BEAR,
2018-11-28,2018-11-27,2000,1990,2,2,1,0.9836072386952426,0.18920998184496127,False,neutral,bear,True,BEAR_TO_NEUTRAL,
2018-11-29,2018-11-28,2000,1990,1,1,0,0.9958745739754267,0.838440569875705,True,bear,neutral,True,NEUTRAL_TO_BEAR,
2018-11-30,2018-11-29,2000,1990,1,1,2,0.9999991498501297,0.18890054857371372,False,neutral,bear,True,BEAR_TO_NEUTRAL,
2018-12-06,2018-12-04,2000,1990,2,2,1,0.9999916474061412,0.9699700351462447,True,bear,neutral,True,NEUTRAL_TO_BEAR,
2018-12-07,2018-12-06,2000,1990,2,2,1,0.9999481613546254,0.18252498669774592,False,neutral,bear,True,BEAR_TO_NEUTRAL,
2018-12-10,2018-12-07,2000,1990,1,1,2,0.9999999999917656,0.850336062953039,True,bear,neutral,True,NEUTRAL_TO_BEAR,
2018-12-11,2018-12-10,2000,1990,1,1,2,0.9999631673410445,0.18012219472454838,False,neutral,bear,True,BEAR_TO_NEUTRAL,
2018-12-17,2018-12-14,2000,1990,2,2,0,0.9999979377873199,0.682954323807813,True,bear,neutral,True,NEUTRAL_TO_BEAR,
2018-12-19,2018-12-18,2000,1990,0,0,2,0.999958529426057,0.18015388659953163,False,neutral,bear,True,BEAR_TO_NEUTRAL,
2018-12-20,2018-12-19,2000,1990,1,1,2,0.9999981304606533,0.5404983362474391,True,bear,neutral,True,NEUTRAL_TO_BEAR,
2018-12-28,2018-12-27,2000,1990,2,2,1,0.9999999999943925,0.24711305046980717,False,neutral,bear,True,BEAR_TO_NEUTRAL,
2019-01-04,2019-01-03,2000,1990,1,1,2,0.9999393832500563,0.8528913284233766,True,bear,neutral,True,NEUTRAL_TO_BEAR,
2019-01-08,2019-01-07,2000,1990,2,2,1,0.9999974965510242,0.25179243459106976,False,neutral,bear,True,BEAR_TO_NEUTRAL,
2019-03-06,2019-03-05,2000,1990,0,2,1,0.999824983476287,0.5044726500977361,True,bull,neutral,True,NEUTRAL_TO_BULL,
2019-03-07,2019-03-06,2000,1990,0,2,1,0.9978839279825252,0.41466737042648955,False,neutral,bull,True,BULL_TO_NEUTRAL,
2019-04-16,2019-04-15,2000,1990,1,2,0,0.8363294650900819,0.5045533759606564,True,bull,neutral,True,NEUTRAL_TO_BULL,
2019-04-18,2019-04-17,2000,1990,0,1,2,0.9863549218296126,0.49534988015129516,False,neutral,bull,True,BULL_TO_NEUTRAL,
2019-04-23,2019-04-22,2000,1990,0,1,2,0.993152688356667,0.505204022445002,True,bull,neutral,True,NEUTRAL_TO_BULL,
2019-04-24,2019-04-23,2000,1990,0,1,2,0.6079375763498706,0.3033746664788335,False,neutral,bull,True,BULL_TO_NEUTRAL,
2019-04-26,2019-04-25,2000,1990,0,2,1,0.7957071255300823,0.507266061776322,True,bull,neutral,True,NEUTRAL_TO_BULL,
2019-04-29,2019-04-26,2000,1990,0,2,1,0.7918189794839361,0.44607339396979756,False,neutral,bull,True,BULL_TO_NEUTRAL,
2019-04-30,2019-04-29,2000,1990,0,2,1,0.3686351823546786,0.5015425941764269,True,bull,neutral,True,NEUTRAL_TO_BULL,
2019-05-01,2019-04-30,2000,1990,0,2,1,0.10176517085907373,0.5089438930305166,False,neutral,bull,True,BULL_TO_NEUTRAL,
2019-05-03,2019-05-02,2000,1990,0,1,2,0.8270252347382292,0.5005482283090916,True,bull,neutral,True,NEUTRAL_TO_BULL,
2019-05-06,2019-05-03,2000,1990,0,1,2,0.9262658102201076,0.2700238877677375,False,neutral,bull,True,BULL_TO_NEUTRAL,
2019-05-14,2019-05-13,2000,1990,2,2,1,0.9940177232061262,0.8871535319112669,True,bear,neutral,True,NEUTRAL_TO_BEAR,
2019-05-15,2019-05-14,2000,1990,1,1,2,0.9955965573033172,0.28723436412554404,False,neutral,bear,True,BEAR_TO_NEUTRAL,
2019-06-05,2019-06-04,2000,1990,2,2,1,0.9888646550779077,0.7902249091290007,True,bear,neutral,True,NEUTRAL_TO_BEAR,
2019-06-06,2019-06-05,2000,1990,1,1,2,0.926937405474458,0.2816354553378667,False,neutral,bear,True,BEAR_TO_NEUTRAL,
2019-08-06,2019-08-05,2000,1990,1,1,2,0.9999942976721056,0.9463669207808423,True,bear,neutral,True,NEUTRAL_TO_BEAR,
2019-08-07,2019-08-06,2000,1990,1,1,2,0.9999996362554706,0.49228774177825424,False,neutral,bear,True,BEAR_TO_NEUTRAL,
2019-08-09,2019-08-08,2000,1990,2,2,1,0.9999995228567096,0.7153127042947296,True,bear,neutral,True,NEUTRAL_TO_BEAR,
2019-08-12,2019-08-09,2000,1990,1,1,2,0.9999939282046785,0.27548622197903566,False,neutral,bear,True,BEAR_TO_NEUTRAL,
2019-08-14,2019-08-13,2000,1990,1,1,2,0.9927748761099987,0.551954164890517,True,bear,neutral,True,NEUTRAL_TO_BEAR,
2019-08-16,2019-08-15,2000,1990,0,0,2,0.9760332371829067,0.19547071617253597,False,neutral,bear,True,BEAR_TO_NEUTRAL,
2019-08-19,2019-08-16,2000,1990,2,2,1,0.9306723517327573,0.5200115024237266,True,bear,neutral,True,NEUTRAL_TO_BEAR,
2019-08-20,2019-08-19,2000,1990,1,0,2,0.8638561788557881,0.4124315969849118,False,neutral,bear,True,BEAR_TO_NEUTRAL,
2019-08-26,2019-08-23,2000,1990,1,0,2,0.9255180878918458,0.8639620755239091,True,bull,neutral,True,NEUTRAL_TO_BULL,
2019-08-27,2019-08-26,2000,1990,2,0,1,0.9289159452572138,0.3783130314769425,False,neutral,bull,True,BULL_TO_NEUTRAL,
2019-10-03,2019-10-02,2000,1990,2,0,1,0.9305112217159554,0.6860693024138059,True,bull,neutral,True,NEUTRAL_TO_BULL,
2019-10-04,2019-10-03,2000,1990,2,1,0,0.9168843080022447,0.28908429687362236,False,neutral,bull,True,BULL_TO_NEUTRAL,
2019-10-09,2019-10-08,2000,1990,1,0,2,0.9173741724418188,0.6032973821106069,True,bull,neutral,True,NEUTRAL_TO_BULL,
2019-10-10,2019-10-09,2000,1990,1,0,2,0.7695946169379286,0.32959371579824476,False,neutral,bull,True,BULL_TO_NEUTRAL,
2020-02-03,2020-01-31,2000,1990,2,2,0,0.9344301709717985,0.7417094338877372,True,bear,neutral,True,NEUTRAL_TO_BEAR,
2020-02-04,2020-02-03,2000,1990,1,0,2,0.9040194890016375,0.2705413851605259,False,neutral,bear,True,BEAR_TO_NEUTRAL,
2020-02-05,2020-02-04,2000,1990,1,0,2,0.8040414879628381,0.6004121403891116,True,bull,neutral,True,NEUTRAL_TO_BULL,
2020-02-06,2020-02-05,2000,1990,2,0,1,0.9144842218947393,0.4155166758947961,False,neutral,bull,True,BULL_TO_NEUTRAL,
2020-02-25,2020-02-24,2000,1990,2,0,1,0.9985666385637376,0.9864258875399392,True,bull,neutral,True,NEUTRAL_TO_BULL,
2020-02-26,2020-02-25,2000,1990,2,2,1,0.9999999921113262,0.9749807965202364,True,bear,bull,True,BULL_TO_BEAR,
2020-02-27,2020-02-26,2000,1990,2,2,0,0.999999999954234,0.2153635906453042,False,neutral,bear,True,BEAR_TO_NEUTRAL,
2020-02-28,2020-02-27,2000,1990,2,2,0,0.9999999999999922,0.9997768956374349,True,bear,neutral,True,NEUTRAL_TO_BEAR,
2020-03-02,2020-02-28,2000,1990,2,2,0,0.9993601119558799,0.13355956109870784,False,neutral,bear,True,BEAR_TO_NEUTRAL,
2020-03-03,2020-03-02,2000,1990,2,2,1,0.9999999999999639,0.9999999154745619,True,bear,neutral,True,NEUTRAL_TO_BEAR,
2020-03-20,2020-03-19,2000,1990,1,1,2,0.9999999999996888,0.12228986291262749,False,neutral,bear,True,BEAR_TO_NEUTRAL,
2020-03-23,2020-03-20,2000,1990,1,1,2,0.9999999999983734,0.9999350081812549,True,bear,neutral,True,NEUTRAL_TO_BEAR,
2020-03-26,2020-03-25,2000,1990,1,1,2,0.9999999818756614,0.4579849159881873,False,neutral,bear,True,BEAR_TO_NEUTRAL,
2020-03-27,2020-03-26,2000,1990,1,1,2,0.999999997123565,1.0,True,bear,neutral,True,NEUTRAL_TO_BEAR,
2020-04-08,2020-04-07,2000,1990,1,1,0,0.9997766040597161,0.11178055903456889,False,neutral,bear,True,BEAR_TO_NEUTRAL,
2020-04-09,2020-04-08,2000,1990,1,1,2,0.9999809933220062,0.9995287531593141,True,bear,neutral,True,NEUTRAL_TO_BEAR,
2020-04-13,2020-04-09,2000,1990,2,2,1,0.999999527046247,0.46020237426644095,False,neutral,bear,True,BEAR_TO_NEUTRAL,
2020-04-15,2020-04-14,2000,1990,2,2,1,0.9999999934838789,0.9940005382626681,True,bear,neutral,True,NEUTRAL_TO_BEAR,
2020-04-17,2020-04-16,2000,1990,2,2,1,0.9999999539401303,0.12878338426269564,False,neutral,bear,True,BEAR_TO_NEUTRAL,
2020-04-20,2020-04-17,2000,1990,1,1,2,0.9999998257159449,0.9815751928416935,True,bear,neutral,True,NEUTRAL_TO_BEAR,
2020-04-24,2020-04-23,2000,1990,1,1,2,0.672444712528607,0.11403833725382535,False,neutral,bear,True,BEAR_TO_NEUTRAL,
2020-04-30,2020-04-29,2000,1990,1,1,2,0.9915865125200625,0.9734481758463303,True,bear,neutral,True,NEUTRAL_TO_BEAR,
2020-05-01,2020-04-30,2000,1990,2,2,1,0.9958329763250192,0.2845148225638545,False,neutral,bear,True,BEAR_TO_NEUTRAL,
2020-05-04,2020-05-01,2000,1990,2,2,1,0.9950861381775451,0.9510481128777842,True,bear,neutral,True,NEUTRAL_TO_BEAR,
2020-05-05,2020-05-04,2000,1990,1,1,2,0.9946704015918995,0.11663386140432995,False,neutral,bear,True,BEAR_TO_NEUTRAL,
2020-05-08,2020-05-07,2000,1990,2,1,2,0.6489101230057163,0.5222486290259852,True,bull,neutral,True,NEUTRAL_TO_BULL,
2020-05-11,2020-05-08,2000,1990,1,2,1,0.4808568320281581,0.41013373909229917,False,neutral,bull,True,BULL_TO_NEUTRAL,
2020-05-15,2020-05-14,2000,1990,2,1,2,0.4277383269253115,0.5233850444422853,True,bull,neutral,True,NEUTRAL_TO_BULL,
2020-05-18,2020-05-15,2000,1990,1,2,1,0.5588657653700289,0.39026619629451126,False,neutral,bull,True,BULL_TO_NEUTRAL,
2020-05-19,2020-05-18,2000,1990,1,1,2,0.8109014852652733,0.9967565164926303,True,bear,neutral,True,NEUTRAL_TO_BEAR,
2020-05-20,2020-05-19,2000,1990,2,2,1,0.859673083224631,0.3244531011079422,False,neutral,bear,True,BEAR_TO_NEUTRAL,
2020-05-21,2020-05-20,2000,1990,2,2,1,0.9492651543265384,0.5820679580554212,True,bear,neutral,True,NEUTRAL_TO_BEAR,
2020-05-22,2020-05-21,2000,1990,1,1,2,0.967403748321285,0.20523992115239306,False,neutral,bear,True,BEAR_TO_NEUTRAL,
2020-06-08,2020-06-05,2000,1990,1,1,2,0.9992004576825463,0.9700503305440703,True,bear,neutral,True,NEUTRAL_TO_BEAR,
2020-06-09,2020-06-08,2000,1990,1,1,2,0.9998104356709182,0.32129898895439407,False,neutral,bear,True,BEAR_TO_NEUTRAL,
2020-06-12,2020-06-11,2000,1990,2,2,1,0.9998704953618094,0.9999947244296014,True,bear,neutral,True,NEUTRAL_TO_BEAR,
2020-06-15,2020-06-12,2000,1990,1,1,2,0.9998786302099492,0.3208471006963981,False,neutral,bear,True,BEAR_TO_NEUTRAL,
2020-06-17,2020-06-16,2000,1990,2,2,1,0.999785665754565,0.7380267417132983,True,bear,neutral,True,NEUTRAL_TO_BEAR,
2020-06-18,2020-06-17,2000,1990,2,2,1,0.9997901853118275,0.15116692686263258,False,neutral,bear,True,BEAR_TO_NEUTRAL,
2020-06-25,2020-06-24,2000,1990,2,2,1,0.8115221691438995,0.9301509746737201,True,bear,neutral,True,NEUTRAL_TO_BEAR,
2020-06-26,2020-06-25,2000,1990,1,2,1,0.7631574074087771,0.5141087340860035,True,bull,bear,True,BEAR_TO_BULL,
2020-06-29,2020-06-26,2000,1990,2,2,1,0.7732127672595505,0.8999255283538699,True,bear,bull,True,BULL_TO_BEAR,
2020-06-30,2020-06-29,2000,1990,2,2,1,0.8413980613056038,0.4649751615891738,False,neutral,bear,True,BEAR_TO_NEUTRAL,
2020-07-07,2020-07-06,2000,1990,1,1,2,0.9546799887473199,0.5026654803223334,True,bear,neutral,True,NEUTRAL_TO_BEAR,
2020-07-08,2020-07-07,2000,1990,2,2,1,0.9723010134773158,0.34246869301743266,False,neutral,bear,True,BEAR_TO_NEUTRAL,
2020-07-15,2020-07-14,2000,1990,2,1,2,0.7228666686866783,0.5155683711495148,True,bull,neutral,True,NEUTRAL_TO_BULL,
2020-07-16,2020-07-15,2000,1990,2,1,2,0.7088296413234232,0.4950046940052554,False,neutral,bull,True,BULL_TO_NEUTRAL,
2020-07-30,2020-07-29,2000,1990,2,1,2,1.0,0.5195569554620705,True,bull,neutral,True,NEUTRAL_TO_BULL,
2020-07-31,2020-07-30,2000,1990,1,2,1,1.0,0.3430528353123304,False,neutral,bull,True,BULL_TO_NEUTRAL,
2020-08-25,2020-08-24,2000,1990,0,2,0,1.0,0.5104162669425263,True,bull,neutral,True,NEUTRAL_TO_BULL,
2020-08-26,2020-08-25,2000,1990,2,1,2,1.0,0.37061839629085425,False,neutral,bull,True,BULL_TO_NEUTRAL,
2020-08-27,2020-08-26,2000,1990,2,1,2,0.48247356166633104,0.5121617768009653,True,bull,neutral,True,NEUTRAL_TO_BULL,
2020-08-28,2020-08-27,2000,1990,2,1,2,0.16528552675991845,0.3536085831307757,False,neutral,bull,True,BULL_TO_NEUTRAL,
2020-09-04,2020-09-03,2000,1990,2,2,1,0.9735136164622158,0.9893842196706434,True,bear,neutral,True,NEUTRAL_TO_BEAR,
2020-09-08,2020-09-04,2000,1990,1,1,2,0.9299720534051696,0.26085817296625613,False,neutral,bear,True,BEAR_TO_NEUTRAL,
2020-09-09,2020-09-08,2000,1990,2,2,1,0.9982538409766804,0.9478911187955097,True,bear,neutral,True,NEUTRAL_TO_BEAR,
2020-09-14,2020-09-11,2000,1990,2,2,1,0.9999656203908056,0.12092689992692993,False,neutral,bear,True,BEAR_TO_NEUTRAL,
2020-09-21,2020-09-18,2000,1990,1,1,2,0.5931250167574372,0.6187747707670256,True,bear,neutral,True,NEUTRAL_TO_BEAR,
2020-09-22,2020-09-21,2000,1990,2,2,1,0.8338688469471993,0.39541084680783356,False,neutral,bear,True,BEAR_TO_NEUTRAL,
2020-09-24,2020-09-23,2000,1990,2,2,1,0.9881380416277781,0.8869671275410329,True,bear,neutral,True,NEUTRAL_TO_BEAR,
2020-09-25,2020-09-24,2000,1990,1,1,2,0.9975919824560617,0.1246374722280398,False,neutral,bear,True,BEAR_TO_NEUTRAL,
2020-09-28,2020-09-25,2000,1990,1,1,2,0.9979014100451769,0.558241151965934,True,bear,neutral,True,NEUTRAL_TO_BEAR,
2020-09-30,2020-09-29,2000,1990,1,1,2,0.9722777790800893,0.18288902917488079,False,neutral,bear,True,BEAR_TO_NEUTRAL,
2020-10-06,2020-10-05,2000,1990,0,0,2,0.9829916459090179,0.6608095350231257,True,bear,neutral,True,NEUTRAL_TO_BEAR,
2020-10-09,2020-10-08,2000,1990,1,1,2,0.8640219607015116,0.21904012555015778,False,neutral,bear,True,BEAR_TO_NEUTRAL,
2020-10-13,2020-10-12,2000,1990,2,2,1,0.996715590004937,0.5602104849149008,True,bear,neutral,True,NEUTRAL_TO_BEAR,
2020-10-14,2020-10-13,2000,1990,1,1,2,0.9977305700310765,0.21369664971258864,False,neutral,bear,True,BEAR_TO_NEUTRAL,
2020-10-20,2020-10-19,2000,1990,2,2,1,0.9624757826904456,0.6176580875070379,True,bear,neutral,True,NEUTRAL_TO_BEAR,
2020-10-21,2020-10-20,2000,1990,2,2,1,0.5347633969981895,0.13602797619795212,False,neutral,bear,True,BEAR_TO_NEUTRAL,
2020-10-29,2020-10-28,2000,1990,1,1,2,0.9940126825485951,0.9900474257685208,True,bear,neutral,True,NEUTRAL_TO_BEAR,
2020-10-30,2020-10-29,2000,1990,1,1,2,0.998159015897758,0.25856294444158134,False,neutral,bear,True,BEAR_TO_NEUTRAL,
2020-11-04,2020-11-03,2000,1990,1,1,2,0.9992382374090312,0.660207637136861,True,bear,neutral,True,NEUTRAL_TO_BEAR,
2020-11-09,2020-11-06,2000,1990,2,2,1,0.9999467155210966,0.12726050606326786,False,neutral,bear,True,BEAR_TO_NEUTRAL,
2020-12-02,2020-12-01,2000,1990,2,1,2,0.5651208293714616,0.5167745970513481,True,bull,neutral,True,NEUTRAL_TO_BULL,
2020-12-03,2020-12-02,2000,1990,2,1,2,0.27160002735441097,0.34616135587778746,False,neutral,bull,True,BULL_TO_NEUTRAL,
2021-01-21,2021-01-20,2000,1990,2,1,2,0.9948998519492696,0.5003219053176948,True,bull,neutral,True,NEUTRAL_TO_BULL,
2021-01-22,2021-01-21,2000,1990,2,0,2,0.9999998241308411,0.3337364847816348,False,neutral,bull,True,BULL_TO_NEUTRAL,
2021-02-01,2021-01-29,2000,1990,1,1,2,0.9410754561475687,0.7822900578191399,True,bear,neutral,True,NEUTRAL_TO_BEAR,
2021-02-03,2021-02-02,2000,1990,1,1,2,0.9389077952655109,0.43528610438311904,False,neutral,bear,True,BEAR_TO_NEUTRAL,
2021-02-24,2021-02-23,2000,1990,0,1,2,0.4318543427600766,0.537646521774783,True,bull,neutral,True,NEUTRAL_TO_BULL,
2021-02-25,2021-02-24,2000,1990,0,1,2,0.3425487873105343,0.19689318812313353,False,neutral,bull,True,BULL_TO_NEUTRAL,
2021-03-08,2021-03-05,2000,1990,1,1,2,0.84806150491117,0.6838414658941215,True,bear,neutral,True,NEUTRAL_TO_BEAR,
2021-03-09,2021-03-08,2000,1990,1,1,2,0.8501622042497401,0.1824480432924112,False,neutral,bear,True,BEAR_TO_NEUTRAL,
2021-03-19,2021-03-18,2000,1990,1,1,2,0.9735108899332572,0.579192855404911,True,bear,neutral,True,NEUTRAL_TO_BEAR,
2021-03-22,2021-03-19,2000,1990,1,1,2,0.9158687537777167,0.18643591840801155,False,neutral,bear,True,BEAR_TO_NEUTRAL,
2021-04-26,2021-04-23,2000,1990,1,2,1,1.0,0.5084604006402732,True,bull,neutral,True,NEUTRAL_TO_BULL,
2021-04-27,2021-04-26,2000,1990,1,2,1,1.0,0.34451129325672936,False,neutral,bull,True,BULL_TO_NEUTRAL,
2021-05-13,2021-05-12,2000,1990,1,1,2,0.8626983299946328,0.8417880413417901,True,bear,neutral,True,NEUTRAL_TO_BEAR,
2021-05-14,2021-05-13,2000,1990,1,1,2,0.9079788723594885,0.3675877168943744,False,neutral,bear,True,BEAR_TO_NEUTRAL,
2021-05-17,2021-05-14,2000,1990,1,1,2,0.9052285440948016,0.5511427705716957,True,bear,neutral,True,NEUTRAL_TO_BEAR,
2021-05-18,2021-05-17,2000,1990,1,1,2,0.8877954682381426,0.1457097675007225,False,neutral,bear,True,BEAR_TO_NEUTRAL,
2021-05-25,2021-05-24,2000,1990,2,1,2,0.4044159047653674,0.5062207611134152,True,bull,neutral,True,NEUTRAL_TO_BULL,
2021-05-26,2021-05-25,2000,1990,1,2,1,0.265426002133615,0.3273826079782067,False,neutral,bull,True,BULL_TO_NEUTRAL,
2021-06-09,2021-06-08,2000,1990,0,1,2,0.7841569876927478,0.5440874051891996,True,bull,neutral,True,NEUTRAL_TO_BULL,
2021-06-11,2021-06-10,2000,1990,0,1,2,0.7156444135498372,0.4664598795003619,False,neutral,bull,True,BULL_TO_NEUTRAL,
2021-06-14,2021-06-11,2000,1990,0,2,1,0.42741479711414065,0.5360671545136232,True,bull,neutral,True,NEUTRAL_TO_BULL,
2021-06-15,2021-06-14,2000,1990,2,1,2,0.9935330113064456,0.3424285572254085,False,neutral,bull,True,BULL_TO_NEUTRAL,
2021-06-18,2021-06-17,2000,1990,0,2,1,0.9841871547206078,0.544731161781318,True,bull,neutral,True,NEUTRAL_TO_BULL,
2021-06-21,2021-06-18,2000,1990,2,1,2,0.9840817985184938,0.2870989317849538,False,neutral,bull,True,BULL_TO_NEUTRAL,
2021-07-12,2021-07-09,2000,1990,2,1,2,0.8948841363463068,0.5111632763543912,True,bull,neutral,True,NEUTRAL_TO_BULL,
2021-07-13,2021-07-12,2000,1990,1,2,1,0.8000630041736493,0.3592916488171184,False,neutral,bull,True,BULL_TO_NEUTRAL,
2021-07-26,2021-07-23,2000,1990,2,1,2,0.38455121775315465,0.5089382473549215,True,bull,neutral,True,NEUTRAL_TO_BULL,
2021-07-27,2021-07-26,2000,1990,2,1,2,0.16290462976848216,0.34263458224244203,False,neutral,bull,True,BULL_TO_NEUTRAL,
2021-08-09,2021-08-06,2000,1990,0,1,2,0.863337880027986,0.5387422723690001,True,bull,neutral,True,NEUTRAL_TO_BULL,
2021-08-12,2021-08-11,2000,1990,0,1,2,0.28751617560727016,0.5275706846102921,False,neutral,bull,True,BULL_TO_NEUTRAL,
2021-09-21,2021-09-20,2000,1990,1,1,2,0.9301181556730744,0.6684868184130967,True,bear,neutral,True,NEUTRAL_TO_BEAR,
2021-09-22,2021-09-21,2000,1990,2,2,1,0.9865253143666354,0.1328652766701441,False,neutral,bear,True,BEAR_TO_NEUTRAL,
2021-09-29,2021-09-28,2000,1990,1,1,2,0.9643068003608662,0.7929636672936852,True,bear,neutral,True,NEUTRAL_TO_BEAR,
2021-09-30,2021-09-29,2000,1990,1,1,2,0.927945341084368,0.12905910502903434,False,neutral,bear,True,BEAR_TO_NEUTRAL,
2021-10-05,2021-10-04,2000,1990,2,2,1,0.9738330868400837,0.5028123231659953,True,bear,neutral,True,NEUTRAL_TO_BEAR,
2021-10-06,2021-10-05,2000,1990,1,0,2,0.9995750950303735,0.43872977670601987,False,neutral,bear,True,BEAR_TO_NEUTRAL,
2021-11-30,2021-11-29,2000,1990,2,1,2,0.9024170057242784,0.5174314238619332,True,bull,neutral,True,NEUTRAL_TO_BULL,
2021-12-01,2021-11-30,2000,1990,2,2,1,0.9011348536101806,0.7749087763586818,True,bear,bull,True,BULL_TO_BEAR,
2021-12-02,2021-12-01,2000,1990,2,2,1,0.9971579580837415,0.4198577982429307,False,neutral,bear,True,BEAR_TO_NEUTRAL,
2021-12-03,2021-12-02,2000,1990,1,1,2,0.9979414607954604,0.5379638733307875,True,bear,neutral,True,NEUTRAL_TO_BEAR,
2021-12-06,2021-12-03,2000,1990,1,1,2,0.9986968481240721,0.3117716076534028,False,neutral,bear,True,BEAR_TO_NEUTRAL,
2021-12-08,2021-12-07,2000,1990,1,1,2,0.9969033410249636,0.825502885229013,True,bear,neutral,True,NEUTRAL_TO_BEAR,
2021-12-09,2021-12-08,2000,1990,1,1,2,0.9978556223233592,0.13577322055263866,False,neutral,bear,True,BEAR_TO_NEUTRAL,
2021-12-16,2021-12-15,2000,1990,1,1,2,0.9896832763315296,0.558881775651,True,bear,neutral,True,NEUTRAL_TO_BEAR,
2021-12-17,2021-12-16,2000,1990,2,2,1,0.9712493088320305,0.31744650691900317,False,neutral,bear,True,BEAR_TO_NEUTRAL,
2021-12-20,2021-12-17,2000,1990,1,1,2,0.6491610392220851,0.56892773642557,True,bear,neutral,True,NEUTRAL_TO_BEAR,
2021-12-21,2021-12-20,2000,1990,2,2,1,0.921554018464506,0.4023499590457019,False,neutral,bear,True,BEAR_TO_NEUTRAL,
2021-12-22,2021-12-21,2000,1990,1,1,2,0.9167757073402393,0.6805566654665659,True,bear,neutral,True,NEUTRAL_TO_BEAR,
2021-12-23,2021-12-22,2000,1990,2,2,0,0.8735347039063471,0.2845959528605271,False,neutral,bear,True,BEAR_TO_NEUTRAL,
2022-01-06,2022-01-05,2000,1990,2,2,1,0.4826878128759002,0.7660701863132815,True,bear,neutral,True,NEUTRAL_TO_BEAR,
2022-01-07,2022-01-06,2000,1990,1,2,1,0.6660685162368326,0.3099142265210587,False,neutral,bear,True,BEAR_TO_NEUTRAL,
2022-01-24,2022-01-21,2000,1990,1,1,2,0.999599768566664,0.716987133387536,True,bear,neutral,True,NEUTRAL_TO_BEAR,
2022-01-25,2022-01-24,2000,1990,1,1,2,0.9998932074528435,0.13220054729786682,False,neutral,bear,True,BEAR_TO_NEUTRAL,
2022-01-31,2022-01-28,2000,1990,1,1,2,0.9996416763088822,0.934630332959862,True,bear,neutral,True,NEUTRAL_TO_BEAR,
2022-02-02,2022-02-01,2000,1990,2,2,1,0.9902623904671001,0.1686302085586563,False,neutral,bear,True,BEAR_TO_NEUTRAL,
2022-02-04,2022-02-03,2000,1990,2,2,1,0.9965517569801076,0.8269396287952275,True,bear,neutral,True,NEUTRAL_TO_BEAR,
2022-02-07,2022-02-04,2000,1990,1,1,2,0.996748461406216,0.13833131289232323,False,neutral,bear,True,BEAR_TO_NEUTRAL,
2022-02-11,2022-02-10,2000,1990,1,1,2,0.5013076220024987,0.6425170917759153,True,bear,neutral,True,NEUTRAL_TO_BEAR,
2022-02-15,2022-02-14,2000,1990,1,1,2,0.9187274585902648,0.15049189560686063,False,neutral,bear,True,BEAR_TO_NEUTRAL,
2022-02-16,2022-02-15,2000,1990,2,1,2,0.3014043814778832,0.5267596864858409,True,bull,neutral,True,NEUTRAL_TO_BULL,
2022-02-17,2022-02-16,2000,1990,2,1,2,0.7962969449898666,0.30343793620484977,False,neutral,bull,True,BULL_TO_NEUTRAL,
2022-02-24,2022-02-23,2000,1990,1,1,2,0.9993163984309897,0.6585584572826633,True,bear,neutral,True,NEUTRAL_TO_BEAR,
2022-02-25,2022-02-24,2000,1990,1,1,2,0.996989834980367,0.4251001041300927,False,neutral,bear,True,BEAR_TO_NEUTRAL,
2022-02-28,2022-02-25,2000,1990,1,1,2,0.9890671600099532,0.7898680295736761,True,bear,neutral,True,NEUTRAL_TO_BEAR,
2022-03-01,2022-02-28,2000,1990,1,1,2,0.9870490704419828,0.14331886127580648,False,neutral,bear,True,BEAR_TO_NEUTRAL,
2022-03-02,2022-03-01,2000,1990,2,2,1,0.9887197461027204,0.5680658934706947,True,bear,neutral,True,NEUTRAL_TO_BEAR,
2022-03-04,2022-03-03,2000,1990,1,1,2,0.7412154787066051,0.1842339241707377,False,neutral,bear,True,BEAR_TO_NEUTRAL,
2022-03-08,2022-03-07,2000,1990,1,1,2,0.9380423904438697,0.9215306209412839,True,bear,neutral,True,NEUTRAL_TO_BEAR,
2022-03-09,2022-03-08,2000,1990,1,1,2,0.9916514926747466,0.2634080564775853,False,neutral,bear,True,BEAR_TO_NEUTRAL,
2022-03-10,2022-03-09,2000,1990,1,1,2,0.9857703000358233,0.9697381525007777,True,bear,neutral,True,NEUTRAL_TO_BEAR,
2022-03-11,2022-03-10,2000,1990,2,2,1,0.9874937591718639,0.1748767714953579,False,neutral,bear,True,BEAR_TO_NEUTRAL,
2022-03-16,2022-03-15,2000,1990,1,1,2,0.9876202874645479,0.8114273132898839,True,bear,neutral,True,NEUTRAL_TO_BEAR,
2022-03-18,2022-03-17,2000,1990,1,1,2,0.9937262713713091,0.3491815267855273,False,neutral,bear,True,BEAR_TO_NEUTRAL,
2022-04-01,2022-03-31,2000,1990,2,2,1,0.9154940341495803,0.5770822094513655,True,bear,neutral,True,NEUTRAL_TO_BEAR,
2022-04-04,2022-04-01,2000,1990,1,1,2,0.8400998400575916,0.12967650693525695,False,neutral,bear,True,BEAR_TO_NEUTRAL,
2022-04-12,2022-04-11,2000,1990,2,2,1,0.9352175657932701,0.6353010975056674,True,bear,neutral,True,NEUTRAL_TO_BEAR,
2022-04-13,2022-04-12,2000,1990,2,2,1,0.9460438672517889,0.16176257694445825,False,neutral,bear,True,BEAR_TO_NEUTRAL,
2022-04-20,2022-04-19,2000,1990,2,1,2,0.936224207404158,0.5000198684126926,True,bull,neutral,True,NEUTRAL_TO_BULL,
2022-04-21,2022-04-20,2000,1990,2,1,2,1.0,0.3069106657370171,False,neutral,bull,True,BULL_TO_NEUTRAL,
2022-04-27,2022-04-26,2000,1990,2,2,1,0.9932915032479956,0.8558118636194109,True,bear,neutral,True,NEUTRAL_TO_BEAR,
2022-04-28,2022-04-27,2000,1990,1,1,2,0.9987960234471986,0.12773760860592137,False,neutral,bear,True,BEAR_TO_NEUTRAL,
2022-04-29,2022-04-28,2000,1990,2,2,1,0.99802949967454,0.8597816676003412,True,bear,neutral,True,NEUTRAL_TO_BEAR,
2022-05-03,2022-05-02,2000,1990,2,2,1,0.9997330456422673,0.15367195631502725,False,neutral,bear,True,BEAR_TO_NEUTRAL,
2022-05-05,2022-05-04,2000,1990,2,2,0,0.9832144902941227,0.9757788413306557,True,bear,neutral,True,NEUTRAL_TO_BEAR,
2022-05-09,2022-05-06,2000,1990,2,2,1,0.8977184910395665,0.1872337882438556,False,neutral,bear,True,BEAR_TO_NEUTRAL,
2022-05-10,2022-05-09,2000,1990,1,1,2,0.9862050580531218,0.9037256333100074,True,bear,neutral,True,NEUTRAL_TO_BEAR,
2022-05-11,2022-05-10,2000,1990,2,2,0,0.997337249691908,0.12658355289002393,False,neutral,bear,True,BEAR_TO_NEUTRAL,
2022-05-12,2022-05-11,2000,1990,2,2,1,0.9996447134051851,0.5035226395316856,True,bear,neutral,True,NEUTRAL_TO_BEAR,
2022-05-13,2022-05-12,2000,1990,2,2,1,0.9996086351837978,0.13363379039541315,False,neutral,bear,True,BEAR_TO_NEUTRAL,
2022-05-16,2022-05-13,2000,1990,1,1,2,0.999669437023121,0.8012108932410124,True,bear,neutral,True,NEUTRAL_TO_BEAR,
2022-05-17,2022-05-16,2000,1990,2,2,0,0.9995788654817798,0.16165812419665018,False,neutral,bear,True,BEAR_TO_NEUTRAL,
2022-05-18,2022-05-17,2000,1990,2,2,0,0.9992401816727645,0.6444822495176663,True,bear,neutral,True,NEUTRAL_TO_BEAR,
2022-05-20,2022-05-19,2000,1990,2,2,0,0.9281028858550076,0.19641598108794212,False,neutral,bear,True,BEAR_TO_NEUTRAL,
2022-05-24,2022-05-23,2000,1990,2,2,0,0.6843229368887399,0.5474366791758319,True,bear,neutral,True,NEUTRAL_TO_BEAR,
2022-05-25,2022-05-24,2000,1990,1,1,2,0.9898920096612397,0.2831701505367109,False,neutral,bear,True,BEAR_TO_NEUTRAL,
2022-05-27,2022-05-26,2000,1990,1,1,2,0.8045119633852331,0.6238182083367474,True,bear,neutral,True,NEUTRAL_TO_BEAR,
2022-06-01,2022-05-31,2000,1990,2,2,0,0.9957756430214084,0.1877304742796416,False,neutral,bear,True,BEAR_TO_NEUTRAL,
2022-06-03,2022-06-02,2000,1990,2,2,1,0.999997297464351,0.7348170445338836,True,bear,neutral,True,NEUTRAL_TO_BEAR,
2022-06-07,2022-06-06,2000,1990,1,1,2,0.99988441930508,0.14801467826288708,False,neutral,bear,True,BEAR_TO_NEUTRAL,
2022-06-13,2022-06-10,2000,1990,2,2,0,0.9777745519411026,0.8135150762181982,True,bear,neutral,True,NEUTRAL_TO_BEAR,
2022-06-15,2022-06-14,2000,1990,1,1,0,0.9999954154438914,0.1526394384651354,False,neutral,bear,True,BEAR_TO_NEUTRAL,
2022-06-17,2022-06-16,2000,1990,1,1,2,0.9999993031267657,0.9269577438827211,True,bear,neutral,True,NEUTRAL_TO_BEAR,
2022-06-21,2022-06-17,2000,1990,2,2,1,0.9999996526699099,0.14140702324116025,False,neutral,bear,True,BEAR_TO_NEUTRAL,
2022-06-22,2022-06-21,2000,1990,1,1,2,0.9999999999525759,0.9575728315489193,True,bear,neutral,True,NEUTRAL_TO_BEAR,
2022-06-23,2022-06-22,2000,1990,1,1,2,0.9999847233577058,0.1396056629675078,False,neutral,bear,True,BEAR_TO_NEUTRAL,
2022-06-27,2022-06-24,2000,1990,2,2,0,0.9695258378805766,0.98388030376203,True,bear,neutral,True,NEUTRAL_TO_BEAR,
2022-06-28,2022-06-27,2000,1990,1,1,2,0.9896835645118308,0.16733294839751744,False,neutral,bear,True,BEAR_TO_NEUTRAL,
2022-06-29,2022-06-28,2000,1990,1,1,0,0.9693670465679368,0.6502613281692226,True,bear,neutral,True,NEUTRAL_TO_BEAR,
2022-06-30,2022-06-29,2000,1990,1,1,2,0.9615957849257634,0.13378283502836552,False,neutral,bear,True,BEAR_TO_NEUTRAL,
2022-07-08,2022-07-07,2000,1990,2,1,2,0.8645563564261655,0.5114606761433448,True,bull,neutral,True,NEUTRAL_TO_BULL,
2022-07-11,2022-07-08,2000,1990,2,1,0,0.9999999999594443,0.29414745096399414,False,neutral,bull,True,BULL_TO_NEUTRAL,
2022-07-28,2022-07-27,2000,1990,1,1,2,0.9450009572735845,0.8735890722165689,True,bear,neutral,True,NEUTRAL_TO_BEAR,
2022-07-29,2022-07-28,2000,1990,1,1,2,0.9174046099132149,0.3184581761654523,False,neutral,bear,True,BEAR_TO_NEUTRAL,
2022-08-11,2022-08-10,2000,1990,1,1,0,0.49112884810482554,0.8339992150249959,True,bear,neutral,True,NEUTRAL_TO_BEAR,
2022-08-12,2022-08-11,2000,1990,2,1,2,1.0,0.30364226552504087,False,neutral,bear,True,BEAR_TO_NEUTRAL,
2022-08-22,2022-08-19,2000,1990,1,1,2,0.9841693825305345,0.5348200038513355,True,bear,neutral,True,NEUTRAL_TO_BEAR,
2022-08-24,2022-08-23,2000,1990,2,2,0,0.7741886996371156,0.15395176798784663,False,neutral,bear,True,BEAR_TO_NEUTRAL,
2022-08-29,2022-08-26,2000,1990,1,1,2,0.9990927944624689,0.9790200872472548,True,bear,neutral,True,NEUTRAL_TO_BEAR,
2022-08-30,2022-08-29,2000,1990,1,1,2,0.995576911436854,0.21595777361547308,False,neutral,bear,True,BEAR_TO_NEUTRAL,
2022-09-06,2022-09-02,2000,1990,1,1,2,1.0,0.5155136944653481,True,bear,neutral,True,NEUTRAL_TO_BEAR,
2022-09-07,2022-09-06,2000,1990,2,2,0,0.9999890002262316,0.18004173564652834,False,neutral,bear,True,BEAR_TO_NEUTRAL,
2022-09-08,2022-09-07,2000,1990,2,2,1,0.9985643437979812,0.5680661078295817,True,bear,neutral,True,NEUTRAL_TO_BEAR,
2022-09-09,2022-09-08,2000,1990,1,1,2,0.9765536094883897,0.1725169308358503,False,neutral,bear,True,BEAR_TO_NEUTRAL,
2022-09-14,2022-09-13,2000,1990,1,1,2,0.9137595262089003,0.9888302458156675,True,bear,neutral,True,NEUTRAL_TO_BEAR,
2022-09-15,2022-09-14,2000,1990,1,1,0,0.9947748945761262,0.15792017083727714,False,neutral,bear,True,BEAR_TO_NEUTRAL,
2022-09-22,2022-09-21,2000,1990,2,2,1,0.9983249708467701,0.5831464487782182,True,bear,neutral,True,NEUTRAL_TO_BEAR,
2022-09-23,2022-09-22,2000,1990,2,2,0,0.9995501756950348,0.2651875357190932,False,neutral,bear,True,BEAR_TO_NEUTRAL,
2022-09-26,2022-09-23,2000,1990,1,1,2,0.999999771319415,0.6953973528340299,True,bear,neutral,True,NEUTRAL_TO_BEAR,
2022-09-27,2022-09-26,2000,1990,2,2,1,0.9999999999983906,0.38715830465610646,False,neutral,bear,True,BEAR_TO_NEUTRAL,
2022-09-29,2022-09-28,2000,1990,2,2,1,0.9999935777555672,0.7659597898316373,True,bear,neutral,True,NEUTRAL_TO_BEAR,
2022-10-06,2022-10-05,2000,1990,2,2,1,0.84877624578688,0.15285350336998976,False,neutral,bear,True,BEAR_TO_NEUTRAL,
2022-10-10,2022-10-07,2000,1990,1,1,2,0.9540537371416233,0.8685712939288741,True,bear,neutral,True,NEUTRAL_TO_BEAR,
2022-10-11,2022-10-10,2000,1990,1,1,2,0.917439824890783,0.24535595786005115,False,neutral,bear,True,BEAR_TO_NEUTRAL,
2022-10-14,2022-10-13,2000,1990,2,2,0,0.99979383168327,0.9728171414450004,True,bear,neutral,True,NEUTRAL_TO_BEAR,
2022-10-19,2022-10-18,2000,1990,1,1,2,0.9152287616927294,0.29842460011379673,False,neutral,bear,True,BEAR_TO_NEUTRAL,
2022-10-24,2022-10-21,2000,1990,2,2,1,0.9716064402742617,0.9257615625697071,True,bear,neutral,True,NEUTRAL_TO_BEAR,
2022-10-25,2022-10-24,2000,1990,1,1,2,0.9315642928175698,0.3027602031041751,False,neutral,bear,True,BEAR_TO_NEUTRAL,
2022-10-31,2022-10-28,2000,1990,2,2,1,0.9756296791791114,0.7998620847580169,True,bear,neutral,True,NEUTRAL_TO_BEAR,
2022-11-01,2022-10-31,2000,1990,1,1,2,0.9683493567652399,0.2355345492882087,False,neutral,bear,True,BEAR_TO_NEUTRAL,
2022-11-03,2022-11-02,2000,1990,1,1,2,0.8843443287666075,0.7593360039584542,True,bear,neutral,True,NEUTRAL_TO_BEAR,
2022-11-04,2022-11-03,2000,1990,2,2,0,0.9448009049825603,0.3981587119919201,False,neutral,bear,True,BEAR_TO_NEUTRAL,
2022-11-11,2022-11-10,2000,1990,1,1,2,0.9442744658328885,0.9999999999999734,True,bear,neutral,True,NEUTRAL_TO_BEAR,
2022-11-14,2022-11-11,2000,1990,2,2,0,0.9976856163662018,0.25078270546316983,False,neutral,bear,True,BEAR_TO_NEUTRAL,
2022-12-16,2022-12-15,2000,1990,2,2,1,0.9016120057135641,0.893714710045107,True,bear,neutral,True,NEUTRAL_TO_BEAR,
2022-12-19,2022-12-16,2000,1990,1,2,0,0.6566081568538272,0.4192234261303814,False,neutral,bear,True,BEAR_TO_NEUTRAL,
2022-12-29,2022-12-28,2000,1990,2,2,1,0.9926422829959379,0.5213332096267502,True,bear,neutral,True,NEUTRAL_TO_BEAR,
2022-12-30,2022-12-29,2000,1990,2,2,1,0.001573818227620905,0.5347152300188,False,neutral,bear,True,BEAR_TO_NEUTRAL,
2023-01-12,2023-01-11,2000,1990,2,1,2,0.554223726324393,0.5027263024657009,True,bull,neutral,True,NEUTRAL_TO_BULL,
2023-01-13,2023-01-12,2000,1990,1,2,1,0.37816577552533553,0.3174442047350825,False,neutral,bull,True,BULL_TO_NEUTRAL,
2023-01-19,2023-01-18,2000,1990,1,1,2,0.9022136644815315,0.5826111607073776,True,bear,neutral,True,NEUTRAL_TO_BEAR,
2023-01-20,2023-01-19,2000,1990,2,1,2,0.4563158416360558,0.37255470029509846,False,neutral,bear,True,BEAR_TO_NEUTRAL,
2023-01-27,2023-01-26,2000,1990,1,2,1,0.7507547954271463,0.5152936425434446,True,bull,neutral,True,NEUTRAL_TO_BULL,
2023-01-30,2023-01-27,2000,1990,1,2,1,0.7072824849462828,0.30246376176196454,False,neutral,bull,True,BULL_TO_NEUTRAL,
2023-02-01,2023-01-31,2000,1990,1,2,1,0.489692356986447,0.5282538778681626,True,bull,neutral,True,NEUTRAL_TO_BULL,
2023-02-02,2023-02-01,2000,1990,1,2,1,0.39559007892609543,0.4706653402351456,False,neutral,bull,True,BULL_TO_NEUTRAL,
2023-02-03,2023-02-02,2000,1990,0,2,0,0.4137503139382434,0.5112414859676144,True,bull,neutral,True,NEUTRAL_TO_BULL,
2023-02-06,2023-02-03,2000,1990,1,2,1,0.5084520460860316,0.4245995684261284,False,neutral,bull,True,BULL_TO_NEUTRAL,
2023-02-08,2023-02-07,2000,1990,1,2,1,0.5944643029848254,0.5069962634906038,True,bull,neutral,True,NEUTRAL_TO_BULL,
2023-02-09,2023-02-08,2000,1990,1,2,1,0.8135361306815532,0.41540372682850213,False,neutral,bull,True,BULL_TO_NEUTRAL,
2023-02-14,2023-02-13,2000,1990,1,2,1,0.9870208882387119,0.509876802621763,True,bull,neutral,True,NEUTRAL_TO_BULL,
2023-02-15,2023-02-14,2000,1990,1,2,1,0.9906913872142079,0.29771973915032857,False,neutral,bull,True,BULL_TO_NEUTRAL,
2023-03-17,2023-03-16,2000,1990,2,2,0,0.8312925356471149,0.5192275340173138,True,bear,neutral,True,NEUTRAL_TO_BEAR,
2023-03-21,2023-03-20,2000,1990,1,2,1,0.8775650706916809,0.4522209114824626,False,neutral,bear,True,BEAR_TO_NEUTRAL,
2023-03-22,2023-03-21,2000,1990,2,1,0,0.9935411689172523,0.5087313628566131,True,bull,neutral,True,NEUTRAL_TO_BULL,
2023-03-23,2023-03-22,2000,1990,1,2,1,0.9444403977310538,0.4032296332682566,False,neutral,bull,True,BULL_TO_NEUTRAL,
2023-03-30,2023-03-29,2000,1990,1,2,1,0.9859759037892093,0.5133540118145827,True,bull,neutral,True,NEUTRAL_TO_BULL,
2023-03-31,2023-03-30,2000,1990,1,2,0,1.0,0.3501574117240337,False,neutral,bull,True,BULL_TO_NEUTRAL,
2023-04-03,2023-03-31,2000,1990,2,1,0,0.7846903135852102,0.5128748423874656,True,bull,neutral,True,NEUTRAL_TO_BULL,
2023-04-04,2023-04-03,2000,1990,2,0,1,0.25300550040832415,0.3142766735554399,False,neutral,bull,True,BULL_TO_NEUTRAL,
2023-04-17,2023-04-14,2000,1990,0,1,0,0.9943083793222695,0.539515084197172,True,bull,neutral,True,NEUTRAL_TO_BULL,
2023-04-21,2023-04-20,2000,1990,0,1,0,0.8568096601799366,0.4637717839518986,False,neutral,bull,True,BULL_TO_NEUTRAL,
2023-04-24,2023-04-21,2000,1990,0,1,0,0.9228002733778431,0.5651448930355905,True,bull,neutral,True,NEUTRAL_TO_BULL,
2023-04-26,2023-04-25,2000,1990,0,1,0,0.6248470643233374,0.06396180523216717,False,neutral,bull,True,BULL_TO_NEUTRAL,
2023-06-05,2023-06-02,2000,1990,1,2,1,0.8823618785487628,0.5151641931358633,True,bull,neutral,True,NEUTRAL_TO_BULL,
2023-06-06,2023-06-05,2000,1990,1,2,1,0.7108729078400171,0.29276528174567895,False,neutral,bull,True,BULL_TO_NEUTRAL,
2023-06-16,2023-06-15,2000,1990,1,2,1,0.7022889409907305,0.5192372320877063,True,bull,neutral,True,NEUTRAL_TO_BULL,
2023-06-20,2023-06-16,2000,1990,2,1,2,0.6068206646332767,0.36356472886041236,False,neutral,bull,True,BULL_TO_NEUTRAL,
2023-08-01,2023-07-31,2000,1990,1,2,0,0.9483919334190873,0.558817340590791,True,bull,neutral,True,NEUTRAL_TO_BULL,
2023-08-03,2023-08-02,2000,1990,0,1,2,0.6826967386514152,0.08138850867008318,False,neutral,bull,True,BULL_TO_NEUTRAL,
2023-08-04,2023-08-03,2000,1990,0,1,2,0.3617478923009386,0.5240709848676993,True,bull,neutral,True,NEUTRAL_TO_BULL,
2023-08-07,2023-08-04,2000,1990,2,1,2,0.9999956953970562,0.3289000073603758,False,neutral,bull,True,BULL_TO_NEUTRAL,
2023-08-24,2023-08-23,2000,1990,2,1,2,0.9620728076752818,0.5003045016589321,True,bull,neutral,True,NEUTRAL_TO_BULL,
2023-08-25,2023-08-24,2000,1990,2,1,2,0.9678663747281416,0.4448629530307037,False,neutral,bull,True,BULL_TO_NEUTRAL,
2023-08-30,2023-08-29,2000,1990,2,1,2,0.9774280039928472,0.5064407134027533,True,bull,neutral,True,NEUTRAL_TO_BULL,
2023-08-31,2023-08-30,2000,1990,0,2,0,0.7698599852339999,0.32959449720097644,False,neutral,bull,True,BULL_TO_NEUTRAL,
2023-09-14,2023-09-13,2000,1990,0,1,2,0.729839620849931,0.5666193008772326,True,bull,neutral,True,NEUTRAL_TO_BULL,
2023-09-15,2023-09-14,2000,1990,2,1,0,0.7828828494651253,0.3482466237457288,False,neutral,bull,True,BULL_TO_NEUTRAL,
2023-09-19,2023-09-18,2000,1990,2,1,0,0.7853670176014922,0.5666955907086284,True,bull,neutral,True,NEUTRAL_TO_BULL,
2023-09-21,2023-09-20,2000,1990,2,1,2,0.9889185545319903,0.4191629173504746,False,neutral,bull,True,BULL_TO_NEUTRAL,
2023-09-27,2023-09-26,2000,1990,2,2,1,0.9952995093642949,0.5535773271230199,True,bear,neutral,True,NEUTRAL_TO_BEAR,
2023-09-28,2023-09-27,2000,1990,2,2,1,0.985360603960122,0.13616646919465478,False,neutral,bear,True,BEAR_TO_NEUTRAL,
2023-10-09,2023-10-06,2000,1990,1,2,1,0.8028752377998275,0.5039140787498351,True,bull,neutral,True,NEUTRAL_TO_BULL,
2023-10-10,2023-10-09,2000,1990,1,2,1,0.9423372186388069,0.3785613469069533,False,neutral,bull,True,BULL_TO_NEUTRAL,
2023-11-15,2023-11-14,2000,1990,2,2,1,0.8214424529813155,0.6286482176212238,True,bear,neutral,True,NEUTRAL_TO_BEAR,
2023-11-16,2023-11-15,2000,1990,1,1,2,0.629476776315428,0.1366234775405833,False,neutral,bear,True,BEAR_TO_NEUTRAL,
2023-11-30,2023-11-29,2000,1990,0,1,2,0.822878549041851,0.5740741090918353,True,bull,neutral,True,NEUTRAL_TO_BULL,
2023-12-04,2023-12-01,2000,1990,1,0,1,0.8241140258093783,0.4617005708523386,False,neutral,bull,True,BULL_TO_NEUTRAL,
2023-12-06,2023-12-05,2000,1990,0,2,1,1.0,0.5757571695295661,True,bull,neutral,True,NEUTRAL_TO_BULL,
2023-12-08,2023-12-07,2000,1990,0,2,1,1.0,0.3754789624068385,False,neutral,bull,True,BULL_TO_NEUTRAL,
2023-12-11,2023-12-08,2000,1990,0,2,1,0.9018996090964635,0.5158243691969566,True,bull,neutral,True,NEUTRAL_TO_BULL,
2023-12-13,2023-12-12,2000,1990,2,1,2,1.0,0.3342617835938514,False,neutral,bull,True,BULL_TO_NEUTRAL,
2023-12-14,2023-12-13,2000,1990,2,1,2,0.9377079932655407,0.5136317040712204,True,bull,neutral,True,NEUTRAL_TO_BULL,
2023-12-15,2023-12-14,2000,1990,2,1,2,0.29531244412309593,0.30456346194224115,False,neutral,bull,True,BULL_TO_NEUTRAL,
2024-01-09,2024-01-08,2000,1990,1,2,1,1.0,0.5087941020355258,True,bull,neutral,True,NEUTRAL_TO_BULL,
2024-01-10,2024-01-09,2000,1990,2,1,2,0.9915787325487562,0.29610042027608,False,neutral,bull,True,BULL_TO_NEUTRAL,
2024-01-22,2024-01-19,2000,1990,1,2,1,1.0,0.5152221639984059,True,bull,neutral,True,NEUTRAL_TO_BULL,
2024-01-23,2024-01-22,2000,1990,2,1,2,0.9933869140111702,0.3038214129575085,False,neutral,bull,True,BULL_TO_NEUTRAL,
2024-02-02,2024-02-01,2000,1990,1,2,1,0.9980478820190909,0.5136656688347889,True,bull,neutral,True,NEUTRAL_TO_BULL,
2024-02-05,2024-02-02,2000,1990,2,1,2,0.9885827302057775,0.4927261890220815,False,neutral,bull,True,BULL_TO_NEUTRAL,
2024-03-13,2024-03-12,2000,1990,1,2,1,0.9970742777045749,0.5031096860128128,True,bull,neutral,True,NEUTRAL_TO_BULL,
2024-03-14,2024-03-13,2000,1990,1,2,1,0.9985900305534247,0.29553948853655854,False,neutral,bull,True,BULL_TO_NEUTRAL,
2024-04-04,2024-04-03,2000,1990,0,2,1,0.9863370023102519,0.5772564432906236,True,bull,neutral,True,NEUTRAL_TO_BULL,
2024-04-05,2024-04-04,2000,1990,2,1,2,0.9994406875682024,0.45392346707645936,False,neutral,bull,True,BULL_TO_NEUTRAL,
2024-05-06,2024-05-03,2000,1990,0,1,0,0.9809759566899907,0.5195990036301164,True,bull,neutral,True,NEUTRAL_TO_BULL,
2024-05-07,2024-05-06,2000,1990,0,2,0,0.8611379439202604,0.49506867038382196,False,neutral,bull,True,BULL_TO_NEUTRAL,
2024-06-04,2024-06-03,2000,1990,0,2,1,0.6085219689974922,0.567296093318169,True,bull,neutral,True,NEUTRAL_TO_BULL,
2024-06-07,2024-06-06,2000,1990,1,1,0,0.4928049854949503,0.32319815690552073,False,neutral,bull,True,BULL_TO_NEUTRAL,
2024-06-27,2024-06-26,2000,1990,0,2,0,0.5363768906510284,0.5621677066480277,True,bull,neutral,True,NEUTRAL_TO_BULL,
2024-07-03,2024-07-02,2000,1990,0,2,1,0.9592521864792213,0.4160349646680429,False,neutral,bull,True,BULL_TO_NEUTRAL,
2024-07-05,2024-07-03,2000,1990,0,2,1,0.6826424087949888,0.5040338243975702,True,bull,neutral,True,NEUTRAL_TO_BULL,
2024-07-08,2024-07-05,2000,1990,1,2,1,0.9894167803156472,0.37109584748798924,False,neutral,bull,True,BULL_TO_NEUTRAL,
2024-08-01,2024-07-31,2000,1990,2,2,0,0.4168708139792073,0.5189140049733363,True,bear,neutral,True,NEUTRAL_TO_BEAR,
2024-08-02,2024-08-01,2000,1990,0,2,0,0.6722117013409367,0.4297035968237736,False,neutral,bear,True,BEAR_TO_NEUTRAL,
2024-08-05,2024-08-02,2000,1990,2,2,0,0.8139961613777169,0.6775611280057648,True,bear,neutral,True,NEUTRAL_TO_BEAR,
2024-08-07,2024-08-06,2000,1990,2,2,1,0.9999262039373809,0.24707877946376794,False,neutral,bear,True,BEAR_TO_NEUTRAL,
2024-08-09,2024-08-08,2000,1990,1,1,2,0.9999990828011075,0.8213066242371859,True,bear,neutral,True,NEUTRAL_TO_BEAR,
2024-08-12,2024-08-09,2000,1990,2,2,1,0.9999958273290239,0.15414319114931266,False,neutral,bear,True,BEAR_TO_NEUTRAL,
2024-08-14,2024-08-13,2000,1990,2,2,1,0.9999692806601447,0.5271731961490312,True,bear,neutral,True,NEUTRAL_TO_BEAR,
2024-08-15,2024-08-14,2000,1990,1,1,0,0.9993072350796807,0.14256385848942363,False,neutral,bear,True,BEAR_TO_NEUTRAL,
2024-08-16,2024-08-15,2000,1990,2,2,0,0.9999911649187458,0.5657228594661794,True,bear,neutral,True,NEUTRAL_TO_BEAR,
2024-08-19,2024-08-16,2000,1990,2,2,1,0.9999999772846649,0.1375264848183632,False,neutral,bear,True,BEAR_TO_NEUTRAL,
2024-09-20,2024-09-19,2000,1990,1,1,0,0.9982887099221873,0.5556122275646816,True,bear,neutral,True,NEUTRAL_TO_BEAR,
2024-09-23,2024-09-20,2000,1990,1,1,0,0.963659116749785,0.19175916843324875,False,neutral,bear,True,BEAR_TO_NEUTRAL,
2024-10-03,2024-10-02,2000,1990,0,2,0,0.9943122768262725,0.5620215121415724,True,bull,neutral,True,NEUTRAL_TO_BULL,
2024-10-07,2024-10-04,2000,1990,0,2,0,0.9659691670071949,0.3110234290820493,False,neutral,bull,True,BULL_TO_NEUTRAL,
2024-10-28,2024-10-25,2000,1990,2,1,2,0.8277323415763932,0.5636154193820652,True,bull,neutral,True,NEUTRAL_TO_BULL,
2024-11-01,2024-10-31,2000,1990,1,2,0,0.9999999824672638,0.3206356908079463,False,neutral,bull,True,BULL_TO_NEUTRAL,
2024-11-07,2024-11-06,2000,1990,1,1,2,1.0,0.9725568489050895,True,bear,neutral,True,NEUTRAL_TO_BEAR,
2024-11-08,2024-11-07,2000,1990,1,1,2,0.9943313758957709,0.21664066398438997,False,neutral,bear,True,BEAR_TO_NEUTRAL,
2024-12-16,2024-12-13,2000,1990,0,2,0,0.9850735769180139,0.5612787505425254,True,bull,neutral,True,NEUTRAL_TO_BULL,
2024-12-18,2024-12-17,2000,1990,0,2,0,0.9927864305447498,0.48286620482992026,False,neutral,bull,True,BULL_TO_NEUTRAL,
2025-01-28,2025-01-27,2000,1990,0,0,2,0.9992295010920745,0.5108153229717803,True,bear,neutral,True,NEUTRAL_TO_BEAR,
2025-01-29,2025-01-28,2000,1990,1,1,2,0.9826138021071177,0.23096009163199083,False,neutral,bear,True,BEAR_TO_NEUTRAL,
2025-02-12,2025-02-11,2000,1990,0,1,2,0.9006871798731011,0.5661198395281701,True,bull,neutral,True,NEUTRAL_TO_BULL,
2025-02-14,2025-02-13,2000,1990,1,2,1,0.3914718933699567,0.24978500693871322,False,neutral,bull,True,BULL_TO_NEUTRAL,
2025-02-28,2025-02-27,2000,1990,0,0,1,0.9965597542846653,0.556737447799717,True,bear,neutral,True,NEUTRAL_TO_BEAR,
2025-03-03,2025-02-28,2000,1990,2,2,1,0.9969982458975595,0.47580969799801925,False,neutral,bear,True,BEAR_TO_NEUTRAL,
2025-03-04,2025-03-03,2000,1990,1,1,0,0.9995408039670352,0.6188293193252824,True,bear,neutral,True,NEUTRAL_TO_BEAR,
2025-03-05,2025-03-04,2000,1990,1,1,0,0.9999439129176797,0.4236292574115032,False,neutral,bear,True,BEAR_TO_NEUTRAL,
2025-03-07,2025-03-06,2000,1990,1,1,0,0.9933622468190214,0.6277557952397421,True,bear,neutral,True,NEUTRAL_TO_BEAR,
2025-03-10,2025-03-07,2000,1990,1,1,0,0.9872560947544916,0.17466519079082607,False,neutral,bear,True,BEAR_TO_NEUTRAL,
2025-03-11,2025-03-10,2000,1990,1,1,0,0.9998307625110374,0.8292095282236543,True,bear,neutral,True,NEUTRAL_TO_BEAR,
2025-03-12,2025-03-11,2000,1990,2,2,0,0.9999990955586292,0.28655186761216667,False,neutral,bear,True,BEAR_TO_NEUTRAL,
2025-03-17,2025-03-14,2000,1990,2,2,0,0.9999795532354113,0.6935728206132307,True,bear,neutral,True,NEUTRAL_TO_BEAR,
2025-03-18,2025-03-17,2000,1990,2,2,0,0.9994307836812806,0.21060058874311646,False,neutral,bear,True,BEAR_TO_NEUTRAL,
2025-04-04,2025-04-03,2000,1990,1,1,0,0.9998212104984743,0.9950200250024441,True,bear,neutral,True,NEUTRAL_TO_BEAR,
2025-04-08,2025-04-07,2000,1990,2,2,0,1.0,0.138181351191288,False,neutral,bear,True,BEAR_TO_NEUTRAL,
2025-04-10,2025-04-09,2000,1990,1,1,0,1.0,1.0,True,bear,neutral,True,NEUTRAL_TO_BEAR,
2025-04-14,2025-04-11,2000,1990,1,1,0,1.0,0.47250771866257163,False,neutral,bear,True,BEAR_TO_NEUTRAL,
2025-04-17,2025-04-16,2000,1990,2,2,0,0.9999999990358299,0.6720388281269047,True,bear,neutral,True,NEUTRAL_TO_BEAR,
2025-04-21,2025-04-17,2000,1990,1,1,0,0.9999999965679431,0.12268023140968501,False,neutral,bear,True,BEAR_TO_NEUTRAL,
2025-04-22,2025-04-21,2000,1990,1,1,2,0.9999999514830401,0.7153505323664444,True,bear,neutral,True,NEUTRAL_TO_BEAR,
2025-04-24,2025-04-23,2000,1990,1,1,0,0.9579024484061586,0.38774819796770216,False,neutral,bear,True,BEAR_TO_NEUTRAL,
2025-04-25,2025-04-24,2000,1990,1,1,0,0.9299640135913306,0.6022603478320115,True,bear,neutral,True,NEUTRAL_TO_BEAR,
2025-04-28,2025-04-25,2000,1990,1,1,0,0.9931686121530875,0.1654898340732855,False,neutral,bear,True,BEAR_TO_NEUTRAL,
2025-05-22,2025-05-21,2000,1990,1,1,0,0.9955355000988513,0.512432349632151,True,bear,neutral,True,NEUTRAL_TO_BEAR,
2025-05-23,2025-05-22,2000,1990,1,1,0,0.8726190490774942,0.13095845711191892,False,neutral,bear,True,BEAR_TO_NEUTRAL,
2025-06-20,2025-06-18,2000,1990,0,1,0,0.8385884227295782,0.5677913311240457,True,bull,neutral,True,NEUTRAL_TO_BULL,
2025-06-23,2025-06-20,2000,1990,0,2,0,0.920855914798563,0.48166894082721434,False,neutral,bull,True,BULL_TO_NEUTRAL,
2025-07-15,2025-07-14,2000,1990,0,1,0,0.9392950194040938,0.5599837315915953,True,bull,neutral,True,NEUTRAL_TO_BULL,
2025-07-16,2025-07-15,2000,1990,0,1,0,0.9928578010259653,0.4972039268250967,False,neutral,bull,True,BULL_TO_NEUTRAL,
2025-07-17,2025-07-16,2000,1990,0,1,0,1.0,0.5470615287259103,True,bull,neutral,True,NEUTRAL_TO_BULL,
2025-07-18,2025-07-17,2000,1990,0,1,0,1.0,0.4940550132536478,False,neutral,bull,True,BULL_TO_NEUTRAL,
2025-07-21,2025-07-18,2000,1990,0,1,0,0.996285042084061,0.557892845075295,True,bull,neutral,True,NEUTRAL_TO_BULL,
2025-07-24,2025-07-23,2000,1990,0,1,0,0.7996689436406291,0.4201404796562715,False,neutral,bull,True,BULL_TO_NEUTRAL,
2025-07-25,2025-07-24,2000,1990,0,2,0,0.34812658959086445,0.5634202326086443,True,bull,neutral,True,NEUTRAL_TO_BULL,
2025-07-28,2025-07-25,2000,1990,2,1,0,1.0,0.32337347154892515,False,neutral,bull,True,BULL_TO_NEUTRAL,
2025-08-01,2025-07-31,2000,1990,0,2,0,0.8252153775556879,0.5107942211359426,True,bull,neutral,True,NEUTRAL_TO_BULL,
2025-08-04,2025-08-01,2000,1990,1,2,0,1.0,0.4490075002703763,False,neutral,bull,True,BULL_TO_NEUTRAL,
2025-08-26,2025-08-25,2000,1990,0,1,0,0.9136050026565898,0.5026600340295416,True,bull,neutral,True,NEUTRAL_TO_BULL,
2025-09-02,2025-08-29,2000,1990,0,2,0,0.42591337431336035,0.44544943541445914,False,neutral,bull,True,BULL_TO_NEUTRAL,
2025-09-04,2025-09-03,2000,1990,0,1,0,0.46053860596055973,0.5069136869826931,True,bull,neutral,True,NEUTRAL_TO_BULL,
2025-09-05,2025-09-04,2000,1990,0,2,0,0.47600096575013384,0.4265916381981064,False,neutral,bull,True,BULL_TO_NEUTRAL,
2025-09-08,2025-09-05,2000,1990,0,2,0,0.9857817146842452,0.5247955024116752,True,bull,neutral,True,NEUTRAL_TO_BULL,
2025-09-12,2025-09-11,2000,1990,1,2,0,1.0,0.3864518939669029,False,neutral,bull,True,BULL_TO_NEUTRAL,
2025-09-25,2025-09-24,2000,1990,0,1,0,0.9795224919088777,0.5300076415577143,True,bull,neutral,True,NEUTRAL_TO_BULL,
2025-09-26,2025-09-25,2000,1990,0,2,0,0.984008192508074,0.498588415261569,False,neutral,bull,True,BULL_TO_NEUTRAL,
2025-09-30,2025-09-29,2000,1990,0,1,0,0.9963753503385405,0.5489401043709069,True,bull,neutral,True,NEUTRAL_TO_BULL,
2025-10-07,2025-10-06,2000,1990,0,2,0,0.2500493699517215,0.5357332753464771,False,neutral,bull,True,BULL_TO_NEUTRAL,
2025-10-10,2025-10-09,2000,1990,0,2,0,0.8425219277454483,0.5214423954784329,True,bull,neutral,True,NEUTRAL_TO_BULL,
2025-10-13,2025-10-10,2000,1990,0,2,1,1.0,0.21939959200685868,False,neutral,bull,True,BULL_TO_NEUTRAL,
2025-12-10,2025-12-09,2000,1990,0,1,0,0.9615449109803151,0.5321625403042811,True,bull,neutral,True,NEUTRAL_TO_BULL,
2025-12-11,2025-12-10,2000,1990,0,1,0,0.9989782771106597,0.48622530266973607,False,neutral,bull,True,BULL_TO_NEUTRAL,
2025-12-12,2025-12-11,2000,1990,0,1,0,0.9950261663025008,0.5381181169110887,True,bull,neutral,True,NEUTRAL_TO_BULL,
2025-12-15,2025-12-12,2000,1990,0,1,0,0.9912794597588288,0.27146597536624706,False,neutral,bull,True,BULL_TO_NEUTRAL,
2025-12-16,2025-12-15,2000,1990,0,1,0,0.9938368572414442,0.5250379697030267,True,bull,neutral,True,NEUTRAL_TO_BULL,
2025-12-18,2025-12-17,2000,1990,2,1,0,1.0,0.4267873492931295,False,neutral,bull,True,BULL_TO_NEUTRAL,
2026-01-08,2026-01-07,2000,1990,0,1,0,0.9626011169339069,0.5073772347169372,True,bull,neutral,True,NEUTRAL_TO_BULL,
2026-01-12,2026-01-09,2000,1990,0,1,0,0.7959307060018489,0.47114012612876977,False,neutral,bull,True,BULL_TO_NEUTRAL,
2026-01-13,2026-01-12,2000,1990,0,1,0,0.3779395395246006,0.5412766352760718,True,bull,neutral,True,NEUTRAL_TO_BULL,
2026-01-14,2026-01-13,2000,1990,0,2,0,0.12869103168441523,0.516710068569998,False,neutral,bull,True,BULL_TO_NEUTRAL,
2026-01-16,2026-01-15,2000,1990,0,2,0,0.863527329498808,0.5369704815357774,True,bull,neutral,True,NEUTRAL_TO_BULL,
2026-01-21,2026-01-20,2000,1990,1,2,0,1.0,0.35927972688039433,False,neutral,bull,True,BULL_TO_NEUTRAL,
2026-02-26,2026-02-25,2000,1990,0,1,0,0.5492546596255191,0.5528324769429194,True,bull,neutral,True,NEUTRAL_TO_BULL,
2026-02-27,2026-02-26,2000,1990,1,2,0,0.3734036817200411,0.3592617510594494,False,neutral,bull,True,BULL_TO_NEUTRAL,
2026-03-03,2026-03-02,2000,1990,0,1,0,0.9413149930614307,0.5421210116849878,True,bull,neutral,True,NEUTRAL_TO_BULL,
2026-03-04,2026-03-03,2000,1990,0,1,0,0.8057723459240663,0.3432120699753191,False,neutral,bull,True,BULL_TO_NEUTRAL,
