date,position_open,entry_date,entry_price,spy_close,underlying_return_from_entry_pct,leveraged_return_from_entry_pct,equity,running_peak,drawdown_pct,exit_reason
2000-03-17,True,2000-03-17,146.9375,146.9375,0.0,0.0,100.0,100.0,0.0,
2000-03-20,True,2000-03-17,146.9375,146.1875,-0.5104210974053558,-0.9187579753296404,99.08124202467036,100.0,-0.9187579753296427,
2000-03-21,True,2000-03-17,146.9375,149.1875,1.5312632922160674,2.7562739259889213,102.75627392598892,102.75627392598892,0.0,
2000-03-22,True,2000-03-17,146.9375,150.09375,2.148022118247561,3.86643981284561,103.8664398128456,103.8664398128456,0.0,
2000-03-23,True,2000-03-17,146.9375,152.65625,3.89196086771586,7.005529561888548,107.00552956188855,107.00552956188855,0.0,
2000-03-24,True,2000-03-17,146.9375,153.5625,4.508719693747332,8.115695448745198,108.1156954487452,108.1156954487452,0.0,
2000-03-27,True,2000-03-17,146.9375,151.9375,3.4028073160357275,6.1250531688643095,106.12505316886431,108.1156954487452,-1.841214887087883,
2000-03-28,True,2000-03-17,146.9375,151.0625,2.807316035729479,5.053168864313062,105.05316886431307,108.1156954487452,-2.8326382878275047,
2000-03-29,True,2000-03-17,146.9375,151.21875,2.913653764355595,5.244576775840071,105.24457677584007,108.1156954487452,-2.6555983948382877,
2000-03-30,True,2000-03-17,146.9375,148.6875,1.1909825606124969,2.1437686091024943,102.14376860910251,108.1156954487452,-5.52364466126366,
2000-03-31,True,2000-03-17,146.9375,150.375,2.3394300297745696,4.210974053594225,104.21097405359423,108.1156954487452,-3.611613816980064,
2000-04-03,True,2000-03-17,146.9375,151.25,2.934921310080818,5.282858358145472,105.28285835814548,108.1156954487452,-2.620190416240442,
2000-04-04,True,2000-03-17,146.9375,150.125,2.1692896639727843,3.904721395151012,103.90472139515101,108.1156954487452,-3.8948776457628176,
2000-04-05,True,2000-03-17,146.9375,149.1875,1.5312632922160674,2.7562739259889213,102.75627392598892,108.1156954487452,-4.957117003698174,
2000-04-06,True,2000-03-17,146.9375,150.48438,2.4138698426201532,4.344965716716276,104.34496571671627,108.1156954487452,-3.4876802266110674,
2000-04-07,True,2000-03-17,146.9375,151.4375,3.062526584432157,5.5125478519778826,105.51254785197787,108.1156954487452,-2.4077425446533907,
2000-04-10,True,2000-03-17,146.9375,150.84375,2.658443215652917,4.7851977881752505,104.78519778817525,108.1156954487452,-3.080494138012413,
2000-04-11,True,2000-03-17,146.9375,150.40625,2.3606975754997928,4.249255635899627,104.24925563589962,108.1156954487452,-3.5762058383822404,
2000-04-12,True,2000-03-17,146.9375,146.28125,-0.4466184602296863,-0.8039132284134354,99.19608677158656,108.1156954487452,-8.250059013297651,
2000-04-13,True,2000-03-17,146.9375,144.25,-1.8290089323692027,-3.292216078264565,96.70778392173544,108.1156954487452,-10.551577622157504,RAW_DECISION
2000-04-14,False,,,136.0,,,96.70778392173544,108.1156954487452,-10.551577622157504,
2000-04-17,False,,,140.75,,,96.70778392173544,108.1156954487452,-10.551577622157504,
2000-04-18,False,,,144.46875,,,96.70778392173544,108.1156954487452,-10.551577622157504,
2000-04-19,True,2000-04-19,143.125,143.125,0.0,0.0,96.70778392173544,108.1156954487452,-10.551577622157504,
2000-04-20,True,2000-04-19,143.125,143.8125,0.4803493449781593,0.8646288209606867,97.54394729363514,108.1156954487452,-9.778180782384037,
2000-04-24,True,2000-04-19,143.125,142.25,-0.6113537117903967,-1.100436681222714,95.64357599386307,108.1156954487452,-11.535900872778305,
2000-04-25,True,2000-04-19,143.125,148.15625,3.5152838427947586,6.3275109170305655,102.82697950700158,108.1156954487452,-4.891718931087907,
2000-04-26,True,2000-04-19,143.125,146.48438,2.347165065502166,4.2248971179038985,100.79358829743357,108.1156954487452,-6.772473803105528,
2000-04-27,True,2000-04-19,143.125,146.0,2.008733624454151,3.6157205240174717,100.20446711331608,108.1156954487452,-7.317372655832033,
2000-04-28,True,2000-04-19,143.125,145.09375,1.3755458515283925,2.4759825327511065,99.10225175944828,108.1156954487452,-8.3368503082607,
2000-05-01,True,2000-04-19,143.125,147.0625,2.7510917030567628,4.951965065502173,101.4967195971611,108.1156954487452,-6.122122994363921,
2000-05-02,True,2000-04-19,143.125,144.125,0.6986899563318882,1.2576419213973988,97.9240215535896,108.1156954487452,-9.426636764305151,
2000-05-03,True,2000-04-19,143.125,140.75,-1.6593886462882068,-2.9868995633187723,93.81921954608187,108.1156954487452,-13.22331215955681,
2000-05-04,True,2000-04-19,143.125,141.8125,-0.917030567685595,-1.650655021834071,95.11147202992687,108.1156954487452,-12.02806249808871,
2000-05-05,True,2000-04-19,143.125,143.53125,0.28384279475981433,0.5109170305676658,97.20188045967618,108.1156954487452,-10.094570398655001,
2000-05-08,True,2000-04-19,143.125,142.45313,-0.4694288209607045,-0.8449718777292681,95.89063034402159,108.1156954487452,-11.307391636322773,
2000-05-09,True,2000-04-19,143.125,141.3125,-1.266375545851528,-2.2794759825327504,94.50335321399982,108.1156954487452,-12.590532927014875,
2000-05-10,True,2000-04-19,143.125,138.125,-3.4934497816593857,-6.288209606986895,90.62659576246475,108.1156954487452,-16.17628191141921,
2000-05-11,True,2000-04-19,143.125,141.28125,-1.288209606986901,-2.3187772925764216,94.46534578800437,108.1156954487452,-12.625687328822766,RAW_DECISION
2000-05-12,False,,,142.8125,,,94.46534578800437,108.1156954487452,-12.625687328822766,
2000-05-15,False,,,145.28125,,,94.46534578800437,108.1156954487452,-12.625687328822766,
2000-05-16,False,,,146.6875,,,94.46534578800437,108.1156954487452,-12.625687328822766,
2000-05-17,False,,,145.15625,,,94.46534578800437,108.1156954487452,-12.625687328822766,
2000-05-18,False,,,143.375,,,94.46534578800437,108.1156954487452,-12.625687328822766,
2000-05-19,False,,,141.125,,,94.46534578800437,108.1156954487452,-12.625687328822766,
2000-05-22,False,,,140.0625,,,94.46534578800437,108.1156954487452,-12.625687328822766,
2000-05-23,False,,,138.0,,,94.46534578800437,108.1156954487452,-12.625687328822766,
2000-05-24,False,,,140.25,,,94.46534578800437,108.1156954487452,-12.625687328822766,
2000-05-25,False,,,137.84375,,,94.46534578800437,108.1156954487452,-12.625687328822766,
2000-05-26,False,,,138.0,,,94.46534578800437,108.1156954487452,-12.625687328822766,
2000-05-30,False,,,142.5,,,94.46534578800437,108.1156954487452,-12.625687328822766,
2000-05-31,False,,,142.8125,,,94.46534578800437,108.1156954487452,-12.625687328822766,
2000-06-01,True,2000-06-01,145.3125,145.3125,0.0,0.0,94.46534578800437,108.1156954487452,-12.625687328822766,
2000-06-02,True,2000-06-01,145.3125,147.84375,1.74193548387096,3.135483870967728,97.42729146884115,108.1156954487452,-9.886079847649077,
2000-06-05,True,2000-06-01,145.3125,147.125,1.2473118279569873,2.245161290322577,96.58624516440601,108.1156954487452,-10.663993083044076,
2000-06-06,True,2000-06-01,145.3125,146.46875,0.7956989247311919,1.4322580645161453,95.81833332122612,108.1156954487452,-11.37426168927428,
2000-06-07,True,2000-06-01,145.3125,147.48438,1.4946270967741926,2.6903287741935467,97.00677416738048,108.1156954487452,-10.27503105377624,
2000-06-08,True,2000-06-01,145.3125,146.90625,1.0967741935483888,1.9741935483870998,96.33027455001272,108.1156954487452,-10.900749285120803,
2000-06-09,True,2000-06-01,145.3125,146.59375,0.8817204301075243,1.5870967741935438,95.96460224373658,108.1156954487452,-11.238972430944717,RAW_DECISION
2000-06-12,False,,,144.875,,,95.96460224373658,108.1156954487452,-11.238972430944717,
2000-06-13,False,,,147.59375,,,95.96460224373658,108.1156954487452,-11.238972430944717,
2000-06-14,False,,,147.84375,,,95.96460224373658,108.1156954487452,-11.238972430944717,
2000-06-15,False,,,148.15625,,,95.96460224373658,108.1156954487452,-11.238972430944717,
2000-06-16,False,,,146.59375,,,95.96460224373658,108.1156954487452,-11.238972430944717,
2000-06-19,False,,,148.46875,,,95.96460224373658,108.1156954487452,-11.238972430944717,
2000-06-20,False,,,147.9375,,,95.96460224373658,108.1156954487452,-11.238972430944717,
2000-06-21,False,,,147.875,,,95.96460224373658,108.1156954487452,-11.238972430944717,
2000-06-22,False,,,145.625,,,95.96460224373658,108.1156954487452,-11.238972430944717,
2000-06-23,False,,,144.375,,,95.96460224373658,108.1156954487452,-11.238972430944717,
2000-06-26,False,,,146.23438,,,95.96460224373658,108.1156954487452,-11.238972430944717,
2000-06-27,False,,,145.15625,,,95.96460224373658,108.1156954487452,-11.238972430944717,
2000-06-28,False,,,145.5625,,,95.96460224373658,108.1156954487452,-11.238972430944717,
2000-06-29,False,,,144.1875,,,95.96460224373658,108.1156954487452,-11.238972430944717,
2000-06-30,False,,,145.28125,,,95.96460224373658,108.1156954487452,-11.238972430944717,
2000-07-03,True,2000-07-03,147.28125,147.28125,0.0,0.0,95.96460224373658,108.1156954487452,-11.238972430944717,
2000-07-05,True,2000-07-03,147.28125,144.625,-1.8035221727137674,-3.2463399108847812,92.84926506077633,108.1156954487452,-14.120457094230387,
2000-07-06,True,2000-07-03,147.28125,145.75,-1.0396774877997061,-1.871419478039471,94.16870198532419,108.1156954487452,-12.900063589779997,
2000-07-07,True,2000-07-03,147.28125,148.09375,0.5516656057712677,0.9929980903882818,96.9175289114656,108.1156954487452,-10.357577122174977,
2000-07-10,True,2000-07-03,147.28125,147.84375,0.3819223424570417,0.6874602164226751,96.62432070601054,108.1156954487452,-10.628775678719492,
2000-07-11,True,2000-07-03,147.28125,148.15625,0.5941014215998353,1.0693825588797035,96.99083096282936,108.1156954487452,-10.289777483038842,
2000-07-12,True,2000-07-03,147.28125,149.125,1.2518565669424886,2.2533418204964795,98.1270127589678,108.1156954487452,-9.238883076428783,
2000-07-13,True,2000-07-03,147.28125,149.78125,1.6974326331423706,3.055378739656267,98.89668429828741,108.1156954487452,-8.526986865499353,
2000-07-14,True,2000-07-03,147.28125,151.25,2.6946743051135202,4.850413749204336,100.61928250533603,108.1156954487452,-6.933695345800206,
2000-07-17,True,2000-07-03,147.28125,151.0,2.524931041799272,4.54487587523869,100.32607429988093,108.1156954487452,-7.204893902344756,
2000-07-18,True,2000-07-03,147.28125,149.76563,1.686827074050501,3.0362887332909017,98.87836464961057,108.1156954487452,-8.543931351312262,
2000-07-19,True,2000-07-03,147.28125,148.5625,0.8699342244854691,1.5658816040738444,97.4672942966939,108.1156954487452,-9.84907982865395,
2000-07-20,True,2000-07-03,147.28125,150.625,2.270316146827933,4.08656906429028,99.88626199169833,108.1156954487452,-7.6116917371615305,
2000-07-21,True,2000-07-03,147.28125,147.6875,0.27583280288563383,0.4964990451941409,96.44106557760108,108.1156954487452,-10.798274776559847,
2000-07-24,True,2000-07-03,147.28125,146.84375,-0.2970507107999176,-0.5346912794398517,95.45148788419019,108.1156954487452,-11.713569904897646,
2000-07-25,True,2000-07-03,147.28125,147.3125,0.021217907914272693,0.03819223424569085,96.00125326941844,108.1156954487452,-11.205072611376664,
2000-07-26,True,2000-07-03,147.28125,145.875,-0.9548058561425821,-1.7186505410566477,94.31530608805174,108.1156954487452,-12.764464311507718,
2000-07-27,True,2000-07-03,147.28125,145.375,-1.2942923827710562,-2.329726288987901,93.72888967714158,108.1156954487452,-13.306861424596782,
2000-07-28,True,2000-07-03,147.28125,142.09375,-3.5221727137704217,-6.339910884786759,89.88053198054361,108.1156954487452,-16.866342479243823,
2000-07-31,True,2000-07-03,147.28125,143.0,-2.906853384256314,-5.232336091661365,90.94341172531828,108.1156954487452,-15.883247711769876,RAW_DECISION
2000-08-01,False,,,143.875,,,90.94341172531828,108.1156954487452,-15.883247711769876,
2000-08-02,False,,,144.59375,,,90.94341172531828,108.1156954487452,-15.883247711769876,
2000-08-03,False,,,145.59375,,,90.94341172531828,108.1156954487452,-15.883247711769876,
2000-08-04,False,,,146.375,,,90.94341172531828,108.1156954487452,-15.883247711769876,
2000-08-07,False,,,148.125,,,90.94341172531828,108.1156954487452,-15.883247711769876,
2000-08-08,False,,,148.6875,,,90.94341172531828,108.1156954487452,-15.883247711769876,
2000-08-09,False,,,147.4375,,,90.94341172531828,108.1156954487452,-15.883247711769876,
2000-08-10,False,,,146.71875,,,90.94341172531828,108.1156954487452,-15.883247711769876,
2000-08-11,False,,,147.40625,,,90.94341172531828,108.1156954487452,-15.883247711769876,
2000-08-14,True,2000-08-14,149.28125,149.28125,0.0,0.0,90.94341172531828,108.1156954487452,-15.883247711769876,
2000-08-15,True,2000-08-14,149.28125,149.15625,-0.08373456144022962,-0.1507222105924133,90.80633980477772,108.1156954487452,-16.010030340297256,
2000-08-16,True,2000-08-14,149.28125,148.625,-0.439606447561236,-0.7912916056102248,90.2237841424803,108.1156954487452,-16.548856511538588,
2000-08-17,True,2000-08-14,149.28125,150.1875,0.6070755704417063,1.0927360267950714,91.93718314923741,108.1156954487452,-14.96407365494642,
2000-08-18,True,2000-08-14,149.28125,149.6875,0.2721373246807657,0.4898471844253782,91.38889546707513,108.1156954487452,-15.47120416905592,
2000-08-21,True,2000-08-14,149.28125,150.5,0.816411974042297,1.4695415532761347,92.27986295058885,108.1156954487452,-14.64711708362797,
2000-08-22,True,2000-08-14,149.28125,150.25,0.6489428511618156,1.168097132091268,92.00571910950768,108.1156954487452,-14.900682340682748,
2000-08-23,True,2000-08-14,149.28125,150.84375,1.0466820180029313,1.8840276324052763,92.65681073207537,108.1156954487452,-14.29846485517774,
2000-08-24,True,2000-08-14,149.28125,151.3125,1.3606866234038062,2.449235922126851,93.1708304341025,108.1156954487452,-13.823029998200099,
2000-08-25,True,2000-08-14,149.28125,151.25,1.318819342683697,2.3738748168306545,93.10229447383223,108.1156954487452,-13.88642131246376,
2000-08-28,True,2000-08-14,149.28125,151.76563,1.6642277580071196,2.9956099644128154,93.66772162893889,108.1156954487452,-13.36343789848321,
2000-08-29,True,2000-08-14,149.28125,151.79688,1.6851613983671632,3.0332905170608937,93.701989609074,108.1156954487452,-13.331742241351396,
2000-08-30,True,2000-08-14,149.28125,150.34375,0.7117437722419906,1.281138790035583,92.1085230499131,108.1156954487452,-14.805595369287229,
2000-08-31,True,2000-08-14,149.28125,152.34375,2.0514967552857533,3.692694159514356,94.30167377856222,108.1156954487452,-12.777073312849241,
2000-09-01,True,2000-08-14,149.28125,152.5,2.1561649570860375,3.8810969227548675,94.47301367923791,108.1156954487452,-12.618595027190038,
2000-09-05,True,2000-08-14,149.28125,151.28125,1.3397529830437405,2.411555369478733,93.13656245396734,108.1156954487452,-13.854725655331945,
2000-09-06,True,2000-08-14,149.28125,149.5625,0.18840276324052496,0.33912497383294493,91.25182354653457,108.1156954487452,-15.597986797583285,
2000-09-07,True,2000-08-14,149.28125,150.84375,1.0466820180029313,1.8840276324052763,92.65681073207537,108.1156954487452,-14.29846485517774,
2000-09-08,True,2000-08-14,149.28125,149.8125,0.3558718861210064,0.6405693950178115,91.52596738761572,108.1156954487452,-15.34442154052853,
2000-09-11,True,2000-08-14,149.28125,149.59375,0.2093364036005907,0.37680552648106325,91.28609152666972,108.1156954487452,-15.566291140451439,
2000-09-12,True,2000-08-14,149.28125,148.5,-0.5233410090014656,-0.9420138162026381,90.08671222193973,108.1156954487452,-16.675639140065957,
2000-09-13,True,2000-08-14,149.28125,148.89063,-0.26166715511828365,-0.47100087921291056,90.51506745650582,108.1156954487452,-16.279438354612797,
2000-09-14,True,2000-08-14,149.28125,149.64063,0.24074021352311625,0.43333238434160926,91.3374989797492,108.1156954487452,-15.518742583448585,
2000-09-15,True,2000-08-14,149.28125,146.0,-2.198032237806158,-3.956458028051084,87.34527381112838,108.1156954487452,-19.21129171061341,
2000-09-18,True,2000-08-14,149.28125,144.65625,-3.0981787732886734,-5.576721791919613,85.87175066531728,108.1156954487452,-20.57420496728265,RAW_DECISION
2000-09-19,False,,,145.96875,,,85.87175066531728,108.1156954487452,-20.57420496728265,
2000-09-20,False,,,144.89063,,,85.87175066531728,108.1156954487452,-20.57420496728265,
2000-09-21,False,,,142.6875,,,85.87175066531728,108.1156954487452,-20.57420496728265,
2000-09-22,False,,,145.28125,,,85.87175066531728,108.1156954487452,-20.57420496728265,
2000-09-25,False,,,144.25,,,85.87175066531728,108.1156954487452,-20.57420496728265,
2000-09-26,False,,,142.40625,,,85.87175066531728,108.1156954487452,-20.57420496728265,
2000-09-27,False,,,143.15625,,,85.87175066531728,108.1156954487452,-20.57420496728265,
2000-09-28,False,,,145.0,,,85.87175066531728,108.1156954487452,-20.57420496728265,
2000-09-29,False,,,143.625,,,85.87175066531728,108.1156954487452,-20.57420496728265,
2000-10-02,True,2000-10-02,143.84375,143.84375,0.0,0.0,85.87175066531728,108.1156954487452,-20.57420496728265,
2000-10-03,True,2000-10-02,143.84375,142.5,-0.9341733651966111,-1.6815120573539,84.4278068240191,108.1156954487452,-21.90975928740698,
2000-10-04,True,2000-10-02,143.84375,143.6875,-0.10862480990658785,-0.19552465783185813,85.7038502186547,108.1156954487452,-20.729501981250607,
2000-10-05,True,2000-10-02,143.84375,144.1875,0.23897458179447106,0.4301542472300479,86.24113164797494,108.1156954487452,-20.23255153655319,
2000-10-06,True,2000-10-02,143.84375,141.0625,-1.933521616337175,-3.480338909406915,82.88312271472336,108.1156954487452,-23.3384918159121,
2000-10-09,True,2000-10-02,143.84375,140.0,-2.672170323701939,-4.809906582663491,81.7413996774178,108.1156954487452,-24.394511510894134,
2000-10-10,True,2000-10-02,143.84375,137.6875,-4.279817510319361,-7.7036715185748506,79.25647306681162,108.1156954487452,-26.692907317619742,
2000-10-11,True,2000-10-02,143.84375,136.53125,-5.083641103628067,-9.150553986530522,78.01400976150855,108.1156954487452,-27.84210522098253,RAW_DECISION
2000-10-12,False,,,133.125,,,78.01400976150855,108.1156954487452,-27.84210522098253,
2000-10-13,False,,,137.5625,,,78.01400976150855,108.1156954487452,-27.84210522098253,
2000-10-16,False,,,138.1875,,,78.01400976150855,108.1156954487452,-27.84210522098253,
2000-10-17,False,,,134.75,,,78.01400976150855,108.1156954487452,-27.84210522098253,
2000-10-18,False,,,134.25,,,78.01400976150855,108.1156954487452,-27.84210522098253,
2000-10-19,False,,,139.3125,,,78.01400976150855,108.1156954487452,-27.84210522098253,
2000-10-20,False,,,139.90625,,,78.01400976150855,108.1156954487452,-27.84210522098253,
2000-10-23,False,,,140.53125,,,78.01400976150855,108.1156954487452,-27.84210522098253,
2000-10-24,False,,,139.59375,,,78.01400976150855,108.1156954487452,-27.84210522098253,
2000-10-25,False,,,136.3125,,,78.01400976150855,108.1156954487452,-27.84210522098253,
2000-10-26,False,,,136.6875,,,78.01400976150855,108.1156954487452,-27.84210522098253,
2000-10-27,False,,,139.28125,,,78.01400976150855,108.1156954487452,-27.84210522098253,
2000-10-30,False,,,140.53125,,,78.01400976150855,108.1156954487452,-27.84210522098253,
2000-10-31,False,,,142.95313,,,78.01400976150855,108.1156954487452,-27.84210522098253,
2000-11-01,True,2000-11-01,142.46875,142.46875,0.0,0.0,78.01400976150855,108.1156954487452,-27.84210522098253,
2000-11-02,True,2000-11-01,142.46875,142.70313,0.1645132704540364,0.29612388681726554,78.24502787947632,108.1156954487452,-27.628428458317387,
2000-11-03,True,2000-11-01,142.46875,142.78125,0.219346347883298,0.3948234261899364,78.32202734775709,108.1156954487452,-27.557208948549484,
2000-11-06,True,2000-11-01,142.46875,143.78125,0.9212546611098826,1.6582583899977887,79.30768362375245,108.1156954487452,-26.645540876763697,
2000-11-07,True,2000-11-01,142.46875,143.75,0.8993200263215595,1.618776047378807,79.27688186512762,108.1156954487452,-26.674030504006975,
2000-11-08,True,2000-11-01,142.46875,140.5625,-1.3380127220881777,-2.40842289975872,76.13510248539237,108.1156954487452,-29.57997248282419,
2000-11-09,True,2000-11-01,142.46875,140.03125,-1.7109015134898042,-3.0796227242816476,75.61147258876983,108.1156954487452,-30.06429614596039,
2000-11-10,True,2000-11-01,142.46875,136.625,-4.101776705417858,-7.3831980697521455,72.25408089866059,108.1156954487452,-33.16966551548074,
2000-11-13,True,2000-11-01,142.46875,135.5625,-4.847554288221101,-8.725597718797982,71.20682110541551,108.1156954487452,-34.13831284175313,
2000-11-14,True,2000-11-01,142.46875,139.125,-2.3470059223513973,-4.224610660232515,74.71822158864902,108.1156954487452,-30.890495336016265,
2000-11-15,True,2000-11-01,142.46875,139.5625,-2.0399210353147623,-3.671857863566572,75.149446209397,108.1156954487452,-30.49164055460998,
2000-11-16,True,2000-11-01,142.46875,137.375,-3.575345470497915,-6.435621846896247,72.99332310565714,108.1156954487452,-32.48591446164137,
2000-11-17,True,2000-11-01,142.46875,136.64063,-4.090805878482129,-7.363450581267833,72.26948670625441,108.1156954487452,-33.155416143518714,
2000-11-20,True,2000-11-01,142.46875,134.6875,-5.46172406229436,-9.831103312129848,70.34437186391958,108.1156954487452,-34.93602240456568,
2000-11-21,True,2000-11-01,142.46875,135.375,-4.979162096951084,-8.962491774511951,71.02201055366639,108.1156954487452,-34.30925060521296,
2000-11-22,True,2000-11-01,142.46875,132.14063,-7.24939328800176,-13.048907918403168,67.83403346427524,108.1156954487452,-37.25792246655476,
2000-11-24,True,2000-11-01,142.46875,134.84375,-5.352050888352711,-9.63369159903488,70.49838065704385,108.1156954487452,-34.79357426834916,RAW_DECISION
2000-11-27,False,,,136.03125,,,70.49838065704385,108.1156954487452,-34.79357426834916,
2000-11-28,False,,,133.6875,,,70.49838065704385,108.1156954487452,-34.79357426834916,
2000-11-29,False,,,133.4375,,,70.49838065704385,108.1156954487452,-34.79357426834916,
2000-11-30,False,,,132.28125,,,70.49838065704385,108.1156954487452,-34.79357426834916,
2000-12-01,True,2000-12-01,132.21875,132.21875,0.0,0.0,70.49838065704385,108.1156954487452,-34.79357426834916,
2000-12-04,True,2000-12-01,132.21875,133.34375,0.8508626802174346,1.5315528243913823,71.578100597147,108.1156954487452,-33.79490341337138,
2000-12-05,True,2000-12-01,132.21875,137.71875,4.15977310328528,7.4875915859135045,75.77701147532593,108.1156954487452,-29.911183421791133,
2000-12-06,True,2000-12-01,132.21875,135.51563,2.493504136138025,4.488307445048445,73.66256472471254,108.1156954487452,-31.866909407585485,
2000-12-07,True,2000-12-01,132.21875,133.65625,1.0872134247222887,1.9569841645001196,71.87802280273122,108.1156954487452,-33.5174948425442,
2000-12-08,True,2000-12-01,132.21875,133.96875,1.3235641692271427,2.382415504608857,72.17794500831543,108.1156954487452,-33.240086271717054,
2000-12-11,True,2000-12-01,132.21875,138.625,4.84519026234933,8.721342472228795,76.64678587152015,108.1156954487452,-29.106698566392364,
2000-12-12,True,2000-12-01,132.21875,138.03125,4.396123847790112,7.913022926022202,76.07693368091014,108.1156954487452,-29.633774850963967,
2000-12-13,True,2000-12-01,132.21875,136.14063,2.966205625147711,5.33917012526588,74.26240913588096,108.1156954487452,-31.31209226593117,
2000-12-14,True,2000-12-01,132.21875,134.40625,1.6544552115339117,2.978019380761041,72.5978360961333,108.1156954487452,-32.85171427255904,
2000-12-15,True,2000-12-01,132.21875,130.96875,-0.9454029780193829,-1.7017253604348892,69.29869183470701,108.1156954487452,-35.9032085516578,
2000-12-18,True,2000-12-01,132.21875,132.71875,0.3781611912077487,0.6806901441739477,70.9782561859786,108.1156954487452,-34.349720555025684,RAW_DECISION
2000-12-19,False,,,130.01563,,,70.9782561859786,108.1156954487452,-34.349720555025684,
2000-12-20,False,,,126.25,,,70.9782561859786,108.1156954487452,-34.349720555025684,
2000-12-21,False,,,127.125,,,70.9782561859786,108.1156954487452,-34.349720555025684,
2000-12-22,False,,,130.9375,,,70.9782561859786,108.1156954487452,-34.349720555025684,
2000-12-26,True,2000-12-26,132.34375,132.34375,0.0,0.0,70.9782561859786,108.1156954487452,-34.349720555025684,
2000-12-27,True,2000-12-26,132.34375,133.3125,0.7319952774498262,1.3175914994096871,71.91345965591428,108.1156954487452,-33.484718053719995,
2000-12-28,True,2000-12-26,132.34375,133.71875,1.0389610389610393,1.8701298701298708,72.30564175620988,108.1156954487452,-33.1219750693015,
2000-12-29,True,2000-12-26,132.34375,131.1875,-0.8736717827626972,-1.572609208972855,69.86204559282955,108.1156954487452,-35.382142895293775,
2001-01-02,True,2000-12-26,132.34375,128.8125,-2.6682408500590338,-4.802833530106261,67.56928869879368,108.1156954487452,-37.502794188817376,DUAL_ACTION_ORDER_DEPENDENT
2001-01-03,False,,,135.0,,,67.56928869879368,108.1156954487452,-37.502794188817376,
2001-01-04,False,,,133.54688,,,67.56928869879368,108.1156954487452,-37.502794188817376,
2001-01-05,False,,,129.1875,,,67.56928869879368,108.1156954487452,-37.502794188817376,
2001-01-08,False,,,130.1875,,,67.56928869879368,108.1156954487452,-37.502794188817376,
2001-01-09,False,,,129.84375,,,67.56928869879368,108.1156954487452,-37.502794188817376,
2001-01-10,False,,,132.125,,,67.56928869879368,108.1156954487452,-37.502794188817376,
2001-01-11,False,,,132.25,,,67.56928869879368,108.1156954487452,-37.502794188817376,
2001-01-12,False,,,132.0,,,67.56928869879368,108.1156954487452,-37.502794188817376,
2001-01-16,False,,,132.84375,,,67.56928869879368,108.1156954487452,-37.502794188817376,
2001-01-17,False,,,133.45313,,,67.56928869879368,108.1156954487452,-37.502794188817376,
2001-01-18,False,,,134.78125,,,67.56928869879368,108.1156954487452,-37.502794188817376,
2001-01-19,False,,,134.01563,,,67.56928869879368,108.1156954487452,-37.502794188817376,
2001-01-22,False,,,134.90625,,,67.56928869879368,108.1156954487452,-37.502794188817376,
2001-01-23,False,,,135.96875,,,67.56928869879368,108.1156954487452,-37.502794188817376,
2001-01-24,False,,,136.375,,,67.56928869879368,108.1156954487452,-37.502794188817376,
2001-01-25,False,,,136.03125,,,67.56928869879368,108.1156954487452,-37.502794188817376,
2001-01-26,True,2001-01-26,135.875,135.875,0.0,0.0,67.56928869879368,108.1156954487452,-37.502794188817376,
2001-01-29,True,2001-01-26,135.875,136.60001,0.5335860165593287,0.9604548298067916,68.21826119556735,108.1156954487452,-36.90253675710958,
2001-01-30,True,2001-01-26,135.875,137.8,1.4167433302668009,2.5501379944802416,69.29239880250167,108.1156954487452,-35.909029197937905,
2001-01-31,True,2001-01-26,135.875,137.02,0.8426862925483114,1.5168353265869605,68.59420353970052,108.1156954487452,-36.55481449294361,
2001-02-01,True,2001-01-26,135.875,137.92999,1.5124121435142523,2.7223418583256542,69.40875572841385,108.1156954487452,-35.80140659473563,
2001-02-02,True,2001-01-26,135.875,134.8,-0.7911683532658587,-1.4241030358785456,66.60703240711263,108.1156954487452,-38.392818794113694,
2001-02-05,True,2001-01-26,135.875,135.78999,-0.06256485740571138,-0.11261674333028049,67.49319436636966,108.1156954487452,-37.573176506674365,
2001-02-06,True,2001-01-26,135.875,135.39,-0.3569457221711203,-0.6425022999080165,67.13515446487244,108.1156954487452,-37.90434017353248,
2001-02-07,True,2001-01-26,135.875,134.69,-0.8721251149954035,-1.5698252069917262,66.50856897261501,108.1156954487452,-38.48389107930683,
2001-02-08,True,2001-01-26,135.875,133.12,-2.027598896044158,-3.649678012879485,65.10322722569475,108.1156954487452,-39.78374096797215,
2001-02-09,True,2001-01-26,135.875,131.84,-2.969641214351426,-5.3453541858325675,63.957470896995424,108.1156954487452,-40.843491195673835,
2001-02-12,True,2001-01-26,135.875,133.35001,-1.8583183072677145,-3.344972953081886,65.30911426722922,108.1156954487452,-39.593308819633364,
2001-02-13,True,2001-01-26,135.875,132.25999,-2.6605409383624767,-4.788973689052458,64.33341324112855,108.1156954487452,-40.49576893150789,
2001-02-14,True,2001-01-26,135.875,132.06,-2.8077276908923587,-5.053909843606246,64.15439776599064,108.1156954487452,-40.661346625287585,
2001-02-15,True,2001-01-26,135.875,133.34,-1.8656853725850908,-3.3582336706531635,65.30015409468994,108.1156954487452,-39.601596397585936,
2001-02-16,True,2001-01-26,135.875,130.39999,-4.029446182152707,-7.253003127874873,62.66848607598738,108.1156954487452,-42.035718481136854,
2001-02-20,True,2001-01-26,135.875,128.39,-5.508739650413997,-9.915731370745194,60.86929954229801,108.1156954487452,-43.69984923127601,
2001-02-21,True,2001-01-26,135.875,125.62,-7.5473781048758015,-13.585280588776444,58.389811237222155,108.1156954487452,-45.993214958411635,
2001-02-22,True,2001-01-26,135.875,125.81,-7.407543698252073,-13.333578656853732,58.55988444226345,108.1156954487452,-45.83590828398718,
2001-02-23,True,2001-01-26,135.875,124.96,-8.033118675252993,-14.459613615455387,57.79903063023655,108.1156954487452,-46.53964866957032,
2001-02-26,True,2001-01-26,135.875,127.62,-6.075436982520699,-10.935786568537258,60.180055500814845,108.1156954487452,-44.337355227627775,
2001-02-27,True,2001-01-26,135.875,126.44,-6.943882244710209,-12.498988040478377,59.123811385295156,108.1156954487452,-45.31431246879025,
2001-02-28,True,2001-01-26,135.875,123.95,-8.776448942042315,-15.797608095676166,56.89495727712225,108.1156954487452,-47.375857833616166,
2001-03-01,True,2001-01-26,135.875,124.6,-8.298068077276909,-14.936522539098437,57.47678666278987,108.1156954487452,-46.83770342111142,
2001-03-02,True,2001-01-26,135.875,123.61,-9.02667893284269,-16.248022079116843,56.590615752311486,108.1156954487452,-47.657353987849426,
2001-03-05,True,2001-01-26,135.875,124.74,-8.19503219871206,-14.751057957681708,57.602103761241345,108.1156954487452,-46.721793239956554,
2001-03-06,True,2001-01-26,135.875,126.08,-7.208831646734137,-12.975896964121448,58.80156741784846,108.1156954487452,-45.612367220331365,
2001-03-07,True,2001-01-26,135.875,126.98,-6.546458141674327,-11.783624655013789,59.607177336465185,108.1156954487452,-44.86723034147862,
2001-03-08,True,2001-01-26,135.875,127.12,-6.443422263109477,-11.59816007359706,59.73249443491666,108.1156954487452,-44.75132016032375,
2001-03-09,True,2001-01-26,135.875,123.36,-9.210671573137075,-16.579208831646735,56.3668352193624,108.1156954487452,-47.86433645419741,
2001-03-12,True,2001-01-26,135.875,118.08,-13.09659613615456,-23.57387304507821,51.640590363477685,108.1156954487452,-52.23580614346681,
2001-03-13,True,2001-01-26,135.875,120.02,-11.6688132474701,-21.00386384544618,53.37712729916261,108.1156954487452,-50.62962220460645,
2001-03-14,True,2001-01-26,135.875,117.65,-13.413063477460895,-24.14351425942961,51.25568784680527,108.1156954487452,-52.591815985585335,
2001-03-15,True,2001-01-26,135.875,117.68,-13.390984360625568,-24.103771849126023,51.28254151075916,108.1156954487452,-52.566978089623575,
2001-03-16,True,2001-01-26,135.875,115.01,-15.356025758969638,-27.64084636614535,48.892565418862915,108.1156954487452,-54.77755083022002,
2001-03-19,True,2001-01-26,135.875,117.35,-13.63385464581417,-24.540938362465507,50.98715120726636,108.1156954487452,-52.84019494520291,
2001-03-20,True,2001-01-26,135.875,114.2,-15.952161913523454,-28.71389144434222,48.16751649210787,108.1156954487452,-55.44817402118749,
2001-03-21,True,2001-01-26,135.875,112.26,-17.379944802207902,-31.283900643974224,46.43097955642296,108.1156954487452,-57.05435796004784,
2001-03-22,True,2001-01-26,135.875,111.12,-18.21895124195032,-32.79411223551058,45.410540326175116,108.1156954487452,-57.99819800659465,
2001-03-23,True,2001-01-26,135.875,114.48,-15.746090156393745,-28.34296228150874,48.418150689010844,108.1156954487452,-55.21635365887776,
2001-03-26,True,2001-01-26,135.875,115.94,-14.671573137074523,-26.408831646734143,49.7250290014335,108.1156954487452,-54.00757605540556,
2001-03-27,True,2001-01-26,135.875,118.31,-12.927322907083717,-23.26918123275069,51.84646845379085,108.1156954487452,-52.045382274426665,
2001-03-28,True,2001-01-26,135.875,115.04,-15.333946642134311,-27.60110395584176,48.919419082816795,108.1156954487452,-54.75271293425828,
2001-03-29,True,2001-01-26,135.875,115.48,-15.010119595216187,-27.01821527138914,49.31327282080719,108.1156954487452,-54.38842379348583,
2001-03-30,True,2001-01-26,135.875,116.69,-14.11959521619135,-25.41527138914443,50.39637060028077,108.1156954487452,-53.38662865636159,
2001-04-02,True,2001-01-26,135.875,114.2,-15.952161913523454,-28.71389144434222,48.16751649210787,108.1156954487452,-55.44817402118749,
2001-04-03,True,2001-01-26,135.875,110.39,-18.75620975160993,-33.76117755289788,44.757101169963796,108.1156954487452,-58.60258680833075,
2001-04-04,True,2001-01-26,135.875,110.85,-18.417663293468266,-33.15179392824288,45.168857350590095,108.1156954487452,-58.22173907025048,
2001-04-05,True,2001-01-26,135.875,115.05,-15.326586936522546,-27.587856485740584,48.92837030413475,108.1156954487452,-54.74443363560437,
2001-04-06,True,2001-01-26,135.875,113.3,-16.614535418583255,-29.90616375344986,47.36190657349116,108.1156954487452,-56.19331090004023,
2001-04-09,True,2001-01-26,135.875,114.56,-15.687212511499538,-28.23698252069917,48.48976045955455,108.1156954487452,-55.1501192696464,
2001-04-10,True,2001-01-26,135.875,116.65,-14.149034038638453,-25.468261269549217,50.36056571500892,108.1156954487452,-53.419745850977264,
2001-04-11,True,2001-01-26,135.875,116.73,-14.090156393744246,-25.362281508739645,50.43217548555263,108.1156954487452,-53.35351146174592,
2001-04-12,True,2001-01-26,135.875,118.85,-12.529898804047846,-22.553817847286123,52.32983440496087,108.1156954487452,-51.598300147115026,
2001-04-16,True,2001-01-26,135.875,117.6,-13.449862005519787,-24.209751609935616,51.210931740215436,108.1156954487452,-52.633212478854944,
2001-04-17,True,2001-01-26,135.875,119.26,-12.228150873965038,-22.01067157313707,52.69683447899738,108.1156954487452,-51.25884890230432,
2001-04-18,True,2001-01-26,135.875,124.0,-8.739650413983435,-15.731370745170183,56.939713383712075,108.1156954487452,-47.334461340346564,
2001-04-19,True,2001-01-26,135.875,125.65,-7.525298988040474,-13.545538178472853,58.41666490117604,108.1156954487452,-45.96837706244988,
2001-04-20,True,2001-01-26,135.875,124.5,-8.371665133394668,-15.068997240110402,57.38727444961023,108.1156954487452,-46.92049640765062,
2001-04-23,True,2001-01-26,135.875,122.24,-10.03495860165594,-18.062925482980695,55.364298431750484,108.1156954487452,-48.79161790343638,
2001-04-24,True,2001-01-26,135.875,121.58,-10.52069917203312,-18.937258509659618,54.7735178247649,108.1156954487452,-49.338051614595045,
2001-04-25,True,2001-01-26,135.875,123.17,-9.350505979760804,-16.83091076356945,56.1967620143211,108.1156954487452,-48.021643128621875,
2001-04-26,True,2001-01-26,135.875,123.72,-8.945722171113157,-16.102299908003683,56.68907918680909,108.1156954487452,-47.56628170265631,
2001-04-27,True,2001-01-26,135.875,125.78,-7.4296228150874,-13.37332106715732,58.53303077830956,108.1156954487452,-45.86074617994894,
2001-04-30,True,2001-01-26,135.875,126.66,-6.781968721251152,-12.207543698252074,59.32073825429034,108.1156954487452,-45.13216789840404,
2001-05-01,True,2001-01-26,135.875,127.05,-6.494940202391907,-11.690892364305434,59.669835885690915,108.1156954487452,-44.809275250901194,
2001-05-02,True,2001-01-26,135.875,126.82,-6.664213431462751,-11.995584176632953,59.46395779537775,108.1156954487452,-44.99969911994134,
2001-05-03,True,2001-01-26,135.875,125.21,-7.8491260349586085,-14.128426862925496,58.02281116318563,108.1156954487452,-46.33266620322235,
2001-05-04,True,2001-01-26,135.875,127.34,-6.28150873965041,-11.306715731370739,59.929421303911866,108.1156954487452,-44.569175589937515,
2001-05-07,True,2001-01-26,135.875,126.24,-7.091076356945725,-12.763937442502305,58.94478695893588,108.1156954487452,-45.47989844186865,
2001-05-08,True,2001-01-26,135.875,126.18,-7.135234590616369,-12.843422263109463,58.89107963102811,108.1156954487452,-45.52957423379215,
2001-05-09,True,2001-01-26,135.875,125.65,-7.525298988040474,-13.545538178472853,58.41666490117604,108.1156954487452,-45.96837706244988,
2001-05-10,True,2001-01-26,135.875,126.02,-7.252989880404792,-13.055381784728626,58.74786008994067,108.1156954487452,-45.662043012254884,
2001-05-11,True,2001-01-26,135.875,125.15,-7.893284268629253,-14.207911683532656,57.96910383527786,108.1156954487452,-46.38234199514585,
2001-05-14,True,2001-01-26,135.875,125.4,-7.709291628334858,-13.876724931002745,58.192884368226956,108.1156954487452,-46.17535952879786,
2001-05-15,True,2001-01-26,135.875,125.98,-7.282428702851885,-13.108371665133392,58.712055204668836,108.1156954487452,-45.69516020687055,
2001-05-16,True,2001-01-26,135.875,128.95,-5.096596136154563,-9.173873045078214,61.37056793610397,108.1156954487452,-43.236208506656524,
2001-05-17,True,2001-01-26,135.875,129.14999,-4.949409383624648,-8.908936890524366,61.54958341124194,108.1156954487452,-43.07063081287678,
2001-05-18,True,2001-01-26,135.875,129.74001,-4.515172033118664,-8.127309659613596,62.07772337144443,108.1156954487452,-42.582135633698215,
2001-05-21,True,2001-01-26,135.875,131.64999,-3.1094829806807667,-5.59706936522538,63.78738874073281,108.1156954487452,-41.00080614939694,
2001-05-22,True,2001-01-26,135.875,131.48,-3.2345906163753546,-5.822263109475639,63.63522692954873,108.1156954487452,-41.14154594721493,
2001-05-23,True,2001-01-26,135.875,129.25,-4.875804967801289,-8.776448942042322,61.63910457564288,108.1156954487452,-42.987829547038935,
2001-05-24,True,2001-01-26,135.875,129.63,-4.59613615455382,-8.273045078196876,61.9792509857255,108.1156954487452,-42.67321619819,
2001-05-25,True,2001-01-26,135.875,128.10001,-5.722163753449861,-10.29989475620975,60.609723075298405,108.1156954487452,-43.939940612941,
2001-05-29,True,2001-01-26,135.875,127.08,-6.4728610855565805,-11.651149954001845,59.69668954964481,108.1156954487452,-44.78443735493942,
2001-05-30,True,2001-01-26,135.875,125.3,-7.782888684452627,-14.00919963201473,58.10337215504731,108.1156954487452,-46.25815251533707,
2001-05-31,True,2001-01-26,135.875,125.95,-7.3045078196872115,-13.14811407543698,58.68520154071494,108.1156954487452,-45.71999810283231,
2001-06-01,True,2001-01-26,135.875,126.73,-6.730450781968722,-12.1148114075437,59.38339680351609,108.1156954487452,-45.0742128078266,
2001-06-04,True,2001-01-26,135.875,127.34,-6.28150873965041,-11.306715731370739,59.929421303911866,108.1156954487452,-44.569175589937515,
2001-06-05,True,2001-01-26,135.875,128.8,-5.206991720331178,-9.37258509659612,61.23629961633454,108.1156954487452,-43.360397986465294,
2001-06-06,True,2001-01-26,135.875,127.73,-5.994480220791165,-10.790064397424098,60.27851893531245,108.1156954487452,-44.246282942434654,
2001-06-07,True,2001-01-26,135.875,128.19,-5.655933762649501,-10.180680772769103,60.69027511593875,108.1156954487452,-43.865435204354384,
2001-06-08,True,2001-01-26,135.875,127.0,-6.531738730450787,-11.757129714811416,59.6250797791011,108.1156954487452,-44.850671744170775,
2001-06-11,True,2001-01-26,135.875,126.1,-7.194112235510586,-12.949402023919054,58.81946986048439,108.1156954487452,-45.595808623023515,
2001-06-12,True,2001-01-26,135.875,125.88,-7.356025758969642,-13.240846366145355,58.6225429914892,108.1156954487452,-45.777953193409736,
2001-06-13,True,2001-01-26,135.875,124.8,-8.150873965041406,-14.67157313707453,57.65581108914913,108.1156954487452,-46.672117448033035,
2001-06-14,True,2001-01-26,135.875,122.0,-10.211591536338549,-18.380864765409388,55.14946912011937,108.1156954487452,-48.99032107113044,
2001-06-15,True,2001-01-26,135.875,121.85,-10.321987120515185,-18.579576816927336,55.01520080034991,108.1156954487452,-49.11451055093924,
2001-06-18,True,2001-01-26,135.875,121.26,-10.756209751609935,-19.361177552897885,54.48707874259008,108.1156954487452,-49.60298917152046,
2001-06-19,True,2001-01-26,135.875,121.79,-10.366145354185829,-18.659061637534492,54.96149347244214,108.1156954487452,-49.164186342862735,
2001-06-20,True,2001-01-26,135.875,122.43,-9.89512419503219,-17.811223551057942,55.53437163679181,108.1156954487452,-48.63431122901189,
2001-06-21,True,2001-01-26,135.875,123.82,-8.872125114995411,-15.96982520699174,56.77859139998871,108.1156954487452,-47.48348871611713,
2001-06-22,True,2001-01-26,135.875,122.85,-9.58601655933763,-17.254829806807734,55.91032293214626,108.1156954487452,-48.2865806855473,
2001-06-25,True,2001-01-26,135.875,121.72,-10.41766329346826,-18.75179392824287,54.8988349232164,108.1156954487452,-49.22214143344017,
2001-06-26,True,2001-01-26,135.875,121.55,-10.542778288868448,-18.977000919963206,54.746664160811015,108.1156954487452,-49.362889510556805,
2001-06-27,True,2001-01-26,135.875,121.48,-10.594296228150867,-19.06973321067156,54.684005611585285,108.1156954487452,-49.42084460113423,
2001-06-28,True,2001-01-26,135.875,122.15,-10.101195952161913,-18.182152713891444,55.283737439888824,108.1156954487452,-48.86613159132165,
2001-06-29,True,2001-01-26,135.875,122.6,-9.770009199632025,-17.586016559337644,55.686542399197165,108.1156954487452,-48.493563151895295,
2001-07-02,True,2001-01-26,135.875,124.13,-8.64397424103036,-15.559153633854649,57.056079260845586,108.1156954487452,-47.22683045784562,
2001-07-03,True,2001-01-26,135.875,124.1,-8.666053357865689,-15.59889604415824,57.0292255968917,108.1156954487452,-47.251668353807375,
2001-07-05,True,2001-01-26,135.875,121.68,-10.447102115915364,-18.804783808647656,54.86303003794454,108.1156954487452,-49.255258628055856,
2001-07-06,True,2001-01-26,135.875,119.05,-12.382704691812329,-22.288868445262192,52.50885883132015,108.1156954487452,-51.43271417403663,
2001-07-09,True,2001-01-26,135.875,119.7,-11.904323827046914,-21.427782888684447,53.09068821698778,108.1156954487452,-50.89455976153188,
2001-07-10,True,2001-01-26,135.875,118.26,-12.964121435142594,-23.335418583256672,51.80171234720103,108.1156954487452,-52.08677876769626,
2001-07-11,True,2001-01-26,135.875,118.38,-12.875804967801297,-23.176448942042335,51.909127003016586,108.1156954487452,-51.987427183849235,
2001-07-12,True,2001-01-26,135.875,121.19,-10.807727690892365,-19.453909843606258,54.42442019336433,108.1156954487452,-49.66094426209791,
2001-07-13,True,2001-01-26,135.875,122.24,-10.03495860165594,-18.062925482980695,55.364298431750484,108.1156954487452,-48.79161790343638,
2001-07-16,True,2001-01-26,135.875,120.71,-11.160993560257593,-20.08978840846367,53.99476157010208,108.1156954487452,-50.05835059748603,
2001-07-17,True,2001-01-26,135.875,121.84,-10.329346826126951,-18.592824287028513,55.006249579031966,108.1156954487452,-49.12278984959314,RAW_DECISION
2001-07-18,True,2001-07-18,121.01,121.01,0.0,0.0,55.006249579031966,108.1156954487452,-49.12278984959314,
2001-07-19,True,2001-07-18,121.01,122.07,0.8759606644078932,1.5767291959342078,55.873549175733004,108.1156954487452,-48.32059402307486,
2001-07-20,True,2001-07-18,121.01,121.34,0.2727047351458456,0.49086852326252206,55.276257944042655,108.1156954487452,-48.87304963945066,
2001-07-23,True,2001-07-18,121.01,118.95,-1.7023386496983761,-3.064209569457077,53.320742815631824,108.1156954487452,-50.681774191694686,
2001-07-24,True,2001-07-18,121.01,117.8,-2.652673332782418,-4.774811999008353,52.37980457392786,108.1156954487452,-51.55208098461546,
2001-07-25,True,2001-07-18,121.01,119.1,-1.578381951904806,-2.8410875134286506,53.44347389063669,108.1156954487452,-50.568255914357195,
2001-07-26,True,2001-07-18,121.01,120.35,-0.5454094702917245,-0.9817370465251041,54.46623284901055,108.1156954487452,-49.62227026987811,
2001-07-27,True,2001-07-18,121.01,120.81,-0.16527559705810102,-0.29749607470458184,54.84260814569214,108.1156954487452,-49.2741475527098,
2001-07-30,True,2001-07-18,121.01,120.85,-0.13222047764648304,-0.23799685976366947,54.87533643236011,108.1156954487452,-49.24387601208646,
2001-07-31,True,2001-07-18,121.01,121.35,0.2809685149987473,0.5057433269977452,55.28444001570965,108.1156954487452,-48.86548175429483,
2001-08-01,True,2001-07-18,121.01,122.11,0.9090157838195223,1.6362284108751401,55.90627746240097,108.1156954487452,-48.29032248245153,
2001-08-02,True,2001-07-18,121.01,122.61,1.3222047764647415,2.379968597636535,56.315381045750506,108.1156954487452,-47.9119282246599,
2001-08-03,True,2001-07-18,121.01,121.94,0.7685315263201264,1.3833567473762276,55.767182244062106,108.1156954487452,-48.41897653010071,
2001-08-06,True,2001-07-18,121.01,120.3,-0.5867283695562442,-1.0561110652012395,54.4253224906756,108.1156954487452,-49.660109695657276,
2001-08-07,True,2001-07-18,121.01,120.77,-0.198330716469719,-0.3569952896454942,54.80987985902418,108.1156954487452,-49.30441909333313,
2001-08-08,True,2001-07-18,121.01,118.53,-2.0494174035203705,-3.688951326336667,52.97709580561821,108.1156954487452,-50.999625368239656,
2001-08-09,True,2001-07-18,121.01,118.88,-1.7601851086687104,-3.1683331956036787,53.26346831396289,108.1156954487452,-50.73474938778551,
2001-08-10,True,2001-07-18,121.01,119.29,-1.4213701346996066,-2.558466242459292,53.59893325230953,108.1156954487452,-50.42446609639637,
2001-08-13,True,2001-07-18,121.01,119.32,-1.3965787951409125,-2.5138418312536426,53.62347946731048,108.1156954487452,-50.40176244092889,
2001-08-14,True,2001-07-18,121.01,119.27,-1.4378976944054322,-2.588215849929778,53.58256910897553,108.1156954487452,-50.43960186670805,
2001-08-15,True,2001-07-18,121.01,118.24,-2.2890670192546203,-4.1203206346583165,52.73981572727546,108.1156954487452,-51.219094037758815,
2001-08-16,True,2001-07-18,121.01,118.65,-1.9502520452855165,-3.51045368151393,53.0752806656221,108.1156954487452,-50.90881074636966,
2001-08-17,True,2001-07-18,121.01,116.75,-3.5203702173374096,-6.336666391207338,51.52068704889382,108.1156954487452,-52.3467089259779,
2001-08-20,True,2001-07-18,121.01,117.83,-2.627881993223702,-4.730187587802663,52.404350788928845,108.1156954487452,-51.52937732914795,
2001-08-21,True,2001-07-18,121.01,115.82,-4.288901743657558,-7.7200231385836044,50.75975438386365,108.1156954487452,-53.050522245470354,
2001-08-22,True,2001-07-18,121.01,117.02,-3.2972481613089855,-5.935046690356174,51.741602983902574,108.1156954487452,-52.14237602677041,
2001-08-23,True,2001-07-18,121.01,116.6,-3.644326915130991,-6.559788447235784,51.39795597388895,108.1156954487452,-52.4602272033154,
2001-08-24,True,2001-07-18,121.01,119.02,-1.6444921907280419,-2.9600859433104754,53.37801731730076,108.1156954487452,-50.628798995603866,RAW_DECISION
2001-08-27,False,,,118.31,,,53.37801731730076,108.1156954487452,-50.628798995603866,
2001-08-28,False,,,116.58,,,53.37801731730076,108.1156954487452,-50.628798995603866,
2001-08-29,False,,,115.54,,,53.37801731730076,108.1156954487452,-50.628798995603866,
2001-08-30,False,,,113.32,,,53.37801731730076,108.1156954487452,-50.628798995603866,
2001-08-31,False,,,114.15,,,53.37801731730076,108.1156954487452,-50.628798995603866,
2001-09-04,True,2001-09-04,113.42,113.42,0.0,0.0,53.37801731730076,108.1156954487452,-50.628798995603866,
2001-09-05,True,2001-09-04,113.42,113.7,0.24687004055721218,0.4443660730029819,53.6152111167005,108.1156954487452,-50.40941012850622,
2001-09-06,True,2001-09-04,113.42,110.77,-2.336448598130847,-4.2056074766355245,51.13314743012456,108.1156954487452,-52.705157916349485,
2001-09-07,True,2001-09-04,113.42,108.72,-4.1438899664962054,-7.45900193969317,49.39654997023354,108.1156954487452,-54.31139783617158,
2001-09-10,True,2001-09-04,113.42,110.05,-2.9712572738494147,-5.3482630929289465,50.52322051738234,108.1156954487452,-53.269300717457746,
2001-09-17,True,2001-09-04,113.42,104.3,-8.040909892435199,-14.473637806383358,45.65227642256606,108.1156954487452,-57.77460780964165,
2001-09-18,True,2001-09-04,113.42,104.05,-8.26132957150415,-14.87039322870747,45.44049624453057,108.1156954487452,-57.970490726693136,
2001-09-19,True,2001-09-04,113.42,101.95,-10.112854875683297,-18.203138776229935,43.661542749032456,108.1156954487452,-59.61590722992551,
2001-09-20,True,2001-09-04,113.42,98.71,-12.969493916416862,-23.345089049550353,40.91687164169249,108.1156954487452,-62.15454983491264,
2001-09-21,True,2001-09-04,113.42,97.28,-14.230294480691242,-25.614530065244235,39.705489023329484,108.1156954487452,-63.27500012044707,
2001-09-24,True,2001-09-04,113.42,100.7,-11.214953271028039,-20.18691588785047,42.602641858855,108.1156954487452,-60.5953218151829,
2001-09-25,True,2001-09-04,113.42,101.75,-10.28919061893846,-18.52054311408923,43.49211860660406,108.1156954487452,-59.7726135635667,
2001-09-26,True,2001-09-04,113.42,101.39,-10.606594956797743,-19.091870922235938,43.18715515023295,108.1156954487452,-60.05468496412083,
2001-09-27,True,2001-09-04,113.42,102.27,-9.830717686475055,-17.695291835655098,43.93262137691787,108.1156954487452,-59.36517709609964,
2001-09-28,True,2001-09-04,113.42,104.44,-7.9174748721565935,-14.25145476988187,45.770873322265935,108.1156954487452,-57.66491337609283,
2001-10-01,True,2001-09-04,113.42,104.27,-8.067360253923471,-14.52124845706225,45.6268628012018,108.1156954487452,-57.798113759687844,
2001-10-02,True,2001-09-04,113.42,105.58,-6.912361135602185,-12.442250044083934,46.736590934107774,108.1156954487452,-56.77168727433811,
2001-10-03,True,2001-09-04,113.42,107.35,-5.35178980779405,-9.63322165402929,48.23599459459904,108.1156954487452,-55.384836221613675,
2001-10-04,True,2001-09-04,113.42,107.44,-5.27243872332922,-9.490389701992596,48.31223545869182,108.1156954487452,-55.31431837147514,
2001-10-05,True,2001-09-04,113.42,107.23,-5.457591253747129,-9.823664256744832,48.134340109142016,108.1156954487452,-55.47886002179837,
2001-10-08,True,2001-09-04,113.42,106.53,-6.0747663551401825,-10.934579439252328,47.54135561064265,108.1156954487452,-56.0273321895425,
2001-10-09,True,2001-09-04,113.42,105.96,-6.577323223417397,-11.839181802151316,47.05849680472171,108.1156954487452,-56.47394524041987,
2001-10-10,True,2001-09-04,113.42,108.32,-4.496561453006532,-8.093810615411757,49.05770168537674,108.1156954487452,-54.62481050345396,
2001-10-11,True,2001-09-04,113.42,110.0,-3.0153412096632026,-5.427614177393765,50.48086448177524,108.1156954487452,-53.30847730086804,
2001-10-12,True,2001-09-04,113.42,109.5,-3.4561805678010926,-6.221125022041967,50.05730412570427,108.1156954487452,-53.70024313497098,
2001-10-15,True,2001-09-04,113.42,109.3,-3.6325163110562553,-6.5385293599012595,49.88787998327587,108.1156954487452,-53.85694946861217,
2001-10-16,True,2001-09-04,113.42,109.99,-3.02415799682596,-5.443484394286728,50.472393274653825,108.1156954487452,-53.316312617550096,
2001-10-17,True,2001-09-04,113.42,107.65,-5.0872861929113,-9.15711514724034,48.490130808241645,108.1156954487452,-55.14977672115189,
2001-10-18,True,2001-09-04,113.42,107.42,-5.290072297654735,-9.522130135778523,48.29529304444898,108.1156954487452,-55.329989004839256,
2001-10-19,True,2001-09-04,113.42,107.35,-5.35178980779405,-9.63322165402929,48.23599459459904,108.1156954487452,-55.384836221613675,
2001-10-22,True,2001-09-04,113.42,109.47,-3.4826309292893654,-6.268735672720858,50.03189050434001,108.1156954487452,-53.72374908501716,
2001-10-23,True,2001-09-04,113.42,108.91,-3.976371010403812,-7.157467818726862,49.55750290554051,108.1156954487452,-54.16252681921247,
2001-10-24,True,2001-09-04,113.42,108.62,-4.232057838123781,-7.617704108622807,49.31183789901935,108.1156954487452,-54.38975100299217,
2001-10-25,True,2001-09-04,113.42,110.57,-2.5127843413860096,-4.523011814494818,50.963723287696155,108.1156954487452,-52.86186424999069,
2001-10-26,True,2001-09-04,113.42,110.32,-2.733204020454949,-4.919767236818909,50.75194310966067,108.1156954487452,-53.057747167042145,
2001-10-29,True,2001-09-04,113.42,107.45,-5.263621936166462,-9.474519485099632,48.32070666581325,108.1156954487452,-55.30648305479308,
2001-10-30,True,2001-09-04,113.42,106.16,-6.400987480162234,-11.521777464292022,47.2279209471501,108.1156954487452,-56.3172389067787,
2001-10-31,True,2001-09-04,113.42,105.8,-6.7183918180215185,-12.093105272438734,46.922957490779005,108.1156954487452,-56.59931030733281,
2001-11-01,True,2001-09-04,113.42,108.51,-4.329042496914126,-7.792276494445427,49.21865462068372,108.1156954487452,-54.47593948649483,
2001-11-02,True,2001-09-04,113.42,109.25,-3.676600246870043,-6.617880444366078,49.845523947668774,108.1156954487452,-53.89612605202247,
2001-11-05,True,2001-09-04,113.42,110.68,-2.415799682595654,-4.348439428672178,51.05690656603179,108.1156954487452,-52.775675766488014,
2001-11-06,True,2001-09-04,113.42,112.4,-0.8993122906013062,-1.6187621230823512,52.51395419091595,108.1156954487452,-51.428001297173886,
2001-11-07,True,2001-09-04,113.42,112.25,-1.03156409804267,-1.8568153764768058,52.38688608409467,108.1156954487452,-51.54553104740476,
2001-11-08,True,2001-09-04,113.42,112.6,-0.7229765473461547,-1.3013577852230784,52.68337833334434,108.1156954487452,-51.27129496353271,
2001-11-09,True,2001-09-04,113.42,112.72,-0.6171751013930526,-1.1109151825074948,52.78503281880138,108.1156954487452,-51.177271163347996,
2001-11-12,True,2001-09-04,113.42,112.03,-1.2255334156233477,-2.205960148122026,52.20051952742343,108.1156954487452,-51.717908014410064,
2001-11-13,True,2001-09-04,113.42,114.55,0.9962969493916285,1.7933345089049313,54.33526372202117,108.1156954487452,-49.7434082105312,
2001-11-14,True,2001-09-04,113.42,114.66,1.093281608181984,1.9679068947275713,54.4284470003568,108.1156954487452,-49.65721972702855,
2001-11-15,True,2001-09-04,113.42,114.87,1.2784341385998932,2.3011814494798077,54.60634234990661,108.1156954487452,-49.492678076705296,
2001-11-16,True,2001-09-04,113.42,114.36,0.8287779932992345,1.4918003879386221,54.174310786714194,108.1156954487452,-49.89227922749032,
2001-11-19,True,2001-09-04,113.42,115.77,2.0719449832480974,3.7295009698465753,55.36875099083436,108.1156954487452,-48.78749957532001,
2001-11-20,True,2001-09-04,113.42,114.8,1.2167166284605901,2.1900899312290623,54.54704390005667,108.1156954487452,-49.54752529347972,
2001-11-21,True,2001-09-04,113.42,114.04,0.546640804090992,0.9839534473637856,53.903232158828786,108.1156954487452,-50.143009361316196,
2001-11-23,True,2001-09-04,113.42,115.68,1.9925938987832792,3.5866690178099025,55.29251012674159,108.1156954487452,-48.858017425458534,
2001-11-26,True,2001-09-04,113.42,115.93,2.213013577852241,3.9834244401340335,55.5042903047771,108.1156954487452,-48.66213450840704,
2001-11-27,True,2001-09-04,113.42,115.43,1.7721742197143397,3.1899135954858115,55.08072994870611,108.1156954487452,-49.053900342510005,
2001-11-28,True,2001-09-04,113.42,113.34,-0.07053429730206062,-0.12696173514370912,53.31024766032941,108.1156954487452,-50.69148152906033,
2001-11-29,True,2001-09-04,113.42,114.87,1.2784341385998932,2.3011814494798077,54.60634234990661,108.1156954487452,-49.492678076705296,
2001-11-30,True,2001-09-04,113.42,114.05,0.5554575912537496,0.9998236642567493,53.911703365950196,108.1156954487452,-50.13517404463415,
2001-12-03,True,2001-09-04,113.42,113.37,-0.04408393581378789,-0.0793510844648182,53.33566128169366,108.1156954487452,-50.667975579014154,
2001-12-04,True,2001-09-04,113.42,115.29,1.6487391994357337,2.9677305589843206,54.96213304900623,108.1156954487452,-49.16359477605883,
2001-12-05,True,2001-09-04,113.42,117.4,3.509081290777649,6.3163463233997685,56.74955775162578,108.1156954487452,-47.51034295614438,
2001-12-06,True,2001-09-04,113.42,117.34,3.4561805678011037,6.221125022041987,56.69873050889726,108.1156954487452,-47.557354856236735,
2001-12-07,True,2001-09-04,113.42,116.56,2.7684711691059682,4.983248104390743,56.037976353426515,108.1156954487452,-48.168509557437346,
2001-12-10,True,2001-09-04,113.42,114.38,0.8464115676247497,1.5235408217245494,54.191253200957036,108.1156954487452,-49.8766085941262,
2001-12-11,True,2001-09-04,113.42,114.15,0.6436254628813254,1.1585258331863857,53.996415437164394,108.1156954487452,-50.05682087781356,
2001-12-12,True,2001-09-04,113.42,114.28,0.7582436959971739,1.364838652794913,54.10654112974284,108.1156954487452,-49.9549617609468,
2001-12-13,True,2001-09-04,113.42,112.06,-1.199083054135075,-2.158349497443135,52.22593314878769,108.1156954487452,-51.694402064363885,
2001-12-14,True,2001-09-04,113.42,113.13,-0.25568682771998086,-0.46023628989596554,53.13235231077959,108.1156954487452,-50.856023179383584,RAW_DECISION
2001-12-17,False,,,114.3,,,53.13235231077959,108.1156954487452,-50.856023179383584,
2001-12-18,False,,,114.98,,,53.13235231077959,108.1156954487452,-50.856023179383584,
2001-12-19,False,,,115.79,,,53.13235231077959,108.1156954487452,-50.856023179383584,
2001-12-20,False,,,114.65,,,53.13235231077959,108.1156954487452,-50.856023179383584,
2001-12-21,False,,,114.95,,,53.13235231077959,108.1156954487452,-50.856023179383584,
2001-12-24,False,,,114.73,,,53.13235231077959,108.1156954487452,-50.856023179383584,
2001-12-26,False,,,115.36,,,53.13235231077959,108.1156954487452,-50.856023179383584,
2001-12-27,False,,,116.06,,,53.13235231077959,108.1156954487452,-50.856023179383584,
2001-12-28,False,,,116.0,,,53.13235231077959,108.1156954487452,-50.856023179383584,
2001-12-31,False,,,114.3,,,53.13235231077959,108.1156954487452,-50.856023179383584,
2002-01-02,True,2002-01-02,115.53,115.53,0.0,0.0,53.13235231077959,108.1156954487452,-50.856023179383584,
2002-01-03,True,2002-01-02,115.53,116.84,1.133904613520298,2.0410283043365363,54.216798660202414,108.1156954487452,-49.8529807025982,
2002-01-04,True,2002-01-02,115.53,117.62,1.8090539253873494,3.256297065697229,54.86249954001142,108.1156954487452,-49.25574930420691,
2002-01-07,True,2002-01-02,115.53,116.79,1.0906258114775413,1.9631264606595744,54.175407578163366,108.1156954487452,-49.89126476659765,
2002-01-08,True,2002-01-02,115.53,116.52,0.856920280446638,1.5424565048039485,53.95189573515256,108.1156954487452,-50.097998712194624,
2002-01-09,True,2002-01-02,115.53,115.57,0.03462304163419638,0.06232147494155349,53.16546517641081,108.1156954487452,-50.82539592818402,
2002-01-10,True,2002-01-02,115.53,116.08,0.4760668224703446,0.8569202804466203,53.58765421320901,108.1156954487452,-50.43489847538973,
2002-01-11,True,2002-01-02,115.53,114.94,-0.5106898641045632,-0.9192417553882137,52.64393754271893,108.1156954487452,-51.307775134576985,
2002-01-14,True,2002-01-02,115.53,114.22,-1.133904613520298,-2.0410283043365363,52.04790596135677,108.1156954487452,-51.859065656168944,
2002-01-15,True,2002-01-02,115.53,115.15,-0.32891889552496556,-0.592054011944938,52.8177800872829,108.1156954487452,-51.146982065779326,
2002-01-16,True,2002-01-02,115.53,112.82,-2.345711070717571,-4.222279927291628,50.88895566426367,108.1156954487452,-52.931019448153314,
2002-01-17,True,2002-01-02,115.53,113.67,-1.6099714359906536,-2.8979485847831765,51.59260405892734,108.1156954487452,-52.280190360162806,
2002-01-18,True,2002-01-02,115.53,113.15,-2.060070977235351,-3.7081277590236317,51.16213680572134,108.1156954487452,-52.67834462575699,
2002-01-22,True,2002-01-02,115.53,112.37,-2.7352202891023913,-4.923396520384305,50.51643592591233,108.1156954487452,-53.27557602414827,
2002-01-23,True,2002-01-02,115.53,113.23,-1.990824893966936,-3.5834848091404847,51.2283625369838,108.1156954487452,-52.61709012335789,
2002-01-24,True,2002-01-02,115.53,113.58,-1.6878732796676177,-3.038171903401712,51.51810011125708,108.1156954487452,-52.34910167536179,
2002-01-25,True,2002-01-02,115.53,113.55,-1.713840560893276,-3.084913009607897,51.49326546203365,108.1156954487452,-52.37207211376146,
2002-01-28,True,2002-01-02,115.53,113.86,-1.4455119882281653,-2.6019215788106975,51.74989017067569,108.1156954487452,-52.13471091696492,
2002-01-29,True,2002-01-02,115.53,110.28,-4.544274214489741,-8.179693586081534,48.7862886966805,108.1156954487452,-54.87584989932493,
2002-01-30,True,2002-01-02,115.53,111.87,-3.1680083095299905,-5.702414957153983,50.10252510552195,108.1156954487452,-53.658416664142685,
2002-01-31,True,2002-01-02,115.53,113.18,-2.0341036960096925,-3.6613866528174466,51.18697145494476,108.1156954487452,-52.65537418735733,
2002-02-01,True,2002-01-02,115.53,112.65,-2.492858997662939,-4.48714619579329,50.748225985330954,108.1156954487452,-53.0611852657514,
2002-02-04,True,2002-01-02,115.53,109.85,-4.916471912057485,-8.849649441703473,48.430325391144756,108.1156954487452,-55.20509284972015,
2002-02-05,True,2002-01-02,115.53,109.17,-5.505063619839001,-9.909114515710202,47.86740667541384,108.1156954487452,-55.725756120112536,
2002-02-06,True,2002-01-02,115.53,108.7,-5.911884359040942,-10.641391846273695,47.47833050424688,108.1156954487452,-56.08562632170728,
2002-02-07,True,2002-01-02,115.53,108.02,-6.500476066822469,-11.700856920280446,46.91541178851595,108.1156954487452,-56.60628959209969,
2002-02-08,True,2002-01-02,115.53,110.09,-4.708733662252229,-8.475720592054012,48.62900258493215,108.1156954487452,-55.02132934252282,
2002-02-11,True,2002-01-02,115.53,111.44,-3.5402060070977237,-6.372370812775903,49.7465617999862,108.1156954487452,-53.98765961453789,
2002-02-12,True,2002-01-02,115.53,111.09,-3.843157621397042,-6.917683718514676,49.45682422571293,108.1156954487452,-54.25564806253399,
2002-02-13,True,2002-01-02,115.53,112.27,-2.8217778931879156,-5.079200207738248,50.43365376183426,108.1156954487452,-53.352144152147154,
2002-02-14,True,2002-01-02,115.53,112.06,-3.003548861767502,-5.406387951181504,50.2598112172703,108.1156954487452,-53.51293722094481,
2002-02-15,True,2002-01-02,115.53,110.89,-4.016272829568079,-7.2292910932225425,49.29125989755678,108.1156954487452,-54.40878431853176,
2002-02-19,True,2002-01-02,115.53,108.76,-5.859949796589625,-10.547909633861325,47.52799980269373,108.1156954487452,-56.03968544490795,
2002-02-20,True,2002-01-02,115.53,110.59,-4.27594564182463,-7.696702155284334,49.04291340532255,108.1156954487452,-54.638488702528385,
2002-02-21,True,2002-01-02,115.53,108.3,-6.258114775383017,-11.26460659568943,47.14720184793457,108.1156954487452,-56.39189883370281,
2002-02-22,True,2002-01-02,115.53,109.64,-5.098242880637061,-9.17683718514671,48.25648284658081,108.1156954487452,-55.36588591851779,
2002-02-25,True,2002-01-02,115.53,111.45,-3.5315502466891746,-6.356790444040515,49.75484001639401,108.1156954487452,-53.980002801738,
2002-02-26,True,2002-01-02,115.53,111.22,-3.7306327360858704,-6.715138924954567,49.56444103901443,108.1156954487452,-54.15610949613543,
2002-02-27,True,2002-01-02,115.53,111.65,-3.358435038518126,-6.045183069332627,49.92040434455018,108.1156954487452,-53.826866545740224,
2002-02-28,True,2002-01-02,115.53,111.15,-3.791223058945725,-6.824201506102305,49.50649352415979,108.1156954487452,-54.20970718573464,
2002-03-01,True,2002-01-02,115.53,113.74,-1.5493811131307988,-2.788886003635438,51.65055157378199,108.1156954487452,-52.22659267056359,
2002-03-04,True,2002-01-02,115.53,115.75,0.19042672898814672,0.3427681121786641,53.31447307175136,108.1156954487452,-50.68757329778604,
2002-03-05,True,2002-01-02,115.53,115.38,-0.12983640612828085,-0.23370553103090552,53.00817906466247,108.1156954487452,-50.970875371381894,
2002-03-06,True,2002-01-02,115.53,116.75,1.0560027698433228,1.900804985717981,54.142294712532134,108.1156954487452,-49.92189201779721,
2002-03-07,True,2002-01-02,115.53,116.5,0.8396087596295398,1.5112957673331717,53.93533930233695,108.1156954487452,-50.113312337794405,
2002-03-08,True,2002-01-02,115.53,116.99,1.2637410196485677,2.274733835367422,54.34097190631952,108.1156954487452,-49.738128510599886,
2002-03-11,True,2002-01-02,115.53,117.24,1.4801350298623728,2.664243053752271,54.54792731651472,108.1156954487452,-49.54670819060267,
2002-03-12,True,2002-01-02,115.53,117.17,1.419544707002518,2.5551804726045324,54.48997980166006,108.1156954487452,-49.60030588020189,
2002-03-13,True,2002-01-02,115.53,116.04,0.4414437808361482,0.7945988055050668,53.55454134757779,108.1156954487452,-50.46552572658926,
2002-03-14,True,2002-01-02,115.53,115.88,0.3029516142993183,0.5453129057387729,53.42208988505287,108.1156954487452,-50.588034731387474,
2002-03-15,True,2002-01-02,115.53,116.65,0.9694451657578096,1.7450012983640573,54.05951254845406,108.1156954487452,-49.99846014579609,
2002-03-18,True,2002-01-02,115.53,116.67,0.9867566865749078,1.776162035834834,54.07606898126967,108.1156954487452,-49.98314652019631,
2002-03-19,True,2002-01-02,115.53,117.45,1.6619059984419593,2.9914307971955267,54.72176986107868,108.1156954487452,-49.38591512180503,
2002-03-20,True,2002-01-02,115.53,115.24,-0.2510170518480126,-0.45183069332642267,52.89228403495315,108.1156954487452,-51.07807075058035,
2002-03-21,True,2002-01-02,115.53,115.29,-0.2077382498052449,-0.37392884964944084,52.9336751169922,108.1156954487452,-51.03978668658089,
2002-03-22,True,2002-01-02,115.53,115.04,-0.4241322600190389,-0.7634380680342701,52.726719706797006,108.1156954487452,-51.2312070065781,
2002-03-25,True,2002-01-02,115.53,113.61,-1.6619059984419593,-2.9914307971955267,51.5429347604805,108.1156954487452,-52.32613123696213,
2002-03-26,True,2002-01-02,115.53,114.27,-1.0906258114775413,-1.9631264606595744,52.08929704339581,108.1156954487452,-51.820781592169496,
2002-03-27,True,2002-01-02,115.53,114.57,-0.8309529992209908,-1.4957153985977834,52.33764353563003,108.1156954487452,-51.59107720817286,
2002-03-28,True,2002-01-02,115.53,114.52,-0.8742318012637473,-1.5736172422747452,52.296252453590995,108.1156954487452,-51.629361272172304,
2002-04-01,True,2002-01-02,115.53,114.57,-0.8309529992209908,-1.4957153985977834,52.33764353563003,108.1156954487452,-51.59107720817286,
2002-04-02,True,2002-01-02,115.53,113.94,-1.3762659049597503,-2.4772786289275506,51.816115901938154,108.1156954487452,-52.07345641456581,
2002-04-03,True,2002-01-02,115.53,113.14,-2.0687267376439,-3.72370812775902,51.15385858931353,108.1156954487452,-52.686001438556886,
2002-04-04,True,2002-01-02,115.53,112.67,-2.4755474768458408,-4.455985458322513,50.76478241814657,108.1156954487452,-53.04587164015162,
2002-04-05,True,2002-01-02,115.53,112.69,-2.4582359560287426,-4.424824720851737,50.78133885096217,108.1156954487452,-53.03055801455186,
2002-04-08,True,2002-01-02,115.53,112.93,-2.2504977062234865,-4.050895871202276,50.98001604474957,108.1156954487452,-52.84679450735453,
2002-04-09,True,2002-01-02,115.53,112.14,-2.934302778499087,-5.281745001298357,50.32603694853275,108.1156954487452,-53.4516827185457,
2002-04-10,True,2002-01-02,115.53,113.41,-1.8350212066130078,-3.303038171903414,51.377370432324334,108.1156954487452,-52.479267492959906,
2002-04-11,True,2002-01-02,115.53,110.59,-4.27594564182463,-7.696702155284334,49.04291340532255,108.1156954487452,-54.638488702528385,
2002-04-12,True,2002-01-02,115.53,111.42,-3.557517527914822,-6.403531550246679,49.7300053671706,108.1156954487452,-54.00297324013766,
2002-04-15,True,2002-01-02,115.53,110.57,-4.29325716264175,-7.727862892755151,49.02635697250692,108.1156954487452,-54.65380232812819,
2002-04-16,True,2002-01-02,115.53,113.2,-2.0167921751925943,-3.63022591534667,51.20352788776037,108.1156954487452,-52.64006056175755,
2002-04-17,True,2002-01-02,115.53,112.96,-2.2245304249978393,-4.004154764996111,51.00485069397298,108.1156954487452,-52.82382406895487,
2002-04-18,True,2002-01-02,115.53,112.47,-2.648662685016878,-4.767592833030381,50.59921808999041,108.1156954487452,-53.199007896149396,
2002-04-19,True,2002-01-02,115.53,112.88,-2.2937765082662542,-4.128797714879258,50.93862496271052,108.1156954487452,-52.885078571353986,
2002-04-22,True,2002-01-02,115.53,111.0,-3.921059465074006,-7.057907037133211,49.38232027804266,108.1156954487452,-54.324559377732974,
2002-04-23,True,2002-01-02,115.53,110.52,-4.336535964684507,-7.8057647364321125,48.98496589046788,108.1156954487452,-54.692086392127614,
2002-04-24,True,2002-01-02,115.53,109.41,-5.297325370033756,-9.535185666060762,48.06608386920123,108.1156954487452,-55.541992612915216,
2002-04-25,True,2002-01-02,115.53,109.47,-5.245390807582451,-9.441703453648412,48.11575316764807,108.1156954487452,-55.496051736115895,
2002-04-26,True,2002-01-02,115.53,107.39,-7.04578897256124,-12.682420150610232,46.39388415482406,108.1156954487452,-57.08866879849266,
2002-04-29,True,2002-01-02,115.53,106.86,-7.504544274214487,-13.508179693586076,45.95513868521025,108.1156954487452,-57.49447987688673,
2002-04-30,True,2002-01-02,115.53,107.86,-6.638968233359299,-11.95014282004674,46.78296032599102,108.1156954487452,-56.7287985968979,
2002-05-01,True,2002-01-02,115.53,109.18,-5.496407859430441,-9.893534146974794,47.875684891821656,108.1156954487452,-55.71809930731264,
2002-05-02,True,2002-01-02,115.53,108.76,-5.859949796589625,-10.547909633861325,47.52799980269373,108.1156954487452,-56.03968544490795,
2002-05-03,True,2002-01-02,115.53,107.58,-6.881329524798751,-12.386393144637752,46.551170266572406,108.1156954487452,-56.94318935529478,
2002-05-06,True,2002-01-02,115.53,105.47,-8.7076949710032,-15.673850947805759,44.80446660452497,108.1156954487452,-58.558776856071205,
2002-05-07,True,2002-01-02,115.53,105.1,-9.027958106119627,-16.25032459101533,44.49817259743607,108.1156954487452,-58.84207892966708,
2002-05-08,True,2002-01-02,115.53,109.01,-5.643555786375831,-10.158400415476496,47.73495521288892,108.1156954487452,-55.848265124910746,
2002-05-09,True,2002-01-02,115.53,107.75,-6.734181597853373,-12.121526876136071,46.691899945505135,108.1156954487452,-56.81302353769668,
2002-05-10,True,2002-01-02,115.53,105.72,-8.491300960789406,-15.284341729420932,45.01142201472016,108.1156954487452,-58.367356536074,
2002-05-13,True,2002-01-02,115.53,107.87,-6.6303124729507505,-11.93456245131135,46.79123854239883,108.1156954487452,-56.721141784098016,
2002-05-14,True,2002-01-02,115.53,110.22,-4.596208776941058,-8.273175798493904,48.73661939823366,108.1156954487452,-54.92179077612427,
2002-05-15,True,2002-01-02,115.53,109.79,-4.96840647450878,-8.943131654115804,48.38065609269793,108.1156954487452,-55.25103372651945,
2002-05-16,True,2002-01-02,115.53,110.36,-4.475028131221325,-8.055050636198386,48.852514427942964,108.1156954487452,-54.81459539692584,
2002-05-17,True,2002-01-02,115.53,110.9,-4.007617069159519,-7.213710724487134,49.299538113964594,108.1156954487452,-54.40112750573185,
2002-05-20,True,2002-01-02,115.53,109.7,-5.046308318185755,-9.083354972734359,48.30615214502765,108.1156954487452,-55.319945041718455,
2002-05-21,True,2002-01-02,115.53,108.7,-5.911884359040942,-10.641391846273695,47.47833050424688,108.1156954487452,-56.08562632170728,
2002-05-22,True,2002-01-02,115.53,108.94,-5.7041461092356975,-10.267462996624255,47.67700769803426,108.1156954487452,-55.901862814509975,
2002-05-23,True,2002-01-02,115.53,110.1,-4.70007790184368,-8.460140223318625,48.63728080133996,108.1156954487452,-55.013672529722925,
2002-05-24,True,2002-01-02,115.53,108.69,-5.920540119449491,-10.656972215009084,47.47005228783907,108.1156954487452,-56.093283134507175,
2002-05-28,True,2002-01-02,115.53,108.1,-6.431229983554065,-11.576213970397317,46.981637519778396,108.1156954487452,-56.54503508970059,
2002-05-29,True,2002-01-02,115.53,107.3,-7.123690816238215,-12.822643469228787,46.31938020715378,108.1156954487452,-57.15758011369165,
2002-05-30,True,2002-01-02,115.53,107.0,-7.383363628494766,-13.29005453129058,46.07103371491955,108.1156954487452,-57.387284497688306,
2002-05-31,True,2002-01-02,115.53,107.22,-7.192936899506619,-12.947286419111915,46.25315447589133,108.1156954487452,-57.21883461609075,
2002-06-03,True,2002-01-02,115.53,104.37,-9.65982861594391,-17.38769150869904,43.8938627996661,108.1156954487452,-59.40102626405892,
2002-06-04,True,2002-01-02,115.53,104.63,-9.434778845321567,-16.982601921578823,44.109096426269105,108.1156954487452,-59.201949131261834,
2002-06-05,True,2002-01-02,115.53,105.61,-8.586514325283478,-15.45572578551026,44.92036163423427,108.1156954487452,-58.451581476872775,
2002-06-06,True,2002-01-02,115.53,103.46,-10.447502813122133,-18.80550506361984,43.1405451065556,108.1156954487452,-60.097796228848765,
2002-06-07,True,2002-01-02,115.53,103.34,-10.551371938024756,-18.992469488444563,43.041206509661905,108.1156954487452,-60.18967798244742,
2002-06-10,True,2002-01-02,115.53,103.74,-10.20514152168268,-18.369254739028825,43.372335165974214,108.1156954487452,-59.88340547045189,
2002-06-11,True,2002-01-02,115.53,101.96,-11.74586687440492,-21.142560373928855,41.89881264538443,108.1156954487452,-61.246318148832,
2002-06-12,True,2002-01-02,115.53,102.58,-11.209209729074699,-20.176577512334458,42.41206206266852,108.1156954487452,-60.77159575523893,
2002-06-13,True,2002-01-02,115.53,101.55,-12.100753051155543,-21.781355492079978,41.55940577266431,108.1156954487452,-61.56024747362743,
2002-06-14,True,2002-01-02,115.53,101.4,-12.230589457283813,-22.015061023110864,41.43523252654721,108.1156954487452,-61.675099665625744,
2002-06-17,True,2002-01-02,115.53,104.12,-9.876222626157706,-17.77720072708387,43.68690738947092,108.1156954487452,-59.59244658405613,
2002-06-18,True,2002-01-02,115.53,104.97,-9.140482991430797,-16.452869384575436,44.39055578413457,108.1156954487452,-58.94161749606563,
2002-06-19,True,2002-01-02,115.53,102.52,-11.261144291526016,-20.27005972474683,42.36239276422167,108.1156954487452,-60.81753663203826,
2002-06-20,True,2002-01-02,115.53,101.21,-12.395048905046313,-22.311088029083365,41.27794641479884,108.1156954487452,-61.82057910882364,
2002-06-21,True,2002-01-02,115.53,99.28,-14.065610663896821,-25.31809919501428,39.68025064809195,108.1156954487452,-63.298343979202066,
2002-06-24,True,2002-01-02,115.53,99.8,-13.615511122652125,-24.507920020773824,40.11071790129795,108.1156954487452,-62.900189713607865,
2002-06-25,True,2002-01-02,115.53,97.56,-15.554401454167744,-27.99792261750194,38.25639742594902,108.1156954487452,-64.61531578078285,
2002-06-26,True,2002-01-02,115.53,97.72,-15.415909287630924,-27.748636717735664,38.38884888847393,108.1156954487452,-64.49280677598465,
2002-06-27,True,2002-01-02,115.53,99.43,-13.935774257768541,-25.084393663983374,39.80442389420907,108.1156954487452,-63.183491787203735,
2002-06-28,True,2002-01-02,115.53,98.96,-14.342594996970492,-25.816670994546886,39.41534772304209,108.1156954487452,-63.54336198879851,
2002-07-01,True,2002-01-02,115.53,97.03,-16.013156755821,-28.8236821604778,37.8176519563352,108.1156954487452,-65.02112685917693,
2002-07-02,True,2002-01-02,115.53,94.97,-17.796243399982693,-32.03323811996885,36.11233937632679,108.1156954487452,-66.59843029595393,
2002-07-03,True,2002-01-02,115.53,95.51,-17.328832337920886,-31.191898208257594,36.55936306234842,108.1156954487452,-66.18496240475994,
2002-07-05,True,2002-01-02,115.53,99.31,-14.039643382671162,-25.271358088808093,39.70508529731538,108.1156954487452,-63.27537354080239,
2002-07-08,True,2002-01-02,115.53,98.07,-15.112957673331607,-27.203323811996892,38.678586462747205,108.1156954487452,-64.22481832798856,
2002-07-09,True,2002-01-02,115.53,95.6,-17.25093049424392,-31.05167488963906,36.63386701001868,108.1156954487452,-66.11605108956097,
2002-07-10,True,2002-01-02,115.53,92.12,-20.263135116419974,-36.47364320955595,33.75304770010158,108.1156954487452,-68.7806219439221,
2002-07-11,True,2002-01-02,115.53,92.87,-19.61395308577858,-35.305115554401446,34.373913930687166,108.1156954487452,-68.20636098393047,
2002-07-12,True,2002-01-02,115.53,91.85,-20.496840647450888,-36.8943131654116,33.529535857090764,108.1156954487452,-68.98735588951908,
2002-07-15,True,2002-01-02,115.53,92.34,-20.072708387431838,-36.13087509737731,33.935168461073346,108.1156954487452,-68.61217206232455,
2002-07-16,True,2002-01-02,115.53,90.56,-21.613433740154075,-38.90418073227734,32.461645940483564,108.1156954487452,-69.97508474070466,
2002-07-17,True,2002-01-02,115.53,90.74,-21.45763005280015,-38.62373409504027,32.610653835824095,108.1156954487452,-69.83726211030668,
2002-07-18,True,2002-01-02,115.53,87.8,-24.002423612914402,-43.204362503245925,30.17685821192861,108.1156954487452,-72.08836507347385,
2002-07-19,True,2002-01-02,115.53,84.71,-26.67705357915694,-48.018696442482494,27.618889341916006,108.1156954487452,-74.45432022863933,
2002-07-22,True,2002-01-02,115.53,82.2,-28.849649441703452,-51.92936899506621,25.541057023556263,108.1156954487452,-76.37618024141129,
2002-07-23,True,2002-01-02,115.53,79.95,-30.79719553362763,-55.43495196052974,23.678458331799515,108.1156954487452,-78.09896312138616,
2002-07-24,True,2002-01-02,115.53,84.72,-26.668397818748378,-48.00311607374708,27.627167558323826,108.1156954487452,-74.44666341583942,
2002-07-25,True,2002-01-02,115.53,84.0,-27.291612568164116,-49.12490262269541,27.031135976961668,108.1156954487452,-74.99795393743139,
2002-07-26,True,2002-01-02,115.53,85.6,-25.906690902795816,-46.63204362503247,28.355650602210908,108.1156954487452,-73.77286388944927,
2002-07-29,True,2002-01-02,115.53,89.77,-22.297238812429676,-40.135029862373415,31.80766684426675,108.1156954487452,-70.57997295189584,
2002-07-30,True,2002-01-02,115.53,90.94,-21.2845148446291,-38.31212672033238,32.77621816398027,108.1156954487452,-69.6841258543089,
2002-07-31,True,2002-01-02,115.53,91.16,-21.094088115640965,-37.96935860815374,32.95833892495203,108.1156954487452,-69.51567597271138,
2002-08-01,True,2002-01-02,115.53,88.78,-23.154159092876313,-41.677486367177366,30.98812341989378,108.1156954487452,-71.33799741908479,
2002-08-02,True,2002-01-02,115.53,86.79,-24.876655414178128,-44.77797974552063,29.340758354740046,108.1156954487452,-72.86170316626254,
2002-08-05,True,2002-01-02,115.53,83.77,-27.49069505756081,-49.48325110360946,26.84073699958208,108.1156954487452,-75.17406063182884,
2002-08-06,True,2002-01-02,115.53,86.59,-25.049770622349165,-45.0895871202285,29.175194026583885,108.1156954487452,-73.01483942226032,
2002-08-07,True,2002-01-02,115.53,88.1,-23.74275080065784,-42.73695144118412,30.425204704162844,108.1156954487452,-71.85866068947719,
2002-08-08,True,2002-01-02,115.53,90.95,-21.27585908422055,-38.29654635159699,32.78449638038807,108.1156954487452,-69.67646904150902,
2002-08-09,True,2002-01-02,115.53,91.29,-20.98156323032978,-37.766813814593604,33.065955738253535,108.1156954487452,-69.41613740631283,
2002-08-12,True,2002-01-02,115.53,90.62,-21.561499177702757,-38.810698519864964,32.511315238930415,108.1156954487452,-69.92914386390534,
2002-08-13,True,2002-01-02,115.53,88.97,-22.989699645113827,-41.38145936120489,31.145409531642127,108.1156954487452,-71.1925179758869,
2002-08-14,True,2002-01-02,115.53,92.22,-20.17657751233446,-36.31783952220203,33.83582986417966,108.1156954487452,-68.70405381592322,
2002-08-15,True,2002-01-02,115.53,93.5,-19.06864018003982,-34.32355232407168,34.895441564379055,108.1156954487452,-67.72398177753752,
2002-08-16,True,2002-01-02,115.53,93.22,-19.311001471479273,-34.75980264866269,34.66365150496043,108.1156954487452,-67.93837253593439,
2002-08-19,True,2002-01-02,115.53,95.4,-17.424045702414947,-31.363282264346907,36.46830268186254,108.1156954487452,-66.26918734555872,
2002-08-20,True,2002-01-02,115.53,94.39,-18.298277503678694,-32.93689950662165,35.632202824673946,108.1156954487452,-67.04252543834744,
2002-08-21,True,2002-01-02,115.53,95.75,-17.12109408811564,-30.817969358608153,36.7580402561358,108.1156954487452,-66.00119889756265,
2002-08-22,True,2002-01-02,115.53,96.68,-16.316108370120308,-29.368995066216556,37.52791438206194,108.1156954487452,-65.28911530717302,
2002-08-23,True,2002-01-02,115.53,94.6,-18.11650653509912,-32.60971176317842,35.8060453692379,108.1156954487452,-66.8817323695498,
2002-08-26,True,2002-01-02,115.53,95.26,-17.54522634813468,-31.581407426642425,36.35240765215323,108.1156954487452,-66.37638272475715,
2002-08-27,True,2002-01-02,115.53,94.16,-18.497359993075392,-33.29524798753571,35.441803847294366,108.1156954487452,-67.21863213274489,
2002-08-28,True,2002-01-02,115.53,92.1,-20.28044663723708,-36.504803947026744,33.73649126728596,108.1156954487452,-68.79593556952187,
2002-08-29,True,2002-01-02,115.53,92.14,-20.245823595602875,-36.442482472085175,33.769604132917195,108.1156954487452,-68.76530831832231,
2002-08-30,True,2002-01-02,115.53,91.78,-20.55743097031074,-37.003375746559335,33.47158834223611,108.1156954487452,-69.04095357911831,
2002-09-03,True,2002-01-02,115.53,88.28,-23.586947113303903,-42.45650480394703,30.574212599503394,108.1156954487452,-71.7208380590792,
2002-09-04,True,2002-01-02,115.53,89.54,-22.49632130182636,-40.493378343287446,31.617267866887175,108.1156954487452,-70.75607964629327,
2002-09-05,True,2002-01-02,115.53,88.78,-23.154159092876313,-41.677486367177366,30.98812341989378,108.1156954487452,-71.33799741908479,
2002-09-06,True,2002-01-02,115.53,90.0,-22.09815632303298,-39.77668138145937,31.99806582164633,108.1156954487452,-70.40386625749842,
2002-09-09,True,2002-01-02,115.53,90.66,-21.526876136068562,-38.748377044923416,32.54442810456163,108.1156954487452,-69.89851661270579,
2002-09-10,True,2002-01-02,115.53,91.7,-20.626677053579158,-37.12801869644249,33.40536261097365,108.1156954487452,-69.10220808151742,
2002-09-11,True,2002-01-02,115.53,91.13,-21.120055396866622,-38.01609971435992,32.9335042757286,108.1156954487452,-69.53864641111105,
2002-09-12,True,2002-01-02,115.53,89.45,-22.574223145503336,-40.633601661906006,31.5427639192169,108.1156954487452,-70.82499096149228,
2002-09-13,True,2002-01-02,115.53,89.67,-22.38379641651519,-40.29083354972734,31.72488468018868,108.1156954487452,-70.65654107989472,
2002-09-16,True,2002-01-02,115.53,89.89,-22.193369687527053,-39.9480654375487,31.90700544116044,108.1156954487452,-70.48809119829718,
2002-09-17,True,2002-01-02,115.53,87.83,-23.976456331688745,-43.15762139703974,30.20169286115204,108.1156954487452,-72.06539463507417,
2002-09-18,True,2002-01-02,115.53,86.95,-24.7381632476413,-44.52869384575434,29.47320981726497,108.1156954487452,-72.73919416146434,
2002-09-19,True,2002-01-02,115.53,84.7,-26.685709339565477,-48.03427681121786,27.610611125508214,108.1156954487452,-74.46197704143921,
2002-09-20,True,2002-01-02,115.53,84.35,-26.98866095386481,-48.579589716956654,27.32087355123492,108.1156954487452,-74.72996548943532,
2002-09-23,True,2002-01-02,115.53,83.66,-27.585908422054885,-49.65463515969879,26.749676619096196,108.1156954487452,-75.2582855726276,
2002-09-24,True,2002-01-02,115.53,82.31,-28.754436077209377,-51.75798493897688,25.63211740404215,108.1156954487452,-76.29195530061251,
2002-09-25,True,2002-01-02,115.53,84.35,-26.98866095386481,-48.579589716956654,27.32087355123492,108.1156954487452,-74.72996548943532,
2002-09-26,True,2002-01-02,115.53,85.73,-25.79416601748463,-46.42949883147234,28.463267415512412,108.1156954487452,-73.6733253230507,
2002-09-27,True,2002-01-02,115.53,82.75,-28.373582619233094,-51.07244871461957,25.996358925985692,108.1156954487452,-75.95505553741744,
2002-09-30,True,2002-01-02,115.53,81.79,-29.204535618454074,-52.568164113217335,25.201650150836148,108.1156954487452,-76.69010956620671,
2002-10-01,True,2002-01-02,115.53,85.72,-25.802821777893193,-46.44507920020775,28.454989199104595,108.1156954487452,-73.68098213585061,
2002-10-02,True,2002-01-02,115.53,83.15,-28.02735220289102,-50.44923396520384,26.327487582298,108.1156954487452,-75.6487830254219,
2002-10-03,True,2002-01-02,115.53,82.31,-28.754436077209377,-51.75798493897688,25.63211740404215,108.1156954487452,-76.29195530061251,
2002-10-04,True,2002-01-02,115.53,80.8,-30.061455898900725,-54.11062061802131,24.382106726463167,108.1156954487452,-77.44813403339566,
2002-10-07,True,2002-01-02,115.53,79.13,-31.50696788712889,-56.712542196832004,22.99964458635927,108.1156954487452,-78.72682177097701,
2002-10-08,True,2002-01-02,115.53,80.37,-30.433653596468446,-54.7805764736432,24.026143420927443,108.1156954487452,-77.77737698379084,
2002-10-09,True,2002-01-02,115.53,78.1,-32.39851120920974,-58.317320176577525,22.14698829635507,108.1156954487452,-79.51547348936549,
2002-10-10,True,2002-01-02,115.53,80.63,-30.208603825846104,-54.37548688652299,24.24137704753044,108.1156954487452,-77.57829985099376,
2002-10-11,True,2002-01-02,115.53,84.16,-27.153120401627284,-48.87561672292911,27.16358743948659,108.1156954487452,-74.87544493263319,
2002-10-14,True,2002-01-02,115.53,84.63,-26.746299662425344,-48.14333939236562,27.552663610653557,108.1156954487452,-74.51557473103843,
2002-10-15,True,2002-01-02,115.53,88.7,-23.223405176144716,-41.80212931706049,30.92189768863133,108.1156954487452,-71.39925192148388,
2002-10-16,True,2002-01-02,115.53,86.55,-25.084393663983384,-45.15190859517009,29.142081160952646,108.1156954487452,-73.04546667345988,
2002-10-17,True,2002-01-02,115.53,88.27,-23.595602873712462,-42.47208517268243,30.565934383095577,108.1156954487452,-71.7284948718791,
2002-10-18,True,2002-01-02,115.53,88.64,-23.275339738596035,-41.895611529472866,30.87222839018447,108.1156954487452,-71.44519279828323,
2002-10-21,True,2002-01-02,115.53,90.17,-21.95100839608759,-39.51181511295766,32.138795500579064,108.1156954487452,-70.27370043990031,
2002-10-22,True,2002-01-02,115.53,89.52,-22.51363282264347,-40.524539080758245,31.600711434071556,108.1156954487452,-70.77139327189306,
2002-10-23,True,2002-01-02,115.53,90.2,-21.925041114861944,-39.4650740067515,32.163630149802486,108.1156954487452,-70.25073000150064,
2002-10-24,True,2002-01-02,115.53,88.36,-23.517701030035486,-42.331861854063874,30.640438330765857,108.1156954487452,-71.65958355668009,
2002-10-25,True,2002-01-02,115.53,90.2,-21.925041114861944,-39.4650740067515,32.163630149802486,108.1156954487452,-70.25073000150064,
2002-10-28,True,2002-01-02,115.53,89.61,-22.435730978966507,-40.384315762139714,31.675215381741825,108.1156954487452,-70.70248195669406,
2002-10-29,True,2002-01-02,115.53,88.57,-23.3359300614559,-42.00467411062062,30.814280875329818,108.1156954487452,-71.49879048788243,
2002-10-30,True,2002-01-02,115.53,89.43,-22.591534666320435,-40.664762399376784,31.526207486401294,108.1156954487452,-70.84030458709204,
2002-10-31,True,2002-01-02,115.53,88.52,-23.379208863498658,-42.08257595429758,30.77288979329078,108.1156954487452,-71.53707455188187,
2002-11-01,True,2002-01-02,115.53,90.27,-21.864450792002078,-39.35601142560374,32.22157766465714,108.1156954487452,-70.19713231190143,
2002-11-04,True,2002-01-02,115.53,91.13,-21.120055396866622,-38.01609971435992,32.9335042757286,108.1156954487452,-69.53864641111105,
2002-11-05,True,2002-01-02,115.53,91.85,-20.496840647450888,-36.8943131654116,33.529535857090764,108.1156954487452,-68.98735588951908,
2002-11-06,True,2002-01-02,115.53,93.04,-19.4668051588332,-35.04024928589976,34.514643609619895,108.1156954487452,-68.07619516633237,
2002-11-07,True,2002-01-02,115.53,90.76,-21.440318531983028,-38.59257335756945,32.62721026863973,108.1156954487452,-69.8219484847069,
2002-11-08,True,2002-01-02,115.53,89.65,-22.401107937332288,-40.321994287198116,31.708328247373068,108.1156954487452,-70.6718547054945,
2002-11-11,True,2002-01-02,115.53,88.26,-23.604258634121,-42.4876655414178,30.55765616668778,108.1156954487452,-71.73615168467897,
2002-11-12,True,2002-01-02,115.53,88.96,-22.998355405522386,-41.397039729940296,31.137131315234313,108.1156954487452,-71.20017478868681,
2002-11-13,True,2002-01-02,115.53,89.05,-22.92045356184541,-41.256816411321736,31.21163526290459,108.1156954487452,-71.1312634734878,
2002-11-14,True,2002-01-02,115.53,90.73,-21.466285813208685,-38.639314463775634,32.6023756194163,108.1156954487452,-69.84491892310656,
2002-11-15,True,2002-01-02,115.53,91.4,-20.886349865835708,-37.595429758504274,33.15701611873943,108.1156954487452,-69.33191246551405,
2002-11-18,True,2002-01-02,115.53,90.48,-21.68267982342249,-39.028823682160485,32.3954202092211,108.1156954487452,-70.03633924310377,
2002-11-19,True,2002-01-02,115.53,90.36,-21.786548948325112,-39.2157881069852,32.296081612327406,108.1156954487452,-70.12822099670244,
2002-11-20,True,2002-01-02,115.53,92.37,-20.046741106206177,-36.08413399117112,33.960003110296775,108.1156954487452,-68.58920162392488,
2002-11-21,True,2002-01-02,115.53,94.09,-18.55795031593526,-33.404310568683464,35.383856332439706,108.1156954487452,-67.27222982234412,
2002-11-22,True,2002-01-02,115.53,93.42,-19.137886263308236,-34.44819527395482,34.82921583311659,108.1156954487452,-67.78523627993661,
2002-11-25,True,2002-01-02,115.53,93.48,-19.085951700856917,-34.354713061542455,34.87888513156344,108.1156954487452,-67.73929540313728,
2002-11-26,True,2002-01-02,115.53,91.7,-20.626677053579158,-37.12801869644249,33.40536261097365,108.1156954487452,-69.10220808151742,
2002-11-27,True,2002-01-02,115.53,94.28,-18.39349086817277,-33.10828356271099,35.54114244418806,108.1156954487452,-67.12675037914622,
2002-11-29,True,2002-01-02,115.53,93.98,-18.65316368042932,-33.57569462477277,35.292795951953835,108.1156954487452,-67.35645476314286,
2002-12-02,True,2002-01-02,115.53,94.13,-18.52332727430105,-33.34198909374189,35.416969198070944,108.1156954487452,-67.24160257114454,
2002-12-03,True,2002-01-02,115.53,92.87,-19.61395308577858,-35.305115554401446,34.373913930687166,108.1156954487452,-68.20636098393047,
2002-12-04,True,2002-01-02,115.53,92.45,-19.977495022937763,-35.959491041287976,34.02622884155924,108.1156954487452,-68.52794712152578,
2002-12-05,True,2002-01-02,115.53,91.43,-20.86038258461005,-37.54868865229809,33.18185076796285,108.1156954487452,-69.30894202711437,
2002-12-06,True,2002-01-02,115.53,92.03,-20.341036960096947,-36.613866528174505,33.6785437524313,108.1156954487452,-68.84953325912109,
2002-12-09,True,2002-01-02,115.53,89.5,-22.53094434346057,-40.55569981822902,31.584155001255947,108.1156954487452,-70.78670689749282,
2002-12-10,True,2002-01-02,115.53,90.7,-21.492253094434343,-38.68605556998182,32.57754097019288,108.1156954487452,-69.86788936150623,
2002-12-11,True,2002-01-02,115.53,90.78,-21.42300701116593,-38.56141262009867,32.64376670145534,108.1156954487452,-69.80663485910712,
2002-12-12,True,2002-01-02,115.53,90.77,-21.431662771574487,-38.57699298883408,32.635488485047524,108.1156954487452,-69.81429167190703,
2002-12-13,True,2002-01-02,115.53,89.34,-22.669436509997396,-40.804985717995315,31.451703538731024,108.1156954487452,-70.90921590229104,
2002-12-16,True,2002-01-02,115.53,91.65,-20.669955855621915,-37.20592054011945,33.36397152893462,108.1156954487452,-69.14049214551683,
2002-12-17,True,2002-01-02,115.53,90.85,-21.362416688306073,-38.45235003895093,32.70171421630999,108.1156954487452,-69.75303716950792,
2002-12-18,True,2002-01-02,115.53,89.8,-22.271271531204018,-40.08828875616723,31.832501493490174,108.1156954487452,-70.55700251349619,
2002-12-19,True,2002-01-02,115.53,89.16,-22.825240197351338,-41.085432355232406,31.302695643390475,108.1156954487452,-71.04703853268903,
2002-12-20,True,2002-01-02,115.53,89.99,-22.10681208344154,-39.792261750194776,31.989787605238515,108.1156954487452,-70.41152307029832,
2002-12-23,True,2002-01-02,115.53,90.02,-22.080844802215882,-39.74552064398859,32.01462225446193,108.1156954487452,-70.38855263189865,
2002-12-24,True,2002-01-02,115.53,89.35,-22.66078074958886,-40.78940534925995,31.45998175513882,108.1156954487452,-70.90155908949116,
2002-12-26,True,2002-01-02,115.53,89.39,-22.62615770795464,-40.72708387431835,31.493094620770055,108.1156954487452,-70.87093183829161,
2002-12-27,True,2002-01-02,115.53,87.38,-24.365965550073575,-43.85873799013244,29.829173122800686,108.1156954487452,-72.40995121106916,
2002-12-30,True,2002-01-02,115.53,88.11,-23.734095040249294,-42.72137107244873,30.43348292057065,108.1156954487452,-71.85100387667731,
2002-12-31,True,2002-01-02,115.53,88.23,-23.63022591534666,-42.53440664762399,30.532821517464363,108.1156954487452,-71.75912212307864,
2003-01-02,True,2002-01-02,115.53,91.07,-21.171989959317926,-38.10958192677227,32.88383497728176,108.1156954487452,-69.58458728791037,
2003-01-03,True,2002-01-02,115.53,91.35,-20.929628667878475,-37.67333160218126,33.11562503670038,108.1156954487452,-69.37019652951349,
2003-01-06,True,2002-01-02,115.53,92.96,-19.536051242101628,-35.16489223578293,34.448417878357425,108.1156954487452,-68.13744966873148,
2003-01-07,True,2002-01-02,115.53,92.73,-19.735133731498312,-35.52324071669696,34.25801890097785,108.1156954487452,-68.3135563631289,
2003-01-08,True,2002-01-02,115.53,91.39,-20.895005626244266,-37.61101012723968,33.14873790233161,108.1156954487452,-69.33956927831395,
2003-01-09,True,2002-01-02,115.53,92.81,-19.665887648229898,-35.398597766813815,34.324244632240315,108.1156954487452,-68.2523018607298,
2003-01-10,True,2002-01-02,115.53,93.06,-19.4494936380161,-35.009088548428984,34.53120004243551,108.1156954487452,-68.0608815407326,
2003-01-13,True,2002-01-02,115.53,93.03,-19.475460919241762,-35.055829654635176,34.506365393212086,108.1156954487452,-68.08385197913226,
2003-01-14,True,2002-01-02,115.53,93.33,-19.215788106985197,-34.588418592573355,34.75471188544632,108.1156954487452,-67.85414759513561,
2003-01-15,True,2002-01-02,115.53,92.4,-20.02077382498052,-36.03739288496494,33.984837759520204,108.1156954487452,-68.56623118552521,
2003-01-16,True,2002-01-02,115.53,92.02,-20.349692720505498,-36.6294468969099,33.6702655360235,108.1156954487452,-68.85719007192097,
2003-01-17,True,2002-01-02,115.53,90.66,-21.526876136068562,-38.748377044923416,32.54442810456163,108.1156954487452,-69.89851661270579,
2003-01-21,True,2002-01-02,115.53,89.25,-22.747338353674373,-40.945209036613875,31.377199591060744,108.1156954487452,-70.97812721749004,
2003-01-22,True,2002-01-02,115.53,88.17,-23.682160477797975,-42.62788886003636,30.483152219017505,108.1156954487452,-71.80506299987796,
2003-01-23,True,2002-01-02,115.53,88.71,-23.21474941573618,-41.78654894832513,30.93017590503912,108.1156954487452,-71.391595108684,
2003-01-24,True,2002-01-02,115.53,86.38,-25.231541590928764,-45.416774863671776,29.001351482019917,108.1156954487452,-73.17563249105798,
2003-01-27,True,2002-01-02,115.53,85.2,-26.25292131913789,-47.2552583744482,28.0245219458986,108.1156954487452,-74.07913640144479,
2003-01-28,True,2002-01-02,115.53,85.83,-25.707608413399118,-46.27369514411841,28.546049579590488,108.1156954487452,-73.59675719505184,
2003-01-29,True,2002-01-02,115.53,86.48,-25.14498398684324,-45.26097117631783,29.084133646097996,108.1156954487452,-73.09906436305909,
2003-01-30,True,2002-01-02,115.53,84.43,-26.91941487059638,-48.45494676707349,27.387099282497395,108.1156954487452,-74.6687109870362,
2003-01-31,True,2002-01-02,115.53,86.06,-25.508525924002424,-45.91534666320436,28.736448556970068,108.1156954487452,-73.4206505006544,
2003-02-03,True,2002-01-02,115.53,86.23,-25.361377997057044,-45.65048039470268,28.8771782359028,108.1156954487452,-73.2904846830563,
2003-02-04,True,2002-01-02,115.53,85.38,-26.097117631783963,-46.974811737211134,28.17352984123913,108.1156954487452,-73.94131377104682,
2003-02-05,True,2002-01-02,115.53,84.85,-26.555872933437207,-47.80057128018697,27.73478437162532,108.1156954487452,-74.34712484944089,
2003-02-06,True,2002-01-02,115.53,84.45,-26.90210334977927,-48.42378602960269,27.403655715313022,108.1156954487452,-74.65339736143642,
2003-02-07,True,2002-01-02,115.53,83.42,-27.793646671860117,-50.02856400934821,26.55099942530882,108.1156954487452,-75.44204907982491,
2003-02-10,True,2002-01-02,115.53,84.01,-27.282956807755554,-49.109322253959995,27.039414193369478,108.1156954487452,-74.9902971246315,
2003-02-11,True,2002-01-02,115.53,83.43,-27.78499091145157,-50.01298364061282,26.55927764171662,108.1156954487452,-75.43439226702503,
2003-02-12,True,2002-01-02,115.53,82.1,-28.936207045788976,-52.08517268242016,25.458274859478184,108.1156954487452,-76.45274836941017,
2003-02-13,True,2002-01-02,115.53,82.35,-28.719813035575182,-51.69566346403533,25.665230269673376,108.1156954487452,-76.26132804941297,
2003-02-14,True,2002-01-02,115.53,84.15,-27.161776162035835,-48.8911970916645,27.155309223078785,108.1156954487452,-74.88310174543307,
2003-02-18,True,2002-01-02,115.53,85.63,-25.880723621570155,-46.58530251882628,28.380485251434326,108.1156954487452,-73.74989345104962,
2003-02-19,True,2002-01-02,115.53,85.18,-26.27023283995499,-47.28641911191898,28.007965513082986,108.1156954487452,-74.09445002704457,
2003-02-20,True,2002-01-02,115.53,84.33,-27.005972474681904,-48.61075045442743,27.304317118419316,108.1156954487452,-74.74527911503507,
2003-02-21,True,2002-01-02,115.53,85.18,-26.27023283995499,-47.28641911191898,28.007965513082986,108.1156954487452,-74.09445002704457,
2003-02-24,True,2002-01-02,115.53,83.8,-27.464727776335152,-49.43650999740328,26.865571648805506,108.1156954487452,-75.15109019342916,
2003-02-25,True,2002-01-02,115.53,84.47,-26.88479182896217,-48.39262529213191,27.420212148128634,108.1156954487452,-74.63808373583664,
2003-02-26,True,2002-01-02,115.53,83.24,-27.94945035921407,-50.30901064658533,26.40199152996826,108.1156954487452,-75.57987171022292,
2003-02-27,True,2002-01-02,115.53,84.34,-26.997316714273346,-48.595170085692025,27.312595334827126,108.1156954487452,-74.7376223022352,
2003-02-28,True,2002-01-02,115.53,84.9,-26.51259413139444,-47.722669436509996,27.77617545366436,108.1156954487452,-74.30884078544145,
2003-03-03,True,2002-01-02,115.53,84.09,-27.21371072448714,-48.98467930407685,27.10563992463194,108.1156954487452,-74.92904262223239,
2003-03-04,True,2002-01-02,115.53,82.75,-28.373582619233094,-51.07244871461957,25.996358925985692,108.1156954487452,-75.95505553741744,
2003-03-05,True,2002-01-02,115.53,83.45,-27.76767939063447,-49.981822903142046,26.57583407453223,108.1156954487452,-75.41907864142526,
2003-03-06,True,2002-01-02,115.53,82.75,-28.373582619233094,-51.07244871461957,25.996358925985692,108.1156954487452,-75.95505553741744,
2003-03-07,True,2002-01-02,115.53,83.32,-27.88020427594565,-50.184367696702175,26.46821726123072,108.1156954487452,-75.51861720782381,
2003-03-10,True,2002-01-02,115.53,81.32,-29.611356357656028,-53.300441443780855,24.81257397966917,108.1156954487452,-77.04997976780147,
2003-03-11,True,2002-01-02,115.53,80.52,-30.303817190340176,-54.546870942612316,24.15031666704455,108.1156954487452,-77.66252479179253,
2003-03-12,True,2002-01-02,115.53,81.06,-29.83640612827837,-53.705531030901064,24.597340353066176,108.1156954487452,-77.24905690059856,
2003-03-13,True,2002-01-02,115.53,83.86,-27.412793213883845,-49.34302778499092,26.91524094725235,108.1156954487452,-75.10514931662983,
2003-03-14,True,2002-01-02,115.53,84.13,-27.17908768285294,-48.922357829135294,27.138752790263162,108.1156954487452,-74.89841537103285,
2003-03-17,True,2002-01-02,115.53,86.78,-24.88531117458669,-44.793560114256046,29.332480138332226,108.1156954487452,-72.86935997906245,
2003-03-18,True,2002-01-02,115.53,87.29,-24.44386739375054,-43.99896130875097,29.754669175130424,108.1156954487452,-72.47886252626814,
2003-03-19,True,2002-01-02,115.53,87.96,-23.863931446377574,-42.95507660347963,30.309309674453534,108.1156954487452,-71.96585606867563,
2003-03-20,True,2002-01-02,115.53,88.15,-23.699471998615074,-42.659049597507135,30.4665957862019,108.1156954487452,-71.82037662547775,
2003-03-21,True,2002-01-02,115.53,89.67,-22.38379641651519,-40.29083354972734,31.72488468018868,108.1156954487452,-70.65654107989472,
2003-03-24,True,2002-01-02,115.53,86.69,-24.96321301826365,-44.93378343287458,29.257976190661957,108.1156954487452,-72.93827129426145,
2003-03-25,True,2002-01-02,115.53,87.52,-24.244784904353857,-43.64061282783695,29.945068152509997,108.1156954487452,-72.30275583187071,
2003-03-26,True,2002-01-02,115.53,87.08,-24.625638362330136,-44.326149052194246,29.58082663056645,108.1156954487452,-72.6396555950658,
2003-03-27,True,2002-01-02,115.53,87.15,-24.565048039470263,-44.21708647104647,29.638774145421117,108.1156954487452,-72.58605790546657,
2003-03-28,True,2002-01-02,115.53,86.71,-24.945901497446556,-44.9026226954038,29.274532623477572,108.1156954487452,-72.92295766866165,
2003-03-31,True,2002-01-02,115.53,84.74,-26.651086297931283,-47.97195533627631,27.64372399113943,108.1156954487452,-74.43134979023966,
2003-04-01,True,2002-01-02,115.53,86.04,-25.525837444819523,-45.946507400675145,28.719892124154455,108.1156954487452,-73.43596412625418,
2003-04-02,True,2002-01-02,115.53,88.12,-23.72543927984073,-42.70579070371332,30.44176113697847,108.1156954487452,-71.8433470638774,
2003-04-03,True,2002-01-02,115.53,87.7,-24.088981216999915,-43.36016619059985,30.094076047850535,108.1156954487452,-72.16493320147272,
2003-04-04,True,2002-01-02,115.53,88.22,-23.63888167575522,-42.549987016359395,30.524543301056543,108.1156954487452,-71.76677893587853,
2003-04-07,True,2002-01-02,115.53,88.05,-23.786029602700598,-42.81485328486108,30.383813622123814,108.1156954487452,-71.89694475347663,
2003-04-08,True,2002-01-02,115.53,88.19,-23.664848956980876,-42.59672812256558,30.499708651833114,108.1156954487452,-71.7897493742782,
2003-04-09,True,2002-01-02,115.53,87.03,-24.668917164372893,-44.40405089587121,29.53943554852742,108.1156954487452,-72.67793965906523,
2003-04-10,True,2002-01-02,115.53,87.51,-24.253440664762394,-43.65619319657231,29.936789936102205,108.1156954487452,-72.31041264467059,
2003-04-11,True,2002-01-02,115.53,87.15,-24.565048039470263,-44.21708647104647,29.638774145421117,108.1156954487452,-72.58605790546657,
2003-04-14,True,2002-01-02,115.53,88.95,-23.007011165930923,-41.41262009867566,31.12885309882652,108.1156954487452,-71.20783160148667,
2003-04-15,True,2002-01-02,115.53,89.78,-22.288583052021117,-40.119449493638015,31.81594506067456,108.1156954487452,-70.57231613909596,
2003-04-16,True,2002-01-02,115.53,88.25,-23.61291439452956,-42.50324591015321,30.54937795027997,108.1156954487452,-71.74380849747887,
2003-04-17,True,2002-01-02,115.53,89.56,-22.479009781009264,-40.462217605816676,31.633824299702788,108.1156954487452,-70.7407660206935,
2003-04-21,True,2002-01-02,115.53,89.65,-22.401107937332288,-40.321994287198116,31.708328247373068,108.1156954487452,-70.6718547054945,
2003-04-22,True,2002-01-02,115.53,91.34,-20.938284428287023,-37.68891197091664,33.10734682029258,108.1156954487452,-69.37785334231337,
2003-04-23,True,2002-01-02,115.53,92.18,-20.211200553968656,-36.380160997143584,33.80271699854843,108.1156954487452,-68.73468106712275,
2003-04-24,True,2002-01-02,115.53,91.36,-20.920972907469924,-37.657751233445865,33.12390325310818,108.1156954487452,-69.36253971671361,
2003-04-25,True,2002-01-02,115.53,90.23,-21.899073833636283,-39.41833290054531,32.188464799025915,108.1156954487452,-70.22775956310097,
2003-04-28,True,2002-01-02,115.53,91.79,-20.548775209902182,-36.98779537782393,33.47986655864393,108.1156954487452,-69.0332967663184,
2003-04-29,True,2002-01-02,115.53,92.11,-20.271790876828533,-36.48922357829136,33.744769483693766,108.1156954487452,-68.788278756722,
2003-04-30,True,2002-01-02,115.53,91.91,-20.44490608499957,-36.80083095299923,33.579205155537615,108.1156954487452,-68.94141501271976,
2003-05-01,True,2002-01-02,115.53,91.9,-20.453561845408117,-36.81641132173461,33.57092693912981,108.1156954487452,-68.94907182551964,
2003-05-02,True,2002-01-02,115.53,93.21,-19.31965723188783,-34.7753830173981,34.65537328855262,108.1156954487452,-67.94602934873429,
2003-05-05,True,2002-01-02,115.53,93.03,-19.475460919241762,-35.055829654635176,34.506365393212086,108.1156954487452,-68.08385197913226,
2003-05-06,True,2002-01-02,115.53,93.91,-18.713754003289196,-33.684757205920555,35.23484843709917,108.1156954487452,-67.4100524527421,
2003-05-07,True,2002-01-02,115.53,93.39,-19.163853544533893,-34.49493638016101,34.80438118389316,108.1156954487452,-67.80820671833628,
2003-05-08,True,2002-01-02,115.53,92.45,-19.977495022937763,-35.959491041287976,34.02622884155924,108.1156954487452,-68.52794712152578,
2003-05-09,True,2002-01-02,115.53,93.73,-18.869557690643123,-33.965203843157624,35.085840541758635,108.1156954487452,-67.54787508314007,
2003-05-12,True,2002-01-02,115.53,94.88,-17.874145243659655,-32.17346143858738,36.03783542865653,108.1156954487452,-66.66734161115292,
2003-05-13,True,2002-01-02,115.53,94.71,-18.021293170605045,-32.43832770708908,35.89710574972379,108.1156954487452,-66.79750742875102,
2003-05-14,True,2002-01-02,115.53,94.51,-18.19440837877607,-32.74993508179693,35.73154142156764,108.1156954487452,-66.95064368474878,
2003-05-15,True,2002-01-02,115.53,95.11,-17.67506275426296,-31.81511295767333,36.22823440603611,108.1156954487452,-66.49123491675549,
2003-05-16,True,2002-01-02,115.53,94.87,-17.882801004068206,-32.18904180732277,36.02955721224872,108.1156954487452,-66.67499842395281,
2003-05-19,True,2002-01-02,115.53,92.65,-19.804379814766726,-35.64788366658011,34.19179316971539,108.1156954487452,-68.37481086552802,
2003-05-20,True,2002-01-02,115.53,92.46,-19.968839262529215,-35.94391067255259,34.03450705796705,108.1156954487452,-68.52029030872589,
2003-05-21,True,2002-01-02,115.53,92.65,-19.804379814766726,-35.64788366658011,34.19179316971539,108.1156954487452,-68.37481086552802,
2003-05-22,True,2002-01-02,115.53,93.57,-19.008049857179966,-34.21448974292394,34.953389079233695,108.1156954487452,-67.6703840879383,
2003-05-23,True,2002-01-02,115.53,93.76,-18.843590409417466,-33.91846273695144,35.11067519098206,108.1156954487452,-67.52490464474042,
2003-05-27,True,2002-01-02,115.53,95.4,-17.424045702414947,-31.363282264346907,36.46830268186254,108.1156954487452,-66.26918734555872,
2003-05-28,True,2002-01-02,115.53,95.67,-17.190340171384054,-30.9426123084913,36.691814524873344,108.1156954487452,-66.06245339996174,
2003-05-29,True,2002-01-02,115.53,95.42,-17.406734181597848,-31.332121526876126,36.48485911467815,108.1156954487452,-66.25387371995895,
2003-05-30,True,2002-01-02,115.53,96.95,-16.082402839089415,-28.948325110360948,37.751426225072734,108.1156954487452,-65.08238136157604,
2003-06-02,True,2002-01-02,115.53,97.35,-15.736172422747341,-28.325110360945214,38.08255488138504,108.1156954487452,-64.77610884958051,
2003-06-03,True,2002-01-02,115.53,97.75,-15.389942006405267,-27.70189561152948,38.41368353769735,108.1156954487452,-64.46983633758498,
2003-06-04,True,2002-01-02,115.53,99.16,-14.169479788799455,-25.50506361983902,39.58091205119825,108.1156954487452,-63.39022573280073,
2003-06-05,True,2002-01-02,115.53,99.65,-13.745347528780394,-24.74162555180471,39.98654465518084,108.1156954487452,-63.015041905606196,
2003-06-06,True,2002-01-02,115.53,99.26,-14.082922184713919,-25.349259932485054,39.66369421527634,108.1156954487452,-63.31365760480184,
2003-06-09,True,2002-01-02,115.53,98.25,-14.957153985977667,-26.9228771747598,38.827594358087744,108.1156954487452,-64.08699569759057,
2003-06-10,True,2002-01-02,115.53,99.25,-14.09157794512248,-25.364840301220465,39.65541599886853,108.1156954487452,-63.32131441760174,
2003-06-11,True,2002-01-02,115.53,100.3,-13.182723102224536,-23.728901584004166,40.52462872168834,108.1156954487452,-62.51734907361346,
2003-06-12,True,2002-01-02,115.53,100.61,-12.914394529559425,-23.245910153206967,40.78125343033038,108.1156954487452,-62.279987876816925,
2003-06-13,True,2002-01-02,115.53,99.56,-13.823249372457369,-24.881848870423266,39.91204070751057,108.1156954487452,-63.08395322080519,
2003-06-16,True,2002-01-02,115.53,101.66,-12.005539686661482,-21.60997143599067,41.65046615315019,108.1156954487452,-61.476022532828665,
2003-06-17,True,2002-01-02,115.53,101.66,-12.005539686661482,-21.60997143599067,41.65046615315019,108.1156954487452,-61.476022532828665,
2003-06-18,True,2002-01-02,115.53,101.57,-12.083441530338446,-21.750194754609204,41.575962205479925,108.1156954487452,-61.54493384802765,
2003-06-19,True,2002-01-02,115.53,100.02,-13.425084393663989,-24.16515190859518,40.292838662269716,108.1156954487452,-62.73173983201035,
2003-06-20,True,2002-01-02,115.53,99.44,-13.927118497359992,-25.068813295247985,39.81270211061687,108.1156954487452,-63.17583497440387,
2003-06-23,True,2002-01-02,115.53,98.42,-14.810006059032288,-26.65801090625812,38.96832403702047,108.1156954487452,-63.95682987999247,
2003-06-24,True,2002-01-02,115.53,98.52,-14.723448454946775,-26.502207218904196,39.05110620109855,108.1156954487452,-63.880261751993594,
2003-06-25,True,2002-01-02,115.53,97.53,-15.580368735393401,-28.044663723708123,38.23156277672559,108.1156954487452,-64.63828621918252,
2003-06-26,True,2002-01-02,115.53,98.8,-14.481087163507322,-26.06595689431318,39.28289626051717,108.1156954487452,-63.665870993596705,
2003-06-27,True,2002-01-02,115.53,97.66,-15.46784385008223,-27.842118930148015,38.33917959002709,108.1156954487452,-64.53874765278397,
2003-06-30,True,2002-01-02,115.53,97.63,-15.493811131307888,-27.8888600363542,38.314344940803664,108.1156954487452,-64.56171809118364,
2003-07-01,True,2002-01-02,115.53,98.53,-14.714792694538215,-26.486626850168786,39.059384417506365,108.1156954487452,-63.87260493919369,
2003-07-02,True,2002-01-02,115.53,99.77,-13.641478403877782,-24.554661126980008,40.085883252074524,108.1156954487452,-62.92316015200754,
2003-07-03,True,2002-01-02,115.53,98.74,-14.533021725958628,-26.159439106725532,39.233226962070326,108.1156954487452,-63.71181187039604,
2003-07-07,True,2002-01-02,115.53,100.7,-12.836492685882451,-23.10568683458841,40.85575737800065,108.1156954487452,-62.21107656161793,
2003-07-08,True,2002-01-02,115.53,101.15,-12.446983467497619,-22.404570241495716,41.228277116352004,108.1156954487452,-61.86651998562296,
2003-07-09,True,2002-01-02,115.53,100.58,-12.940361810785085,-23.29265125941315,40.75641878110695,108.1156954487452,-62.30295831521659,
2003-07-10,True,2002-01-02,115.53,99.3,-14.048299143079724,-25.286938457543503,39.69680708090756,108.1156954487452,-63.2830303536023,
2003-07-11,True,2002-01-02,115.53,100.24,-13.234657664675842,-23.822383796416517,40.47495942324149,108.1156954487452,-62.563289950412795,
2003-07-14,True,2002-01-02,115.53,100.73,-12.810525404656792,-23.058945728382227,40.88059202722408,108.1156954487452,-62.188106123218255,
2003-07-15,True,2002-01-02,115.53,100.51,-13.000952133644939,-23.40171384056089,40.698471266252305,108.1156954487452,-62.3565560048158,
2003-07-16,True,2002-01-02,115.53,99.92,-13.511641997749502,-24.320955595949105,40.21005649819165,108.1156954487452,-62.808307960009216,
2003-07-17,True,2002-01-02,115.53,98.5,-14.740759975763872,-26.53336795637497,39.034549768282936,108.1156954487452,-63.89557537759336,
2003-07-18,True,2002-01-02,115.53,99.51,-13.866528174500125,-24.959750714100227,39.87064962547153,108.1156954487452,-63.12223728480464,
2003-07-21,True,2002-01-02,115.53,98.28,-14.931186704752008,-26.876136068553617,38.85242900731117,108.1156954487452,-64.0640252591909,
2003-07-22,True,2002-01-02,115.53,99.17,-14.160824028390895,-25.48948325110361,39.589190267606064,108.1156954487452,-63.382568920000836,
2003-07-23,True,2002-01-02,115.53,99.24,-14.10023370553104,-25.38042066995587,39.64713778246071,108.1156954487452,-63.32897123040162,
2003-07-24,True,2002-01-02,115.53,98.49,-14.749415736172434,-26.54894832511038,39.02627155187512,108.1156954487452,-63.903232190393254,
2003-07-25,True,2002-01-02,115.53,100.23,-13.243313425084391,-23.837964165151906,40.46668120683369,108.1156954487452,-62.570946763212675,
2003-07-28,True,2002-01-02,115.53,99.86,-13.563576560200818,-24.414437808361473,40.16038719974479,108.1156954487452,-62.85424883680856,
2003-07-29,True,2002-01-02,115.53,99.4,-13.961741538994199,-25.131134770189558,39.779589244985644,108.1156954487452,-63.2064622256034,
2003-07-30,True,2002-01-02,115.53,99.16,-14.169479788799455,-25.50506361983902,39.58091205119825,108.1156954487452,-63.39022573280073,
2003-07-31,True,2002-01-02,115.53,99.39,-13.970397299402748,-25.146715138924947,39.77131102857784,108.1156954487452,-63.21411903840328,
2003-08-01,True,2002-01-02,115.53,98.51,-14.732104215355314,-26.517787587639564,39.04282798469075,108.1156954487452,-63.887918564793466,
2003-08-04,True,2002-01-02,115.53,98.51,-14.732104215355314,-26.517787587639564,39.04282798469075,108.1156954487452,-63.887918564793466,
2003-08-05,True,2002-01-02,115.53,96.42,-16.541158140742663,-29.774084653336793,37.31268075545892,108.1156954487452,-65.48819243997013,
2003-08-06,True,2002-01-02,115.53,96.98,-16.056435557863757,-28.901584004154763,37.776260874296156,108.1156954487452,-65.05941092317637,
2003-08-07,True,2002-01-02,115.53,98.0,-15.173547996191461,-27.31238639314463,38.62063894789255,108.1156954487452,-64.27841601758777,
2003-08-08,True,2002-01-02,115.53,98.28,-14.931186704752008,-26.876136068553617,38.85242900731117,108.1156954487452,-64.0640252591909,
2003-08-11,True,2002-01-02,115.53,98.65,-14.610923569635592,-26.299662425344067,39.15872301440005,108.1156954487452,-63.780723185595036,
2003-08-12,True,2002-01-02,115.53,99.55,-13.831905132865929,-24.897429239158672,39.90376249110275,108.1156954487452,-63.091610033605086,
2003-08-13,True,2002-01-02,115.53,99.04,-14.273348913702065,-25.69202804466372,39.48157345430456,108.1156954487452,-63.4821074863994,
2003-08-14,True,2002-01-02,115.53,99.31,-14.039643382671162,-25.271358088808093,39.70508529731538,108.1156954487452,-63.27537354080239,
2003-08-15,True,2002-01-02,115.53,99.62,-13.771314810006052,-24.788366658010894,39.96171000595742,108.1156954487452,-63.03801234400586,
2003-08-18,True,2002-01-02,115.53,100.48,-13.026919414870598,-23.448454946767075,40.67363661702888,108.1156954487452,-62.37952644321547,
2003-08-19,True,2002-01-02,115.53,100.86,-12.698000519345632,-22.856400934822137,40.988208840525566,108.1156954487452,-62.088567556819726,
2003-08-20,True,2002-01-02,115.53,100.45,-13.052886696096255,-23.49519605297326,40.64880196780546,108.1156954487452,-62.402496881615136,
2003-08-21,True,2002-01-02,115.53,100.77,-12.775902363022595,-22.99662425344067,40.91370489285531,108.1156954487452,-62.157478872018714,
2003-08-22,True,2002-01-02,115.53,99.77,-13.641478403877782,-24.554661126980008,40.085883252074524,108.1156954487452,-62.92316015200754,
2003-08-25,True,2002-01-02,115.53,99.93,-13.502986237340941,-24.305375227213695,40.21833471459946,108.1156954487452,-62.80065114720932,
2003-08-26,True,2002-01-02,115.53,100.11,-13.347182549987014,-24.024928589976625,40.367342609939996,108.1156954487452,-62.66282851681133,
2003-08-27,True,2002-01-02,115.53,100.14,-13.321215268761366,-23.97818748377046,40.39217725916341,108.1156954487452,-62.63985807841168,
2003-08-28,True,2002-01-02,115.53,100.76,-12.784558123431145,-23.01220462217606,40.9054266764475,108.1156954487452,-62.16513568481861,
2003-08-29,True,2002-01-02,115.53,101.44,-12.195966415649618,-21.952739548169312,41.46834539217843,108.1156954487452,-61.64447241442619,
2003-09-02,True,2002-01-02,115.53,102.8,-11.018783000086563,-19.833809400155815,42.59418282364028,108.1156954487452,-60.603145873641395,
2003-09-03,True,2002-01-02,115.53,103.36,-10.534060417207659,-18.961308750973785,43.05776294247752,108.1156954487452,-60.17436435684764,
2003-09-04,True,2002-01-02,115.53,103.41,-10.490781615164902,-18.883406907296823,43.09915402451656,108.1156954487452,-60.136080292848206,
2003-09-05,True,2002-01-02,115.53,102.83,-10.992815718860903,-19.787068293949627,42.61901747286371,108.1156954487452,-60.58017543524172,
2003-09-08,True,2002-01-02,115.53,103.68,-10.257076084133987,-18.462736951441176,43.32266586752737,108.1156954487452,-59.929346347251226,
2003-09-09,True,2002-01-02,115.53,103.0,-10.845667791915526,-19.522202025447946,42.75974715179644,108.1156954487452,-60.450009617643616,
2003-09-10,True,2002-01-02,115.53,101.96,-11.74586687440492,-21.142560373928855,41.89881264538443,108.1156954487452,-61.246318148832,
2003-09-11,True,2002-01-02,115.53,102.26,-11.486194062148359,-20.675149311867045,42.147159137618665,108.1156954487452,-61.016613764835355,
2003-09-12,True,2002-01-02,115.53,102.45,-11.32173461438587,-20.379122305894565,42.304445249367014,108.1156954487452,-60.87113432163748,
2003-09-15,True,2002-01-02,115.53,102.09,-11.633341989093736,-20.940015580368726,42.006429458685936,108.1156954487452,-61.14677958243345,
2003-09-16,True,2002-01-02,115.53,103.58,-10.343633688219512,-18.61854063879512,43.239883703449294,108.1156954487452,-60.0059144752501,
2003-09-17,True,2002-01-02,115.53,103.38,-10.516748896390549,-18.93014801350299,43.074319375293136,108.1156954487452,-60.159050731247866,
2003-09-18,True,2002-01-02,115.53,104.6,-9.460746126547226,-17.029343027785007,44.08426177704568,108.1156954487452,-59.224919569661495,
2003-09-19,True,2002-01-02,115.53,103.67,-10.265731844542547,-18.478317320176586,43.31438765111956,108.1156954487452,-59.937003160051106,
2003-09-22,True,2002-01-02,115.53,102.55,-11.235177010300356,-20.22331861854064,42.38722741344509,108.1156954487452,-60.79456619363859,
2003-09-23,True,2002-01-02,115.53,102.94,-10.897602354366832,-19.615684237860297,42.710077853349596,108.1156954487452,-60.49595049444294,
2003-09-24,True,2002-01-02,115.53,101.11,-12.481606509131826,-22.46689171643729,41.19516425072077,108.1156954487452,-61.89714723682251,
2003-09-25,True,2002-01-02,115.53,100.28,-13.200034623041635,-23.760062321474944,40.508072288872725,108.1156954487452,-62.53266269921324,
2003-09-26,True,2002-01-02,115.53,99.95,-13.485674716523842,-24.274214489742917,40.23489114741507,108.1156954487452,-62.78533752160955,
2003-09-29,True,2002-01-02,115.53,100.93,-12.637410196485755,-22.74733835367436,41.04615635538023,108.1156954487452,-62.034969867220504,
2003-09-30,True,2002-01-02,115.53,99.95,-13.485674716523842,-24.274214489742917,40.23489114741507,108.1156954487452,-62.78533752160955,
2003-10-01,True,2002-01-02,115.53,102.08,-11.641997749502298,-20.955595949104136,41.99815124227813,108.1156954487452,-61.15443639523335,
2003-10-02,True,2002-01-02,115.53,102.45,-11.32173461438587,-20.379122305894565,42.304445249367014,108.1156954487452,-60.87113432163748,
2003-10-03,True,2002-01-02,115.53,103.39,-10.508093135982,-18.9145676447676,43.08259759170094,108.1156954487452,-60.15139391844798,
2003-10-06,True,2002-01-02,115.53,103.86,-10.10127239678006,-18.182290314204106,43.47167376286791,108.1156954487452,-59.791523716853234,
2003-10-07,True,2002-01-02,115.53,104.26,-9.755041980437973,-17.55907556478835,43.80280241918023,108.1156954487452,-59.48525120485768,
2003-10-08,True,2002-01-02,115.53,104.0,-9.980091751060327,-17.96416515190859,43.58756879257722,108.1156954487452,-59.684328337654776,
2003-10-09,True,2002-01-02,115.53,104.28,-9.737730459620874,-17.527914827317574,43.819358851995844,108.1156954487452,-59.469937579257916,
2003-10-10,True,2002-01-02,115.53,104.57,-9.486713407772884,-17.07608413399119,44.05942712782225,108.1156954487452,-59.24789000806116,
2003-10-13,True,2002-01-02,115.53,104.9,-9.201073314290653,-16.561931965723176,44.33260826927993,108.1156954487452,-58.99521518566484,
2003-10-14,True,2002-01-02,115.53,105.27,-8.880810179174247,-15.985458322513646,44.6389022763688,108.1156954487452,-58.711913112068984,
2003-10-15,True,2002-01-02,115.53,104.99,-9.1231714706137,-16.421708647104662,44.40711221695018,108.1156954487452,-58.926303870465844,
2003-10-16,True,2002-01-02,115.53,105.41,-8.759629533454516,-15.76733316021813,44.75479730607811,108.1156954487452,-58.60471773287055,
2003-10-17,True,2002-01-02,115.53,104.26,-9.755041980437973,-17.55907556478835,43.80280241918023,108.1156954487452,-59.48525120485768,
2003-10-20,True,2002-01-02,115.53,105.04,-9.079892668570933,-16.34380680342768,44.44850329898922,108.1156954487452,-58.88801980646641,
2003-10-21,True,2002-01-02,115.53,104.86,-9.235696355924873,-16.62425344066477,44.299495403648685,108.1156954487452,-59.025842436864394,
2003-10-22,True,2002-01-02,115.53,103.54,-10.378256729853707,-18.680862113736673,43.20677083781807,108.1156954487452,-60.03654172644964,
2003-10-23,True,2002-01-02,115.53,103.35,-10.542716177616207,-18.976889119709174,43.049484726069714,108.1156954487452,-60.18202116964753,
2003-10-24,True,2002-01-02,115.53,103.58,-10.343633688219512,-18.61854063879512,43.239883703449294,108.1156954487452,-60.0059144752501,
2003-10-27,True,2002-01-02,115.53,103.63,-10.300354886176756,-18.54063879511816,43.28127478548833,108.1156954487452,-59.96763041125066,
2003-10-28,True,2002-01-02,115.53,105.04,-9.079892668570933,-16.34380680342768,44.44850329898922,108.1156954487452,-58.88801980646641,
2003-10-29,True,2002-01-02,115.53,105.18,-8.9587120228512,-16.12568164113216,44.564398328698545,108.1156954487452,-58.780824427267966,
2003-10-30,True,2002-01-02,115.53,105.4,-8.768285293863066,-15.78291352895352,44.746519089670315,108.1156954487452,-58.61237454567042,
2003-10-31,True,2002-01-02,115.53,105.3,-8.85484289794859,-15.938717216307461,44.663736925592225,108.1156954487452,-58.68894267366931,
2003-11-03,True,2002-01-02,115.53,105.99,-8.257595429758513,-14.863671773565324,45.23493385773096,108.1156954487452,-58.16062259047703,
2003-11-04,True,2002-01-02,115.53,105.76,-8.456677919155197,-15.222020254479355,45.044534880351385,108.1156954487452,-58.33672928487446,
2003-11-05,True,2002-01-02,115.53,105.84,-8.387431835886783,-15.09737730459621,45.11076061161385,108.1156954487452,-58.27547478247534,
2003-11-06,True,2002-01-02,115.53,106.4,-7.9027092530078775,-14.22487665541418,45.574340730451084,108.1156954487452,-57.846693265681594,
2003-11-07,True,2002-01-02,115.53,105.61,-8.586514325283478,-15.45572578551026,44.92036163423427,108.1156954487452,-58.451581476872775,
2003-11-10,True,2002-01-02,115.53,105.18,-8.9587120228512,-16.12568164113216,44.564398328698545,108.1156954487452,-58.780824427267966,
2003-11-11,True,2002-01-02,115.53,105.15,-8.98467930407686,-16.17242274733835,44.53956367947512,108.1156954487452,-58.803794865667626,
2003-11-12,True,2002-01-02,115.53,106.33,-7.963299575867744,-14.333939236561939,45.51639321559642,108.1156954487452,-57.90029095528082,
2003-11-13,True,2002-01-02,115.53,106.36,-7.9373322946420855,-14.287198130355755,45.54122786481986,108.1156954487452,-57.87732051688115,
2003-11-14,True,2002-01-02,115.53,105.46,-8.71635073141176,-15.689431316541167,44.79618838811715,108.1156954487452,-58.5664336688711,
2003-11-17,True,2002-01-02,115.53,104.93,-9.175106033064996,-16.51519085951699,44.35744291850335,108.1156954487452,-58.972244747265165,
2003-11-18,True,2002-01-02,115.53,103.84,-10.118583917597157,-18.213451051674884,43.455117330052296,108.1156954487452,-59.806837342453,
2003-11-19,True,2002-01-02,115.53,104.72,-9.356877001644593,-16.842378602960267,44.18360037393938,108.1156954487452,-59.133037816062824,
2003-11-20,True,2002-01-02,115.53,103.78,-10.170518480048473,-18.306933264087252,43.405448031605445,108.1156954487452,-59.852778219252336,
2003-11-21,True,2002-01-02,115.53,104.21,-9.79832078248075,-17.636977408465352,43.761411337141176,108.1156954487452,-59.523535268857145,
2003-11-24,True,2002-01-02,115.53,105.59,-8.603825846100577,-15.486886522981038,44.90380520141866,108.1156954487452,-58.466895102472535,
2003-11-25,True,2002-01-02,115.53,105.99,-8.257595429758513,-14.863671773565324,45.23493385773096,108.1156954487452,-58.16062259047703,
2003-11-26,True,2002-01-02,115.53,106.37,-7.928676534233525,-14.271617761620346,45.54950608122767,108.1156954487452,-57.869663704081255,
2003-11-28,True,2002-01-02,115.53,106.45,-7.85943045096511,-14.146974811737199,45.61573181249013,108.1156954487452,-57.80840920168215,
2003-12-01,True,2002-01-02,115.53,107.6,-6.864018003981654,-12.355232407166977,46.56772669938802,108.1156954487452,-56.927875729694996,
2003-12-02,True,2002-01-02,115.53,107.33,-7.097723535012557,-12.775902363022603,46.3442148563772,108.1156954487452,-57.13460967529199,
2003-12-03,True,2002-01-02,115.53,107.16,-7.244871461957936,-13.040768631524285,46.20348517744448,108.1156954487452,-57.26477549289009,
2003-12-04,True,2002-01-02,115.53,107.6,-6.864018003981654,-12.355232407166977,46.56772669938802,108.1156954487452,-56.927875729694996,
2003-12-05,True,2002-01-02,115.53,106.85,-7.513200034623047,-13.523760062321484,45.94686046880243,108.1156954487452,-57.50213668968664,
2003-12-08,True,2002-01-02,115.53,107.57,-6.889985285207311,-12.40197351337316,46.54289205016459,108.1156954487452,-56.95084616809467,
2003-12-09,True,2002-01-02,115.53,106.74,-7.60841339911712,-13.695144118410816,45.85580008831654,108.1156954487452,-57.586361630485406,
2003-12-10,True,2002-01-02,115.53,106.73,-7.617069159525657,-13.710724487146184,45.84752187190875,108.1156954487452,-57.59401844328528,
2003-12-11,True,2002-01-02,115.53,107.93,-6.578377910499434,-11.84108023889898,46.84090784084568,108.1156954487452,-56.67520090729868,
2003-12-12,True,2002-01-02,115.53,108.14,-6.396606941919847,-11.513892495455725,47.01475038540964,108.1156954487452,-56.514407838501036,
2003-12-15,True,2002-01-02,115.53,107.6,-6.864018003981654,-12.355232407166977,46.56772669938802,108.1156954487452,-56.927875729694996,
2003-12-16,True,2002-01-02,115.53,108.16,-6.379295421102748,-11.482731757984947,47.031306818225254,108.1156954487452,-56.499094212901255,
2003-12-17,True,2002-01-02,115.53,108.5,-6.084999567211979,-10.952999220981564,47.31276617609072,108.1156954487452,-56.23876257770506,
2003-12-18,True,2002-01-02,115.53,109.72,-5.028996797368645,-9.052194235263562,48.32270857784327,108.1156954487452,-55.304631416118674,
2003-12-19,True,2002-01-02,115.53,108.9,-5.738769150869905,-10.329784471565828,47.64389483240303,108.1156954487452,-55.93249006570953,
2003-12-22,True,2002-01-02,115.53,109.66,-5.080931359819962,-9.145676447675932,48.27303927939642,108.1156954487452,-55.35057229291801,
2003-12-23,True,2002-01-02,115.53,109.73,-5.0203410369600965,-9.036613866528175,48.330986794251075,108.1156954487452,-55.296974603318795,
2003-12-24,True,2002-01-02,115.53,109.62,-5.11555440145417,-9.207997922617507,48.23992641376519,108.1156954487452,-55.381199544117564,
2003-12-26,True,2002-01-02,115.53,109.7,-5.046308318185755,-9.083354972734359,48.30615214502765,108.1156954487452,-55.319945041718455,
2003-12-29,True,2002-01-02,115.53,111.16,-3.782567298537176,-6.808621137366917,49.51477174056759,108.1156954487452,-54.202050372934764,
2003-12-30,True,2002-01-02,115.53,111.18,-3.765255777720067,-6.77746039989612,49.53132817338321,108.1156954487452,-54.18673674733498,
2003-12-31,True,2002-01-02,115.53,111.28,-3.6786981736345536,-6.621656712542197,49.61411033746128,108.1156954487452,-54.11016861933611,
2004-01-02,True,2002-01-02,115.53,111.23,-3.7219769756773102,-6.699558556219158,49.57271925542225,108.1156954487452,-54.14845268333555,
2004-01-05,True,2002-01-02,115.53,112.44,-2.6746299662425366,-4.814333939236566,50.57438344076698,108.1156954487452,-53.22197833454907,
2004-01-06,True,2002-01-02,115.53,112.55,-2.579416601748463,-4.642949883147234,50.66544382125287,108.1156954487452,-53.13775339375029,
2004-01-07,True,2002-01-02,115.53,112.93,-2.2504977062234865,-4.050895871202276,50.98001604474957,108.1156954487452,-52.84679450735453,
2004-01-08,True,2002-01-02,115.53,113.38,-1.8609884878386662,-3.349779278109599,51.352535783100905,108.1156954487452,-52.50223793135957,
2004-01-09,True,2002-01-02,115.53,112.39,-2.717908768285293,-4.892235782913528,50.532992358727945,108.1156954487452,-53.260262398548505,
2004-01-12,True,2002-01-02,115.53,113.22,-1.999480654375485,-3.599065177875873,51.22008432057599,108.1156954487452,-52.62474693615778,
2004-01-13,True,2002-01-02,115.53,112.56,-2.570760841339914,-4.627369514411845,50.673722037660674,108.1156954487452,-53.1300965809504,
2004-01-14,True,2002-01-02,115.53,113.5,-1.7571193629360327,-3.162814853284859,51.451874379994614,108.1156954487452,-52.410356177760896,
2004-01-15,True,2002-01-02,115.53,113.78,-1.5147580714965803,-2.7265645286938445,51.68366443941323,108.1156954487452,-52.19596541936402,
2004-01-16,True,2002-01-02,115.53,114.23,-1.1252488531117488,-2.025447935601148,52.05618417776458,108.1156954487452,-51.85140884336905,
2004-01-20,True,2002-01-02,115.53,114.2,-1.1512161343373961,-2.072189041807313,52.031349528541156,108.1156954487452,-51.874379281768725,
2004-01-21,True,2002-01-02,115.53,115.1,-0.37219769756773324,-0.6699558556219198,52.77638900524385,108.1156954487452,-51.18526612977878,
2004-01-22,True,2002-01-02,115.53,114.8,-0.6318705098242949,-1.1373669176837309,52.52804251300961,108.1156954487452,-51.41497051377544,
2004-01-23,True,2002-01-02,115.53,114.43,-0.9521336449407003,-1.7138405608932605,52.221748505920736,108.1156954487452,-51.698272587371285,
2004-01-26,True,2002-01-02,115.53,115.87,0.2942958538907581,0.5297325370033645,53.413811668645046,108.1156954487452,-50.595691544187375,
2004-01-27,True,2002-01-02,115.53,114.68,-0.7357396347269063,-1.3243313425084313,52.42870391611593,108.1156954487452,-51.50685226737408,
2004-01-28,True,2002-01-02,115.53,113.37,-1.8696442482472042,-3.3653596468449676,51.34425756669311,108.1156954487452,-52.509894744159446,
2004-01-29,True,2002-01-02,115.53,113.48,-1.7744308837531308,-3.1939755907556355,51.435317947179,108.1156954487452,-52.42566980336068,
2004-01-30,True,2002-01-02,115.53,113.48,-1.7744308837531308,-3.1939755907556355,51.435317947179,108.1156954487452,-52.42566980336068,
2004-02-02,True,2002-01-02,115.53,113.97,-1.350298623734092,-2.4305375227213655,51.840950551161576,108.1156954487452,-52.05048597616615,
2004-02-03,True,2002-01-02,115.53,113.78,-1.5147580714965803,-2.7265645286938445,51.68366443941323,108.1156954487452,-52.19596541936402,
2004-02-04,True,2002-01-02,115.53,112.85,-2.3197437894919126,-4.175538821085443,50.9137903134871,108.1156954487452,-52.90804900975365,
2004-02-05,True,2002-01-02,115.53,113.18,-2.0341036960096925,-3.6613866528174466,51.18697145494476,108.1156954487452,-52.65537418735733,
2004-02-06,True,2002-01-02,115.53,114.45,-0.9348221241236021,-1.6826798234224838,52.23830493873635,108.1156954487452,-51.682958961771504,
2004-02-09,True,2002-01-02,115.53,114.48,-0.9088548428979437,-1.6359387172162987,52.26313958795978,108.1156954487452,-51.65998852337184,
2004-02-10,True,2002-01-02,115.53,114.85,-0.5885917077815384,-1.059465074006769,52.56943359504865,108.1156954487452,-51.37668644977599,
2004-02-11,True,2002-01-02,115.53,116.07,0.4674110620617844,0.8413399117112119,53.57937599680118,108.1156954487452,-50.44255528818963,
2004-02-12,True,2002-01-02,115.53,115.65,0.10386912490263356,0.1869644248247404,53.23169090767329,108.1156954487452,-50.76414142578491,
2004-02-13,True,2002-01-02,115.53,115.13,-0.34623041634208596,-0.6232147494157547,52.801223654467265,108.1156954487452,-51.162295691379114,
2004-02-17,True,2002-01-02,115.53,116.17,0.5539686661473198,0.9971435990651756,53.66215816087929,108.1156954487452,-50.36598716019072,
2004-02-18,True,2002-01-02,115.53,115.66,0.11252488531117155,0.2025447935601088,53.23996912408108,108.1156954487452,-50.756484612985034,
2004-02-19,True,2002-01-02,115.53,115.23,-0.2596728122565506,-0.46741106206179106,52.88400581854536,108.1156954487452,-51.08572756338021,
2004-02-20,True,2002-01-02,115.53,114.88,-0.56262442655588,-1.012723967800584,52.59426824427207,108.1156954487452,-51.35371601137633,
2004-02-23,True,2002-01-02,115.53,114.59,-0.8136414784038704,-1.4645546611269666,52.35419996844566,108.1156954487452,-51.575763582573074,
2004-02-24,True,2002-01-02,115.53,114.39,-0.9867566865749189,-1.776162035834854,52.1886356402895,108.1156954487452,-51.728899838570854,
2004-02-25,True,2002-01-02,115.53,114.87,-0.571280186964418,-1.0283043365359523,52.58599002786428,108.1156954487452,-51.3613728241762,
2004-02-26,True,2002-01-02,115.53,114.94,-0.5106898641045632,-0.9192417553882137,52.64393754271893,108.1156954487452,-51.307775134576985,
2004-02-27,True,2002-01-02,115.53,115.02,-0.4414437808361482,-0.7945988055050668,52.710163273981394,108.1156954487452,-51.24652063217787,
2004-03-01,True,2002-01-02,115.53,116.16,0.5453129057387596,0.9815632303297672,53.65387994447147,108.1156954487452,-50.37364397299062,
2004-03-02,True,2002-01-02,115.53,115.48,-0.04327880204275658,-0.07790184367696185,53.090961228740554,108.1156954487452,-50.89430724338302,
2004-03-03,True,2002-01-02,115.53,115.69,0.13849216653682994,0.2492858997662939,53.264803773304514,108.1156954487452,-50.73351417458536,
2004-03-04,True,2002-01-02,115.53,115.99,0.39816497879339163,0.7166969618281049,53.51315026553875,108.1156954487452,-50.503809790588704,
2004-03-05,True,2002-01-02,115.53,116.38,0.7357396347269063,1.3243313425084313,53.83600070544324,108.1156954487452,-50.20519409139308,
2004-03-08,True,2002-01-02,115.53,114.96,-0.493378343287465,-0.888081017917437,52.660493975534536,108.1156954487452,-51.29246150897722,
2004-03-09,True,2002-01-02,115.53,114.5,-0.8915433220808455,-1.604777979745522,52.27969602077539,108.1156954487452,-51.64467489777207,
2004-03-10,True,2002-01-02,115.53,112.58,-2.553449320522805,-4.596208776941049,50.6902784704763,108.1156954487452,-53.11478295535061,
2004-03-11,True,2002-01-02,115.53,111.12,-3.8171903401713836,-6.8709426123084905,49.48165887493636,108.1156954487452,-54.23267762413432,
2004-03-12,True,2002-01-02,115.53,112.58,-2.553449320522805,-4.596208776941049,50.6902784704763,108.1156954487452,-53.11478295535061,
2004-03-15,True,2002-01-02,115.53,111.2,-3.7479442569029686,-6.7462996624253435,49.54788460619882,108.1156954487452,-54.17142312173521,
2004-03-16,True,2002-01-02,115.53,111.79,-3.2372543927984054,-5.82705790703713,50.036299374259485,108.1156954487452,-53.719671166541794,
2004-03-17,True,2002-01-02,115.53,113.04,-2.155284341729413,-3.8795118151129437,51.07107642523546,108.1156954487452,-52.76256956655576,
2004-03-18,True,2002-01-02,115.53,113.07,-2.129317060503777,-3.8327707089067986,51.09591107445886,108.1156954487452,-52.739599128156115,
2004-03-19,True,2002-01-02,115.53,111.06,-3.8691249026226893,-6.964424824720841,49.43198957648952,108.1156954487452,-54.27861850093364,
2004-03-22,True,2002-01-02,115.53,109.65,-5.0895871202285115,-9.16125681641132,48.26476106298861,108.1156954487452,-55.3582291057179,
2004-03-23,True,2002-01-02,115.53,109.46,-5.254046567991,-9.4572838223838,48.10747495124026,108.1156954487452,-55.503708548915775,
2004-03-24,True,2002-01-02,115.53,109.55,-5.176144724314035,-9.317060503765264,48.181978898910536,108.1156954487452,-55.43479723371678,
2004-03-25,True,2002-01-02,115.53,111.0,-3.921059465074006,-7.057907037133211,49.38232027804266,108.1156954487452,-54.324559377732974,
2004-03-26,True,2002-01-02,115.53,111.03,-3.8950921838483477,-7.011165930927026,49.40715492726609,108.1156954487452,-54.3015889393333,
2004-03-29,True,2002-01-02,115.53,112.59,-2.5447935601142557,-4.58062840820566,50.6985566868841,108.1156954487452,-53.10712614255073,
2004-03-30,True,2002-01-02,115.53,112.97,-2.21587466458929,-3.9885743962607223,51.01312891038079,108.1156954487452,-52.81616725615499,
2004-03-31,True,2002-01-02,115.53,113.1,-2.1033497792781186,-3.7860296027006135,51.12074572368229,108.1156954487452,-52.71662868975644,
2004-04-01,True,2002-01-02,115.53,113.78,-1.5147580714965803,-2.7265645286938445,51.68366443941323,108.1156954487452,-52.19596541936402,
2004-04-02,True,2002-01-02,115.53,114.64,-0.7703626763611138,-1.3866528174500048,52.3955910504847,108.1156954487452,-51.53747951857363,
2004-04-05,True,2002-01-02,115.53,115.27,-0.2250497706223542,-0.40508958712023757,52.917118684176586,108.1156954487452,-51.05510031218068,
2004-04-06,True,2002-01-02,115.53,114.9,-0.5453129057387707,-0.9815632303297872,52.6108246770877,108.1156954487452,-51.33840238577654,
2004-04-07,True,2002-01-02,115.53,114.63,-0.779018436769674,-1.4022331861854131,52.38731283407689,108.1156954487452,-51.54513633137352,
2004-04-08,True,2002-01-02,115.53,114.37,-1.004068207392017,-1.8073227733056307,52.172079207473885,108.1156954487452,-51.74421346417062,
2004-04-12,True,2002-01-02,115.53,114.82,-0.6145589890071856,-1.1062061802129342,52.544598945825236,108.1156954487452,-51.39965688817565,
2004-04-13,True,2002-01-02,115.53,113.21,-2.0081364147840453,-3.6146455466112815,51.211806104168176,108.1156954487452,-52.63240374895767,
2004-04-14,True,2002-01-02,115.53,113.39,-1.852332727430106,-3.334198909374191,51.36081399950872,108.1156954487452,-52.494581118559665,
2004-04-15,True,2002-01-02,115.53,112.96,-2.2245304249978393,-4.004154764996111,51.00485069397298,108.1156954487452,-52.82382406895487,
2004-04-16,True,2002-01-02,115.53,113.83,-1.4714792694538237,-2.6486626850168826,51.72505552145227,108.1156954487452,-52.15768135536458,
2004-04-19,True,2002-01-02,115.53,113.83,-1.4714792694538237,-2.6486626850168826,51.72505552145227,108.1156954487452,-52.15768135536458,
2004-04-20,True,2002-01-02,115.53,111.92,-3.124729507487234,-5.624513113477021,50.143916187560976,108.1156954487452,-53.62013260014326,
2004-04-21,True,2002-01-02,115.53,112.67,-2.4755474768458408,-4.455985458322513,50.76478241814657,108.1156954487452,-53.04587164015162,
2004-04-22,True,2002-01-02,115.53,114.25,-1.1079373322946395,-1.9942871981303512,52.0727406105802,108.1156954487452,-51.83609521776928,
2004-04-23,True,2002-01-02,115.53,114.36,-1.0127239678005773,-1.822903142041039,52.16380099106607,108.1156954487452,-51.751870276970514,
2004-04-26,True,2002-01-02,115.53,114.2,-1.1512161343373961,-2.072189041807313,52.031349528541156,108.1156954487452,-51.874379281768725,
2004-04-27,True,2002-01-02,115.53,114.3,-1.064658530251883,-1.9163853544533893,52.11413169261923,108.1156954487452,-51.797811153769835,
2004-04-28,True,2002-01-02,115.53,112.82,-2.345711070717571,-4.222279927291628,50.88895566426367,108.1156954487452,-52.931019448153314,
2004-04-29,True,2002-01-02,115.53,111.83,-3.202631351164198,-5.764736432095557,50.06941223989072,108.1156954487452,-53.68904391534224,
2004-04-30,True,2002-01-02,115.53,110.96,-3.9556825067082246,-7.120228512074805,49.349207412411424,108.1156954487452,-54.355186628932536,
2004-05-03,True,2002-01-02,115.53,112.15,-2.925647018090538,-5.266164632562969,50.33431516494056,108.1156954487452,-53.44402590574582,
2004-05-04,True,2002-01-02,115.53,112.06,-3.003548861767502,-5.406387951181504,50.2598112172703,108.1156954487452,-53.51293722094481,
2004-05-05,True,2002-01-02,115.53,112.78,-2.3803341123517674,-4.284601402233181,50.85584279863245,108.1156954487452,-52.96164669935286,
2004-05-06,True,2002-01-02,115.53,111.81,-3.2199428719813072,-5.795897169566353,50.05285580707509,108.1156954487452,-53.70435754094203,
2004-05-07,True,2002-01-02,115.53,109.96,-4.821258547563412,-8.678265385614141,48.52138577163065,108.1156954487452,-55.12086790892137,
2004-05-10,True,2002-01-02,115.53,108.83,-5.799359473729771,-10.438847052713587,47.585947317548374,108.1156954487452,-55.98608775530873,
2004-05-11,True,2002-01-02,115.53,109.75,-5.003029516142998,-9.005453129057397,48.34754322706669,108.1156954487452,-55.28166097771903,
2004-05-12,True,2002-01-02,115.53,110.45,-4.397126287544362,-7.914827317579851,48.92701837561324,108.1156954487452,-54.74568408172683,
2004-05-13,True,2002-01-02,115.53,109.99,-4.795291266337753,-8.631524279407957,48.54622042085408,108.1156954487452,-55.097897470521694,
2004-05-14,True,2002-01-02,115.53,110.04,-4.752012464294985,-8.553622435730974,48.58761150289312,108.1156954487452,-55.05961340652226,
2004-05-17,True,2002-01-02,115.53,109.1,-5.565653942698868,-10.018177096857961,47.809459160559186,108.1156954487452,-55.77935380971175,
2004-05-18,True,2002-01-02,115.53,109.65,-5.0895871202285115,-9.16125681641132,48.26476106298861,108.1156954487452,-55.3582291057179,
2004-05-19,True,2002-01-02,115.53,109.27,-5.418506015753488,-9.753310828356279,47.950188839491915,108.1156954487452,-55.64918799211366,
2004-05-20,True,2002-01-02,115.53,109.62,-5.11555440145417,-9.207997922617507,48.23992641376519,108.1156954487452,-55.381199544117564,
2004-05-21,True,2002-01-02,115.53,109.81,-4.9510949536916815,-8.911970916645027,48.39721252551354,108.1156954487452,-55.235720100919686,
2004-05-24,True,2002-01-02,115.53,110.27,-4.552929974898301,-8.195273954816942,48.77801048027269,108.1156954487452,-54.88350671212483,
2004-05-25,True,2002-01-02,115.53,111.85,-3.1853198303470998,-5.73357569462478,50.08596867270632,108.1156954487452,-53.67373028974247,
2004-05-26,True,2002-01-02,115.53,112.24,-2.847745174413574,-5.125941313944433,50.40881911261082,108.1156954487452,-53.375114590546836,
2004-05-27,True,2002-01-02,115.53,112.87,-2.3024322686748033,-4.144378083614646,50.93034674630272,108.1156954487452,-52.892735384153866,
2004-05-28,True,2002-01-02,115.53,112.86,-2.3110880290833524,-4.159958452350034,50.922068529894915,108.1156954487452,-52.900392196953746,
2004-06-01,True,2002-01-02,115.53,112.71,-2.4409244352116444,-4.39366398338096,50.797895283777784,108.1156954487452,-53.015244388952084,
2004-06-02,True,2002-01-02,115.53,113.13,-2.0773824980524602,-3.7392884964944284,51.14558037290571,108.1156954487452,-52.69365825135678,
2004-06-03,True,2002-01-02,115.53,112.09,-2.9775815805418437,-5.359646844975319,50.28464586649372,108.1156954487452,-53.48996678254514,
2004-06-04,True,2002-01-02,115.53,112.98,-2.20721890418073,-3.972994027525314,51.02140712678861,108.1156954487452,-52.80851044335508,
2004-06-07,True,2002-01-02,115.53,114.7,-0.7184281139098081,-1.2931706050376546,52.44526034893154,108.1156954487452,-51.491538641774305,
2004-06-08,True,2002-01-02,115.53,114.86,-0.5799359473729782,-1.0438847052713607,52.57771181145647,108.1156954487452,-51.369029636976094,
2004-06-09,True,2002-01-02,115.53,113.79,-1.50610231108802,-2.710984159958436,51.69194265582104,108.1156954487452,-52.188308606564135,
2004-06-10,True,2002-01-02,115.53,114.35,-1.0213797282091264,-1.8384835107764275,52.155522774658266,108.1156954487452,-51.759527089770394,
2004-06-14,True,2002-01-02,115.53,113.22,-1.999480654375485,-3.599065177875873,51.22008432057599,108.1156954487452,-52.62474693615778,
2004-06-15,True,2002-01-02,115.53,114.02,-1.3070198216913353,-2.3526356790444036,51.88234163320062,108.1156954487452,-52.01220191216671,
2004-06-16,True,2002-01-02,115.53,114.0,-1.3243313425084446,-2.3837964165152004,51.86578520038499,108.1156954487452,-52.0275155377665,
2004-06-17,True,2002-01-02,115.53,113.83,-1.4714792694538237,-2.6486626850168826,51.72505552145227,108.1156954487452,-52.15768135536458,
2004-06-18,True,2002-01-02,115.53,113.63,-1.644594477624861,-2.96027005972475,51.55949119329611,108.1156954487452,-52.31081761136236,
2004-06-21,True,2002-01-02,115.53,113.2,-2.0167921751925943,-3.63022591534667,51.20352788776037,108.1156954487452,-52.64006056175755,
2004-06-22,True,2002-01-02,115.53,113.77,-1.5234138319051405,-2.742144897429253,51.67538622300541,108.1156954487452,-52.20362223216392,
2004-06-23,True,2002-01-02,115.53,114.75,-0.6751493118670515,-1.2152687613606927,52.48665143097058,108.1156954487452,-51.45325457777486,
2004-06-24,True,2002-01-02,115.53,114.39,-0.9867566865749189,-1.776162035834854,52.1886356402895,108.1156954487452,-51.728899838570854,
2004-06-25,True,2002-01-02,115.53,113.84,-1.4628235090452635,-2.6330823162814743,51.73333373786008,108.1156954487452,-52.1500245425647,
2004-06-28,True,2002-01-02,115.53,113.45,-1.8003981649787892,-3.2407166969618206,51.41048329795557,108.1156954487452,-52.448640241760344,
2004-06-29,True,2002-01-02,115.53,113.92,-1.3935774257768485,-2.5084393663983273,51.79955946912254,108.1156954487452,-52.088770040165585,
2004-06-30,True,2002-01-02,115.53,114.53,-0.8655760408551871,-1.5580368735393368,52.30453066999881,108.1156954487452,-51.621704459372395,
2004-07-01,True,2002-01-02,115.53,112.94,-2.2418419458149375,-4.035315502466887,50.98829426115738,108.1156954487452,-52.83913769455464,
2004-07-02,True,2002-01-02,115.53,112.88,-2.2937765082662542,-4.128797714879258,50.93862496271052,108.1156954487452,-52.885078571353986,
2004-07-06,True,2002-01-02,115.53,111.89,-3.1506967887128923,-5.671254219683206,50.119081538337554,108.1156954487452,-53.64310303854292,
2004-07-07,True,2002-01-02,115.53,112.22,-2.8650566952306833,-5.15710205141523,50.39226267979521,108.1156954487452,-53.39042821614661,
2004-07-08,True,2002-01-02,115.53,111.44,-3.5402060070977237,-6.372370812775903,49.7465617999862,108.1156954487452,-53.98765961453789,
2004-07-09,True,2002-01-02,115.53,111.73,-3.289188955249711,-5.92054011944948,49.98663007581264,108.1156954487452,-53.765612043341115,
2004-07-12,True,2002-01-02,115.53,111.78,-3.2459101532069545,-5.842638275772519,50.028021157851676,108.1156954487452,-53.72732797934168,
2004-07-13,True,2002-01-02,115.53,111.86,-3.1766640699385507,-5.717995325889391,50.094246889114125,108.1156954487452,-53.666073476942586,
2004-07-14,True,2002-01-02,115.53,111.52,-3.4709599238293087,-6.247727862892756,49.81278753124867,108.1156954487452,-53.92640511213879,
2004-07-15,True,2002-01-02,115.53,110.8,-4.0941746732450435,-7.369514411841078,49.216755949886505,108.1156954487452,-54.47769563373075,
2004-07-16,True,2002-01-02,115.53,110.71,-4.172076516922019,-7.5097377304596336,49.14225200221623,108.1156954487452,-54.54660694892974,
2004-07-19,True,2002-01-02,115.53,110.24,-4.578897256123959,-8.242015061023126,48.75317583104927,108.1156954487452,-54.90647715052449,
2004-07-20,True,2002-01-02,115.53,111.64,-3.3670907989266863,-6.060763438068036,49.91212612814236,108.1156954487452,-53.83452335854013,RAW_DECISION
2004-07-21,False,,,109.58,,,49.91212612814236,108.1156954487452,-53.83452335854013,
2004-07-22,False,,,109.88,,,49.91212612814236,108.1156954487452,-53.83452335854013,
2004-07-23,False,,,108.96,,,49.91212612814236,108.1156954487452,-53.83452335854013,
2004-07-26,False,,,108.75,,,49.91212612814236,108.1156954487452,-53.83452335854013,
2004-07-27,False,,,109.77,,,49.91212612814236,108.1156954487452,-53.83452335854013,
2004-07-28,False,,,110.1,,,49.91212612814236,108.1156954487452,-53.83452335854013,
2004-07-29,False,,,110.57,,,49.91212612814236,108.1156954487452,-53.83452335854013,
2004-07-30,False,,,110.84,,,49.91212612814236,108.1156954487452,-53.83452335854013,
2004-08-02,True,2004-08-02,111.07,111.07,0.0,0.0,49.91212612814236,108.1156954487452,-53.83452335854013,
2004-08-03,True,2004-08-02,111.07,110.21,-0.77428648599982,-1.393715674799676,49.216493002668656,108.1156954487452,-54.477938842838135,
2004-08-04,True,2004-08-02,111.07,110.2,-0.7832898172323688,-1.4099216710182638,49.20840424539571,108.1156954487452,-54.48542041823694,
2004-08-05,True,2004-08-02,111.07,108.4,-2.403889439092455,-4.327000990366419,47.75242793626471,108.1156954487452,-55.83210399002348,
2004-08-06,True,2004-08-02,111.07,106.85,-3.799405780138654,-6.838930404249577,46.498670558957436,108.1156954487452,-56.991748176839664,
2004-08-09,True,2004-08-02,111.07,107.0,-3.6643558116502994,-6.595840460970539,46.6200019180517,108.1156954487452,-56.87952454585744,
2004-08-10,True,2004-08-02,111.07,108.38,-2.4218961015575746,-4.359412982803635,47.7362504217188,108.1156954487452,-55.8470671408211,
2004-08-11,True,2004-08-02,111.07,108.16,-2.619969388673804,-4.715944899612848,47.5582977617139,108.1156954487452,-56.01166179959501,
2004-08-12,True,2004-08-02,111.07,106.98,-3.682362474115408,-6.628252453407735,46.603824403505804,108.1156954487452,-56.89448769665506,
2004-08-13,True,2004-08-02,111.07,107.19,-3.4932925182317387,-6.28792653281713,46.773688306237744,108.1156954487452,-56.737374613279975,RAW_DECISION
2004-08-16,False,,,108.3,,,46.773688306237744,108.1156954487452,-56.737374613279975,
2004-08-17,False,,,108.91,,,46.773688306237744,108.1156954487452,-56.737374613279975,
2004-08-18,False,,,110.03,,,46.773688306237744,108.1156954487452,-56.737374613279975,
2004-08-19,False,,,109.71,,,46.773688306237744,108.1156954487452,-56.737374613279975,
2004-08-20,False,,,110.48,,,46.773688306237744,108.1156954487452,-56.737374613279975,
2004-08-23,False,,,110.2,,,46.773688306237744,108.1156954487452,-56.737374613279975,
2004-08-24,False,,,110.35,,,46.773688306237744,108.1156954487452,-56.737374613279975,
2004-08-25,False,,,111.1,,,46.773688306237744,108.1156954487452,-56.737374613279975,
2004-08-26,False,,,111.1,,,46.773688306237744,108.1156954487452,-56.737374613279975,
2004-08-27,False,,,111.45,,,46.773688306237744,108.1156954487452,-56.737374613279975,
2004-08-30,False,,,110.53,,,46.773688306237744,108.1156954487452,-56.737374613279975,
2004-08-31,False,,,111.11,,,46.773688306237744,108.1156954487452,-56.737374613279975,
2004-09-01,True,2004-09-01,111.32,111.32,0.0,0.0,46.773688306237744,108.1156954487452,-56.737374613279975,
2004-09-02,True,2004-09-01,111.32,112.58,1.1318720804886828,2.037369744879629,47.726641280353334,108.1156954487452,-55.85595497281033,
2004-09-03,True,2004-09-01,111.32,112.12,0.7186489399928275,1.2935680919870896,47.37873781361273,108.1156954487452,-56.17774309552146,
2004-09-07,True,2004-09-01,111.32,112.86,1.3833992094861802,2.4901185770751244,47.93840860793459,108.1156954487452,-55.66008394159484,
2004-09-08,True,2004-09-01,111.32,112.58,1.1318720804886828,2.037369744879629,47.726641280353334,108.1156954487452,-55.85595497281033,
2004-09-09,True,2004-09-01,111.32,112.48,1.0420409629895877,1.8756737333812579,47.65101009193147,108.1156954487452,-55.92590891253013,
2004-09-10,True,2004-09-01,111.32,113.06,1.5630614444843705,2.813510600071867,48.089670984778316,108.1156954487452,-55.52017606215522,
2004-09-13,True,2004-09-01,111.32,113.43,1.895436579231058,3.4117858426159042,48.36950638193925,108.1156954487452,-55.26134648519191,
2004-09-14,True,2004-09-01,111.32,113.66,2.1020481494789856,3.783686669062174,48.543458115309555,108.1156954487452,-55.100452423836344,
2004-09-15,True,2004-09-01,111.32,112.8,1.3295005389867054,2.3931009701760697,47.89302989488145,108.1156954487452,-55.70205630542675,
2004-09-16,True,2004-09-01,111.32,113.14,1.6349263384836554,2.9428674092705798,48.150175935515826,108.1156954487452,-55.46421291037937,
2004-09-17,True,2004-09-01,111.32,113.15,1.6439094502335827,2.959037010420449,48.15773905435802,108.1156954487452,-55.457217516407376,
2004-09-20,True,2004-09-01,111.32,112.47,1.0330578512396826,1.8595041322314287,47.64344697308929,108.1156954487452,-55.93290430650211,
2004-09-21,True,2004-09-01,111.32,112.96,1.4732303269852753,2.6518145885734956,48.01403979635645,108.1156954487452,-55.59013000187504,
2004-09-22,True,2004-09-01,111.32,111.55,0.20661157024792765,0.37190082644626976,46.947640039608046,108.1156954487452,-56.57648055192441,
2004-09-23,True,2004-09-01,111.32,110.95,-0.33237513474666525,-0.5982752425439974,46.49385290907683,108.1156954487452,-56.99620419024327,
2004-09-24,True,2004-09-01,111.32,111.46,0.1257635644987376,0.22637441609772768,46.87957197002836,108.1156954487452,-56.63943909767224,
2004-09-27,True,2004-09-01,111.32,110.75,-0.5120373697448777,-0.9216672655407798,46.342590532233075,108.1156954487452,-57.13611206968291,
2004-09-28,True,2004-09-01,111.32,111.28,-0.035932446999631384,-0.06467840459933649,46.743435830869004,108.1156954487452,-56.76535618916789,
2004-09-29,True,2004-09-01,111.32,111.84,0.4671218109953301,0.8408192597915942,47.16697048603148,108.1156954487452,-56.373614126736946,
2004-09-30,True,2004-09-01,111.32,111.76,0.39525691699606735,0.7114624505929212,47.106465535294,108.1156954487452,-56.42957727851279,
2004-10-01,True,2004-09-01,111.32,113.65,2.0930650377290805,3.767517067912345,48.53589499646737,108.1156954487452,-55.10744781780832,
2004-10-04,True,2004-09-01,111.32,113.84,2.2637441609773656,4.074739489759258,48.67959425446892,108.1156954487452,-54.97453533234069,
2004-10-05,True,2004-09-01,111.32,113.9,2.3176428314768405,4.171757096658313,48.724972967522056,108.1156954487452,-54.93256296850879,
2004-10-06,True,2004-09-01,111.32,114.68,3.0183255479698357,5.432985986345704,49.31489623721266,108.1156954487452,-54.38692223869423,
2004-10-07,True,2004-09-01,111.32,113.45,1.913402802730868,3.4441250449155625,48.384632619623616,108.1156954487452,-55.247355697247954,
2004-10-08,True,2004-09-01,111.32,112.51,1.0689902982393251,1.9241825368307852,47.67369944845803,108.1156954487452,-55.904922730614196,
2004-10-11,True,2004-09-01,111.32,112.97,1.4822134387351804,2.6679841897233247,48.02160291519863,108.1156954487452,-55.58313460790308,
2004-10-12,True,2004-09-01,111.32,112.53,1.0869565217391353,1.9565217391304435,47.688825686142394,108.1156954487452,-55.89093194267024,
2004-10-13,True,2004-09-01,111.32,111.54,0.19762845849804478,0.3557312252964806,46.94007692076588,108.1156954487452,-56.58347594589637,
2004-10-14,True,2004-09-01,111.32,110.64,-0.610851598993889,-1.0995328781890001,46.25939622496902,108.1156954487452,-57.213061403374695,
2004-10-15,True,2004-09-01,111.32,111.26,-0.05389867049945263,-0.09701760689901473,46.728309593184626,108.1156954487452,-56.779346977111864,
2004-10-18,True,2004-09-01,111.32,111.68,0.3233920229967824,0.5821056413942083,47.0459605845565,108.1156954487452,-56.48554043028864,
2004-10-19,True,2004-09-01,111.32,110.74,-0.5210204814947828,-0.937836866690609,46.33502741339089,108.1156954487452,-57.1431074636549,
2004-10-20,True,2004-09-01,111.32,110.52,-0.7186489399928164,-1.2935680919870696,46.168638798862766,108.1156954487452,-57.297006131038486,
2004-10-21,True,2004-09-01,111.32,111.24,-0.07186489399928497,-0.12935680919871295,46.71318335550024,108.1156954487452,-56.79333776505584,
2004-10-22,True,2004-09-01,111.32,109.99,-1.1947538627380516,-2.150556952928493,45.767793500226844,108.1156954487452,-57.667762011553506,
2004-10-25,True,2004-09-01,111.32,109.86,-1.3115343154868842,-2.3607617678763915,45.66947295527841,108.1156954487452,-57.75870213318925,
2004-10-26,True,2004-09-01,111.32,111.54,0.19762845849804478,0.3557312252964806,46.94007692076588,108.1156954487452,-56.58347594589637,
2004-10-27,True,2004-09-01,111.32,112.88,1.4013654329859904,2.5224577793747827,47.953534845618954,108.1156954487452,-55.64609315365089,
2004-10-28,True,2004-09-01,111.32,113.22,1.7067912324829404,3.0722242184692927,48.21068088625332,108.1156954487452,-55.408249758603525,
2004-10-29,True,2004-09-01,111.32,113.2,1.6888250089831303,3.0398850161696345,48.19555464856895,108.1156954487452,-55.42224054654747,
2004-11-01,True,2004-09-01,111.32,113.51,1.9673014732303429,3.541142651814617,48.430011332676756,108.1156954487452,-55.20538333341606,
2004-11-02,True,2004-09-01,111.32,113.55,2.003233920229963,3.6058210564139337,48.46026380804549,108.1156954487452,-55.177401757528145,
2004-11-03,True,2004-09-01,111.32,114.98,3.287818900467121,5.918074020840818,49.541789802478256,108.1156954487452,-54.17706041953482,
2004-11-04,True,2004-09-01,111.32,116.55,4.698167445203016,8.45670140136543,50.72919946070165,108.1156954487452,-53.078783565933755,
2004-11-05,True,2004-09-01,111.32,117.28,5.353934602946464,9.637082285303636,51.281307136181326,108.1156954487452,-52.56811980597911,
2004-11-08,True,2004-09-01,111.32,117.11,5.201221703197989,9.36219906575638,51.152734115864135,108.1156954487452,-52.6870415035028,
2004-11-09,True,2004-09-01,111.32,116.88,4.994610132950061,8.99029823931011,50.97878238249383,108.1156954487452,-52.84793556485836,
2004-11-10,True,2004-09-01,111.32,116.97,5.075458138699251,9.135824649658653,51.04685045207352,108.1156954487452,-52.78497701911052,
2004-11-11,True,2004-09-01,111.32,117.86,5.874955084441247,10.574919151994244,51.71996802902817,108.1156954487452,-52.1623869556042,
2004-11-12,True,2004-09-01,111.32,118.79,6.710384477182907,12.078692058929233,52.423338081351595,108.1156954487452,-51.51181531620992,
2004-11-15,True,2004-09-01,111.32,118.73,6.656485806683454,11.981674452030218,52.37795936829848,108.1156954487452,-51.55378768004181,
2004-11-16,True,2004-09-01,111.32,117.88,5.892921307941079,10.607258354293943,51.73509426671256,108.1156954487452,-52.14839616766022,
2004-11-17,True,2004-09-01,111.32,118.58,6.521739130434789,11.739130434782622,52.26451258566566,108.1156954487452,-51.658718589621536,
2004-11-18,True,2004-09-01,111.32,118.74,6.665468918433337,11.997844053180007,52.38552248714064,108.1156954487452,-51.546792286069845,
2004-11-19,True,2004-09-01,111.32,117.42,5.479698167445202,9.863456701401363,51.38719079997194,108.1156954487452,-52.47018429037138,
2004-11-22,True,2004-09-01,111.32,117.98,5.982752425440174,10.768954365792315,51.81072545513442,108.1156954487452,-52.07844222794043,
2004-11-23,True,2004-09-01,111.32,118.16,6.144448436938554,11.060007186489399,51.94686159429379,108.1156954487452,-51.95252513644475,
2004-11-24,True,2004-09-01,111.32,118.44,6.395975565936052,11.512756018684893,52.15862892187504,108.1156954487452,-51.75665410522927,
2004-11-26,True,2004-09-01,111.32,118.35,6.3151275601868395,11.367229608336311,52.09056085229534,108.1156954487452,-51.81961265097712,
2004-11-29,True,2004-09-01,111.32,117.81,5.830039525691699,10.494071146245059,51.68215243481723,108.1156954487452,-52.1973639254641,
2004-11-30,True,2004-09-01,111.32,117.89,5.901904419690984,10.623427955443772,51.74265738555474,108.1156954487452,-52.141400773688254,
2004-12-01,True,2004-09-01,111.32,119.23,7.105641394178952,12.790154509522115,52.756115310407836,108.1156954487452,-51.20401798144274,
2004-12-02,True,2004-09-01,111.32,119.33,7.195472511678047,12.951850521020486,52.831746498829695,108.1156954487452,-51.13406404172294,
2004-12-03,True,2004-09-01,111.32,119.25,7.123607617678762,12.822493711821773,52.7712415480922,108.1156954487452,-51.190027193498786,
2004-12-06,True,2004-09-01,111.32,119.21,7.08767517067912,12.757815307222415,52.740989072723444,108.1156954487452,-51.218008769386714,
2004-12-07,True,2004-09-01,111.32,118.1,6.090549766439102,10.962989579590383,51.901482881240675,108.1156954487452,-51.99449750027664,
2004-12-08,True,2004-09-01,111.32,118.79,6.710384477182907,12.078692058929233,52.423338081351595,108.1156954487452,-51.51181531620992,
2004-12-09,True,2004-09-01,111.32,119.21,7.08767517067912,12.757815307222415,52.740989072723444,108.1156954487452,-51.218008769386714,
2004-12-10,True,2004-09-01,111.32,119.33,7.195472511678047,12.951850521020486,52.831746498829695,108.1156954487452,-51.13406404172294,
2004-12-13,True,2004-09-01,111.32,120.37,8.129716133668708,14.633489040603676,53.61831085841716,108.1156954487452,-50.406543068636886,
2004-12-14,True,2004-09-01,111.32,120.79,8.507006827164943,15.312612288896899,53.93596184978903,108.1156954487452,-50.11273652181366,
2004-12-15,True,2004-09-01,111.32,120.88,8.587854832914132,15.458138699245438,54.00402991936872,108.1156954487452,-50.049777976065826,
2004-12-16,True,2004-09-01,111.32,120.81,8.524973050664752,15.344951491196554,53.951088087473394,108.1156954487452,-50.09874573386971,
2004-12-17,True,2004-09-01,111.32,119.44,7.2942867409270695,13.129716133668726,52.91494080609377,108.1156954487452,-51.057114708031136,
2004-12-20,True,2004-09-01,111.32,119.47,7.321236076176785,13.178224937118213,52.937630162620316,108.1156954487452,-51.036128526115206,
2004-12-21,True,2004-09-01,111.32,120.39,8.14768235716854,14.665828242903372,53.63343709610155,108.1156954487452,-50.392552280692904,
2004-12-22,True,2004-09-01,111.32,120.68,8.40819259791592,15.134746676248659,53.852767542524965,108.1156954487452,-50.18968585550546,
2004-12-23,True,2004-09-01,111.32,120.77,8.48904060366511,15.280273086597198,53.92083561210465,108.1156954487452,-50.12672730975763,
2004-12-27,True,2004-09-01,111.32,120.52,8.264462809917351,14.876033057851233,53.73175764104997,108.1156954487452,-50.30161215905717,
2004-12-28,True,2004-09-01,111.32,121.18,8.857348185411439,15.943226733740591,54.23092348463434,108.1156954487452,-49.83991615690638,
2004-12-29,True,2004-09-01,111.32,121.36,9.019044196909821,16.234279554437677,54.36705962379371,108.1156954487452,-49.71399906541072,
2004-12-30,True,2004-09-01,111.32,121.13,8.81243262666187,15.862378727991366,54.193107890423384,108.1156954487452,-49.87489312676631,
2004-12-31,True,2004-09-01,111.32,120.87,8.578871721164226,15.441969098095608,53.996466800526534,108.1156954487452,-50.05677337003781,
2005-01-03,True,2004-09-01,111.32,120.3,8.066834351419327,14.52030183255479,53.56536902652185,108.1156954487452,-50.45551082644075,
2005-01-04,True,2004-09-01,111.32,118.83,6.746316924182549,12.143370463528589,52.45359055672034,108.1156954487452,-51.48383374032199,
2005-01-05,True,2004-09-01,111.32,118.01,6.009701760689912,10.817463169241842,51.83341481166099,108.1156954487452,-52.05745604602448,
2005-01-06,True,2004-09-01,111.32,118.61,6.548688465684527,11.787639238232149,52.287201942192226,108.1156954487452,-51.63773240770559,
2005-01-07,True,2004-09-01,111.32,118.44,6.395975565936052,11.512756018684893,52.15862892187504,108.1156954487452,-51.75665410522927,
2005-01-10,True,2004-09-01,111.32,119.0,6.899029823931024,12.418253683075845,52.582163577037534,108.1156954487452,-51.364912042798316,
2005-01-11,True,2004-09-01,111.32,118.18,6.162414660438387,11.092346388789096,51.96198783197817,108.1156954487452,-51.93853434850079,
2005-01-12,True,2004-09-01,111.32,118.57,6.512756018684862,11.722960833632753,52.25694946682346,108.1156954487452,-51.665713983593534,
2005-01-13,True,2004-09-01,111.32,117.62,5.659360402443414,10.186848724398146,51.538453176815686,108.1156954487452,-52.330276410931745,
2005-01-14,True,2004-09-01,111.32,118.24,6.216313330937839,11.189363995688112,52.00736654503129,108.1156954487452,-51.8965619846689,
2005-01-18,True,2004-09-01,111.32,119.47,7.321236076176785,13.178224937118213,52.937630162620316,108.1156954487452,-51.036128526115206,
2005-01-19,True,2004-09-01,111.32,118.22,6.198347107438029,11.157024793388453,51.992240307346925,108.1156954487452,-51.91055277261285,
2005-01-20,True,2004-09-01,111.32,117.5,5.551563061444487,9.992813510600076,51.44769575070944,108.1156954487452,-52.414221138595515,
2005-01-21,True,2004-09-01,111.32,116.78,4.904779015450966,8.82860222781174,50.903151194071974,108.1156954487452,-52.91788950457816,
2005-01-24,True,2004-09-01,111.32,116.55,4.698167445203016,8.45670140136543,50.72919946070165,108.1156954487452,-53.078783565933755,
2005-01-25,True,2004-09-01,111.32,116.88,4.994610132950061,8.99029823931011,50.97878238249383,108.1156954487452,-52.84793556485836,
2005-01-26,True,2004-09-01,111.32,117.23,5.3090190441969165,9.55623427955445,51.243491541970386,108.1156954487452,-52.603096775839006,
2005-01-27,True,2004-09-01,111.32,117.43,5.488681279195129,9.879626302551232,51.39475391881414,108.1156954487452,-52.46318889639938,
2005-01-28,True,2004-09-01,111.32,117.43,5.488681279195129,9.879626302551232,51.39475391881414,108.1156954487452,-52.46318889639938,
2005-01-31,True,2004-09-01,111.32,118.16,6.144448436938554,11.060007186489399,51.94686159429379,108.1156954487452,-51.95252513644475,
2005-02-01,True,2004-09-01,111.32,118.91,6.818181818181812,12.272727272727263,52.514095507457824,108.1156954487452,-51.42787058854616,
2005-02-02,True,2004-09-01,111.32,119.27,7.1415738411785945,12.85483291412147,52.78636778577658,108.1156954487452,-51.176036405554825,
2005-02-03,True,2004-09-01,111.32,119.11,6.997844053180025,12.596119295724044,52.66535788430158,108.1156954487452,-51.28796270910653,
2005-02-04,True,2004-09-01,111.32,120.23,8.00395256916997,14.407114624505946,53.51242719462655,108.1156954487452,-50.504478584244616,
2005-02-07,True,2004-09-01,111.32,120.07,7.8602227811714,14.14840100610852,53.39141729315155,108.1156954487452,-50.61640488779633,
2005-02-08,True,2004-09-01,111.32,120.21,7.985986345670137,14.374775422206248,53.49730095694216,108.1156954487452,-50.51846937218859,
2005-02-09,True,2004-09-01,111.32,119.31,7.177506288178237,12.919511318720827,52.816620261145324,108.1156954487452,-51.1480548296669,
2005-02-10,True,2004-09-01,111.32,119.74,7.563780093424355,13.61480416816384,53.14183437135936,108.1156954487452,-50.84725288887172,
2005-02-11,True,2004-09-01,111.32,120.77,8.48904060366511,15.280273086597198,53.92083561210465,108.1156954487452,-50.12672730975763,
2005-02-14,True,2004-09-01,111.32,120.68,8.40819259791592,15.134746676248659,53.852767542524965,108.1156954487452,-50.18968585550546,
2005-02-15,True,2004-09-01,111.32,121.13,8.81243262666187,15.862378727991366,54.193107890423384,108.1156954487452,-49.87489312676631,
2005-02-16,True,2004-09-01,111.32,121.21,8.884297520661155,15.99173553719008,54.25361284116089,108.1156954487452,-49.81892997499045,
2005-02-17,True,2004-09-01,111.32,120.23,8.00395256916997,14.407114624505946,53.51242719462655,108.1156954487452,-50.504478584244616,
2005-02-18,True,2004-09-01,111.32,120.39,8.14768235716854,14.665828242903372,53.63343709610155,108.1156954487452,-50.392552280692904,
2005-02-22,True,2004-09-01,111.32,118.6,6.5397053539345995,11.77146963708228,52.27963882335003,108.1156954487452,-51.64472780167758,
2005-02-23,True,2004-09-01,111.32,119.45,7.303269852676975,13.145885734818554,52.92250392493595,108.1156954487452,-51.05011931405916,
2005-02-24,True,2004-09-01,111.32,120.24,8.012935680919874,14.423284225655774,53.51999031346873,108.1156954487452,-50.49748319027264,
2005-02-25,True,2004-09-01,111.32,121.43,9.0819259791592,16.34746676248656,54.42000145568902,108.1156954487452,-49.66503130760685,
2005-02-28,True,2004-09-01,111.32,120.63,8.363277039166373,15.053898670499473,53.81495194831403,108.1156954487452,-50.22466282536537,
2005-03-01,True,2004-09-01,111.32,121.23,8.902263744160987,16.024074739489777,54.268739078845265,108.1156954487452,-49.80493918704649,
2005-03-02,True,2004-09-01,111.32,121.17,8.848365073661535,15.927057132590763,54.22336036579216,108.1156954487452,-49.84691155087836,
2005-03-03,True,2004-09-01,111.32,121.22,8.893280632411082,16.00790513833995,54.26117596000309,108.1156954487452,-49.811934581018456,
2005-03-04,True,2004-09-01,111.32,122.73,10.249730506647502,18.449514911965505,55.40320690517335,108.1156954487452,-48.755630091249294,
2005-03-07,True,2004-09-01,111.32,122.79,10.303629177146977,18.54653251886456,55.448585618226474,108.1156954487452,-48.713657727417406,
2005-03-08,True,2004-09-01,111.32,122.33,9.8904060366511,17.80273086597198,55.100682151485856,108.1156954487452,-49.035445850128546,
2005-03-09,True,2004-09-01,111.32,120.97,8.668702838663322,15.60366510959398,54.07209798894841,108.1156954487452,-49.98681943031799,
2005-03-10,True,2004-09-01,111.32,121.24,8.911246855910893,16.040244340639607,54.27630219768745,108.1156954487452,-49.79794379307451,
2005-03-11,True,2004-09-01,111.32,120.39,8.14768235716854,14.665828242903372,53.63343709610155,108.1156954487452,-50.392552280692904,
2005-03-14,True,2004-09-01,111.32,121.14,8.821415738411797,15.878548329141235,54.20067100926559,108.1156954487452,-49.86789773279431,RAW_DECISION
2005-03-15,False,,,120.14,,,54.20067100926559,108.1156954487452,-49.86789773279431,
2005-03-16,False,,,119.12,,,54.20067100926559,108.1156954487452,-49.86789773279431,
2005-03-17,False,,,119.36,,,54.20067100926559,108.1156954487452,-49.86789773279431,
2005-03-18,False,,,118.54,,,54.20067100926559,108.1156954487452,-49.86789773279431,
2005-03-21,False,,,118.1,,,54.20067100926559,108.1156954487452,-49.86789773279431,
2005-03-22,False,,,116.9,,,54.20067100926559,108.1156954487452,-49.86789773279431,
2005-03-23,False,,,117.0,,,54.20067100926559,108.1156954487452,-49.86789773279431,
2005-03-24,False,,,117.14,,,54.20067100926559,108.1156954487452,-49.86789773279431,
2005-03-28,False,,,117.31,,,54.20067100926559,108.1156954487452,-49.86789773279431,
2005-03-29,False,,,116.53,,,54.20067100926559,108.1156954487452,-49.86789773279431,
2005-03-30,False,,,118.18,,,54.20067100926559,108.1156954487452,-49.86789773279431,
2005-03-31,False,,,117.96,,,54.20067100926559,108.1156954487452,-49.86789773279431,
2005-04-01,True,2005-04-01,117.43,117.43,0.0,0.0,54.20067100926559,108.1156954487452,-49.86789773279431,
2005-04-04,True,2005-04-01,117.43,117.63,0.17031422975388733,0.3065656135569972,54.36683162889715,108.1156954487452,-49.714209945889834,
2005-04-05,True,2005-04-01,117.43,118.19,0.647194073064794,1.1649493315166293,54.832081363865555,108.1156954487452,-49.28388414255727,
2005-04-06,True,2005-04-01,117.43,118.6,0.9963382440602908,1.7934088393085235,55.17271063411029,108.1156954487452,-48.96882417940306,
2005-04-07,True,2005-04-01,117.43,119.24,1.5413437792727525,2.7744188026909544,55.70442461693132,108.1156954487452,-48.477023261308695,
2005-04-08,True,2005-04-01,117.43,118.0,0.48539555479860663,0.8737119986374919,54.674228775215575,108.1156954487452,-49.42988754011651,
2005-04-11,True,2005-04-01,117.43,118.09,0.5620369581878615,1.0116665247381507,54.749001054049785,108.1156954487452,-49.36072803600949,
2005-04-12,True,2005-04-01,117.43,118.7,1.0814953589372456,1.946691646087042,55.25579094392609,108.1156954487452,-48.8919802859508,
2005-04-13,True,2005-04-01,117.43,117.3,-0.11070424934004341,-0.19926764881207815,54.09266660650506,108.1156954487452,-49.96779479428224,
2005-04-14,True,2005-04-01,117.43,115.77,-1.4136081069573425,-2.5444945925232165,52.82153786632353,108.1156954487452,-51.14350636410157,
2005-04-15,True,2005-04-01,117.43,114.15,-2.7931533679638965,-5.027676062335014,51.47563684730779,108.1156954487452,-52.38837743802792,
2005-04-18,True,2005-04-01,117.43,114.5,-2.495103465894577,-4.491186238610239,51.76641793166305,108.1156954487452,-52.11942381094505,
2005-04-19,True,2005-04-01,117.43,115.41,-1.720173720514362,-3.0963126969258514,52.52244875098669,108.1156954487452,-51.420144380529656,
2005-04-20,True,2005-04-01,117.43,113.8,-3.091203270033216,-5.564165886059789,51.18485576295254,108.1156954487452,-52.65733106511077,
2005-04-21,True,2005-04-01,117.43,116.01,-1.2092310312526666,-2.1766158562548,53.02093060988142,108.1156954487452,-50.95908101981619,
2005-04-22,True,2005-04-01,117.43,115.57,-1.583922336711241,-2.8510602060802337,52.655377246691955,108.1156954487452,-51.29719415100607,
2005-04-25,True,2005-04-01,117.43,116.33,-0.9367282636464358,-1.6861108745635844,53.286787601291934,108.1156954487452,-50.713180560769,
2005-04-26,True,2005-04-01,117.43,115.2,-1.899003661755938,-3.4182065911606885,52.347980100373555,108.1156954487452,-51.58151655677935,
2005-04-27,True,2005-04-01,117.43,115.65,-1.515796644809675,-2.728433960657415,52.72184149454459,108.1156954487452,-51.235719036244255,
2005-04-28,True,2005-04-01,117.43,114.2,-2.750574810525419,-4.951034658945755,51.51717700221569,108.1156954487452,-52.34995549130179,
2005-04-29,True,2005-04-01,117.43,115.75,-1.4306395299327312,-2.5751511538789162,52.80492180436037,108.1156954487452,-51.15887514279203,
2005-05-02,True,2005-04-01,117.43,116.4,-0.8771182832325697,-1.5788129098186254,53.34494381816298,108.1156954487452,-50.65938983535243,
2005-05-03,True,2005-04-01,117.43,116.6,-0.7068040534786824,-1.2722472962616282,53.51110443779455,108.1156954487452,-50.50570204844795,
2005-05-04,True,2005-04-01,117.43,117.5,0.05960998041385501,0.10729796474493902,54.25882722613663,108.1156954487452,-49.81410700737775,
2005-05-05,True,2005-04-01,117.43,117.46,0.025547134463077548,0.045984842033539586,54.22559510221031,108.1156954487452,-49.84484456475865,
2005-05-06,True,2005-04-01,117.43,117.09,-0.28953419058163066,-0.5211615430469352,53.91819795589191,108.1156954487452,-50.12916697053195,
2005-05-09,True,2005-04-01,117.43,117.82,0.33211274802007473,0.5978029464361345,54.52468421754714,108.1156954487452,-49.56820654833057,
2005-05-10,True,2005-04-01,117.43,116.6,-0.7068040534786824,-1.2722472962616282,53.51110443779455,108.1156954487452,-50.50570204844795,
2005-05-11,True,2005-04-01,117.43,117.24,-0.1617985182662096,-0.2912373328791773,54.04281842061559,108.1156954487452,-50.013901130353574,
2005-05-12,True,2005-04-01,117.43,115.95,-1.2603253001788328,-2.268585540321899,52.971082423991945,108.1156954487452,-51.00518735588753,
2005-05-13,True,2005-04-01,117.43,115.72,-1.45618666439582,-2.621135995912476,52.77999771141563,108.1156954487452,-51.18192831082769,
2005-05-16,True,2005-04-01,117.43,116.8,-0.5364898237247839,-0.9656816827046111,53.677265057426126,108.1156954487452,-50.35201426154345,
2005-05-17,True,2005-04-01,117.43,117.58,0.12773567231540994,0.2299242101677379,54.32529147398926,108.1156954487452,-49.75263189261595,
2005-05-18,True,2005-04-01,117.43,118.79,1.1581367623265004,2.0846461721877008,55.3305632227603,108.1156954487452,-48.82282078184378,
2005-05-19,True,2005-04-01,117.43,119.29,1.5839223367112298,2.8510602060802137,55.74596477183922,108.1156954487452,-48.43860131458258,
2005-05-20,True,2005-04-01,117.43,119.12,1.43915524142042,2.590479434556756,55.60472824515238,108.1156954487452,-48.56923593345138,
2005-05-23,True,2005-04-01,117.43,119.78,2.0011921996082815,3.6021459592949068,56.15305828993658,108.1156954487452,-48.06206623666657,
2005-05-24,True,2005-04-01,117.43,119.5,1.762752277952817,3.1729541003150707,55.92043342245236,108.1156954487452,-48.277229138332864,
2005-05-25,True,2005-04-01,117.43,119.41,1.6861108745635622,3.034999574214412,55.84566114361815,108.1156954487452,-48.346388642439884,
2005-05-26,True,2005-04-01,117.43,120.05,2.231116409776024,4.016009537596843,56.37737512643918,108.1156954487452,-47.854587724345535,
2005-05-27,True,2005-04-01,117.43,120.25,2.4014306395299334,4.32257515115388,56.54353574607077,108.1156954487452,-47.70089993744102,
2005-05-31,True,2005-04-01,117.43,119.48,1.7457208549774395,3.142297538959391,55.903817360489214,108.1156954487452,-48.29259791702331,
2005-06-01,True,2005-04-01,117.43,120.5,2.614323426722298,4.705782168100137,56.751236520610234,108.1156954487452,-47.50879020381041,
2005-06-02,True,2005-04-01,117.43,120.76,2.8357319254023627,5.104317465724253,56.967245326131284,108.1156954487452,-47.308996080834575,
2005-06-03,True,2005-04-01,117.43,120.15,2.3162735246529786,4.169292344375362,56.460455436254975,108.1156954487452,-47.777743830893286,
2005-06-06,True,2005-04-01,117.43,120.04,2.222600698288346,4.000681256919023,56.369067095457616,108.1156954487452,-47.86227211369074,
2005-06-07,True,2005-04-01,117.43,120.13,2.299242101677579,4.138635783019642,56.44383937429181,108.1156954487452,-47.79311260958373,
2005-06-08,True,2005-04-01,117.43,119.91,2.1118964489482916,3.801413608106925,56.26106269269708,108.1156954487452,-47.96216917517867,
2005-06-09,True,2005-04-01,117.43,120.48,2.5972920037469205,4.675125606744457,56.734620458647086,108.1156954487452,-47.524158982500865,
2005-06-10,True,2005-04-01,117.43,120.2,2.358852082091456,4.245933747764621,56.50199559116288,108.1156954487452,-47.73932188416714,
2005-06-13,True,2005-04-01,117.43,120.58,2.682449118623853,4.8284084135229355,56.81770076846286,108.1156954487452,-47.44731508904862,
2005-06-14,True,2005-04-01,117.43,120.86,2.9208890402793175,5.2576002725027715,57.05032563594707,108.1156954487452,-47.23215218738234,
2005-06-15,True,2005-04-01,117.43,121.09,3.1167504044962824,5.610150728093308,57.24141034852336,108.1156954487452,-47.05541123244219,
2005-06-16,True,2005-04-01,117.43,121.4,3.3807374606148244,6.085327429106684,57.4989593089523,108.1156954487452,-46.817195162740234,
2005-06-17,True,2005-04-01,117.43,121.36,3.346674614664047,6.0240143063952845,57.46572718502598,108.1156954487452,-46.847932720121136,
2005-06-20,True,2005-04-01,117.43,121.4,3.3807374606148244,6.085327429106684,57.4989593089523,108.1156954487452,-46.817195162740234,
2005-06-21,True,2005-04-01,117.43,121.47,3.4403474410287016,6.192625393851663,57.55711552582336,108.1156954487452,-46.76340443732365,
2005-06-22,True,2005-04-01,117.43,121.57,3.525504555905634,6.3459082006301415,57.64019583563914,108.1156954487452,-46.686560543871416,
2005-06-23,True,2005-04-01,117.43,119.86,2.0693178915098365,3.7247722047177056,56.219522537789196,108.1156954487452,-48.00059112190479,
2005-06-24,True,2005-04-01,117.43,118.98,1.3199352805926878,2.375883505066838,55.48841581141027,108.1156954487452,-48.67681738428453,
2005-06-27,True,2005-04-01,117.43,119.15,1.4647023758834976,2.6364642765902957,55.62965233809712,108.1156954487452,-48.546182765415715,
2005-06-28,True,2005-04-01,117.43,120.15,2.3162735246529786,4.169292344375362,56.460455436254975,108.1156954487452,-47.777743830893286,
2005-06-29,True,2005-04-01,117.43,119.83,2.0437707570467367,3.678787362684126,56.19459844484445,108.1156954487452,-48.02364428994047,
2005-06-30,True,2005-04-01,117.43,119.18,1.4902495103465974,2.6824491186238753,55.65457643104186,108.1156954487452,-48.523129597380034,
2005-07-01,True,2005-04-01,117.43,119.53,1.7882994124158946,3.2189389423486103,55.9453575153971,108.1156954487452,-48.2541759702972,
2005-07-05,True,2005-04-01,117.43,120.49,2.605807715234598,4.690453887422277,56.74292848962865,108.1156954487452,-47.51647459315564,
2005-07-06,True,2005-04-01,117.43,119.48,1.7457208549774395,3.142297538959391,55.903817360489214,108.1156954487452,-48.29259791702331,
2005-07-07,True,2005-04-01,117.43,119.95,2.1459592948990913,3.8627267308183644,56.294294816623406,108.1156954487452,-47.931431617797756,
2005-07-08,True,2005-04-01,117.43,121.32,3.3126117687132695,5.962701183683885,57.43249506109969,108.1156954487452,-46.87867027750201,
2005-07-11,True,2005-04-01,117.43,121.94,3.8405858809503535,6.913054585710636,57.947592981957555,108.1156954487452,-46.402238138098106,
2005-07-12,True,2005-04-01,117.43,122.26,4.113088648556595,7.403559567401872,58.21344997336808,108.1156954487452,-46.15633767905092,
2005-07-13,True,2005-04-01,117.43,122.43,4.257855743847405,7.664140338925329,58.354686500054925,108.1156954487452,-46.025703060182096,
2005-07-14,True,2005-04-01,117.43,122.91,4.666609895256735,8.399897811462123,58.753471987170684,108.1156954487452,-45.656852371611336,
2005-07-15,True,2005-04-01,117.43,122.84,4.60699991484288,8.292599846717184,58.69531577029963,108.1156954487452,-45.71064309702791,
2005-07-18,True,2005-04-01,117.43,122.35,4.189730051945828,7.5415140935024905,58.28822225220228,108.1156954487452,-46.08717817494391,
2005-07-19,True,2005-04-01,117.43,123.02,4.760282721621389,8.568508898918502,58.84486032796805,108.1156954487452,-45.57232408881388,
2005-07-20,True,2005-04-01,117.43,123.44,5.117942604104564,9.212296687388216,59.19379762919435,108.1156954487452,-45.24957973631445,
2005-07-21,True,2005-04-01,117.43,122.72,4.504811376990547,8.108660478582985,58.5956193985207,108.1156954487452,-45.80285576917059,
2005-07-22,True,2005-04-01,117.43,123.54,5.203099718981519,9.365579494166735,59.27687793901015,108.1156954487452,-45.17273584286219,
2005-07-25,True,2005-04-01,117.43,123.19,4.905049816912199,8.82908967044196,58.98609685465489,108.1156954487452,-45.441689469945054,
2005-07-26,True,2005-04-01,117.43,123.34,5.032785489227631,9.059013880609736,59.11071731937858,108.1156954487452,-45.32642362976668,
2005-07-27,True,2005-04-01,117.43,123.79,5.415992506173883,9.748786511112991,59.48457871354961,108.1156954487452,-44.98062610923159,
2005-07-28,True,2005-04-01,117.43,124.57,6.080218002214077,10.94439240398534,60.13260513011274,108.1156954487452,-44.381243740304086,
2005-07-29,True,2005-04-01,117.43,123.74,5.373413948735406,9.67214510772373,59.44303855864171,108.1156954487452,-45.01904805595771,
2005-08-01,True,2005-04-01,117.43,123.65,5.296772545346173,9.534190581623113,59.368266279807514,108.1156954487452,-45.08820756006472,
2005-08-02,True,2005-04-01,117.43,124.39,5.926935195435568,10.668483351784023,59.98306057244432,108.1156954487452,-44.519562748518126,
2005-08-03,True,2005-04-01,117.43,124.72,6.207953674529509,11.174316614153117,60.25722559483643,108.1156954487452,-44.26597790012572,
2005-08-04,True,2005-04-01,117.43,123.72,5.356382525760028,9.641488546368052,59.42642249667857,108.1156954487452,-45.03441683464815,
2005-08-05,True,2005-04-01,117.43,122.88,4.641062760793657,8.353912969428583,58.72854789422595,108.1156954487452,-45.67990553964702,
2005-08-08,True,2005-04-01,117.43,122.65,4.445201396576692,8.001362513838046,58.537463181649656,108.1156954487452,-45.85664649458716,
2005-08-09,True,2005-04-01,117.43,123.39,5.0753640466660865,9.135655283998956,59.15225747428645,108.1156954487452,-45.28800168304058,
2005-08-10,True,2005-04-01,117.43,123.33,5.024269777739931,9.043685599931877,59.10240928839699,108.1156954487452,-45.33410801911191,
2005-08-11,True,2005-04-01,117.43,123.82,5.441539640636961,9.79477135314653,59.50950280649433,108.1156954487452,-44.95757294119592,
2005-08-12,True,2005-04-01,117.43,123.06,4.794345567572167,8.6298220216299,58.87809245189436,108.1156954487452,-45.541586531432976,
2005-08-15,True,2005-04-01,117.43,123.82,5.441539640636961,9.79477135314653,59.50950280649433,108.1156954487452,-44.95757294119592,
2005-08-16,True,2005-04-01,117.43,122.21,4.070510091118096,7.3269181640125725,58.171909818460165,108.1156954487452,-46.19475962577706,
2005-08-17,True,2005-04-01,117.43,122.2,4.061994379630418,7.311589883334753,58.163601787478605,108.1156954487452,-46.20244401512227,
2005-08-18,True,2005-04-01,117.43,122.19,4.053478668142718,7.296261602656893,58.15529375649702,108.1156954487452,-46.2101284044675,
2005-08-19,True,2005-04-01,117.43,122.47,4.29191858979816,7.725453461636689,58.387918623981214,108.1156954487452,-45.99496550280122,
2005-08-22,True,2005-04-01,117.43,122.47,4.29191858979816,7.725453461636689,58.387918623981214,108.1156954487452,-45.99496550280122,
2005-08-23,True,2005-04-01,117.43,122.24,4.096057225581196,7.372903006046152,58.19683391140492,108.1156954487452,-46.171706457741365,
2005-08-24,True,2005-04-01,117.43,121.15,3.1678446734224597,5.702120412160427,57.29125853441284,108.1156954487452,-47.00930489637084,
2005-08-25,True,2005-04-01,117.43,121.59,3.542535978881034,6.376564761985861,57.65681189760231,108.1156954487452,-46.67119176518095,
2005-08-26,True,2005-04-01,117.43,120.76,2.8357319254023627,5.104317465724253,56.967245326131284,108.1156954487452,-47.308996080834575,
2005-08-29,True,2005-04-01,117.43,121.69,3.6276930937579666,6.52984756876434,57.73989220741807,108.1156954487452,-46.594347871728736,
2005-08-30,True,2005-04-01,117.43,121.05,3.082687558545505,5.548837605381909,57.208178224597056,108.1156954487452,-47.08614878982308,
2005-08-31,True,2005-04-01,117.43,122.58,4.385591416162815,7.894064549093067,58.479306964778594,108.1156954487452,-45.91043722000374,
2005-09-01,True,2005-04-01,117.43,122.49,4.30895001277356,7.7561100229924085,58.404534685944384,108.1156954487452,-45.97959672411076,
2005-09-02,True,2005-04-01,117.43,122.27,4.121604360044273,7.418887848079692,58.221758004349645,108.1156954487452,-46.14865328970571,
2005-09-06,True,2005-04-01,117.43,123.7,5.3393511027846285,9.610831985012332,59.4098064347154,108.1156954487452,-45.049785613338614,
2005-09-07,True,2005-04-01,117.43,123.91,5.518181044026216,9.932725879247188,59.58427508532854,108.1156954487452,-44.8884134370889,
2005-09-08,True,2005-04-01,117.43,123.5,5.169036873030741,9.304266371455334,59.24364581508383,108.1156954487452,-45.20347340024309,
2005-09-09,True,2005-04-01,117.43,124.6,6.105765136677155,10.990377246018879,60.157529223057466,108.1156954487452,-44.35819057226842,
2005-09-12,True,2005-04-01,117.43,124.35,5.89287234948479,10.607170229072622,59.949828448518005,108.1156954487452,-44.55030030589903,
2005-09-13,True,2005-04-01,117.43,123.66,5.305288256833851,9.549518862300932,59.37657431078908,108.1156954487452,-45.08052317071951,
2005-09-14,True,2005-04-01,117.43,123.21,4.922081239887577,8.859746231797638,59.00271291661804,108.1156954487452,-45.42632069125462,
2005-09-15,True,2005-04-01,117.43,123.15,4.870986970961422,8.76777654773056,58.95286473072857,108.1156954487452,-45.472427027325956,
2005-09-16,True,2005-04-01,117.43,123.5,5.169036873030741,9.304266371455334,59.24364581508383,108.1156954487452,-45.20347340024309,
2005-09-19,True,2005-04-01,117.43,123.09,4.8198927020352444,8.675806863663441,58.9030165448391,108.1156954487452,-45.51853336339731,
2005-09-20,True,2005-04-01,117.43,122.05,3.934258707314986,7.081665673166975,58.038981322754914,108.1156954487452,-46.31770985530065,
2005-09-21,True,2005-04-01,117.43,120.91,2.9634675977177727,5.334241675891991,57.09186579085494,108.1156954487452,-47.19373024065624,
2005-09-22,True,2005-04-01,117.43,121.34,3.3296431916886693,5.993357745039605,57.44911112306284,108.1156954487452,-46.86330149881157,
2005-09-23,True,2005-04-01,117.43,121.44,3.414800306565602,6.146640551818083,57.53219143287862,108.1156954487452,-46.78645760535933,
2005-09-26,True,2005-04-01,117.43,121.58,3.534020267393334,6.361236481308001,57.64850386662072,108.1156954487452,-46.678876154526186,
2005-09-27,True,2005-04-01,117.43,121.55,3.5084731329302565,6.315251639274462,57.623579773676,108.1156954487452,-46.70192932256185,
2005-09-28,True,2005-04-01,117.43,121.67,3.610661670782589,6.49919100740866,57.72327614545493,108.1156954487452,-46.609716650419166,
2005-09-29,True,2005-04-01,117.43,122.66,4.45371710806437,8.016690794515867,58.54577121263121,108.1156954487452,-45.84896210524195,
2005-09-30,True,2005-04-01,117.43,123.04,4.777314144596789,8.599165460274222,58.86147638993122,108.1156954487452,-45.55695531012341,
2005-10-03,True,2005-04-01,117.43,122.6,4.402622839138193,7.924721110448747,58.495923026741735,108.1156954487452,-45.8950684413133,
2005-10-04,True,2005-04-01,117.43,121.22,3.2274546538363147,5.809418376905366,57.34941475128388,108.1156954487452,-46.955514170954274,
2005-10-05,True,2005-04-01,117.43,119.63,1.8734565272928494,3.372221749127129,56.02843782521288,108.1156954487452,-48.17733207684495,
2005-10-06,True,2005-04-01,117.43,119.2,1.507280933321975,2.713105679979555,55.67119249300501,108.1156954487452,-48.50776081868959,
2005-10-07,True,2005-04-01,117.43,119.61,1.8564251043174496,3.341565187771409,56.01182176324971,108.1156954487452,-48.192700855535406,
2005-10-10,True,2005-04-01,117.43,118.6,0.9963382440602908,1.7934088393085235,55.17271063411029,108.1156954487452,-48.96882417940306,
2005-10-11,True,2005-04-01,117.43,118.43,0.851571148769481,1.5328280677850659,55.03147410742346,108.1156954487452,-49.09945879827187,
2005-10-12,True,2005-04-01,117.43,117.5,0.05960998041385501,0.10729796474493902,54.25882722613663,108.1156954487452,-49.81410700737775,
2005-10-13,True,2005-04-01,117.43,117.43,0.0,0.0,54.20067100926559,108.1156954487452,-49.86789773279431,
2005-10-14,True,2005-04-01,117.43,118.67,1.0559482244741458,1.9007068040534625,55.23086685098133,108.1156954487452,-48.9150334539865,
2005-10-17,True,2005-04-01,117.43,119.11,1.4306395299327201,2.5751511538788963,55.5964202141708,108.1156954487452,-48.57692032279661,
2005-10-18,True,2005-04-01,117.43,117.82,0.33211274802007473,0.5978029464361345,54.52468421754714,108.1156954487452,-49.56820654833057,
2005-10-19,True,2005-04-01,117.43,119.78,2.0011921996082815,3.6021459592949068,56.15305828993658,108.1156954487452,-48.06206623666657,
2005-10-20,True,2005-04-01,117.43,117.67,0.2043770757046648,0.3678787362683966,54.40006375282347,108.1156954487452,-49.68347238850893,
2005-10-21,True,2005-04-01,117.43,118.13,0.5960998041386167,1.0729796474495101,54.782233177976075,108.1156954487452,-49.32999047862863,
2005-10-24,True,2005-04-01,117.43,119.96,2.154475006386769,3.8780550114961843,56.30260284760497,108.1156954487452,-47.92374722845255,
2005-10-25,True,2005-04-01,117.43,119.72,1.9500979306821042,3.5101762752277876,56.10321010404709,108.1156954487452,-48.10817257273793,
2005-10-26,True,2005-04-01,117.43,119.37,1.6520480286127848,2.9736864515030126,55.81242901969185,108.1156954487452,-48.37712619982077,
2005-10-27,True,2005-04-01,117.43,118.1,0.5705526696755392,1.0269948054159705,54.757309085031345,108.1156954487452,-49.35304364666428,
2005-10-28,True,2005-04-01,117.43,119.8,2.018223622583659,3.6328025206505865,56.16967435189972,108.1156954487452,-48.04669745797613,
2005-10-31,True,2005-04-01,117.43,120.13,2.299242101677579,4.138635783019642,56.44383937429181,108.1156954487452,-47.79311260958373,
2005-11-01,True,2005-04-01,117.43,120.49,2.605807715234598,4.690453887422277,56.74292848962865,108.1156954487452,-47.51647459315564,
2005-11-02,True,2005-04-01,117.43,121.75,3.678787362684144,6.621817252831459,57.78974039330756,108.1156954487452,-46.548241535657375,
2005-11-03,True,2005-04-01,117.43,122.27,4.121604360044273,7.418887848079692,58.221758004349645,108.1156954487452,-46.14865328970571,
2005-11-04,True,2005-04-01,117.43,122.11,3.9853529762411632,7.173635357234094,58.0888295086444,108.1156954487452,-46.27160351922929,
2005-11-07,True,2005-04-01,117.43,122.23,4.087541514093496,7.357574725368292,58.188525880423335,108.1156954487452,-46.1793908470866,
2005-11-08,True,2005-04-01,117.43,122.23,4.087541514093496,7.357574725368292,58.188525880423335,108.1156954487452,-46.1793908470866,
2005-11-09,True,2005-04-01,117.43,122.39,4.2237928978966055,7.60282721621389,58.321454376128585,108.1156954487452,-46.05644061756302,
2005-11-10,True,2005-04-01,117.43,123.34,5.032785489227631,9.059013880609736,59.11071731937858,108.1156954487452,-45.32642362976668,
2005-11-11,True,2005-04-01,117.43,123.76,5.390445371710806,9.70280166907945,59.45965462060487,108.1156954487452,-45.00367927726726,
2005-11-14,True,2005-04-01,117.43,123.69,5.330835391296929,9.595503704334472,59.401498403733804,108.1156954487452,-45.05747000268385,
2005-11-15,True,2005-04-01,117.43,123.24,4.947628374350677,8.905731073831218,59.02763700956278,108.1156954487452,-45.403267523218936,
2005-11-16,True,2005-04-01,117.43,123.49,5.160521161543041,9.288938090777474,59.23533778410224,108.1156954487452,-45.21115778958833,
2005-11-17,True,2005-04-01,117.43,124.64,6.139827982627932,11.051690368730279,60.190761346983784,108.1156954487452,-44.32745301488752,
2005-11-18,True,2005-04-01,117.43,125.13,6.557097845524984,11.802776121944971,60.597854865081146,108.1156954487452,-43.95091793697152,
2005-11-21,True,2005-04-01,117.43,125.76,7.093587669249768,12.768457804649582,61.12126081692061,108.1156954487452,-43.466801408222366,
2005-11-22,True,2005-04-01,117.43,126.3,7.553436089585275,13.596184961253496,61.569894489925844,108.1156954487452,-43.05184438358026,
2005-11-23,True,2005-04-01,117.43,127.03,8.175083028186991,14.715149450736584,62.17638075158107,108.1156954487452,-42.4908839613789,
2005-11-25,True,2005-04-01,117.43,127.13,8.260240143063946,14.868432257515103,62.25946106139688,108.1156954487452,-42.41404006792664,
2005-11-28,True,2005-04-01,117.43,126.23,7.49382610917142,13.488886996508556,61.5117382730548,108.1156954487452,-43.10563510899683,
2005-11-29,True,2005-04-01,117.43,126.09,7.3746061483436876,13.274291067018638,61.395425839312686,108.1156954487452,-43.21321655982998,
2005-11-30,True,2005-04-01,117.43,125.41,6.795537767180448,12.231967980924807,60.83047973256535,108.1156954487452,-43.73575503530523,
2005-12-01,True,2005-04-01,117.43,126.69,7.885548837605372,14.19398790768967,61.89390769820741,108.1156954487452,-42.75215319911651,
2005-12-02,True,2005-04-01,117.43,126.85,8.021800221408482,14.439240398535267,62.02683619391266,108.1156954487452,-42.62920296959294,
2005-12-05,True,2005-04-01,117.43,126.58,7.791876011240739,14.025376820233332,61.80251935741005,108.1156954487452,-42.836681481913985,
2005-12-06,True,2005-04-01,117.43,126.82,7.996253086945404,14.393255556501728,62.00191210096793,108.1156954487452,-42.6522561376286,
2005-12-07,True,2005-04-01,117.43,126.08,7.366090436855988,13.258962786340778,61.38711780833111,108.1156954487452,-43.2209009491752,
2005-12-08,True,2005-04-01,117.43,126.0,7.297964744954433,13.136336540917979,61.320653560478476,108.1156954487452,-43.28237606393701,
2005-12-09,True,2005-04-01,117.43,126.33,7.578983224048352,13.642169803287034,61.594818582870566,108.1156954487452,-43.0287912155446,
2005-12-12,True,2005-04-01,117.43,126.45,7.681171761900707,13.826109171421272,61.69451495464953,108.1156954487452,-42.93657854340189,
2005-12-13,True,2005-04-01,117.43,127.31,8.413522949842456,15.14434130971642,62.4090056190653,108.1156954487452,-42.27572105971259,
2005-12-14,True,2005-04-01,117.43,127.81,8.839308524227185,15.910755343608933,62.82440716814421,108.1156954487452,-41.891501592451384,
2005-12-15,True,2005-04-01,117.43,127.44,8.524227199182487,15.343608958528478,62.51701002182582,108.1156954487452,-42.17582399822467,
2005-12-16,True,2005-04-01,117.43,126.36,7.604530358511452,13.688154645320614,61.61974267581532,108.1156954487452,-43.00573804750892,
2005-12-19,True,2005-04-01,117.43,125.71,7.0510091118112905,12.691816401260324,61.079720662012704,108.1156954487452,-43.505223354948505,
2005-12-20,True,2005-04-01,117.43,125.83,7.153197649663623,12.875755769394521,61.17941703379165,108.1156954487452,-43.413010682805805,
2005-12-21,True,2005-04-01,117.43,126.03,7.32351187941751,13.18232138295152,61.34557765342321,108.1156954487452,-43.259322895901335,
2005-12-22,True,2005-04-01,117.43,126.69,7.885548837605372,14.19398790768967,61.89390769820741,108.1156954487452,-42.75215319911651,
2005-12-23,True,2005-04-01,117.43,126.76,7.945158818019249,14.301285872434649,61.95206391507847,108.1156954487452,-42.69836247369994,
2005-12-27,True,2005-04-01,117.43,125.47,6.8466320361066035,12.323937664991886,60.88032791845481,108.1156954487452,-43.6896486992339,
2005-12-28,True,2005-04-01,117.43,125.75,7.085071957762068,12.753129523971722,61.11295278593902,108.1156954487452,-43.47448579756761,
2005-12-29,True,2005-04-01,117.43,125.19,6.608192114451161,11.894745806012091,60.64770305097062,108.1156954487452,-43.904811600900175,
2005-12-30,True,2005-04-01,117.43,124.51,6.029123733287922,10.85242271991826,60.082756944223284,108.1156954487452,-44.42735007637542,
2006-01-03,True,2005-04-01,117.43,126.7,7.894064549093072,14.209316188367529,61.902215729188995,108.1156954487452,-42.744468809771284,
2006-01-04,True,2005-04-01,117.43,127.3,8.405007238354756,15.12901302903856,62.4006975880837,108.1156954487452,-42.28340544905783,
2006-01-05,True,2005-04-01,117.43,127.38,8.47313293025631,15.25163927446136,62.46716183593633,108.1156954487452,-42.22193033429603,
2006-01-06,True,2005-04-01,117.43,128.44,9.375798347951969,16.876437026313546,63.34781311998368,108.1156954487452,-41.40738506370224,
2006-01-09,True,2005-04-01,117.43,128.77,9.656816827045912,17.38227028868264,63.62197814237579,108.1156954487452,-41.15380021530982,
2006-01-10,True,2005-04-01,117.43,128.89999,9.76751256067443,17.581522609213973,63.7299742371053,108.1156954487452,-41.05391083821127,
2006-01-11,True,2005-04-01,117.43,129.31,10.116665247381418,18.209997445286554,64.07061181538103,108.1156954487452,-40.73884319066771,
2006-01-12,True,2005-04-01,117.43,128.8,9.682363961508988,17.42825513071618,63.64690223532052,108.1156954487452,-41.130747047274156,
2006-01-13,True,2005-04-01,117.43,128.67999,9.580166907945165,17.244300434301298,63.54719755551059,108.1156954487452,-41.22296740380619,
2006-01-17,True,2005-04-01,117.43,128.33,9.282125521587336,16.707825938857205,63.256424779186325,108.1156954487452,-41.4919133464997,
2006-01-18,True,2005-04-01,117.43,127.82,8.847824235714885,15.926083624286793,62.8327151991258,108.1156954487452,-41.883817203106155,
2006-01-19,True,2005-04-01,117.43,128.31,9.265094098611936,16.677169377501485,63.239808717223156,108.1156954487452,-41.50728212519016,
2006-01-20,True,2005-04-01,117.43,125.97,7.272417610491355,13.09035169888444,61.295729467533754,108.1156954487452,-43.30542923197267,
2006-01-23,True,2005-04-01,117.43,126.42,7.655624627437607,13.780124329387693,61.669590861704776,108.1156954487452,-42.95963171143759,
2006-01-24,True,2005-04-01,117.43,126.55,7.7663288767776395,13.979391978199752,61.777595264465305,108.1156954487452,-42.859734649949665,
2006-01-25,True,2005-04-01,117.43,126.66,7.860001703142294,14.14800306565613,61.868983605262684,108.1156954487452,-42.77520636715217,
2006-01-26,True,2005-04-01,117.43,127.36,8.456101507280934,15.220982713105682,62.45054577397319,108.1156954487452,-42.23729911298647,
2006-01-27,True,2005-04-01,117.43,128.53999,9.46094694711741,17.02970450481134,63.43088512176847,108.1156954487452,-41.330548854639346,
2006-01-30,True,2005-04-01,117.43,128.44,9.375798347951969,16.876437026313546,63.34781311998368,108.1156954487452,-41.40738506370224,
2006-01-31,True,2005-04-01,117.43,127.5,8.575321468108644,15.43557864259556,62.56685820771527,108.1156954487452,-42.12971766215334,
2006-02-01,True,2005-04-01,117.43,128.39,9.33321979051347,16.799795622924247,63.306272965075756,108.1156954487452,-41.445807010428396,
2006-02-02,True,2005-04-01,117.43,126.9,8.064378778846981,14.515881801924566,62.06837634882057,108.1156954487452,-42.5907810228668,
2006-02-03,True,2005-04-01,117.43,126.27,7.527888955122197,13.550200119219955,61.54497039698111,108.1156954487452,-43.07489755161594,
2006-02-06,True,2005-04-01,117.43,126.6,7.808907434216117,14.05603338158901,61.8191354193732,108.1156954487452,-42.82131270322353,
2006-02-07,True,2005-04-01,117.43,125.48,6.8551477475943035,12.339265945669746,60.88863594943639,108.1156954487452,-43.68196430988866,
2006-02-08,True,2005-04-01,117.43,126.62,7.825938857191517,14.08668994294473,61.83575148133637,108.1156954487452,-42.80594392453308,RAW_DECISION
2006-02-09,False,,,126.41,,,61.83575148133637,108.1156954487452,-42.80594392453308,
2006-02-10,False,,,126.64,,,61.83575148133637,108.1156954487452,-42.80594392453308,
2006-02-13,False,,,126.41,,,61.83575148133637,108.1156954487452,-42.80594392453308,
2006-02-14,False,,,127.75,,,61.83575148133637,108.1156954487452,-42.80594392453308,
2006-02-15,False,,,128.2,,,61.83575148133637,108.1156954487452,-42.80594392453308,
2006-02-16,False,,,129.16,,,61.83575148133637,108.1156954487452,-42.80594392453308,
2006-02-17,False,,,128.81,,,61.83575148133637,108.1156954487452,-42.80594392453308,
2006-02-21,False,,,128.49001,,,61.83575148133637,108.1156954487452,-42.80594392453308,
2006-02-22,False,,,129.27,,,61.83575148133637,108.1156954487452,-42.80594392453308,
2006-02-23,False,,,129.08,,,61.83575148133637,108.1156954487452,-42.80594392453308,
2006-02-24,False,,,129.41,,,61.83575148133637,108.1156954487452,-42.80594392453308,
2006-02-27,False,,,129.46001,,,61.83575148133637,108.1156954487452,-42.80594392453308,
2006-02-28,False,,,128.23,,,61.83575148133637,108.1156954487452,-42.80594392453308,
2006-03-01,True,2006-03-01,129.37,129.37,0.0,0.0,61.83575148133637,108.1156954487452,-42.80594392453308,
2006-03-02,True,2006-03-01,129.37,129.36,-0.007729767333997106,-0.013913581201194791,61.82714791384264,108.1156954487452,-42.8139016659674,
2006-03-03,True,2006-03-01,129.37,128.75999,-0.4715235371415494,-0.8487423668547889,61.310925260651224,108.1156954487452,-43.291374109768256,
2006-03-06,True,2006-03-01,129.37,128.17,-0.9275720800804077,-1.6696297441447339,60.80332338208856,108.1156954487452,-43.76087289665189,
2006-03-07,True,2006-03-01,129.37,127.97,-1.0821674267604608,-1.9479013681688295,60.63125203221394,108.1156954487452,-43.92002772533834,
2006-03-08,True,2006-03-01,129.37,128.24001,-0.873455978975024,-1.5722207621550432,60.863556958112206,108.1156954487452,-43.70516074887016,
2006-03-09,True,2006-03-01,129.37,127.38,-1.5382236994666565,-2.7688026590399817,60.12364155008377,108.1156954487452,-44.38953446996343,
2006-03-10,True,2006-03-01,129.37,128.59,-0.6029218520522517,-1.085259333694053,61.16467321682531,108.1156954487452,-43.4266477564103,
2006-03-13,True,2006-03-01,129.37,128.83,-0.4174074360361657,-0.7513333848650983,61.37115883667487,108.1156954487452,-43.23566196198653,
2006-03-14,True,2006-03-01,129.37,130.17999,0.6261034242869279,1.1269861637164702,62.53263184476113,108.1156954487452,-42.16137482609433,
2006-03-15,True,2006-03-01,129.37,130.75999,1.0744299296591153,1.9339738733864076,63.03163875939756,108.1156954487452,-41.69982582290358,
2006-03-16,True,2006-03-01,129.37,131.03,1.283141377444541,2.309654479400174,63.26394368529581,108.1156954487452,-41.48495884643542,
2006-03-17,True,2006-03-01,129.37,130.62,0.9662209167504043,1.7391976501507278,62.911197418052815,108.1156954487452,-41.81122624524267,
2006-03-20,True,2006-03-01,129.37,130.41,0.8038958027363208,1.4470124449253774,62.73052250068443,108.1156954487452,-41.97833881536348,
2006-03-21,True,2006-03-01,129.37,129.59,0.17005488134806956,0.3060987864265252,62.02502996619847,108.1156954487452,-42.63087361297796,
2006-03-22,True,2006-03-01,129.37,130.38,0.7807065007343184,1.405271701321773,62.70471179820324,108.1156954487452,-42.00221203966644,
2006-03-23,True,2006-03-01,129.37,130.11,0.5720027827162522,1.0296050088892539,62.47241547587251,108.1156954487452,-42.21707105839315,
2006-03-24,True,2006-03-01,129.37,130.21001,0.6493081858236049,1.168754734482489,62.5584597543773,108.1156954487452,-42.137485686308494,
2006-03-27,True,2006-03-01,129.37,130.02,0.5024348767102227,0.9043827780784008,62.39498336842893,108.1156954487452,-42.28869073130206,
2006-03-28,True,2006-03-01,129.37,129.22,-0.11594651001005651,-0.20870371801810172,61.706697968930385,108.1156954487452,-42.92531004604794,
2006-03-29,True,2006-03-01,129.37,130.03,0.5101646440442087,0.9182963592795756,62.40358693592265,108.1156954487452,-42.280732989867744,
2006-03-30,True,2006-03-01,129.37,129.8,0.3323799953621531,0.5982839916518756,62.20570488356684,108.1156954487452,-42.463761042857165,
2006-03-31,True,2006-03-01,129.37,129.83,0.35556929736415555,0.64002473525548,62.231515586048026,108.1156954487452,-42.4398878185542,
2006-04-03,True,2006-03-01,129.37,129.73,0.27827162402409567,0.5008889232433722,62.145479911110684,108.1156954487452,-42.51946523289746,
2006-04-04,True,2006-03-01,129.37,130.56,0.9198423127463773,1.6557161629434791,62.85957601309042,108.1156954487452,-41.858972693848614,
2006-04-05,True,2006-03-01,129.37,131.00999,1.2676741130091873,2.281813403416537,63.24672794674084,108.1156954487452,-41.500882287045506,
2006-04-06,True,2006-03-01,129.37,130.87,1.1594651001004763,2.0870371801808574,63.126286605396096,108.1156954487452,-41.612282709384594,
2006-04-07,True,2006-03-01,129.37,129.53999,0.1313983149107134,0.23651696683928414,61.9820035251623,108.1156954487452,-42.670670277891034,
2006-04-10,True,2006-03-01,129.37,129.74001,0.2860091211254634,0.5148164180258341,62.15409208217194,108.1156954487452,-42.511499533721675,
2006-04-11,True,2006-03-01,129.37,128.64,-0.564273015382255,-1.015691427688059,61.20769105429394,108.1156954487452,-43.3868590492387,
2006-04-12,True,2006-03-01,129.37,128.88,-0.37875859936616907,-0.6817654788591043,61.414176674143505,108.1156954487452,-43.195873254814934,
2006-04-13,True,2006-03-01,129.37,128.71001,-0.5101569142768714,-0.9182824456983685,61.26792463031759,108.1156954487452,-43.331146901456975,
2006-04-17,True,2006-03-01,129.37,128.66,-0.5488134807142386,-0.9878642652856295,61.22489818928141,108.1156954487452,-43.370943566370045,
2006-04-18,True,2006-03-01,129.37,130.7,1.0280590554224256,1.850506299760366,62.980025958002656,108.1156954487452,-41.747564313768095,
2006-04-19,True,2006-03-01,129.37,130.95,1.2213032387724976,2.1983458297904956,63.195115145345945,108.1156954487452,-41.54862077791,
2006-04-20,True,2006-03-01,129.37,131.13,1.3604390507845565,2.4487902914122017,63.349979360233114,108.1156954487452,-41.40538143209219,
2006-04-21,True,2006-03-01,129.37,131.14999,1.3758908556852356,2.476603540233424,63.367177891653085,108.1156954487452,-41.38947390696498,
2006-04-24,True,2006-03-01,129.37,130.91,1.190384169436487,2.1426915049856765,63.16070087537101,108.1156954487452,-41.58045174364731,
2006-04-25,True,2006-03-01,129.37,130.37,0.7729767334003323,1.3913581201205982,62.69610823070953,108.1156954487452,-42.01016978110075,
2006-04-26,True,2006-03-01,129.37,130.39999,0.7961583056349975,1.4330849501429954,62.72191032962323,108.1156954487452,-41.986304514539206,
2006-04-27,True,2006-03-01,129.37,131.03,1.283141377444541,2.309654479400174,63.26394368529581,108.1156954487452,-41.48495884643542,
2006-04-28,True,2006-03-01,129.37,131.47,1.6232511401406802,2.9218520522532243,63.642500655019994,108.1156954487452,-41.13481822332518,
2006-05-01,True,2006-03-01,129.37,130.39999,0.7961583056349975,1.4330849501429954,62.72191032962323,108.1156954487452,-41.986304514539206,
2006-05-02,True,2006-03-01,129.37,131.38,1.5536832341346507,2.7966298214423713,63.565068547576416,108.1156954487452,-41.20643789623409,
2006-05-03,True,2006-03-01,129.37,130.89,1.1749246347684705,2.114864342583247,63.14349374038355,108.1156954487452,-41.59636722651595,
2006-05-04,True,2006-03-01,129.37,131.36,1.5382236994666565,2.7688026590399817,63.547861412588965,108.1156954487452,-41.22235337910273,
2006-05-05,True,2006-03-01,129.37,132.52,2.4348767102110314,4.3827780783798564,64.54587524186182,108.1156954487452,-40.299255372721234,
2006-05-08,True,2006-03-01,129.37,132.36,2.3112004328669666,4.16016077916054,64.40821816196211,108.1156954487452,-40.42657923567041,
2006-05-09,True,2006-03-01,129.37,132.62,2.512174383551047,4.521913890391884,64.63191091679913,108.1156954487452,-40.21967795837801,
2006-05-10,True,2006-03-01,129.37,132.55,2.458066012213034,4.424518821983461,64.57168594434302,108.1156954487452,-40.275382148418274,
2006-05-11,True,2006-03-01,129.37,130.95,1.2213032387724976,2.1983458297904956,63.195115145345945,108.1156954487452,-41.54862077791,
2006-05-12,True,2006-03-01,129.37,129.24001,-0.10047924557470278,-0.180862642034465,61.72391370748536,108.1156954487452,-42.90938660543784,
2006-05-15,True,2006-03-01,129.37,129.5,0.1004869753420401,0.18087655561567217,61.947597858754875,108.1156954487452,-42.70249328588688,
2006-05-16,True,2006-03-01,129.37,129.31,-0.046378604004015944,-0.0834814872072287,61.784130076373984,108.1156954487452,-42.85369037313901,
2006-05-17,True,2006-03-01,129.37,126.85,-1.947901368168825,-3.506222462703885,59.667652472916,108.1156954487452,-44.81129476598256,
2006-05-18,True,2006-03-01,129.37,126.21,-2.4426064775450396,-4.396691659581071,59.11702415331717,108.1156954487452,-45.320590217779255,
2006-05-19,True,2006-03-01,129.37,127.1,-1.754657184818742,-3.1583829326737356,59.88274166025929,108.1156954487452,-44.61235123012447,
2006-05-22,True,2006-03-01,129.37,126.13,-2.504444616217061,-4.5080003091907095,59.04819561336733,108.1156954487452,-45.38425214925383,
2006-05-23,True,2006-03-01,129.37,125.17,-3.2465022802813603,-5.843704104506449,58.222253133969105,108.1156954487452,-46.14819532694886,
2006-05-24,True,2006-03-01,129.37,126.17,-2.473525546881039,-4.452345984385871,59.08260988334226,108.1156954487452,-45.35242118351653,
2006-05-25,True,2006-03-01,129.37,127.73,-1.2676818427765357,-2.2818273169977643,60.424766412364384,108.1156954487452,-44.111013519762096,
2006-05-26,True,2006-03-01,129.37,128.38,-0.7652469660663241,-1.3774445389193835,60.983998299456935,108.1156954487452,-43.5937603265311,
2006-05-30,True,2006-03-01,129.37,126.1,-2.5276339182190743,-4.549741052794334,59.022384910886124,108.1156954487452,-45.40812537355681,
2006-05-31,True,2006-03-01,129.37,127.51,-1.4377367241246053,-2.5879261034242895,60.23548792750229,108.1156954487452,-44.286083831317214,
2006-06-01,True,2006-03-01,129.37,128.73,-0.4947051093762145,-0.8904691968771861,61.28512316173754,108.1156954487452,-43.31523937632977,
2006-06-02,True,2006-03-01,129.37,129.03999,-0.25509005178945277,-0.459162093221015,61.55182515047572,108.1156954487452,-43.0685573496072,
2006-06-05,True,2006-03-01,129.37,127.12,-1.7391976501507256,-3.130555770271306,59.899948795246765,108.1156954487452,-44.59643574725581,
2006-06-06,True,2006-03-01,129.37,126.81,-1.9788204375048357,-3.5618767875087043,59.63323820294108,108.1156954487452,-44.843125731719844,
2006-06-07,True,2006-03-01,129.37,125.86,-2.713148334235138,-4.883667001623249,58.81589929103658,108.1156954487452,-45.59911116798055,
2006-06-08,True,2006-03-01,129.37,125.75,-2.798175774909184,-5.036716394836532,58.72126004860553,108.1156954487452,-45.68664632375812,
2006-06-09,True,2006-03-01,129.37,125.35,-3.1073664682693125,-5.593259642884763,58.37711734885626,108.1156954487452,-46.004955981131054,
2006-06-12,True,2006-03-01,129.37,123.99,-4.158614825693752,-7.485506686248753,57.20703216970877,108.1156954487452,-47.08720881619902,
2006-06-13,True,2006-03-01,129.37,122.55,-5.271701321790223,-9.489062379222402,55.96811845061142,108.1156954487452,-48.23312358274158,
2006-06-14,True,2006-03-01,129.37,123.5,-4.53737342505991,-8.167272165107837,56.78545736251592,108.1156954487452,-47.477138146480854,
2006-06-15,True,2006-03-01,129.37,126.12,-2.512174383551058,-4.521913890391905,59.0395920458736,108.1156954487452,-45.39220989068815,
2006-06-16,True,2006-03-01,129.37,124.65,-3.648450181649532,-6.567210326969158,57.77486762429506,108.1156954487452,-46.56199788153367,
2006-06-19,True,2006-03-01,129.37,123.67,-4.405967380381847,-7.9307412846873255,56.93171800990937,108.1156954487452,-47.34185654209736,
2006-06-20,True,2006-03-01,129.37,124.09,-4.081317152353714,-7.346370874236685,57.29306784464609,108.1156954487452,-47.00763140185579,
2006-06-21,True,2006-03-01,129.37,125.01,-3.370178557625414,-6.066321403725746,58.084596054069394,108.1156954487452,-46.27551918989804,
2006-06-22,True,2006-03-01,129.37,124.46,-3.795315760995599,-6.831568369792079,57.61139984191416,108.1156954487452,-46.71319496878582,
2006-06-23,True,2006-03-01,129.37,124.44,-3.8107752956636043,-6.859395532194488,57.59419270692669,108.1156954487452,-46.72911045165446,
2006-06-26,True,2006-03-01,129.37,124.99,-3.3856380922934304,-6.094148566128175,58.06738891908192,108.1156954487452,-46.2914346727667,
2006-06-27,True,2006-03-01,129.37,123.91,-4.2204529643657835,-7.596815335858411,57.13820362975891,108.1156954487452,-47.150870747673615,
2006-06-28,True,2006-03-01,129.37,124.75,-3.5711525083095053,-6.4280745149571095,57.860903299232376,108.1156954487452,-46.482420467190444,
2006-06-29,True,2006-03-01,129.37,127.27,-1.6232511401406913,-2.9218520522532443,60.02900230765272,108.1156954487452,-44.47706962574098,
2006-06-30,True,2006-03-01,129.37,127.28,-1.615521372806683,-2.9079384710520295,60.03760587514646,108.1156954487452,-44.469111884306656,
2006-07-03,True,2006-03-01,129.37,127.8,-1.2135734714385116,-2.184432248589321,60.48499138482051,108.1156954487452,-44.05530932972184,
2006-07-05,True,2006-03-01,129.37,127.07,-1.7778464868207555,-3.20012367627736,59.8569309577781,108.1156954487452,-44.63622445442744,
2006-07-06,True,2006-03-01,129.37,127.44,-1.4918450954626294,-2.685321171832733,60.175262955046165,108.1156954487452,-44.34178802135749,RAW_DECISION
2006-07-07,False,,,126.61,,,60.175262955046165,108.1156954487452,-44.34178802135749,
2006-07-10,False,,,126.85,,,60.175262955046165,108.1156954487452,-44.34178802135749,
2006-07-11,False,,,127.41,,,60.175262955046165,108.1156954487452,-44.34178802135749,
2006-07-12,False,,,126.05,,,60.175262955046165,108.1156954487452,-44.34178802135749,
2006-07-13,False,,,124.0,,,60.175262955046165,108.1156954487452,-44.34178802135749,
2006-07-14,False,,,123.52,,,60.175262955046165,108.1156954487452,-44.34178802135749,
2006-07-17,False,,,123.34,,,60.175262955046165,108.1156954487452,-44.34178802135749,
2006-07-18,False,,,123.97,,,60.175262955046165,108.1156954487452,-44.34178802135749,
2006-07-19,False,,,125.69,,,60.175262955046165,108.1156954487452,-44.34178802135749,
2006-07-20,False,,,124.83,,,60.175262955046165,108.1156954487452,-44.34178802135749,
2006-07-21,False,,,123.95,,,60.175262955046165,108.1156954487452,-44.34178802135749,
2006-07-24,False,,,126.21,,,60.175262955046165,108.1156954487452,-44.34178802135749,
2006-07-25,False,,,126.66,,,60.175262955046165,108.1156954487452,-44.34178802135749,
2006-07-26,False,,,126.83,,,60.175262955046165,108.1156954487452,-44.34178802135749,
2006-07-27,False,,,126.71,,,60.175262955046165,108.1156954487452,-44.34178802135749,
2006-07-28,False,,,127.98,,,60.175262955046165,108.1156954487452,-44.34178802135749,
2006-07-31,False,,,127.85,,,60.175262955046165,108.1156954487452,-44.34178802135749,
2006-08-01,True,2006-08-01,127.22,127.22,0.0,0.0,60.175262955046165,108.1156954487452,-44.34178802135749,
2006-08-02,True,2006-08-01,127.22,128.08,0.6759943405125091,1.2167898129225163,60.90746942458251,108.1156954487452,-43.66454456794654,
2006-08-03,True,2006-08-01,127.22,128.42,0.9432479169941832,1.6978462505895298,61.196946400910804,108.1156954487452,-43.396797156132926,
2006-08-04,True,2006-08-01,127.22,128.2,0.7703191322119052,1.3865744379814293,61.00963776916894,108.1156954487452,-43.57004548142412,
2006-08-07,True,2006-08-01,127.22,127.95,0.5738091495048003,1.0328564691086406,60.796787051280496,108.1156954487452,-43.76691857834587,
2006-08-08,True,2006-08-01,127.22,127.41,0.1493475868574068,0.2688256563433322,60.3370295006414,108.1156954487452,-44.19216446769693,
2006-08-09,True,2006-08-01,127.22,126.98,-0.18864958339883664,-0.33956925011790595,59.97092626587323,108.1156954487452,-44.530786194402395,
2006-08-10,True,2006-08-01,127.22,127.37,0.11790598962426735,0.21223078132368123,60.30297338577924,108.1156954487452,-44.22366416320441,
2006-08-11,True,2006-08-01,127.22,127.01,-0.1650683854739765,-0.2971230938531577,59.99646835201986,108.1156954487452,-44.507161422771766,
2006-08-14,True,2006-08-01,127.22,127.11,-0.08646439239112791,-0.15563590630403024,60.08160863917524,108.1156954487452,-44.428412184003065,
2006-08-15,True,2006-08-01,127.22,128.63,1.1083163024681708,1.9949693444427075,61.37574100393712,108.1156954487452,-43.23142375471862,
2006-08-16,True,2006-08-01,127.22,129.7,1.9493790284546453,3.5088822512183615,62.28674207649976,108.1156954487452,-42.388806899893396,
2006-08-17,True,2006-08-01,127.22,130.03,2.208772205628051,3.975789970130492,62.567705024112534,108.1156954487452,-42.128934411956656,
2006-08-18,True,2006-08-01,127.22,130.69,2.727558559974841,4.909605407954714,63.12963091933808,108.1156954487452,-41.60918943608315,
2006-08-21,True,2006-08-01,127.22,130.13,2.2873761987108887,4.1172771576796,62.65284531126792,108.1156954487452,-42.050185173187934,
2006-08-22,True,2006-08-01,127.22,130.12,2.2795157994026205,4.103128438924717,62.644331282552386,108.1156954487452,-42.05806009706481,
2006-08-23,True,2006-08-01,127.22,129.75999,1.9965335639050341,3.5937604150290614,62.33781773476426,108.1156954487452,-42.34156523155607,
2006-08-24,True,2006-08-01,127.22,129.64999,1.9100691715139062,3.438124508725031,62.244163418893336,108.1156954487452,-42.428189394201645,
2006-08-25,True,2006-08-01,127.22,129.81,2.035843420845773,3.6645181575223917,62.380396392370685,108.1156954487452,-42.30218273724782,
2006-08-28,True,2006-08-01,127.22,130.42999,2.5231803175601364,4.5417245716082455,62.90825765870537,108.1156954487452,-41.81394533180567,
2006-08-29,True,2006-08-01,127.22,130.58,2.641094167583713,4.753969501650683,63.035976603467155,108.1156954487452,-41.69581359872873,
2006-08-30,True,2006-08-01,127.22,130.66,2.703977362049992,4.867159251689985,63.104088833191476,108.1156954487452,-41.63281420771375,
2006-08-31,True,2006-08-01,127.22,130.64,2.688256563433411,4.83886181418014,63.08706077576038,108.1156954487452,-41.64856405546752,
2006-09-01,True,2006-08-01,127.22,131.42,3.301367709479641,5.942461877063354,63.75115501557241,108.1156954487452,-41.03431999307154,
2006-09-05,True,2006-08-01,127.22,131.67,3.497877692186746,6.296179845936143,63.96400573346085,108.1156954487452,-40.837446896149785,
2006-09-06,True,2006-08-01,127.22,130.50999,2.586063512026393,4.6549143216475075,62.97636988842966,108.1156954487452,-41.750945940790714,
2006-09-07,True,2006-08-01,127.22,129.91,2.114447413928633,3.806005345071539,62.465536679526075,108.1156954487452,-42.2234334984791,
2006-09-08,True,2006-08-01,127.22,130.28,2.4052821883351783,4.329507939003321,62.78055574200102,108.1156954487452,-41.93206131503485,
2006-09-11,True,2006-08-01,127.22,130.41,2.507467379342865,4.513441282817157,62.891238115303004,108.1156954487452,-41.82968730463554,
2006-09-12,True,2006-08-01,127.22,131.69,3.513598490803327,6.324477283445988,63.98103379089195,108.1156954487452,-40.82169704839602,
2006-09-13,True,2006-08-01,127.22,132.22,3.93019965414243,7.074359377456374,64.4322773128155,108.1156954487452,-40.40432608292184,
2006-09-14,True,2006-08-01,127.22,132.23,3.938060053450698,7.088508096211257,64.44079134153102,108.1156954487452,-40.396451159044986,
2006-09-15,True,2006-08-01,127.22,131.96001,3.725837132526344,6.706506838547419,64.21092108024023,108.1156954487452,-40.60906622879661,
2006-09-18,True,2006-08-01,127.22,132.14,3.867316459676151,6.961169627417072,64.3641650830912,108.1156954487452,-40.46732547393681,
2006-09-19,True,2006-08-01,127.22,131.81,3.607923282502745,6.494261908504941,64.08320213547842,108.1156954487452,-40.727197961873564,
2006-09-20,True,2006-08-01,127.22,132.50999,4.158143373683365,7.484658072630057,64.67917563153739,108.1156954487452,-40.17596116541646,
2006-09-21,True,2006-08-01,127.22,131.87,3.6550856783524655,6.579154221034438,64.13428630777166,108.1156954487452,-40.67994841861232,
2006-09-22,True,2006-08-01,127.22,131.47,3.340669706021071,6.013205470837928,63.79372515915011,108.1156954487452,-40.99494537368719,
2006-09-25,True,2006-08-01,127.22,132.48,4.134570036157825,7.4422260650840855,64.6536420594195,108.1156954487452,-40.199578062123194,
2006-09-26,True,2006-08-01,127.22,133.58,4.999213960069193,8.998585128124548,65.5901852181288,108.1156954487452,-39.33333643566731,
2006-09-27,True,2006-08-01,127.22,133.74001,5.124988209401038,9.22497877692187,65.7264181916061,108.1156954487452,-39.20732977871353,
2006-09-28,True,2006-08-01,127.22,133.69,5.085678352460299,9.154221034428538,65.68383953399969,108.1156954487452,-39.246712273021764,
2006-09-29,True,2006-08-01,127.22,133.58,4.999213960069193,8.998585128124548,65.5901852181288,108.1156954487452,-39.33333643566731,
2006-10-02,True,2006-08-01,127.22,133.08,4.606193994654939,8.29114919037889,65.16448378235185,108.1156954487452,-39.72708262951089,
2006-10-03,True,2006-08-01,127.22,133.36,4.826285175286915,8.687313315516448,65.40287658638692,108.1156954487452,-39.50658476095851,
2006-10-04,True,2006-08-01,127.22,134.92,6.052507467379331,10.894513441282797,66.73106506601094,108.1156954487452,-38.278096636166595,
2006-10-05,True,2006-08-01,127.22,135.17999,6.256869988995439,11.262365980191792,66.95242129858623,108.1156954487452,-38.07335649029182,
2006-10-06,True,2006-08-01,127.22,135.00999,6.123243200754591,11.021837761358265,66.80768281042207,108.1156954487452,-38.20723019619864,
2006-10-09,True,2006-08-01,127.22,135.09,6.186134255620179,11.135041660116324,66.87580355417509,108.1156954487452,-38.14422293025979,
2006-10-10,True,2006-08-01,127.22,135.27,6.327621443169318,11.389718597704773,67.02905607105481,108.1156954487452,-38.00247430047609,
2006-10-11,True,2006-08-01,127.22,135.11,6.20185505423676,11.163339097626169,66.89283161160618,108.1156954487452,-38.128473082506034,
2006-10-12,True,2006-08-01,127.22,136.28,7.121521773306094,12.81873919195097,67.88897297132422,108.1156954487452,-37.20710698891209,
2006-10-13,True,2006-08-01,127.22,136.63,7.396635749096059,13.313944348372907,68.18696397636806,108.1156954487452,-36.9314846532216,
2006-10-16,True,2006-08-01,127.22,136.84,7.561704134570046,13.611067442226084,68.3657585793944,108.1156954487452,-36.76611125180729,
2006-10-17,True,2006-08-01,127.22,136.41,7.223706964313781,13.002672535764805,67.9996553446262,108.1156954487452,-37.10473297851278,
2006-10-18,True,2006-08-01,127.22,136.59,7.365194151862919,13.257349473353255,68.15290786150592,108.1156954487452,-36.962984348729066,
2006-10-19,True,2006-08-01,127.22,136.81,7.538122936645175,13.568621285961315,68.34021649324775,108.1156954487452,-36.789736023437925,
2006-10-20,True,2006-08-01,127.22,136.84,7.561704134570046,13.611067442226084,68.3657585793944,108.1156954487452,-36.76611125180729,
2006-10-23,True,2006-08-01,127.22,137.47,8.056909290991987,14.502436723785577,68.90214238847331,108.1156954487452,-36.26999104756442,
2006-10-24,True,2006-08-01,127.22,137.88,8.379185662631649,15.082534192736968,69.25121756581039,108.1156954487452,-35.947119168612694,
2006-10-25,True,2006-08-01,127.22,138.35001,8.748632290520364,15.747538122936655,69.65138542946944,108.1156954487452,-35.57698987147585,
2006-10-26,True,2006-08-01,127.22,138.78,9.086621600377299,16.355918880679138,70.01748015020888,108.1156954487452,-35.23837601969427,
2006-10-27,True,2006-08-01,127.22,137.91,8.402766860556522,15.12498034900174,69.27675965195702,108.1156954487452,-35.92349439698207,
2006-10-30,True,2006-08-01,127.22,137.81,8.32416286747366,14.98349316145259,69.19161936480162,108.1156954487452,-36.00224363575079,
2006-10-31,True,2006-08-01,127.22,137.79,8.308442068857103,14.955195723942785,69.17459130737056,108.1156954487452,-36.01799348350452,
2006-11-01,True,2006-08-01,127.22,136.86,7.577424933186627,13.639364879735929,68.38278663682549,108.1156954487452,-36.750361404053535,
2006-11-02,True,2006-08-01,127.22,136.78,7.514541738720326,13.526175129696588,68.31467440710114,108.1156954487452,-36.81336079506854,
2006-11-03,True,2006-08-01,127.22,136.54,7.3258921553214895,13.186605879578682,68.1103377179282,108.1156954487452,-37.00235896811345,
2006-11-06,True,2006-08-01,127.22,138.08,8.536393648797368,15.365508567835263,69.42149814012119,108.1156954487452,-35.78962069107525,
2006-11-07,True,2006-08-01,127.22,138.61,8.952994812136472,16.11539066184565,69.87274166204473,108.1156954487452,-35.37224972560108,
2006-11-08,True,2006-08-01,127.22,138.91,9.188806791385007,16.539852224493014,70.12816252351088,108.1156954487452,-35.13600200929494,
2006-11-09,True,2006-08-01,127.22,138.18,8.614997641880207,15.506995755384372,69.50663842727656,108.1156954487452,-35.71087145230655,
2006-11-10,True,2006-08-01,127.22,138.24,8.662160037729926,15.591888067913867,69.5577225995698,108.1156954487452,-35.66362190904532,
2006-11-13,True,2006-08-01,127.22,138.58,8.929413614211622,16.07294450558092,69.84719957589813,108.1156954487452,-35.395874497231674,
2006-11-14,True,2006-08-01,127.22,139.62,9.746895142273226,17.54441125609181,70.73265856231413,108.1156954487452,-34.57688241403708,
2006-11-15,True,2006-08-01,127.22,140.02,10.06131111460462,18.110360006288317,71.07321971093567,108.1156954487452,-34.26188545896224,
2006-11-16,True,2006-08-01,127.22,140.38,10.344285489702877,18.619713881465177,71.37972474469507,108.1156954487452,-33.97838819939487,
2006-11-17,True,2006-08-01,127.22,140.42,10.375727086936015,18.67630875648483,71.41378085955722,108.1156954487452,-33.946888503887386,
2006-11-20,True,2006-08-01,127.22,140.5,10.438610281402294,18.78949850652413,71.48189308928154,108.1156954487452,-33.8838891128724,
2006-11-21,True,2006-08-01,127.22,140.64,10.548655871718271,18.987580569092888,71.60108949129906,108.1156954487452,-33.77364017859622,
2006-11-22,True,2006-08-01,127.22,140.92,10.768747052350246,19.383744694230444,71.83948229533415,108.1156954487452,-33.553142310043825,
2006-11-24,True,2006-08-01,127.22,140.35,10.320704291778027,18.57726772520045,71.35418265854847,108.1156954487452,-34.002012971025465,
2006-11-27,True,2006-08-01,127.22,138.42,8.803647225279043,15.846565005502278,69.71097511644949,108.1156954487452,-35.52187327926164,
2006-11-28,True,2006-08-01,127.22,139.02,9.275271183776134,16.69548813079704,70.2218168393818,108.1156954487452,-35.049377846649364,
2006-11-29,True,2006-08-01,127.22,140.47,10.415029083477446,18.747052350259402,71.45635100313491,108.1156954487452,-33.907513884503025,
2006-11-30,True,2006-08-01,127.22,140.53,10.462191479327142,18.831944662788857,71.50743517542814,108.1156954487452,-33.86026434124181,
2006-12-01,True,2006-08-01,127.22,140.22,10.218519100770319,18.393334381386573,71.24350028524645,108.1156954487452,-34.1043869814248,
2006-12-04,True,2006-08-01,127.22,141.29,11.059581826756792,19.907247288162228,72.15450135780908,108.1156954487452,-33.261770126599586,
2006-12-05,True,2006-08-01,127.22,141.9,11.539066184562174,20.770319132211913,72.67385710945695,108.1156954487452,-32.78139977011043,
2006-12-06,True,2006-08-01,127.22,141.78,11.444741392862756,20.60053450715296,72.57168876487049,108.1156954487452,-32.87589885663288,
2006-12-07,True,2006-08-01,127.22,141.16,10.957396635749085,19.72331394434835,72.04381898450707,108.1156954487452,-33.36414413699892,
2006-12-08,True,2006-08-01,127.22,141.42,11.1617670177645,20.0911806319761,72.2651837311111,108.1156954487452,-33.15939611620025,
2006-12-11,True,2006-08-01,127.22,141.83,11.484043389404185,20.671278100927534,72.61425890844818,108.1156954487452,-32.83652423724853,
2006-12-12,True,2006-08-01,127.22,141.72,11.397578997013058,20.515642194623506,72.52060459257726,108.1156954487452,-32.92314839989411,
2006-12-13,True,2006-08-01,127.22,141.87,11.515484986637325,20.727872975947186,72.64831502331033,108.1156954487452,-32.80502454174105,
2006-12-14,True,2006-08-01,127.22,143.12,12.49803490017294,22.49646282031129,73.71256861275268,108.1156954487452,-31.82065905713213,
2006-12-15,True,2006-08-01,127.22,142.34,11.884923754126708,21.392862757428077,73.04847437294065,108.1156954487452,-32.4349031195281,
2006-12-18,True,2006-08-01,127.22,141.95,11.578368181103581,20.841062725986447,72.71642725303462,108.1156954487452,-32.74202515072609,
2006-12-19,True,2006-08-01,127.22,142.22,11.790598962427289,21.22307813236912,72.94630602835419,108.1156954487452,-32.52940220605055,
2006-12-20,True,2006-08-01,127.22,142.14,11.727715767961012,21.10988838232982,72.87819379862987,108.1156954487452,-32.59240159706553,
2006-12-21,True,2006-08-01,127.22,141.62,11.318975003930198,20.374155007074357,72.43546430542186,108.1156954487452,-33.00189763866284,
2006-12-22,True,2006-08-01,127.22,140.75,10.635120264109421,19.143216475396958,71.69474380717001,108.1156954487452,-33.68701601595061,
2006-12-26,True,2006-08-01,127.22,141.58,11.287533406697081,20.317560132054748,72.40140819055974,108.1156954487452,-33.03339733417029,
2006-12-27,True,2006-08-01,127.22,142.51,12.018550542367556,21.6333909762616,73.19321286110481,108.1156954487452,-32.30102941362127,
2006-12-28,True,2006-08-01,127.22,142.21,11.782738563119022,21.20892941361424,72.93779199963866,108.1156954487452,-32.53727712992741,
2006-12-29,True,2006-08-01,127.22,141.62,11.318975003930198,20.374155007074357,72.43546430542186,108.1156954487452,-33.00189763866284,
2007-01-03,True,2006-08-01,127.22,141.37,11.122465021223093,20.020437038201568,72.22261358753342,108.1156954487452,-33.198770735584596,
2007-01-04,True,2006-08-01,127.22,141.67,11.358277000471606,20.44489860084889,72.47803444899954,108.1156954487452,-32.96252301927849,
2007-01-05,True,2006-08-01,127.22,140.54,10.470051878635434,18.84609338154378,71.51594920414368,108.1156954487452,-33.85238941736494,
2007-01-08,True,2006-08-01,127.22,141.19,10.980977833673954,19.765760100613118,72.06936107065371,108.1156954487452,-33.34051936536828,
2007-01-09,True,2006-08-01,127.22,141.07,10.886653041974537,19.595975475554166,71.96719272606724,108.1156954487452,-33.43501845189074,
2007-01-10,True,2006-08-01,127.22,141.54,11.25609180946392,20.260965257035057,72.36735207569755,108.1156954487452,-33.064897029677795,
2007-01-11,True,2006-08-01,127.22,142.16,11.74343656657757,21.138185819839627,72.89522185606093,108.1156954487452,-32.5766517493118,
2007-01-12,True,2006-08-01,127.22,143.24,12.592359691872357,22.666247445370242,73.81473695733915,108.1156954487452,-31.726159970609658,
2007-01-16,True,2006-08-01,127.22,142.96,12.372268511240382,22.270083320232686,73.57634415330405,108.1156954487452,-31.946657839162075,
2007-01-17,True,2006-08-01,127.22,143.02,12.419430907090078,22.35497563276214,73.62742832559728,108.1156954487452,-31.899408295900844,
2007-01-18,True,2006-08-01,127.22,142.54,12.042131740292405,21.67583713252633,73.21875494725141,108.1156954487452,-32.27740464199068,
2007-01-19,True,2006-08-01,127.22,142.82,12.262222920924382,22.07200125766389,73.4571477512865,108.1156954487452,-32.05690677343828,
2007-01-22,True,2006-08-01,127.22,142.38,11.916365351359847,21.449457632447725,73.0825304878028,108.1156954487452,-32.40340342402062,
2007-01-23,True,2006-08-01,127.22,142.93,12.348687313315532,22.22763716396796,73.55080206715745,108.1156954487452,-31.970282610792676,
2007-01-24,True,2006-08-01,127.22,143.99,13.181889639993717,23.72740135198869,74.45328911100454,108.1156954487452,-31.135540679844333,
2007-01-25,True,2006-08-01,127.22,142.28,11.83776135827701,21.30797044489862,72.99739020064743,108.1156954487452,-32.48215266278931,
2007-01-26,True,2006-08-01,127.22,142.13,11.71985536865272,21.095739663574896,72.86967976991433,108.1156954487452,-32.600276520942394,
2007-01-29,True,2006-08-01,127.22,141.95,11.578368181103581,20.841062725986447,72.71642725303462,108.1156954487452,-32.74202515072609,
2007-01-30,True,2006-08-01,127.22,142.86,12.293664518157543,22.12859613268358,73.4912038661487,108.1156954487452,-32.02540707793076,
2007-01-31,True,2006-08-01,127.22,143.75,12.993240056594878,23.38783210187078,74.24895242183162,108.1156954487452,-31.324538852889226,
2007-02-01,True,2006-08-01,127.22,144.54,13.614211601949378,24.50558088350888,74.92156069035916,108.1156954487452,-30.702419866616417,
2007-02-02,True,2006-08-01,127.22,144.81,13.826442383273063,24.887596289891516,75.1514394656787,108.1156954487452,-30.489796921940883,
2007-02-05,True,2006-08-01,127.22,144.85,13.857883980506202,24.944191164911164,75.18549558054085,108.1156954487452,-30.458297226433416,
2007-02-06,True,2006-08-01,127.22,144.82,13.834302782581354,24.901745008646436,75.15995349439424,108.1156954487452,-30.48192199806401,
2007-02-07,True,2006-08-01,127.22,145.19,14.125137556987898,25.425247602578217,75.47497255686919,108.1156954487452,-30.19054981461976,
2007-02-08,True,2006-08-01,127.22,145.03,13.99937116805534,25.198868102499613,75.33874809742056,108.1156954487452,-30.316548596649707,
2007-02-09,True,2006-08-01,127.22,143.94,13.142587643452286,23.656657758214116,74.41071896742683,108.1156954487452,-31.17491529922869,
2007-02-12,True,2006-08-01,127.22,143.5,12.796730073887751,23.034114132997953,74.03610170394315,108.1156954487452,-31.521411949811018,
2007-02-13,True,2006-08-01,127.22,144.66,13.708536393648796,24.675365508567833,75.02372903494563,108.1156954487452,-30.607920780093945,
2007-02-14,True,2006-08-01,127.22,145.67,14.50243672378555,26.10438610281399,75.883645935215,108.1156954487452,-29.812553468529977,
2007-02-15,True,2006-08-01,127.22,145.72,14.541738720327002,26.175129696588606,75.92621607879273,108.1156954487452,-29.773178849145587,
2007-02-16,True,2006-08-01,127.22,145.72,14.541738720327002,26.175129696588606,75.92621607879273,108.1156954487452,-29.773178849145587,
2007-02-20,True,2006-08-01,127.22,146.07,14.816852696116968,26.67033485301054,76.22420708383657,108.1156954487452,-29.497556513455102,
2007-02-21,True,2006-08-01,127.22,145.98,14.746109102342398,26.542996384216316,76.14758082539673,108.1156954487452,-29.568430828346948,
2007-02-22,True,2006-08-01,127.22,145.88,14.667505109259537,26.401509196667167,76.06244053824133,108.1156954487452,-29.647180067115663,
2007-02-23,True,2006-08-01,127.22,145.34,14.243043546612167,25.6374783839019,75.60268298760226,108.1156954487452,-30.0724259564667,
2007-02-26,True,2006-08-01,127.22,145.17,14.109416758371317,25.39695016506837,75.45794449943809,108.1156954487452,-30.206299662373524,
2007-02-27,True,2006-08-01,127.22,139.5,9.652570350573807,17.374626631032854,70.63049021772767,108.1156954487452,-34.67138150055954,
2007-02-28,True,2006-08-01,127.22,140.93,10.77660745165856,19.397893412985407,71.84799632404972,108.1156954487452,-33.54526738616692,
2007-03-01,True,2006-08-01,127.22,140.51,10.446470680710584,18.803647225279054,71.49040711799708,108.1156954487452,-33.876014188995526,
2007-03-02,True,2006-08-01,127.22,138.67,9.000157207986149,16.200282974375067,69.92382583433793,108.1156954487452,-35.32500018233987,
2007-03-05,True,2006-08-01,127.22,137.35,7.962584499292569,14.332652098726625,68.79997404388686,108.1156954487452,-36.36449013408686,
2007-03-06,True,2006-08-01,127.22,139.7,9.809778336739505,17.65760100613111,70.80077079203845,108.1156954487452,-34.51388302302211,
2007-03-07,True,2006-08-01,127.22,139.56,9.699732746423528,17.45951894356235,70.6815743900209,108.1156954487452,-34.62413195729831,
2007-03-08,True,2006-08-01,127.22,140.74,10.62725986480113,19.129067756642037,71.68622977845446,108.1156954487452,-33.6948909398275,
2007-03-09,True,2006-08-01,127.22,140.78,10.65870146203427,19.185662631661685,71.72028589331661,108.1156954487452,-33.66339124432002,
2007-03-12,True,2006-08-01,127.22,140.96,10.800188649583408,19.440339569250135,71.87353841019632,108.1156954487452,-33.521642614536326,
2007-03-13,True,2006-08-01,127.22,138.25,8.670020437038195,15.606036786668751,69.56623662828532,108.1156954487452,-35.655746985168456,
2007-03-14,True,2006-08-01,127.22,139.28,9.479641565791553,17.063354818424795,70.44318158598583,108.1156954487452,-34.844629825850696,
2007-03-15,True,2006-08-01,127.22,139.47,9.628989152648959,17.332180474768126,70.60494813158105,108.1156954487452,-34.69500627219014,
2007-03-16,True,2006-08-01,127.22,138.44,8.819368023895624,15.874862443012123,69.72800317388058,108.1156954487452,-35.50612343150789,
2007-03-19,True,2006-08-01,127.22,140.2,10.202798302153738,18.365036943876728,71.22647222781535,108.1156954487452,-34.12013682917857,
2007-03-20,True,2006-08-01,127.22,140.97,10.808049048891677,19.45448828800502,71.88205243891184,108.1156954487452,-33.51376769065947,
2007-03-21,True,2006-08-01,127.22,143.29,12.631661688413764,22.736991039144776,73.85730710091681,108.1156954487452,-31.686785351225332,
2007-03-22,True,2006-08-01,127.22,143.18,12.545197296022636,22.581355132840745,73.76365278504589,108.1156954487452,-31.77340951387091,
2007-03-23,True,2006-08-01,127.22,143.39,12.710265681496601,22.878478226693883,73.9424473880722,108.1156954487452,-31.608036112456627,
2007-03-26,True,2006-08-01,127.22,143.2,12.560918094639195,22.60965257035055,73.78068084247695,108.1156954487452,-31.75765966611719,
2007-03-27,True,2006-08-01,127.22,142.86,12.293664518157543,22.12859613268358,73.4912038661487,108.1156954487452,-32.02540707793076,
2007-03-28,True,2006-08-01,127.22,141.82,11.476182990095896,20.657129382172613,72.60574487973264,108.1156954487452,-32.8443991611254,
2007-03-29,True,2006-08-01,127.22,141.97,11.594088979720162,20.869360163496292,72.73345531046571,108.1156954487452,-32.72627530297233,
2007-03-30,True,2006-08-01,127.22,142.0,11.617670177645035,20.911806319761062,72.75899739661234,108.1156954487452,-32.7026505313417,
2007-04-02,True,2006-08-01,127.22,142.16,11.74343656657757,21.138185819839627,72.89522185606093,108.1156954487452,-32.5766517493118,
2007-04-03,True,2006-08-01,127.22,143.69,12.946077660745159,23.302939789341288,74.19786824953836,108.1156954487452,-31.371788396150478,
2007-04-04,True,2006-08-01,127.22,143.85,13.071844049677717,23.52931928941989,74.33409270898697,108.1156954487452,-31.245789614120547,
2007-04-05,True,2006-08-01,127.22,144.24,13.378399622700844,24.081119320861518,74.66613982889301,108.1156954487452,-30.93866758292254,
2007-04-09,True,2006-08-01,127.22,144.44,13.53560760886654,24.364093695959774,74.83642040320379,108.1156954487452,-30.78116910538511,
2007-04-10,True,2006-08-01,127.22,144.61,13.669234397107388,24.6046219147933,74.98115889136794,108.1156954487452,-30.647295399478303,
2007-04-11,True,2006-08-01,127.22,144.02,13.205470837918565,23.769847508253417,74.47883119715115,108.1156954487452,-31.111915908213717,
2007-04-12,True,2006-08-01,127.22,144.66,13.708536393648796,24.675365508567833,75.02372903494563,108.1156954487452,-30.607920780093945,
2007-04-13,True,2006-08-01,127.22,145.32,14.227322747995586,25.609180946392055,75.58565493017117,108.1156954487452,-30.08817580422045,
2007-04-16,True,2006-08-01,127.22,146.7,15.312057852538906,27.561704134570032,76.76059089291552,108.1156954487452,-29.001436309212213,
2007-04-17,True,2006-08-01,127.22,147.09,15.61861342556201,28.11350416601162,77.09263801282151,108.1156954487452,-28.694314278014243,
2007-04-18,True,2006-08-01,127.22,147.27,15.760100613111149,28.36818110360007,77.24589052970123,108.1156954487452,-28.552565648230544,
2007-04-19,True,2006-08-01,127.22,147.23,15.72865901587801,28.31158622858042,77.21183441483906,108.1156954487452,-28.58406534373804,
2007-04-20,True,2006-08-01,127.22,148.62,16.8212545197296,30.27825813551328,78.39528440629894,108.1156954487452,-27.48945092485292,
2007-04-23,True,2006-08-01,127.22,148.06,16.38107215846565,29.485929885238168,77.91849879822878,108.1156954487452,-27.93044666195771,
2007-04-24,True,2006-08-01,127.22,148.12,16.428234554315367,29.57082219776766,77.96958297052201,108.1156954487452,-27.88319711869649,
2007-04-25,True,2006-08-01,127.22,149.48,17.497248860242088,31.495047948435758,79.12749087583526,108.1156954487452,-26.812207471441994,
2007-04-26,True,2006-08-01,127.22,149.65,17.630875648482956,31.735576167269322,79.27222936399944,108.1156954487452,-26.678333765535168,
2007-04-27,True,2006-08-01,127.22,149.53,17.536550856783517,31.56579154221033,79.17006101941296,108.1156954487452,-26.772832852057636,
2007-04-30,True,2006-08-01,127.22,148.29,16.561861342556195,29.81135041660115,78.11432145868615,108.1156954487452,-27.749323412789696,
2007-05-01,True,2006-08-01,127.22,148.215,16.50290834774406,29.70523502593931,78.05046624331962,108.1156954487452,-27.808385341866217,
2007-05-02,True,2006-08-01,127.22,149.54,17.544411256091806,31.57994026096525,79.1785750481285,108.1156954487452,-26.764957928180777,
2007-05-03,True,2006-08-01,127.22,150.35,18.181103600062887,32.7259864801132,79.86821137408714,108.1156954487452,-26.127089094154186,
2007-05-04,True,2006-08-01,127.22,150.92,18.629146360635108,33.532463449143194,80.35351101087284,108.1156954487452,-25.67821843317253,
2007-05-07,True,2006-08-01,127.22,150.95,18.652727558559956,33.574909605407925,80.37905309701944,108.1156954487452,-25.654593661541924,
2007-05-08,True,2006-08-01,127.22,150.75,18.49551957239428,33.291935230309704,80.20877252270868,108.1156954487452,-25.812092139079333,
2007-05-09,True,2006-08-01,127.22,151.16,18.817795944033968,33.87203269926114,80.55784770004577,108.1156954487452,-25.48922026012761,
2007-05-10,True,2006-08-01,127.22,149.58,17.575852853324967,31.636535135984943,79.21263116299068,108.1156954487452,-26.733458232673257,
2007-05-11,True,2006-08-01,127.22,150.86,18.58198396478543,33.447571136613774,80.30242683857963,108.1156954487452,-25.725467976433723,
2007-05-14,True,2006-08-01,127.22,150.53,18.322590787612004,32.98066341770161,80.02146389096683,108.1156954487452,-25.98534046437051,
2007-05-15,True,2006-08-01,127.22,150.57,18.35403238484514,33.037258292721255,80.05552000582898,108.1156954487452,-25.953840768863024,
2007-05-16,True,2006-08-01,127.22,151.6,19.163653513598476,34.49457632447726,80.93246496352945,108.1156954487452,-25.142723609545293,
2007-05-17,True,2006-08-01,127.22,151.3,18.927841534349966,34.07011476182994,80.67704410206333,108.1156954487452,-25.378971325851396,
2007-05-18,True,2006-08-01,127.22,152.62,19.965414243043544,35.93774563747838,81.80089589251442,108.1156954487452,-24.3394813741044,
2007-05-21,True,2006-08-01,127.22,152.54,19.902531048577266,35.82455588743908,81.73278366279011,108.1156954487452,-24.40248076511937,
2007-05-22,True,2006-08-01,127.22,152.42,19.808206256877845,35.65477126238012,81.63061531820364,108.1156954487452,-24.496979851641832,
2007-05-23,True,2006-08-01,127.22,152.44,19.82392705549443,35.68306869988997,81.64764337563473,108.1156954487452,-24.481230003888076,
2007-05-24,True,2006-08-01,127.22,151.06,18.739191950951106,33.730545511711995,80.47270741289039,108.1156954487452,-25.567969498896325,
2007-05-25,True,2006-08-01,127.22,151.69,19.23439710737305,34.621914793271486,81.0090912219693,108.1156954487452,-25.071849294653457,
2007-05-29,True,2006-08-01,127.22,152.24,19.66671906932873,35.400094324791716,81.47736280132396,108.1156954487452,-24.6387284814255,
2007-05-30,True,2006-08-01,127.22,153.48,20.641408583556032,37.15453545040086,82.53310236205073,108.1156954487452,-23.662237920693485,
2007-05-31,True,2006-08-01,127.22,153.32,20.515642194623474,36.92815595032226,82.39687790260211,108.1156954487452,-23.78823670272343,
2007-06-01,True,2006-08-01,127.22,154.08,21.113032542053144,38.00345857569566,83.04394408498308,108.1156954487452,-23.189742488081176,
2007-06-04,True,2006-08-01,127.22,154.1,21.128753340669704,38.03175601320547,83.06097214241414,108.1156954487452,-23.173992640327455,
2007-06-05,True,2006-08-01,127.22,153.49,20.649268982864342,37.16868416915582,82.5416163907663,108.1156954487452,-23.65436299681659,
2007-06-06,True,2006-08-01,127.22,151.84,19.352303096997336,34.834145574595205,81.1368016527024,108.1156954487452,-24.953725436500363,
2007-06-07,True,2006-08-01,127.22,149.1,17.198553686527273,30.95739663574909,78.80395778464481,108.1156954487452,-27.111454578763095,
2007-06-08,True,2006-08-01,127.22,151.04,18.723471152334525,33.702248074202146,80.45567935545928,108.1156954487452,-25.583719346650092,
2007-06-11,True,2006-08-01,127.22,151.3,18.927841534349966,34.07011476182994,80.67704410206333,108.1156954487452,-25.378971325851396,
2007-06-12,True,2006-08-01,127.22,149.65,17.630875648482956,31.735576167269322,79.27222936399944,108.1156954487452,-26.678333765535168,
2007-06-13,True,2006-08-01,127.22,151.89,19.391605093538743,34.90488916836974,81.17937179628008,108.1156954487452,-24.914350817116027,
2007-06-14,True,2006-08-01,127.22,152.86,20.154063826442403,36.277314887596326,82.00523258168737,108.1156954487452,-24.15048320105948,
2007-06-15,True,2006-08-01,127.22,153.07,20.31913221191637,36.574437981449464,82.18402718471366,108.1156954487452,-23.985109799645198,
2007-06-18,True,2006-08-01,127.22,152.89,20.17764502436723,36.319761043861014,82.03077466783395,108.1156954487452,-24.12685842942889,
2007-06-19,True,2006-08-01,127.22,153.27,20.476340198082067,36.85741235654772,82.35430775902442,108.1156954487452,-23.827611322107778,
2007-06-20,True,2006-08-01,127.22,151.14,18.802075145417383,33.84373526175129,80.54081964261468,108.1156954487452,-25.504970107881363,
2007-06-21,True,2006-08-01,127.22,151.98,19.462348687313312,35.03222763716396,81.25599805471994,108.1156954487452,-24.84347650222417,
2007-06-22,True,2006-08-01,127.22,150.55,18.338311586228585,33.008960855211456,80.03849194839792,108.1156954487452,-25.969590616616756,
2007-06-25,True,2006-08-01,127.22,149.83,17.772362836032073,31.990253104857732,79.42548188087913,108.1156954487452,-26.53658513575149,
2007-06-26,True,2006-08-01,127.22,148.29,16.561861342556195,29.81135041660115,78.11432145868615,108.1156954487452,-27.749323412789696,
2007-06-27,True,2006-08-01,127.22,150.4,18.220405596604316,32.79673007388777,79.91078151766483,108.1156954487452,-26.08771447476983,
2007-06-28,True,2006-08-01,127.22,150.38,18.204684797987735,32.76843263637792,79.89375346023374,108.1156954487452,-26.103464322523585,
2007-06-29,True,2006-08-01,127.22,150.43,18.243986794529164,32.839176230152496,79.93632360381145,108.1156954487452,-26.064089703139214,
2007-07-02,True,2006-08-01,127.22,151.79,19.313001100455907,34.76340198082063,81.09423150912471,108.1156954487452,-24.99310005588472,
2007-07-03,True,2006-08-01,127.22,152.34,19.74532306241157,35.54158151234083,81.56250308847932,108.1156954487452,-24.559979242656816,
2007-07-05,True,2006-08-01,127.22,152.18,19.61955667347901,35.31520201226222,81.4262786290307,108.1156954487452,-24.68597802468675,
2007-07-06,True,2006-08-01,127.22,152.98,20.2483886181418,36.44709951265524,82.1074009262738,108.1156954487452,-24.055984114537054,
2007-07-09,True,2006-08-01,127.22,153.0,20.26410941675838,36.475396950165084,82.12442898370489,108.1156954487452,-24.0402342667833,
2007-07-10,True,2006-08-01,127.22,150.92,18.629146360635108,33.532463449143194,80.35351101087284,108.1156954487452,-25.67821843317253,
2007-07-11,True,2006-08-01,127.22,151.99,19.470209086621605,35.04637635591889,81.26451208343549,108.1156954487452,-24.835601578347287,
2007-07-12,True,2006-08-01,127.22,154.39,21.35670492060995,38.44206885709791,83.30787897516474,108.1156954487452,-22.945619847898215,
2007-07-13,True,2006-08-01,127.22,154.85,21.718283288791064,39.09290991982392,83.69952429607955,108.1156954487452,-22.58337334956211,
2007-07-16,True,2006-08-01,127.22,154.83,21.702562490174504,39.06461248231411,83.68249623864845,108.1156954487452,-22.599123197315862,
2007-07-17,True,2006-08-01,127.22,154.75,21.639679295708227,38.95142273227481,83.61438400892416,108.1156954487452,-22.662122588330813,
2007-07-18,True,2006-08-01,127.22,154.47,21.419588115076248,38.55525860713725,83.37599120488908,108.1156954487452,-22.882620456883217,
2007-07-19,True,2006-08-01,127.22,155.07,21.891212073573342,39.404181732432015,83.88683292782139,108.1156954487452,-22.410125024270943,
2007-07-20,True,2006-08-01,127.22,153.5,20.657129382172613,37.182832887910706,82.55013041948182,108.1156954487452,-23.646488072939732,
2007-07-23,True,2006-08-01,127.22,153.97,21.026568149661994,37.84782266939159,82.95028976911213,108.1156954487452,-23.276366650726786,
2007-07-24,True,2006-08-01,127.22,151.3,18.927841534349966,34.07011476182994,80.67704410206333,108.1156954487452,-25.378971325851396,
2007-07-25,True,2006-08-01,127.22,151.61,19.17151391290679,34.508725043232225,80.94097899224504,108.1156954487452,-25.134848685668388,
2007-07-26,True,2006-08-01,127.22,148.02,16.34963056123251,29.429335010218516,77.88444268336661,108.1156954487452,-27.961946357465205,
2007-07-27,True,2006-08-01,127.22,145.11,14.062254362521621,25.312057852538917,75.40686032714487,108.1156954487452,-30.253549205634744,RAW_DECISION
2007-07-30,False,,,147.38,,,75.40686032714487,108.1156954487452,-30.253549205634744,
2007-07-31,False,,,145.72,,,75.40686032714487,108.1156954487452,-30.253549205634744,
2007-08-01,True,2007-08-01,146.43,146.43,0.0,0.0,75.40686032714487,108.1156954487452,-30.253549205634744,
2007-08-02,True,2007-08-01,146.43,147.6,0.7990165949600447,1.4382298709280805,76.49138431709888,108.1156954487452,-29.250434916398028,
2007-08-03,True,2007-08-01,146.43,143.8,-1.7960800382435305,-3.232944068838355,72.96899870870122,108.1156954487452,-32.50841294981643,
2007-08-06,True,2007-08-01,146.43,146.21,-0.1502424366591537,-0.2704363859864767,75.20293273929028,108.1156954487452,-30.442168986516847,RAW_DECISION
2007-08-07,False,,,147.77,,,75.20293273929028,108.1156954487452,-30.442168986516847,
2007-08-08,False,,,149.83,,,75.20293273929028,108.1156954487452,-30.442168986516847,
2007-08-09,False,,,145.39,,,75.20293273929028,108.1156954487452,-30.442168986516847,
2007-08-10,False,,,144.71,,,75.20293273929028,108.1156954487452,-30.442168986516847,
2007-08-13,False,,,145.23,,,75.20293273929028,108.1156954487452,-30.442168986516847,
2007-08-14,False,,,143.01,,,75.20293273929028,108.1156954487452,-30.442168986516847,
2007-08-15,False,,,141.04,,,75.20293273929028,108.1156954487452,-30.442168986516847,
2007-08-16,False,,,142.1,,,75.20293273929028,108.1156954487452,-30.442168986516847,
2007-08-17,False,,,144.71,,,75.20293273929028,108.1156954487452,-30.442168986516847,
2007-08-20,False,,,144.64,,,75.20293273929028,108.1156954487452,-30.442168986516847,
2007-08-21,False,,,144.93,,,75.20293273929028,108.1156954487452,-30.442168986516847,
2007-08-22,False,,,146.65,,,75.20293273929028,108.1156954487452,-30.442168986516847,
2007-08-23,False,,,146.52,,,75.20293273929028,108.1156954487452,-30.442168986516847,
2007-08-24,False,,,148.33,,,75.20293273929028,108.1156954487452,-30.442168986516847,
2007-08-27,False,,,146.95,,,75.20293273929028,108.1156954487452,-30.442168986516847,
2007-08-28,False,,,143.72,,,75.20293273929028,108.1156954487452,-30.442168986516847,
2007-08-29,False,,,146.54,,,75.20293273929028,108.1156954487452,-30.442168986516847,
2007-08-30,False,,,146.15,,,75.20293273929028,108.1156954487452,-30.442168986516847,
2007-08-31,False,,,147.59,,,75.20293273929028,108.1156954487452,-30.442168986516847,
2007-09-04,True,2007-09-04,149.08,149.08,0.0,0.0,75.20293273929028,108.1156954487452,-30.442168986516847,
2007-09-05,True,2007-09-04,149.08,147.79,-0.8653072176012966,-1.5575529916823339,74.03160721057661,108.1156954487452,-31.525569064416704,
2007-09-06,True,2007-09-04,149.08,148.13,-0.6372417493963112,-1.1470351489133601,74.34032866775695,108.1156954487452,-31.240021757063253,
2007-09-07,True,2007-09-04,149.08,146.07,-2.0190501744030143,-3.6342903139254257,72.46983983895839,108.1156954487452,-32.970102501616495,
2007-09-10,True,2007-09-04,149.08,145.79,-2.2068687952777166,-3.97236383149989,72.21559863892752,108.1156954487452,-33.20525910767227,
2007-09-11,True,2007-09-04,149.08,147.49,-1.0665414542527563,-1.9197746176549613,73.75920592482925,108.1156954487452,-31.777522570905038,
2007-09-12,True,2007-09-04,149.08,147.87,-0.811644754494234,-1.4609605580896212,74.10424755344258,108.1156954487452,-31.458381462686468,
2007-09-13,True,2007-09-04,149.08,148.91,-0.11403273410250936,-0.20525892138451685,75.04857201070008,108.1156954487452,-30.584942640193592,
2007-09-14,True,2007-09-04,149.08,148.9,-0.12074054199088247,-0.21733297558358844,75.03949196784185,108.1156954487452,-30.593341090409854,
2007-09-17,True,2007-09-04,149.08,148.1,-0.6573651730614527,-1.1832573115106149,74.31308853918222,108.1156954487452,-31.265217107712083,
2007-09-18,True,2007-09-04,149.08,152.46,2.26723906627313,4.081030319291634,78.2719872253772,108.1156954487452,-27.603492813414967,
2007-09-19,True,2007-09-04,149.08,153.36,2.8709417762275313,5.167695197209556,79.08919108261932,108.1156954487452,-26.847632293949943,
2007-09-20,True,2007-09-04,149.08,152.28,2.1464985242822587,3.8636973437080657,78.1085464539288,108.1156954487452,-27.75466491730796,
2007-09-21,True,2007-09-04,149.08,151.97,1.9385564797424149,3.4894016635363467,77.82706512532319,108.1156954487452,-28.015016874012577,
2007-09-24,True,2007-09-04,149.08,151.69,1.7507378588677014,3.1513281459618625,77.5728239252923,108.1156954487452,-28.250173480068376,
2007-09-25,True,2007-09-04,149.08,151.39,1.5495036222162417,2.789106519989235,77.30042263954493,108.1156954487452,-28.502126986556707,
2007-09-26,True,2007-09-04,149.08,152.37,2.2068687952776944,3.97236383149985,78.190266839653,108.1156954487452,-27.67907886536146,
2007-09-27,True,2007-09-04,149.08,153.09,2.689830963241202,4.841695733834164,78.84402992544668,108.1156954487452,-27.074390449789455,
2007-09-28,True,2007-09-04,149.08,152.58,2.3477327609337184,4.225918969680693,78.38094773967616,108.1156954487452,-27.502711410819625,
2007-10-01,True,2007-09-04,149.08,154.3,3.501475717735447,6.302656291923805,79.94271511129439,108.1156954487452,-26.058177973619824,
2007-10-02,True,2007-09-04,149.08,154.09,3.360611752079423,6.049101153742962,79.75203421127122,108.1156954487452,-26.23454542816167,
2007-10-03,True,2007-09-04,149.08,153.78,3.152669707539557,5.674805473571203,79.47055288266559,108.1156954487452,-26.494897384866313,
2007-10-04,True,2007-09-04,149.08,154.02,3.3136570968607337,5.964582774349321,79.68847391126349,108.1156954487452,-26.29333457967563,
2007-10-05,True,2007-09-04,149.08,155.85,4.541185940434644,8.17413469278236,81.35012175432239,108.1156954487452,-24.756418190096795,
2007-10-08,True,2007-09-04,149.08,155.02,3.984437885698955,7.171988194258119,80.59647819708806,108.1156954487452,-25.453489558047814,
2007-10-09,True,2007-09-04,149.08,156.48,4.963777837402716,8.93480010732489,81.92216445439185,108.1156954487452,-24.227315826471298,
2007-10-10,True,2007-09-04,149.08,156.22,4.7893748323047936,8.62087469814863,81.68608334007749,108.1156954487452,-24.4456755320945,
2007-10-11,True,2007-09-04,149.08,155.47,4.286289240676133,7.71532063321704,81.00508012570907,108.1156954487452,-25.07555929831534,
2007-10-12,True,2007-09-04,149.08,156.33,4.863160719076998,8.753689294338596,81.78596381151819,108.1156954487452,-24.353292579715447,
2007-10-15,True,2007-09-04,149.08,155.01,3.9777300778105484,7.159914140058987,80.58739815422977,108.1156954487452,-25.461888008264133,
2007-10-16,True,2007-09-04,149.08,153.78,3.152669707539557,5.674805473571203,79.47055288266559,108.1156954487452,-26.494897384866313,
2007-10-17,True,2007-09-04,149.08,154.25,3.467936678293526,6.242286020928347,79.89731489700314,108.1156954487452,-26.100170224701237,
2007-10-18,True,2007-09-04,149.08,153.69,3.0922994365441214,5.566138985779419,79.38883249694139,108.1156954487452,-26.570483436812797,
2007-10-19,True,2007-09-04,149.08,149.67,0.39576066541453514,0.7123691977461633,75.73865526792673,108.1156954487452,-29.946660423756487,
2007-10-22,True,2007-09-04,149.08,150.54,0.9793399517037615,1.7628119130667708,76.52861899659408,108.1156954487452,-29.215995254940317,RAW_DECISION
2007-10-23,False,,,151.76,,,76.52861899659408,108.1156954487452,-29.215995254940317,
2007-10-24,False,,,151.48,,,76.52861899659408,108.1156954487452,-29.215995254940317,
2007-10-25,False,,,151.84,,,76.52861899659408,108.1156954487452,-29.215995254940317,
2007-10-26,False,,,153.62,,,76.52861899659408,108.1156954487452,-29.215995254940317,
2007-10-29,False,,,154.13,,,76.52861899659408,108.1156954487452,-29.215995254940317,
2007-10-30,False,,,153.06,,,76.52861899659408,108.1156954487452,-29.215995254940317,
2007-10-31,False,,,154.65,,,76.52861899659408,108.1156954487452,-29.215995254940317,
2007-11-01,True,2007-11-01,151.03,151.03,0.0,0.0,76.52861899659408,108.1156954487452,-29.215995254940317,
2007-11-02,True,2007-11-01,151.03,151.2,0.11256041845990605,0.2026087532278309,76.68367267740555,108.1156954487452,-29.072580665441627,
2007-11-05,True,2007-11-01,151.03,150.05,-0.6488777064159401,-1.1679798715486922,75.63478013073967,108.1156954487452,-30.042738182638683,
2007-11-06,True,2007-11-01,151.03,152.07,0.68860491293119,1.239488843276142,77.47718269097017,108.1156954487452,-28.33863541330125,
2007-11-07,True,2007-11-01,151.03,147.91,-2.0658147387936254,-3.7184665298285258,73.68292791346573,108.1156954487452,-31.848074779857594,
2007-11-08,True,2007-11-01,151.03,147.16,-2.5624048202343985,-4.612328676421917,72.9988675569445,108.1156954487452,-32.480786204116555,RAW_DECISION
2007-11-09,False,,,145.14,,,72.9988675569445,108.1156954487452,-32.480786204116555,
2007-11-12,False,,,143.7,,,72.9988675569445,108.1156954487452,-32.480786204116555,
2007-11-13,False,,,148.08,,,72.9988675569445,108.1156954487452,-32.480786204116555,
2007-11-14,False,,,147.67,,,72.9988675569445,108.1156954487452,-32.480786204116555,
2007-11-15,False,,,145.54,,,72.9988675569445,108.1156954487452,-32.480786204116555,
2007-11-16,False,,,145.79,,,72.9988675569445,108.1156954487452,-32.480786204116555,
2007-11-19,False,,,143.76,,,72.9988675569445,108.1156954487452,-32.480786204116555,
2007-11-20,False,,,144.64,,,72.9988675569445,108.1156954487452,-32.480786204116555,
2007-11-21,False,,,141.68,,,72.9988675569445,108.1156954487452,-32.480786204116555,
2007-11-23,False,,,144.13,,,72.9988675569445,108.1156954487452,-32.480786204116555,
2007-11-26,False,,,140.95,,,72.9988675569445,108.1156954487452,-32.480786204116555,
2007-11-27,False,,,142.57,,,72.9988675569445,108.1156954487452,-32.480786204116555,
2007-11-28,False,,,147.13,,,72.9988675569445,108.1156954487452,-32.480786204116555,
2007-11-29,True,2007-11-29,147.18,147.18,0.0,0.0,72.9988675569445,108.1156954487452,-32.480786204116555,
2007-11-30,True,2007-11-29,147.18,148.66,1.0055714091588452,1.8100285364859214,74.32016789103677,108.1156954487452,-31.25866916680011,
2007-12-03,True,2007-11-29,147.18,147.68,0.33972007066176424,0.6114961271911756,73.44525280494864,108.1156954487452,-32.06790882664479,
2007-12-04,True,2007-11-29,147.18,146.36,-0.5571409158853013,-1.0028536485935424,72.26679575021772,108.1156954487452,-33.157905103170236,
2007-12-05,True,2007-11-29,147.18,148.81,1.107487430357379,1.9934773746432821,74.454083465438,108.1156954487452,-31.134805953558597,
2007-12-06,True,2007-11-29,147.18,150.94,2.5546949313765444,4.59845087647778,76.35568462193568,108.1156954487452,-29.37594832552883,RAW_DECISION
2007-12-07,False,,,150.91,,,76.35568462193568,108.1156954487452,-29.37594832552883,
2007-12-10,False,,,152.08,,,76.35568462193568,108.1156954487452,-29.37594832552883,
2007-12-11,False,,,147.91,,,76.35568462193568,108.1156954487452,-29.37594832552883,
2007-12-12,False,,,149.37,,,76.35568462193568,108.1156954487452,-29.37594832552883,
2007-12-13,False,,,149.06,,,76.35568462193568,108.1156954487452,-29.37594832552883,
2007-12-14,False,,,147.17,,,76.35568462193568,108.1156954487452,-29.37594832552883,
2007-12-17,False,,,145.07,,,76.35568462193568,108.1156954487452,-29.37594832552883,
2007-12-18,False,,,145.88,,,76.35568462193568,108.1156954487452,-29.37594832552883,
2007-12-19,False,,,145.88,,,76.35568462193568,108.1156954487452,-29.37594832552883,
2007-12-20,False,,,146.8,,,76.35568462193568,108.1156954487452,-29.37594832552883,
2007-12-21,False,,,148.13,,,76.35568462193568,108.1156954487452,-29.37594832552883,
2007-12-24,False,,,149.23,,,76.35568462193568,108.1156954487452,-29.37594832552883,
2007-12-26,False,,,149.55,,,76.35568462193568,108.1156954487452,-29.37594832552883,
2007-12-27,False,,,147.67,,,76.35568462193568,108.1156954487452,-29.37594832552883,
2007-12-28,False,,,147.3,,,76.35568462193568,108.1156954487452,-29.37594832552883,
2007-12-31,False,,,146.21,,,76.35568462193568,108.1156954487452,-29.37594832552883,
2008-01-02,True,2008-01-02,144.93,144.93,0.0,0.0,76.35568462193568,108.1156954487452,-29.37594832552883,
2008-01-03,True,2008-01-02,144.93,144.86,-0.04829917891395752,-0.08693852204512353,76.28930211822794,108.1156954487452,-29.437347832263004,
2008-01-04,True,2008-01-02,144.93,141.31,-2.4977575381218586,-4.495963568619346,72.92276085876357,108.1156954487452,-32.551179959495954,
2008-01-07,True,2008-01-02,144.93,141.19,-2.580556130545786,-4.645001034982415,72.80896228097886,108.1156954487452,-32.65643625675453,
2008-01-08,True,2008-01-02,144.93,138.91,-4.1537293866004354,-7.476712895880784,70.64678930306935,108.1156954487452,-34.656305904667526,
2008-01-09,True,2008-01-02,144.93,140.37,-3.1463465121092993,-5.663423721796739,72.03133866611667,108.1156954487452,-33.37568762135482,RAW_DECISION
2008-01-10,False,,,141.29,,,72.03133866611667,108.1156954487452,-33.37568762135482,
2008-01-11,False,,,140.15,,,72.03133866611667,108.1156954487452,-33.37568762135482,
2008-01-14,False,,,141.28,,,72.03133866611667,108.1156954487452,-33.37568762135482,
2008-01-15,False,,,138.17,,,72.03133866611667,108.1156954487452,-33.37568762135482,
2008-01-16,False,,,136.98,,,72.03133866611667,108.1156954487452,-33.37568762135482,
2008-01-17,False,,,133.43,,,72.03133866611667,108.1156954487452,-33.37568762135482,
2008-01-18,False,,,132.06,,,72.03133866611667,108.1156954487452,-33.37568762135482,
2008-01-22,False,,,130.72,,,72.03133866611667,108.1156954487452,-33.37568762135482,
2008-01-23,False,,,133.86,,,72.03133866611667,108.1156954487452,-33.37568762135482,
2008-01-24,False,,,134.99,,,72.03133866611667,108.1156954487452,-33.37568762135482,
2008-01-25,False,,,133.04,,,72.03133866611667,108.1156954487452,-33.37568762135482,
2008-01-28,False,,,135.24,,,72.03133866611667,108.1156954487452,-33.37568762135482,
2008-01-29,False,,,135.91,,,72.03133866611667,108.1156954487452,-33.37568762135482,
2008-01-30,False,,,135.23,,,72.03133866611667,108.1156954487452,-33.37568762135482,
2008-01-31,False,,,137.37,,,72.03133866611667,108.1156954487452,-33.37568762135482,
2008-02-01,False,,,139.58,,,72.03133866611667,108.1156954487452,-33.37568762135482,
2008-02-04,False,,,137.82,,,72.03133866611667,108.1156954487452,-33.37568762135482,
2008-02-05,False,,,134.13,,,72.03133866611667,108.1156954487452,-33.37568762135482,
2008-02-06,False,,,133.05,,,72.03133866611667,108.1156954487452,-33.37568762135482,
2008-02-07,False,,,133.93,,,72.03133866611667,108.1156954487452,-33.37568762135482,
2008-02-08,False,,,133.07,,,72.03133866611667,108.1156954487452,-33.37568762135482,
2008-02-11,False,,,133.75,,,72.03133866611667,108.1156954487452,-33.37568762135482,
2008-02-12,False,,,134.99,,,72.03133866611667,108.1156954487452,-33.37568762135482,
2008-02-13,False,,,136.37,,,72.03133866611667,108.1156954487452,-33.37568762135482,
2008-02-14,False,,,135.17,,,72.03133866611667,108.1156954487452,-33.37568762135482,
2008-02-15,False,,,135.14,,,72.03133866611667,108.1156954487452,-33.37568762135482,
2008-02-19,False,,,135.52,,,72.03133866611667,108.1156954487452,-33.37568762135482,
2008-02-20,False,,,135.92,,,72.03133866611667,108.1156954487452,-33.37568762135482,
2008-02-21,True,2008-02-21,134.79,134.79,0.0,0.0,72.03133866611667,108.1156954487452,-33.37568762135482,
2008-02-22,True,2008-02-21,134.79,135.62,0.6157726834334909,1.1083908301802836,72.829727418748,108.1156954487452,-32.63722985227926,
2008-02-25,True,2008-02-21,134.79,137.33,1.8844127902663654,3.391943022479458,74.47460063200056,108.1156954487452,-31.115828906352448,
2008-02-26,True,2008-02-21,134.79,138.36,2.6485644335633385,4.767415980414009,75.46537221659125,108.1156954487452,-30.199429506174347,
2008-02-27,True,2008-02-21,134.79,138.22,2.544699161658892,4.580458490986006,75.3307042342197,108.1156954487452,-30.32398864794613,
2008-02-28,True,2008-02-21,134.79,136.87,1.543141182580321,2.7776541286445777,74.032120118494,108.1156954487452,-31.52509465788833,
2008-02-29,True,2008-02-21,134.79,133.82,-0.7196379553379373,-1.2953483196082871,71.09828193111377,108.1156954487452,-34.23870453220218,
2008-03-03,True,2008-02-21,134.79,133.5,-0.9570442911195132,-1.7226797240151237,70.79046939997882,108.1156954487452,-34.52341114196623,
2008-03-04,True,2008-02-21,134.79,132.99,-1.335410638771406,-2.4037391497885308,70.29989317848246,108.1156954487452,-34.97716230127772,
2008-03-05,True,2008-02-21,134.79,133.83,-0.7122190073447388,-1.2819942132205298,71.10790107271177,108.1156954487452,-34.22980745064702,
2008-03-06,True,2008-02-21,134.79,131.06,-2.767267601454104,-4.981081682617388,68.44339885007464,108.1156954487452,-36.6942990414173,
2008-03-07,True,2008-02-21,134.79,129.71,-3.7688255805326643,-6.783886044958796,67.14481473434897,108.1156954487452,-37.89540505135949,RAW_DECISION
2008-03-10,False,,,128.0,,,67.14481473434897,108.1156954487452,-37.89540505135949,
2008-03-11,False,,,132.6,,,67.14481473434897,108.1156954487452,-37.89540505135949,
2008-03-12,False,,,131.36,,,67.14481473434897,108.1156954487452,-37.89540505135949,
2008-03-13,False,,,131.65,,,67.14481473434897,108.1156954487452,-37.89540505135949,
2008-03-14,False,,,129.61,,,67.14481473434897,108.1156954487452,-37.89540505135949,
2008-03-17,False,,,128.3,,,67.14481473434897,108.1156954487452,-37.89540505135949,
2008-03-18,False,,,133.63,,,67.14481473434897,108.1156954487452,-37.89540505135949,
2008-03-19,True,2008-03-19,130.32,130.32,0.0,0.0,67.14481473434897,108.1156954487452,-37.89540505135949,
2008-03-20,True,2008-03-19,130.32,132.08,1.3505217925107615,2.4309392265193708,68.77706437430002,108.1156954487452,-36.38568009128201,RAW_DECISION
2008-03-24,False,,,134.72,,,68.77706437430002,108.1156954487452,-36.38568009128201,
2008-03-25,False,,,134.85,,,68.77706437430002,108.1156954487452,-36.38568009128201,
2008-03-26,False,,,133.2,,,68.77706437430002,108.1156954487452,-36.38568009128201,
2008-03-27,False,,,132.78,,,68.77706437430002,108.1156954487452,-36.38568009128201,
2008-03-28,False,,,131.51,,,68.77706437430002,108.1156954487452,-36.38568009128201,
2008-03-31,False,,,131.97,,,68.77706437430002,108.1156954487452,-36.38568009128201,
2008-04-01,True,2008-04-01,136.61,136.61,0.0,0.0,68.77706437430002,108.1156954487452,-36.38568009128201,
2008-04-02,True,2008-04-01,136.61,136.7,0.06588097503841261,0.1185857550691427,68.85862417540267,108.1156954487452,-36.31024256968617,RAW_DECISION
2008-04-03,False,,,137.04,,,68.85862417540267,108.1156954487452,-36.31024256968617,
2008-04-04,False,,,136.89,,,68.85862417540267,108.1156954487452,-36.31024256968617,
2008-04-07,False,,,136.96,,,68.85862417540267,108.1156954487452,-36.31024256968617,
2008-04-08,False,,,136.82,,,68.85862417540267,108.1156954487452,-36.31024256968617,
2008-04-09,False,,,135.83,,,68.85862417540267,108.1156954487452,-36.31024256968617,
2008-04-10,False,,,136.02,,,68.85862417540267,108.1156954487452,-36.31024256968617,
2008-04-11,False,,,133.38,,,68.85862417540267,108.1156954487452,-36.31024256968617,
2008-04-14,True,2008-04-14,132.93,132.93,0.0,0.0,68.85862417540267,108.1156954487452,-36.31024256968617,
2008-04-15,True,2008-04-14,132.93,133.24,0.23320544647558172,0.4197698036560471,69.14767188690402,108.1156954487452,-36.042892199971924,
2008-04-16,True,2008-04-14,132.93,136.85,2.9489204844654893,5.308056872037881,72.51367910793587,108.1156954487452,-32.92955402362213,
2008-04-17,True,2008-04-14,132.93,137.05,3.0993756112239534,5.578876100203116,72.70016150245289,108.1156954487452,-32.757069914129055,
2008-04-18,True,2008-04-14,132.93,138.48,4.175129767546815,7.515233581584266,74.03351062324943,108.1156954487452,-31.52380853125367,
2008-04-21,True,2008-04-14,132.93,138.55,4.227789061912279,7.610020311442103,74.0987794613304,108.1156954487452,-31.46343909293108,
2008-04-22,True,2008-04-14,132.93,137.94,3.7689009252990235,6.784021665538242,73.53000815805353,108.1156954487452,-31.989515626884934,
2008-04-23,True,2008-04-14,132.93,137.72,3.603400285864744,6.486120514556539,73.32487752408485,108.1156954487452,-32.17924814732728,
2008-04-24,True,2008-04-14,132.93,138.32,4.05476566614007,7.298578199052126,73.88432470763584,108.1156954487452,-31.661795818848105,
2008-04-25,True,2008-04-14,132.93,139.6,5.017678477394116,9.03182125930941,75.07781203254466,108.1156954487452,-30.557897518092492,
2008-04-28,True,2008-04-14,132.93,139.63,5.040246746407884,9.072444143534192,75.1057843917222,108.1156954487452,-30.532024901668542,
2008-04-29,True,2008-04-14,132.93,139.08,4.626495147822163,8.327691266079894,74.59295780680044,108.1156954487452,-31.006356202774466,
2008-04-30,True,2008-04-14,132.93,138.26,4.009629128112535,7.217332430602563,73.82837998928075,108.1156954487452,-31.713541051696016,
2008-05-01,True,2008-04-14,132.93,141.12,6.161137440758302,11.090047393364944,76.49507823087387,108.1156954487452,-29.24701828594519,
2008-05-02,True,2008-04-14,132.93,141.51,6.454524937937256,11.61814488828706,76.858718900182,108.1156954487452,-28.910674272433745,
2008-05-05,True,2008-04-14,132.93,140.83,5.942977506958558,10.697359512525404,76.22467875882421,108.1156954487452,-29.49712024471015,
2008-05-06,True,2008-04-14,132.93,142.05,6.860753780185069,12.349356804333125,77.36222136537793,108.1156954487452,-28.44496717680245,
2008-05-07,True,2008-04-14,132.93,139.52,4.957496426690744,8.92349356804334,75.00321907473786,108.1156954487452,-30.626891161889713,
2008-05-08,True,2008-04-14,132.93,139.16,4.686677198525535,8.436018957345963,74.66755076460724,108.1156954487452,-30.937362558977245,
2008-05-09,True,2008-04-14,132.93,138.9,4.491085533739558,8.083953960731206,74.42512365173515,108.1156954487452,-31.161591901318218,
2008-05-12,True,2008-04-14,132.93,140.46,5.664635522455419,10.196343940419755,75.87968632896775,108.1156954487452,-29.81621584727232,
2008-05-13,True,2008-04-14,132.93,140.48,5.6796810351312566,10.223425863236262,75.89833456841944,108.1156954487452,-29.79896743632302,
2008-05-14,True,2008-04-14,132.93,140.77,5.897840968931023,10.616113744075841,76.16873404046913,108.1156954487452,-29.54886547755805,
2008-05-15,True,2008-04-14,132.93,142.53,7.221846084405326,12.999322951929587,77.80977911221872,108.1156954487452,-28.031005314019108,
2008-05-16,True,2008-04-14,132.93,142.66,7.319641916798303,13.175355450236946,77.93099266865475,108.1156954487452,-27.918890642848627,
2008-05-19,True,2008-04-14,132.93,143.05,7.613029413977279,13.703452945159103,78.29463333796294,108.1156954487452,-27.582546629337124,
2008-05-20,True,2008-04-14,132.93,141.89,6.74038967877828,12.132701421800904,77.21303544976428,108.1156954487452,-28.58295446439695,
2008-05-21,True,2008-04-14,132.93,139.49,4.934928157676977,8.882870683818558,74.97524671556032,108.1156954487452,-30.652763778313663,RAW_DECISION
2008-05-22,False,,,139.51,,,74.97524671556032,108.1156954487452,-30.652763778313663,
2008-05-23,False,,,137.64,,,74.97524671556032,108.1156954487452,-30.652763778313663,
2008-05-27,False,,,138.66,,,74.97524671556032,108.1156954487452,-30.652763778313663,
2008-05-28,False,,,139.3,,,74.97524671556032,108.1156954487452,-30.652763778313663,
2008-05-29,False,,,140.0,,,74.97524671556032,108.1156954487452,-30.652763778313663,
2008-05-30,False,,,140.35,,,74.97524671556032,108.1156954487452,-30.652763778313663,
2008-06-02,True,2008-06-02,138.9,138.9,0.0,0.0,74.97524671556032,108.1156954487452,-30.652763778313663,
2008-06-03,True,2008-06-02,138.9,138.09,-0.5831533477321793,-1.0496760259179228,74.18824952541426,108.1156954487452,-31.380685091569372,
2008-06-04,True,2008-06-02,138.9,138.02,-0.6335493160547156,-1.1403887688984882,74.12023742256213,108.1156954487452,-31.443591871727282,
2008-06-05,True,2008-06-02,138.9,140.78,1.3534917206623476,2.4362850971922256,76.80185747787462,108.1156954487452,-28.963267396930025,
2008-06-06,True,2008-06-02,138.9,136.29,-1.8790496760259234,-3.382289416846662,72.43936688064525,108.1156954487452,-32.99828800991541,
2008-06-09,True,2008-06-02,138.9,136.62,-1.6414686825053981,-2.9546436285097166,72.75999536551957,108.1156954487452,-32.7017274748853,
2008-06-10,True,2008-06-02,138.9,135.94,-2.131029517638594,-3.8358531317494693,72.09930636638461,108.1156954487452,-33.31282191070491,
2008-06-11,True,2008-06-02,138.9,133.94,-3.570914326853858,-6.427645788336944,70.15610342775237,108.1156954487452,-35.11015848664496,
2008-06-12,True,2008-06-02,138.9,134.45,-3.2037437005039693,-5.766738660907145,70.65162017710358,108.1156954487452,-34.65183765978026,
2008-06-13,True,2008-06-02,138.9,136.15,-1.979841612670985,-3.563714902807773,72.303342674941,108.1156954487452,-33.124101570231204,
2008-06-16,True,2008-06-02,138.9,136.23,-1.9222462203023927,-3.460043196544307,72.38107079248627,108.1156954487452,-33.05220810719363,
2008-06-17,True,2008-06-02,138.9,135.57,-2.397408207343421,-4.315334773218158,71.73981382273763,108.1156954487452,-33.645329177253835,
2008-06-18,True,2008-06-02,138.9,134.25,-3.347732181425489,-6.025917926565881,70.45729988324037,108.1156954487452,-34.831571317374255,
2008-06-19,True,2008-06-02,138.9,134.42,-3.225341972642204,-5.8056155507559675,70.62247213302409,108.1156954487452,-34.67879770841936,
2008-06-20,True,2008-06-02,138.9,131.58,-5.26997840172786,-9.485961123110147,67.86312396016635,108.1156954487452,-37.231015646254185,
2008-06-23,True,2008-06-02,138.9,131.45,-5.363570914326865,-9.654427645788358,67.73681576915524,108.1156954487452,-37.3478425236903,
2008-06-24,True,2008-06-02,138.9,131.13,-5.593952483801301,-10.069114470842342,67.42590329897408,108.1156954487452,-37.63541637584071,
2008-06-25,True,2008-06-02,138.9,131.86,-5.0683945284377145,-9.123110151187886,68.13517237157487,108.1156954487452,-36.97938852562258,
2008-06-26,True,2008-06-02,138.9,128.19,-7.710583153347739,-13.87904967602593,64.5693949791847,108.1156954487452,-40.27750114247256,
2008-06-27,True,2008-06-02,138.9,127.68,-8.077753779697627,-14.539956803455729,64.07387822983348,108.1156954487452,-40.73582196933726,RAW_DECISION
2008-06-30,False,,,128.04,,,64.07387822983348,108.1156954487452,-40.73582196933726,
2008-07-01,True,2008-07-01,128.42,128.42,0.0,0.0,64.07387822983348,108.1156954487452,-40.73582196933726,
2008-07-02,True,2008-07-01,128.42,126.14,-1.7754243887244892,-3.1957638997040805,62.02622836022411,108.1156954487452,-42.62976517629754,
2008-07-03,True,2008-07-01,128.42,126.28,-1.6664071016975424,-2.9995327830555762,62.151961246954514,108.1156954487452,-42.51347041797542,RAW_DECISION
2008-07-07,False,,,125.0,,,62.151961246954514,108.1156954487452,-42.51347041797542,
2008-07-08,False,,,127.2,,,62.151961246954514,108.1156954487452,-42.51347041797542,
2008-07-09,False,,,124.76,,,62.151961246954514,108.1156954487452,-42.51347041797542,
2008-07-10,False,,,125.35,,,62.151961246954514,108.1156954487452,-42.51347041797542,
2008-07-11,False,,,123.93,,,62.151961246954514,108.1156954487452,-42.51347041797542,
2008-07-14,False,,,122.75,,,62.151961246954514,108.1156954487452,-42.51347041797542,
2008-07-15,False,,,121.03,,,62.151961246954514,108.1156954487452,-42.51347041797542,
2008-07-16,False,,,124.01,,,62.151961246954514,108.1156954487452,-42.51347041797542,
2008-07-17,False,,,125.29,,,62.151961246954514,108.1156954487452,-42.51347041797542,
2008-07-18,False,,,126.05,,,62.151961246954514,108.1156954487452,-42.51347041797542,
2008-07-21,False,,,126.13,,,62.151961246954514,108.1156954487452,-42.51347041797542,
2008-07-22,False,,,127.42,,,62.151961246954514,108.1156954487452,-42.51347041797542,
2008-07-23,False,,,128.21,,,62.151961246954514,108.1156954487452,-42.51347041797542,
2008-07-24,False,,,125.43,,,62.151961246954514,108.1156954487452,-42.51347041797542,
2008-07-25,False,,,125.43,,,62.151961246954514,108.1156954487452,-42.51347041797542,
2008-07-28,False,,,123.59,,,62.151961246954514,108.1156954487452,-42.51347041797542,
2008-07-29,False,,,126.25,,,62.151961246954514,108.1156954487452,-42.51347041797542,
2008-07-30,False,,,128.59,,,62.151961246954514,108.1156954487452,-42.51347041797542,
2008-07-31,False,,,126.83,,,62.151961246954514,108.1156954487452,-42.51347041797542,
2008-08-01,True,2008-08-01,126.1,126.1,0.0,0.0,62.151961246954514,108.1156954487452,-42.51347041797542,
2008-08-04,True,2008-08-01,126.1,125.02,-0.8564631245043586,-1.5416336241078454,61.19380571432899,108.1156954487452,-43.39970208734461,
2008-08-05,True,2008-08-01,126.1,128.36,1.7922283901665503,3.2260111022997906,64.15699041707833,108.1156954487452,-40.65894859133245,
2008-08-06,True,2008-08-01,126.1,128.93,2.244250594766073,4.039651070578931,64.66268361485291,108.1156954487452,-40.19121521027649,
2008-08-07,True,2008-08-01,126.1,127.01,0.7216494845361021,1.2989690721649838,62.959296001296416,108.1156954487452,-41.76673817804395,
2008-08-08,True,2008-08-01,126.1,129.37,2.5931800158604412,4.667724028548794,65.05304327629295,108.1156954487452,-39.83015786349644,
2008-08-11,True,2008-08-01,126.1,130.71,3.6558287073751083,6.580491673275195,66.24186588158759,108.1156954487452,-38.7305741255754,
2008-08-12,True,2008-08-01,126.1,129.35,2.577319587628857,4.639175257731942,65.03529965531837,108.1156954487452,-39.84656956107738,
2008-08-13,True,2008-08-01,126.1,128.57,1.9587628865979312,3.525773195876276,64.34329843731105,108.1156954487452,-40.48662576673291,
2008-08-14,True,2008-08-01,126.1,129.54,2.7279936558286977,4.910388580491656,65.20386405457657,108.1156954487452,-39.690658434058726,
2008-08-15,True,2008-08-01,126.1,130.17,3.227597145122907,5.809674861221232,65.7627881152748,108.1156954487452,-39.17368996026001,
2008-08-18,True,2008-08-01,126.1,128.39,1.8160190325138714,3.2688342585249686,64.18360584854013,108.1156954487452,-40.6343310449611,
2008-08-19,True,2008-08-01,126.1,126.99,0.7057890563045177,1.2704203013481319,62.94155238032185,108.1156954487452,-41.78314987562487,
2008-08-20,True,2008-08-01,126.1,127.58,1.1736716891356025,2.1126090404440845,63.46498919907098,108.1156954487452,-41.299004796988,
2008-08-21,True,2008-08-01,126.1,127.8,1.3481363996827866,2.426645519429016,63.66016902979099,108.1156954487452,-41.11847612359798,
2008-08-22,True,2008-08-01,126.1,129.65,2.815226011102312,5.0674068199841615,65.3014539699366,108.1156954487452,-39.60039409736369,
2008-08-25,True,2008-08-01,126.1,127.02,0.729579698651861,1.3132434575733498,62.96816781178367,108.1156954487452,-41.758532329253505,
2008-08-26,True,2008-08-01,126.1,127.39,1.0229976209357616,1.841395717684371,63.29642479981279,108.1156954487452,-41.454915924006656,
2008-08-27,True,2008-08-01,126.1,128.63,2.0063441712926178,3.611419508326712,64.39652930023469,108.1156954487452,-40.43739067399017,
2008-08-28,True,2008-08-01,126.1,130.19,3.2434575733544913,5.838223632038084,65.78053173624936,108.1156954487452,-39.1572782626791,
2008-08-29,True,2008-08-01,126.1,128.79,2.1332275971451153,3.8398096748612076,64.53847826803107,108.1156954487452,-40.306097093342885,
2008-09-02,True,2008-08-01,126.1,127.99,1.4988104678826275,2.6978588421887295,63.828733429049194,108.1156954487452,-40.96256499657932,
2008-09-03,True,2008-08-01,126.1,127.88,1.4115781126090354,2.5408406026962638,63.731143513689176,108.1156954487452,-41.052829333274346,
2008-09-04,True,2008-08-01,126.1,124.03,-1.6415543219666873,-2.954797779540037,60.31549647608892,108.1156954487452,-44.21208111759971,
2008-09-05,True,2008-08-01,126.1,124.42,-1.3322759714512244,-2.398096748612204,60.661497085092584,108.1156954487452,-43.89205301477194,
2008-09-08,True,2008-08-01,126.1,126.99,0.7057890563045177,1.2704203013481319,62.94155238032185,108.1156954487452,-41.78314987562487,
2008-09-09,True,2008-08-01,126.1,123.22,-2.283901665344956,-4.111022997620921,59.59687982661978,108.1156954487452,-44.8767548696266,
2008-09-10,True,2008-08-01,126.1,123.72,-1.8873909595559013,-3.3973037272006223,60.04047035098345,108.1156954487452,-44.466462430103824,
2008-09-11,True,2008-08-01,126.1,125.51,-0.4678826328310737,-0.8421887390959326,61.628524428205395,108.1156954487452,-42.99761549661228,
2008-09-12,True,2008-08-01,126.1,126.09,-0.007930214115769996,-0.014274385408385992,62.14308943646725,108.1156954487452,-42.521676266765866,
2008-09-15,True,2008-08-01,126.1,120.09,-4.7660586835844505,-8.578905630452011,56.820003144103175,108.1156954487452,-47.445185541039194,
2008-09-16,True,2008-08-01,126.1,122.1,-3.1720856463124503,-5.709754163362411,58.60323705204514,108.1156954487452,-45.795809934157624,RAW_DECISION
2008-09-17,False,,,116.61,,,58.60323705204514,108.1156954487452,-45.795809934157624,
2008-09-18,False,,,120.07,,,58.60323705204514,108.1156954487452,-45.795809934157624,
2008-09-19,False,,,124.12,,,58.60323705204514,108.1156954487452,-45.795809934157624,
2008-09-22,False,,,121.31,,,58.60323705204514,108.1156954487452,-45.795809934157624,
2008-09-23,True,2008-09-23,118.55,118.55,0.0,0.0,58.60323705204514,108.1156954487452,-45.795809934157624,
2008-09-24,True,2008-09-23,118.55,118.93,0.3205398566005879,0.5769717418810583,58.941361169663004,108.1156954487452,-45.48306707456222,RAW_DECISION
2008-09-25,False,,,120.79,,,58.941361169663004,108.1156954487452,-45.48306707456222,
2008-09-26,False,,,120.85,,,58.941361169663004,108.1156954487452,-45.48306707456222,
2008-09-29,False,,,111.38,,,58.941361169663004,108.1156954487452,-45.48306707456222,
2008-09-30,False,,,115.99,,,58.941361169663004,108.1156954487452,-45.48306707456222,
2008-10-01,False,,,116.06,,,58.941361169663004,108.1156954487452,-45.48306707456222,
2008-10-02,False,,,111.85,,,58.941361169663004,108.1156954487452,-45.48306707456222,
2008-10-03,False,,,110.34,,,58.941361169663004,108.1156954487452,-45.48306707456222,
2008-10-06,False,,,104.72,,,58.941361169663004,108.1156954487452,-45.48306707456222,
2008-10-07,False,,,100.03,,,58.941361169663004,108.1156954487452,-45.48306707456222,
2008-10-08,False,,,97.51,,,58.941361169663004,108.1156954487452,-45.48306707456222,
2008-10-09,False,,,90.7,,,58.941361169663004,108.1156954487452,-45.48306707456222,
2008-10-10,False,,,88.5,,,58.941361169663004,108.1156954487452,-45.48306707456222,
2008-10-13,True,2008-10-13,101.35,101.35,0.0,0.0,58.941361169663004,108.1156954487452,-45.48306707456222,
2008-10-14,True,2008-10-13,101.35,99.85,-1.4800197335964493,-2.664035520473609,57.37114237185254,108.1156954487452,-46.93541753236866,
2008-10-15,True,2008-10-13,101.35,90.02,-11.17908238776517,-20.122348297977307,47.08097518353466,108.1156954487452,-56.45315419919348,
2008-10-16,True,2008-10-13,101.35,93.77,-7.479033053774053,-13.462259496793296,51.00652217806081,108.1156954487452,-52.8222780546774,RAW_DECISION
2008-10-17,False,,,93.21,,,51.00652217806081,108.1156954487452,-52.8222780546774,
2008-10-20,False,,,98.81,,,51.00652217806081,108.1156954487452,-52.8222780546774,
2008-10-21,False,,,95.86,,,51.00652217806081,108.1156954487452,-52.8222780546774,
2008-10-22,False,,,90.64,,,51.00652217806081,108.1156954487452,-52.8222780546774,
2008-10-23,False,,,91.69,,,51.00652217806081,108.1156954487452,-52.8222780546774,
2008-10-24,False,,,87.04,,,51.00652217806081,108.1156954487452,-52.8222780546774,
2008-10-27,False,,,83.95,,,51.00652217806081,108.1156954487452,-52.8222780546774,
2008-10-28,False,,,93.76,,,51.00652217806081,108.1156954487452,-52.8222780546774,
2008-10-29,True,2008-10-29,93.08,93.08,0.0,0.0,51.00652217806081,108.1156954487452,-52.8222780546774,
2008-10-30,True,2008-10-29,93.08,96.3,3.459389772238941,6.226901590030094,54.18264811858553,108.1156954487452,-49.88456773672413,
2008-10-31,True,2008-10-29,93.08,96.83,4.028792436613671,7.251826385904607,54.70542661190171,108.1156954487452,-49.401031566377796,RAW_DECISION
2008-11-03,False,,,97.11,,,54.70542661190171,108.1156954487452,-49.401031566377796,
2008-11-04,False,,,100.41,,,54.70542661190171,108.1156954487452,-49.401031566377796,
2008-11-05,True,2008-11-05,96.19,96.19,0.0,0.0,54.70542661190171,108.1156954487452,-49.401031566377796,
2008-11-06,True,2008-11-05,96.19,90.86,-5.541116540180891,-9.974009772325603,49.24910201563822,108.1156954487452,-54.447777622643216,RAW_DECISION
2008-11-07,False,,,93.86,,,49.24910201563822,108.1156954487452,-54.447777622643216,
2008-11-10,True,2008-11-10,92.63,92.63,0.0,0.0,49.24910201563822,108.1156954487452,-54.447777622643216,
2008-11-11,True,2008-11-10,92.63,89.77,-3.0875526287379884,-5.557594731728379,46.512036516593575,108.1156954487452,-56.979385533672385,
2008-11-12,True,2008-11-10,92.63,85.82,-7.35182986073627,-13.233293749325286,42.73182367700393,108.1156954487452,-60.47583701918473,RAW_DECISION
2008-11-13,False,,,91.17,,,42.73182367700393,108.1156954487452,-60.47583701918473,
2008-11-14,False,,,86.62,,,42.73182367700393,108.1156954487452,-60.47583701918473,
2008-11-17,False,,,85.47,,,42.73182367700393,108.1156954487452,-60.47583701918473,
2008-11-18,False,,,87.08,,,42.73182367700393,108.1156954487452,-60.47583701918473,
2008-11-19,False,,,81.5,,,42.73182367700393,108.1156954487452,-60.47583701918473,
2008-11-20,False,,,75.45,,,42.73182367700393,108.1156954487452,-60.47583701918473,
2008-11-21,False,,,79.52,,,42.73182367700393,108.1156954487452,-60.47583701918473,
2008-11-24,False,,,85.03,,,42.73182367700393,108.1156954487452,-60.47583701918473,
2008-11-25,False,,,85.66,,,42.73182367700393,108.1156954487452,-60.47583701918473,
2008-11-26,False,,,88.97,,,42.73182367700393,108.1156954487452,-60.47583701918473,
2008-11-28,False,,,90.09,,,42.73182367700393,108.1156954487452,-60.47583701918473,
2008-12-01,False,,,82.11,,,42.73182367700393,108.1156954487452,-60.47583701918473,
2008-12-02,False,,,85.27,,,42.73182367700393,108.1156954487452,-60.47583701918473,
2008-12-03,False,,,87.32,,,42.73182367700393,108.1156954487452,-60.47583701918473,
2008-12-04,False,,,85.3,,,42.73182367700393,108.1156954487452,-60.47583701918473,
2008-12-05,False,,,87.93,,,42.73182367700393,108.1156954487452,-60.47583701918473,
2008-12-08,True,2008-12-08,91.0,91.0,0.0,0.0,42.73182367700393,108.1156954487452,-60.47583701918473,
2008-12-09,True,2008-12-08,91.0,89.5,-1.6483516483516536,-2.9670329670329765,41.46395638109282,108.1156954487452,-61.64853196476936,RAW_DECISION
2008-12-10,False,,,90.11,,,41.46395638109282,108.1156954487452,-61.64853196476936,
2008-12-11,False,,,87.94,,,41.46395638109282,108.1156954487452,-61.64853196476936,
2008-12-12,False,,,88.99,,,41.46395638109282,108.1156954487452,-61.64853196476936,
2008-12-15,False,,,87.75,,,41.46395638109282,108.1156954487452,-61.64853196476936,
2008-12-16,False,,,91.88,,,41.46395638109282,108.1156954487452,-61.64853196476936,
2008-12-17,False,,,90.99,,,41.46395638109282,108.1156954487452,-61.64853196476936,
2008-12-18,False,,,89.29,,,41.46395638109282,108.1156954487452,-61.64853196476936,
2008-12-19,False,,,88.19,,,41.46395638109282,108.1156954487452,-61.64853196476936,
2008-12-22,False,,,85.62,,,41.46395638109282,108.1156954487452,-61.64853196476936,
2008-12-23,False,,,86.16,,,41.46395638109282,108.1156954487452,-61.64853196476936,
2008-12-24,False,,,86.66,,,41.46395638109282,108.1156954487452,-61.64853196476936,
2008-12-26,False,,,87.16,,,41.46395638109282,108.1156954487452,-61.64853196476936,
2008-12-29,False,,,86.91,,,41.46395638109282,108.1156954487452,-61.64853196476936,
2008-12-30,False,,,88.97,,,41.46395638109282,108.1156954487452,-61.64853196476936,
2008-12-31,False,,,90.24,,,41.46395638109282,108.1156954487452,-61.64853196476936,
2009-01-02,True,2009-01-02,92.96,92.96,0.0,0.0,41.46395638109282,108.1156954487452,-61.64853196476936,
2009-01-05,True,2009-01-02,92.96,92.85,-0.11833046471600994,-0.2129948364888179,41.37564029499712,108.1156954487452,-61.730218611402066,
2009-01-06,True,2009-01-02,92.96,93.47,0.5486230636833067,0.9875215146299521,41.873421871172894,108.1156954487452,-61.269802966745026,
2009-01-07,True,2009-01-02,92.96,90.67,-2.4634251290877707,-4.434165232357987,39.62537604328232,108.1156954487452,-63.34909942648645,
2009-01-08,True,2009-01-02,92.96,91.042,-2.063253012048183,-3.713855421686729,39.92404498898779,108.1156954487452,-63.07285003969223,RAW_DECISION
2009-01-09,False,,,89.09,,,39.92404498898779,108.1156954487452,-63.07285003969223,
2009-01-12,False,,,86.95,,,39.92404498898779,108.1156954487452,-63.07285003969223,
2009-01-13,False,,,87.11,,,39.92404498898779,108.1156954487452,-63.07285003969223,
2009-01-14,False,,,84.37,,,39.92404498898779,108.1156954487452,-63.07285003969223,
2009-01-15,False,,,84.4,,,39.92404498898779,108.1156954487452,-63.07285003969223,
2009-01-16,False,,,85.06,,,39.92404498898779,108.1156954487452,-63.07285003969223,
2009-01-20,False,,,80.57,,,39.92404498898779,108.1156954487452,-63.07285003969223,
2009-01-21,False,,,84.05,,,39.92404498898779,108.1156954487452,-63.07285003969223,
2009-01-22,False,,,82.75,,,39.92404498898779,108.1156954487452,-63.07285003969223,
2009-01-23,False,,,83.11,,,39.92404498898779,108.1156954487452,-63.07285003969223,
2009-01-26,False,,,83.68,,,39.92404498898779,108.1156954487452,-63.07285003969223,
2009-01-27,False,,,84.53,,,39.92404498898779,108.1156954487452,-63.07285003969223,
2009-01-28,False,,,87.39,,,39.92404498898779,108.1156954487452,-63.07285003969223,
2009-01-29,False,,,84.55,,,39.92404498898779,108.1156954487452,-63.07285003969223,
2009-01-30,False,,,82.83,,,39.92404498898779,108.1156954487452,-63.07285003969223,
2009-02-02,True,2009-02-02,82.58,82.58,0.0,0.0,39.92404498898779,108.1156954487452,-63.07285003969223,
2009-02-03,True,2009-02-02,82.58,83.74,1.4046984742068336,2.5284572535723004,40.93350740043132,108.1156954487452,-62.13916283798331,
2009-02-04,True,2009-02-02,82.58,83.33,0.9082102203923359,1.6347783967062046,40.57671465155903,108.1156954487452,-62.4691729696218,
2009-02-05,True,2009-02-02,82.58,84.57,2.4097844514410216,4.337612012593839,41.655795160343494,108.1156954487452,-61.47109354710537,
2009-02-06,True,2009-02-02,82.58,86.979,5.32695567934125,9.58852022281425,43.752170116522336,108.1156954487452,-59.53208279803918,
2009-02-09,True,2009-02-02,82.58,87.1,5.473480261564534,9.852264470816161,43.85746748875049,108.1156954487452,-59.434689564067824,
2009-02-10,True,2009-02-02,82.58,83.11,0.6418018890772537,1.1552434003390566,40.385264883871464,108.1156954487452,-62.646251576842474,
2009-02-11,True,2009-02-02,82.58,83.6,1.2351658997335813,2.2232986195204463,40.81167573008467,108.1156954487452,-62.25184922439646,
2009-02-12,True,2009-02-02,82.58,83.66,1.3078227173649815,2.3540808912569666,40.86388930309039,108.1156954487452,-62.203555058790805,
2009-02-13,True,2009-02-02,82.58,82.76,0.21797045289417838,0.3923468152095211,40.0806857080049,108.1156954487452,-62.92796754287531,
2009-02-17,True,2009-02-02,82.58,79.22,-4.068781787357711,-7.32380721724388,37.000084900668604,108.1156954487452,-65.77732331360771,
2009-02-18,True,2009-02-02,82.58,79.03,-4.298861709857105,-7.73795107774279,36.83474191948389,108.1156954487452,-65.93025483802556,
2009-02-19,True,2009-02-02,82.58,78.181,-5.32695567934125,-9.58852022281425,36.09591986145324,108.1156954487452,-66.61361728134527,
2009-02-20,True,2009-02-02,82.58,77.42,-6.24848631629934,-11.247275369338812,35.43367771049762,108.1156954487452,-67.22614828177673,
2009-02-23,True,2009-02-02,82.58,74.65,-9.602809396948409,-17.285056914507138,33.02315109006781,108.1156954487452,-69.45572892723682,
2009-02-24,True,2009-02-02,82.58,77.48,-6.175829498667951,-11.116493097602312,35.48589128350332,108.1156954487452,-67.1778541161711,RAW_DECISION
2009-02-25,False,,,76.872,,,35.48589128350332,108.1156954487452,-67.1778541161711,
2009-02-26,False,,,75.62,,,35.48589128350332,108.1156954487452,-67.1778541161711,
2009-02-27,False,,,73.93,,,35.48589128350332,108.1156954487452,-67.1778541161711,
2009-03-02,False,,,70.6,,,35.48589128350332,108.1156954487452,-67.1778541161711,
2009-03-03,True,2009-03-03,70.07,70.07,0.0,0.0,35.48589128350332,108.1156954487452,-67.1778541161711,
2009-03-04,True,2009-03-03,70.07,71.73,2.36905951191666,4.264307121449988,36.99911867261575,108.1156954487452,-65.77821701183427,
2009-03-05,True,2009-03-03,70.07,68.8,-1.8124732410446653,-3.2624518338803976,34.328181172555865,108.1156954487452,-68.24866081647696,
2009-03-06,True,2009-03-03,70.07,68.92,-1.6412159269301951,-2.9541886684743512,34.43757110429894,108.1156954487452,-68.14748223062128,RAW_DECISION
2009-03-09,False,,,68.11,,,34.43757110429894,108.1156954487452,-68.14748223062128,
2009-03-10,False,,,72.17,,,34.43757110429894,108.1156954487452,-68.14748223062128,
2009-03-11,False,,,72.64,,,34.43757110429894,108.1156954487452,-68.14748223062128,
2009-03-12,False,,,75.5,,,34.43757110429894,108.1156954487452,-68.14748223062128,
2009-03-13,False,,,76.09,,,34.43757110429894,108.1156954487452,-68.14748223062128,
2009-03-16,False,,,75.86,,,34.43757110429894,108.1156954487452,-68.14748223062128,
2009-03-17,False,,,78.18,,,34.43757110429894,108.1156954487452,-68.14748223062128,
2009-03-18,False,,,79.93,,,34.43757110429894,108.1156954487452,-68.14748223062128,
2009-03-19,False,,,78.94,,,34.43757110429894,108.1156954487452,-68.14748223062128,
2009-03-20,False,,,76.71,,,34.43757110429894,108.1156954487452,-68.14748223062128,
2009-03-23,False,,,82.24,,,34.43757110429894,108.1156954487452,-68.14748223062128,
2009-03-24,False,,,80.6,,,34.43757110429894,108.1156954487452,-68.14748223062128,
2009-03-25,False,,,81.45,,,34.43757110429894,108.1156954487452,-68.14748223062128,
2009-03-26,False,,,83.11,,,34.43757110429894,108.1156954487452,-68.14748223062128,
2009-03-27,False,,,81.61,,,34.43757110429894,108.1156954487452,-68.14748223062128,
2009-03-30,False,,,78.79,,,34.43757110429894,108.1156954487452,-68.14748223062128,
2009-03-31,False,,,79.52,,,34.43757110429894,108.1156954487452,-68.14748223062128,
2009-04-01,True,2009-04-01,81.06,81.06,0.0,0.0,34.43757110429894,108.1156954487452,-68.14748223062128,
2009-04-02,True,2009-04-01,81.06,83.43,2.9237601776461952,5.262768319763151,36.249940686471895,108.1156954487452,-66.4711580164075,
2009-04-03,True,2009-04-01,81.06,84.26,3.947693066864044,7.10584752035528,36.88465239668435,108.1156954487452,-65.88409088653516,
2009-04-06,True,2009-04-01,81.06,83.6,3.133481371823321,5.640266469281978,36.37994188012985,108.1156954487452,-66.35091535125294,
2009-04-07,True,2009-04-01,81.06,81.65,0.7278559092030568,1.3101406365655022,34.888751717582494,108.1156954487452,-67.73016945155541,
2009-04-08,True,2009-04-01,81.06,82.53,1.81347150259068,3.264248704663224,35.561699072988496,108.1156954487452,-67.10773683193172,
2009-04-09,True,2009-04-01,81.06,85.81,5.859856896126336,10.547742413027406,38.06995739768355,108.1156954487452,-64.78776070424344,
2009-04-13,True,2009-04-01,81.06,85.83,5.884529977794228,10.592153960029611,38.085251655760956,108.1156954487452,-64.77361450834289,
2009-04-14,True,2009-04-01,81.06,84.35,4.058721934369602,7.305699481865284,36.9534765580327,108.1156954487452,-65.82043300498273,
2009-04-15,True,2009-04-01,81.06,85.25,5.169010609425118,9.304219096965213,37.641718171516096,108.1156954487452,-65.18385418945851,
2009-04-16,True,2009-04-01,81.06,86.5,6.711078213668875,12.079940784603975,38.59760930135414,108.1156954487452,-64.29971694567487,
2009-04-17,True,2009-04-01,81.06,87.08,7.426597582037986,13.367875647668376,39.041142785599,108.1156954487452,-63.88947726455927,
2009-04-20,True,2009-04-01,81.06,83.43,2.9237601776461952,5.262768319763151,36.249940686471895,108.1156954487452,-66.4711580164075,
2009-04-21,True,2009-04-01,81.06,85.06,4.934616333580055,8.8823094004441,37.4964227197807,108.1156954487452,-65.31824305051363,
2009-04-22,True,2009-04-01,81.06,84.54,4.293116210214665,7.7276091783863965,37.09877200976808,108.1156954487452,-65.68604414392763,
2009-04-23,True,2009-04-01,81.06,85.37,5.317049099432514,9.570688378978526,37.73348371998054,108.1156954487452,-65.0989770140553,
2009-04-24,True,2009-04-01,81.06,86.66,6.908462867012077,12.43523316062174,38.71996336597341,108.1156954487452,-64.18654737847056,
2009-04-27,True,2009-04-01,81.06,85.84,5.896866518628174,10.614359733530714,38.09289878479965,108.1156954487452,-64.76654141039265,
2009-04-28,True,2009-04-01,81.06,85.57,5.563779916111522,10.01480384900074,37.886426300754636,108.1156954487452,-64.9575150550499,
2009-04-29,True,2009-04-01,81.06,87.39,7.809030347890444,14.0562546262028,39.27820378579884,108.1156954487452,-63.670211228100925,
2009-04-30,True,2009-04-01,81.06,87.42,7.8460399703923045,14.122871946706148,39.30114517291496,108.1156954487452,-63.64899193425011,
2009-05-01,True,2009-04-01,81.06,87.89,8.425857389587964,15.166543301258336,39.66056023773407,108.1156954487452,-63.31655633058746,
2009-05-04,True,2009-04-01,81.06,90.88,12.114483098939054,21.806069578090298,41.94705182030669,108.1156954487452,-61.201700043456974,
2009-05-05,True,2009-04-01,81.06,90.57,11.732050333086598,21.117690599555875,41.70999082010685,108.1156954487452,-61.42096607991532,
2009-05-06,True,2009-04-01,81.06,92.141,13.67012089810018,24.606217616580324,42.91135479208732,108.1156954487452,-60.30978239192804,
2009-05-07,True,2009-04-01,81.06,90.86,12.089810017271162,21.761658031088093,41.93175756222928,108.1156954487452,-61.21584623935752,RAW_DECISION
2009-05-08,False,,,92.98,,,41.93175756222928,108.1156954487452,-61.21584623935752,
2009-05-11,False,,,91.24,,,41.93175756222928,108.1156954487452,-61.21584623935752,
2009-05-12,False,,,90.97,,,41.93175756222928,108.1156954487452,-61.21584623935752,
2009-05-13,False,,,88.68,,,41.93175756222928,108.1156954487452,-61.21584623935752,
2009-05-14,False,,,89.44,,,41.93175756222928,108.1156954487452,-61.21584623935752,
2009-05-15,False,,,88.71,,,41.93175756222928,108.1156954487452,-61.21584623935752,
2009-05-18,False,,,91.23,,,41.93175756222928,108.1156954487452,-61.21584623935752,
2009-05-19,False,,,91.12,,,41.93175756222928,108.1156954487452,-61.21584623935752,
2009-05-20,False,,,90.51,,,41.93175756222928,108.1156954487452,-61.21584623935752,
2009-05-21,False,,,89.21,,,41.93175756222928,108.1156954487452,-61.21584623935752,
2009-05-22,False,,,89.02,,,41.93175756222928,108.1156954487452,-61.21584623935752,
2009-05-26,True,2009-05-26,91.3,91.3,0.0,0.0,41.93175756222928,108.1156954487452,-61.21584623935752,
2009-05-27,True,2009-05-26,91.3,89.67,-1.785323110624315,-3.213581599123767,40.58424631702029,108.1156954487452,-62.4622066679854,
2009-05-28,True,2009-05-26,91.3,90.92,-0.41621029572835866,-0.7491785323110456,41.61761383635234,108.1156954487452,-61.506408793270765,
2009-05-29,True,2009-05-26,91.3,92.53,1.3472070098576205,2.424972617743717,42.94859120125202,108.1156954487452,-60.275341130638324,
2009-06-01,True,2009-05-26,91.3,94.77,3.8006571741511452,6.841182913472061,44.80038579589504,108.1156954487452,-58.562551339149714,
2009-06-02,True,2009-05-26,91.3,94.85,3.8882803943044886,6.998904709748079,44.866521317132296,108.1156954487452,-58.50138027516798,
2009-06-03,True,2009-05-26,91.3,93.65,2.573932092004383,4.633077765607889,43.87448849857353,108.1156954487452,-59.41894623489402,
2009-06-04,True,2009-05-26,91.3,94.53,3.5377875136911374,6.368017524644047,44.6019792321833,108.1156954487452,-58.74606453109492,
2009-06-05,True,2009-05-26,91.3,94.55,3.5596933187294733,6.407447973713052,44.61851311249261,108.1156954487452,-58.73077176509949,
2009-06-08,True,2009-05-26,91.3,94.16,3.1325301204819356,5.638554216867484,44.296102446461006,108.1156954487452,-59.02898070201045,
2009-06-09,True,2009-05-26,91.3,94.64,3.6582694414019734,6.584884994523552,44.692915573884505,108.1156954487452,-58.661954318120046,
2009-06-10,True,2009-05-26,91.3,94.4,3.3953997809419656,6.111719605695538,44.49450901017277,108.1156954487452,-58.845467510065234,
2009-06-11,True,2009-05-26,91.3,94.82,3.8554216867469737,6.939759036144553,44.84172049666831,108.1156954487452,-58.52431942416114,
2009-06-12,True,2009-05-26,91.3,95.08,4.14019715224534,7.452354874041611,45.05666094068938,108.1156954487452,-58.32551346622049,
2009-06-15,True,2009-05-26,91.3,92.9,1.7524644030668224,3.1544359255202803,43.254467986974305,108.1156954487452,-59.99242495972279,
2009-06-16,True,2009-05-26,91.3,91.64,0.3723986856517092,0.6703176341730765,42.212833527487604,108.1156954487452,-60.95586921743514,
2009-06-17,True,2009-05-26,91.3,91.55,0.27382256297918683,0.4928806133625363,42.13843106609569,108.1156954487452,-61.024686664414595,
2009-06-18,True,2009-05-26,91.3,92.219,1.0065717415115083,1.811829134720715,42.691489362442205,108.1156954487452,-60.51314364186733,
2009-06-19,True,2009-05-26,91.3,92.04,0.8105147864184037,1.4589266155531266,42.54351113367386,108.1156954487452,-60.650013897526456,
2009-06-22,True,2009-05-26,91.3,89.28,-2.2124863088718416,-3.982475355969315,40.2618356509887,108.1156954487452,-62.76041560489636,
2009-06-23,True,2009-05-26,91.3,89.35,-2.1358159912376773,-3.844468784227819,40.31970423207129,108.1156954487452,-62.70689092391234,
2009-06-24,True,2009-05-26,91.3,90.118,-1.2946330777656057,-2.33033953997809,40.9546052359489,108.1156954487452,-62.11964870968767,
2009-06-25,True,2009-05-26,91.3,92.08,0.8543263964950754,1.5377875136911356,42.57657889429248,108.1156954487452,-60.61942836553559,
2009-06-26,True,2009-05-26,91.3,91.84,0.5914567360350453,1.0646221248630816,42.378172330580725,108.1156954487452,-60.80294155748081,
2009-06-29,True,2009-05-26,91.3,92.7,1.533406352683464,2.7601314348302353,43.08912918388117,108.1156954487452,-60.14535261967714,
2009-06-30,True,2009-05-26,91.3,91.95,0.7119386637459035,1.2814895947426264,42.469108672281955,108.1156954487452,-60.71883134450591,
2009-07-01,True,2009-05-26,91.3,92.33,1.1281489594742622,2.030668127053672,42.78325239815889,108.1156954487452,-60.42826879059267,
2009-07-02,True,2009-05-26,91.3,89.81,-1.6319824753559642,-2.9375684556407355,40.699983479185484,108.1156954487452,-62.35515730601735,
2009-07-06,True,2009-05-26,91.3,89.8,-1.642935377875132,-2.957283680175238,40.69171653903083,108.1156954487452,-62.36280368901508,
2009-07-07,True,2009-05-26,91.3,88.06,-3.5487404162102942,-6.38773274917853,39.253268952120614,108.1156954487452,-63.69327433061785,
2009-07-08,True,2009-05-26,91.3,88.0,-3.6144578313253017,-6.506024096385543,39.203667311192675,108.1156954487452,-63.739152628604145,
2009-07-09,True,2009-05-26,91.3,88.17,-3.428258488499447,-6.170865279299005,39.34420529382184,108.1156954487452,-63.60916411764295,
2009-07-10,True,2009-05-26,91.3,87.96,-3.6582694414019734,-6.584884994523552,39.170599550574046,108.1156954487452,-63.76973816059501,
2009-07-13,True,2009-05-26,91.3,90.102,-1.3121577217962699,-2.361883899233286,40.94137813170145,108.1156954487452,-62.13188292248402,
2009-07-14,True,2009-05-26,91.3,90.61,-0.7557502738225641,-1.3603504928806154,41.36133869155799,108.1156954487452,-61.7434466662,
2009-07-15,True,2009-05-26,91.3,93.26,2.146768893756845,3.8641840087623214,43.552077832541926,108.1156954487452,-59.71715517180498,
2009-07-16,True,2009-05-26,91.3,93.11,1.9824753559693375,3.5684556407448076,43.42807373022209,108.1156954487452,-59.83185091677073,
2009-07-17,True,2009-05-26,91.3,94.13,3.0996714129244207,5.579408543263957,44.271301625997026,108.1156954487452,-59.05191985100361,
2009-07-20,True,2009-05-26,91.3,95.131,4.196056955093108,7.552902519167595,45.09882233547815,108.1156954487452,-58.286516912932115,
2009-07-21,True,2009-05-26,91.3,95.57,4.676889375684556,8.418400876232202,45.46174100826755,108.1156954487452,-57.95084069933235,
2009-07-22,True,2009-05-26,91.3,95.55,4.654983570646221,8.378970427163198,45.44520712795824,108.1156954487452,-57.966133465327786,
2009-07-23,True,2009-05-26,91.3,97.661,6.967141292442491,12.540854326396484,47.1903581946062,108.1156954487452,-56.35198201450973,
2009-07-24,True,2009-05-26,91.3,97.86,7.185104052573932,12.933187294633077,47.35487030368387,108.1156954487452,-56.19981899285516,
2009-07-27,True,2009-05-26,91.3,98.35,7.721796276013149,13.899233296823668,47.75995037126203,108.1156954487452,-55.82514622596702,
2009-07-28,True,2009-05-26,91.3,97.89,7.217962760131447,12.992332968236605,47.37967112414784,108.1156954487452,-56.176879843862,
2009-07-29,True,2009-05-26,91.3,97.79,7.1084337349397675,12.795180722891581,47.29700172260127,108.1156954487452,-56.25334367383916,
2009-07-30,True,2009-05-26,91.3,98.67,8.072289156626521,14.530120481927739,48.02449245621104,108.1156954487452,-55.58046197004005,
2009-07-31,True,2009-05-26,91.3,98.81,8.22562979189485,14.80613362541073,48.14022961837621,108.1156954487452,-55.47341260807204,
2009-08-03,True,2009-05-26,91.3,100.44,10.010952902519165,18.019715224534497,49.4877408635852,108.1156954487452,-54.22705217944417,
2009-08-04,True,2009-05-26,91.3,100.7,10.295728368017532,18.532311062431557,49.70268130760628,108.1156954487452,-54.02824622150351,
2009-08-05,True,2009-05-26,91.3,100.41,9.978094194961674,17.960569550931012,49.46294004312124,108.1156954487452,-54.24999132843731,
2009-08-06,True,2009-05-26,91.3,99.87,9.386637458926629,16.89594742606793,49.0165252747698,108.1156954487452,-54.66289601031402,
2009-08-07,True,2009-05-26,91.3,101.202,10.845564074479741,19.522015334063536,50.11768170337002,108.1156954487452,-53.64439779501813,
2009-08-10,True,2009-05-26,91.3,100.99,10.61336254107339,19.1040525739321,49.94242257209131,108.1156954487452,-53.80650111456973,
2009-08-11,True,2009-05-26,91.3,99.73,9.233296823658277,16.6199342825849,48.90078811260461,108.1156954487452,-54.76994537228206,
2009-08-12,True,2009-05-26,91.3,100.8,10.405257393209212,18.72946330777658,49.785350709152844,108.1156954487452,-53.951782391526336,
2009-08-13,True,2009-05-26,91.3,101.57,11.248630887185108,20.247535596933194,50.421905101061384,108.1156954487452,-53.36301090070212,
2009-08-14,True,2009-05-26,91.3,100.79,10.394304490690054,18.709748083242097,49.777083768998196,108.1156954487452,-53.95942877452404,
2009-08-17,True,2009-05-26,91.3,98.31,7.677984665936477,13.82037239868566,47.7268826106434,108.1156954487452,-55.855731757957884,
2009-08-18,True,2009-05-26,91.3,99.09,8.532311062431553,15.358159912376797,48.3717039427066,108.1156954487452,-55.25931388413595,
2009-08-19,True,2009-05-26,91.3,99.96,9.485213581599128,17.073384446878432,49.0909277361617,108.1156954487452,-54.59407856333458,
2009-08-20,True,2009-05-26,91.3,100.99,10.61336254107339,19.1040525739321,49.94242257209131,108.1156954487452,-53.80650111456973,
2009-08-21,True,2009-05-26,91.3,102.97,12.782037239868572,23.00766703176343,51.579276722713274,108.1156954487452,-52.292517281021745,
2009-08-24,True,2009-05-26,91.3,102.96,12.771084337349393,22.987951807228907,51.571009782558605,108.1156954487452,-52.300163664019486,
2009-08-25,True,2009-05-26,91.3,103.16,12.99014238773275,23.38225629791895,51.73634858565174,108.1156954487452,-52.14723600406512,
2009-08-26,True,2009-05-26,91.3,103.17,13.001095290251929,23.401971522453472,51.7446155258064,108.1156954487452,-52.13958962106741,
2009-08-27,True,2009-05-26,91.3,103.4,13.25301204819278,23.855421686747004,51.934755149363504,108.1156954487452,-51.96372281211992,
2009-08-28,True,2009-05-26,91.3,103.38,13.231106243154445,23.815991237678002,51.918221269054186,108.1156954487452,-51.97901557811535,
2009-08-31,True,2009-05-26,91.3,102.46,12.223439211391018,22.002190580503832,51.157662774825795,108.1156954487452,-52.68248281390532,
2009-09-01,True,2009-05-26,91.3,100.2,9.748083242059158,17.546549835706486,49.28933429987347,108.1156954487452,-54.41056537138935,
2009-09-02,True,2009-05-26,91.3,99.82,9.331872946330776,16.797371303395398,48.975190573996514,108.1156954487452,-54.701127925302615,
2009-09-03,True,2009-05-26,91.3,100.65,10.240963855421704,18.433734939759066,49.661346606833,108.1156954487452,-54.066478136492094,
2009-09-04,True,2009-05-26,91.3,102.06,11.785323110624324,21.213581599123785,50.826985168639546,108.1156954487452,-52.988338133814,
2009-09-08,True,2009-05-26,91.3,102.94,12.749178532311056,22.9485213581599,51.554475902249294,108.1156954487452,-52.315456430014905,
2009-09-09,True,2009-05-26,91.3,103.73,13.61445783132531,24.50602409638556,52.20756417446716,108.1156954487452,-51.71139217319525,
2009-09-10,True,2009-05-26,91.3,104.79,14.775465498357065,26.595837897042717,53.08385983086073,108.1156954487452,-50.900875575437254,
2009-09-11,True,2009-05-26,91.3,104.77,14.75355969331873,26.556407447973715,53.06732595055142,108.1156954487452,-50.91616834143269,
2009-09-14,True,2009-05-26,91.3,105.28,15.312157721796282,27.561883899233308,53.48893989843889,108.1156954487452,-50.526202808549115,
2009-09-15,True,2009-05-26,91.3,105.72,15.794085432639648,28.429353778751366,53.85268526524378,108.1156954487452,-50.18976195664957,
2009-09-16,True,2009-05-26,91.3,107.32,17.54654983570645,31.583789704271613,55.17539568998878,108.1156954487452,-48.966340677014855,
2009-09-17,True,2009-05-26,91.3,107.16,17.371303395399785,31.268346111719612,55.0431246475143,108.1156954487452,-49.08868280497831,
2009-09-18,True,2009-05-26,91.3,106.72,16.88937568455642,30.400876232201558,54.67937928070942,108.1156954487452,-49.42512365687786,
2009-09-21,True,2009-05-26,91.3,106.45,16.593647316538895,29.86856516977001,54.4561718965337,108.1156954487452,-49.63157599781621,
2009-09-22,True,2009-05-26,91.3,107.07,17.272727272727263,31.090909090909072,54.96872218612238,108.1156954487452,-49.15750025195778,
2009-09-23,True,2009-05-26,91.3,106.18,16.29791894852137,29.33625410733847,54.232964512357974,108.1156954487452,-49.83802833875458,
2009-09-24,True,2009-05-26,91.3,105.01,15.01642935377876,27.02957283680177,53.26573251426317,108.1156954487452,-50.732655149487485,
2009-09-25,True,2009-05-26,91.3,104.45,14.40306681270538,25.925520262869682,52.80278386560243,108.1156954487452,-51.16085259735962,
2009-09-28,True,2009-05-26,91.3,106.32,16.4512595837897,29.61226725082146,54.348701674523156,108.1156954487452,-49.730978976786545,
2009-09-29,True,2009-05-26,91.3,106.0,16.10076670317635,28.98138006571743,54.08415958957416,108.1156954487452,-49.97566323271349,
2009-09-30,True,2009-05-26,91.3,105.59,15.651697699890477,28.173055859802858,53.745215043233245,108.1156954487452,-50.28916493561988,
2009-10-01,True,2009-05-26,91.3,103.724,13.607886089813803,24.494194961664846,52.202604010374365,108.1156954487452,-51.71598000299389,
2009-10-02,True,2009-05-26,91.3,102.49,12.256297918948512,22.06133625410732,51.182463595289754,108.1156954487452,-52.65954366491218,
2009-10-05,True,2009-05-26,91.3,104.02,13.932092004381168,25.077765607886104,52.44730543895219,108.1156954487452,-51.48964706626147,
2009-10-06,True,2009-05-26,91.3,105.51,15.564074479737133,28.01533406352684,53.67907952199599,108.1156954487452,-50.350335999601626,
2009-10-07,True,2009-05-26,91.3,105.8,15.881708652792991,28.587075575027384,53.91882078648103,108.1156954487452,-50.12859089266784,
2009-10-08,True,2009-05-26,91.3,106.61,16.76889375684556,30.18400876232201,54.58844293900819,108.1156954487452,-49.50923386985275,
2009-10-09,True,2009-05-26,91.3,107.26,17.48083242059146,31.465498357064632,55.12579404906086,108.1156954487452,-49.01221897500114,
2009-10-12,True,2009-05-26,91.3,107.68,17.940854326396515,32.29353778751373,55.47300553555644,108.1156954487452,-48.69107088909701,
2009-10-13,True,2009-05-26,91.3,107.46,17.6998904709748,31.85980284775464,55.29113285215398,108.1156954487452,-48.859291315046804,
2009-10-14,True,2009-05-26,91.3,109.31,19.72617743702081,35.507119386637456,56.820516780765416,108.1156954487452,-47.44471046046915,
2009-10-15,True,2009-05-26,91.3,109.71,20.164293537787504,36.29572836801751,57.15119438695166,108.1156954487452,-47.13885514056047,
2009-10-16,True,2009-05-26,91.3,108.89,19.26615553121578,34.6790799561884,56.47330529426984,108.1156954487452,-47.76585854637327,
2009-10-19,True,2009-05-26,91.3,109.79,20.25191675794087,36.453450164293564,57.21732990818892,108.1156954487452,-47.07768407657873,
2009-10-20,True,2009-05-26,91.3,109.211,19.617743702081047,35.311938663745885,56.738674073234314,108.1156954487452,-47.520409652146554,
2009-10-21,True,2009-05-26,91.3,108.23,18.543263964950718,33.37787513691129,55.927687244062525,108.1156954487452,-48.27051982422259,
2009-10-22,True,2009-05-26,91.3,109.33,19.748083242059145,35.546549835706465,56.83705066107473,108.1156954487452,-47.42941769447372,
2009-10-23,True,2009-05-26,91.3,108.08,18.37897042716321,33.08214676889378,55.80368314174269,108.1156954487452,-48.38521556918835,
2009-10-26,True,2009-05-26,91.3,106.91,17.097480832420597,30.775465498357075,54.836451143647885,108.1156954487452,-49.279842379921234,
2009-10-27,True,2009-05-26,91.3,106.42,16.56078860898138,29.809419496166484,54.43137107606972,108.1156954487452,-49.65451514680937,
2009-10-28,True,2009-05-26,91.3,104.41,14.359255202628706,25.84665936473167,52.76971610498379,108.1156954487452,-51.191438129350495,
2009-10-29,True,2009-05-26,91.3,106.65,16.812705366922252,30.262869660460055,54.62151069962683,108.1156954487452,-49.47864833786188,
2009-10-30,True,2009-05-26,91.3,103.56,13.428258488499466,24.17086527929904,52.067026191838,108.1156954487452,-51.84138068415645,
2009-11-02,True,2009-05-26,91.3,104.32,14.260679079956184,25.66922234392113,52.695313643591874,108.1156954487452,-51.26025557632996,
2009-11-03,True,2009-05-26,91.3,104.65,14.622124863088736,26.319824753559725,52.96812266869556,108.1156954487452,-51.00792493740527,
2009-11-04,True,2009-05-26,91.3,104.92,14.91785323110626,26.852135815991268,53.19133005287127,108.1156954487452,-50.80147259646692,
2009-11-05,True,2009-05-26,91.3,106.8501,17.031872946330772,30.65737130339539,54.78693217212148,108.1156954487452,-49.32564421407758,
2009-11-06,True,2009-05-26,91.3,107.13,17.33844468784227,31.209200438116085,55.01832382705031,108.1156954487452,-49.11162195397147,
2009-11-09,True,2009-05-26,91.3,109.57,20.010952902519175,36.019715224534515,57.03545722478648,108.1156954487452,-47.24590450252851,
2009-11-10,True,2009-05-26,91.3,109.59,20.03285870755751,36.05914567360352,57.051991105095794,108.1156954487452,-47.23061173653308,
2009-11-11,True,2009-05-26,91.3,110.15,20.64622124863089,37.163198247535604,57.51493975375655,108.1156954487452,-46.80241428866092,
2009-11-12,True,2009-05-26,91.3,109.03,19.41949616648413,34.95509309967144,56.589042456435045,108.1156954487452,-47.658809184405214,
2009-11-13,True,2009-05-26,91.3,109.62,20.065717415115024,36.11829134720705,57.076791925559775,108.1156954487452,-47.20767258753992,
2009-11-16,True,2009-05-26,91.3,111.21,21.807228915662648,39.253012048192765,58.39123541015012,108.1156954487452,-45.99189769090293,
2009-11-17,True,2009-05-26,91.3,111.339,21.948521358159923,39.50733844468786,58.49787893814519,108.1156954487452,-45.89325935023238,
2009-11-18,True,2009-05-26,91.3,111.27,21.872946330777655,39.37130339539978,58.44083705107806,108.1156954487452,-45.94601939291662,
2009-11-19,True,2009-05-26,91.3,109.82,20.284775465498363,36.51259583789705,57.24213072865289,108.1156954487452,-47.05474492758559,
2009-11-20,True,2009-05-26,91.3,109.43,19.857612267250822,35.74370208105148,56.91972006262129,108.1156954487452,-47.35295386449655,
2009-11-23,True,2009-05-26,91.3,110.82,21.380065717415107,38.484118291347194,58.068824744118515,108.1156954487452,-46.290106627813884,
2009-11-24,True,2009-05-26,91.3,110.99,21.56626506024095,38.81927710843372,58.20936272674767,108.1156954487452,-46.16011811685271,
2009-11-25,True,2009-05-26,91.3,111.38,21.99342825848849,39.58817086527928,58.53177339277927,108.1156954487452,-45.86190917994174,
2009-11-27,True,2009-05-26,91.3,109.57,20.010952902519175,36.019715224534515,57.03545722478648,108.1156954487452,-47.24590450252851,
2009-11-30,True,2009-05-26,91.3,109.94,20.416210295728376,36.74917853231108,57.34133401050877,108.1156954487452,-46.962988331612976,
2009-12-01,True,2009-05-26,91.3,111.3,21.905805038335167,39.4304490690033,58.465637871542036,108.1156954487452,-45.923080243923465,
2009-12-02,True,2009-05-26,91.3,111.25,21.851040525739318,39.331872946330776,58.42430317076875,108.1156954487452,-45.96131215891205,
2009-12-03,True,2009-05-26,91.3,110.38,20.89813800657174,37.61664841182914,57.705079377313645,108.1156954487452,-46.62654747971343,
2009-12-04,True,2009-05-26,91.3,111.01,21.58817086527931,38.85870755750276,58.225896607057,108.1156954487452,-46.14482535085725,
2009-12-07,True,2009-05-26,91.3,110.84,21.401971522453465,38.52354874041624,58.08535862442785,108.1156954487452,-46.274813861818444,
2009-12-08,True,2009-05-26,91.3,109.61,20.054764512595845,36.098576122672526,57.06852498540511,108.1156954487452,-47.21531897053764,
2009-12-09,True,2009-05-26,91.3,110.021,20.504928806133638,36.90887185104055,57.40829622576149,108.1156954487452,-46.90105262933146,
2009-12-10,True,2009-05-26,91.3,110.64,21.18291347207011,38.1292442497262,57.92001982133471,108.1156954487452,-46.427741521772795,
2009-12-11,True,2009-05-26,91.3,111.11,21.697699890470968,39.05585980284774,58.30856600860355,108.1156954487452,-46.068361520880096,
2009-12-14,True,2009-05-26,91.3,111.87,22.530120481927728,40.55421686746991,58.936853460357455,108.1156954487452,-45.48723641305359,
2009-12-15,True,2009-05-26,91.3,111.35,21.960569550930998,39.5290251916758,58.50697257231531,108.1156954487452,-45.88484832893488,
2009-12-16,True,2009-05-26,91.3,111.52,22.146768893756843,39.864184008762315,58.64751055494446,108.1156954487452,-45.7548598179737,
2009-12-17,True,2009-05-26,91.3,110.18,20.679079956188406,37.222343921139135,57.539740574220524,108.1156954487452,-46.77947513966777,
2009-12-18,True,2009-05-26,91.3,110.21,20.711938663745897,37.28148959474262,57.56454139468449,108.1156954487452,-46.75653599067462,
2009-12-21,True,2009-05-26,91.3,111.33,21.93866374589266,39.48959474260679,58.490438692005995,108.1156954487452,-45.900141094930326,
2009-12-22,True,2009-05-26,91.3,111.73,22.376779846659378,40.278203723986884,58.82111629819226,108.1156954487452,-45.594285775021625,
2009-12-23,True,2009-05-26,91.3,111.95,22.61774370208105,40.71193866374589,59.0029889815947,108.1156954487452,-45.426065349071855,
2009-12-24,True,2009-05-26,91.3,112.48,23.198247535596938,41.75684556407449,59.44113680979148,108.1156954487452,-45.02080705019286,
2009-12-28,True,2009-05-26,91.3,112.72,23.461117196056968,42.230010952902546,59.63954337350325,108.1156954487452,-44.83729385824763,
2009-12-29,True,2009-05-26,91.3,112.562,23.288061336254117,41.918510405257415,59.508925719059675,108.1156954487452,-44.95810670961157,
2009-12-30,True,2009-05-26,91.3,112.52,23.24205914567361,41.8357064622125,59.474204570410116,108.1156954487452,-44.99022151820198,
2009-12-31,True,2009-05-26,91.3,111.44,22.059145673603496,39.706462212486294,58.58137503370722,108.1156954487452,-45.81603088195543,
2010-01-04,True,2009-05-26,91.3,113.33,24.129244249726177,43.432639649507124,60.14382672293728,108.1156954487452,-44.37086449538691,
2010-01-05,True,2009-05-26,91.3,113.63,24.457831325301193,44.02409638554215,60.39183492757695,108.1156954487452,-44.14147300545541,
2010-01-06,True,2009-05-26,91.3,113.71,24.545454545454536,44.181818181818166,60.45797044881421,108.1156954487452,-44.080301941473664,
2010-01-07,True,2009-05-26,91.3,114.19,25.071193866374596,45.128148959474274,60.85478357623773,108.1156954487452,-43.713275557583245,
2010-01-08,True,2009-05-26,91.3,114.57,25.487404162102955,45.87732749178532,61.16892730211467,108.1156954487452,-43.42271300367,
2010-01-11,True,2009-05-26,91.3,114.73,25.66265060240964,46.19277108433736,61.301198344589174,108.1156954487452,-43.30037087570652,
2010-01-12,True,2009-05-26,91.3,113.66,24.49069003285871,44.083242059145675,60.41663574804093,108.1156954487452,-44.11853385646225,
2010-01-13,True,2009-05-26,91.3,114.62,25.542168674698807,45.975903614457856,61.21026200288795,108.1156954487452,-43.38448108868141,
2010-01-14,True,2009-05-26,91.3,114.93,25.881708652793,46.587075575027406,61.46653714768231,108.1156954487452,-43.14744321575217,
2010-01-15,True,2009-05-26,91.3,113.64,24.46878422782037,44.04381161007667,60.40010186773162,108.1156954487452,-44.13382662245768,
2010-01-19,True,2009-05-26,91.3,115.06,26.024096385542173,46.84337349397591,61.57400736969283,108.1156954487452,-43.04804023678186,
2010-01-20,True,2009-05-26,91.3,113.89,24.74260679079956,44.53669222343921,60.60677537159803,108.1156954487452,-43.942667047514746,
2010-01-21,True,2009-05-26,91.3,111.7,22.343921139101862,40.21905805038335,58.796315477728285,108.1156954487452,-45.617224924014785,
2010-01-22,True,2009-05-26,91.3,109.21,19.61664841182913,35.30996714129243,56.73784737921885,108.1156954487452,-47.521174290446325,
2010-01-25,True,2009-05-26,91.3,109.77,20.23001095290251,36.41401971522452,57.20079602787959,108.1156954487452,-47.09297684257419,
2010-01-26,True,2009-05-26,91.3,109.31,19.72617743702081,35.507119386637456,56.820516780765416,108.1156954487452,-47.44471046046915,
2010-01-27,True,2009-05-26,91.3,109.83,20.295728368017517,36.53231106243153,57.25039766880754,108.1156954487452,-47.047098544587875,
2010-01-28,True,2009-05-26,91.3,108.57,18.915662650602407,34.04819277108433,56.208763209320836,108.1156954487452,-48.010542802300215,
2010-01-29,True,2009-05-26,91.3,107.39,17.623220153340636,31.721796276013144,55.23326427107139,108.1156954487452,-48.91281599603082,
2010-02-01,True,2009-05-26,91.3,109.06,19.45235487404162,35.01423877327492,56.613843276899004,108.1156954487452,-47.635870035412076,
2010-02-02,True,2009-05-26,91.3,110.38,20.89813800657174,37.61664841182914,57.705079377313645,108.1156954487452,-46.62654747971343,
2010-02-03,True,2009-05-26,91.3,109.83,20.295728368017517,36.53231106243153,57.25039766880754,108.1156954487452,-47.047098544587875,
2010-02-04,True,2009-05-26,91.3,106.44,16.582694414019716,29.84884994523549,54.447904956379034,108.1156954487452,-49.63922238081394,
2010-02-05,True,2009-05-26,91.3,106.66,16.82365826944141,30.282584884994538,54.62977763978147,108.1156954487452,-49.47100195486417,
2010-02-08,True,2009-05-26,91.3,105.89,15.980284775465492,28.764512595837886,53.99322324787292,108.1156954487452,-50.05977344568839,
2010-02-09,True,2009-05-26,91.3,107.22,17.43702081051479,31.386637458926625,55.09272628844223,108.1156954487452,-49.04280450699201,
2010-02-10,True,2009-05-26,91.3,107.01,17.207009857612277,30.9726177437021,54.91912054519445,108.1156954487452,-49.20337854994406,
2010-02-11,True,2009-05-26,91.3,108.13,18.433734939759038,33.18072289156627,55.845017842515965,108.1156954487452,-48.34698365419976,
2010-02-12,True,2009-05-26,91.3,108.04,18.335158817086537,33.00328587075577,55.77061538112405,108.1156954487452,-48.41580110117921,
2010-02-16,True,2009-05-26,91.3,109.74,20.197152245345016,36.35487404162103,57.17599520741564,108.1156954487452,-47.11591599156733,
2010-02-17,True,2009-05-26,91.3,110.26,20.76670317634175,37.38006571741515,57.60587609545778,108.1156954487452,-46.71830407568602,
2010-02-18,True,2009-05-26,91.3,110.91,21.478641840087633,38.66155531215774,58.143227205510435,108.1156954487452,-46.221289180834425,
2010-02-19,True,2009-05-26,91.3,111.14,21.73055859802848,39.115005476451266,58.33336682906753,108.1156954487452,-46.045422371886936,
2010-02-22,True,2009-05-26,91.3,111.16,21.752464403066817,39.154435925520275,58.34990070937685,108.1156954487452,-46.0301296058915,
2010-02-23,True,2009-05-26,91.3,109.81,20.273822562979205,36.49288061336257,57.23386378849825,108.1156954487452,-47.06239131058329,
2010-02-24,True,2009-05-26,91.3,110.82,21.380065717415107,38.484118291347194,58.068824744118515,108.1156954487452,-46.290106627813884,
2010-02-25,True,2009-05-26,91.3,110.67,21.2157721796276,38.18838992332968,57.94482064179868,108.1156954487452,-46.40480237277964,
2010-02-26,True,2009-05-26,91.3,110.74,21.292442497261767,38.32639649507118,58.00268922288126,108.1156954487452,-46.35127769179563,
2010-03-01,True,2009-05-26,91.3,111.89,22.552026286966044,40.59364731653888,58.95338734066675,108.1156954487452,-45.47194364705817,
2010-03-02,True,2009-05-26,91.3,112.2,22.891566265060238,41.20481927710843,59.2096624854611,108.1156954487452,-45.23490577412893,
2010-03-03,True,2009-05-26,91.3,112.3,23.001095290251918,41.40197152245345,59.29233188700766,108.1156954487452,-45.158441944151775,
2010-03-04,True,2009-05-26,91.3,112.641,23.374589266155542,42.07426067907998,59.57423454628146,108.1156954487452,-44.89770028392961,
2010-03-05,True,2009-05-26,91.3,114.25,25.136911281489603,45.246440306681286,60.90438521716566,108.1156954487452,-43.66739725959694,
2010-03-08,True,2009-05-26,91.3,114.27,25.15881708652794,45.285870755750295,60.920919097474986,108.1156954487452,-43.6521044936015,
2010-03-09,True,2009-05-26,91.3,114.46,25.36692223439212,45.66046002190582,61.07799096041345,108.1156954487452,-43.506823216644875,
2010-03-10,True,2009-05-26,91.3,114.97,25.92552026286967,46.66593647316541,61.49960490830093,108.1156954487452,-43.11685768376131,
2010-03-11,True,2009-05-26,91.3,115.45,26.45125958378971,47.61226725082148,61.89641803572443,108.1156954487452,-42.7498312998709,
2010-03-12,True,2009-05-26,91.3,115.46,26.462212486308868,47.63198247535596,61.90468497587908,108.1156954487452,-42.742184916873185,
2010-03-15,True,2009-05-26,91.3,115.49,26.49507119386638,47.691128148959486,61.92948579634305,108.1156954487452,-42.71924576788003,
2010-03-16,True,2009-05-26,91.3,116.41,27.502738225629784,49.50492880613361,62.690044290571436,108.1156954487452,-42.01577853209007,
2010-03-17,True,2009-05-26,91.3,117.1,28.258488499452362,50.865279299014254,63.26046316124273,108.1156954487452,-41.488178105247584,
2010-03-18,True,2009-05-26,91.3,117.0375,28.19003285870756,50.74205914567361,63.20879478527613,108.1156954487452,-41.53596799898332,
2010-03-19,True,2009-05-26,91.3,115.97,27.02081051478642,48.63745892661556,62.32629892376656,108.1156954487452,-42.35221938398962,
2010-03-22,True,2009-05-26,91.3,116.5925,27.702628696604602,49.864731653888285,62.84091594839392,108.1156954487452,-41.87623204238172,
2010-03-23,True,2009-05-26,91.3,117.41,28.598028477546556,51.476451259583804,63.51673830603708,108.1156954487452,-41.25114023231836,
2010-03-24,True,2009-05-26,91.3,116.84,27.973713033953995,50.352683461117195,63.045522717221665,108.1156954487452,-41.68698406318823,
2010-03-25,True,2009-05-26,91.3,116.65,27.765607886089818,49.97809419496167,62.88845085428319,108.1156954487452,-41.83226534014486,
2010-03-26,True,2009-05-26,91.3,116.582,27.691128148959464,49.84403066812704,62.83223566123152,108.1156954487452,-41.884260744529335,
2010-03-29,True,2009-05-26,91.3,117.32,28.499452354874034,51.29901423877326,63.44233584464516,108.1156954487452,-41.31995767929782,
2010-03-30,True,2009-05-26,91.3,117.4,28.5870755750274,51.45673603504932,63.50847136588243,108.1156954487452,-41.25878661531607,
2010-03-31,True,2009-05-26,91.3,117.0,28.148959474260682,50.66812705366923,63.177793759696165,108.1156954487452,-41.564641935224756,
2010-04-01,True,2009-05-26,91.3,117.8,29.025191675794094,52.24534501642937,63.83914897206868,108.1156954487452,-40.95293129540739,
2010-04-05,True,2009-05-26,91.3,118.76,30.07667031763419,54.13800657174154,64.6327752269157,108.1156954487452,-40.21887852762656,
2010-04-06,True,2009-05-26,91.3,119.04,30.38335158817087,54.69003285870757,64.86424955124608,108.1156954487452,-40.00477980369048,
2010-04-07,True,2009-05-26,91.3,118.36,29.638554216867476,53.349397590361455,64.30209762072944,108.1156954487452,-40.52473384753523,
2010-04-08,True,2009-05-26,91.3,118.7725,30.09036144578312,54.16265060240962,64.643108902109,108.1156954487452,-40.209320548879425,
2010-04-09,True,2009-05-26,91.3,119.55,30.941949616648422,55.695509309967164,65.28586349913354,108.1156954487452,-39.61481427080692,
2010-04-12,True,2009-05-26,91.3,119.74,31.150054764512603,56.07009857612269,65.44293536207202,108.1156954487452,-39.46953299385029,
2010-04-13,True,2009-05-26,91.3,119.83,31.2486308871851,56.24753559693318,65.51733782346392,108.1156954487452,-39.40071554687085,
2010-04-14,True,2009-05-26,91.3,121.19,32.7382256297919,58.92880613362542,66.64164168449719,108.1156954487452,-38.36080745918132,
2010-04-15,True,2009-05-26,91.3,121.29,32.847754654983575,59.12595837897044,66.72431108604376,108.1156954487452,-38.28434362920415,
2010-04-16,True,2009-05-26,91.3,119.36,30.73384446878422,55.3209200438116,65.12879163619507,108.1156954487452,-39.76009554776354,
2010-04-19,True,2009-05-26,91.3,119.81,31.226725082146768,56.20810514786418,65.50080394315461,108.1156954487452,-39.41600831286627,
2010-04-20,True,2009-05-26,91.3,120.88,32.398685651697704,58.31763417305587,66.38536653970284,108.1156954487452,-38.597845332110545,
2010-04-21,True,2009-05-26,91.3,120.66,32.15772179627601,57.883899233296816,66.20349385630038,108.1156954487452,-38.76606575806034,
2010-04-22,True,2009-05-26,91.3,121.02,32.552026286966054,58.5936473165389,66.50110370186803,108.1156954487452,-38.490795970142514,
2010-04-23,True,2009-05-26,91.3,121.8125,33.42004381161008,60.15607886089814,67.15625870912454,108.1156954487452,-37.88482011757345,
2010-04-26,True,2009-05-26,91.3,121.35,32.91347207009858,59.24424972617744,66.77391272697169,108.1156954487452,-38.23846533121785,
2010-04-27,True,2009-05-26,91.3,118.48,29.76998904709749,53.58598028477548,64.40130090258532,108.1156954487452,-40.43297725156263,
2010-04-28,True,2009-05-26,91.3,119.38,30.755750273822557,55.360350492880606,65.14532551650439,108.1156954487452,-39.74480278176811,
2010-04-29,True,2009-05-26,91.3,120.8575,32.37404162102957,58.27327491785323,66.36676592435485,108.1156954487452,-38.61504969385543,
2010-04-30,True,2009-05-26,91.3,118.8125,30.134173055859815,54.24151150054767,64.67617666272764,108.1156954487452,-40.178735016888545,
2010-05-03,True,2009-05-26,91.3,120.35,31.818181818181813,57.272727272727266,65.94721871150605,108.1156954487452,-39.00310363098956,
2010-05-04,True,2009-05-26,91.3,117.52,28.71851040525739,51.69331872946331,63.60767464773829,108.1156954487452,-41.16703001934348,
2010-05-05,True,2009-05-26,91.3,116.82,27.95180722891566,50.313253012048186,63.02898883691235,108.1156954487452,-41.702276829183674,
2010-05-06,True,2009-05-26,91.3,112.942,23.704271631982476,42.66768893756846,59.823069444936614,108.1156954487452,-44.66754415569832,
2010-05-07,True,2009-05-26,91.3,111.26,21.861993428258497,39.3515881708653,58.432570110923415,108.1156954487452,-45.953665775914324,
2010-05-10,True,2009-05-26,91.3,116.16,27.2289156626506,49.01204819277108,62.483370786705024,108.1156954487452,-42.206938107033,
2010-05-11,True,2009-05-26,91.3,115.83,26.86746987951807,48.361445783132524,62.21056176160137,108.1156954487452,-42.45926874595766,RAW_DECISION
2010-05-12,False,,,117.45,,,62.21056176160137,108.1156954487452,-42.45926874595766,
2010-05-13,False,,,115.99,,,62.21056176160137,108.1156954487452,-42.45926874595766,
2010-05-14,False,,,113.89,,,62.21056176160137,108.1156954487452,-42.45926874595766,
2010-05-17,False,,,113.95,,,62.21056176160137,108.1156954487452,-42.45926874595766,
2010-05-18,False,,,112.4,,,62.21056176160137,108.1156954487452,-42.45926874595766,
2010-05-19,False,,,111.76,,,62.21056176160137,108.1156954487452,-42.45926874595766,
2010-05-20,False,,,107.54,,,62.21056176160137,108.1156954487452,-42.45926874595766,
2010-05-21,False,,,109.115,,,62.21056176160137,108.1156954487452,-42.45926874595766,
2010-05-24,False,,,107.71,,,62.21056176160137,108.1156954487452,-42.45926874595766,
2010-05-25,False,,,107.818,,,62.21056176160137,108.1156954487452,-42.45926874595766,
2010-05-26,False,,,107.17,,,62.21056176160137,108.1156954487452,-42.45926874595766,
2010-05-27,False,,,110.76,,,62.21056176160137,108.1156954487452,-42.45926874595766,
2010-05-28,False,,,109.369,,,62.21056176160137,108.1156954487452,-42.45926874595766,
2010-06-01,False,,,107.53,,,62.21056176160137,108.1156954487452,-42.45926874595766,
2010-06-02,False,,,110.33,,,62.21056176160137,108.1156954487452,-42.45926874595766,
2010-06-03,False,,,110.71,,,62.21056176160137,108.1156954487452,-42.45926874595766,
2010-06-04,False,,,106.82,,,62.21056176160137,108.1156954487452,-42.45926874595766,
2010-06-07,False,,,105.49,,,62.21056176160137,108.1156954487452,-42.45926874595766,
2010-06-08,False,,,106.62,,,62.21056176160137,108.1156954487452,-42.45926874595766,
2010-06-09,False,,,106.05,,,62.21056176160137,108.1156954487452,-42.45926874595766,
2010-06-10,False,,,109.15,,,62.21056176160137,108.1156954487452,-42.45926874595766,
2010-06-11,False,,,109.68,,,62.21056176160137,108.1156954487452,-42.45926874595766,
2010-06-14,False,,,109.509,,,62.21056176160137,108.1156954487452,-42.45926874595766,
2010-06-15,False,,,112.0,,,62.21056176160137,108.1156954487452,-42.45926874595766,
2010-06-16,False,,,111.96,,,62.21056176160137,108.1156954487452,-42.45926874595766,
2010-06-17,False,,,112.14,,,62.21056176160137,108.1156954487452,-42.45926874595766,
2010-06-18,False,,,111.729,,,62.21056176160137,108.1156954487452,-42.45926874595766,
2010-06-21,False,,,111.41,,,62.21056176160137,108.1156954487452,-42.45926874595766,
2010-06-22,False,,,109.57,,,62.21056176160137,108.1156954487452,-42.45926874595766,
2010-06-23,False,,,109.23,,,62.21056176160137,108.1156954487452,-42.45926874595766,
2010-06-24,False,,,107.42,,,62.21056176160137,108.1156954487452,-42.45926874595766,
2010-06-25,False,,,107.8675,,,62.21056176160137,108.1156954487452,-42.45926874595766,
2010-06-28,False,,,107.53,,,62.21056176160137,108.1156954487452,-42.45926874595766,
2010-06-29,False,,,104.21,,,62.21056176160137,108.1156954487452,-42.45926874595766,
2010-06-30,False,,,103.22,,,62.21056176160137,108.1156954487452,-42.45926874595766,
2010-07-01,True,2010-07-01,102.76,102.76,0.0,0.0,62.21056176160137,108.1156954487452,-42.45926874595766,
2010-07-02,True,2010-07-01,102.76,102.2,-0.544959128065392,-0.9809264305177057,61.60032191870828,108.1156954487452,-43.02370098714171,
2010-07-06,True,2010-07-01,102.76,102.87,0.1070455430128403,0.19268197742311255,62.330430302169646,108.1156954487452,-42.34839812715365,
2010-07-07,True,2010-07-01,102.76,106.1075,3.257590502140917,5.86366290385365,65.85837939389535,108.1156954487452,-39.08527423280825,
2010-07-08,True,2010-07-01,102.76,107.16,4.281821720513812,7.707279096924862,67.0053033843328,108.1156954487452,-38.02444399379713,RAW_DECISION
2010-07-09,False,,,107.96,,,67.0053033843328,108.1156954487452,-38.02444399379713,
2010-07-12,False,,,108.03,,,67.0053033843328,108.1156954487452,-38.02444399379713,
2010-07-13,False,,,109.66,,,67.0053033843328,108.1156954487452,-38.02444399379713,
2010-07-14,False,,,109.651,,,67.0053033843328,108.1156954487452,-38.02444399379713,
2010-07-15,False,,,109.68,,,67.0053033843328,108.1156954487452,-38.02444399379713,
2010-07-16,False,,,106.66,,,67.0053033843328,108.1156954487452,-38.02444399379713,
2010-07-19,False,,,107.29,,,67.0053033843328,108.1156954487452,-38.02444399379713,
2010-07-20,False,,,108.48,,,67.0053033843328,108.1156954487452,-38.02444399379713,
2010-07-21,False,,,107.07,,,67.0053033843328,108.1156954487452,-38.02444399379713,
2010-07-22,False,,,109.461,,,67.0053033843328,108.1156954487452,-38.02444399379713,
2010-07-23,False,,,110.41,,,67.0053033843328,108.1156954487452,-38.02444399379713,
2010-07-26,False,,,111.56,,,67.0053033843328,108.1156954487452,-38.02444399379713,
2010-07-27,False,,,111.55,,,67.0053033843328,108.1156954487452,-38.02444399379713,
2010-07-28,False,,,110.83,,,67.0053033843328,108.1156954487452,-38.02444399379713,
2010-07-29,False,,,110.29,,,67.0053033843328,108.1156954487452,-38.02444399379713,
2010-07-30,False,,,110.27,,,67.0053033843328,108.1156954487452,-38.02444399379713,
2010-08-02,True,2010-08-02,112.76,112.76,0.0,0.0,67.0053033843328,108.1156954487452,-38.02444399379713,
2010-08-03,True,2010-08-02,112.76,112.22,-0.4788932245477162,-0.8620078041858892,66.42771243994142,108.1156954487452,-38.558678123258204,
2010-08-04,True,2010-08-02,112.76,112.97,0.18623625399076804,0.3352252571833825,67.22992208492944,108.1156954487452,-37.81668627678451,
2010-08-05,True,2010-08-02,112.76,112.85,0.07981553742459901,0.14366796736427823,67.10156854173134,108.1156954487452,-37.93540497222032,
2010-08-06,True,2010-08-02,112.76,112.392,-0.32635686413622356,-0.5874423554452024,66.61168585185868,108.1156954487452,-38.38851465980023,
2010-08-09,True,2010-08-02,112.76,112.992,0.20574671869457717,0.3703440936502389,67.2534535678491,108.1156954487452,-37.794921182621266,
2010-08-10,True,2010-08-02,112.76,112.375,-0.3414331323164266,-0.6145796381695678,66.59350243323895,108.1156954487452,-38.40533314165363,
2010-08-11,True,2010-08-02,112.76,109.3,-3.068463994324233,-5.52323518978362,63.30444288878807,108.1156954487452,-41.44749971219578,
2010-08-12,True,2010-08-02,112.76,108.63,-3.662646328485286,-6.5927633912735155,62.58780227259876,108.1156954487452,-42.11034576171229,
2010-08-13,True,2010-08-02,112.76,108.31,-3.946434905995033,-7.10358283079106,62.24552615740388,108.1156954487452,-42.42692894954105,
2010-08-16,True,2010-08-02,112.76,108.26,-3.9907768712309277,-7.18339836821567,62.19204551440469,108.1156954487452,-42.47639507263929,
2010-08-17,True,2010-08-02,112.76,109.59,-2.8112805959560117,-5.060305072720821,63.61463061818344,108.1156954487452,-41.16059619822595,
2010-08-18,True,2010-08-02,112.76,109.79,-2.6339127350124114,-4.7410429230223405,63.828553190180244,108.1156954487452,-40.962731705832965,
2010-08-19,True,2010-08-02,112.76,107.88,-4.32777580702377,-7.789996452642787,61.78559262761074,108.1156954487452,-42.852337608185984,
2010-08-20,True,2010-08-02,112.76,107.53,-4.638169563675065,-8.348705214615117,61.41122812661634,108.1156954487452,-43.1986004698737,
2010-08-23,True,2010-08-02,112.76,107.1236,-4.998581057112461,-8.997445902802431,60.976537460318816,108.1156954487452,-43.60066111841626,
2010-08-24,True,2010-08-02,112.76,105.53,-6.411848173111034,-11.541326711599861,59.27200240664828,108.1156954487452,-45.17724539380355,
2010-08-25,True,2010-08-02,112.76,105.94,-6.048244058176666,-10.886839304717999,59.710543679241724,108.1156954487452,-44.771623184397946,
2010-08-26,True,2010-08-02,112.76,105.23,-6.677899964526423,-12.020219936147562,58.95111854865308,108.1156954487452,-45.47404213239302,
2010-08-27,True,2010-08-02,112.76,106.86,-5.232351897836118,-9.418233416105013,60.69458751042703,108.1156954487452,-43.86144651939021,
2010-08-30,True,2010-08-02,112.76,105.311,-6.606065980844267,-11.89091876551968,59.03775719031179,108.1156954487452,-45.39390701297387,
2010-08-31,True,2010-08-02,112.76,105.31,-6.606952820148992,-11.892515076268186,59.036687577451794,108.1156954487452,-45.39489633543584,
2010-09-01,True,2010-08-02,112.76,108.46,-3.8134090102873497,-6.864136218517229,62.40596808640147,108.1156954487452,-42.27853058024633,
2010-09-02,True,2010-08-02,112.76,109.47,-2.9177013125221807,-5.251862362539925,63.48627707498534,108.1156954487452,-41.279314893661756,
2010-09-03,True,2010-08-02,112.76,110.89,-1.6583894998226323,-2.985101099680738,65.00512733616267,108.1156954487452,-39.87447699767155,
2010-09-07,True,2010-08-02,112.76,109.64,-2.766938630720117,-4.980489535296211,63.66811126118264,108.1156954487452,-41.1111300751277,
2010-09-08,True,2010-08-02,112.76,110.41,-2.084072366087275,-3.751330258957095,64.49171316337032,108.1156954487452,-40.34935177941473,
2010-09-09,True,2010-08-02,112.76,110.92,-1.6317843206810956,-2.937211777225972,65.0372157219622,108.1156954487452,-39.8447973238126,
2010-09-10,True,2010-08-02,112.76,111.482,-1.1333806314295924,-2.0400851365732664,65.63833814927321,108.1156954487452,-39.288798100188316,
2010-09-13,True,2010-08-02,112.76,112.72,-0.03547357218872671,-0.06385242993970808,66.96251886993343,108.1156954487452,-38.064016892275745,
2010-09-14,True,2010-08-02,112.76,112.65,-0.09755232351897902,-0.17559418233416224,66.88764596973456,108.1156954487452,-38.13326946461327,
2010-09-15,True,2010-08-02,112.76,113.08,0.28378857750974706,0.5108194395175447,67.34757949952768,108.1156954487452,-37.707860805968366,
2010-09-16,True,2010-08-02,112.76,113.05,0.25718339836819926,0.46293011706275866,67.31549111372816,108.1156954487452,-37.73754047982732,
2010-09-17,True,2010-08-02,112.76,112.49,-0.23944661227386366,-0.4310039020929546,66.7165079121371,108.1156954487452,-38.29156105852768,
2010-09-20,True,2010-08-02,112.76,114.21,1.285916991841063,2.314650585313913,68.55624203130962,108.1156954487452,-36.589926423948015,
2010-09-21,True,2010-08-02,112.76,113.98,1.081943951755937,1.9474991131606867,68.31023107351331,108.1156954487452,-36.81747059019993,
2010-09-22,True,2010-08-02,112.76,113.42,0.5853139411138741,1.0535650940049734,67.71124787192227,108.1156954487452,-37.37149116890027,
2010-09-23,True,2010-08-02,112.76,112.498,-0.23235189783611387,-0.418233416105005,66.72506481501699,108.1156954487452,-38.28364647883195,
2010-09-24,True,2010-08-02,112.76,114.82,1.8268889677190314,3.2884001418942566,69.2087058758999,108.1156954487452,-35.986439722149385,
2010-09-27,True,2010-08-02,112.76,114.27,1.3391273501241585,2.4104292302234853,68.62041880290869,108.1156954487452,-36.53056707623009,
2010-09-28,True,2010-08-02,112.76,114.67,1.693863072011359,3.048953529620446,69.04826394690231,108.1156954487452,-36.13483809144411,
2010-09-29,True,2010-08-02,112.76,114.47,1.5164952110677588,2.7296913799219658,68.83434137490549,108.1156954487452,-36.332702583837104,
2010-09-30,True,2010-08-02,112.76,114.13,1.2149698474636317,2.186945725434537,68.47067300251092,108.1156954487452,-36.669072220905186,
2010-10-01,True,2010-08-02,112.76,114.61,1.6406527137282634,2.953174884710874,68.98408717530324,108.1156954487452,-36.19419743916203,
2010-10-04,True,2010-08-02,112.76,113.75,0.8779709116708112,1.5803476410074602,68.06422011571699,108.1156954487452,-37.045014756451856,
2010-10-05,True,2010-08-02,112.76,116.04,2.9088329194749907,5.235899255054983,70.51363356508043,108.1156954487452,-34.77946631855217,
2010-10-06,True,2010-08-02,112.76,116.03,2.8999645264278007,5.219936147570041,70.50293743648056,108.1156954487452,-34.78935954317184,
2010-10-07,True,2010-08-02,112.76,115.89,2.775807023767296,4.996452642781133,70.35319163608281,108.1156954487452,-34.92786468784691,
2010-10-08,True,2010-08-02,112.76,116.5375,3.350035473572177,6.030063852429919,71.04576596292246,108.1156954487452,-34.28727839372463,
2010-10-11,True,2010-08-02,112.76,116.65,3.449804895352959,6.209648811635327,71.16609740967067,108.1156954487452,-34.17597961675357,
2010-10-12,True,2010-08-02,112.76,117.01,3.769067045051444,6.784320681092599,71.55115803926493,108.1156954487452,-33.81982353044619,
2010-10-13,True,2010-08-02,112.76,117.92,4.576090812344802,8.236963462220643,72.52450574185039,108.1156954487452,-32.919540090058106,
2010-10-14,True,2010-08-02,112.76,117.46,4.168144732174528,7.50266051791415,72.03248382625773,108.1156954487452,-33.37462842256198,
2010-10-15,True,2010-08-02,112.76,117.7,4.380986165306844,7.885775097552319,72.28919091265391,108.1156954487452,-33.13719103169039,
2010-10-18,True,2010-08-02,112.76,117.7,4.380986165306844,7.885775097552319,72.28919091265391,108.1156954487452,-33.13719103169039,
2010-10-19,True,2010-08-02,112.76,116.73,3.5207520397303904,6.337353671514703,71.25166643846939,108.1156954487452,-34.09683381979639,
2010-10-20,True,2010-08-02,112.76,117.87,4.531748847108896,8.157147924796014,72.47102509885117,108.1156954487452,-32.96900621315637,
2010-10-21,True,2010-08-02,112.76,118.13,4.76232706633557,8.572188719404027,72.74912444244703,108.1156954487452,-32.71178237304548,
2010-10-22,True,2010-08-02,112.76,118.347,4.954771195459373,8.918588151826873,72.98123043306356,108.1156954487452,-32.4970993987991,
2010-10-25,True,2010-08-02,112.76,118.7,5.267825470024823,9.482085846044681,73.35880377263793,108.1156954487452,-32.14786856972547,
2010-10-26,True,2010-08-02,112.76,118.72,5.285562256119181,9.514012061014526,73.3801960298376,108.1156954487452,-32.12808212048618,
2010-10-27,True,2010-08-02,112.76,118.38,4.984036892515076,8.971266406527137,73.01652765744305,108.1156954487452,-32.46445175755424,
2010-10-28,True,2010-08-02,112.76,118.4,5.001773678609434,9.00319262149698,73.03791991464273,108.1156954487452,-32.444665308314946,
2010-10-29,True,2010-08-02,112.76,118.49,5.081589216034055,9.1468605888613,73.13418507204129,108.1156954487452,-32.3556262867381,
2010-11-01,True,2010-08-02,112.76,118.53,5.11706278822277,9.210713018800988,73.17696958644065,108.1156954487452,-32.316053388259505,
2010-11-02,True,2010-08-02,112.76,119.475,5.95512593118126,10.719226676126269,74.18775373912554,108.1156954487452,-31.38114366170266,
2010-11-03,True,2010-08-02,112.76,119.95,6.376374600922308,11.477474281660154,74.69581984761795,108.1156954487452,-30.911215492269317,
2010-11-04,True,2010-08-02,112.76,122.26,8.424973394820867,15.16495211067756,77.1666255541811,108.1156954487452,-28.625880605130305,
2010-11-05,True,2010-08-02,112.76,122.725,8.837353671514702,15.907236608726464,77.66399553407362,108.1156954487452,-28.165845660316656,
2010-11-08,True,2010-08-02,112.76,122.49,8.628946434905993,15.532103582830787,77.4126365119774,108.1156954487452,-28.398336438878403,
2010-11-09,True,2010-08-02,112.76,121.61,7.848527846754161,14.12735012415749,76.47137719519145,108.1156954487452,-29.268940205407535,
2010-11-10,True,2010-08-02,112.76,122.1,8.28307910606596,14.909542390918729,76.9954874965836,108.1156954487452,-28.784172199044733,
2010-11-11,True,2010-08-02,112.76,121.635,7.870698829372125,14.167257892869825,76.49811751669107,108.1156954487452,-29.244207143858404,
2010-11-12,True,2010-08-02,112.76,120.198,6.596310748492362,11.873359347286252,74.961083836894,108.1156954487452,-30.665863521702008,
2010-11-15,True,2010-08-02,112.76,120.03,6.447321745299739,11.60517914153953,74.78138887641668,108.1156954487452,-30.832069695312125,
2010-11-16,True,2010-08-02,112.76,118.16,4.788932245477118,8.620078041858813,72.78121282824655,108.1156954487452,-32.68210269918653,
2010-11-17,True,2010-08-02,112.76,118.218,4.840368925150762,8.712664065271372,72.84325037412563,108.1156954487452,-32.62472199639256,
2010-11-18,True,2010-08-02,112.76,119.9575,6.383025895707695,11.48944661227385,74.70384194406785,108.1156954487452,-30.903795573804572,
2010-11-19,True,2010-08-02,112.76,120.29,6.677899964526435,12.020219936147583,75.05948822001255,108.1156954487452,-30.574845855201215,
2010-11-22,True,2010-08-02,112.76,120.19,6.5892160340546235,11.860588861298323,74.95252693401413,108.1156954487452,-30.67377810139773,
2010-11-23,True,2010-08-02,112.76,118.4475,5.043898545583536,9.079017382050365,73.08872652549196,108.1156954487452,-32.39767249137161,
2010-11-24,True,2010-08-02,112.76,120.2,6.5980844271018135,11.876551968783264,74.96322306261398,108.1156954487452,-30.66388487677808,
2010-11-26,True,2010-08-02,112.76,118.8,5.356509400496612,9.641716920893902,73.46576505863632,108.1156954487452,-32.048936323528984,
2010-11-29,True,2010-08-02,112.76,119.162,5.677545228804548,10.219581411848187,73.85296491395056,108.1156954487452,-31.690801592297667,
2010-11-30,True,2010-08-02,112.76,118.4925,5.083806314295858,9.150851365732544,73.13685910419126,108.1156954487452,-32.353152980583175,
2010-12-01,True,2010-08-02,112.76,121.01,7.316424263923382,13.169563675062088,75.82960947920104,108.1156954487452,-29.862533682586488,
2010-12-02,True,2010-08-02,112.76,122.56,8.691025186236256,15.643845335225262,77.4875094121763,108.1156954487452,-28.329083866540838,
2010-12-03,True,2010-08-02,112.76,122.89,8.983682156793193,16.17062788222775,77.84048165597102,108.1156954487452,-28.00260745409242,
2010-12-06,True,2010-08-02,112.76,122.76,8.868393047179858,15.963107484923745,77.70143198417308,108.1156954487452,-28.131219374147864,
2010-12-07,True,2010-08-02,112.76,122.83,8.930471798510098,16.074849237318176,77.77630488437195,108.1156954487452,-28.061966801810335,
2010-12-08,True,2010-08-02,112.76,123.28,9.329549485633205,16.793189074139768,78.25763067136478,108.1156954487452,-27.61677169392611,
2010-12-09,True,2010-08-02,112.76,123.76,9.755232351897835,17.559418233416103,78.77104484415712,108.1156954487452,-27.14189691218294,
2010-12-10,True,2010-08-02,112.76,124.48,10.393756651294783,18.70876197233061,79.54116610334562,108.1156954487452,-26.42958473956819,
2010-12-13,True,2010-08-02,112.76,124.56,10.464703795672214,18.836466832209986,79.62673513214433,108.1156954487452,-26.350438942611,
2010-12-14,True,2010-08-02,112.76,124.67,10.562256119191193,19.012061014544148,79.74439254674257,108.1156954487452,-26.241613471794867,
2010-12-15,True,2010-08-02,112.76,124.098,10.054984036892511,18.098971266406522,79.13257399083172,108.1156954487452,-26.8075059200388,
2010-12-16,True,2010-08-02,112.76,124.82,10.695282014898888,19.251507626818,79.90483447574017,108.1156954487452,-26.09321510250013,
2010-12-17,True,2010-08-02,112.76,124.3,10.23412557644554,18.421426037601975,79.34863578854848,108.1156954487452,-26.607662782721885,
2010-12-20,True,2010-08-02,112.76,124.6,10.50017736786093,18.900319262149676,79.66951964654369,108.1156954487452,-26.310866044132407,
2010-12-21,True,2010-08-02,112.76,125.39,11.200780418588142,20.161404753458655,80.51451380593106,108.1156954487452,-25.52930129918013,
2010-12-22,True,2010-08-02,112.76,125.78,11.546647747428151,20.783965945370674,80.93166282132484,108.1156954487452,-25.1434655390138,
2010-12-23,True,2010-08-02,112.76,125.6,11.387016672578909,20.496630010642036,80.73913250652771,108.1156954487452,-25.321543582167493,
2010-12-27,True,2010-08-02,112.76,125.65,11.431358637814837,20.576445548066708,80.79261314952694,108.1156954487452,-25.27207745906922,
2010-12-28,True,2010-08-02,112.76,125.83,11.590989712664058,20.863781482795304,80.98514346432405,108.1156954487452,-25.093999415915548,
2010-12-29,True,2010-08-02,112.76,125.92,11.670805250088678,21.007449450159623,81.08140862172262,108.1156954487452,-25.004960394338692,
2010-12-30,True,2010-08-02,112.76,125.72,11.493437389145079,20.68818730046114,80.8674860497258,108.1156954487452,-25.20282488673169,
2010-12-31,True,2010-08-02,112.76,125.75,11.520042568286627,20.736076622915927,80.89957443552534,108.1156954487452,-25.173145212872726,
2011-01-03,True,2010-08-02,112.76,127.05,12.672933664419993,22.81128059595599,82.29007115350456,108.1156954487452,-23.887026012318348,
2011-01-04,True,2010-08-02,112.76,126.98,12.610854913089753,22.699538843561555,82.21519825330569,108.1156954487452,-23.956278584655877,
2011-01-05,True,2010-08-02,112.76,127.64,13.196168854203606,23.75310393756649,82.92114274089514,108.1156954487452,-23.30332575975903,
2011-01-06,True,2010-08-02,112.76,127.39,12.974459028024121,23.354026250443418,82.65373952589914,108.1156954487452,-23.550656375250256,
2011-01-07,True,2010-08-02,112.76,127.14,12.752749201844615,22.954948563320308,82.38633631090312,108.1156954487452,-23.797986990741503,
2011-01-10,True,2010-08-02,112.76,126.98,12.610854913089753,22.699538843561555,82.21519825330569,108.1156954487452,-23.956278584655877,
2011-01-11,True,2010-08-02,112.76,127.43,13.009932600212837,23.417878680383108,82.69652404029848,108.1156954487452,-23.511083476771677,
2011-01-12,True,2010-08-02,112.76,128.58,14.029797800638534,25.25363604114936,83.92657882928015,108.1156954487452,-22.373362645511985,
2011-01-13,True,2010-08-02,112.76,128.3675,13.84134444838596,24.91442000709473,83.69928609653354,108.1156954487452,-22.583593668679526,
2011-01-14,True,2010-08-02,112.76,129.3,14.66832210003548,26.402979780063866,84.69670008846865,108.1156954487452,-21.661050472897237,
2011-01-18,True,2010-08-02,112.76,129.52,14.863426747073438,26.75416814473219,84.93201491766513,108.1156954487452,-21.44339953126495,
2011-01-19,True,2010-08-02,112.76,128.25,13.737140830081573,24.726853494146834,83.57360658548538,108.1156954487452,-22.699839057960435,
2011-01-20,True,2010-08-02,112.76,128.08,13.586378148279543,24.455480666903178,83.39177239928813,108.1156954487452,-22.868023876494448,
2011-01-21,True,2010-08-02,112.76,128.37,13.843561546647742,24.918410783965935,83.70196012868348,108.1156954487452,-22.581120362524633,
2011-01-24,True,2010-08-02,112.76,129.1,14.490954239091858,26.083717630365346,84.48277751647181,108.1156954487452,-21.858914965290243,
2011-01-25,True,2010-08-02,112.76,129.17,14.553032990422121,26.195459382759818,84.5576504166707,108.1156954487452,-21.789662392952692,
2011-01-26,True,2010-08-02,112.76,129.67,14.996452642781112,26.993614757006,85.09245684666271,108.1156954487452,-21.295001161970227,
2011-01-27,True,2010-08-02,112.76,129.99,15.280241220290879,27.504434196523583,85.43473296185762,108.1156954487452,-20.97841797414144,
2011-01-28,True,2010-08-02,112.76,127.72,13.267115998581058,23.880808797445905,83.00671176969387,108.1156954487452,-23.224179962801827,
2011-01-31,True,2010-08-02,112.76,128.68,14.118481731110322,25.41326711599858,84.03354011527854,108.1156954487452,-22.27443039931549,
2011-02-01,True,2010-08-02,112.76,130.74,15.945370698829375,28.701667257892876,86.23694260684564,108.1156954487452,-20.23642612766774,
2011-02-02,True,2010-08-02,112.76,130.485,15.719226676126286,28.294608017027315,85.96419132754971,108.1156954487452,-20.488703355468797,
2011-02-03,True,2010-08-02,112.76,130.78,15.980844271018091,28.765519687832565,86.279727121245,108.1156954487452,-20.19685322918915,
2011-02-04,True,2010-08-02,112.76,131.15,16.308974813763744,29.35615466477474,86.67548387943908,108.1156954487452,-19.83080391826213,
2011-02-07,True,2010-08-02,112.76,131.97,17.03618304363248,30.665129478538464,87.55256642462597,108.1156954487452,-19.01955949945091,
2011-02-08,True,2010-08-02,112.76,132.57,17.56828662646328,31.622915927633905,88.1943341406164,108.1156954487452,-18.425966022271933,
2011-02-09,True,2010-08-02,112.76,132.269,17.301347995743164,31.142426392337697,87.87238066976121,108.1156954487452,-18.723752083323376,
2011-02-10,True,2010-08-02,112.76,132.321,17.3474636395885,31.2254345512593,87.92800053848038,108.1156954487452,-18.672307315301207,
2011-02-11,True,2010-08-02,112.76,133.11,18.04717985101101,32.48492373181982,88.7719250850078,108.1156954487452,-17.89173189281086,
2011-02-14,True,2010-08-02,112.76,133.43,18.330968428520755,32.99574317133736,89.11420120020267,108.1156954487452,-17.57514870498209,
2011-02-15,True,2010-08-02,112.76,133.01,17.958495920539175,32.32529265697052,88.66496379900934,108.1156954487452,-17.990664139007396,
2011-02-16,True,2010-08-02,112.76,133.85,18.70344093650229,33.66619368570412,89.56343860139594,108.1156954487452,-17.159633270956842,
2011-02-17,True,2010-08-02,112.76,134.25,19.058176658389492,34.304717985101085,89.99128374538957,108.1156954487452,-16.76390428617086,
2011-02-18,True,2010-08-02,112.76,134.53,19.306491663710524,34.751684994678946,90.2907753461851,108.1156954487452,-16.486893996820672,
2011-02-22,True,2010-08-02,112.76,131.83,16.912025540971975,30.441645973749555,87.40282062422823,108.1156954487452,-19.158064644125982,
2011-02-23,True,2010-08-02,112.76,131.02,16.193685704150408,29.148634267470733,86.53643420764116,108.1156954487452,-19.95941583831756,
2011-02-24,True,2010-08-02,112.76,130.93,16.113870166725786,29.004966300106414,86.44016905024259,108.1156954487452,-20.048454859894427,
2011-02-25,True,2010-08-02,112.76,132.33,17.355445193330965,31.239801347995737,87.93762705422023,108.1156954487452,-18.66340341314352,
2011-02-28,True,2010-08-02,112.76,133.15,18.082653423199723,32.548776161759505,88.81470959940715,108.1156954487452,-17.852158994332267,
2011-03-01,True,2010-08-02,112.76,130.93,16.113870166725786,29.004966300106414,86.44016905024259,108.1156954487452,-20.048454859894427,
2011-03-02,True,2010-08-02,112.76,131.21,16.362185172046818,29.45193330968427,86.73966065103812,108.1156954487452,-19.77144457054424,
2011-03-03,True,2010-08-02,112.76,133.47,18.36644200070947,33.059595601277046,89.15698571460203,108.1156954487452,-17.535575806503502,
2011-03-04,True,2010-08-02,112.76,132.47,17.47960269599147,31.463284852784646,88.08737285461798,108.1156954487452,-18.524898268468448,
2011-03-07,True,2010-08-02,112.76,131.43,16.557289819084776,29.803121674352596,86.9749754802346,108.1156954487452,-19.553793628911954,
2011-03-08,True,2010-08-02,112.76,132.58,17.57715501951047,31.638879035118848,88.20503026921625,108.1156954487452,-18.416072797652284,
2011-03-09,True,2010-08-02,112.76,132.39,17.40865555161404,31.33557999290527,88.00180382581928,108.1156954487452,-18.60404406542562,
2011-03-10,True,2010-08-02,112.76,129.9375,15.233682156793193,27.42062788222775,85.37857828670846,108.1156954487452,-21.030357403394596,
2011-03-11,True,2010-08-02,112.76,130.84,16.034054629301163,28.861298332742095,86.34390389284403,108.1156954487452,-20.13749388147127,
2011-03-14,True,2010-08-02,112.76,130.05,15.333451578573975,27.600212841433155,85.49890973345668,108.1156954487452,-20.919058626423524,
2011-03-15,True,2010-08-02,112.76,128.56,14.012061014544152,25.221709826179474,83.90518657208045,108.1156954487452,-22.393149094751287,
2011-03-16,True,2010-08-02,112.76,126.175,11.896949272791769,21.414508691025183,81.35415990101855,108.1156954487452,-24.752683166537636,
2011-03-17,True,2010-08-02,112.76,127.85,13.382405108194394,24.08832919474991,83.14576144149179,108.1156954487452,-23.095568042746393,
2011-03-18,True,2010-08-02,112.76,127.76,13.302589570769774,23.944661227385595,83.04949628409322,108.1156954487452,-23.184607064323238,
2011-03-21,True,2010-08-02,112.76,129.74,15.058531394111396,27.105356509400515,85.16732974686163,108.1156954487452,-21.225748589632655,
2011-03-22,True,2010-08-02,112.76,129.29,14.659453706988291,26.387016672578923,84.68600395986878,108.1156954487452,-21.670943697516897,
2011-03-23,True,2010-08-02,112.76,129.66,14.987584249733942,26.977651649521096,85.08176071806288,108.1156954487452,-21.30489438658987,
2011-03-24,True,2010-08-02,112.76,130.9,16.08726498758426,28.957076977651667,86.40808066444309,108.1156954487452,-20.078134533753357,
2011-03-25,True,2010-08-02,112.76,131.3,16.442000709471436,29.595601277048587,86.83592580843668,108.1156954487452,-19.682405548967395,
2011-03-28,True,2010-08-02,112.76,130.98,16.15821213196167,29.084781837531004,86.49364969324178,108.1156954487452,-19.998988736796186,
2011-03-29,True,2010-08-02,112.76,131.86,16.938630720113522,30.48953529620434,87.43490901002777,108.1156954487452,-19.12838497026701,
2011-03-30,True,2010-08-02,112.76,132.77,17.74565448740688,31.942178077332386,88.40825671261322,108.1156954487452,-18.228101529878938,
2011-03-31,True,2010-08-02,112.76,132.59,17.586023412557637,31.654842142603748,88.21572639781608,108.1156954487452,-18.40617957303263,
2011-04-01,True,2010-08-02,112.76,133.15,18.082653423199723,32.548776161759505,88.81470959940715,108.1156954487452,-17.852158994332267,
2011-04-04,True,2010-08-02,112.76,133.26,18.18020574671868,32.72437034409363,88.93236701400538,108.1156954487452,-17.743333523516135,
2011-04-05,True,2010-08-02,112.76,133.24,18.162468960624345,32.69244412912382,88.91097475680571,108.1156954487452,-17.763119972755426,
2011-04-06,True,2010-08-02,112.76,133.66,18.53494146860588,33.362894643490584,89.36021215799899,108.1156954487452,-17.347604538730177,
2011-04-07,True,2010-08-02,112.76,133.32,18.233416105001755,32.82014898900316,88.99654378560442,108.1156954487452,-17.683974175798244,
2011-04-08,True,2010-08-02,112.76,132.86,17.825470024831503,32.08584604469671,88.50452187001179,108.1156954487452,-18.139062508302096,
2011-04-11,True,2010-08-02,112.76,132.46,17.4707343029443,31.447321745299742,88.07667672601816,108.1156954487452,-18.534791493088075,
2011-04-12,True,2010-08-02,112.76,131.47,16.59276339127349,29.866974104292282,87.01775999463396,108.1156954487452,-19.51422073043336,
2011-04-13,True,2010-08-02,112.76,131.46,16.583894998226324,29.851010996807382,87.00706386603414,108.1156954487452,-19.52411395505299,
2011-04-14,True,2010-08-02,112.76,131.56,16.672578928698112,30.0106420716566,87.11402515203253,108.1156954487452,-19.42518170885652,
2011-04-15,True,2010-08-02,112.76,132.04,17.098261794962745,30.776871230932944,87.62743932482486,108.1156954487452,-18.950306927113346,
2011-04-18,True,2010-08-02,112.76,130.56,15.785739623980133,28.41433132316424,86.0444122920485,108.1156954487452,-20.414504170821434,
2011-04-19,True,2010-08-02,112.76,131.31,16.450869102518627,29.61156438453353,86.84662193703655,108.1156954487452,-19.672512324347725,
2011-04-20,True,2010-08-02,112.76,133.1,18.038311457963797,32.468960624334834,88.76122895640792,108.1156954487452,-17.90162511743054,
2011-04-21,True,2010-08-02,112.76,133.78,18.64136218517205,33.55445193330969,89.4885657011971,108.1156954487452,-17.22888584329435,
2011-04-25,True,2010-08-02,112.76,133.64,18.5172046825115,33.330968428520706,89.33881990079928,108.1156954487452,-17.3673909879695,
2011-04-26,True,2010-08-02,112.76,134.791,19.537956722241923,35.16832210003546,90.56994430264093,108.1156954487452,-16.228680834247832,
2011-04-27,True,2010-08-02,112.76,135.67,20.317488471089028,36.571479247960255,91.51013400656689,108.1156954487452,-15.359066390180665,
2011-04-28,True,2010-08-02,112.76,136.11,20.707697765164966,37.27385597729694,91.98076366495988,108.1156954487452,-14.923764506916083,
2011-04-29,True,2010-08-02,112.76,136.43,20.991486342674715,37.78467541681449,92.32303978015477,108.1156954487452,-14.607181319087303,
2011-05-02,True,2010-08-02,112.76,136.22,20.805250088683923,37.44945015963106,92.09842107955811,108.1156954487452,-14.81493903609995,
2011-05-03,True,2010-08-02,112.76,135.73,20.370698829372103,36.667257892869785,91.57431077816591,108.1156954487452,-15.299707042462785,
2011-05-04,True,2010-08-02,112.76,134.83,19.572543455125935,35.230578219226686,90.61165920418031,108.1156954487452,-16.190097258231194,
2011-05-05,True,2010-08-02,112.76,133.61,18.49059950337,33.283079106066,89.30673151499981,108.1156954487452,-17.397070661828394,
2011-05-06,True,2010-08-02,112.76,134.2,19.013834693153587,34.224902447676456,89.93780310239036,108.1156954487452,-16.813370409269112,
2011-05-09,True,2010-08-02,112.76,134.72,19.474991131606956,35.05498403689252,90.49400178958207,108.1156954487452,-16.298922729047337,
2011-05-10,True,2010-08-02,112.76,135.87,20.49485633203263,36.890741397658736,91.72405657856369,108.1156954487452,-15.161201897787679,
2011-05-11,True,2010-08-02,112.76,134.44,19.226676126285902,34.608017027314624,90.19451018878652,108.1156954487452,-16.57593301839754,
2011-05-12,True,2010-08-02,112.76,135.08,19.79425328130544,35.6296559063498,90.87906241917634,108.1156954487452,-15.942766642739947,
2011-05-13,True,2010-08-02,112.76,134.04,18.8719404043987,33.96949272791766,89.76666504479292,108.1156954487452,-16.971662003183507,
2011-05-16,True,2010-08-02,112.76,133.19,18.118126995388415,32.61262859169915,88.85749411380648,108.1156954487452,-17.8125860958537,
2011-05-17,True,2010-08-02,112.76,133.17,18.10039020929406,32.580702376729306,88.83610185660682,108.1156954487452,-17.83237254509298,
2011-05-18,True,2010-08-02,112.76,134.36,19.155728981908492,34.48031216743529,90.10894115998785,108.1156954487452,-16.655078815354685,
2011-05-19,True,2010-08-02,112.76,134.68,19.439517559418242,34.991131606952834,90.45121727518273,108.1156954487452,-16.338495627525916,
2011-05-20,True,2010-08-02,112.76,133.61,18.49059950337,33.283079106066,89.30673151499981,108.1156954487452,-17.397070661828394,
2011-05-23,True,2010-08-02,112.76,132.06,17.115998581057102,30.808797445902783,87.64883158202454,108.1156954487452,-18.930520477874058,
2011-05-24,True,2010-08-02,112.76,131.95,17.018446257538123,30.63320326356862,87.5311741674263,108.1156954487452,-19.0393459486902,
2011-05-25,True,2010-08-02,112.76,132.39,17.40865555161404,31.33557999290527,88.00180382581928,108.1156954487452,-18.60404406542562,
2011-05-26,True,2010-08-02,112.76,133.0,17.949627527492005,32.30932954948561,88.65426767040954,108.1156954487452,-18.000557363627014,
2011-05-27,True,2010-08-02,112.76,133.51,18.401915572898186,33.12344803121674,89.19977022900139,108.1156954487452,-17.49600290802491,
2011-05-31,True,2010-08-02,112.76,134.9,19.6346222064562,35.34231997162116,90.68653210437921,108.1156954487452,-16.12084468589363,
2011-06-01,True,2010-08-02,112.76,131.87,16.947499113160692,30.505498403689245,87.4456051386276,108.1156954487452,-19.11849174564737,
2011-06-02,True,2010-08-02,112.76,131.73,16.823341610500165,30.282014898900297,87.29585933822982,108.1156954487452,-19.256996890322476,
2011-06-03,True,2010-08-02,112.76,130.42,15.661582121319606,28.190847818375293,85.89466649165074,108.1156954487452,-20.553009315496528,
2011-06-06,True,2010-08-02,112.76,129.045,14.442178077332368,25.995920539198263,84.42394880917269,108.1156954487452,-21.913327700698314,
2011-06-07,True,2010-08-02,112.76,128.96,14.366796736431354,25.860234125576437,84.33303171607406,108.1156954487452,-21.997420109965326,
2011-06-08,True,2010-08-02,112.76,128.42,13.887903511883625,24.998226321390526,83.75544077168267,108.1156954487452,-22.53165423942639,
2011-06-09,True,2010-08-02,112.76,129.4,14.75700603050727,26.562610854913085,84.80366137446704,108.1156954487452,-21.562118226700743,
2011-06-10,True,2010-08-02,112.76,127.6,13.160695282014888,23.6892515076268,82.87835822649578,108.1156954487452,-23.342898658237633,
2011-06-13,True,2010-08-02,112.76,127.7,13.249379212486701,23.84888258247606,82.9853195124942,108.1156954487452,-23.243966412041118,
2011-06-14,True,2010-08-02,112.76,129.32,14.686058886129816,26.43490599503367,84.7180923456683,108.1156954487452,-21.641264023657957,
2011-06-15,True,2010-08-02,112.76,127.02,12.646328485278469,22.763391273501245,82.25798276770506,108.1156954487452,-23.916705686177263,
2011-06-16,True,2010-08-02,112.76,127.3,12.894643490599499,23.2103582830791,82.55747436850056,108.1156954487452,-23.639695396827108,
2011-06-17,True,2010-08-02,112.76,127.05,12.672933664419993,22.81128059595599,82.29007115350456,108.1156954487452,-23.887026012318348,
2011-06-20,True,2010-08-02,112.76,127.7,13.249379212486701,23.84888258247606,82.9853195124942,108.1156954487452,-23.243966412041118,
2011-06-21,True,2010-08-02,112.76,129.45,14.801347995743154,26.642426392337676,84.85714201746622,108.1156954487452,-21.512652103602527,
2011-06-22,True,2010-08-02,112.76,128.67,14.10961333806313,25.397304008513636,84.02284398667868,108.1156954487452,-22.284323623935165,
2011-06-23,True,2010-08-02,112.76,128.301,13.782369634622182,24.808265342319928,83.62815684134456,108.1156954487452,-22.649383612400232,
2011-06-24,True,2010-08-02,112.76,126.81,12.460092231287678,22.42816601631782,82.0333640671084,108.1156954487452,-24.12446340318992,
2011-06-27,True,2010-08-02,112.76,127.94,13.462220645619016,24.23199716211423,83.24202659889036,108.1156954487452,-23.00652902116954,
2011-06-28,True,2010-08-02,112.76,129.61,14.943242284498059,26.897836112096506,85.02828007506369,108.1156954487452,-21.354360509688107,
2011-06-29,True,2010-08-02,112.76,130.72,15.927633912734995,28.669741042922993,86.21555034964594,108.1156954487452,-20.25621257690706,
2011-06-30,True,2010-08-02,112.76,131.97,17.03618304363248,30.665129478538464,87.55256642462597,108.1156954487452,-19.01955949945091,
2011-07-01,True,2010-08-02,112.76,133.92,18.765519687832555,33.7779354380986,89.63831150159483,108.1156954487452,-17.0903806986193,
2011-07-05,True,2010-08-02,112.76,133.81,18.667967364313576,33.602341255764436,89.5206540869966,108.1156954487452,-17.19920616943542,
2011-07-06,True,2010-08-02,112.76,133.97,18.80986165306846,33.85775097552323,89.69179214459405,108.1156954487452,-17.040914575521036,
2011-07-07,True,2010-08-02,112.76,135.36,20.042568286626473,36.07662291592765,91.17855401997187,108.1156954487452,-15.66575635338977,
2011-07-08,True,2010-08-02,112.76,134.4,19.19120255409719,34.54416459737494,90.15172567438717,108.1156954487452,-16.615505916876128,
2011-07-11,True,2010-08-02,112.76,131.97,17.03618304363248,30.665129478538464,87.55256642462597,108.1156954487452,-19.01955949945091,
2011-07-12,True,2010-08-02,112.76,131.4,16.53068463994325,29.75523235189785,86.94288709443511,108.1156954487452,-19.583473302770884,
2011-07-13,True,2010-08-02,112.76,131.84,16.920893934019144,30.45760908123446,87.41351675282806,108.1156954487452,-19.148171419506333,
2011-07-14,True,2010-08-02,112.76,130.93,16.113870166725786,29.004966300106414,86.44016905024259,108.1156954487452,-20.048454859894427,
2011-07-15,True,2010-08-02,112.76,131.69,16.787868038311448,30.218162468960607,87.25307482383046,108.1156954487452,-19.296569788801065,
2011-07-18,True,2010-08-02,112.76,130.61,15.83008158921604,28.49414686058887,86.09789293504771,108.1156954487452,-20.365038047723193,
2011-07-19,True,2010-08-02,112.76,132.73,17.710180915218142,31.878325647392657,88.36547219821384,108.1156954487452,-18.267674428357562,
2011-07-20,True,2010-08-02,112.76,132.65,17.639233770840733,31.75062078751332,88.27990316941514,108.1156954487452,-18.34682022531473,
2011-07-21,True,2010-08-02,112.76,134.49,19.27101809152183,34.687832564739296,90.24799083178576,108.1156954487452,-16.526466895299265,
2011-07-22,True,2010-08-02,112.76,134.58,19.35083362894645,34.83150053210361,90.34425598918433,108.1156954487452,-16.4374278737224,
2011-07-25,True,2010-08-02,112.76,133.83,18.685704150407958,33.63426747073432,89.5420463441963,108.1156954487452,-17.17941972019611,
2011-07-26,True,2010-08-02,112.76,133.33,18.242284498048967,32.836112096488144,89.00723991420428,108.1156954487452,-17.674080951178585,
2011-07-27,True,2010-08-02,112.76,130.6,15.821213196168848,28.478183753103927,86.08719680644788,108.1156954487452,-20.374931272342835,
2011-07-28,True,2010-08-02,112.76,130.22,15.484214260376007,27.87158566867681,85.68074391965393,108.1156954487452,-20.750873807889512,
2011-07-29,True,2010-08-02,112.76,129.33,14.694927279177028,26.450869102518652,84.72878847426819,108.1156954487452,-21.63137079903826,
2011-08-01,True,2010-08-02,112.76,128.78,14.20716566158211,25.5728981908478,84.14050140127694,108.1156954487452,-22.175498153119012,
2011-08-02,True,2010-08-02,112.76,132.57,17.56828662646328,31.622915927633905,88.1943341406164,108.1156954487452,-18.425966022271933,
2011-08-03,True,2010-08-02,112.76,126.17,11.892515076268184,21.406527137282733,81.34881183671862,108.1156954487452,-24.757629778847466,
2011-08-04,True,2010-08-02,112.76,120.26,6.651294785384887,11.972330613692797,75.02739983421303,108.1156954487452,-30.60452552906017,RAW_DECISION
2011-08-05,False,,,120.08,,,75.02739983421303,108.1156954487452,-30.60452552906017,
2011-08-08,False,,,112.26,,,75.02739983421303,108.1156954487452,-30.60452552906017,
2011-08-09,False,,,117.48,,,75.02739983421303,108.1156954487452,-30.60452552906017,
2011-08-10,False,,,112.29,,,75.02739983421303,108.1156954487452,-30.60452552906017,
2011-08-11,False,,,117.33,,,75.02739983421303,108.1156954487452,-30.60452552906017,
2011-08-12,False,,,118.12,,,75.02739983421303,108.1156954487452,-30.60452552906017,
2011-08-15,False,,,120.62,,,75.02739983421303,108.1156954487452,-30.60452552906017,
2011-08-16,False,,,119.59,,,75.02739983421303,108.1156954487452,-30.60452552906017,
2011-08-17,False,,,119.67,,,75.02739983421303,108.1156954487452,-30.60452552906017,
2011-08-18,False,,,114.51,,,75.02739983421303,108.1156954487452,-30.60452552906017,
2011-08-19,False,,,112.64,,,75.02739983421303,108.1156954487452,-30.60452552906017,
2011-08-22,False,,,112.73,,,75.02739983421303,108.1156954487452,-30.60452552906017,
2011-08-23,False,,,116.44,,,75.02739983421303,108.1156954487452,-30.60452552906017,
2011-08-24,False,,,118.08,,,75.02739983421303,108.1156954487452,-30.60452552906017,
2011-08-25,False,,,116.28,,,75.02739983421303,108.1156954487452,-30.60452552906017,
2011-08-26,False,,,117.97,,,75.02739983421303,108.1156954487452,-30.60452552906017,
2011-08-29,False,,,121.36,,,75.02739983421303,108.1156954487452,-30.60452552906017,
2011-08-30,False,,,121.68,,,75.02739983421303,108.1156954487452,-30.60452552906017,
2011-08-31,False,,,122.22,,,75.02739983421303,108.1156954487452,-30.60452552906017,
2011-09-01,True,2011-09-01,120.94,120.94,0.0,0.0,75.02739983421303,108.1156954487452,-30.60452552906017,
2011-09-02,True,2011-09-01,120.94,117.85,-2.5549859434430333,-4.59897469819746,71.57690869912213,108.1156954487452,-33.79600584167277,
2011-09-06,True,2011-09-01,120.94,116.99,-3.2660823548867235,-5.878948238796102,70.61657783304506,108.1156954487452,-34.68424955327368,RAW_DECISION
2011-09-07,False,,,120.29,,,70.61657783304506,108.1156954487452,-34.68424955327368,
2011-09-08,False,,,119.04,,,70.61657783304506,108.1156954487452,-34.68424955327368,
2011-09-09,False,,,115.92,,,70.61657783304506,108.1156954487452,-34.68424955327368,
2011-09-12,False,,,116.67,,,70.61657783304506,108.1156954487452,-34.68424955327368,
2011-09-13,False,,,117.74,,,70.61657783304506,108.1156954487452,-34.68424955327368,
2011-09-14,False,,,119.37,,,70.61657783304506,108.1156954487452,-34.68424955327368,
2011-09-15,False,,,121.43,,,70.61657783304506,108.1156954487452,-34.68424955327368,
2011-09-16,False,,,121.521,,,70.61657783304506,108.1156954487452,-34.68424955327368,
2011-09-19,False,,,120.31,,,70.61657783304506,108.1156954487452,-34.68424955327368,
2011-09-20,False,,,120.17,,,70.61657783304506,108.1156954487452,-34.68424955327368,
2011-09-21,False,,,116.63,,,70.61657783304506,108.1156954487452,-34.68424955327368,
2011-09-22,False,,,112.86,,,70.61657783304506,108.1156954487452,-34.68424955327368,
2011-09-23,False,,,113.54,,,70.61657783304506,108.1156954487452,-34.68424955327368,
2011-09-26,False,,,116.24,,,70.61657783304506,108.1156954487452,-34.68424955327368,
2011-09-27,False,,,117.54,,,70.61657783304506,108.1156954487452,-34.68424955327368,
2011-09-28,False,,,115.145,,,70.61657783304506,108.1156954487452,-34.68424955327368,
2011-09-29,False,,,116.05,,,70.61657783304506,108.1156954487452,-34.68424955327368,
2011-09-30,False,,,113.15,,,70.61657783304506,108.1156954487452,-34.68424955327368,
2011-10-03,False,,,109.93,,,70.61657783304506,108.1156954487452,-34.68424955327368,
2011-10-04,False,,,112.34,,,70.61657783304506,108.1156954487452,-34.68424955327368,
2011-10-05,False,,,114.42,,,70.61657783304506,108.1156954487452,-34.68424955327368,
2011-10-06,False,,,116.49,,,70.61657783304506,108.1156954487452,-34.68424955327368,
2011-10-07,False,,,115.71,,,70.61657783304506,108.1156954487452,-34.68424955327368,
2011-10-10,False,,,119.58,,,70.61657783304506,108.1156954487452,-34.68424955327368,
2011-10-11,False,,,119.7,,,70.61657783304506,108.1156954487452,-34.68424955327368,
2011-10-12,False,,,120.75,,,70.61657783304506,108.1156954487452,-34.68424955327368,
2011-10-13,False,,,120.51,,,70.61657783304506,108.1156954487452,-34.68424955327368,
2011-10-14,False,,,122.57,,,70.61657783304506,108.1156954487452,-34.68424955327368,
2011-10-17,False,,,120.23,,,70.61657783304506,108.1156954487452,-34.68424955327368,
2011-10-18,False,,,122.58,,,70.61657783304506,108.1156954487452,-34.68424955327368,
2011-10-19,False,,,121.13,,,70.61657783304506,108.1156954487452,-34.68424955327368,
2011-10-20,False,,,121.66,,,70.61657783304506,108.1156954487452,-34.68424955327368,
2011-10-21,False,,,123.97,,,70.61657783304506,108.1156954487452,-34.68424955327368,
2011-10-24,False,,,125.49,,,70.61657783304506,108.1156954487452,-34.68424955327368,
2011-10-25,False,,,123.049,,,70.61657783304506,108.1156954487452,-34.68424955327368,
2011-10-26,False,,,124.3,,,70.61657783304506,108.1156954487452,-34.68424955327368,
2011-10-27,False,,,128.63,,,70.61657783304506,108.1156954487452,-34.68424955327368,
2011-10-28,False,,,128.6,,,70.61657783304506,108.1156954487452,-34.68424955327368,
2011-10-31,False,,,125.5,,,70.61657783304506,108.1156954487452,-34.68424955327368,
2011-11-01,False,,,122.002,,,70.61657783304506,108.1156954487452,-34.68424955327368,
2011-11-02,False,,,123.99,,,70.61657783304506,108.1156954487452,-34.68424955327368,
2011-11-03,False,,,126.25,,,70.61657783304506,108.1156954487452,-34.68424955327368,
2011-11-04,False,,,125.481,,,70.61657783304506,108.1156954487452,-34.68424955327368,
2011-11-07,False,,,126.26,,,70.61657783304506,108.1156954487452,-34.68424955327368,
2011-11-08,False,,,127.88,,,70.61657783304506,108.1156954487452,-34.68424955327368,
2011-11-09,False,,,123.161,,,70.61657783304506,108.1156954487452,-34.68424955327368,
2011-11-10,False,,,124.32,,,70.61657783304506,108.1156954487452,-34.68424955327368,
2011-11-11,False,,,126.66,,,70.61657783304506,108.1156954487452,-34.68424955327368,
2011-11-14,False,,,125.46,,,70.61657783304506,108.1156954487452,-34.68424955327368,
2011-11-15,False,,,126.083,,,70.61657783304506,108.1156954487452,-34.68424955327368,
2011-11-16,False,,,124.08,,,70.61657783304506,108.1156954487452,-34.68424955327368,
2011-11-17,False,,,122.105,,,70.61657783304506,108.1156954487452,-34.68424955327368,
2011-11-18,False,,,121.979,,,70.61657783304506,108.1156954487452,-34.68424955327368,
2011-11-21,False,,,119.661,,,70.61657783304506,108.1156954487452,-34.68424955327368,
2011-11-22,False,,,119.19,,,70.61657783304506,108.1156954487452,-34.68424955327368,
2011-11-23,False,,,116.56,,,70.61657783304506,108.1156954487452,-34.68424955327368,
2011-11-25,False,,,116.34,,,70.61657783304506,108.1156954487452,-34.68424955327368,
2011-11-28,False,,,119.71,,,70.61657783304506,108.1156954487452,-34.68424955327368,
2011-11-29,False,,,120.05,,,70.61657783304506,108.1156954487452,-34.68424955327368,
2011-11-30,False,,,124.99,,,70.61657783304506,108.1156954487452,-34.68424955327368,
2011-12-01,False,,,124.97,,,70.61657783304506,108.1156954487452,-34.68424955327368,
2011-12-02,False,,,124.86,,,70.61657783304506,108.1156954487452,-34.68424955327368,
2011-12-05,False,,,126.22,,,70.61657783304506,108.1156954487452,-34.68424955327368,
2011-12-06,False,,,126.26,,,70.61657783304506,108.1156954487452,-34.68424955327368,
2011-12-07,False,,,126.73,,,70.61657783304506,108.1156954487452,-34.68424955327368,
2011-12-08,False,,,123.95,,,70.61657783304506,108.1156954487452,-34.68424955327368,
2011-12-09,False,,,126.05,,,70.61657783304506,108.1156954487452,-34.68424955327368,
2011-12-12,False,,,124.21,,,70.61657783304506,108.1156954487452,-34.68424955327368,
2011-12-13,False,,,123.05,,,70.61657783304506,108.1156954487452,-34.68424955327368,
2011-12-14,False,,,121.74,,,70.61657783304506,108.1156954487452,-34.68424955327368,
2011-12-15,False,,,122.185,,,70.61657783304506,108.1156954487452,-34.68424955327368,
2011-12-16,False,,,121.59,,,70.61657783304506,108.1156954487452,-34.68424955327368,
2011-12-19,False,,,120.29,,,70.61657783304506,108.1156954487452,-34.68424955327368,
2011-12-20,False,,,123.93,,,70.61657783304506,108.1156954487452,-34.68424955327368,
2011-12-21,False,,,124.17,,,70.61657783304506,108.1156954487452,-34.68424955327368,
2011-12-22,False,,,125.27,,,70.61657783304506,108.1156954487452,-34.68424955327368,
2011-12-23,False,,,126.39,,,70.61657783304506,108.1156954487452,-34.68424955327368,
2011-12-27,False,,,126.49,,,70.61657783304506,108.1156954487452,-34.68424955327368,
2011-12-28,False,,,124.83,,,70.61657783304506,108.1156954487452,-34.68424955327368,
2011-12-29,False,,,126.12,,,70.61657783304506,108.1156954487452,-34.68424955327368,
2011-12-30,False,,,125.5,,,70.61657783304506,108.1156954487452,-34.68424955327368,
2012-01-03,True,2012-01-03,127.495,127.495,0.0,0.0,70.61657783304506,108.1156954487452,-34.68424955327368,
2012-01-04,True,2012-01-03,127.495,127.7,0.16079061923996996,0.2894231146319459,70.82095853205594,108.1156954487452,-34.49521067398555,
2012-01-05,True,2012-01-03,127.495,128.04,0.4274677438330876,0.7694419388995577,71.15993139870815,108.1156954487452,-34.18168277662959,
2012-01-06,True,2012-01-03,127.495,127.71,0.1686340640809414,0.3035413153456945,70.8309283222516,108.1156954487452,-34.48598926523978,
2012-01-09,True,2012-01-03,127.495,128.02,0.41178085415114474,0.7412055374720605,71.13999181831684,108.1156954487452,-34.200125594121126,
2012-01-10,True,2012-01-03,127.495,129.13,1.2824032314992628,2.308325816698673,72.24663853003435,108.1156954487452,-33.176549223341425,
2012-01-11,True,2012-01-03,127.495,129.2,1.337307345386085,2.407153221694953,72.31642706140393,108.1156954487452,-33.11199936212107,
2012-01-12,True,2012-01-03,127.495,129.51,1.5804541354562884,2.844817443821319,72.62549055746918,108.1156954487452,-32.82613569100241,
2012-01-13,True,2012-01-03,127.495,128.84,1.0549433311110246,1.8988979959998442,71.95751461436042,108.1156954487452,-33.44397007696853,
2012-01-17,True,2012-01-03,127.495,129.34,1.4471155731597296,2.6048080316875133,72.45600412414308,108.1156954487452,-32.98289963968038,
2012-01-18,True,2012-01-03,127.495,130.77,2.5687281854190447,4.62371073375428,73.8816841221215,108.1156954487452,-31.664238189036244,
2012-01-19,True,2012-01-03,127.495,131.46,3.1099258794462514,5.597866583003253,74.56959964562157,108.1156954487452,-31.027960985578595,
2012-01-20,True,2012-01-03,127.495,131.54,3.172673438174045,5.710812188713281,74.64935796718679,108.1156954487452,-30.95418971561249,
2012-01-23,True,2012-01-03,127.495,131.61,3.2275775520608674,5.809639593709561,74.71914649855638,108.1156954487452,-30.889639854392126,
2012-01-24,True,2012-01-03,127.495,131.46,3.1099258794462514,5.597866583003253,74.56959964562157,108.1156954487452,-31.027960985578595,
2012-01-25,True,2012-01-03,127.495,132.56,3.972704811953398,7.1508686615161166,75.6662765671434,108.1156954487452,-30.01360602354467,
2012-01-26,True,2012-01-03,127.495,131.88,3.4393505627671628,6.190831012980893,74.988330833839,108.1156954487452,-30.640661818256543,
2012-01-27,True,2012-01-03,127.495,131.82,3.392289893721312,6.1061218086983615,74.92851209266507,108.1156954487452,-30.695990270731134,
2012-01-30,True,2012-01-03,127.495,131.37,3.0393348758774863,5.470802776579475,74.47987153386069,108.1156954487452,-31.110953664290463,
2012-01-31,True,2012-01-03,127.495,131.32,3.000117651672607,5.400211773010692,74.43002258288242,108.1156954487452,-31.15706070801928,
2012-02-01,True,2012-01-03,127.495,132.47,3.902113808384633,7.023804855092339,75.57654845538254,108.1156954487452,-30.09659870225653,
2012-02-02,True,2012-01-03,127.495,132.68,4.0668261500451,7.3202870700811795,75.78591404949127,108.1156954487452,-29.90294911859549,
2012-02-03,True,2012-01-03,127.495,134.54,5.525706890466275,9.946272402839297,77.64029502588275,108.1156954487452,-28.187767091883554,
2012-02-06,True,2012-01-03,127.495,134.45,5.45511588689751,9.81920859641552,77.55056691412187,108.1156954487452,-28.270759770595422,
2012-02-07,True,2012-01-03,127.495,134.79,5.721793011490628,10.299227420683131,77.88953978077407,108.1156954487452,-27.957231873239486,
2012-02-08,True,2012-01-03,127.495,132.57,3.9805482567943695,7.164986862229865,75.67624635733905,108.1156954487452,-30.00438461479891,
2012-02-09,True,2012-01-03,127.495,135.36,6.168869367426177,11.10396486136712,78.45781782192634,108.1156954487452,-27.43161157473095,
2012-02-10,True,2012-01-03,127.495,134.361,5.38530922781284,9.693556610063112,77.46183578138056,108.1156954487452,-28.35283030843272,
2012-02-13,True,2012-01-03,127.495,135.36,6.168869367426177,11.10396486136712,78.45781782192634,108.1156954487452,-27.43161157473095,
2012-02-14,True,2012-01-03,127.495,135.19,6.035530805129596,10.863955449233273,78.2883313886002,108.1156954487452,-27.58837552340897,
2012-02-15,True,2012-01-03,127.495,134.56,5.5413937801482405,9.974508804266833,77.66023460627407,108.1156954487452,-28.169324274392014,
2012-02-16,True,2012-01-03,127.495,136.049,6.709282716969289,12.07670889054472,79.14473636640685,108.1156954487452,-26.796256512147878,
2012-02-17,True,2012-01-03,127.495,136.41,6.992431075728445,12.586375936311201,79.50464579246992,108.1156954487452,-26.46336365642584,
2012-02-21,True,2012-01-03,127.495,136.47,7.0394917447742955,12.671085140593732,79.56446453364384,108.1156954487452,-26.40803520395125,
2012-02-22,True,2012-01-03,127.495,136.032,6.695948860739631,12.052707949331337,79.12778772307422,108.1156954487452,-26.811932907015688,
2012-02-23,True,2012-01-03,127.495,136.631,7.165771206713978,12.898388172085161,79.72497815579385,108.1156954487452,-26.259570523144482,
2012-02-24,True,2012-01-03,127.495,136.93,7.400290207459115,13.320522373426407,80.0230748826439,108.1156954487452,-25.983850401646148,
2012-02-27,True,2012-01-03,127.495,137.16,7.5806894388015245,13.645240989842744,80.25238005714392,108.1156954487452,-25.771758000493595,
2012-02-28,True,2012-01-03,127.495,137.559,7.893642887956376,14.208557198321477,80.65017468595047,108.1156954487452,-25.40382379153765,
2012-02-29,True,2012-01-03,127.495,137.02,7.47088121102788,13.447586179850184,80.11280299440477,108.1156954487452,-25.90085772293428,
2012-03-01,True,2012-01-03,127.495,137.73,8.027765794737029,14.449978430526652,80.82065809829612,108.1156954487452,-25.246137701985127,
2012-03-02,True,2012-01-03,127.495,137.312,7.69990980038433,13.859837640691795,80.40392086811785,108.1156954487452,-25.631592587557993,
2012-03-05,True,2012-01-03,127.495,136.75,7.2591082003215845,13.066394760578852,79.84361865912214,108.1156954487452,-26.149835759069873,
2012-03-06,True,2012-01-03,127.495,134.75,5.690419232126742,10.242754617828137,77.84966061999148,108.1156954487452,-27.994117508222516,
2012-03-07,True,2012-01-03,127.495,135.69,6.427703047178324,11.569865484920983,78.7868208983829,108.1156954487452,-27.127305086120767,
2012-03-08,True,2012-01-03,127.495,137.04,7.486568100709823,13.475822581277681,80.13274257479607,108.1156954487452,-25.882414905442765,
2012-03-09,True,2012-01-03,127.495,137.57,7.902270677281442,14.224087219106597,80.66114145516568,108.1156954487452,-25.393680241917327,
2012-03-12,True,2012-01-03,127.495,137.58,7.910114122122436,14.238205419820385,80.67111124536136,108.1156954487452,-25.384458833171543,
2012-03-13,True,2012-01-03,127.495,140.062,9.85685713165223,17.742342836974014,83.1456131719225,108.1156954487452,-23.095705182473115,
2012-03-14,True,2012-01-03,127.495,139.91,9.737636770069402,17.527746186124926,82.99407236094855,108.1156954487452,-23.235870595408738,
2012-03-15,True,2012-01-03,127.495,140.72,10.372955802188311,18.67132044393896,83.80162536679646,108.1156954487452,-22.488936487001933,
2012-03-16,True,2012-01-03,127.495,140.3,10.04353111886742,18.078356013961358,83.38289417857905,108.1156954487452,-22.87623565432395,
2012-03-19,True,2012-01-03,127.495,140.85,10.474920585120984,18.85485705321777,83.93123263933997,108.1156954487452,-22.36905817330699,
2012-03-20,True,2012-01-03,127.495,140.44,10.153339346641044,18.27601082395388,83.52247124131819,108.1156954487452,-22.747135931883278,
2012-03-21,True,2012-01-03,127.495,140.21,9.972940115298634,17.95129220753754,83.29316606681816,108.1156954487452,-22.95922833303583,
2012-03-22,True,2012-01-03,127.495,139.2,9.18075218636023,16.525353935448415,82.28621725705716,108.1156954487452,-23.890590616357933,
2012-03-23,True,2012-01-03,127.495,139.65,9.533707204204077,17.16067296756734,82.73485781586157,108.1156954487452,-23.47562722279858,
2012-03-26,True,2012-01-03,127.495,141.61,11.071022393035035,19.927840307463065,84.68893669420963,108.1156954487452,-21.668231108628977,
2012-03-27,True,2012-01-03,127.495,141.17,10.725910820032137,19.306639476057846,84.25026592560084,108.1156954487452,-22.0739730934426,
2012-03-28,True,2012-01-03,127.495,140.47,10.176869681163957,18.318365426095124,83.55238061190514,108.1156954487452,-22.719471705646,
2012-03-29,True,2012-01-03,127.495,140.23,9.988627004980577,17.97952860896504,83.31310564720945,108.1156954487452,-22.940785515544317,
2012-03-30,True,2012-01-03,127.495,140.81,10.443546805757077,18.798384250362737,83.89135347855733,108.1156954487452,-22.40594380829006,
2012-04-02,True,2012-01-03,127.495,141.84,11.251421624377421,20.25255892387936,84.91824186870964,108.1156954487452,-21.456138707476434,
2012-04-03,True,2012-01-03,127.495,141.26,10.796501823600924,19.433703282481662,84.33999403736175,108.1156954487452,-21.9909804147307,
2012-04-04,True,2012-01-03,127.495,139.86,9.698419545864546,17.457155182556182,82.94422340997029,108.1156954487452,-23.28197763913755,
2012-04-05,True,2012-01-03,127.495,139.79,9.643515431977722,17.3583277775599,82.87443487860072,108.1156954487452,-23.346527500357883,
2012-04-09,True,2012-01-03,127.495,138.22,8.412094591944786,15.141770265500616,81.30917781788317,108.1156954487452,-24.7942886734427,
2012-04-10,True,2012-01-03,127.495,135.9,6.592415388838768,11.866347699909783,78.99618649249159,108.1156954487452,-26.933655502459775,
2012-04-11,True,2012-01-03,127.495,137.0,7.455194321345937,13.419349778422687,80.09286341401348,108.1156954487452,-25.919300540425795,
2012-04-12,True,2012-01-03,127.495,138.79,8.85917094788029,15.946507706184523,81.87745585903538,108.1156954487452,-24.268668374934222,
2012-04-13,True,2012-01-03,127.495,137.14,7.565002549119559,13.617004588415208,80.2324404767526,108.1156954487452,-25.79020081798513,
2012-04-16,True,2012-01-03,127.495,137.05,7.4944115455508165,13.48994078199147,80.14271236499174,108.1156954487452,-25.873193496696988,
2012-04-17,True,2012-01-03,127.495,139.082,9.08819953723674,16.358759167026133,82.16857373274846,108.1156954487452,-23.999403239557935,
2012-04-18,True,2012-01-03,127.495,138.61,8.717988940742782,15.692380093337007,81.69799963551365,108.1156954487452,-24.434653732357926,
2012-04-19,True,2012-01-03,127.495,137.72,8.019922349896081,14.435860229812947,80.81068830810051,108.1156954487452,-25.255359110730847,
2012-04-20,True,2012-01-03,127.495,137.95,8.200321581238468,14.760578846229242,81.03999348260051,108.1156954487452,-25.043266709578326,
2012-04-23,True,2012-01-03,127.495,136.79,7.29048197968547,13.122867563433847,79.88349781990473,108.1156954487452,-26.112950124086844,
2012-04-24,True,2012-01-03,127.495,137.31,7.69834111141614,13.857014000549054,80.40192691007873,108.1156954487452,-25.633436869307136,
2012-04-25,True,2012-01-03,127.495,139.19,9.172908741519258,16.511235734734665,82.27624746686152,108.1156954487452,-23.899812025103685,
2012-04-26,True,2012-01-03,127.495,140.16,9.933722891093755,17.88070120396876,83.24331711583989,108.1156954487452,-23.005335376764656,
2012-04-27,True,2012-01-03,127.495,140.39,10.114122122436164,18.205419820385096,83.47262229033991,108.1156954487452,-22.793242975612106,
2012-04-30,True,2012-01-03,127.495,139.87,9.706262990705516,17.47127338326993,82.95419320016595,108.1156954487452,-23.272756230391778,
2012-05-01,True,2012-01-03,127.495,140.74,10.388642691870276,18.699556845366498,83.8215649471878,108.1156954487452,-22.470493669510372,
2012-05-02,True,2012-01-03,127.495,140.325,10.063139730969839,18.113651515745712,83.40781865406817,108.1156954487452,-22.85318213245956,
2012-05-03,True,2012-01-03,127.495,139.25,9.21996941056511,16.595944939017198,82.33606620803543,108.1156954487452,-23.844483572629105,
2012-05-04,True,2012-01-03,127.495,137.0,7.455194321345937,13.419349778422687,80.09286341401348,108.1156954487452,-25.919300540425795,
2012-05-07,True,2012-01-03,127.495,137.1,7.533628769755674,13.560531785560213,80.19256131597,108.1156954487452,-25.827086452968175,
2012-05-08,True,2012-01-03,127.495,136.55,7.102239303502111,12.7840307463038,79.6442228552091,108.1156954487452,-26.334263933985124,
2012-05-09,True,2012-01-03,127.495,135.74,6.466920271383203,11.640456488489766,78.83666984936117,108.1156954487452,-27.081198042391954,
2012-05-10,True,2012-01-03,127.495,136.02,6.68653672693047,12.035766108474846,79.11582397483946,108.1156954487452,-26.822998597510583,
2012-05-11,True,2012-01-03,127.495,135.61,6.36495548845053,11.456919879210954,78.70706257681768,108.1156954487452,-27.201076356086872,
2012-05-14,True,2012-01-03,127.495,134.11,5.188438762304415,9.339189772147947,77.21159404746969,108.1156954487452,-28.584287667951347,
2012-05-15,True,2012-01-03,127.495,133.34,4.584493509549392,8.252088317188907,76.44392020240439,108.1156954487452,-29.294336141375112,
2012-05-16,True,2012-01-03,127.495,132.829,4.183693478175621,7.530648260716117,75.93446392340651,108.1156954487452,-29.765550128283603,
2012-05-17,True,2012-01-03,127.495,130.86,2.63931918898781,4.750774540178058,73.97141223388238,108.1156954487452,-31.581245510324386,
2012-05-18,True,2012-01-03,127.495,129.74,1.760853366798698,3.1695360602376565,72.85479573196922,108.1156954487452,-32.614043289849846,
2012-05-21,True,2012-01-03,127.495,131.97,3.509941566335928,6.31789481940467,75.07805894559988,108.1156954487452,-30.557669139544675,
2012-05-22,True,2012-01-03,127.495,132.2,3.6903407976783376,6.642613435821008,75.3073641200999,108.1156954487452,-30.345576738392122,
2012-05-23,True,2012-01-03,127.495,132.27,3.74524491156516,6.741440840817288,75.37715265146949,108.1156954487452,-30.28102687717177,
2012-05-24,True,2012-01-03,127.495,132.53,3.9491744774304838,7.108514059374871,75.63636719655646,108.1156954487452,-30.041270249781938,
2012-05-25,True,2012-01-03,127.495,132.1,3.611906349268601,6.501431428683482,75.20766621814339,108.1156954487452,-30.437790825849742,
2012-05-29,True,2012-01-03,127.495,133.7,4.866857523824453,8.760343542884016,76.8028326494479,108.1156954487452,-28.962365426527647,
2012-05-30,True,2012-01-03,127.495,131.76,3.345229224675461,6.02141260441583,74.86869335149115,108.1156954487452,-30.751318723205713,
2012-05-31,True,2012-01-03,127.495,131.47,3.117769324287223,5.611984783717001,74.57956943581722,108.1156954487452,-31.018739576832832,
2012-06-01,True,2012-01-03,127.495,128.16,0.521589081924767,0.9388603474645807,71.27956888105598,108.1156954487452,-34.07102587168045,
2012-06-04,True,2012-01-03,127.495,128.1,0.47452841287893843,0.8541511431820892,71.21975013988208,108.1156954487452,-34.126354324155,
2012-06-05,True,2012-01-03,127.495,129.07,1.235342562453412,2.2236166124161416,72.18681978886042,108.1156954487452,-33.231877675816015,
2012-06-06,True,2012-01-03,127.495,131.97,3.509941566335928,6.31789481940467,75.07805894559988,108.1156954487452,-30.557669139544675,
2012-06-07,True,2012-01-03,127.495,132.05,3.572689125063744,6.430840425114739,75.15781726716514,108.1156954487452,-30.483897869578534,
2012-06-08,True,2012-01-03,127.495,133.1,4.396250833366011,7.91325150005882,76.20464523770869,108.1156954487452,-29.51564995127345,
2012-06-11,True,2012-01-03,127.495,131.415,3.074630377661869,5.534334679791364,74.52473558974113,108.1156954487452,-31.069457324934525,
2012-06-12,True,2012-01-03,127.495,132.92,4.255068826228459,7.6591238872112255,76.0251890141869,108.1156954487452,-29.681635308697206,
2012-06-13,True,2012-01-03,127.495,132.07,3.5883760147456645,6.459076826542196,75.1777568475564,108.1156954487452,-30.465455052087066,
2012-06-14,True,2012-01-03,127.495,133.47,4.686458292482043,8.435624926467678,76.57352747494785,108.1156954487452,-29.17445782768021,
2012-06-15,True,2012-01-03,127.495,134.14,5.211969096827307,9.381544374289152,77.24150341805661,108.1156954487452,-28.55662344171409,
2012-06-18,True,2012-01-03,127.495,134.4,5.415898662692653,9.748617592846776,77.50071796314363,108.1156954487452,-28.316866814324214,
2012-06-19,True,2012-01-03,127.495,135.7,6.435546492019273,11.583983685634692,78.79679068857853,108.1156954487452,-27.118083677375036,
2012-06-20,True,2012-01-03,127.495,135.48,6.262990705517857,11.273383269932143,78.57745530427417,108.1156954487452,-27.320954669781816,
2012-06-21,True,2012-01-03,127.495,132.44,3.8785834738617186,6.981450252951094,75.54663908479559,108.1156954487452,-30.124262928493806,
2012-06-22,True,2012-01-03,127.495,133.46,4.678614847641094,8.42150672575397,76.56355768475223,108.1156954487452,-29.183679236425952,
2012-06-25,True,2012-01-03,127.495,131.32,3.000117651672607,5.400211773010692,74.43002258288242,108.1156954487452,-31.15706070801928,
2012-06-26,True,2012-01-03,127.495,131.98,3.5177850111768993,6.332013020118419,75.08802873579552,108.1156954487452,-30.548447730798923,
2012-06-27,True,2012-01-03,127.495,133.173,4.453507980705118,8.016314365269213,76.27742470613697,108.1156954487452,-29.44833366742936,
2012-06-28,True,2012-01-03,127.495,132.79,4.153104043295808,7.475587277932454,75.89558174164344,108.1156954487452,-29.801513622392108,
2012-06-29,True,2012-01-03,127.495,136.105,6.753206008078738,12.155770814541729,79.2005671915025,108.1156954487452,-26.744616623171613,
2012-07-02,True,2012-01-03,127.495,136.51,7.070865524138181,12.727557943448726,79.60434369442643,108.1156954487452,-26.37114956896822,
2012-07-03,True,2012-01-03,127.495,137.412,7.778344248794067,14.00101964782932,80.50361877007438,108.1156954487452,-25.539378500100362,
2012-07-05,True,2012-01-03,127.495,136.79,7.29048197968547,13.122867563433847,79.88349781990473,108.1156954487452,-26.112950124086844,
2012-07-06,True,2012-01-03,127.495,135.49,6.2708341503588505,11.287501470645932,78.58742509446984,108.1156954487452,-27.311733261036032,
2012-07-09,True,2012-01-03,127.495,135.32,6.1374955880622695,11.047492058512086,78.41793866114371,108.1156954487452,-27.468497209714027,
2012-07-10,True,2012-01-03,127.495,134.14,5.211969096827307,9.381544374289152,77.24150341805661,108.1156954487452,-28.55662344171409,
2012-07-11,True,2012-01-03,127.495,134.16,5.227655986509272,9.40978077571669,77.26144299844793,108.1156954487452,-28.538180624222555,
2012-07-12,True,2012-01-03,127.495,133.51,4.717832071845951,8.492097729322712,76.61340663573048,108.1156954487452,-29.13757219269715,
2012-07-13,True,2012-01-03,127.495,135.75,6.474763716224152,11.654574689203475,78.8466396395568,108.1156954487452,-27.071976633646212,
2012-07-16,True,2012-01-03,127.495,135.43,6.223773481313,11.2027922663634,78.52760635329592,108.1156954487452,-27.36706171351061,
2012-07-17,True,2012-01-03,127.495,136.36,6.9532138515235875,12.515784932742458,79.45479684149166,108.1156954487452,-26.509470700154647,
2012-07-18,True,2012-01-03,127.495,137.37,7.745401780461969,13.941723204831545,80.46174565125263,108.1156954487452,-25.578108416832578,
2012-07-19,True,2012-01-03,127.495,137.73,8.027765794737029,14.449978430526652,80.82065809829612,108.1156954487452,-25.246137701985127,
2012-07-20,True,2012-01-03,127.495,136.47,7.0394917447742955,12.671085140593732,79.56446453364384,108.1156954487452,-26.40803520395125,
2012-07-23,True,2012-01-03,127.495,135.09,5.95709635671986,10.722773442095749,78.1886334866437,108.1156954487452,-27.68058961086657,
2012-07-24,True,2012-01-03,127.495,133.925,5.043335032746388,9.078003058943498,77.02715292885011,108.1156954487452,-28.75488372974796,
2012-07-25,True,2012-01-03,127.495,133.96,5.070787089689799,9.127416761441639,77.0620471945349,108.1156954487452,-28.722608799137785,
2012-07-26,True,2012-01-03,127.495,136.17,6.804188399545064,12.247539119181114,79.26537082777422,108.1156954487452,-26.684677466324167,
2012-07-27,True,2012-01-03,127.495,138.675,8.768971332209109,15.784148397976397,81.76280327178539,108.1156954487452,-24.37471457551048,
2012-07-30,True,2012-01-03,127.495,138.68,8.772893054629606,15.791207498333291,81.76778816688324,108.1156954487452,-24.370103871137573,
2012-07-31,True,2012-01-03,127.495,137.82,8.098356798305817,14.57704223695047,80.91038621005704,108.1156954487452,-25.163145023273216,
2012-08-01,True,2012-01-03,127.495,137.59,7.917957566963407,14.252323620534133,80.681081035557,108.1156954487452,-25.37523742442579,
2012-08-02,True,2012-01-03,127.495,136.64,7.172830307070854,12.911094552727539,79.73395096696994,108.1156954487452,-26.251271255273288,
2012-08-03,True,2012-01-03,127.495,140.49,10.192556570845923,18.34660182752266,83.57232019229646,108.1156954487452,-22.70102888815445,
2012-08-06,True,2012-01-03,127.495,139.62,9.510176869681164,17.118318365426095,82.70494844527462,108.1156954487452,-23.503291449035856,
2012-08-07,True,2012-01-03,127.495,140.32,10.059218008549342,18.106592415388818,83.40283375897033,108.1156954487452,-22.857792836832445,
2012-08-08,True,2012-01-03,127.495,140.49,10.192556570845923,18.34660182752266,83.57232019229646,108.1156954487452,-22.70102888815445,
2012-08-09,True,2012-01-03,127.495,140.61,10.286677908937602,18.516020236087684,83.6919576746443,108.1156954487452,-22.590371983205294,
2012-08-10,True,2012-01-03,127.495,140.84,10.467077140280011,18.84073885250402,83.92126284914431,108.1156954487452,-22.378279582052752,
2012-08-13,True,2012-01-03,127.495,140.77,10.41217302639319,18.741911447507743,83.85147431777474,108.1156954487452,-22.442829443273094,
2012-08-14,True,2012-01-03,127.495,140.79,10.427859916075132,18.77014784893524,83.87141389816605,108.1156954487452,-22.424386625781565,
2012-08-15,True,2012-01-03,127.495,140.95,10.553355033530721,18.996039060355297,84.0309305412965,108.1156954487452,-22.276844085849355,
2012-08-16,True,2012-01-03,127.495,141.99,11.369073296992038,20.46433193458567,85.06778872164445,108.1156954487452,-21.317817576289976,
2012-08-17,True,2012-01-03,127.495,142.18,11.51809874897054,20.732577748146973,85.25721473536184,108.1156954487452,-21.142610810120498,
2012-08-20,True,2012-01-03,127.495,142.19,11.525942193811511,20.746695948860722,85.2671845255575,108.1156954487452,-21.133389401374735,
2012-08-21,True,2012-01-03,127.495,141.76,11.188674065649629,20.13961331816933,84.83848354714442,108.1156954487452,-21.52990997744254,
2012-08-22,True,2012-01-03,127.495,141.82,11.23573473469548,20.224322522451864,84.89830228831833,108.1156954487452,-21.474581524967963,
2012-08-23,True,2012-01-03,127.495,140.665,10.329816855562957,18.593670340013322,83.74679152072036,108.1156954487452,-22.539654235103622,
2012-08-24,True,2012-01-03,127.495,141.51,10.992587944625276,19.7866583003255,84.58923879225307,108.1156954487452,-21.760445196086632,
2012-08-27,True,2012-01-03,127.495,141.54,11.016118279148191,19.829012902466744,84.61914816284003,108.1156954487452,-21.73278096984934,
2012-08-28,True,2012-01-03,127.495,141.4,10.906310051374568,19.631358092474223,84.47957110010091,108.1156954487452,-21.861880692290004,
2012-08-29,True,2012-01-03,127.495,141.51,10.992587944625276,19.7866583003255,84.58923879225307,108.1156954487452,-21.760445196086632,
2012-08-30,True,2012-01-03,127.495,140.49,10.192556570845923,18.34660182752266,83.57232019229646,108.1156954487452,-22.70102888815445,
2012-08-31,True,2012-01-03,127.495,141.1,10.671006706145336,19.207812071061607,84.1804773942313,108.1156954487452,-22.13852295466291,
2012-09-04,True,2012-01-03,127.495,141.03,10.616102592258514,19.108984666065325,84.11068886286172,108.1156954487452,-22.203072815883264,
2012-09-05,True,2012-01-03,127.495,140.91,10.521981254166835,18.939566257500303,83.9910513805139,108.1156954487452,-22.31372972083241,
2012-09-06,True,2012-01-03,127.495,143.77,12.765206478685442,22.977371661633796,86.84241137647074,108.1156954487452,-19.676406819544134,
2012-09-07,True,2012-01-03,127.495,144.33,13.20443938978,23.767990901603998,87.4007196274273,108.1156954487452,-19.160007929781408,
2012-09-10,True,2012-01-03,127.495,143.51,12.561276912820096,22.610298443076175,86.58319683138372,108.1156954487452,-19.91616344693401,
2012-09-11,True,2012-01-03,127.495,143.91,12.875014706459066,23.175026471626317,86.98198843920986,108.1156954487452,-19.547307097103474,
2012-09-12,True,2012-01-03,127.495,144.39,13.251500058825826,23.852700105886488,87.4605383686012,108.1156954487452,-19.104679477306842,
2012-09-13,True,2012-01-03,127.495,146.59,14.977057923840142,26.958704262912256,89.65389221164492,108.1156954487452,-17.075969553238956,
2012-09-14,True,2012-01-03,127.495,147.2,15.455508059139555,27.8199145064512,90.26204941357976,108.1156954487452,-16.513463619747405,
2012-09-17,True,2012-01-03,127.495,146.74,15.09470959645476,27.170477273618566,89.80343906457973,108.1156954487452,-16.937648422052487,
2012-09-18,True,2012-01-03,127.495,146.62,15.000588258363079,27.001058865053544,89.68380158223191,108.1156954487452,-17.048305327001636,
2012-09-19,True,2012-01-03,127.495,146.7,15.06333581709085,27.114004470763533,89.7635599037971,108.1156954487452,-16.974534057035562,
2012-09-20,True,2012-01-03,127.495,146.71,15.071179261931844,27.12812267147732,89.77352969399278,108.1156954487452,-16.965312648289764,
2012-09-21,True,2012-01-03,127.495,145.87,14.412329895290021,25.94219381152204,88.93606731755791,108.1156954487452,-17.73991098293387,
2012-09-24,True,2012-01-03,127.495,145.645,14.235852386368087,25.624534295462556,88.7117470381557,108.1156954487452,-17.94739267971355,
2012-09-25,True,2012-01-03,127.495,144.1,13.024040158437566,23.44327228518762,87.17141445292725,108.1156954487452,-19.372100330933982,
2012-09-26,True,2012-01-03,127.495,143.295,12.392642848739154,22.306757127730478,86.36884634217716,108.1156954487452,-20.11442373496792,
2012-09-27,True,2012-01-03,127.495,144.64,13.44758617985018,24.205655123730324,87.70978312349254,108.1156954487452,-18.87414425866276,
2012-09-28,True,2012-01-03,127.495,143.97,12.922075375504916,23.25973567590885,87.04180718038377,108.1156954487452,-19.491978644628894,
2012-10-01,True,2012-01-03,127.495,144.345,13.216204557041443,23.7891682026746,87.41567431272077,108.1156954487452,-19.14617581666278,
2012-10-02,True,2012-01-03,127.495,144.5,13.337777952076557,24.008000313737803,87.5702060607534,108.1156954487452,-19.003243981103434,
2012-10-03,True,2012-01-03,127.495,145.09,13.800541197694027,24.84097415584925,88.15842368229694,108.1156954487452,-18.45918086510342,
2012-10-04,True,2012-01-03,127.495,146.125,14.612337738734848,26.302207929722726,89.19029696754706,108.1156954487452,-17.504765059916927,
2012-10-05,True,2012-01-03,127.495,146.14,14.624102905996295,26.32338523079333,89.20525165284052,108.1156954487452,-17.4909329467983,
2012-10-08,True,2012-01-03,127.495,145.642,14.233499352915802,25.620298835248445,88.70875610109701,108.1156954487452,-17.95015910233728,
2012-10-09,True,2012-01-03,127.495,144.2,13.102474606847325,23.584454292325187,87.27111235488381,108.1156954487452,-19.27988624347633,
2012-10-10,True,2012-01-03,127.495,143.28,12.38087768147771,22.285579826659877,86.35389165688372,108.1156954487452,-20.12825584808653,
2012-10-11,True,2012-01-03,127.495,143.36,12.443625240205503,22.398525432369905,86.43364997844894,108.1156954487452,-20.054484578120434,
2012-10-12,True,2012-01-03,127.495,142.89,12.07498333267969,21.73496999882344,85.9650698392532,108.1156954487452,-20.487890789171338,
2012-10-15,True,2012-01-03,127.495,144.08,13.008353268755645,23.41503588376016,87.15147487253599,108.1156954487452,-19.390543148425476,
2012-10-16,True,2012-01-03,127.495,145.54,14.153496215537853,25.476293187968135,88.60706424110133,108.1156954487452,-18.044217471544087,
2012-10-17,True,2012-01-03,127.495,146.2,14.671163575042145,26.408094435075864,89.26507039401444,108.1156954487452,-17.43560449432371,
2012-10-18,True,2012-01-03,127.495,145.82,14.373112671085142,25.871602807953256,88.88621836657964,108.1156954487452,-17.7860180266627,
2012-10-19,True,2012-01-03,127.495,143.3896,12.466841836934783,22.44031530648261,86.46316055742807,108.1156954487452,-20.027189208232976,
2012-10-22,True,2012-01-03,127.495,143.41,12.48284246441036,22.46911643593865,86.4834989294272,108.1156954487452,-20.00837753439162,
2012-10-23,True,2012-01-03,127.495,141.42,10.921996941056488,19.65959449390168,84.49951068049218,108.1156954487452,-21.84343787479851,
2012-10-24,True,2012-01-03,127.495,141.02,10.608259147417542,19.094866465351576,84.10071907266607,108.1156954487452,-22.212294224629026,
2012-10-25,True,2012-01-03,127.495,141.43,10.929840385897482,19.673712694615467,84.50948047068785,108.1156954487452,-21.834216466052737,
2012-10-26,True,2012-01-03,127.495,141.35,10.867092827169689,19.56076708890544,84.42972214912263,108.1156954487452,-21.907987736018843,
2012-10-31,True,2012-01-03,127.495,141.35,10.867092827169689,19.56076708890544,84.42972214912263,108.1156954487452,-21.907987736018843,
2012-11-01,True,2012-01-03,127.495,142.83,12.027922663633884,21.65026079454099,85.90525109807933,108.1156954487452,-20.54321924164586,
2012-11-02,True,2012-01-03,127.495,141.56,11.031805168830155,19.85724930389428,84.63908774323136,108.1156954487452,-21.714338152357794,
2012-11-05,True,2012-01-03,127.495,141.8486,11.258166986940665,20.264700576493198,84.9268158882779,108.1156954487452,-21.448208295955084,
2012-11-06,True,2012-01-03,127.495,142.96,12.129887446566535,21.833797403819762,86.03485837062281,108.1156954487452,-20.42334092795095,
2012-11-07,True,2012-01-03,127.495,139.72,9.588611318090901,17.259500372563622,82.80464634723116,108.1156954487452,-23.411077361578226,
2012-11-08,True,2012-01-03,127.495,138.04,8.270912584807233,14.88764265265302,81.12972159436138,108.1156954487452,-24.960274030866458,
2012-11-09,True,2012-01-03,127.495,138.16,8.365033922898935,15.057061061218082,81.24935907670925,108.1156954487452,-24.849617125917266,
2012-11-12,True,2012-01-03,127.495,138.265,8.447390093729146,15.205302168712462,81.35404187376358,108.1156954487452,-24.75279233408679,
2012-11-13,True,2012-01-03,127.495,137.79,8.07482646378288,14.534687634809185,80.88047683947006,108.1156954487452,-25.190809249510526,
2012-11-14,True,2012-01-03,127.495,135.9299,6.61586728891328,11.908561120043904,79.02599616517661,108.1156954487452,-26.90608349030993,
2012-11-15,True,2012-01-03,127.495,135.7,6.435546492019273,11.583983685634692,78.79679068857853,108.1156954487452,-27.118083677375036,
2012-11-16,True,2012-01-03,127.495,136.37,6.961057296364559,12.529903133456207,79.46476663168731,108.1156954487452,-26.500249291408885,
2012-11-19,True,2012-01-03,127.495,139.13,9.125848072473431,16.426526530452175,82.21642872568762,108.1156954487452,-23.95514047757824,
2012-11-20,True,2012-01-03,127.495,139.19,9.172908741519258,16.511235734734665,82.27624746686152,108.1156954487452,-23.899812025103685,
2012-11-21,True,2012-01-03,127.495,139.45,9.376838307384583,16.87830895329225,82.5354620119485,108.1156954487452,-23.660055397713855,
2012-11-23,True,2012-01-03,127.495,141.35,10.867092827169689,19.56076708890544,84.42972214912263,108.1156954487452,-21.907987736018843,
2012-11-26,True,2012-01-03,127.495,141.05,10.63178948194048,19.137221067492863,84.13062844325306,108.1156954487452,-22.184629998391703,
2012-11-27,True,2012-01-03,127.495,140.33,10.067061453390336,18.120710616102606,83.41280354916601,108.1156954487452,-22.84857142808666,
2012-11-28,True,2012-01-03,127.495,141.47,10.961214165261367,19.730185497470462,84.54935963147045,108.1156954487452,-21.797330831069694,
2012-11-29,True,2012-01-03,127.495,142.12,11.47103807992471,20.64786854386448,85.19739599418796,108.1156954487452,-21.197939262595046,
2012-11-30,True,2012-01-03,127.495,142.155,11.4984901368681,20.69728224636258,85.2322902598727,108.1156954487452,-21.165664331984914,
2012-12-03,True,2012-01-03,127.495,141.45,10.945527275579426,19.701949096042966,84.52942005107916,108.1156954487452,-21.81577364856121,
2012-12-04,True,2012-01-03,127.495,141.25,10.788658378759951,19.419585081767913,84.3300242471661,108.1156954487452,-22.000201823476473,
2012-12-05,True,2012-01-03,127.495,141.5,10.984744499784306,19.77254009961175,84.57926900205744,108.1156954487452,-21.769666604832373,
2012-12-06,True,2012-01-03,127.495,141.98,11.361229852151045,20.45021373387188,85.05781893144876,108.1156954487452,-21.327038985035774,
2012-12-07,True,2012-01-03,127.495,142.415,11.702419702733424,21.064355464920165,85.49150480495967,108.1156954487452,-20.925907704595083,
2012-12-10,True,2012-01-03,127.495,142.473,11.747911682811107,21.146241029059993,85.54932958809452,108.1156954487452,-20.8724235338696,
2012-12-11,True,2012-01-03,127.495,143.44,12.506372798933295,22.511471038079932,86.51340830001416,108.1156954487452,-19.98071330815433,
2012-12-12,True,2012-01-03,127.495,143.51,12.561276912820096,22.610298443076175,86.58319683138372,108.1156954487452,-19.91616344693401,
2012-12-13,True,2012-01-03,127.495,142.63,11.871053766814388,21.367896780265898,85.70585529416626,108.1156954487452,-20.727647416561133,
2012-12-14,True,2012-01-03,127.495,142.1051,11.459351347111646,20.626832424800963,85.18254100679641,108.1156954487452,-21.21167916162625,
2012-12-17,True,2012-01-03,127.495,143.77,12.765206478685442,22.977371661633796,86.84241137647074,108.1156954487452,-19.676406819544134,
2012-12-18,True,2012-01-03,127.495,145.37,14.020157653241295,25.23628377583433,88.43757780777523,108.1156954487452,-18.20098142022205,
2012-12-19,True,2012-01-03,127.495,144.29,13.17306561041609,23.711518098748964,87.36084046664469,108.1156954487452,-19.196893564764462,
2012-12-20,True,2012-01-03,127.495,145.12,13.82407153221694,24.883328757990494,88.18833305288389,108.1156954487452,-18.43151663886613,
2012-12-21,True,2012-01-03,127.495,142.79,11.996548884269952,21.593787991685915,85.86537193729669,108.1156954487452,-20.580104876628948,
2012-12-24,True,2012-01-03,127.495,142.35,11.651437311267099,20.972587160280778,85.42670116868796,108.1156954487452,-20.985846861442514,
2012-12-26,True,2012-01-03,127.495,141.75,11.180830620808656,20.125495117455582,84.82851375694877,108.1156954487452,-21.539131386188302,
2012-12-27,True,2012-01-03,127.495,141.5616,11.033060120004713,19.859508216008482,84.64068290966266,108.1156954487452,-21.71286272695848,
2012-12-28,True,2012-01-03,127.495,140.03,9.831758108161104,17.697164594689987,83.1137098432964,108.1156954487452,-23.125213690459567,
2012-12-31,True,2012-01-03,127.495,142.41,11.69849798031295,21.05729636456331,85.48651990986187,108.1156954487452,-20.930518408967945,
2013-01-02,True,2012-01-03,127.495,146.06,14.561355347268524,26.210439625083342,89.12549333127531,108.1156954487452,-17.564704216764394,
2013-01-03,True,2012-01-03,127.495,145.7341,14.305737479901182,25.750327463822128,88.800577868799,108.1156954487452,-17.865229927788782,
2013-01-04,True,2012-01-03,127.495,146.37,14.804502137338726,26.648103847209708,89.43455682734057,108.1156954487452,-17.278840545645714,
2013-01-07,True,2012-01-03,127.495,145.9695,14.4903721714577,26.08266990862386,89.03526673000465,108.1156954487452,-17.648157965913537,
2013-01-08,True,2012-01-03,127.495,145.5496,14.16102592258519,25.489846660653345,88.61663523968916,108.1156954487452,-18.035364919148144,
2013-01-09,True,2012-01-03,127.495,145.92,14.45154711949488,26.012784815090782,88.98591626853617,108.1156954487452,-17.693803939205065,
2013-01-10,True,2012-01-03,127.495,147.08,15.361386721047898,27.65049609788622,90.14241193123196,108.1156954487452,-16.62412052469653,
2013-01-11,True,2012-01-03,127.495,147.07,15.353543276206905,27.63637789717243,90.1324421410363,108.1156954487452,-16.633341933442303,
2013-01-14,True,2012-01-03,127.495,146.97,15.275108827797169,27.495195890034903,90.03274423907976,108.1156954487452,-16.725556020899933,
2013-01-15,True,2012-01-03,127.495,147.07,15.353543276206905,27.63637789717243,90.1324421410363,108.1156954487452,-16.633341933442303,
2013-01-16,True,2012-01-03,127.495,147.05,15.337856386524962,27.60814149574493,90.11250256064498,108.1156954487452,-16.651784750933828,
2013-01-17,True,2012-01-03,127.495,148.0,16.082983646417492,28.949370563551486,91.05963262923203,108.1156954487452,-15.77575092008635,
2013-01-18,True,2012-01-03,127.495,148.33,16.34181732616966,29.41527118710539,91.38863570568861,108.1156954487452,-15.471444431476133,
2013-01-22,True,2012-01-03,127.495,149.13,16.969292913447575,30.544727244205635,92.18621892134085,108.1156954487452,-14.733731731815103,
2013-01-23,True,2012-01-03,127.495,149.37,17.157535589630957,30.883564061335722,92.42549388603653,108.1156954487452,-14.512417921916787,
2013-01-24,True,2012-01-03,127.495,149.41,17.188909368994864,30.940036864190755,92.46537304681915,108.1156954487452,-14.475532286933724,
2013-01-25,True,2012-01-03,127.495,150.25,17.84775873563669,32.12596572414604,93.30283542325401,108.1156954487452,-13.70093395228963,
2013-01-28,True,2012-01-03,127.495,150.07,17.706576728499158,31.871838111298484,93.12337919973227,108.1156954487452,-13.866919309713355,
2013-01-29,True,2012-01-03,127.495,150.66,18.169339974116628,32.70481195340993,93.7115968212758,108.1156954487452,-13.322856193713339,
2013-01-30,True,2012-01-03,127.495,150.07,17.706576728499158,31.871838111298484,93.12337919973227,108.1156954487452,-13.866919309713355,
2013-01-31,True,2012-01-03,127.495,149.72,17.432056159065045,31.37770108631708,92.77443654288437,108.1156954487452,-14.189668615815098,
2013-02-01,True,2012-01-03,127.495,151.24,18.624259774893126,33.52366759480763,94.28984465262369,108.1156954487452,-12.788014486459076,
2013-02-04,True,2012-01-03,127.495,149.56,17.30656104160948,31.151809874897065,92.61491989975397,108.1156954487452,-14.337211155747253,
2013-02-05,True,2012-01-03,127.495,151.05,18.475234322914623,33.255421781246326,94.10041863890628,108.1156954487452,-12.963221252628577,
2013-02-06,True,2012-01-03,127.495,151.16,18.561512216165333,33.4107219890976,94.21008633105846,108.1156954487452,-12.861785756425181,
2013-02-07,True,2012-01-03,127.495,150.96,18.40464331934586,33.12835797482255,94.0106905271454,108.1156954487452,-13.046213931340445,
2013-02-08,True,2012-01-03,127.495,151.8,19.063492685987683,34.31428683477783,94.84815290358029,108.1156954487452,-12.271615596696329,
2013-02-11,True,2012-01-03,127.495,151.77,19.039962351464766,34.27193223263658,94.81824353299332,108.1156954487452,-12.299279822933617,
2013-02-12,True,2012-01-03,127.495,152.02,19.23604847248912,34.62488725048042,95.06748828788464,108.1156954487452,-12.068744604289549,
2013-02-13,True,2012-01-03,127.495,152.151,19.338797599905888,34.8098356798306,95.19809253944773,108.1156954487452,-11.947944149720024,
2013-02-14,True,2012-01-03,127.495,152.29,19.447821483195415,35.00607866975175,95.33667262316727,108.1156954487452,-11.819766568153945,
2013-02-15,True,2012-01-03,127.495,152.11,19.306639476057885,34.7519510569042,95.15721639964552,108.1156954487452,-11.98575192557768,
2013-02-19,True,2012-01-03,127.495,153.25,20.20079218792894,36.36142593827209,96.29377248195,108.1156954487452,-10.93451132856067,
2013-02-20,True,2012-01-03,127.495,151.34,18.702694223302863,33.66484960194516,94.38954255458022,108.1156954487452,-12.695800399001445,
2013-02-21,True,2012-01-03,127.495,150.42,17.981097297933246,32.36597513627984,93.47232185658012,108.1156954487452,-13.544170003611654,
2013-02-22,True,2012-01-03,127.495,151.89,19.134083689556448,34.44135064120161,94.93788101534116,108.1156954487452,-12.18862291798446,
2013-02-25,True,2012-01-03,127.495,149.0,16.867328130514924,30.361190634926864,92.05661164879737,108.1156954487452,-14.853610045510013,
2013-02-26,True,2012-01-03,127.495,150.02,17.6673595042943,31.80124710772974,93.07353024875401,108.1156954487452,-13.91302635344216,
2013-02-27,True,2012-01-03,127.495,151.91,19.14977057923839,34.4695870426291,94.95782059573244,108.1156954487452,-12.170180100492956,
2013-02-28,True,2012-01-03,127.495,151.61,18.91446723400918,34.046041021216524,94.65872688986288,108.1156954487452,-12.446822362865817,
2013-03-01,True,2012-01-03,127.495,152.11,19.306639476057885,34.7519510569042,95.15721639964552,108.1156954487452,-11.98575192557768,
2013-03-04,True,2012-01-03,127.495,152.92,19.94195850817677,35.89552531471819,95.96476940549341,108.1156954487452,-11.238817817170887,
2013-03-05,True,2012-01-03,127.495,154.29,21.016510451390236,37.82971881250243,97.33063066229792,108.1156954487452,-9.975484819001323,
2013-03-06,True,2012-01-03,127.495,154.5,21.1812227930507,38.12620102749126,97.53999625640665,108.1156954487452,-9.781835235340285,
2013-03-07,True,2012-01-03,127.495,154.776,21.39770187066159,38.51586336719086,97.81516246580668,108.1156954487452,-9.527324353957223,
2013-03-08,True,2012-01-03,127.495,155.44,21.918506608102263,39.453311894584076,98.47715653479804,108.1156954487452,-8.91502281323856,
2013-03-11,True,2012-01-03,127.495,156.03,22.381269853719754,40.28628573669556,99.06537415634159,108.1156954487452,-8.370959697238522,
2013-03-12,True,2012-01-03,127.495,155.68,22.106749284285666,39.7921487117142,98.71643149949375,108.1156954487452,-8.69370900334021,
2013-03-13,True,2012-01-03,127.495,155.905,22.28322679320758,40.10980822777364,98.94075177889593,108.1156954487452,-8.486227306560568,
2013-03-14,True,2012-01-03,127.495,156.73,22.930310992587934,41.27455978665828,99.76325947003731,108.1156954487452,-7.725461085035112,
2013-03-15,True,2012-01-03,127.495,155.83,22.224400956900283,40.00392172242051,98.86597835242856,108.1156954487452,-8.555387872153764,
2013-03-18,True,2012-01-03,127.495,154.97,21.549864700576492,38.78975646103769,98.00857639560236,108.1156954487452,-9.348429024289405,
2013-03-19,True,2012-01-03,127.495,154.61,21.26750068630143,38.28150123534258,97.64966394855885,108.1156954487452,-9.680399739136869,
2013-03-20,True,2012-01-03,127.495,155.69,22.114592729126635,39.806266912427944,98.72640128968939,108.1156954487452,-8.684487594594458,
2013-03-21,True,2012-01-03,127.495,154.359,21.070630220792985,37.92713439742737,97.39942221464796,108.1156954487452,-9.91185709865553,
2013-03-22,True,2012-01-03,127.495,155.6,22.044001725557848,39.67920310600413,98.63667317792849,108.1156954487452,-8.767480273306361,
2013-03-25,True,2012-01-03,127.495,154.95,21.534177810894526,38.76152005961015,97.98863681521104,108.1156954487452,-9.366871841780956,
2013-03-26,True,2012-01-03,127.495,156.19,22.506764971175343,40.512176948115616,99.22489079947206,108.1156954487452,-8.2234171573063,
2013-03-27,True,2012-01-03,127.495,156.19,22.506764971175343,40.512176948115616,99.22489079947206,108.1156954487452,-8.2234171573063,
2013-03-28,True,2012-01-03,127.495,156.67,22.883250323542082,41.18985058237575,99.70344072886338,108.1156954487452,-7.780789537509703,
2013-04-01,True,2012-01-03,127.495,156.05,22.396956743401695,40.31452213812305,99.0853137367329,108.1156954487452,-8.352516879746997,
2013-04-02,True,2012-01-03,127.495,156.82,23.0009019961567,41.40162359308206,99.85298758179819,108.1156954487452,-7.642468406323244,
2013-04-03,True,2012-01-03,127.495,155.23,21.753794266441815,39.15682967959527,98.26779094068934,108.1156954487452,-9.108672396899575,
2013-04-04,True,2012-01-03,127.495,155.86,22.247931291423196,40.04627632456175,98.89588772301549,108.1156954487452,-8.527723645916495,
2013-04-05,True,2012-01-03,127.495,155.158,21.697321463586782,39.05517863445621,98.19600845128062,108.1156954487452,-9.175066539869082,
2013-04-08,True,2012-01-03,127.495,156.21,22.522451860857284,40.540413349543115,99.24483037986334,108.1156954487452,-8.204974339814797,
2013-04-09,True,2012-01-03,127.495,156.75,22.945997882269896,41.302796188085814,99.78319905042864,108.1156954487452,-7.7070182675435746,
2013-04-10,True,2012-01-03,127.495,158.67,24.451939291736924,44.013490725126466,101.69739876799404,108.1156954487452,-5.936507788357059,
2013-04-11,True,2012-01-03,127.495,159.19,24.859798423467574,44.74763716224163,102.21582785816801,108.1156954487452,-5.456994533577375,
2013-04-12,True,2012-01-03,127.495,158.8,24.553904074669596,44.19702733440528,101.82700604053755,108.1156954487452,-5.8166294746621166,
2013-04-15,True,2012-01-03,127.495,155.118,21.665947684222896,38.998705831601214,98.156129290498,108.1156954487452,-9.211952174852145,
2013-04-16,True,2012-01-03,127.495,157.41,23.46366524177419,42.23459743519354,100.44120520334177,108.1156954487452,-7.098405290323184,
2013-04-17,True,2012-01-03,127.495,155.11,21.659672928350137,38.98741127103025,98.14815345834151,108.1156954487452,-9.219329301848722,
2013-04-18,True,2012-01-03,127.495,154.14,20.89885877877562,37.61794580179612,97.18108380936312,108.1156954487452,-10.113805950187771,
2013-04-19,True,2012-01-03,127.495,155.48,21.94988038746617,39.50978469743911,98.51703569558067,108.1156954487452,-8.878137178255486,
2013-04-22,True,2012-01-03,127.495,156.17,22.491078081493377,40.48394054668808,99.20495121908074,108.1156954487452,-8.241859974797839,
2013-04-23,True,2012-01-03,127.495,157.78,23.75387270089022,42.7569708616024,100.8100874405809,108.1156954487452,-6.757213166729981,
2013-04-24,True,2012-01-03,127.495,157.88,23.832307149299957,42.89815286873993,100.90978534253743,108.1156954487452,-6.664999079272349,
2013-04-25,True,2012-01-03,127.495,158.52,24.33428761912233,43.80171771442019,101.54785191505927,108.1156954487452,-6.074828919543485,
2013-04-26,True,2012-01-03,127.495,158.24,24.11467116357504,43.40640809443507,101.26869778958097,108.1156954487452,-6.333028364424864,
2013-04-29,True,2012-01-03,127.495,159.3,24.9460763167183,44.90293737009294,102.32549555032021,108.1156954487452,-5.355559037373969,
2013-04-30,True,2012-01-03,127.495,159.68,25.244127220675328,45.43942899721559,102.70434757775504,108.1156954487452,-5.0051455050349585,
2013-05-01,True,2012-01-03,127.495,158.28,24.14604494293893,43.46288089729007,101.30857695036357,108.1156954487452,-6.2961427294418115,
2013-05-02,True,2012-01-03,127.495,159.75,25.299031334562127,45.53825640221183,102.7741361091246,108.1156954487452,-4.940595643814638,
2013-05-03,True,2012-01-03,127.495,161.368,26.568100709831754,47.82258127769716,104.3872481627813,108.1156954487452,-3.4485717087501477,
2013-05-06,True,2012-01-03,127.495,161.78,26.891250637279885,48.40425114710379,104.79800351884222,108.1156954487452,-3.0686496684246944,
2013-05-07,True,2012-01-03,127.495,162.5999,27.53433467979136,49.56180242362445,105.61542661698383,108.1156954487452,-2.3125863653595813,
2013-05-08,True,2012-01-03,127.495,163.34,28.11482803247185,50.60669045844933,106.35329078936411,108.1156954487452,-1.6301099040856637,
2013-05-09,True,2012-01-03,127.495,162.881,27.754813914271146,49.958665045688065,105.89567741938365,108.1156954487452,-2.053372565516176,
2013-05-10,True,2012-01-03,127.495,163.41,28.169732146358673,50.705517863445614,106.42307932073369,108.1156954487452,-1.5655600428653105,
2013-05-13,True,2012-01-03,127.495,163.54,28.271696929291323,50.88905447272438,106.55268659327717,108.1156954487452,-1.4456817291704005,
2013-05-14,True,2012-01-03,127.495,165.23,29.597239107415962,53.275030393348736,108.23758113634257,108.23758113634257,0.0,
2013-05-15,True,2012-01-03,127.495,166.115,30.29138397584219,54.52449115651594,109.11990756865791,109.11990756865791,0.0,
2013-05-16,True,2012-01-03,127.495,165.34,29.683517000666694,53.43033060120005,108.34724882849478,109.11990756865791,-0.7080822898213768,
2013-05-17,True,2012-01-03,127.495,166.94,30.938468175222546,55.68924271540058,109.94241525979929,109.94241525979929,0.0,
2013-05-20,True,2012-01-03,127.495,166.93,30.930624730381595,55.67512451468687,109.93244546960366,109.94241525979929,-0.009068192809902342,
2013-05-21,True,2012-01-03,127.495,167.17,31.118867406564952,56.013961331816915,110.1717204342993,110.1717204342993,0.0,
2013-05-22,True,2012-01-03,127.495,165.93,30.146280246284164,54.2633044433115,108.9354664500383,110.1717204342993,-1.1221155296365137,
2013-05-23,True,2012-01-03,127.495,165.45,29.7697948939174,53.585630809051324,108.45691652064696,110.1717204342993,-1.556482831431294,
2013-05-24,True,2012-01-03,127.495,165.308,29.658417977175567,53.385152358916024,108.31534549986868,110.1717204342993,-1.6849831582122388,
2013-05-28,True,2012-01-03,127.495,166.3,30.436487705400218,54.785677869720395,109.3043486872775,110.1717204342993,-0.7872907345030211,
2013-05-29,True,2012-01-03,127.495,165.22,29.58939566257499,53.26091219263498,108.22761134614692,110.1717204342993,-1.7646171635413044,
2013-05-30,True,2012-01-03,127.495,165.83,30.067845797874426,54.12212243617397,108.83576854808179,110.1717204342993,-1.2126087175104105,
2013-05-31,True,2012-01-03,127.495,163.445,28.197184203302083,50.75493156594375,106.45797358641848,110.1717204342993,-3.370871248303242,
2013-06-03,True,2012-01-03,127.495,164.35,28.90701596141023,52.03262873053842,107.36023959912508,110.1717204342993,-2.5519078980443477,
2013-06-04,True,2012-01-03,127.495,163.56,28.28738381897329,50.917290874151924,106.57262617366851,110.1717204342993,-3.2668040822482314,
2013-06-05,True,2012-01-03,127.495,161.272,26.4928036393584,47.68704655084512,104.29153817690303,110.1717204342993,-5.3372882208033605,
2013-06-06,True,2012-01-03,127.495,162.73,27.636377897172416,49.74548021491035,105.74513358742925,110.1717204342993,-4.017897541601734,
2013-06-07,True,2012-01-03,127.495,164.8,29.259970979254103,52.667947762657384,107.80888015792954,110.1717204342993,-2.1446885526116843,
2013-06-10,True,2012-01-03,127.495,164.8,29.259970979254103,52.667947762657384,107.80888015792954,110.1717204342993,-2.1446885526116843,
2013-06-11,True,2012-01-03,127.495,163.098,27.9250166673203,50.26503000117654,106.11202186662935,110.1717204342993,-3.6848826102256815,
2013-06-12,True,2012-01-03,127.495,161.75,26.86772030275697,48.36189654496255,104.76809414825526,110.1717204342993,-4.904730782766064,
2013-06-13,True,2012-01-03,127.495,164.21,28.79720773363661,51.8349739205459,107.22066253638596,110.1717204342993,-2.6785983610678077,
2013-06-14,True,2012-01-03,127.495,163.175,27.985411192595787,50.37374014667242,106.18878925113584,110.1717204342993,-3.6152028555628046,
2013-06-17,True,2012-01-03,127.495,164.44,28.977606964979017,52.15969253696223,107.44996771088599,110.1717204342993,-2.4704640289577973,
2013-06-18,True,2012-01-03,127.495,165.735,29.993333071885186,53.987999529393335,108.7410555412231,110.1717204342993,-1.2985772459906064,
2013-06-19,True,2012-01-03,127.495,163.45,28.20110592572256,50.761990666300605,106.4629584815163,110.1717204342993,-3.3663465889095523,
2013-06-20,True,2012-01-03,127.495,159.4,25.02451076512804,45.04411937723047,102.42519345227674,110.1717204342993,-7.031320697803012,
2013-06-21,True,2012-01-03,127.495,159.07,24.76567708537589,44.57821875367661,102.09619037582019,110.1717204342993,-7.32994821778693,
2013-06-24,True,2012-01-03,127.495,157.06,23.189144672340078,41.740460410212144,100.09226254649388,110.1717204342993,-9.148861294052569,
2013-06-25,True,2012-01-03,127.495,158.575,24.377426565747662,43.87936781834579,101.60268576113533,110.1717204342993,-7.777889497762813,
2013-06-26,True,2012-01-03,127.495,160.14,25.604925683360126,46.088866230048225,103.16295792675507,110.1717204342993,-6.361671107536071,
2013-06-27,True,2012-01-03,127.495,161.08,26.342209498411705,47.415977097141074,104.1001182051465,110.1717204342993,-5.51103514152127,
2013-06-28,True,2012-01-03,127.495,160.42,25.82454213890739,46.4841758500333,103.44211205223336,110.1717204342993,-6.108290181489117,
2013-07-01,True,2012-01-03,127.495,161.36,26.561825953958994,47.811286717126194,104.37927233062481,110.1717204342993,-5.257654215474295,
2013-07-02,True,2012-01-03,127.495,161.21,26.44417428134438,47.599513706419884,104.22972547769,110.1717204342993,-5.3933939972851785,
2013-07-03,True,2012-01-03,127.495,161.28,26.49907839523118,47.69834111141613,104.29951400905956,110.1717204342993,-5.3300487657734426,
2013-07-05,True,2012-01-03,127.495,163.02,27.8638377975607,50.15490803560926,106.03425750310325,110.1717204342993,-3.7554672967673453,
2013-07-08,True,2012-01-03,127.495,163.945,28.589356445350788,51.46084160163142,106.95646309620115,110.1717204342993,-2.9184053089336692,
2013-07-09,True,2012-01-03,127.495,165.13,29.518804659006225,53.133848386211206,108.13788323438604,110.1717204342993,-1.8460610326278215,
2013-07-10,True,2012-01-03,127.495,165.192,29.56743401702027,53.22138123063648,108.1996959335991,110.1717204342993,-1.7899552561459808,
2013-07-11,True,2012-01-03,127.495,167.44,31.330640417271248,56.39515275108825,110.44090476958193,110.44090476958193,0.0,
2013-07-12,True,2012-01-03,127.495,167.51,31.38554453115807,56.49398015608453,110.51069330095152,110.51069330095152,0.0,
2013-07-15,True,2012-01-03,127.495,168.155,31.891446723400918,57.40460410212165,111.15374476857119,111.15374476857119,0.0,
2013-07-16,True,2012-01-03,127.495,167.525,31.39730969841954,56.515157457155176,110.52564798624502,111.15374476857119,-0.5650702849768208,
2013-07-17,True,2012-01-03,127.495,167.9501,31.73073453860935,57.115322169496835,110.94946376746223,111.15374476857119,-0.18378238316152373,
2013-07-18,True,2012-01-03,127.495,168.87,32.45225302953057,58.41405545315502,111.86658476756037,111.86658476756037,0.0,
2013-07-19,True,2012-01-03,127.495,169.17,32.68755637475977,58.83760147456759,112.16567847342995,112.16567847342995,0.0,
2013-07-22,True,2012-01-03,127.495,169.5,32.946390054511944,59.3035020981215,112.49468154988654,112.49468154988654,0.0,
2013-07-23,True,2012-01-03,127.495,169.14,32.66402604023686,58.795246872426354,112.135769102843,112.49468154988654,-0.3190483693083501,
2013-07-24,True,2012-01-03,127.495,168.52,32.17773246009648,57.919918428173666,111.51764211071252,112.49468154988654,-0.8685205608949143,
2013-07-25,True,2012-01-03,127.495,168.93,32.499313698576415,58.49876465743755,111.9264035087343,112.49468154988654,-0.5051599180715294,
2013-07-26,True,2012-01-03,127.495,169.11,32.640495705713946,58.7528922702851,112.10585973225605,112.49468154988654,-0.34563573341737097,
2013-07-29,True,2012-01-03,127.495,168.59,32.2326365739833,58.01874583316994,111.58743064208208,112.49468154988654,-0.8064833779738545,
2013-07-30,True,2012-01-03,127.495,168.588,32.23106788501509,58.01592219302716,111.58543668404295,112.49468154988654,-0.8082558689144648,
2013-07-31,True,2012-01-03,127.495,168.71,32.326757912074974,58.18816424173495,111.70706812442992,112.49468154988654,-0.7001339215377378,
2013-08-01,True,2012-01-03,127.495,170.66,33.85622965606494,60.94121338091689,113.6511772125823,113.6511772125823,0.0,
2013-08-02,True,2012-01-03,127.495,170.95,34.08368955645318,61.35064120161572,113.94030112825624,113.94030112825624,0.0,
2013-08-05,True,2012-01-03,127.495,170.7,33.88760343542883,60.9976861837719,113.69105637336492,113.94030112825624,-0.21875030381985905,
2013-08-06,True,2012-01-03,127.495,169.73,33.12678928585433,59.6282207145378,112.72398672438653,113.94030112825624,-1.0675014826409535,
2013-08-07,True,2012-01-03,127.495,169.18,32.695399819600766,58.85171967528138,112.17564826362563,113.94030112825624,-1.5487521510446411,
2013-08-08,True,2012-01-03,127.495,169.8,33.18169339974118,59.727048119534125,112.79377525575615,113.94030112825624,-1.006251397571356,
2013-08-09,True,2012-01-03,127.495,169.31,32.79736460253342,59.035256284560155,112.3052555361691,113.94030112825624,-1.4350019930583269,
2013-08-12,True,2012-01-03,127.495,169.111,32.64128005019804,58.75430409035648,112.10685671127561,113.94030112825624,-1.6091272348989327,
2013-08-13,True,2012-01-03,127.495,169.61,33.032667947762675,59.45880230597282,112.60434924203875,113.94030112825624,-1.1725016284744427,
2013-08-14,True,2012-01-03,127.495,168.74,32.35028824659791,58.23051884387625,111.73697749501689,113.94030112825624,-1.933752685767598,
2013-08-15,True,2012-01-03,127.495,166.38,30.49923526412799,54.898623475430384,109.38410700884269,113.94030112825624,-3.9987555538271713,
2013-08-16,True,2012-01-03,127.495,165.83,30.067845797874426,54.12212243617397,108.83576854808179,113.94030112825624,-4.480006222230848,
2013-08-19,True,2012-01-03,127.495,164.77,29.236440644731164,52.6255931605161,107.77897078734254,113.94030112825624,-5.40750751042709,
2013-08-20,True,2012-01-03,127.495,165.58,29.871759676850075,53.769167418330134,108.58652379319045,113.94030112825624,-4.698756526050718,
2013-08-21,True,2012-01-03,127.495,164.56,29.0717283030707,52.32911094552726,107.56960519323381,113.94030112825624,-5.591257765635782,
2013-08-22,True,2012-01-03,127.495,166.06,30.248245029216836,54.44684105259031,109.06507372258183,113.94030112825624,-4.278755942716561,
2013-08-23,True,2012-01-03,127.495,166.62,30.687477940311393,55.237460292560506,109.6233819735384,113.94030112825624,-3.7887552621600706,
2013-08-26,True,2012-01-03,127.495,166.0,30.201184360170984,54.362131848307776,109.00525498140789,113.94030112825624,-4.331256015633345,
2013-08-27,True,2012-01-03,127.495,163.33,28.1069845876309,50.592572257735625,106.34332099916848,113.94030112825624,-6.6675092604295045,
2013-08-28,True,2012-01-03,127.495,163.91,28.561904388407378,51.41142789913328,106.92156883051635,113.94030112825624,-6.160008555567442,
2013-08-29,True,2012-01-03,127.495,164.17,28.7658339542727,51.778501117690865,107.18078337560333,113.94030112825624,-5.93250823959478,
2013-08-30,True,2012-01-03,127.495,163.65,28.357974822542054,51.0443546805757,106.66235428542937,113.94030112825624,-6.387508871540093,
2013-09-03,True,2012-01-03,127.495,164.39,28.93838974077414,52.08910153339345,107.40011875990771,113.94030112825624,-5.740007972233285,
2013-09-04,True,2012-01-03,127.495,165.75,30.005098239146633,54.00917683046394,108.75601022651655,113.94030112825624,-4.550006319453215,
2013-09-05,True,2012-01-03,127.495,165.96,30.1698105808071,54.30565904545278,108.9653758206253,113.94030112825624,-4.366256064244512,
2013-09-06,True,2012-01-03,127.495,166.04,30.23255813953487,54.41860465116277,109.04513414219049,113.94030112825624,-4.296255967022178,
2013-09-09,True,2012-01-03,127.495,167.634,31.482803247186155,56.66904584493508,110.63431869937763,113.94030112825624,-2.901504029866697,
2013-09-10,True,2012-01-03,127.495,168.87,32.45225302953057,58.41405545315502,111.86658476756037,113.94030112825624,-1.8200025277812837,
2013-09-11,True,2012-01-03,127.495,169.4,32.86795560610221,59.162320090983975,112.39498364793,113.94030112825624,-1.3562518836831572,
2013-09-12,True,2012-01-03,127.495,168.95,32.51500058825836,58.527001058865046,111.94634308912559,113.94030112825624,-1.750002430558928,
2013-09-13,True,2012-01-03,127.495,169.33,32.813051492215386,59.0634926859877,112.32519511656044,113.94030112825624,-1.4175019687527102,
2013-09-16,True,2012-01-03,127.495,170.31,33.58170908663085,60.447076355935536,113.30223455573444,113.94030112825624,-0.5600007777788463,
2013-09-17,True,2012-01-03,127.495,171.07,34.177810894544876,61.52005961018078,114.05993861060409,114.05993861060409,0.0,
2013-09-18,True,2012-01-03,127.495,173.051,35.731597317541855,64.31687517157535,116.03495404836299,116.03495404836299,0.0,
2013-09-19,True,2012-01-03,127.495,172.76,35.5033530726695,63.9060355308051,115.74483315366946,116.03495404836299,-0.25002887886059755,
2013-09-20,True,2012-01-03,127.495,170.72,33.90329032511079,61.02592258519942,113.71099595375622,116.03495404836299,-2.0028086481924667,
2013-09-23,True,2012-01-03,127.495,169.93,33.283658182673825,59.910584728812886,112.92338252829961,116.03495404836299,-2.681581205923933,
2013-09-24,True,2012-01-03,127.495,169.53,32.969920389034854,59.345856700262736,112.52459092047349,116.03495404836299,-3.0252635136360673,
2013-09-25,True,2012-01-03,127.495,169.04,32.585591591827125,58.654064865288824,112.03607120088647,116.03495404836299,-3.446274340583444,
2013-09-26,True,2012-01-03,127.495,169.69,33.09541550649045,59.571747911682806,112.68410756360393,116.03495404836299,-2.8877905905512202,
2013-09-27,True,2012-01-03,127.495,168.909,32.48284246441035,58.46911643593864,111.90546694932341,116.03495404836299,-3.558830296359161,
2013-09-30,True,2012-01-03,127.495,168.01,31.777716773206777,57.1998901917722,111.00918281073419,116.03495404836299,-4.331256282942187,
2013-10-01,True,2012-01-03,127.495,169.34,32.82089493705635,59.077610886701436,112.33516490675609,116.03495404836299,-3.188512609799321,
2013-10-02,True,2012-01-03,127.495,169.18,32.695399819600766,58.85171967528138,112.17564826362563,116.03495404836299,-3.325985532884179,
2013-10-03,True,2012-01-03,127.495,167.62,31.471822424408803,56.649280363935844,110.62036099310372,116.03495404836299,-4.666346532961518,
2013-10-04,True,2012-01-03,127.495,168.89,32.467939919212505,58.44229185458251,111.88652434795168,116.03495404836299,-3.5751552059754887,
2013-10-07,True,2012-01-03,127.495,167.43,31.3227969724303,56.381034550374544,110.43093497938631,116.03495404836299,-4.829595629124772,
2013-10-08,True,2012-01-03,127.495,165.48,29.793325228440317,53.62798541119257,108.48682589123389,116.03495404836299,-6.5050468792214655,
2013-10-09,True,2012-01-03,127.495,165.6,29.887446566532017,53.79740381975763,108.60646337358176,116.03495404836299,-6.401942186907794,
2013-10-10,True,2012-01-03,127.495,169.17,32.68755637475977,58.83760147456759,112.16567847342995,116.03495404836299,-3.3345775905770036,
2013-10-11,True,2012-01-03,127.495,170.26,33.54249186242597,60.37648535236674,113.25238560475617,116.03495404836299,-2.3980433020614256,
2013-10-14,True,2012-01-03,127.495,170.94,34.07584611161221,61.33652300090198,113.93033133806058,116.03495404836299,-1.8137833789508062,
2013-10-15,True,2012-01-03,127.495,169.7,33.10325895133141,59.585866112396545,112.69407735379959,116.03495404836299,-2.879198532858418,
2013-10-16,True,2012-01-03,127.495,172.07,34.962155378642294,62.93187968155613,115.0569176301694,116.03495404836299,-0.8428808596640192,
2013-10-17,True,2012-01-03,127.495,173.22,35.86415153535432,64.55547276363777,116.20344350266951,116.20344350266951,0.0,
2013-10-18,True,2012-01-03,127.495,174.388,36.780265892780115,66.2044786070042,117.36791499752186,117.36791499752186,0.0,
2013-10-21,True,2012-01-03,127.495,174.4,36.78967802658928,66.22142044786071,117.37987874575663,117.37987874575663,0.0,
2013-10-22,True,2012-01-03,127.495,175.41,37.58186595552766,67.64735871994979,118.3868275555176,118.3868275555176,0.0,
2013-10-23,True,2012-01-03,127.495,174.57,36.92301658888584,66.46142985999451,117.54936517908273,118.3868275555176,-0.7073948966511034,
2013-10-24,True,2012-01-03,127.495,175.15,37.37793638966234,67.28028550139221,118.12761301043062,118.3868275555176,-0.21895556324914578,
2013-10-25,True,2012-01-03,127.495,175.95,38.00541197694025,68.40974155849246,118.92519622608286,118.92519622608286,0.0,
2013-10-28,True,2012-01-03,127.495,176.23,38.22502843248754,68.80505117847757,119.20435035156116,119.20435035156116,0.0,
2013-10-29,True,2012-01-03,127.495,177.17,38.9623122475391,70.13216204557038,120.14151062995255,120.14151062995255,0.0,
2013-10-30,True,2012-01-03,127.495,176.29,38.27208910153339,68.8897603827601,119.26416909273509,120.14151062995255,-0.7302567885297817,
2013-10-31,True,2012-01-03,127.495,175.79,37.879916859484666,68.18385034707241,118.7656795829524,120.14151062995255,-1.1451754183762874,
2013-11-01,True,2012-01-03,127.495,176.21,38.209341542805596,68.77681477705008,119.18441077116987,120.14151062995255,-0.7966437693052164,
2013-11-04,True,2012-01-03,127.495,176.83,38.695635122946,69.65214322130281,119.80253776330038,120.14151062995255,-0.2821446682955697,
2013-11-05,True,2012-01-03,127.495,176.27,38.25640221185145,68.86152398133261,119.24422951234378,120.14151062995255,-0.7468535337236459,
2013-11-06,True,2012-01-03,127.495,177.17,38.9623122475391,70.13216204557038,120.14151062995255,120.14151062995255,0.0,
2013-11-07,True,2012-01-03,127.495,174.93,37.2053806031609,66.96968508568962,117.90827762612622,120.14151062995255,-1.8588354617122271,
2013-11-08,True,2012-01-03,127.495,177.29,39.0564335856308,70.30158045413545,120.26114811230042,120.26114811230042,0.0,
2013-11-11,True,2012-01-03,127.495,177.32,39.079963920153716,70.34393505627669,120.29105748288734,120.29105748288734,0.0,
2013-11-12,True,2012-01-03,127.495,176.96,38.797599905878656,69.83567983058158,119.93214503584383,120.29105748288734,-0.2983700156552138,
2013-11-13,True,2012-01-03,127.495,178.38,39.911369073296974,71.84046433193456,121.3478552436266,121.3478552436266,0.0,
2013-11-14,True,2012-01-03,127.495,179.27,40.6094356641437,73.09698419545867,122.23516657103976,122.23516657103976,0.0,
2013-11-15,True,2012-01-03,127.495,180.05,41.22122436173967,74.19820385113141,123.01281020630071,123.01281020630071,0.0,
2013-11-18,True,2012-01-03,127.495,179.42,40.727087336758295,73.30875720616493,122.38471342397455,123.01281020630071,-0.5105946130917638,
2013-11-19,True,2012-01-03,127.495,179.03,40.421192987960296,72.75814737832853,121.99589160634406,123.01281020630071,-0.8266769926247641,
2013-11-20,True,2012-01-03,127.495,178.47,39.98196007686576,71.96752813835838,121.43758335538749,123.01281020630071,-1.2805388709285381,
2013-11-21,True,2012-01-03,127.495,179.91,41.11141613396603,74.00054904113885,122.87323314356155,123.01281020630071,-0.11346546957595738,
2013-11-22,True,2012-01-03,127.495,180.81,41.817326169653704,75.27118710537667,123.77051426117033,123.77051426117033,0.0,
2013-11-25,True,2012-01-03,127.495,180.63,41.676144162516174,75.01705949252911,123.59105803764858,123.77051426117033,-0.14499109468275595,
2013-11-26,True,2012-01-03,127.495,180.68,41.71536138672105,75.0876504960979,123.64090698862687,123.77051426117033,-0.104715790604204,
2013-11-27,True,2012-01-03,127.495,181.12,42.0604729597239,75.70885132750303,124.07957775723561,124.07957775723561,0.0,
2013-11-29,True,2012-01-03,127.495,181.0,41.96635162163223,75.53943291893802,123.95994027488777,124.07957775723561,-0.09641996250334683,
2013-12-02,True,2012-01-03,127.495,180.53,41.597709714106436,74.87587748539158,123.49136013569206,124.07957775723561,-0.47406481564146175,
2013-12-03,True,2012-01-03,127.495,179.75,40.98592101651044,73.77465782971879,122.71371650043109,124.07957775723561,-1.100794571913244,
2013-12-04,True,2012-01-03,127.495,179.73,40.9702341268285,73.7464214282913,122.6937769200398,124.07957775723561,-1.1168645656637888,
2013-12-05,True,2012-01-03,127.495,178.94,40.35060198439153,72.63108357190475,121.90616349458318,124.07957775723561,-1.7516293188108323,
2013-12-06,True,2012-01-03,127.495,180.94,41.91929095258637,75.45472371465547,123.90012153371386,124.07957775723561,-0.1446299437550147,
2013-12-09,True,2012-01-03,127.495,181.4,42.28008941527119,76.10416094748815,124.35873188271391,124.35873188271391,0.0,
2013-12-10,True,2012-01-03,127.495,180.75,41.77026550060787,75.18647790109416,123.71069551999645,124.35873188271391,-0.5211024211220217,
2013-12-11,True,2012-01-03,127.495,178.72,40.17804619789012,72.32048315620222,121.68682811027882,124.35873188271391,-2.1485453670877175,
2013-12-12,True,2012-01-03,127.495,178.13,39.715282952272624,71.48750931409073,121.09861048873526,124.35873188271391,-2.6215460262600243,
2013-12-13,True,2012-01-03,127.495,178.11,39.6995960625907,71.45927291266327,121.07867090834398,124.35873188271391,-2.637579946909918,
2013-12-16,True,2012-01-03,127.495,179.216,40.567081062002444,73.02074591160441,122.18132970398324,124.35873188271391,-1.7509041349699883,
2013-12-17,True,2012-01-03,127.495,178.65,40.12314208400329,72.22165575120593,121.61703957890924,124.35873188271391,-2.204664089362407,
2013-12-18,True,2012-01-03,127.495,181.7,42.515392760500404,76.52770696890073,124.65782558858348,124.65782558858348,0.0,
2013-12-19,True,2012-01-03,127.495,181.49,42.35068041883996,76.23122475391193,124.44845999447479,124.65782558858348,-0.16795222692209677,
2013-12-20,True,2012-01-03,127.495,181.56,42.40558453272678,76.3300521589082,124.51824852584437,124.65782558858348,-0.11196815128138304,
2013-12-23,True,2012-01-03,127.495,182.53,43.166398682301256,77.69951762814226,125.48531817482271,125.48531817482271,0.0,
2013-12-24,True,2012-01-03,127.495,182.93,43.48013647594022,78.2642456566924,125.88410978264882,125.88410978264882,0.0,
2013-12-26,True,2012-01-03,127.495,183.855,44.20565512373034,79.57017922271461,126.80631537574676,126.80631537574676,0.0,
2013-12-27,True,2012-01-03,127.495,183.845,44.197811678889366,79.55606102200086,126.79634558555111,126.80631537574676,-0.007862218980270175,
2013-12-30,True,2012-01-03,127.495,183.82,44.17820306678693,79.52076552021647,126.77142111006197,126.80631537574676,-0.027517766430951163,
2013-12-31,True,2012-01-03,127.495,184.69,44.86058276795168,80.74904898231303,127.63879285708381,127.63879285708381,0.0,
2014-01-02,True,2012-01-03,127.495,182.92,43.472293031099255,78.25012745597866,125.87413999245318,127.63879285708381,-1.3825364727528378,
2014-01-03,True,2012-01-03,127.495,182.885,43.44484097415584,78.20071375348051,125.83924572676838,127.63879285708381,-1.4098747645869492,
2014-01-06,True,2012-01-03,127.495,182.36,43.03306012000472,77.4595082160085,125.31583174149664,127.63879285708381,-1.8199491420983427,
2014-01-07,True,2012-01-03,127.495,183.48,43.911525942193805,79.04074669594885,126.43244824340977,127.63879285708381,-0.9451238034073106,
2014-01-08,True,2012-01-03,127.495,183.52,43.942899721557716,79.0972194988039,126.47232740419241,127.63879285708381,-0.913880041311177,
2014-01-09,True,2012-01-03,127.495,183.64,44.037021059649376,79.26663790736887,126.5919648865402,127.63879285708381,-0.820148755022887,
2014-01-10,True,2012-01-03,127.495,184.14,44.4291933016981,79.97254794305658,127.09045439632288,127.63879285708381,-0.4296017288215048,
2014-01-13,True,2012-01-03,127.495,181.685,42.50362759323896,76.50652966783014,124.64287090329003,127.63879285708381,-2.347187627470193,
2014-01-14,True,2012-01-03,127.495,183.67,44.06055139417231,79.30899250951016,126.62187425712717,127.63879285708381,-0.7967159334507978,
2014-01-15,True,2012-01-03,127.495,184.66,44.837052433428745,80.70669438017174,127.60888348649684,127.63879285708381,-0.02343282157210025,
2014-01-16,True,2012-01-03,127.495,184.42,44.64880975724537,80.36785756304167,127.36960852180117,127.63879285708381,-0.2108953941487468,
2014-01-17,True,2012-01-03,127.495,183.635,44.0330993372289,79.25957880701202,126.58697999144239,127.63879285708381,-0.824054225284887,
2014-01-21,True,2012-01-03,127.495,184.18,44.46056708106201,80.02902074591162,127.1303335571055,127.63879285708381,-0.39835796672539336,
2014-01-22,True,2012-01-03,127.495,184.3,44.554688419153685,80.19843915447663,127.24997103945334,127.63879285708381,-0.304626680437059,
2014-01-23,True,2012-01-03,127.495,182.79,43.37032824816658,78.06659084669984,125.74453271990969,127.63879285708381,-1.4840786995652056,
2014-01-24,True,2012-01-03,127.495,178.89,40.311384760186655,72.56049256833599,121.85631454360491,127.63879285708381,-4.530345503935862,
2014-01-27,True,2012-01-03,127.495,178.01,39.62116161418094,71.3180909055257,120.97897300638743,127.63879285708381,-5.217708270050259,
2014-01-28,True,2012-01-03,127.495,179.07,40.45256676732421,72.81462018118357,122.03577076712669,127.63879285708381,-4.389748574503349,
2014-01-29,True,2012-01-03,127.495,177.35,39.103494254676654,70.38628965841798,120.32096685347433,127.63879285708381,-5.733230344636054,
2014-01-30,True,2012-01-03,127.495,179.23,40.57806188477979,73.04051139260363,122.19528741025714,127.63879285708381,-4.264773526118915,
2014-01-31,True,2012-01-03,127.495,178.18,39.75450017647751,71.55810031765951,121.14845943971356,127.63879285708381,-5.084922281141779,
2014-02-03,True,2012-01-03,127.495,174.17,36.609278795246844,65.89670183144432,117.15057357125657,127.63879285708381,-8.217109431276759,
2014-02-04,True,2012-01-03,127.495,175.385,37.56225734342522,67.6120632181654,118.36190308002845,127.63879285708381,-7.268080157607426,RAW_DECISION
2014-02-05,False,,,175.17,,,118.36190308002845,127.63879285708381,-7.268080157607426,
2014-02-06,False,,,177.48,,,118.36190308002845,127.63879285708381,-7.268080157607426,
2014-02-07,False,,,179.68,,,118.36190308002845,127.63879285708381,-7.268080157607426,
2014-02-10,False,,,180.01,,,118.36190308002845,127.63879285708381,-7.268080157607426,
2014-02-11,False,,,181.98,,,118.36190308002845,127.63879285708381,-7.268080157607426,
2014-02-12,False,,,182.07,,,118.36190308002845,127.63879285708381,-7.268080157607426,
2014-02-13,False,,,183.01,,,118.36190308002845,127.63879285708381,-7.268080157607426,
2014-02-14,False,,,184.02,,,118.36190308002845,127.63879285708381,-7.268080157607426,
2014-02-18,False,,,184.24,,,118.36190308002845,127.63879285708381,-7.268080157607426,
2014-02-19,False,,,183.02,,,118.36190308002845,127.63879285708381,-7.268080157607426,
2014-02-20,False,,,184.1,,,118.36190308002845,127.63879285708381,-7.268080157607426,
2014-02-21,False,,,183.89,,,118.36190308002845,127.63879285708381,-7.268080157607426,
2014-02-24,False,,,184.91,,,118.36190308002845,127.63879285708381,-7.268080157607426,
2014-02-25,False,,,184.84,,,118.36190308002845,127.63879285708381,-7.268080157607426,
2014-02-26,True,2014-02-26,184.85,184.85,0.0,0.0,118.36190308002845,127.63879285708381,-7.268080157607426,
2014-02-27,True,2014-02-26,184.85,185.82,0.5247497971328174,0.9445496348390714,119.47989000335944,127.63879285708381,-6.392181147356846,
2014-02-28,True,2014-02-26,184.85,186.29,0.7790100081146889,1.40221801460644,120.02159500744764,127.63879285708381,-5.96777647228699,
2014-03-03,True,2014-02-26,184.85,184.98,0.07032729239924151,0.12658912631863473,118.51173637903159,127.63879285708381,-7.150691630460438,
2014-03-04,True,2014-02-26,184.85,187.58,1.476873140384094,2.658371652691369,121.50840235909395,127.63879285708381,-4.8029210875207955,
2014-03-05,True,2014-02-26,184.85,187.75,1.56883959967542,2.823911279415756,121.70433821163651,127.63879285708381,-4.649413013559345,
2014-03-06,True,2014-02-26,184.85,188.18,1.8014606437652292,3.2426291587774125,122.19994066218533,127.63879285708381,-4.261127885303906,
2014-03-07,True,2014-02-26,184.85,188.26,1.844738977549354,3.320530159588837,122.29214576926411,127.63879285708381,-4.188888791675039,
2014-03-10,True,2014-02-26,184.85,188.16,1.790641060319187,3.2231539085745364,122.17688938541559,127.63879285708381,-4.279187658711148,
2014-03-11,True,2014-02-26,184.85,187.23,1.2875304300784318,2.3175547741411773,121.105005015624,127.63879285708381,-5.1189671221473,
2014-03-12,True,2014-02-26,184.85,187.28,1.3145793886935486,2.3662428996483875,121.16263320754834,127.63879285708381,-5.073817688629179,
2014-03-13,True,2014-02-26,184.85,185.18,0.1785231268596199,0.32134162834731583,118.7422491467287,127.63879285708381,-6.970093896388152,
2014-03-14,True,2014-02-26,184.85,184.66,-0.10278604273735725,-0.18501487692724305,118.14291595071619,127.63879285708381,-7.439648004976107,
2014-03-17,True,2014-02-26,184.85,186.33,0.8006491750067735,1.4411685150121922,120.06769756098707,127.63879285708381,-5.931656925472528,
2014-03-18,True,2014-02-26,184.85,187.66,1.520151474168241,2.7362726535028337,121.60060746617279,127.63879285708381,-4.730681993891883,
2014-03-19,True,2014-02-26,184.85,186.66,0.9791723018663712,1.762510143359468,120.44804362768726,127.63879285708381,-5.633670664253298,
2014-03-20,True,2014-02-26,184.85,187.747,1.5672166621585104,2.8209899918853187,121.70088052012105,127.63879285708381,-4.652121979570434,
2014-03-21,True,2014-02-26,184.85,186.2,0.7303218826075097,1.3145793886935175,119.91786426198392,127.63879285708381,-6.049045452619528,
2014-03-24,True,2014-02-26,184.85,185.43,0.3137679199350929,0.5647822558831672,119.03039010635008,127.63879285708381,-6.744346728797801,
2014-03-25,True,2014-02-26,184.85,186.31,0.7898295915607312,1.4216932648093161,120.04464628421735,127.63879285708381,-5.949716698879759,
2014-03-26,True,2014-02-26,184.85,184.97,0.06491750067623148,0.11685150121721666,118.50021074064672,127.63879285708381,-7.159721517164064,
2014-03-27,True,2014-02-26,184.85,184.58,-0.14606437652149307,-0.2629158777386875,118.05071084363738,127.63879285708381,-7.511887098604997,
2014-03-28,True,2014-02-26,184.85,185.49,0.34622667027319753,0.6232080064917556,119.0995439366592,127.63879285708381,-6.690167408576119,
2014-03-31,True,2014-02-26,184.85,187.01,1.1685150121720334,2.10332702190966,120.8514409711572,127.63879285708381,-5.317624629626794,
2014-04-01,True,2014-02-26,184.85,188.25,1.8393291858263439,3.310792534487419,122.28062013087929,127.63879285708381,-4.197918678378631,
2014-04-02,True,2014-02-26,184.85,188.88,2.1801460643765314,3.9242629158777564,123.00673534912518,127.63879285708381,-3.6290358160509406,
2014-04-03,True,2014-02-26,184.85,188.63,2.0449012713010584,3.680822288341905,122.71859438950378,127.63879285708381,-3.854782983641303,
2014-04-04,True,2014-02-26,184.85,186.4,0.8385177170678881,1.5093318907221986,120.14837702968103,127.63879285708381,-5.8684477185472534,
2014-04-07,True,2014-02-26,184.85,184.34,-0.2758993778739449,-0.49661888017310085,117.77409552240084,127.63879285708381,-7.728604379491744,
2014-04-08,True,2014-02-26,184.85,185.1,0.135244793075473,0.24344062753585138,118.65004403964986,127.63879285708381,-7.042332990017064,
2014-04-09,True,2014-02-26,184.85,187.09,1.2117933459561803,2.1812280227211245,120.94364607823604,127.63879285708381,-5.245385535997881,
2014-04-10,True,2014-02-26,184.85,183.155,-0.9169596970516558,-1.6505274546929805,116.40830737379548,127.63879285708381,-8.798645953870011,
2014-04-11,True,2014-02-26,184.85,181.51,-1.8068704354882392,-3.2523667838788306,114.51233985948674,127.63879285708381,-10.284062316614563,
2014-04-14,True,2014-02-26,184.85,182.9401,-1.0332161211793256,-1.859789018122786,116.16062140490496,127.63879285708381,-8.992698219130668,
2014-04-15,True,2014-02-26,184.85,184.2,-0.3516364619962187,-0.6329456315931936,117.61273658501284,127.63879285708381,-7.855022793342359,
2014-04-16,True,2014-02-26,184.85,186.125,0.689748444684879,1.241547200432782,119.83142197409752,127.63879285708381,-6.116769602896621,
2014-04-17,True,2014-02-26,184.85,186.39,0.8331079253448781,1.4995942656207806,120.13685139129619,127.63879285708381,-5.8774776052508475,
2014-04-21,True,2014-02-26,184.85,187.04,1.1847443873410857,2.132539897213954,120.88601788631178,127.63879285708381,-5.290534969515948,
2014-04-22,True,2014-02-26,184.85,187.89,1.6445766837976716,2.960238030835809,121.86569714902447,127.63879285708381,-4.522994599708752,
2014-04-23,True,2014-02-26,184.85,187.45,1.4065458479848525,2.5317825263727345,121.35856906009086,127.63879285708381,-4.920309614667762,
2014-04-24,True,2014-02-26,184.85,187.83,1.612117933459567,2.9018122802272206,121.79654331871535,127.63879285708381,-4.577173919930432,
2014-04-25,True,2014-02-26,184.85,186.29,0.7790100081146889,1.40221801460644,120.02159500744764,127.63879285708381,-5.96777647228699,
2014-04-28,True,2014-02-26,184.85,186.875,1.0954828239112757,1.9718690830402963,120.69584485296166,127.63879285708381,-5.439528100125579,
2014-04-29,True,2014-02-26,184.85,187.75,1.56883959967542,2.823911279415756,121.70433821163651,127.63879285708381,-4.649413013559345,
2014-04-30,True,2014-02-26,184.85,188.43,1.93670543684068,3.486069786313224,122.48808162180667,127.63879285708381,-4.035380717713588,
2014-05-01,True,2014-02-26,184.85,188.325,1.8799026237489747,3.3838247227481544,122.36706241876568,127.63879285708381,-4.130194528101539,
2014-05-02,True,2014-02-26,184.85,188.06,1.7365431430889977,3.125777657560196,122.06163300156703,127.63879285708381,-4.369486525747302,
2014-05-05,True,2014-02-26,184.85,188.42,1.93129564511767,3.476332161211806,122.47655598342185,127.63879285708381,-4.04441060441717,
2014-05-06,True,2014-02-26,184.85,186.78,1.0440898025426026,1.8793616445766848,120.58635128830555,127.63879285708381,-5.525312023809903,
2014-05-07,True,2014-02-26,184.85,187.88,1.6391668920746616,2.950500405734391,121.85417151063965,127.63879285708381,-4.532024486412345,
2014-05-08,True,2014-02-26,184.85,187.675,1.5282661617527893,2.7508790911550207,121.61789592375011,127.63879285708381,-4.717137163836438,
2014-05-09,True,2014-02-26,184.85,187.96,1.6824452258588085,3.0284014065458553,121.94637661771849,127.63879285708381,-4.459785392783433,
2014-05-12,True,2014-02-26,184.85,189.785,2.669732215309706,4.8055179875574705,124.04980562295455,127.63879285708381,-2.8118310693738935,
2014-05-13,True,2014-02-26,184.85,189.96,2.764403570462548,4.9759264268325865,124.25150429468955,127.63879285708381,-2.6538080520606133,
2014-05-14,True,2014-02-26,184.85,189.06,2.2775223153908675,4.099540167703561,123.21419684005257,127.63879285708381,-3.466497855385886,
2014-05-15,True,2014-02-26,184.85,187.4,1.379496889369758,2.483094400865564,121.30094086816656,127.63879285708381,-4.9654590481858385,
2014-05-16,True,2014-02-26,184.85,188.05,1.7311333513659877,3.116040032458778,122.0501073631822,127.63879285708381,-4.3785164124508835,
2014-05-19,True,2014-02-26,184.85,188.74,2.1044089802542576,3.7879361644576637,122.84537641173719,127.63879285708381,-3.7554542299015448,
2014-05-20,True,2014-02-26,184.85,187.55,1.4606437652150417,2.629158777387075,121.4738254439394,127.63879285708381,-4.8300107476316185,
2014-05-21,True,2014-02-26,184.85,189.13,2.315390857451982,4.167703543413568,123.29487630874652,127.63879285708381,-3.4032886484606117,
2014-05-22,True,2014-02-26,184.85,189.59,2.5642412767108436,4.615634298079518,123.82505567444989,127.63879285708381,-2.987913860094349,
2014-05-23,True,2014-02-26,184.85,190.35,2.9753854476602726,5.355693805788491,124.70100419169891,127.63879285708381,-2.301642470619669,
2014-05-27,True,2014-02-26,184.85,191.52,3.6083310792534684,6.494995942656243,126.04950388272701,127.63879285708381,-1.2451457262968035,
2014-05-28,True,2014-02-26,184.85,191.38,3.5325939951311947,6.35866919123615,125.88814494533902,127.63879285708381,-1.3715641401474077,
2014-05-29,True,2014-02-26,184.85,192.37,4.068163375710032,7.322694076278058,127.02918314543967,127.63879285708381,-0.4776053564896299,
2014-05-30,True,2014-02-26,184.85,192.68,4.23586691912361,7.624560454422498,127.3864779353702,127.63879285708381,-0.19767886867759765,
2014-06-02,True,2014-02-26,184.85,192.895,4.352177441168514,7.833919394103326,127.63427916064458,127.63879285708381,-0.003536304549889291,
2014-06-03,True,2014-02-26,184.85,192.8,4.300784419799841,7.741411955639714,127.52478559598846,127.63879285708381,-0.08932022823422425,
2014-06-04,True,2014-02-26,184.85,193.19,4.511766296997566,8.121179334595618,127.97428549299782,127.97428549299782,0.0,
2014-06-05,True,2014-02-26,184.85,194.45,5.193400054097919,9.348120097376254,129.4265159294896,129.4265159294896,0.0,
2014-06-06,True,2014-02-26,184.85,195.375,5.693805788477158,10.248850419258885,130.49263748008875,130.49263748008875,0.0,
2014-06-09,True,2014-02-26,184.85,195.58,5.80470651879903,10.448471733838254,130.72891306697827,130.72891306697827,0.0,
2014-06-10,True,2014-02-26,184.85,195.6,5.815526102245072,10.46794698404113,130.75196434374797,130.75196434374797,0.0,
2014-06-11,True,2014-02-26,184.85,194.92,5.44766026507979,9.805788477143622,129.96822093357778,130.75196434374797,-0.5994123408423313,
2014-06-12,True,2014-02-26,184.85,193.54,4.701109007303228,8.461996213145811,128.37768283646778,130.75196434374797,-1.8158667972575815,
2014-06-13,True,2014-02-26,184.85,194.13,5.020286718961331,9.036516094130397,129.05769550117424,130.75196434374797,-1.2957884427032273,
2014-06-16,True,2014-02-26,184.85,194.29,5.106843386529625,9.192318095753325,129.24210571533192,130.75196434374797,-1.1547502448579827,
2014-06-17,True,2014-02-26,184.85,194.83,5.398972139572633,9.71814985123074,129.8644901881141,130.75196434374797,-0.6787463271302641,
2014-06-18,True,2014-02-26,184.85,196.255,6.169867460102796,11.105761428185033,131.506893657956,131.506893657956,0.0,
2014-06-19,True,2014-02-26,184.85,196.48,6.29158777387071,11.32485799296728,131.76622052161522,131.76622052161522,0.0,
2014-06-20,True,2014-02-26,184.85,195.94,5.999459020827702,10.799026237489864,131.14383604883307,131.76622052161522,-0.4723399292461794,
2014-06-23,True,2014-02-26,184.85,195.88,5.9670002704895975,10.740600486881275,131.07468221852395,131.76622052161522,-0.5248221436068512,
2014-06-24,True,2014-02-26,184.85,194.7,5.328644847173392,9.591560724912105,129.71465688911098,131.76622052161522,-1.5569723593670926,
2014-06-25,True,2014-02-26,184.85,195.58,5.80470651879903,10.448471733838254,130.72891306697827,131.76622052161522,-0.7872332154103212,
2014-06-26,True,2014-02-26,184.85,195.44,5.728969434676756,10.312144982418161,130.56755412959026,131.76622052161522,-0.9096917155852813,
2014-06-27,True,2014-02-26,184.85,195.82,5.934541520151471,10.682174736272648,131.00552838821477,131.76622052161522,-0.5773043579675785,
2014-06-30,True,2014-02-26,184.85,195.72,5.880443602921281,10.584798485258307,130.8902720043662,131.76622052161522,-0.6647747152353944,
2014-07-01,True,2014-02-26,184.85,197.03,6.589126318636729,11.860427373546113,132.40013063278226,132.40013063278226,0.0,
2014-07-02,True,2014-02-26,184.85,197.23,6.697322153097107,12.055179875574794,132.63064340047939,132.63064340047939,0.0,
2014-07-03,True,2014-02-26,184.85,198.2,7.2220719502299024,12.999729510413825,133.74863032381032,133.74863032381032,0.0,
2014-07-07,True,2014-02-26,184.85,197.51,6.8487963213416325,12.327833378414939,132.95336127525536,133.74863032381032,-0.5945997702029415,
2014-07-08,True,2014-02-26,184.85,196.24,6.16175277251827,11.091154990532885,131.48960520037872,133.74863032381032,-1.6890080428954013,
2014-07-09,True,2014-02-26,184.85,197.12,6.637814444143908,11.948065999459034,132.503861378246,133.74863032381032,-0.9306779011872379,
2014-07-10,True,2014-02-26,184.85,196.34,6.215850689748459,11.188531241547226,131.60486158422728,133.74863032381032,-1.6028341631558307,
2014-07-11,True,2014-02-26,184.85,196.61,6.361915066269952,11.451447119285914,131.91605382061837,133.74863032381032,-1.3701646878590212,
2014-07-14,True,2014-02-26,184.85,197.6,6.8974844468487895,12.415472004327821,133.057092020719,133.74863032381032,-0.517043278437368,
2014-07-15,True,2014-02-26,184.85,197.23,6.697322153097107,12.055179875574794,132.63064340047939,133.74863032381032,-0.8358866334737369,
2014-07-16,True,2014-02-26,184.85,197.96,7.092236948877484,12.766026507979472,133.47201500257384,133.74863032381032,-0.20681731137491832,
2014-07-17,True,2014-02-26,184.85,195.71,5.875033811198271,10.575060860156889,130.87874636598139,133.74863032381032,-2.14572960551509,
2014-07-18,True,2014-02-26,184.85,197.7099,6.956938057884776,12.522488504192598,133.1837587865686,133.74863032381032,-0.42233818460356565,
2014-07-21,True,2014-02-26,184.85,197.34,6.7568298620503064,12.162293751690552,132.7574254227128,133.74863032381032,-0.7410953657602137,
2014-07-22,True,2014-02-26,184.85,198.2,7.2220719502299024,12.999729510413825,133.74863032381032,133.74863032381032,0.0,
2014-07-23,True,2014-02-26,184.85,198.64,7.460102786042744,13.42818501487694,134.255758412744,134.255758412744,0.0,
2014-07-24,True,2014-02-26,184.85,198.65,7.465512577765754,13.437922639978357,134.26728405112885,134.26728405112885,0.0,
2014-07-25,True,2014-02-26,184.85,197.72,6.962401947525021,12.532323505545039,133.19539968133728,134.26728405112885,-0.79832133148936,
2014-07-28,True,2014-02-26,184.85,197.8,7.00568028130919,12.610224506356543,133.2876047884162,134.26728405112885,-0.7296485287805465,
2014-07-29,True,2014-02-26,184.85,196.95,6.545847984852582,11.782526372734647,132.30792552570344,134.26728405112885,-1.4592970575611708,
2014-07-30,True,2014-02-26,184.85,196.98,6.562077360021634,11.811739248038942,132.34250244085797,134.26728405112885,-1.4335447565454018,
2014-07-31,True,2014-02-26,184.85,193.09,4.457668379767377,8.023803083581278,127.85902910914926,134.26728405112885,-4.772759788258874,
2014-08-01,True,2014-02-26,184.85,192.5,4.138490668109274,7.449283202596693,127.17901644444281,134.26728405112885,-5.279221708235971,
2014-08-04,True,2014-02-26,184.85,193.89,4.890451717608868,8.802813091695963,128.7810801799377,134.26728405112885,-4.086031761171249,
2014-08-05,True,2014-02-26,184.85,192.01,3.87341087368136,6.972139572626448,126.61426016358489,134.26728405112885,-5.699842624827134,
2014-08-06,True,2014-02-26,184.85,192.07,3.9058696240194646,7.030565323235036,126.68341399389399,134.26728405112885,-5.648338022795585,
2014-08-07,True,2014-02-26,184.85,191.03,3.3432512848255325,6.017852312685958,125.48474760186907,134.26728405112885,-6.541084458009438,
2014-08-08,True,2014-02-26,184.85,193.24,4.53881525561266,8.16986746010279,128.0319136849221,134.26728405112885,-4.64399828317994,
2014-08-11,True,2014-02-26,184.85,193.795,4.839058696240195,8.710305653232352,128.67158661528157,134.26728405112885,-4.167580714387908,
2014-08-12,True,2014-02-26,184.85,193.53,4.695699215580196,8.452258588044353,128.36615719808287,134.26728405112885,-4.395059373360699,
2014-08-13,True,2014-02-26,184.85,194.84,5.404381931295643,9.727887476332159,129.87601582649896,134.26728405112885,-3.270542229004725,
2014-08-14,True,2014-02-26,184.85,195.76,5.902082769813366,10.62374898566406,130.93637455790565,134.26728405112885,-2.4808049978539803,
2014-08-15,True,2014-02-26,184.85,195.72,5.880443602921281,10.584798485258307,130.8902720043662,134.26728405112885,-2.515141399208376,
2014-08-18,True,2014-02-26,184.85,197.36,6.767649445496349,12.181769001893429,132.7804766994825,134.26728405112885,-1.1073489436787654,
2014-08-19,True,2014-02-26,184.85,198.39,7.324857992967271,13.184744387341087,133.9676174531226,134.26728405112885,-0.22318660880347174,
2014-08-20,True,2014-02-26,184.85,198.92,7.611576954287247,13.700838517717045,134.5784762875199,134.5784762875199,0.0,
2014-08-21,True,2014-02-26,184.85,199.5,7.92534487422234,14.265620773600212,135.24696331384155,135.24696331384155,0.0,
2014-08-22,True,2014-02-26,184.85,199.19,7.757641330808762,13.963754395455773,134.889668523911,135.24696331384155,-0.26417952845375625,
2014-08-25,True,2014-02-26,184.85,200.2,8.304030294833641,14.947254530700555,136.05375800078141,136.05375800078141,0.0,
2014-08-26,True,2014-02-26,184.85,200.33,8.374357587232906,15.07384365701923,136.20359129978456,136.20359129978456,0.0,
2014-08-27,True,2014-02-26,184.85,200.25,8.331079253448737,14.995942656207726,136.11138619270568,136.20359129978456,-0.06769653149302224,
2014-08-28,True,2014-02-26,184.85,200.14,8.271571544495536,14.888828780091966,135.9846041704723,136.20359129978456,-0.1607792622958626,
2014-08-29,True,2014-02-26,184.85,200.71,8.579929672707598,15.443873410873676,136.64156555840904,136.64156555840904,0.0,
2014-09-02,True,2014-02-26,184.85,200.61,8.52583175547743,15.346497159859375,136.52630917456054,136.64156555840904,-0.08434943157851205,
2014-09-03,True,2014-02-26,184.85,200.5,8.46632404652421,15.23938328374358,136.39952715232707,136.64156555840904,-0.17713380631496634,
2014-09-04,True,2014-02-26,184.85,200.2101,8.309494184473909,14.957089532053036,136.06539889555015,136.64156555840904,-0.4216628084611651,
2014-09-05,True,2014-02-26,184.85,201.11,8.796321341628355,15.833378414931039,137.10259109380328,137.10259109380328,0.0,
2014-09-08,True,2014-02-26,184.85,200.59,8.515012172031389,15.3270219096565,136.5032578977908,137.10259109380328,-0.4371421365788941,
2014-09-09,True,2014-02-26,184.85,199.32,7.827968623208004,14.090343521774408,135.03950182291413,137.10259109380328,-1.5047777393773831,
2014-09-10,True,2014-02-26,184.85,200.07,8.2337030024344,14.82066540438192,135.9039247017783,137.10259109380328,-0.8742842731578104,
2014-09-11,True,2014-02-26,184.85,200.3,8.358128212063853,15.044630781714936,136.16901438463003,137.10259109380328,-0.6809329435170985,
2014-09-12,True,2014-02-26,184.85,199.13,7.7251825804706575,13.905328644847184,134.82051469360192,137.10259109380328,-1.6645027508196408,
2014-09-15,True,2014-02-26,184.85,198.981,7.644576683797677,13.760238030835819,134.64878268166757,137.10259109380328,-1.7897607861085962,
2014-09-16,True,2014-02-26,184.85,200.48,8.455504463078167,15.219908033540701,136.37647587555736,137.10259109380328,-0.5296145116244544,
2014-09-17,True,2014-02-26,184.85,200.75,8.601568839599683,15.482823911279429,136.68766811194848,137.10259109380328,-0.30263686378539933,
2014-09-18,True,2014-02-26,184.85,201.82,9.180416553962667,16.524749797132802,137.920911419128,137.920911419128,0.0,
2014-09-19,True,2014-02-26,184.85,200.7,8.574519880984589,15.434135785772261,136.63003992002422,137.920911419128,-0.9359505283292102,
2014-09-22,True,2014-02-26,184.85,199.15,7.7360021639167,13.92480389505006,134.84356597037163,137.920911419128,-2.231239205927682,
2014-09-23,True,2014-02-26,184.85,198.01,7.119285907492556,12.814714633486602,133.52964319449808,137.920911419128,-3.183903136548527,
2014-09-24,True,2014-02-26,184.85,199.56,7.957803624560467,14.32404652420884,135.31611714415072,137.920911419128,-1.8886144589499998,
2014-09-25,True,2014-02-26,184.85,196.34,6.215850689748459,11.188531241547226,131.60486158422728,137.920911419128,-4.579472227896519,
2014-09-26,True,2014-02-26,184.85,197.9,7.059778198539357,12.707600757370843,133.4028611722647,137.920911419128,-3.2758268491522635,
2014-09-29,True,2014-02-26,184.85,197.54,6.865025696510685,12.357046253719233,132.9879381904099,137.920911419128,-3.5766680904009474,
2014-09-30,True,2014-02-26,184.85,197.02,6.583716526913719,11.850689748444694,132.38860499439744,137.920911419128,-4.011216549982355,
2014-10-01,True,2014-02-26,184.85,194.35,5.139302136867729,9.250743846361914,129.31125954564104,137.920911419128,-6.2424557559100595,
2014-10-02,True,2014-02-26,184.85,194.38,5.155531512036782,9.279956721666208,129.3458364607956,137.920911419128,-6.217385652472673,
2014-10-03,True,2014-02-26,184.85,196.52,6.313226940762795,11.363808493373032,131.8123230751547,137.920911419128,-4.429051607272161,
2014-10-06,True,2014-02-26,184.85,196.29,6.188801731133342,11.139843116040016,131.54723339230296,137.920911419128,-4.621255733625529,
2014-10-07,True,2014-02-26,184.85,193.26,4.549634839058703,8.189342710305665,128.05496496169184,137.920911419128,-7.153336180801862,
2014-10-08,True,2014-02-26,184.85,196.64,6.378144441439004,11.480659994590209,131.9506307357729,137.920911419128,-4.328771193522652,
2014-10-09,True,2014-02-26,184.85,192.74,4.268325669461737,7.682986205031126,127.45563176567934,137.920911419128,-7.587884640383291,
2014-10-10,True,2014-02-26,184.85,190.54,3.0781714903976187,5.540708682715714,124.91999132101115,137.920911419128,-9.426358892458552,
2014-10-13,True,2014-02-26,184.85,187.4099,1.3848525831755554,2.4927346497159997,121.3123512501676,137.920911419128,-12.042089918104326,
2014-10-14,True,2014-02-26,184.85,187.7,1.5417906410603255,2.775223153908586,121.64671001971224,137.920911419128,-11.799662017864765,
2014-10-15,True,2014-02-26,184.85,186.43,0.8547470922369627,1.5385447660265328,120.18295394483563,137.920911419128,-12.860963063380925,
2014-10-16,True,2014-02-26,184.85,186.27,0.7681904246686688,1.3827427644036039,119.99854373067795,137.920911419128,-12.99467028171366,
2014-10-17,True,2014-02-26,184.85,188.47,1.9583446037327645,3.525020286718976,122.5341841753461,137.920911419128,-11.156196029638444,
2014-10-20,True,2014-02-26,184.85,190.3,2.948336489045178,5.30700568028132,124.64337599977465,137.920911419128,-9.62691971995765,
2014-10-21,True,2014-02-26,184.85,194.07,4.987827968623204,8.978090343521767,128.9885416708651,137.920911419128,-6.476443387992359,
2014-10-22,True,2014-02-26,184.85,192.69,4.241276710846642,7.634298079523956,127.39800357375508,137.920911419128,-7.629668146112268,RAW_DECISION
2014-10-23,False,,,194.93,,,127.39800357375508,137.920911419128,-7.629668146112268,
2014-10-24,False,,,196.43,,,127.39800357375508,137.920911419128,-7.629668146112268,
2014-10-27,False,,,196.16,,,127.39800357375508,137.920911419128,-7.629668146112268,
2014-10-28,False,,,198.41,,,127.39800357375508,137.920911419128,-7.629668146112268,
2014-10-29,False,,,198.11,,,127.39800357375508,137.920911419128,-7.629668146112268,
2014-10-30,False,,,199.38,,,127.39800357375508,137.920911419128,-7.629668146112268,
2014-10-31,False,,,201.66,,,127.39800357375508,137.920911419128,-7.629668146112268,
2014-11-03,True,2014-11-03,201.77,201.77,0.0,0.0,127.39800357375508,137.920911419128,-7.629668146112268,
2014-11-04,True,2014-11-03,201.77,201.07,-0.3469296723992765,-0.6244734103186977,126.60243691616012,137.920911419128,-8.206496307562938,
2014-11-05,True,2014-11-03,201.77,202.34,0.2824998760965425,0.5084997769737765,128.04582213779668,137.920911419128,-7.159965214645303,
2014-11-06,True,2014-11-03,201.77,203.15,0.6839470684442572,1.231104723199663,128.96640641301366,137.920911419128,-6.492492627823854,
2014-11-07,True,2014-11-03,201.77,203.34,0.7781136938097788,1.4006046488576018,129.18234593436088,137.920911419128,-6.335924984001506,
2014-11-10,True,2014-11-03,201.77,203.98,1.0953065371462456,1.971551766863242,129.90972116416194,137.920911419128,-5.808539236389509,
2014-11-11,True,2014-11-03,201.77,204.175,1.191951231600341,2.145512216880614,130.131343304492,137.920911419128,-5.647851391413939,
2014-11-12,True,2014-11-03,201.77,203.96,1.0853942607919942,1.9537096694255895,129.88699068823067,137.920911419128,-5.825020041002372,
2014-11-13,True,2014-11-03,201.77,204.19,1.1993854388660186,2.1588937899588334,130.1483911614404,137.920911419128,-5.635490787954323,
2014-11-14,True,2014-11-03,201.77,204.24,1.2241661297516915,2.2034990335530447,130.20521735126863,137.920911419128,-5.594288776422118,
2014-11-17,True,2014-11-03,201.77,204.37,1.2885959260544144,2.319472666897946,130.352965444822,137.920911419128,-5.487163546438422,
2014-11-18,True,2014-11-03,201.77,205.55,1.8734202309560466,3.372156415720884,131.69406352476778,137.920911419128,-4.514796074278715,
2014-11-19,True,2014-11-03,201.77,205.22,1.7098676711106542,3.0777618079991775,131.31901067190154,137.920911419128,-4.786729350391217,
2014-11-20,True,2014-11-03,201.77,205.58,1.888288645487446,3.3989195618774026,131.72815923866472,137.920911419128,-4.490074867359395,
2014-11-21,True,2014-11-03,201.77,206.68,2.433463844972006,4.3802349209496105,132.97833541488532,137.920911419128,-3.5836306136512452,
2014-11-24,True,2014-11-03,201.77,207.26,2.720919859245674,4.897655746642213,133.63751921689254,137.920911419128,-3.1056872798778556,
2014-11-25,True,2014-11-03,201.77,207.11,2.6465777865886997,4.763840015859659,133.46704064740794,137.920911419128,-3.229293314474402,
2014-11-26,True,2014-11-03,201.77,207.64,2.909253109976695,5.236655597958051,134.06939825958693,137.920911419128,-2.7925519922332165,
2014-11-28,True,2014-11-03,201.77,207.2,2.6911830301828754,4.844129454329176,133.56932778909868,137.920911419128,-3.155129693716485,
2014-12-01,True,2014-11-03,201.77,205.76,1.9774991326758196,3.559498438816475,131.93273352204622,137.920911419128,-4.341747625843551,
2014-12-02,True,2014-11-03,201.77,207.085,2.634187441145852,4.741537394062534,133.43862755249378,137.920911419128,-3.2498943202405317,
2014-12-03,True,2014-11-03,201.77,207.89,3.033156564404993,5.459681815928987,134.35352920872796,137.920911419128,-2.586541934572284,
2014-12-04,True,2014-11-03,201.77,207.66,2.9191653863309686,5.254497695395743,134.09212873551823,137.920911419128,-2.7760711876203326,
2014-12-05,True,2014-11-03,201.77,208.0,3.0876740843534645,5.557813351836236,134.47854682635003,137.920911419128,-2.4958975092014724,
2014-12-08,True,2014-11-03,201.77,206.61,2.3987708777320815,4.317787579917747,132.89877874912582,137.920911419128,-3.6413134297963112,
2014-12-09,True,2014-11-03,201.77,206.47,2.3293849432522107,4.192892897853979,132.73966541760683,137.920911419128,-3.756679062086443,
2014-12-10,True,2014-11-03,201.77,203.1601,0.6889527680031593,1.2401149824056867,128.97788530335893,137.920911419128,-6.484169821494367,
2014-12-11,True,2014-11-03,201.77,204.19,1.1993854388660186,2.1588937899588334,130.1483911614404,137.920911419128,-5.635490787954323,
2014-12-12,True,2014-11-03,201.77,200.89,-0.4361401595876613,-0.7850522872577903,126.39786263277855,137.920911419128,-8.354823549078827,
2014-12-15,True,2014-11-03,201.77,199.51,-1.1200872280319296,-2.0161570104574733,124.82945979351994,137.920911419128,-9.491999067367264,
2014-12-16,True,2014-11-03,201.77,197.91,-1.9130693363731077,-3.443524805471594,123.01102171901722,137.920911419128,-10.810463436397333,
2014-12-17,True,2014-11-03,201.77,201.79,0.009912276354251404,0.017842097437652527,127.42073404968633,137.920911419128,-7.613187341499417,
2014-12-18,True,2014-11-03,201.77,206.78,2.4830252267433073,4.469445408137953,133.09198779454172,137.920911419128,-3.501226590586881,RAW_DECISION
2014-12-19,False,,,206.52,,,133.09198779454172,137.920911419128,-3.501226590586881,
2014-12-22,False,,,207.47,,,133.09198779454172,137.920911419128,-3.501226590586881,
2014-12-23,False,,,207.75,,,133.09198779454172,137.920911419128,-3.501226590586881,
2014-12-24,False,,,207.77,,,133.09198779454172,137.920911419128,-3.501226590586881,
2014-12-26,False,,,208.44,,,133.09198779454172,137.920911419128,-3.501226590586881,
2014-12-29,False,,,208.72,,,133.09198779454172,137.920911419128,-3.501226590586881,
2014-12-30,False,,,207.6,,,133.09198779454172,137.920911419128,-3.501226590586881,
2014-12-31,False,,,205.54,,,133.09198779454172,137.920911419128,-3.501226590586881,
2015-01-02,True,2015-01-02,205.43,205.43,0.0,0.0,133.09198779454172,137.920911419128,-3.501226590586881,
2015-01-05,True,2015-01-02,205.43,201.72,-1.8059679696246889,-3.25074234532444,128.7655101890705,137.920911419128,-6.638153080525355,
2015-01-06,True,2015-01-02,205.43,199.82,-2.730857226305805,-4.91554300735045,126.5497938951634,137.920911419128,-8.244665299092247,
2015-01-07,True,2015-01-02,205.43,202.31,-1.518765516234244,-2.733777929221639,129.45354840665217,137.920911419128,-6.139288760023021,
2015-01-08,True,2015-01-02,205.43,205.9,0.22878839507374238,0.4118191111327363,133.6400860356661,137.920911419128,-3.103826199678239,
2015-01-09,True,2015-01-02,205.43,204.25,-0.574404906780901,-1.0339288322056217,131.71591135937837,137.920911419128,-4.498955231591573,
2015-01-12,True,2015-01-02,205.43,202.65,-1.3532590176702497,-2.4358662318064495,129.85004500661452,137.920911419128,-5.851807626174188,
2015-01-13,True,2015-01-02,205.43,202.08,-1.6307257946745812,-2.935306430414246,129.1853301184424,137.920911419128,-6.333761291744244,
2015-01-14,True,2015-01-02,205.43,200.86,-2.224602054227709,-4.004283697609877,127.76260702445995,137.920911419128,-7.365311242613504,
2015-01-15,True,2015-01-02,205.43,199.0199,-3.1203329601324103,-5.616599328238339,125.61674410213445,137.920911419128,-8.921176049658207,
2015-01-16,True,2015-01-02,205.43,201.63,-1.8497785133622213,-3.3296013240519984,128.66055520672754,137.920911419128,-6.71425102772063,
2015-01-20,True,2015-01-02,205.43,202.055,-1.6428953901572285,-2.9572117022830113,129.15617595668044,137.920911419128,-6.354899610409614,
2015-01-21,True,2015-01-02,205.43,203.08,-1.143941975368734,-2.0590955556637214,130.35149658891982,137.920911419128,-5.488228545130102,
2015-01-22,True,2015-01-02,205.43,206.1,0.3261451589349207,0.5870612860828572,133.87331932976159,137.920911419128,-2.9347196503553996,
2015-01-23,True,2015-01-02,205.43,204.97,-0.22392055688069679,-0.4030570023852542,132.5555512181221,137.920911419128,-3.890171654029384,
2015-01-26,True,2015-01-02,205.43,205.45,0.00973567638611339,0.017524217495004102,133.11531112395127,137.920911419128,-3.4843159356545916,
2015-01-27,True,2015-01-02,205.43,202.74,-1.3094484739327283,-2.357007253078911,129.95499998895747,137.920911419128,-5.775709678978935,
2015-01-28,True,2015-01-02,205.43,200.14,-2.5750864041279353,-4.635155527430284,126.92296716571619,137.920911419128,-7.974094820175715,
2015-01-29,True,2015-01-02,205.43,201.9902,-1.674438981648263,-3.0139901669668734,129.08060836939347,137.920911419128,-6.409690132390244,
2015-01-30,True,2015-01-02,205.43,199.45,-2.9109672394489694,-5.239741031008145,126.11831230108676,137.920911419128,-8.557512415339474,
2015-02-02,True,2015-01-02,205.43,201.92,-1.7086112057635328,-3.075500170374359,128.99874348316598,137.920911419128,-6.4690465312025385,
2015-02-03,True,2015-01-02,205.43,204.84,-0.287202453390456,-0.5169644161028208,132.40394957696003,137.920911419128,-4.000090911089238,
2015-02-04,True,2015-01-02,205.43,204.06,-0.6668938324490115,-1.2004088984082206,131.49433972998767,137.920911419128,-4.659606453448251,
2015-02-05,True,2015-01-02,205.43,206.12,0.3358808353210341,0.6045855035778613,133.89664265917116,137.920911419128,-2.917808995423099,
2015-02-06,True,2015-01-02,205.43,205.55,0.058414058316702544,0.10514530497006458,133.231927770999,137.920911419128,-3.3997626609931886,
2015-02-09,True,2015-01-02,205.43,204.63,-0.3894270554446799,-0.7009686998004239,132.1590546181598,137.920911419128,-4.177652787878195,
2015-02-10,True,2015-01-02,205.43,206.81,0.6717616706420682,1.2091710071557227,134.70129752380055,137.920911419128,-2.3343914002593613,
2015-02-11,True,2015-01-02,205.43,206.93,0.7301757289587707,1.3143163121257873,134.84123750025785,137.920911419128,-2.2329274706656577,
2015-02-12,True,2015-01-02,205.43,208.92,1.6988755293773972,3.057975952879315,137.1619087765079,137.920911419128,-0.5503173049035248,
2015-02-13,True,2015-01-02,205.43,209.78,2.1175096139804284,3.811517305164771,138.16481194111847,138.16481194111847,0.0,
2015-02-17,True,2015-01-02,205.43,210.11,2.278148274351355,4.100666893832439,138.54964687637602,138.54964687637602,0.0,
2015-02-18,True,2015-01-02,205.43,210.13,2.287883950737468,4.118191111327443,138.57297020578557,138.57297020578557,0.0,
2015-02-19,True,2015-01-02,205.43,209.98,2.2148663778415845,3.986759480114852,138.3980452352139,138.57297020578557,-0.12623311047738062,
2015-02-20,True,2015-01-02,205.43,211.239,2.827727206347652,5.089908971425774,139.866248821545,139.866248821545,0.0,
2015-02-23,True,2015-01-02,205.43,211.209,2.813123691768493,5.063622645183288,139.83126382743072,139.866248821545,-0.025013178239252642,
2015-02-24,True,2015-01-02,205.43,211.81,3.105680767171304,5.590225380908347,140.53212987618764,140.53212987618764,0.0,
2015-02-25,True,2015-01-02,205.43,211.63,3.018059679696239,5.43250742345323,140.32221991150166,140.53212987618764,-0.14936795227604716,
2015-02-26,True,2015-01-02,205.43,211.38,2.896363724869788,5.213454704765619,140.03067829388235,140.53212987618764,-0.3568234415482707,
2015-02-27,True,2015-01-02,205.43,210.66,2.545879374969573,4.582582874945231,139.1910384351386,140.53212987618764,-0.9542952506523372,
2015-03-02,True,2015-01-02,205.43,211.99,3.1933018546463465,5.747943338363424,140.74203984087353,140.74203984087353,0.0,
2015-03-03,True,2015-01-02,205.43,211.12,2.7697999318502697,4.9856398773304855,139.72747501155823,140.74203984087353,-0.7208683563648788,
2015-03-04,True,2015-01-02,205.43,210.2301,2.3366110110499827,4.205899819889969,138.68970346948032,140.74203984087353,-1.45822554065127,
2015-03-05,True,2015-01-02,205.43,210.46,2.448522611108417,4.40734069999515,138.95780514104314,140.74203984087353,-1.2677340060210152,
2015-03-06,True,2015-01-02,205.43,207.5,1.0076425059631022,1.813756510733584,135.50595238843,140.74203984087353,-3.7203435862970258,
2015-03-09,True,2015-01-02,205.43,208.36,1.4262765905661334,2.56729786301904,136.50885555304055,140.74203984087353,-3.007761073108739,
2015-03-10,True,2015-01-02,205.43,204.98,-0.2190527186876401,-0.39429489363775216,132.56721288282688,140.74203984087353,-5.8083760668023015,
2015-03-11,True,2015-01-02,205.43,204.5,-0.45270895195443916,-0.8148761135179905,132.0074529769977,140.74203984087353,-6.206096539279493,
2015-03-12,True,2015-01-02,205.43,207.1,0.8129289782407678,1.463272160833382,135.039485800239,140.74203984087353,-4.051777313361371,
2015-03-13,True,2015-01-02,205.43,205.8272,0.19335053302829142,0.34803095945092455,133.55518911661537,140.74203984087353,-5.106399432880037,
2015-03-16,True,2015-01-02,205.43,208.58,1.5333690308134251,2.7600642554641652,136.7654121765456,140.74203984087353,-2.825472523223349,
2015-03-17,True,2015-01-02,205.43,207.96,1.231563062843799,2.2168135131188382,136.0423889648496,140.74203984087353,-3.33919480017304,
2015-03-18,True,2015-01-02,205.43,210.46,2.448522611108417,4.40734069999515,138.95780514104314,140.74203984087353,-1.2677340060210152,
2015-03-19,True,2015-01-02,205.43,209.5,1.9812101445747965,3.5661782602346337,137.8382853293848,140.74203984087353,-2.0631749509754105,
2015-03-20,True,2015-01-02,205.43,210.41,2.4241834201431,4.36353015625758,138.8994968175192,140.74203984087353,-1.3091632219040972,
2015-03-23,True,2015-01-02,205.43,210.0,2.22460205422772,4.004283697609896,138.42136856462352,140.74203984087353,-1.64888279214499,
2015-03-24,True,2015-01-02,205.43,208.82,1.650197147446808,2.9703548654042544,137.0452921294601,140.74203984087353,-2.6266122869847974,
2015-03-25,True,2015-01-02,205.43,205.76,0.16063866037092644,0.2891495886676676,133.47682272979924,140.74203984087353,-5.162080299026883,
2015-03-26,True,2015-01-02,205.43,205.27,-0.07788541108892932,-0.14019373996007278,132.90540115926535,140.74203984087353,-5.568086614680645,
2015-03-27,True,2015-01-02,205.43,205.74,0.15090298398481305,0.2716253711726635,133.45349940038972,140.74203984087353,-5.178651985380078,
2015-03-30,True,2015-01-02,205.43,208.25,1.3727303704424765,2.4709146667964577,136.380577241288,140.74203984087353,-3.0989053480514506,
2015-03-31,True,2015-01-02,205.43,206.43,0.48678381930584713,0.8762108747505248,134.25815426501913,140.74203984087353,-4.6069288061941105,
2015-04-01,True,2015-01-02,205.43,205.7,0.13143163121256407,0.23657693618261533,133.4068527415706,140.74203984087353,-5.211795358086535,
2015-04-02,True,2015-01-02,205.43,206.435,0.48921773840238103,0.8805919291242859,134.26398509737155,140.74203984087353,-4.602785884605787,
2015-04-06,True,2015-01-02,205.43,207.83,1.1682811663340287,2.1029060994012516,135.8907873236875,140.74203984087353,-3.44691076146898,
2015-04-07,True,2015-01-02,205.43,207.28,0.9005500657158105,1.620990118288459,135.24939576492494,140.74203984087353,-3.9026321361824157,
2015-04-08,True,2015-01-02,205.43,207.975,1.2388648201333785,2.2299566762400813,136.05988146190674,140.74203984087353,-3.3267660354081463,
2015-04-09,True,2015-01-02,205.43,208.9,1.6891398529912838,3.040451735384311,137.13858544709836,140.74203984087353,-2.560325541571884,
2015-04-10,True,2015-01-02,205.43,210.04,2.244073406999947,4.039332132599904,138.4680152234426,140.74203984087353,-1.6157394194385777,
2015-04-13,True,2015-01-02,205.43,209.09,1.7816287786593943,3.2069318015869097,137.36015707648906,140.74203984087353,-2.4028945212163366,
2015-04-14,True,2015-01-02,205.43,209.49,1.9763423063817287,3.5574161514871117,137.82662366468,140.74203984087353,-2.0714607941520358,
2015-04-15,True,2015-01-02,205.43,210.43,2.4339190965292357,4.381054373752624,138.9228201469288,140.74203984087353,-1.2925915355508355,
2015-04-16,True,2015-01-02,205.43,210.37,2.4047120673708733,4.328481721267572,138.8528501587001,140.74203984087353,-1.3423065946105317,
2015-04-17,True,2015-01-02,205.43,207.95,1.2266952246507312,2.208051404371316,136.0307273001448,140.74203984087353,-3.347480643349676,
2015-04-20,True,2015-01-02,205.43,209.85,2.1515844813318363,3.8728520663973054,138.2464435940519,140.74203984087353,-1.773170439794125,
2015-04-21,True,2015-01-02,205.43,209.6,2.0298885265053634,3.653799347709654,137.95490197643252,140.74203984087353,-1.9803165192093353,
2015-04-22,True,2015-01-02,205.43,210.63,2.5312758603903918,4.556296548702705,139.15605344102426,140.74203984087353,-1.1268746720187073,
2015-04-23,True,2015-01-02,205.43,211.16,2.7892712846224965,5.020688312320494,139.7741216703773,140.74203984087353,-0.6877249836584665,
2015-04-24,True,2015-01-02,205.43,211.6499,3.027746677700427,5.4499440198607685,140.34542662426418,140.74203984087353,-0.2818015264364315,
2015-04-27,True,2015-01-02,205.43,210.77,2.59942559509323,4.678966071167814,139.31931674689116,140.74203984087353,-1.010872867546142,
2015-04-28,True,2015-01-02,205.43,211.44,2.9255707540281284,5.266027357250631,140.10064828211097,140.74203984087353,-0.4557213747134359,
2015-04-29,True,2015-01-02,205.43,210.57,2.5020688312320516,4.503723896217693,139.08608345279563,140.74203984087353,-1.1765897310783369,
2015-04-30,True,2015-01-02,205.43,208.46,1.4749549724967226,2.6549189504941006,136.6254722000883,140.74203984087353,-2.9249026413426527,
2015-05-01,True,2015-01-02,205.43,210.72,2.575086404127913,4.635155527430244,139.2610084233672,140.74203984087353,-1.0523020834292462,
2015-05-04,True,2015-01-02,205.43,211.32,2.867156695711426,5.1608820522805665,139.96070830565367,140.74203984087353,-0.5551514928327395,
2015-05-05,True,2015-01-02,205.43,208.9,1.6891398529912838,3.040451735384311,137.13858544709836,140.74203984087353,-2.560325541571884,
2015-05-06,True,2015-01-02,205.43,208.04,1.2705057683882526,2.2869103830988546,136.13568228248775,140.74203984087353,-3.272908054760215,
2015-05-07,True,2015-01-02,205.43,208.87,1.6745363384121026,3.0141654091417847,137.103600452984,140.74203984087353,-2.5851830711017376,
2015-05-08,True,2015-01-02,205.43,211.62,3.0131918415031933,5.423745314705748,140.31055824679694,140.74203984087353,-0.3065761975344583,
2015-05-11,True,2015-01-02,205.43,210.605,2.5191062649077445,4.53439127683394,139.12689927926232,140.74203984087353,-1.147589279960226,
2015-05-12,True,2015-01-02,205.43,209.98,2.2148663778415845,3.986759480114852,138.3980452352139,140.74203984087353,-1.6654544784982517,
2015-05-13,True,2015-01-02,205.43,210.02,2.2343377306138335,4.0218079151049,138.44469189403304,140.74203984087353,-1.632311105791795,
2015-05-14,True,2015-01-02,205.43,212.21,3.3003942948936382,5.940709730808549,140.9985964643786,140.9985964643786,0.0,
2015-05-15,True,2015-01-02,205.43,212.44,3.4123545733339755,6.142238232001156,141.26681475258837,141.26681475258837,0.0,
2015-05-18,True,2015-01-02,205.43,213.1,3.7336318940758284,6.720537409336491,142.03648462310346,142.03648462310346,0.0,
2015-05-19,True,2015-01-02,205.43,213.03,3.6995570267244204,6.659202648103957,141.95485297017004,142.03648462310346,-0.057472312941309056,
2015-05-20,True,2015-01-02,205.43,212.88,3.626539453828559,6.527771016891406,141.77992799959847,142.03648462310346,-0.18062726924407135,
2015-05-21,True,2015-01-02,205.43,213.5,3.928345421798185,7.071021759236733,142.50295121129446,142.50295121129446,0.0,
2015-05-22,True,2015-01-02,205.43,212.99,3.6800856739521937,6.624154213113949,141.90820631135097,142.50295121129446,-0.4173561985124419,
2015-05-26,True,2015-01-02,205.43,210.7,2.5653507277417997,4.6176313099352395,139.23768509395768,142.50295121129446,-2.29136736438198,
2015-05-27,True,2015-01-02,205.43,212.7,3.538918366353494,6.370053059436289,141.57001803491252,142.50295121129446,-0.6546763898234276,
2015-05-28,True,2015-01-02,205.43,212.46,3.422090249720089,6.15976244949616,141.29013808199792,142.50295121129446,-0.8510793067704636,
2015-05-29,True,2015-01-02,205.43,211.14,2.779535608236383,5.00316409482549,139.75079834096775,142.50295121129446,-1.9312953499791008,
2015-06-01,True,2015-01-02,205.43,211.57,2.9888526505378987,5.379934770968218,140.25224992327304,142.50295121129446,-1.5794067904490006,
2015-06-02,True,2015-01-02,205.43,211.36,2.886628048483675,5.195930487270615,140.0073549644728,142.50295121129446,-1.7512593427776446,
2015-06-03,True,2015-01-02,205.43,211.92,3.1592269872949386,5.686608577130889,140.6604081879401,142.50295121129446,-1.2929858699012753,
2015-06-04,True,2015-01-02,205.43,210.1292,2.287494523682021,4.117490142627638,138.57203727260915,142.50295121129446,-2.7584789685210054,
2015-06-05,True,2015-01-02,205.43,209.77,2.1126417757873828,3.802755196417289,138.15315027641373,142.50295121129446,-3.0524286675516765,
2015-06-08,True,2015-01-02,205.43,208.48,1.4846906488828138,2.672443167989065,136.6487955294978,142.50295121129446,-4.108094346141988,
2015-06-09,True,2015-01-02,205.43,208.45,1.4700871343036548,2.6461568417465786,136.61381053538352,142.50295121129446,-4.132644710760336,
2015-06-10,True,2015-01-02,205.43,210.95,2.6870466825682726,4.836684028622891,139.52922671157705,142.50295121129446,-2.086780992562154,
2015-06-11,True,2015-01-02,205.43,211.63,3.018059679696239,5.43250742345323,140.32221991150166,142.50295121129446,-1.530306061212261,
2015-06-12,True,2015-01-02,205.43,210.01,2.2294698924207657,4.013045806357378,138.43303022932824,142.50295121129446,-2.856025750604696,
2015-06-15,True,2015-01-02,205.43,209.11,1.7913644550455077,3.224456019081914,137.3834804058986,142.50295121129446,-3.5925366891560118,
2015-06-16,True,2015-01-02,205.43,210.25,2.3462980090541707,4.223336416297507,138.71291018224284,142.50295121129446,-2.65962283365766,
2015-06-17,True,2015-01-02,205.43,210.59,2.511804507618165,4.521248113712697,139.10940678220518,142.50295121129446,-2.3813853679826913,
2015-06-18,True,2015-01-02,205.43,212.78,3.5778610718979698,6.440149929416346,141.66331135255072,142.50295121129446,-0.5892087508410748,
2015-06-19,True,2015-01-02,205.43,210.81,2.6188969478654567,4.714014506157822,139.36596340571023,142.50295121129446,-2.201349360781235,
2015-06-22,True,2015-01-02,205.43,211.89,3.1446234727157574,5.660322250888363,140.6254231938258,142.50295121129446,-1.317536234519645,
2015-06-23,True,2015-01-02,205.43,212.04,3.217641045611641,5.791753882100954,140.80034816439743,142.50295121129446,-1.1947844114277406,
2015-06-24,True,2015-01-02,205.43,210.5,2.4679939638806436,4.4423891349851585,139.0044517998622,142.50295121129446,-2.455036461837823,
2015-06-25,True,2015-01-02,205.43,209.86,2.156452319524904,3.8816141751448274,138.25810525875667,142.50295121129446,-2.978777573696556,
2015-06-26,True,2015-01-02,205.43,209.82,2.136980966752655,3.8465657401547793,138.21145859993754,142.50295121129446,-3.011511393187749,
2015-06-29,True,2015-01-02,205.43,205.42,-0.004867838193067797,-0.008762108747522035,133.08032612983692,142.50295121129446,-6.612231537216562,
2015-06-30,True,2015-01-02,205.43,205.85,0.2044492041084478,0.36800856739520604,133.5817777121422,142.50295121129446,-6.260342977686473,
2015-07-01,True,2015-01-02,205.43,207.5,1.0076425059631022,1.813756510733584,135.50595238843,142.50295121129446,-4.910072923675635,
2015-07-02,True,2015-01-02,205.43,207.31,0.9151535802949917,1.647276444530985,135.28438075903924,142.50295121129446,-5.065558566258732,
2015-07-06,True,2015-01-02,205.43,206.72,0.6279511269045468,1.1303120284281842,134.5963425414576,142.50295121129446,-5.548382403753472,
2015-07-07,True,2015-01-02,205.43,208.02,1.2607700920021392,2.2693861656038505,136.11235895307823,142.50295121129446,-4.4845332702904255,
2015-07-08,True,2015-01-02,205.43,204.53,-0.4381054373752691,-0.7885897872754843,132.04243797111204,142.50295121129446,-7.340559020895099,
2015-07-09,True,2015-01-02,205.43,204.9,-0.25799542423209365,-0.46439176361776857,132.4739195651887,142.50295121129446,-7.037771190601749,
2015-07-10,True,2015-01-02,205.43,207.48,0.9979068295769666,1.79623229323854,135.48262905902035,142.50295121129446,-4.926439833421281,
2015-07-13,True,2015-01-02,205.43,209.77,2.1126417757873828,3.802755196417289,138.15315027641373,142.50295121129446,-3.0524286675516765,
2015-07-14,True,2015-01-02,205.43,210.68,2.5556150513556863,4.600107092440235,139.21436176454813,142.50295121129446,-2.307734274127571,
2015-07-15,True,2015-01-02,205.43,210.61,2.5215401840042784,4.538772331207701,139.1327301116147,142.50295121129446,-2.3650184582371225,
2015-07-16,True,2015-01-02,205.43,212.3,3.3442048386311596,6.019568709536087,141.10355144672153,142.50295121129446,-0.982014584735158,
2015-07-17,True,2015-01-02,205.43,212.48,3.4318259261062023,6.177286666991164,141.31346141140745,142.50295121129446,-0.8347123970248949,
2015-07-20,True,2015-01-02,205.43,212.59,3.4853721462298592,6.273669863213747,141.44173972316,142.50295121129446,-0.7446943934241501,
2015-07-21,True,2015-01-02,205.43,211.75,3.0764737380129414,5.537652728423295,140.46215988795896,142.50295121129446,-1.4321046027387485,
2015-07-22,True,2015-01-02,205.43,211.37,2.8914958866767204,5.204692596018097,140.01901662917754,142.50295121129446,-1.7430758879048658,
2015-07-23,True,2015-01-02,205.43,210.18,2.3122231417027628,4.162001655064973,138.6312785293094,142.50295121129446,-2.7169070177672117,
2015-07-24,True,2015-01-02,205.43,208.0,1.2510344156160258,2.2518619481088464,136.08903562366868,142.50295121129446,-4.500900180036005,
2015-07-27,True,2015-01-02,205.43,206.79,0.6620259942559548,1.1916467896607186,134.67797419439103,142.50295121129446,-5.49109821964392,
2015-07-28,True,2015-01-02,205.43,209.33,1.8984568952927994,3.417222411527039,137.64003702940363,142.50295121129446,-3.412500681954578,
2015-07-29,True,2015-01-02,205.43,210.77,2.59942559509323,4.678966071167814,139.31931674689116,142.50295121129446,-2.2340831802723837,
2015-07-30,True,2015-01-02,205.43,210.82,2.6237647860585023,4.722776614905304,139.37762507041495,142.50295121129446,-2.1931659059084785,
2015-07-31,True,2015-01-02,205.43,210.5,2.4679939638806436,4.4423891349851585,139.0044517998622,142.50295121129446,-2.455036461837823,
2015-08-03,True,2015-01-02,205.43,209.79,2.122377452173474,3.820279413912253,138.17647360582322,142.50295121129446,-3.03606175780613,
2015-08-04,True,2015-01-02,205.43,209.38,1.922796086258094,3.461032955264569,137.6983453529275,142.50295121129446,-3.371583407590617,
2015-08-05,True,2015-01-02,205.43,210.07,2.258676921579128,4.0656184588424304,138.50300021755695,142.50295121129446,-2.806925021367901,
2015-08-06,True,2015-01-02,205.43,208.35,1.4214087523730656,2.558535754271518,136.49719388833574,142.50295121129446,-4.21447925948828,
2015-08-07,True,2015-01-02,205.43,207.95,1.2266952246507312,2.208051404371316,136.0307273001448,142.50295121129446,-4.541817454399977,
2015-08-10,True,2015-01-02,205.43,210.57,2.5020688312320516,4.503723896217693,139.08608345279563,142.50295121129446,-2.397752277728271,
2015-08-11,True,2015-01-02,205.43,208.67,1.5771795745509243,2.8389232341916637,136.87036715888848,142.50295121129446,-3.9526087035589352,
2015-08-12,True,2015-01-02,205.43,208.92,1.6988755293773972,3.057975952879315,137.1619087765079,142.50295121129446,-3.748022331739087,
2015-08-13,True,2015-01-02,205.43,208.66,1.5723117363578787,2.8301611254441816,136.85870549418377,142.50295121129446,-3.960792158431692,
2015-08-14,True,2015-01-02,205.43,209.42,1.9422674390303207,3.4960813902545773,137.74499201174658,142.50295121129446,-3.3388495880994684,
2015-08-17,True,2015-01-02,205.43,210.59,2.511804507618165,4.521248113712697,139.10940678220518,142.50295121129446,-2.3813853679826913,
2015-08-18,True,2015-01-02,205.43,209.98,2.2148663778415845,3.986759480114852,138.3980452352139,142.50295121129446,-2.880576115223077,
2015-08-19,True,2015-01-02,205.43,208.32,1.4068052377938844,2.532249428028992,136.46220889422142,142.50295121129446,-4.23902962410666,
2015-08-20,True,2015-01-02,205.43,203.97,-0.7107043761865439,-1.279267877135779,131.38938474764467,142.50295121129446,-7.798832493771501,
2015-08-21,True,2015-01-02,205.43,197.63,-3.79691379058561,-6.834444823054098,123.99588932481788,142.50295121129446,-12.987142883122093,
2015-08-24,True,2015-01-02,205.43,189.55,-7.73012705057684,-13.914228691038312,114.5732642433604,142.50295121129446,-19.599374420338613,RAW_DECISION
2015-08-25,False,,,187.27,,,114.5732642433604,142.50295121129446,-19.599374420338613,
2015-08-26,False,,,194.46,,,114.5732642433604,142.50295121129446,-19.599374420338613,
2015-08-27,False,,,199.27,,,114.5732642433604,142.50295121129446,-19.599374420338613,
2015-08-28,False,,,199.28,,,114.5732642433604,142.50295121129446,-19.599374420338613,
2015-08-31,False,,,197.67,,,114.5732642433604,142.50295121129446,-19.599374420338613,
2015-09-01,True,2015-09-01,191.77,191.77,0.0,0.0,114.5732642433604,142.50295121129446,-19.599374420338613,
2015-09-02,True,2015-09-01,191.77,195.41,1.898107107472491,3.4165927934504836,118.48776613272003,142.50295121129446,-16.852412440894803,RAW_DECISION
2015-09-03,False,,,195.55,,,118.48776613272003,142.50295121129446,-16.852412440894803,
2015-09-04,False,,,192.59,,,118.48776613272003,142.50295121129446,-16.852412440894803,
2015-09-08,False,,,197.43,,,118.48776613272003,142.50295121129446,-16.852412440894803,
2015-09-09,False,,,194.79,,,118.48776613272003,142.50295121129446,-16.852412440894803,
2015-09-10,False,,,195.85,,,118.48776613272003,142.50295121129446,-16.852412440894803,
2015-09-11,False,,,196.74,,,118.48776613272003,142.50295121129446,-16.852412440894803,
2015-09-14,False,,,196.01,,,118.48776613272003,142.50295121129446,-16.852412440894803,
2015-09-15,False,,,198.46,,,118.48776613272003,142.50295121129446,-16.852412440894803,
2015-09-16,False,,,200.18,,,118.48776613272003,142.50295121129446,-16.852412440894803,
2015-09-17,False,,,199.73,,,118.48776613272003,142.50295121129446,-16.852412440894803,
2015-09-18,False,,,195.45,,,118.48776613272003,142.50295121129446,-16.852412440894803,
2015-09-21,False,,,196.46,,,118.48776613272003,142.50295121129446,-16.852412440894803,
2015-09-22,False,,,193.91,,,118.48776613272003,142.50295121129446,-16.852412440894803,
2015-09-23,False,,,193.6,,,118.48776613272003,142.50295121129446,-16.852412440894803,
2015-09-24,False,,,192.9,,,118.48776613272003,142.50295121129446,-16.852412440894803,
2015-09-25,False,,,192.85,,,118.48776613272003,142.50295121129446,-16.852412440894803,
2015-09-28,False,,,188.01,,,118.48776613272003,142.50295121129446,-16.852412440894803,
2015-09-29,False,,,188.12,,,118.48776613272003,142.50295121129446,-16.852412440894803,
2015-09-30,False,,,191.63,,,118.48776613272003,142.50295121129446,-16.852412440894803,
2015-10-01,True,2015-10-01,192.13,192.13,0.0,0.0,118.48776613272003,142.50295121129446,-16.852412440894803,
2015-10-02,True,2015-10-01,192.13,195.0,1.4937802529537247,2.6888044553167045,121.67367046750182,142.50295121129446,-14.616736402117237,
2015-10-05,True,2015-10-01,192.13,198.47,3.299849060531934,5.9397283089574815,125.52561752035653,142.50295121129446,-11.913671644431423,
2015-10-06,True,2015-10-01,192.13,197.79,2.9459220319575374,5.302659657523567,124.77076910654064,142.50295121129446,-12.443378859194043,
2015-10-07,True,2015-10-01,192.13,199.41,3.789101129443617,6.820382032998511,126.56908444533735,142.50295121129446,-11.18142931814189,
2015-10-08,True,2015-10-01,192.13,201.21,4.725966793317027,8.50674022797065,128.5672125995559,142.50295121129446,-9.779263161417283,
2015-10-09,True,2015-10-01,192.13,201.33,4.788424504241928,8.619164107635472,128.7004211431705,142.50295121129446,-9.685785417635618,
2015-10-12,True,2015-10-01,192.13,201.52,4.887315879873011,8.79716858377142,128.91133467056022,142.50295121129446,-9.53777898998136,
2015-10-13,True,2015-10-01,192.13,200.25,4.22630510591786,7.607349190652148,127.50154425063933,142.50295121129446,-10.52708511167041,
2015-10-14,True,2015-10-01,192.13,199.29,3.726643418518716,6.7079581533336885,126.43587590172278,142.50295121129446,-11.274907061923523,
2015-10-15,True,2015-10-01,192.13,202.35,5.319315047103523,9.574767084786343,129.83269376389433,142.50295121129446,-8.891224595491687,
2015-10-16,True,2015-10-01,192.13,203.27,5.798157497527723,10.436683495549902,130.85395926493936,142.50295121129446,-8.174561893165777,
2015-10-19,True,2015-10-01,192.13,203.37,5.850205589965141,10.530370061937253,130.96496638461818,142.50295121129446,-8.096663773347734,
2015-10-20,True,2015-10-01,192.13,203.09,5.704470931140371,10.268047676052667,130.6541464495175,142.50295121129446,-8.31477850883825,
2015-10-21,True,2015-10-01,192.13,201.85,5.0590745849164565,9.106334252849623,129.27765816550024,142.50295121129446,-9.28071519458189,
2015-10-22,True,2015-10-01,192.13,205.26,6.833914537032215,12.301046166657988,133.06300094654767,142.50295121129446,-6.624389308786882,
2015-10-23,True,2015-10-01,192.13,207.51,8.004996616873994,14.408993910373189,135.56066113932087,142.50295121129446,-4.871681612881118,
2015-10-26,True,2015-10-01,192.13,207.0,7.739551345443196,13.931192421797753,134.99452482895896,142.50295121129446,-5.268962023953083,
2015-10-27,True,2015-10-01,192.13,206.6,7.531358975693547,13.556446156248386,134.55049635024372,142.50295121129446,-5.580554503225221,
2015-10-28,True,2015-10-01,192.13,208.95,8.754489147972722,15.758080466350899,137.1591636626957,142.50295121129446,-3.7499486875014365,
2015-10-29,True,2015-10-01,192.13,208.83,8.692031437047842,15.645656586686115,137.02595511908117,142.50295121129446,-3.843426431283048,
2015-10-30,True,2015-10-01,192.13,207.93,8.223598605111127,14.802477489200028,136.02689104197188,142.50295121129446,-4.544509509645367,
2015-11-02,True,2015-10-01,192.13,210.39,9.50398167907145,17.10716702232861,138.75766618607057,142.50295121129446,-2.628215762121744,
2015-11-03,True,2015-10-01,192.13,211.0,9.821475042939687,17.678655077291438,139.43480961611132,142.50295121129446,-2.1530372312317136,
2015-11-04,True,2015-10-01,192.13,210.36,9.488367251340257,17.079061052412463,138.72436405016697,142.50295121129446,-2.651585198067119,
2015-11-05,True,2015-10-01,192.13,210.15,9.37906625722167,16.882319262999005,138.49124909884145,142.50295121129446,-2.815171249685,
2015-11-06,True,2015-10-01,192.13,210.04,9.32181335554052,16.779264039972936,138.36914126719475,142.50295121129446,-2.9008591814848494,
2015-11-09,True,2015-10-01,192.13,208.08,8.301670743767243,14.943007338781038,136.1934017214901,142.50295121129446,-4.427662329918325,
2015-11-10,True,2015-10-01,192.13,208.56,8.551501587466825,15.392702857440286,136.72623589594838,142.50295121129446,-4.053751354791757,
2015-11-11,True,2015-10-01,192.13,207.74,8.124707229480045,14.624473013064081,135.81597751458216,142.50295121129446,-4.692515937299624,
2015-11-12,True,2015-10-01,192.13,204.84,6.615312548795083,11.90756258783115,132.59677104389667,142.50295121129446,-6.951561412022633,
2015-11-13,True,2015-10-01,192.13,202.54,5.418206422734606,9.752771560922291,130.04360729128405,142.50295121129446,-8.74321816783743,
2015-11-16,True,2015-10-01,192.13,205.62,7.021287669806897,12.638317805652415,133.46262657739138,142.50295121129446,-6.34395607744197,
2015-11-17,True,2015-10-01,192.13,205.47,6.9432155311507815,12.497787956071408,133.29611589787316,142.50295121129446,-6.460803257169023,
2015-11-18,True,2015-10-01,192.13,208.73,8.639983344610425,15.551970020298764,136.91494799940236,142.50295121129446,-3.921324551101091,
2015-11-19,True,2015-10-01,192.13,208.55,8.546296778223095,15.38333420080157,136.71513518398055,142.50295121129446,-4.0615411667735195,
2015-11-20,True,2015-10-01,192.13,209.3108,8.942278665486914,16.096101597876444,137.55967735049688,142.50295121129446,-3.468892271197943,
2015-11-23,True,2015-10-01,192.13,209.07,8.816946858897623,15.870504346015721,137.2923722063103,142.50295121129446,-3.6564709437197918,
2015-11-24,True,2015-10-01,192.13,209.35,8.96268151772237,16.132826731900266,137.60319214141094,142.50295121129446,-3.4383562082292984,
2015-11-25,True,2015-10-01,192.13,209.32,8.947067089991156,16.104720761984083,137.56989000550732,142.50295121129446,-3.4617256441746957,
2015-11-27,True,2015-10-01,192.13,209.56,9.071982511840936,16.329568521313686,137.83630709273646,142.50295121129446,-3.2747701566114173,
2015-11-30,True,2015-10-01,192.13,208.69,8.619164107635457,15.514495393743823,136.87054515153085,142.50295121129446,-3.9524837990282946,
2015-12-01,True,2015-10-01,192.13,210.68,9.654921147139973,17.37885806485195,139.07958683313916,142.50295121129446,-2.4023112146494108,
2015-12-02,True,2015-10-01,192.13,208.529,8.53536667881123,15.363660021860213,136.69182368884793,142.50295121129446,-4.077899771935356,
2015-12-03,True,2015-10-01,192.13,205.61,7.016082860563166,12.6289491490137,133.4515258654235,142.50295121129446,-6.351745889423777,
2015-12-04,True,2015-10-01,192.13,209.62,9.103211367303388,16.385780461146098,137.90291136454374,142.50295121129446,-3.2280312847206005,
2015-12-07,True,2015-10-01,192.13,208.35,8.44220059334826,15.195961068026866,136.4931209446229,142.50295121129446,-4.217337406409616,
2015-12-08,True,2015-10-01,192.13,206.949,7.713006818300117,13.88341227294021,134.93791119792277,142.50295121129446,-5.308690065060285,
2015-12-09,True,2015-10-01,192.13,205.34,6.875553010982149,12.37599541976787,133.15180664229072,142.50295121129446,-6.562070812932463,
2015-12-10,True,2015-10-01,192.13,205.87,7.1514079009004305,12.872534221620775,133.7401443765884,142.50295121129446,-6.149210777896885,
2015-12-11,True,2015-10-01,192.13,201.88,5.074689012647693,9.134440222765848,129.31096030140392,142.50295121129446,-9.257345758636449,
2015-12-14,True,2015-10-01,192.13,202.9008,5.605995940248798,10.090792692447836,130.44412097908523,142.50295121129446,-8.462161751533937,
2015-12-15,True,2015-10-01,192.13,205.0308,6.714620309165675,12.086316556498216,132.80857262824384,142.50295121129446,-6.802931799409828,
2015-12-16,True,2015-10-01,192.13,208.03,8.275646697548545,14.896164055587382,136.1378981616507,142.50295121129446,-4.466611389827335,
2015-12-17,True,2015-10-01,192.13,204.86,6.625722167282588,11.92629990110866,132.61897246783246,142.50295121129446,-6.935981788059009,
2015-12-18,True,2015-10-01,192.13,200.0208,4.10701087805132,7.392619580492377,127.2471159323355,142.50295121129446,-10.705627602293344,
2015-12-21,True,2015-10-01,192.13,201.67,4.965388018529127,8.937698433352429,129.07784535007843,142.50295121129446,-9.420931810254318,
2015-12-22,True,2015-10-01,192.13,203.5,5.917868110133773,10.65216259824079,131.10927564020065,142.50295121129446,-7.9953962175842825,
2015-12-23,True,2015-10-01,192.13,206.02,7.229480039556568,13.013064071201823,133.90665505610664,142.50295121129446,-6.03236359816981,
2015-12-24,True,2015-10-01,192.13,205.68,7.052516525269348,12.694529745484827,133.52923084919865,142.50295121129446,-6.297217205551153,
2015-12-28,True,2015-10-01,192.13,205.21,6.807890490813517,12.254202883464332,133.00749738670828,142.50295121129446,-6.663338368695893,
2015-12-29,True,2015-10-01,192.13,207.4,7.947743715192845,14.305938687347123,135.4385533076742,142.50295121129446,-4.957369544680946,
2015-12-30,True,2015-10-01,192.13,205.93,7.182636756362881,12.928746161453187,133.80674864839568,142.50295121129446,-6.102471906006068,
2015-12-31,True,2015-10-01,192.13,203.87,6.110446052152185,10.998802893873934,131.5200019830122,142.50295121129446,-7.7071731742575755,
2016-01-04,True,2015-10-01,192.13,201.0192,4.626659032946456,8.327986259303621,128.35541101520877,142.50295121129446,-9.927892774030056,
2016-01-05,True,2015-10-01,192.13,201.36,4.8040389319731425,8.647270077551656,128.73372327907413,142.50295121129446,-9.66241598169022,
2016-01-06,True,2015-10-01,192.13,198.82,3.482017384062863,6.267631291313154,125.91414243923234,142.50295121129446,-11.641028225068318,
2016-01-07,True,2015-10-01,192.13,194.05,0.999323374798311,1.7987820746369598,120.61910283055315,142.50295121129446,-15.356768540388554,
2016-01-08,True,2015-10-01,192.13,191.923,-0.10773955134544266,-0.1939311924217968,118.2579813949849,142.50295121129446,-17.013661548918122,RAW_DECISION
2016-01-11,False,,,192.11,,,118.2579813949849,142.50295121129446,-17.013661548918122,
2016-01-12,False,,,193.6608,,,118.2579813949849,142.50295121129446,-17.013661548918122,
2016-01-13,False,,,188.83,,,118.2579813949849,142.50295121129446,-17.013661548918122,
2016-01-14,False,,,191.88,,,118.2579813949849,142.50295121129446,-17.013661548918122,
2016-01-15,False,,,187.81,,,118.2579813949849,142.50295121129446,-17.013661548918122,
2016-01-19,False,,,188.06,,,118.2579813949849,142.50295121129446,-17.013661548918122,
2016-01-20,False,,,185.65,,,118.2579813949849,142.50295121129446,-17.013661548918122,
2016-01-21,False,,,186.69,,,118.2579813949849,142.50295121129446,-17.013661548918122,
2016-01-22,False,,,190.52,,,118.2579813949849,142.50295121129446,-17.013661548918122,
2016-01-25,False,,,187.64,,,118.2579813949849,142.50295121129446,-17.013661548918122,
2016-01-26,False,,,190.2,,,118.2579813949849,142.50295121129446,-17.013661548918122,
2016-01-27,False,,,188.13,,,118.2579813949849,142.50295121129446,-17.013661548918122,
2016-01-28,False,,,189.11,,,118.2579813949849,142.50295121129446,-17.013661548918122,
2016-01-29,False,,,193.7208,,,118.2579813949849,142.50295121129446,-17.013661548918122,
2016-02-01,True,2016-02-01,193.65,193.65,0.0,0.0,118.2579813949849,142.50295121129446,-17.013661548918122,
2016-02-02,True,2016-02-01,193.65,190.16,-1.8022205009036951,-3.243996901626651,114.42169614260536,142.50295121129446,-19.705735797044632,
2016-02-03,True,2016-02-01,193.65,191.3,-1.2135295636457544,-2.184353214562358,115.67480937690698,142.50295121129446,-18.82637630052194,
2016-02-04,True,2016-02-01,193.65,191.6,-1.0586108959462992,-1.9054996127033386,116.00457601751266,142.50295121129446,-18.59496590670018,
2016-02-05,True,2016-02-01,193.65,187.95,-2.9434546862897037,-5.298218435321467,111.99241522347677,142.50295121129446,-21.410459031531616,
2016-02-08,True,2016-02-01,193.65,185.42,-4.249935450555132,-7.6498838109992375,109.21138322103546,142.50295121129446,-23.362020019428474,
2016-02-09,True,2016-02-01,193.65,185.43,-4.244771494965138,-7.640588690937249,109.22237544238901,142.50295121129446,-23.35430633963439,
2016-02-10,True,2016-02-01,193.65,185.27,-4.327394784404848,-7.789310611928726,109.04649990073264,142.50295121129446,-23.47772521633933,
2016-02-11,True,2016-02-01,193.65,182.86,-5.571908081590493,-10.029434546862888,106.39737455453358,142.50295121129446,-25.336722046707493,
2016-02-12,True,2016-02-01,193.65,186.63,-3.6250968241673176,-6.525174283501172,110.54144200481174,142.50295121129446,-22.42866476434736,
2016-02-16,True,2016-02-01,193.65,189.78,-1.998450813323005,-3.597211463981409,114.0039917311715,142.50295121129446,-19.99885562921886,RAW_DECISION
2016-02-17,False,,,192.88,,,114.0039917311715,142.50295121129446,-19.99885562921886,
2016-02-18,False,,,192.09,,,114.0039917311715,142.50295121129446,-19.99885562921886,
2016-02-19,False,,,192.0,,,114.0039917311715,142.50295121129446,-19.99885562921886,
2016-02-22,False,,,194.78,,,114.0039917311715,142.50295121129446,-19.99885562921886,
2016-02-23,False,,,192.32,,,114.0039917311715,142.50295121129446,-19.99885562921886,
2016-02-24,False,,,193.2,,,114.0039917311715,142.50295121129446,-19.99885562921886,
2016-02-25,False,,,195.54,,,114.0039917311715,142.50295121129446,-19.99885562921886,
2016-02-26,False,,,195.0892,,,114.0039917311715,142.50295121129446,-19.99885562921886,
2016-02-29,False,,,193.56,,,114.0039917311715,142.50295121129446,-19.99885562921886,
2016-03-01,True,2016-03-01,198.11,198.11,0.0,0.0,114.0039917311715,142.50295121129446,-19.99885562921886,
2016-03-02,True,2016-03-01,198.11,199.0,0.449245368734541,0.8086416637221738,114.92587550661612,142.50295121129446,-19.351933044382196,
2016-03-03,True,2016-03-01,198.11,199.775,0.8404421785876526,1.5127959214577746,115.72863946837971,142.50295121129446,-18.78860158005814,
2016-03-04,True,2016-03-01,198.11,200.43,1.1710665791731856,2.107919842511734,116.40710449412829,142.50295121129446,-18.312495632790704,
2016-03-07,True,2016-03-01,198.11,200.59,1.251829791529957,2.2532936247539226,116.57283640881498,142.50295121129446,-18.19619494338186,
2016-03-08,True,2016-03-01,198.11,198.4,0.1463833223966482,0.26348998031396675,114.30438082654109,142.50295121129446,-19.78806062966534,
2016-03-09,True,2016-03-01,198.11,199.38,0.6410579980818731,1.1539043965473716,115.31948880399698,142.50295121129446,-19.07571890703621,
2016-03-10,True,2016-03-01,198.11,199.54,0.7218212104386446,1.2992781787895602,115.48522071868366,142.50295121129446,-18.959418217627366,
2016-03-11,True,2016-03-01,198.11,202.76,2.3471808591186694,4.224925546413605,118.82057550175301,142.50295121129446,-16.618866843274493,
2016-03-14,True,2016-03-01,198.11,202.5,2.215940639038916,3.9886931502700484,118.55126114038715,142.50295121129446,-16.807855463563868,
2016-03-15,True,2016-03-01,198.11,202.17,2.0493665135530525,3.6888597243954946,118.20943906634585,142.50295121129446,-17.04772563546961,
2016-03-16,True,2016-03-01,198.11,203.34,2.6399475039119658,4.751905507041538,119.42135369249222,142.50295121129446,-16.19727684416745,
2016-03-17,True,2016-03-01,198.11,204.63,3.2911009035384353,5.923981626369184,120.75756725465354,142.50295121129446,-15.259602535808703,
2016-03-18,True,2016-03-01,198.11,204.38,3.16490838423098,5.696835091615764,120.4986111379556,142.50295121129446,-15.441322363010013,
2016-03-21,True,2016-03-01,198.11,204.67,3.311291706627628,5.960325071929731,120.79900023332522,142.50295121129446,-15.230527363456481,
2016-03-22,True,2016-03-01,198.11,204.56,3.255766998132348,5.860380596638226,120.68505954197812,142.50295121129446,-15.310484087425058,
2016-03-23,True,2016-03-01,198.11,203.2092,2.5739235778103,4.63306244005854,119.28586785223585,142.50295121129446,-16.292352657759178,
2016-03-24,True,2016-03-01,198.11,203.12,2.528898086921405,4.552016556458529,119.19347230979804,142.50295121129446,-16.357190292104605,
2016-03-28,True,2016-03-01,198.11,203.24,2.5894704961889836,4.6610468931401705,119.31777124581305,142.50295121129446,-16.269964775047974,
2016-03-29,True,2016-03-01,198.11,205.1208,3.538842057442837,6.3699157033971066,121.26594990295493,142.50295121129446,-14.902850171047078,
2016-03-30,True,2016-03-01,198.11,206.02,3.992731310887887,7.186916359598197,122.19736326349404,142.50295121129446,-14.24924029656941,
2016-03-31,True,2016-03-01,198.11,205.52,3.7403462722729763,6.732623290091357,121.67945103009818,142.50295121129446,-14.61267995097203,
2016-04-01,True,2016-03-01,198.11,206.92,4.447024380394726,8.004643884710507,123.1296052836066,142.50295121129446,-13.595048918644693,
2016-04-04,True,2016-03-01,198.11,206.25,4.108828428650746,7.395891171571343,122.43560289085612,142.50295121129446,-14.082058055544222,
2016-04-05,True,2016-03-01,198.11,204.1892,3.0685982534955247,5.5234768562919445,120.30097582969175,142.50295121129446,-15.58001093513004,
2016-04-06,True,2016-03-01,198.11,206.42,4.194639341779816,7.550350815203668,122.61169305021073,142.50295121129446,-13.958488573047312,
2016-04-07,True,2016-03-01,198.11,203.95,2.947857251022157,5.306143051839882,120.05320661723516,142.50295121129446,-15.753880465796266,
2016-04-08,True,2016-03-01,198.11,204.4992,3.2250769774367694,5.805138559386185,120.62208141439716,142.50295121129446,-15.35467834940044,
2016-04-11,True,2016-03-01,198.11,204.0201,2.9832416334359735,5.369834940184752,120.12581791235728,142.50295121129446,-15.702926226249003,
2016-04-12,True,2016-03-01,198.11,205.92,3.942254303164905,7.096057745696829,122.09378081681487,142.50295121129446,-14.32192822744993,
2016-04-13,True,2016-03-01,198.11,208.0008,4.9925798798647225,8.9866437837565,124.2491243673151,142.50295121129446,-12.809437761687981,
2016-04-14,True,2016-03-01,198.11,208.01,4.9972237645752315,8.995002776235417,124.25865395240956,142.50295121129446,-12.802750472046998,
2016-04-15,True,2016-03-01,198.11,207.78,4.881126646812373,8.78602796426227,124.02041432504747,142.50295121129446,-12.969932713072197,
2016-04-18,True,2016-03-01,198.11,209.2392,5.617687143506123,10.11183685831102,125.53188938698996,142.50295121129446,-11.909270425663587,
2016-04-19,True,2016-03-01,198.11,209.9,5.951239210539594,10.712230578971269,126.21636219464591,142.50295121129446,-11.428948578405096,
2016-04-20,True,2016-03-01,198.11,210.1,6.052193225985558,10.893947806774005,126.42352708800426,142.50295121129446,-11.283572716644041,
2016-04-21,True,2016-03-01,198.11,208.97,5.48180303871586,9.867245469688548,125.25304544052963,142.50295121129446,-12.104946335593947,
2016-04-22,True,2016-03-01,198.11,208.97,5.48180303871586,9.867245469688548,125.25304544052963,142.50295121129446,-12.104946335593947,
2016-04-25,True,2016-03-01,198.11,208.61,5.300085810913124,9.540154459643624,124.8801486324846,142.50295121129446,-12.366622886763846,
2016-04-26,True,2016-03-01,198.11,208.9192,5.45616071879258,9.821089293826644,125.20042555761658,142.50295121129446,-12.141871804481275,
2016-04-27,True,2016-03-01,198.11,209.35,5.673615668063192,10.212508202513746,125.64665873791047,142.50295121129446,-11.828732198247971,
2016-04-28,True,2016-03-01,198.11,207.4475,4.713290596133457,8.483923073040224,123.67600268983922,142.50295121129446,-13.211620083249931,
2016-04-29,True,2016-03-01,198.11,206.3308,4.149613850890921,7.4693049316036575,122.5192975077729,142.50295121129446,-14.02332620739275,
2016-05-02,True,2016-03-01,198.11,207.97,4.977032961486039,8.95865933067487,124.21722097373791,142.50295121129446,-12.831825644399187,
2016-05-03,True,2016-03-01,198.11,206.1592,4.062995305638273,7.313391550148891,122.34155002927143,142.50295121129446,-14.148058696783739,
2016-05-04,True,2016-03-01,198.11,205.01,3.4829135328857674,6.269244359194381,121.15118055203439,142.50295121129446,-14.983388398462704,
2016-05-05,True,2016-03-01,198.11,204.97,3.4627227297965746,6.232900913633834,121.10974757336274,142.50295121129446,-15.012463570814905,
2016-05-06,True,2016-03-01,198.11,205.72,3.8413002877189406,6.914340517894093,121.88661592345653,142.50295121129446,-14.467304089210975,
2016-05-09,True,2016-03-01,198.11,205.8892,3.926707384786221,7.068073292615198,122.06187742323768,142.50295121129446,-14.344316110161138,
2016-05-10,True,2016-03-01,198.11,208.45,5.219322598556353,9.394780677401435,124.71441671779792,142.50295121129446,-12.482923576172688,
2016-05-11,True,2016-03-01,198.11,206.5,4.235020947958201,7.623037706324762,122.69455900755405,142.50295121129446,-13.900338228342912,
2016-05-12,True,2016-03-01,198.11,206.56,4.265307152591991,7.677552874665583,122.75670847556157,142.50295121129446,-13.85672546981459,
2016-05-13,True,2016-03-01,198.11,204.76,3.356721013578312,6.042097824440962,120.89222443533646,142.50295121129446,-15.165108225664014,
2016-05-16,True,2016-03-01,198.11,206.78,4.376356569582551,7.877441825248592,122.98458985825575,142.50295121129446,-13.696812021877436,
2016-05-17,True,2016-03-01,198.11,204.8508,3.402554136590763,6.124597445863373,120.98627729692112,142.50295121129446,-15.09910758442452,
2016-05-18,True,2016-03-01,198.11,204.91,3.4324365251627853,6.1783857452930135,121.04759810535522,142.50295121129446,-15.056076329343227,
2016-05-19,True,2016-03-01,198.11,204.2,3.074049770329612,5.533289586593302,120.31216273393309,142.50295121129446,-15.572160638594957,
2016-05-20,True,2016-03-01,198.11,205.49,3.7252031699560817,6.705365705920947,121.64837629609443,142.50295121129446,-14.634486330236186,
2016-05-23,True,2016-03-01,198.11,205.21,3.5838675483317317,6.450961586997117,121.35834544539274,142.50295121129446,-14.838012536701651,
2016-05-24,True,2016-03-01,198.11,207.87,4.9265559537630566,8.867800716773502,124.11363852705874,142.50295121129446,-12.904513575279708,
2016-05-25,True,2016-03-01,198.11,209.28,5.638281762657105,10.148907172782788,125.57415102523505,142.50295121129446,-11.879613749864337,
2016-05-26,True,2016-03-01,198.11,209.34,5.668567967290894,10.20342234112361,125.63630049324257,142.50295121129446,-11.836000991336014,
2016-05-27,True,2016-03-01,198.11,210.24,6.122861036797733,11.02114986623592,126.56854251335511,142.50295121129446,-11.181809613411309,
2016-05-31,True,2016-03-01,198.11,209.84,5.920953005905805,10.657715410630448,126.15421272663843,142.50295121129446,-11.472561336933396,
2016-06-01,True,2016-03-01,198.11,210.27,6.138004139114628,11.04840745040633,126.59961724735888,142.50295121129446,-11.160003234147142,
2016-06-02,True,2016-03-01,198.11,210.91,6.4610569885417135,11.629902579375084,127.26254490610556,142.50295121129446,-10.694800476511801,
2016-06-03,True,2016-03-01,198.11,210.28,6.143051839886926,11.057493311796467,126.60997549202678,142.50295121129446,-11.152734441059097,
2016-06-06,True,2016-03-01,198.11,211.35,6.683155822522835,12.029680480541103,127.71830767149392,142.50295121129446,-10.374973580637493,
2016-06-07,True,2016-03-01,198.11,211.68,6.849729948008676,12.329513906415617,128.0601297455352,142.50295121129446,-10.13510340873176,
2016-06-08,True,2016-03-01,198.11,212.37,7.198021301297253,12.956438342335055,128.7748486276215,142.50295121129446,-9.633556685656131,
2016-06-09,True,2016-03-01,198.11,212.08,7.0516379789006045,12.692948362021088,128.47445953225187,142.50295121129446,-9.844351685209674,
2016-06-10,True,2016-03-01,198.11,210.07,6.037050123668664,10.866690222603594,126.39245235400053,142.50295121129446,-11.305379095908197,
2016-06-13,True,2016-03-01,198.11,208.4492,5.218918782494564,9.394053808490215,124.71358805822447,142.50295121129446,-12.48350507961974,
2016-06-14,True,2016-03-01,198.11,208.04,5.012366866892126,9.022260360405827,124.28972868641333,142.50295121129446,-12.780944092782832,
2016-06-15,True,2016-03-01,198.11,207.75,4.865983544495478,8.75877038009186,123.9893395910437,142.50295121129446,-12.991739092336363,
2016-06-16,True,2016-03-01,198.11,208.37,5.178940992377967,9.322093786280341,124.6315507604546,142.50295121129446,-12.54107392087709,
2016-06-17,True,2016-03-01,198.11,206.52,4.245116349502798,7.641209429105036,122.7152754968899,142.50295121129446,-13.88580064216679,
2016-06-20,True,2016-03-01,198.11,207.85,4.91646055221846,8.849628993993228,124.09292203772289,142.50295121129446,-12.91905116145583,
2016-06-21,True,2016-03-01,198.11,208.44,5.214274897784055,9.385694816011299,124.70405847313002,142.50295121129446,-12.490192369260733,
2016-06-22,True,2016-03-01,198.11,208.1,5.0426530715259155,9.076775528746648,124.35187815442082,142.50295121129446,-12.73733133425452,
2016-06-23,True,2016-03-01,198.11,210.81,6.410579980818731,11.539043965473716,127.15896245942639,142.50295121129446,-10.767488407392323,
2016-06-24,True,2016-03-01,198.11,203.13,2.5339457876937033,4.561102417848666,119.20383055446595,142.50295121129446,-16.349921499016553,
2016-06-27,True,2016-03-01,198.11,199.6,0.7521074150724338,1.353793347130381,115.54737018669115,142.50295121129446,-18.915805459099055,
2016-06-28,True,2016-03-01,198.11,203.1997,2.5691282620766254,4.624430871737926,119.27602751980133,142.50295121129446,-16.29925801119283,
2016-06-29,True,2016-03-01,198.11,206.66,4.315784160314973,7.768411488566951,122.86029092224074,142.50295121129446,-13.784037538934069,
2016-06-30,True,2016-03-01,198.11,209.475,5.73671192771692,10.326081469890456,125.77613679625944,142.50295121129446,-11.737872284647322,
2016-07-01,True,2016-03-01,198.11,209.9208,5.9617384281459795,10.731129170662763,126.23790734355521,142.50295121129446,-11.413829488781923,
2016-07-05,True,2016-03-01,198.11,208.41,5.19913179546716,9.358437231840888,124.67298373912625,142.50295121129446,-12.5119987485249,
2016-07-06,True,2016-03-01,198.11,209.66,5.830094392004437,10.494169905607986,125.9677643226159,142.50295121129446,-11.60339961251835,
2016-07-07,True,2016-03-01,198.11,209.526,5.762455201655636,10.372419362980146,125.82896384406581,142.50295121129446,-11.700801439898257,
2016-07-08,True,2016-03-01,198.11,212.65,7.339356922921603,13.210842461258885,129.06487947832315,142.50295121129446,-9.430030479190687,
2016-07-11,True,2016-03-01,198.11,213.4,7.717934480843969,13.892282065519144,129.84174782841694,142.50295121129446,-8.884870997586757,
2016-07-12,True,2016-03-01,198.11,214.95,8.500328100550192,15.300590580990345,131.44727575194412,142.50295121129446,-7.758208068938643,
2016-07-13,True,2016-03-01,198.11,214.92,8.485184998233297,15.273332996819935,131.41620101794038,142.50295121129446,-7.780014448202788,
2016-07-14,True,2016-03-01,198.11,216.12,9.090909090909083,16.36363636363635,132.65919037809047,142.50295121129446,-6.907759277636483,
2016-07-15,True,2016-03-01,198.11,215.83,8.944525768512435,16.100146383322382,132.35880128272083,142.50295121129446,-7.118554277190037,
2016-07-18,True,2016-03-01,198.11,216.4092,9.236888597243942,16.626399475039097,132.9587508138866,142.50295121129446,-6.697545781530034,
2016-07-19,True,2016-03-01,198.11,216.19,9.12624299631517,16.427237393367307,132.7316980907659,142.50295121129446,-6.856877726020116,
2016-07-20,True,2016-03-01,198.11,217.085,9.57801221543586,17.24042198778455,133.65876098854446,142.50295121129446,-6.206320744639449,
2016-07-21,True,2016-03-01,198.11,216.265,9.164100752107407,16.495381353793334,132.80938492577525,142.50295121129446,-6.802361777859744,
2016-07-22,True,2016-03-01,198.11,217.24,9.656251577406483,17.38125283933167,133.81931378089718,142.50295121129446,-6.093654451774633,
2016-07-25,True,2016-03-01,198.11,216.65,9.358437231840888,16.8451870173136,133.20817734549004,142.50295121129446,-6.52251324396974,
2016-07-26,True,2016-03-01,198.11,216.75,9.40891423956387,16.936045631214967,133.31175979216923,142.50295121129446,-6.4498253130892085,
2016-07-27,True,2016-03-01,198.11,216.52,9.292817121801011,16.72707081924182,133.07352016480715,142.50295121129446,-6.617007554114396,
2016-07-28,True,2016-03-01,198.11,216.77,9.419009641108467,16.95421735399524,133.33247628150508,142.50295121129446,-6.435287726913086,
2016-07-29,True,2016-03-01,198.11,217.12,9.595679168138904,17.272222502650028,133.6950148448822,142.50295121129446,-6.180879968831244,
2016-08-01,True,2016-03-01,198.11,216.94,9.504820554237536,17.108676997627565,133.50856644085968,142.50295121129446,-6.311718244416187,
2016-08-02,True,2016-03-01,198.11,215.5492,8.802786330826319,15.845015395487374,132.06794177244578,142.50295121129446,-7.322661987102497,
2016-08-03,True,2016-03-01,198.11,216.18,9.121195295542872,16.41815153197717,132.72133984609795,142.50295121129446,-6.8641465191081945,
2016-08-04,True,2016-03-01,198.11,216.4097,9.237140982282565,16.626853768108617,132.95926872612003,142.50295121129446,-6.697182341875607,
2016-08-05,True,2016-03-01,198.11,218.18,10.130735450002515,18.235323810004527,134.7929887796814,142.50295121129446,-5.410387901497716,
2016-08-08,True,2016-03-01,198.11,218.05,10.065115339962638,18.11720761193275,134.65833159899847,142.50295121129446,-5.504882211642393,
2016-08-09,True,2016-03-01,198.11,218.18,10.130735450002515,18.235323810004527,134.7929887796814,142.50295121129446,-5.410387901497716,
2016-08-10,True,2016-03-01,198.11,217.64,9.858159608298411,17.74468729493714,134.23364356761388,142.50295121129446,-5.802902728252535,
2016-08-11,True,2016-03-01,198.11,218.65,10.367977386300531,18.662359295340956,135.27982627907352,142.50295121129446,-5.06875462635924,
2016-08-12,True,2016-03-01,198.11,218.46,10.272071071626865,18.489727928928357,135.0830196303831,142.50295121129446,-5.206861695032239,
2016-08-15,True,2016-03-01,198.11,219.09,10.590076220281652,19.062137196506974,135.73558904446188,142.50295121129446,-4.748927730484942,
2016-08-16,True,2016-03-01,198.11,217.96,10.019686033011954,18.035434859421517,134.56510739698723,142.50295121129446,-5.5703013494348586,
2016-08-17,True,2016-03-01,198.11,218.37,10.226641764676181,18.407955176417126,134.98979542837185,142.50295121129446,-5.272280832824694,
2016-08-18,True,2016-03-01,198.11,218.86,10.473979102518793,18.853162384533828,135.49734941709977,142.50295121129446,-4.916109971510152,
2016-08-19,True,2016-03-01,198.11,218.54,10.31245267780525,18.56241482004945,135.16588558772642,142.50295121129446,-5.148711350327828,
2016-08-22,True,2016-03-01,198.11,218.53,10.307404977032952,18.553328958659314,135.1555273430585,142.50295121129446,-5.1559801434158725,
2016-08-23,True,2016-03-01,198.11,218.97,10.529503811014074,18.953106859825333,135.61129010844687,142.50295121129446,-4.836153247541564,
2016-08-24,True,2016-03-01,198.11,217.85,9.964161324516674,17.935490384130013,134.45116670564013,142.50295121129446,-5.650258073403435,
2016-08-25,True,2016-03-01,198.11,217.7,9.8884458129322,17.79920246327796,134.29579303562136,142.50295121129446,-5.759289969724235,
2016-08-26,True,2016-03-01,198.11,217.29,9.681490081267974,17.426682146282353,133.87110500423677,142.50295121129446,-6.057310486334366,
2016-08-29,True,2016-03-01,198.11,218.3608,10.221997879965672,18.39959618393821,134.98026584327735,142.50295121129446,-5.278968122465722,
2016-08-30,True,2016-03-01,198.11,218.0,10.039876836101147,18.071778304982065,134.60654037565888,142.50295121129446,-5.541226177082659,
2016-08-31,True,2016-03-01,198.11,217.38,9.726919388218658,17.508454898793584,133.964329206248,142.50295121129446,-5.991891348541911,
2016-09-01,True,2016-03-01,198.11,217.39,9.731967088990956,17.51754076018372,133.97468745091595,142.50295121129446,-5.984622555453834,
2016-09-02,True,2016-03-01,198.11,218.37,10.226641764676181,18.407955176417126,134.98979542837185,142.50295121129446,-5.272280832824694,
2016-09-06,True,2016-03-01,198.11,219.0308,10.560193831709652,19.008348897077376,135.6742682360278,142.50295121129446,-4.791958985566202,
2016-09-07,True,2016-03-01,198.11,219.01,10.549694614103267,18.98945030538588,135.65272308711855,142.50295121129446,-4.807078075189352,
2016-09-08,True,2016-03-01,198.11,218.51,10.297309575488356,18.53515723587904,135.13481085372268,142.50295121129446,-5.170517729591973,
2016-09-09,True,2016-03-01,198.11,213.28,7.65736207157639,13.783251728837502,129.71744889240196,142.50295121129446,-8.972096514643368,
2016-09-12,True,2016-03-01,198.11,216.34,9.201958507899644,16.56352531421936,132.88707176078464,142.50295121129446,-6.747845829699339,
2016-09-13,True,2016-03-01,198.11,213.23,7.632123567714899,13.737822421886818,129.66565766906237,142.50295121129446,-9.008440480083635,
2016-09-14,True,2016-03-01,198.11,213.15,7.591741961536513,13.665135530765724,129.582791711719,142.50295121129446,-9.066590824788069,
2016-09-15,True,2016-03-01,198.11,215.28,8.666902226036033,15.60042400686486,131.7890978259854,142.50295121129446,-7.5183378970329,
2016-09-16,True,2016-03-01,198.11,213.37,7.702791378527074,13.865024481348733,129.81067309441323,142.50295121129446,-8.90667737685089,
2016-09-19,True,2016-03-01,198.11,213.41,7.722982181616267,13.90136792690928,129.85210607308488,142.50295121129446,-8.877602204498691,
2016-09-20,True,2016-03-01,198.11,213.42,7.728029882388565,13.910453788299417,129.8624643177528,142.50295121129446,-8.870333411410646,
2016-09-21,True,2016-03-01,198.11,215.82,8.939478067740136,16.091060521932246,132.34844303805295,142.50295121129446,-7.125823070278059,
2016-09-22,True,2016-03-01,198.11,217.18,9.625965372772693,17.32673767099085,133.75716431288967,142.50295121129446,-6.137267210302955,
2016-09-23,True,2016-03-01,198.11,215.99,9.025288980869206,16.24552016556457,132.52453319740752,142.50295121129446,-7.002253587781182,
2016-09-26,True,2016-03-01,198.11,214.24,8.141941345717019,14.655494422290634,130.711840380522,142.50295121129446,-8.274292378190351,
2016-09-27,True,2016-03-01,198.11,215.57,8.813285548432681,15.863913987178826,132.08948692135502,142.50295121129446,-7.307542897479369,
2016-09-28,True,2016-03-01,198.11,216.64,9.35338953106859,16.836101155923462,133.19781910082216,142.50295121129446,-6.529782037057763,
2016-09-29,True,2016-03-01,198.11,214.68,8.36404017969814,15.055272323456652,131.16760314591036,142.50295121129446,-7.954465482316053,
2016-09-30,True,2016-03-01,198.11,216.3,9.18176770481045,16.52718186865881,132.84563878211296,142.50295121129446,-6.776921002051561,
2016-10-03,True,2016-03-01,198.11,215.78,8.919287264650944,16.0547170763717,132.30701005938127,142.50295121129446,-7.154898242630281,
2016-10-04,True,2016-03-01,198.11,214.68,8.36404017969814,15.055272323456652,131.16760314591036,142.50295121129446,-7.954465482316053,
2016-10-05,True,2016-03-01,198.11,215.63,8.84357175306647,15.918429155519647,132.1516363893625,142.50295121129446,-7.26393013895108,
2016-10-06,True,2016-03-01,198.11,215.78,8.919287264650944,16.0547170763717,132.30701005938127,142.50295121129446,-7.154898242630281,
2016-10-07,True,2016-03-01,198.11,215.04,8.545757407500876,15.382363333501576,131.5404999539554,142.50295121129446,-7.692788931146155,
2016-10-10,True,2016-03-01,198.11,216.16,9.111099893998276,16.399979809196896,132.70062335676212,142.50295121129446,-6.878684105284294,
2016-10-11,True,2016-03-01,198.11,213.43,7.733077583160863,13.919539649689554,129.8728225624207,142.50295121129446,-8.863064618322591,
2016-10-12,True,2016-03-01,198.11,213.71,7.874413204785213,14.173943768613384,130.1628534131224,142.50295121129446,-8.659538411857115,
2016-10-13,True,2016-03-01,198.11,213.01,7.521074150724338,13.537933471303809,129.43777628636818,142.50295121129446,-9.1683539280208,
2016-10-14,True,2016-03-01,198.11,213.12,7.576598859219619,13.637877946595314,129.5517169777153,142.50295121129446,-9.088397204052201,
2016-10-17,True,2016-03-01,198.11,212.38,7.203069002069551,12.965524203725192,128.7852068722894,142.50295121129446,-9.626287892568097,
2016-10-18,True,2016-03-01,198.11,213.71,7.874413204785213,14.173943768613384,130.1628534131224,142.50295121129446,-8.659538411857115,
2016-10-19,True,2016-03-01,198.11,214.28,8.162132148806212,14.69183786785118,130.75327335919368,142.50295121129446,-8.24521720583814,
2016-10-20,True,2016-03-01,198.11,213.88,7.960224117914283,14.32840341224571,130.33894357247698,142.50295121129446,-8.535968929360237,
2016-10-21,True,2016-03-01,198.11,213.98,8.010701125637265,14.419262026147077,130.44252601915616,142.50295121129446,-8.463280998479705,
2016-10-24,True,2016-03-01,198.11,214.89,8.470041895916403,15.246075412649525,131.38512628393664,142.50295121129446,-7.801820827466932,
2016-10-25,True,2016-03-01,198.11,214.17,8.106607440310931,14.591893392559676,130.6393326678466,142.50295121129446,-8.325173929806716,
2016-10-26,True,2016-03-01,198.11,213.74,7.889556307102108,14.201201352783794,130.19392814712614,142.50295121129446,-8.637732032592972,
2016-10-27,True,2016-03-01,198.11,213.17,7.60183736308111,13.683307253545998,129.60350820105486,142.50295121129446,-9.052053238611958,
2016-10-28,True,2016-03-01,198.11,212.54,7.283832214426322,13.11089798596738,128.95093878697608,142.50295121129446,-9.509987203159254,
2016-10-31,True,2016-03-01,198.11,212.55,7.2888799151986206,13.119983847357517,128.961297031644,142.50295121129446,-9.502718410071209,
2016-11-01,True,2016-03-01,198.11,211.01,6.511533996264696,11.720761193276452,127.36612735278474,142.50295121129446,-10.622112545631268,
2016-11-02,True,2016-03-01,198.11,209.74,5.8704759981828225,10.56685679672908,126.05063027995925,142.50295121129446,-11.54524926781393,
2016-11-03,True,2016-03-01,198.11,208.78,5.385896724042194,9.69461410327595,125.05623879183919,142.50295121129446,-12.243053404266957,
2016-11-04,True,2016-03-01,198.11,208.55,5.269799606279335,9.485639291302803,124.81799916447709,142.50295121129446,-12.410235645292166,
2016-11-07,True,2016-03-01,198.11,213.15,7.591741961536513,13.665135530765724,129.582791711719,142.50295121129446,-9.066590824788069,
2016-11-08,True,2016-03-01,198.11,214.11,8.076321235677142,14.537378224218855,130.57718319983908,142.50295121129446,-8.368786688335028,
2016-11-09,True,2016-03-01,198.11,216.3792,9.221745494927047,16.599141890868687,132.92767607988284,142.50295121129446,-6.719352160794201,
2016-11-10,True,2016-03-01,198.11,216.92,9.49472515269294,17.090505274847292,133.48784995152383,142.50295121129446,-6.326255830592309,
2016-11-11,True,2016-03-01,198.11,216.42,9.24234011407803,16.636212205340453,132.96993771812797,142.50295121129446,-6.689695484994928,
2016-11-14,True,2016-03-01,198.11,216.59,9.328151027207099,16.790671848972778,133.14602787748257,142.50295121129446,-6.566126002498029,
2016-11-15,True,2016-03-01,198.11,218.28,10.181212457725497,18.326182423905895,134.89657122636058,142.50295121129446,-5.337699970617182,
2016-11-16,True,2016-03-01,198.11,217.87,9.97425672606127,17.953662106910286,134.471883194976,142.50295121129446,-5.635720487227314,
2016-11-17,True,2016-03-01,198.11,218.99,10.53959921255867,18.971278582605606,135.6320065977827,142.50295121129446,-4.821615661365475,
2016-11-18,True,2016-03-01,198.11,218.5,10.292261874716058,18.526071374488904,135.12445260905474,142.50295121129446,-5.177786522680039,
2016-11-21,True,2016-03-01,198.11,220.15,11.125132502145263,20.025238503861473,136.8335629792611,142.50295121129446,-3.9784356631513806,
2016-11-22,True,2016-03-01,198.11,220.58,11.342183635354086,20.415930543637355,137.27896749998155,142.50295121129446,-3.6658775603651272,
2016-11-23,True,2016-03-01,198.11,220.7,11.402756044621665,20.524960880318996,137.40326643599653,142.50295121129446,-3.5786520433085167,
2016-11-25,True,2016-03-01,198.11,221.52,11.816667507950118,21.270001514310213,138.25264249876577,142.50295121129446,-2.9826110100882097,
2016-11-28,True,2016-03-01,198.11,220.48,11.291706627631104,20.325071929735987,137.17538505330236,142.50295121129446,-3.73856549124566,
2016-11-29,True,2016-03-01,198.11,220.91,11.508757760839927,20.71576396951187,137.6207895740228,142.50295121129446,-3.4260073884594067,
2016-11-30,True,2016-03-01,198.11,220.38,11.241229619908122,20.23421331583462,137.07180260662318,142.50295121129446,-3.811253422126193,
2016-12-01,True,2016-03-01,198.11,219.57,10.832365857351967,19.49825854323354,136.2327847885219,142.50295121129446,-4.400025662258411,
2016-12-02,True,2016-03-01,198.11,219.68,10.887890565847247,19.598203018525044,136.34672547986898,142.50295121129446,-4.320068938289856,
2016-12-05,True,2016-03-01,198.11,221.0,11.554187067790611,20.7975367220231,137.71401377603405,142.50295121129446,-3.3605882506669404,
2016-12-06,True,2016-03-01,198.11,221.7,11.907526121851486,21.433547019332675,138.43909090278825,142.50295121129446,-2.8517727345032773,
2016-12-07,True,2016-03-01,198.11,224.6,13.371359345817968,24.068446822472342,141.44298185648427,142.50295121129446,-0.7438227389680807,
2016-12-08,True,2016-03-01,198.11,225.15,13.64898288829437,24.568169198929866,142.01268531321972,142.50295121129446,-0.3440391191251946,
2016-12-09,True,2016-03-01,198.11,226.51,14.335470193326927,25.80384634798847,143.42140658805647,143.42140658805647,0.0,
2016-12-12,True,2016-03-01,198.11,226.25,14.204229973247173,25.567613951844912,143.1520922266906,143.42140658805647,-0.18777835734062887,
2016-12-13,True,2016-03-01,198.11,227.76,14.966432789864204,26.939579021755566,144.71618717154612,144.71618717154612,0.0,
2016-12-14,True,2016-03-01,198.11,225.88,14.01746504467214,25.23143708040985,142.7688371739777,144.71618717154612,-1.3456338476220742,
2016-12-15,True,2016-03-01,198.11,226.81,14.486901216495873,26.076422189692572,143.732153928094,144.71618717154612,-0.6799745506600896,
2016-12-16,True,2016-03-01,198.11,225.04,13.59345817979909,24.46822472363836,141.89874462187262,144.71618717154612,-1.946874502942586,
2016-12-19,True,2016-03-01,198.11,225.53,13.840795517641702,24.913431931755063,142.40629861060057,144.71618717154612,-1.5961507873389569,
2016-12-20,True,2016-03-01,198.11,226.4,14.279945484831646,25.703901872696964,143.30746589670937,144.71618717154612,-0.9734372514712986,
2016-12-21,True,2016-03-01,198.11,225.77,13.961940336176859,25.131492605118346,142.6548964826306,144.71618717154612,-1.424367742961663,
2016-12-22,True,2016-03-01,198.11,225.38,13.765080006057229,24.77714401090301,142.25092494058183,144.71618717154612,-1.7035151900747558,
2016-12-23,True,2016-03-01,198.11,225.71,13.93165413154307,25.076977436777526,142.5927470146231,144.71618717154612,-1.4673135040559893,
2016-12-27,True,2016-03-01,198.11,226.27,14.21432537479177,25.585785674625185,143.17280871602645,144.71618717154612,-1.0664864005089925,
2016-12-28,True,2016-03-01,198.11,224.4,13.270405330372004,23.886729594669607,141.23581696312593,144.71618717154612,-2.404962621282014,
2016-12-29,True,2016-03-01,198.11,224.35,13.245166826510513,23.841300287718923,141.18402573978634,144.71618717154612,-2.440750755527288,
2016-12-30,True,2016-03-01,198.11,223.53,12.83125536318206,23.096259653727707,140.33464967701713,144.71618717154612,-3.0276761571496724,
2017-01-03,True,2016-03-01,198.11,225.24,13.694412195245054,24.649941951441097,142.105909515231,144.71618717154612,-1.8037219659615022,
2017-01-04,True,2016-03-01,198.11,226.58,14.370804098733036,25.867447377719465,143.49391430073194,144.71618717154612,-0.8445999681882865,
2017-01-05,True,2016-03-01,198.11,226.4,14.279945484831646,25.703901872696964,143.30746589670937,144.71618717154612,-0.9734372514712986,
2017-01-06,True,2016-03-01,198.11,227.21,14.688809247387802,26.439856645298043,144.14648371481067,144.71618717154612,-0.3936694766979554,
2017-01-09,True,2016-03-01,198.11,226.46,14.310231689465436,25.758417041037784,143.36961536471688,144.71618717154612,-0.9304914903769723,
2017-01-10,True,2016-03-01,198.11,226.46,14.310231689465436,25.758417041037784,143.36961536471688,144.71618717154612,-0.9304914903769723,
2017-01-11,True,2016-03-01,198.11,227.1,14.633284538892521,26.33991217000654,144.03254302346357,144.71618717154612,-0.47240337203754423,
2017-01-12,True,2016-03-01,198.11,226.53,14.345565594871523,25.822018070768742,143.4421230773923,144.71618717154612,-0.8803881024335936,
2017-01-13,True,2016-03-01,198.11,227.05,14.60804603503103,26.294482863055855,143.98075180012398,144.71618717154612,-0.508191506282818,
2017-01-17,True,2016-03-01,198.11,226.25,14.204229973247173,25.567613951844912,143.1520922266906,144.71618717154612,-1.0808016542071086,
2017-01-18,True,2016-03-01,198.11,226.75,14.456615011862084,26.02190702135175,143.67000446008646,144.71618717154612,-0.722920311754427,
2017-01-19,True,2016-03-01,198.11,225.91,14.032608146989034,25.25869466458026,142.79991190798142,144.71618717154612,-1.3241609670749166,
2017-01-20,True,2016-03-01,198.11,226.74,14.451567311089786,26.012821159961614,143.65964621541858,144.71618717154612,-0.7300779386034573,
2017-01-23,True,2016-03-01,198.11,226.15,14.153752965524191,25.476755337943544,143.04850978001144,144.71618717154612,-1.1523779226976338,
2017-01-24,True,2016-03-01,198.11,227.6,14.885669577507432,26.794205239513378,144.55045525685944,144.71618717154612,-0.11452202958486257,
2017-01-25,True,2016-03-01,198.11,229.57,15.88006662965018,28.584119933370324,146.59102945643914,146.59102945643914,0.0,
2017-01-26,True,2016-03-01,198.11,229.33,15.758921811115044,28.36605926000708,146.34243158440918,146.59102945643914,-0.16958600601398865,
2017-01-27,True,2016-03-01,198.11,228.97,15.577204583312287,28.038968249962117,145.96953477636413,146.59102945643914,-0.4239650150350438,
2017-01-30,True,2016-03-01,198.11,227.55,14.860431073645941,26.748775932562694,144.49866403351984,146.59102945643914,-1.4273488839513626,
2017-01-31,True,2016-03-01,198.11,227.53,14.850335672101345,26.73060420978242,144.47794754418402,146.59102945643914,-1.4414810511191978,
2017-02-01,True,2016-03-01,198.11,227.62,14.895764979052029,26.81237696229365,144.5711717461953,146.59102945643914,-1.3778862988639284,
2017-02-02,True,2016-03-01,198.11,227.77,14.971480490636502,26.948664883145703,144.72654541621404,146.59102945643914,-1.2718950451051647,
2017-02-03,True,2016-03-01,198.11,229.34,15.763969511887321,28.37514512139718,146.35278982907704,146.59102945643914,-0.16251992243011548,
2017-02-06,True,2016-03-01,198.11,228.93,15.557013780223095,28.00262480440157,145.92810179769245,146.59102945643914,-0.45222934937072523,
2017-02-07,True,2016-03-01,198.11,228.94,15.562061480995393,28.011710665791707,145.93846004236036,146.59102945643914,-0.44516326578680765,
2017-02-08,True,2016-03-01,198.11,229.24,15.71349250416434,28.28428650749581,146.24920738239788,146.59102945643914,-0.2331807582692802,
2017-02-09,True,2016-03-01,198.11,230.6,16.399979809196896,29.519963656554413,147.6579286572346,147.6579286572346,0.0,
2017-02-10,True,2016-03-01,198.11,231.51,16.859320579476034,30.34677704305686,148.6005289220151,148.6005289220151,0.0,
2017-02-13,True,2016-03-01,198.11,232.77,17.49533087678563,31.491595578214135,149.9056677501727,149.9056677501727,0.0,
2017-02-14,True,2016-03-01,198.11,233.7,17.964767048609342,32.33658068749682,150.86898450428896,150.86898450428896,0.0,
2017-02-15,True,2016-03-01,198.11,234.92,18.580586542829725,33.44505577709351,152.13269035377488,152.13269035377488,0.0,
2017-02-16,True,2016-03-01,198.11,234.72,18.47963252738376,33.26333854929077,151.92552546041654,152.13269035377488,-0.1361738183138561,
2017-02-17,True,2016-03-01,198.11,235.09,18.666397455958794,33.59951542072583,152.30878051312948,152.30878051312948,0.0,
2017-02-21,True,2016-03-01,198.11,236.49,19.373075564080565,34.87153601534502,153.75893476663794,153.75893476663794,0.0,
2017-02-22,True,2016-03-01,198.11,236.28,19.26707384786228,34.68073292615211,153.5414116286116,153.75893476663794,-0.1414702425953207,
2017-02-23,True,2016-03-01,198.11,236.44,19.347837060219053,34.8261067083943,153.7071435432983,153.75893476663794,-0.033683391094152526,
2017-02-24,True,2016-03-01,198.11,236.74,19.49926808338802,35.09868255009844,154.01789088333587,154.01789088333587,0.0,
2017-02-27,True,2016-03-01,198.11,237.11,19.686033011963055,35.4348594215335,154.4011459360488,154.4011459360488,0.0,
2017-02-28,True,2016-03-01,198.11,236.47,19.362980162535948,34.853364292564706,153.73821827730205,154.4011459360488,-0.4293541053259631,
2017-03-01,True,2016-03-01,198.11,239.78,21.033769118166656,37.860784412699985,157.16679726238263,157.16679726238263,0.0,
2017-03-02,True,2016-03-01,198.11,238.27,20.271566301549647,36.48881934278937,155.60270231752722,157.16679726238263,-0.995181534585976,
2017-03-03,True,2016-03-01,198.11,238.42,20.3472818131341,36.62510726364138,155.7580759875459,157.16679726238263,-0.8963224417463445,
2017-03-06,True,2016-03-01,198.11,237.71,19.988895058300947,35.98001110494171,155.02264061612382,157.16679726238263,-1.3642554811874374,
2017-03-07,True,2016-03-01,198.11,237.0,19.630508303467753,35.33491494624196,154.28720524470165,157.16679726238263,-1.832188520628586,
2017-03-08,True,2016-03-01,198.11,236.56,19.40840946948663,34.93513704507594,153.8314424793133,157.16679726238263,-2.1221751929582866,
2017-03-09,True,2016-03-01,198.11,236.86,19.5598404926556,35.20771288678008,154.14218981935088,157.16679726238263,-1.9244570072789013,
2017-03-10,True,2016-03-01,198.11,237.69,19.97879965675633,35.96183938216139,155.00192412678794,157.16679726238263,-1.377436693566092,
2017-03-13,True,2016-03-01,198.11,237.81,20.03937206602391,36.070869718843035,155.12622306280295,157.16679726238263,-1.2983494192943534,
2017-03-14,True,2016-03-01,198.11,236.9,19.580031295744792,35.24405633234063,154.18362279802253,157.16679726238263,-1.89809458252167,
2017-03-15,True,2016-03-01,198.11,238.95,20.614809954065905,37.10665791731863,156.3070629549455,157.16679726238263,-0.5470203137128538,
2017-03-16,True,2016-03-01,198.11,238.48,20.37756801776789,36.6796224319822,155.8202254555534,157.16679726238263,-0.8567788046104807,
2017-03-17,True,2016-03-01,198.11,237.03,19.645651405784648,35.362172530412366,154.3182799787054,157.16679726238263,-1.8124167020606596,
2017-03-20,True,2016-03-01,198.11,236.77,19.514411185704915,35.12594013426885,154.04896561733963,157.16679726238263,-1.9837724629827025,
2017-03-21,True,2016-03-01,198.11,233.73,17.979910150926237,32.36383827166723,150.9000592382927,157.16679726238263,-3.9873167445334534,
2017-03-22,True,2016-03-01,198.11,234.28,18.25753369340264,32.86356064812475,151.46976269502815,157.16679726238263,-3.6248334041213193,
2017-03-23,True,2016-03-01,198.11,234.03,18.131341174095184,32.63641411337133,151.21080657833022,157.16679726238263,-3.7895985588541126,
2017-03-24,True,2016-03-01,198.11,233.86,18.045530260966135,32.481954469739044,151.0347164189757,157.16679726238263,-3.9016388640723543,
2017-03-27,True,2016-03-01,198.11,233.62,17.924385442430957,32.263893796375726,150.78611854694563,157.16679726238263,-4.059813412615865,
2017-03-28,True,2016-03-01,198.11,235.32,18.782494573721653,33.80849023269898,152.54702014049158,157.16679726238263,-2.9394103604329036,
2017-03-29,True,2016-03-01,198.11,235.54,18.893543990712214,34.00837918328199,152.77490152318575,157.16679726238263,-2.794417024268059,
2017-03-30,True,2016-03-01,198.11,236.29,19.27212154863458,34.689818787542244,153.55176987327954,157.16679726238263,-2.30012156006969,
2017-03-31,True,2016-03-01,198.11,235.74,18.9944980061582,34.19009641108476,152.98206641654414,157.16679726238263,-2.662604900481791,
2017-04-03,True,2016-03-01,198.11,235.33,18.787542274493973,33.817576094089155,152.55737838515952,157.16679726238263,-2.9328197542435763,
2017-04-04,True,2016-03-01,198.11,235.48,18.863257786078425,33.95386401494117,152.71275205517824,157.16679726238263,-2.8339606614039226,
2017-04-05,True,2016-03-01,198.11,234.78,18.50991873201755,33.31785371763159,151.987674928424,157.16679726238263,-3.295303094655744,
2017-04-06,True,2016-03-01,198.11,235.44,18.84306698298923,33.91752056938062,152.67131907650656,157.16679726238263,-2.860323086161176,
2017-04-07,True,2016-03-01,198.11,235.2,18.721922164454075,33.69945989601734,152.42272120447655,157.16679726238263,-3.0184976347046533,
2017-04-10,True,2016-03-01,198.11,235.34,18.79258997526625,33.82666195547925,152.5677366298274,157.16679726238263,-2.9262291480542824,
2017-04-11,True,2016-03-01,198.11,235.06,18.6512543536419,33.57225783655542,152.2777057791257,157.16679726238263,-3.110766121355013,
2017-04-12,True,2016-03-01,198.11,234.03,18.131341174095184,32.63641411337133,151.21080657833022,157.16679726238263,-3.7895985588541126,
2017-04-13,True,2016-03-01,198.11,232.51,17.364090656705855,31.25536318207054,149.6363533888068,157.16679726238263,-4.791370699629449,
2017-04-17,True,2016-03-01,198.11,234.57,18.403917015799287,33.12705062843872,151.77015179039776,157.16679726238263,-3.4337058246312835,
2017-04-18,True,2016-03-01,198.11,233.87,18.050577961738412,32.49104033112914,151.04507466364356,157.16679726238263,-3.8950482578830825,
2017-04-19,True,2016-03-01,198.11,233.44,17.83352682852959,32.100348291353264,150.59967014292312,157.16679726238263,-4.178444324023478,
2017-04-20,True,2016-03-01,198.11,235.34,18.79258997526625,33.82666195547925,152.5677366298274,157.16679726238263,-2.9262291480542824,
2017-04-21,True,2016-03-01,198.11,234.59,18.414012417343883,33.14522235121899,151.79086827973362,157.16679726238263,-3.42052461225264,
2017-04-24,True,2016-03-01,198.11,237.17,19.716319216596823,35.48937458987428,154.46329540405625,157.16679726238263,-1.7201482154102887,
2017-04-25,True,2016-03-01,198.11,238.55,20.412901923173997,36.7432234617132,155.89273316822886,157.16679726238263,-0.8106445612852786,
2017-04-26,True,2016-03-01,198.11,238.4,20.337186411589524,36.606935540861144,155.7373594982101,157.16679726238263,-0.9095036541249435,
2017-04-27,True,2016-03-01,198.11,238.6,20.438140427035467,36.788652768663844,155.9445243915684,157.16679726238263,-0.7776915303387533,
2017-04-28,True,2016-03-01,198.11,238.08,20.17565998687598,36.31618797637677,155.40589566883676,157.16679726238263,-1.1204030521829167,
2017-05-01,True,2016-03-01,198.11,238.68,20.478522033213874,36.861339659784974,156.0273903489118,157.16679726238263,-0.7249666808242128,
2017-05-02,True,2016-03-01,198.11,238.77,20.523951340164558,36.94311241229621,156.12061455092308,157.16679726238263,-0.6656512251204005,
2017-05-03,True,2016-03-01,198.11,238.48,20.37756801776789,36.6796224319822,155.8202254555534,157.16679726238263,-0.8567788046104807,
2017-05-04,True,2016-03-01,198.11,238.76,20.51890363939224,36.93402655090603,156.11025630625508,157.16679726238263,-0.6722418313097611,
2017-05-05,True,2016-03-01,198.11,239.7,20.99338751198827,37.78809752157889,157.0839313050393,157.16679726238263,-0.05272484951448497,
2017-05-08,True,2016-03-01,198.11,239.66,20.973196708899078,37.751754076018344,157.04249832636765,157.16679726238263,-0.07908727427171636,
2017-05-09,True,2016-03-01,198.11,239.44,20.862147291908517,37.551865125435334,156.81461694367346,157.16679726238263,-0.22408061043658334,
2017-05-10,True,2016-03-01,198.11,239.87,21.07919842511736,37.942557165211255,157.26002146439396,157.26002146439396,0.0,
2017-05-11,True,2016-03-01,198.11,239.38,20.831861087274728,37.497349957094514,156.75246747566595,157.26002146439396,-0.32274826367292286,
2017-05-12,True,2016-03-01,198.11,238.98,20.6299530563828,37.13391550148904,156.33813768894927,157.26002146439396,-0.5862162340181332,
2017-05-15,True,2016-03-01,198.11,240.3,21.296249558326185,38.33324920498713,157.70542598511437,157.70542598511437,0.0,
2017-05-16,True,2016-03-01,198.11,240.08,21.185200141335624,38.133360254404124,157.4775446024202,157.70542598511437,-0.14449812444352617,
2017-05-17,True,2016-03-01,198.11,235.82,19.034879612336564,34.26278330220582,153.06493237388744,157.70542598511437,-2.942507261395644,
2017-05-18,True,2016-03-01,198.11,236.77,19.514411185704915,35.12594013426885,154.04896561733963,157.70542598511437,-2.3185380876621697,
2017-05-19,True,2016-03-01,198.11,238.31,20.29175710463882,36.525162788349874,155.6441352961988,157.70542598511437,-1.3070512165574644,
2017-05-22,True,2016-03-01,198.11,239.52,20.902528898086924,37.624552016556464,156.89748290101687,157.70542598511437,-0.5123115321179594,
2017-05-23,True,2016-03-01,198.11,240.05,21.17005703901873,38.10610267023372,157.44646986841644,157.70542598511437,-0.16420241414037973,
2017-05-24,True,2016-03-01,198.11,240.61,21.45272828226743,38.61491090808138,158.02653156981984,158.02653156981984,0.0,
2017-05-25,True,2016-03-01,198.11,241.76,22.033213871081703,39.65978496794707,159.21772970663025,159.21772970663025,0.0,
2017-05-26,True,2016-03-01,198.11,241.71,22.007975367220233,39.614355660996424,159.16593848329072,159.21772970663025,-0.0325285528407937,
2017-05-30,True,2016-03-01,198.11,241.5,21.90197365100195,39.42355257180351,158.9484153452644,159.21772970663025,-0.169148474772296,
2017-05-31,True,2016-03-01,198.11,241.44,21.87168744636816,39.36903740346269,158.8862658772569,159.21772970663025,-0.20818273818129507,
2017-06-01,True,2016-03-01,198.11,243.36,22.840845994649438,41.11352279036899,160.87504885349708,160.87504885349708,0.0,
2017-06-02,True,2016-03-01,198.11,244.17,23.249709757205572,41.84947756297003,161.71406667159832,161.71406667159832,0.0,
2017-06-05,True,2016-03-01,198.11,243.99,23.158851143304226,41.68593205794761,161.52761826757586,161.71406667159832,-0.11529510565155832,
2017-06-06,True,2016-03-01,198.11,243.21,22.765130483064965,40.97723486951694,160.7196751834783,161.71406667159832,-0.6149072301418146,
2017-06-07,True,2016-03-01,198.11,243.66,22.992277017818363,41.38609863207306,161.18579619353454,161.71406667159832,-0.3266694660128522,
2017-06-08,True,2016-03-01,198.11,243.78,23.052849427085963,41.495128968754734,161.31009512954958,161.71406667159832,-0.24980606224510593,
2017-06-09,True,2016-03-01,198.11,243.41,22.866084498510908,41.158952097319634,160.9268400768366,161.71406667159832,-0.48680155719562634,
2017-06-12,True,2016-03-01,198.11,243.36,22.840845994649438,41.11352279036899,160.87504885349708,161.71406667159832,-0.5188279754321456,
2017-06-13,True,2016-03-01,198.11,244.55,23.441522386552926,42.19474029579527,162.10767996897923,162.10767996897923,0.0,
2017-06-14,True,2016-03-01,198.11,244.24,23.28504366261168,41.91307859270103,161.7865743842738,162.10767996897923,-0.1980816607620839,
2017-06-15,True,2016-03-01,198.11,243.77,23.047801726313665,41.4860431073646,161.2997368848817,162.10767996897923,-0.49839901740136305,
2017-06-16,True,2016-03-01,198.11,242.64,22.477411539043946,40.459340770279105,160.129255237407,162.10767996897923,-1.2204386195341366,
2017-06-19,True,2016-03-01,198.11,244.66,23.497047095048185,42.294684771086736,162.22162066032627,162.22162066032627,0.0,
2017-06-20,True,2016-03-01,198.11,243.01,22.66417646761898,40.79551764171416,160.5125102901199,162.22162066032627,-1.0535650940049712,
2017-06-21,True,2016-03-01,198.11,242.95,22.63389026298519,40.74100247337334,160.4503608221124,162.22162066032627,-1.0918765519687956,
2017-06-22,True,2016-03-01,198.11,242.84,22.57836555448993,40.64105799808188,160.3364201307654,162.22162066032627,-1.1621142249024108,
2017-06-23,True,2016-03-01,198.11,243.13,22.724748876886558,40.904547978395804,160.63680922613491,162.22162066032627,-0.9769421780773446,
2017-06-26,True,2016-03-01,198.11,243.29,22.80551208924333,41.04992176063799,160.8025411408216,162.22162066032627,-0.8747782901738166,
2017-06-27,True,2016-03-01,198.11,241.33,21.8161627378729,39.269092928171226,158.77232518590986,162.22162066032627,-2.1262859169918102,
2017-06-28,True,2016-03-01,198.11,243.49,22.906466104689315,41.23163898844077,161.00970603418,162.22162066032627,-0.7470734302943982,
2017-06-29,True,2016-03-01,198.11,241.35,21.826258139417476,39.28726465095146,158.79304167524563,162.22162066032627,-2.1135154310039206,
2017-06-30,True,2016-03-01,198.11,241.8,22.053404674170917,39.69612841350765,159.25916268530196,162.22162066032627,-1.8261794962752598,
2017-07-03,True,2016-03-01,198.11,242.21,22.260360405835144,40.06864873050326,159.68385071668658,162.22162066032627,-1.5643845335225004,
2017-07-05,True,2016-03-01,198.11,242.77,22.543031649083844,40.57745696835092,160.26391241808997,162.22162066032627,-1.2068109258601911,
2017-07-06,True,2016-03-01,198.11,240.55,21.42244207763364,38.56039573974056,157.9643821018123,162.22162066032627,-2.6243348705214387,
2017-07-07,True,2016-03-01,198.11,242.11,22.20988339811216,39.977790116601895,159.58026827000742,162.22162066032627,-1.6282369634621818,
2017-07-10,True,2016-03-01,198.11,242.37,22.341123618191915,40.21402251274545,159.84958263137327,162.22162066032627,-1.4622206456189835,
2017-07-11,True,2016-03-01,198.11,242.19,22.250265004290526,40.05047700772295,159.6631342273507,162.22162066032627,-1.5771550195104678,
2017-07-12,True,2016-03-01,198.11,244.01,23.1689465448488,41.70410378072784,161.54833475691166,162.22162066032627,-0.4150407946080126,
2017-07-13,True,2016-03-01,198.11,244.42,23.375902276513028,42.07662409772345,161.97302278829625,162.22162066032627,-0.1532458318552754,
2017-07-14,True,2016-03-01,198.11,245.56,23.951340164555045,43.11241229619908,163.15386268043886,163.15386268043886,0.0,
2017-07-17,True,2016-03-01,198.11,245.53,23.93619706223815,43.085154712028675,163.1227879464351,163.15386268043886,-0.019046275395040446,
2017-07-18,True,2016-03-01,198.11,245.66,24.001817172278006,43.203270910100414,163.257445127118,163.257445127118,0.0,
2017-07-19,True,2016-03-01,198.11,246.99,24.67316137499369,44.411690474988646,164.63509166795103,164.63509166795103,0.0,
2017-07-20,True,2016-03-01,198.11,247.1,24.72868608348895,44.51163495028011,164.74903235929807,164.74903235929807,0.0,
2017-07-21,True,2016-03-01,198.11,246.88,24.617636666498388,44.3117459996971,164.52115097660388,164.74903235929807,-0.1383203163204061,
2017-07-24,True,2016-03-01,198.11,246.82,24.5873504618646,44.25723083135628,164.4590015085964,164.74903235929807,-0.17604403895322696,
2017-07-25,True,2016-03-01,198.11,247.42,24.89021250820249,44.80238251476449,165.08049618867145,165.08049618867145,0.0,
2017-07-26,True,2016-03-01,198.11,247.43,24.89526020897481,44.811468376154664,165.0908544333394,165.0908544333394,0.0,
2017-07-27,True,2016-03-01,198.11,247.2,24.77916309121193,44.60249356418148,164.85261480597723,165.0908544333394,-0.14430819210422552,
2017-07-28,True,2016-03-01,198.11,246.91,24.632779768815304,44.33900358386755,164.5522257106077,165.0908544333394,-0.32626199953987856,
2017-07-31,True,2016-03-01,198.11,246.77,24.56211195800313,44.21180152440564,164.40721028525687,165.0908544333394,-0.4141017686467685,
2017-08-01,True,2016-03-01,198.11,247.32,24.83973550047951,44.71152390086312,164.97691374199226,165.0908544333394,-0.06901696144114844,
2017-08-02,True,2016-03-01,198.11,247.44,24.90030790974711,44.8205542375448,165.1012126780073,165.1012126780073,0.0,
2017-08-03,True,2016-03-01,198.11,246.96,24.658018272676795,44.38443289081823,164.6040169339473,165.1012126780073,-0.3011460279396472,
2017-08-04,True,2016-03-01,198.11,247.41,24.885164807430215,44.79329665337439,165.07013794400356,165.1012126780073,-0.018821626746223785,
2017-08-07,True,2016-03-01,198.11,247.87,25.117359042955933,45.21124627732068,165.54661719872777,165.54661719872777,0.0,
2017-08-08,True,2016-03-01,198.11,247.26,24.80944929584572,44.6570087325223,164.91476427398476,165.54661719872777,-0.38167673579492245,
2017-08-09,True,2016-03-01,198.11,247.25,24.804401595073443,44.6479228711322,164.90440602931687,165.54661719872777,-0.3879337314636633,
2017-08-10,True,2016-03-01,198.11,243.76,23.042754025541345,41.476957245974425,161.2893786402137,165.54661719872777,-2.5716252198639267,
2017-08-11,True,2016-03-01,198.11,244.12,23.224471253344102,41.804048256019385,161.66227544825878,165.54661719872777,-2.3463733757882244,
2017-08-14,True,2016-03-01,198.11,246.54,24.44601484024025,44.00282671243245,164.1689706578947,165.54661719872777,-0.8321804239462605,
2017-08-15,True,2016-03-01,198.11,246.51,24.430871737923354,43.97556912826204,164.13789592389097,165.54661719872777,-0.8509514109525607,
2017-08-16,True,2016-03-01,198.11,246.94,24.6479228711322,44.36626116803796,164.58330044461144,165.54661719872777,-0.5819005971954949,
2017-08-17,True,2016-03-01,198.11,243.09,22.704558073797386,40.8682045328353,160.59537624746332,165.54661719872777,-2.990843929671372,
2017-08-18,True,2016-03-01,198.11,242.71,22.512745444450054,40.5229418000101,160.20176295008244,165.54661719872777,-3.228609765084589,
2017-08-21,True,2016-03-01,198.11,242.9,22.60865175912372,40.6955731664227,160.39856959877287,165.54661719872777,-3.1097268473779915,
2017-08-22,True,2016-03-01,198.11,245.44,23.890767755287467,43.00338195951744,163.02956374442385,165.54661719872777,-1.5204499475107713,
2017-08-23,True,2016-03-01,198.11,244.56,23.446570087325224,42.203826157185404,162.11803821364714,165.54661719872777,-2.0710655663624067,
2017-08-24,True,2016-03-01,198.11,243.99,23.158851143304226,41.68593205794761,161.52761826757586,165.54661719872777,-2.4277143194822104,
2017-08-25,True,2016-03-01,198.11,244.56,23.446570087325224,42.203826157185404,162.11803821364714,165.54661719872777,-2.0710655663624067,
2017-08-28,True,2016-03-01,198.11,244.57,23.4516177880975,42.2129120185755,162.12839645831502,165.54661719872777,-2.0648085706936548,
2017-08-29,True,2016-03-01,198.11,244.85,23.59295340972185,42.46731613749933,162.4184273090167,165.54661719872777,-1.8896126919681455,
2017-08-30,True,2016-03-01,198.11,246.01,24.178486699308444,43.5212760587552,163.6199836904951,165.54661719872777,-1.1638011943909898,
2017-08-31,True,2016-03-01,198.11,247.49,24.9255464136086,44.865983544495485,165.1530039013469,165.54661719872777,-0.23776583541321727,
2017-09-01,True,2016-03-01,198.11,247.84,25.102215940639038,45.18398869315027,165.515542464724,165.54661719872777,-0.0187709870063113,
2017-09-05,True,2016-03-01,198.11,246.06,24.203725203169956,43.56670536570592,163.67177491383472,165.54661719872777,-1.1325162160471192,
2017-09-06,True,2016-03-01,198.11,246.9,24.627732068043006,44.32991772247741,164.54186746593976,165.54661719872777,-0.6069285798705693,
2017-09-07,True,2016-03-01,198.11,246.87,24.61258896572611,44.302660138307004,164.51079273193605,165.54661719872777,-0.6256995668768583,
2017-09-08,True,2016-03-01,198.11,246.58,24.466205643329463,44.039170157993034,164.2104036365664,165.54661719872777,-0.8071524412711639,
2017-09-11,True,2016-03-01,198.11,249.21,25.793750946443893,46.42875170359901,166.93462198422867,166.93462198422867,0.0,
2017-09-12,True,2016-03-01,198.11,250.05,26.217757811316943,47.1919640603705,167.8047145363337,167.8047145363337,0.0,
2017-09-13,True,2016-03-01,198.11,250.17,26.2783302205845,47.3009943970521,167.9290134723487,167.9290134723487,0.0,
2017-09-14,True,2016-03-01,198.11,250.09,26.237948614406136,47.22830750593105,167.84614751500538,167.9290134723487,-0.04934582513755892,
2017-09-15,True,2016-03-01,198.11,249.19,25.783655544899297,46.41057998081874,166.91390549489284,167.9290134723487,-0.6044863579353965,
2017-09-18,True,2016-03-01,198.11,249.72,26.051183685831102,46.892130634495985,167.46289246229244,167.9290134723487,-0.2775702663988966,
2017-09-19,True,2016-03-01,198.11,249.97,26.177376205138557,47.11927716924941,167.72184857899038,167.9290134723487,-0.1233645628439417,
2017-09-20,True,2016-03-01,198.11,250.06,26.22280551208924,47.201049921760635,167.81507278100162,167.9290134723487,-0.06785050956417127,
2017-09-21,True,2016-03-01,198.11,249.39,25.88460956034524,46.59229720862143,167.12107038825113,167.9290134723487,-0.4811217950914659,
2017-09-22,True,2016-03-01,198.11,249.44,25.909848064206752,46.637726515572155,167.17286161159078,167.9290134723487,-0.4502806543804416,
2017-09-25,True,2016-03-01,198.11,248.93,25.652415324819543,46.17434758467518,166.64459113352697,167.9290134723487,-0.7648602896325629,
2017-09-26,True,2016-03-01,198.11,249.08,25.728130836404016,46.31063550552723,166.79996480354572,167.9290134723487,-0.6723368674996011,
2017-09-27,True,2016-03-01,198.11,250.05,26.217757811316943,47.1919640603705,167.8047145363337,167.9290134723487,-0.07401873770636058,
2017-09-28,True,2016-03-01,198.11,250.35,26.36918883448589,47.464539902074605,168.11546187637123,168.11546187637123,0.0,
2017-09-29,True,2016-03-01,198.11,251.23,26.81338650244811,48.2640957044066,169.02698740714789,169.02698740714789,0.0,
2017-10-02,True,2016-03-01,198.11,252.32,27.363585886628638,49.25445459593155,170.15603607595094,170.15603607595094,0.0,
2017-10-03,True,2016-03-01,198.11,252.86,27.63616172833274,49.745091110998935,170.71538128801845,170.71538128801845,0.0,
2017-10-04,True,2016-03-01,198.11,253.16,27.787592751501688,50.01766695270304,171.02612862805597,171.02612862805597,0.0,
2017-10-05,True,2016-03-01,198.11,254.66,28.54474786734642,51.380546161223556,172.57986532824356,172.57986532824356,0.0,
2017-10-06,True,2016-03-01,198.11,254.37,28.39836454494977,51.11705618090959,172.27947623287398,172.57986532824356,-0.17405801933977338,
2017-10-09,True,2016-03-01,198.11,253.95,28.186361112513225,50.735450002523805,171.8444299568214,172.57986532824356,-0.42614204734914285,
2017-10-10,True,2016-03-01,198.11,254.62,28.524557064257227,51.34420271566301,172.5384323495719,172.57986532824356,-0.02400800266754155,
2017-10-11,True,2016-03-01,198.11,255.02,28.726465095149155,51.70763717126848,172.95276213628858,172.95276213628858,0.0,
2017-10-12,True,2016-03-01,198.11,254.64,28.534652465801802,51.36237443844325,172.55914883890767,172.95276213628858,-0.22758427938301962,
2017-10-13,True,2016-03-01,198.11,254.95,28.691131189743047,51.644036141537484,172.8802544236131,172.95276213628858,-0.041923419886369384,
2017-10-16,True,2016-03-01,198.11,255.29,28.862753016001207,51.95295542880218,173.2324347423223,173.2324347423223,0.0,
2017-10-17,True,2016-03-01,198.11,255.47,28.953611629902575,52.11650093382464,173.41888314634485,173.41888314634485,0.0,
2017-10-18,True,2016-03-01,198.11,255.72,29.07980414921003,52.343647468578055,173.67783926304278,173.67783926304278,0.0,
2017-10-19,True,2016-03-01,198.11,255.79,29.115138054616118,52.407248498309016,173.75034697571817,173.75034697571817,0.0,
2017-10-20,True,2016-03-01,198.11,257.11,29.781434556559482,53.60658220180707,175.11763527188327,175.11763527188327,0.0,
2017-10-23,True,2016-03-01,198.11,256.11,29.27666447932966,52.69799606279339,174.08181080509155,175.11763527188327,-0.5915020866879117,
2017-10-24,True,2016-03-01,198.11,256.56,29.50381101408308,53.106859825349545,174.54793181514785,175.11763527188327,-0.3253261476783398,
2017-10-25,True,2016-03-01,198.11,255.29,28.862753016001207,51.95295542880218,173.2324347423223,175.11763527188327,-1.0765337977720169,
2017-10-26,True,2016-03-01,198.11,255.62,29.029327141487048,52.25278885467669,173.57425681636363,175.11763527188327,-0.8813381091649863,
2017-10-27,True,2016-03-01,198.11,257.71,30.084296602897354,54.151733885215236,175.73912995195826,175.73912995195826,0.0,
2017-10-30,True,2016-03-01,198.11,256.75,29.599717328756746,53.27949119176215,174.74473846383825,175.73912995195826,-0.5658338517960382,
2017-10-31,True,2016-03-01,198.11,257.15,29.801625359648654,53.642925647367576,175.1590682505549,175.73912995195826,-0.3300697468810343,
2017-11-01,True,2016-03-01,198.11,257.49,29.973247185906814,53.95184493463227,175.51124856926413,175.73912995195826,-0.12967025770324048,
2017-11-02,True,2016-03-01,198.11,257.59,30.023724193629775,54.042703548533595,175.61483101594325,175.73912995195826,-0.07072923147450894,
2017-11-03,True,2016-03-01,198.11,258.45,30.457826460047443,54.8240876280854,176.50564005738417,176.50564005738417,0.0,
2017-11-06,True,2016-03-01,198.11,258.85,30.65973449093937,55.18752208369087,176.91996984410088,176.91996984410088,0.0,
2017-11-07,True,2016-03-01,198.11,258.67,30.568875877038003,55.02397657866841,176.7335214400784,176.91996984410088,-0.10538573129239559,
2017-11-08,True,2016-03-01,198.11,259.11,30.790974711019125,55.42375447983443,177.18928420546672,177.18928420546672,0.0,
2017-11-09,True,2016-03-01,198.11,258.17,30.316490838423093,54.56968350916157,176.21560920668253,177.18928420546672,-0.5495112208112607,
2017-11-10,True,2016-03-01,198.11,258.09,30.276109232244686,54.496996618040434,176.13274324933911,177.18928420546672,-0.5962781332207734,
2017-11-13,True,2016-03-01,198.11,258.33,30.397254050779843,54.71505729140372,176.38134112136916,177.18928420546672,-0.4559773959923463,
2017-11-14,True,2016-03-01,198.11,257.73,30.09439200444197,54.16990560799555,175.75984644129414,177.18928420546672,-0.806729239063364,
2017-11-15,True,2016-03-01,198.11,256.44,29.4432386048155,52.997829488667904,174.4236328791328,177.18928420546672,-1.5608457016660693,
2017-11-16,True,2016-03-01,198.11,258.62,30.543637373176512,54.97854727171772,176.6817302167388,177.18928420546672,-0.2864473385079891,
2017-11-17,True,2016-03-01,198.11,257.86,30.160012114481848,54.28802180606733,175.89450362197707,177.18928420546672,-0.7307330063979767,
2017-11-20,True,2016-03-01,198.11,258.3,30.38211094846297,54.687799707233346,176.35026638736542,177.18928420546672,-0.47351498814588444,
2017-11-21,True,2016-03-01,198.11,259.99,31.235172378981368,56.223310282166466,178.10080973624343,178.10080973624343,0.0,
2017-11-22,True,2016-03-01,198.11,259.76,31.11907526121851,56.014335470193316,177.86257010888136,178.10080973624343,-0.13376672891880492,
2017-11-24,True,2016-03-01,198.11,260.36,31.4219373075564,56.55948715360152,178.48406478895637,178.48406478895637,0.0,
2017-11-27,True,2016-03-01,198.11,260.23,31.356317197516525,56.44137095552975,178.34940760827345,178.48406478895637,-0.07544493164818311,
2017-11-28,True,2016-03-01,198.11,262.87,32.68891020140325,58.84003836252586,181.08398420060362,181.08398420060362,0.0,
2017-11-29,True,2016-03-01,198.11,262.71,32.60814698904646,58.69466458028363,180.91825228591688,181.08398420060362,-0.09152212738103849,
2017-11-30,True,2016-03-01,198.11,265.01,33.76911816667507,60.78441270001513,183.3006485595379,183.3006485595379,0.0,
2017-12-01,True,2016-03-01,198.11,264.46,33.49149462419865,60.28469032355758,182.7309451028024,183.3006485595379,-0.31080275013345426,
2017-12-04,True,2016-03-01,198.11,264.14,33.32996819948513,59.993942759073235,182.39948127342907,183.3006485595379,-0.49163344112016505,
2017-12-05,True,2016-03-01,198.11,263.19,32.850436626116796,59.13078592701024,181.41544802997694,183.3006485595379,-1.02847455498698,
2017-12-06,True,2016-03-01,198.11,263.24,32.87567512997829,59.176215233960924,181.46723925331654,183.3006485595379,-1.0002197595203044,
2017-12-07,True,2016-03-01,198.11,264.07,33.29463429407904,59.930341729342274,182.3269735607537,183.3006485595379,-0.5311901547734865,
2017-12-08,True,2016-03-01,198.11,265.51,34.02150320528998,61.23870576952197,183.81856079293377,183.81856079293377,0.0,
2017-12-11,True,2016-03-01,198.11,266.31,34.42531926707384,61.965574680732914,184.64722036636715,184.64722036636715,0.0,
2017-12-12,True,2016-03-01,198.11,266.78,34.66256120337184,62.39261016606931,185.13405786575922,185.13405786575922,0.0,
2017-12-13,True,2016-03-01,198.11,266.75,34.64741810105496,62.36535258189893,185.1029831317555,185.13405786575922,-0.016784990488483142,
2017-12-14,True,2016-03-01,198.11,265.66,34.09721871687448,61.37499369037406,183.97393446295257,185.13405786575922,-0.6266396449041589,
2017-12-15,True,2016-03-01,198.11,266.51,34.5262732825198,62.14729190853565,184.8543852597255,185.13405786575922,-0.15106491439652592,
2017-12-18,True,2016-03-01,198.11,268.2,35.379334713038205,63.68280248346877,186.6049286086035,186.6049286086035,0.0,
2017-12-19,True,2016-03-01,198.11,267.17,34.859421533491485,62.74695876028468,185.53802940780804,186.6049286086035,-0.571742241081552,
2017-12-20,True,2016-03-01,198.11,267.03,34.78875372267929,62.61975670082272,185.39301398245715,186.6049286086035,-0.649454778704317,
2017-12-21,True,2016-03-01,198.11,267.58,35.066377265155715,63.11947907728029,185.96271743919263,186.6049286086035,-0.34415552375783864,
2017-12-22,True,2016-03-01,198.11,267.51,35.031043359749624,63.05587804754933,185.8902097265172,186.6049286086035,-0.38301179256919893,
2017-12-26,True,2016-03-01,198.11,267.19,34.86951693503608,62.76513048306495,185.55874589714384,186.6049286086035,-0.560640449992611,
2017-12-27,True,2016-03-01,198.11,267.32,34.93513704507596,62.88324668113673,185.6934030778268,186.6049286086035,-0.48847880791433873,
2017-12-28,True,2016-03-01,198.11,267.87,35.21276058755236,63.38296905759425,186.26310653456224,186.6049286086035,-0.18317955296787147,
2017-12-29,True,2016-03-01,198.11,266.86,34.702942809550244,62.46529705719044,185.2169238231026,186.6049286086035,-0.7438200029604713,
2018-01-02,True,2016-03-01,198.11,268.77,35.6670536570592,64.20069658270656,187.1953485546748,187.1953485546748,0.0,
2018-01-03,True,2016-03-01,198.11,270.47,36.52516278834992,65.74529301902986,188.9562501482208,188.9562501482208,0.0,
2018-01-04,True,2016-03-01,198.11,271.61,37.10060067639189,66.7810812175054,190.1370900403633,190.1370900403633,0.0,
2018-01-05,True,2016-03-01,198.11,273.42,38.01423451617787,68.42562212912017,192.0119323252563,192.0119323252563,0.0,
2018-01-08,True,2016-03-01,198.11,273.92,38.26661955479278,68.87991519862702,192.52984455865217,192.52984455865217,0.0,
2018-01-09,True,2016-03-01,198.11,274.54,38.57957700267529,69.44323860481553,193.17205572806307,193.17205572806307,0.0,
2018-01-10,True,2016-03-01,198.11,274.12,38.36757357023875,69.06163242642975,192.7370094520105,193.17205572806307,-0.22521180634169635,
2018-01-11,True,2016-03-01,198.11,276.12,39.37711372469839,70.87880470445711,194.808658385594,194.808658385594,0.0,
2018-01-12,True,2016-03-01,198.11,277.92,40.28569986371209,72.51425975468176,196.67314242581912,196.67314242581912,0.0,
2018-01-16,True,2016-03-01,198.11,276.97,39.806168290343756,71.65110292261876,195.689109182367,196.67314242581912,-0.5003394115306259,
2018-01-17,True,2016-03-01,198.11,279.61,41.138761294230484,74.04977032961487,198.42368577469713,198.42368577469713,0.0,
2018-01-18,True,2016-03-01,198.11,279.14,40.90151935793245,73.62273484427841,197.93684827530495,198.42368577469713,-0.24535251297819194,
2018-01-19,True,2016-03-01,198.11,280.41,41.54257735601434,74.77663924082582,199.25234534813052,199.25234534813052,0.0,
2018-01-22,True,2016-03-01,198.11,282.69,42.69345313209831,76.84821563777696,201.61402513241558,201.61402513241558,0.0,
2018-01-23,True,2016-03-01,198.11,283.29,42.99631517843623,77.39336732118521,202.23551981249065,202.23551981249065,0.0,
2018-01-24,True,2016-03-01,198.11,283.18,42.94079046994093,77.29342284589367,202.12157912114353,202.23551981249065,-0.056340593112802484,
2018-01-25,True,2016-03-01,198.11,283.3,43.00136287920853,77.40245318257536,202.2458780571586,202.2458780571586,0.0,
2018-01-26,True,2016-03-01,198.11,286.58,44.65700873252232,80.38261571854018,205.6433823082354,205.6433823082354,0.0,
2018-01-29,True,2016-03-01,198.11,284.68,43.69794558578566,78.6563020544142,203.6753158213311,205.6433823082354,-0.9570288451852038,
2018-01-30,True,2016-03-01,198.11,281.76,42.22401696027458,76.00323052849426,200.6507083782993,205.6433823082354,-2.4278310704171746,
2018-01-31,True,2016-03-01,198.11,281.9,42.29468477108676,76.13043258795616,200.7957238036501,205.6433823082354,-2.3573131555088,
2018-02-01,True,2016-03-01,198.11,281.58,42.133158346373214,75.83968502347179,200.46425997427679,205.6433823082354,-2.518496961013661,
2018-02-02,True,2016-03-01,198.11,275.45,39.038917772954406,70.27005199131793,194.1146559928435,205.6433823082354,-5.606174235216422,
2018-02-05,True,2016-03-01,198.11,263.93,33.223966483266864,59.80313966988036,182.18195813540285,205.6433823082354,-11.408791233391902,RAW_DECISION
2018-02-06,False,,,269.13,,,182.18195813540285,205.6433823082354,-11.408791233391902,
2018-02-07,False,,,267.67,,,182.18195813540285,205.6433823082354,-11.408791233391902,
2018-02-08,False,,,257.63,,,182.18195813540285,205.6433823082354,-11.408791233391902,
2018-02-09,False,,,261.5,,,182.18195813540285,205.6433823082354,-11.408791233391902,
2018-02-12,False,,,265.34,,,182.18195813540285,205.6433823082354,-11.408791233391902,
2018-02-13,False,,,266.0,,,182.18195813540285,205.6433823082354,-11.408791233391902,
2018-02-14,False,,,269.59,,,182.18195813540285,205.6433823082354,-11.408791233391902,
2018-02-15,False,,,273.03,,,182.18195813540285,205.6433823082354,-11.408791233391902,
2018-02-16,False,,,273.11,,,182.18195813540285,205.6433823082354,-11.408791233391902,
2018-02-20,False,,,271.4,,,182.18195813540285,205.6433823082354,-11.408791233391902,
2018-02-21,False,,,270.05,,,182.18195813540285,205.6433823082354,-11.408791233391902,
2018-02-22,False,,,270.4,,,182.18195813540285,205.6433823082354,-11.408791233391902,
2018-02-23,False,,,274.71,,,182.18195813540285,205.6433823082354,-11.408791233391902,
2018-02-26,False,,,277.9,,,182.18195813540285,205.6433823082354,-11.408791233391902,
2018-02-27,False,,,274.43,,,182.18195813540285,205.6433823082354,-11.408791233391902,
2018-02-28,False,,,271.65,,,182.18195813540285,205.6433823082354,-11.408791233391902,
2018-03-01,True,2018-03-01,267.7,267.7,0.0,0.0,182.18195813540285,205.6433823082354,-11.408791233391902,
2018-03-02,True,2018-03-01,267.7,269.08,0.5155024280911524,0.9279043705640744,183.87243248732045,205.6433823082354,-10.586749535311013,
2018-03-05,True,2018-03-01,267.7,272.19,1.6772506537168441,3.0190511766903194,187.6821246862072,205.6433823082354,-8.734177302679436,
2018-03-06,True,2018-03-01,267.7,272.88,1.9350018677624314,3.4830033619723766,188.52736186216606,205.6433823082354,-8.323156453638969,
2018-03-07,True,2018-03-01,267.7,272.78,1.897646619350013,3.4157639148300234,188.4048637207227,205.6433823082354,-8.382724692630362,
2018-03-08,True,2018-03-01,267.7,274.1,2.3907358983937366,4.303324617108726,190.02183918777433,205.6433823082354,-7.5964239379442855,
2018-03-09,True,2018-03-01,267.7,278.87,4.172581247665308,7.510646245797554,195.86500053461995,205.6433823082354,-4.7550189380559775,
2018-03-12,True,2018-03-01,267.7,278.52,4.041837878221899,7.275308180799418,195.4362570395684,205.6433823082354,-4.963507774525766,
2018-03-13,True,2018-03-01,267.7,276.72,3.369443406798678,6.06499813223762,193.23129049358894,205.6433823082354,-6.035736076370391,
2018-03-14,True,2018-03-01,267.7,275.3,2.838998879342558,5.110197982816604,191.49181688509398,205.6433823082354,-6.881605070047858,
2018-03-15,True,2018-03-01,267.7,275.0,2.726933134105347,4.908479641389625,191.1243224607641,205.6433823082354,-7.060309787021946,
2018-03-16,True,2018-03-01,267.7,274.2,2.428091146806133,4.370564064251039,190.14433732921765,205.6433823082354,-7.5368556989529045,
2018-03-19,True,2018-03-01,267.7,270.49,1.0422114307060193,1.8759805752708347,185.59965628167103,205.6433823082354,-9.746837365532713,
2018-03-20,True,2018-03-01,267.7,270.95,1.2140455734030553,2.1852820321254995,186.1631477323102,205.6433823082354,-9.47282346617243,
2018-03-21,True,2018-03-01,267.7,270.43,1.0197982816585904,1.8356369069854628,185.52615739680513,205.6433823082354,-9.782578308927492,
2018-03-22,True,2018-03-01,267.7,263.67,-1.505416511019786,-2.7097497198356146,177.24528303523772,205.6433823082354,-13.809391264744054,
2018-03-23,True,2018-03-01,267.7,258.05,-3.6047814717967808,-6.488606649234206,170.36088748612403,205.6433823082354,-17.15712629605899,RAW_DECISION
2018-03-26,False,,,265.11,,,170.36088748612403,205.6433823082354,-17.15712629605899,
2018-03-27,False,,,260.6,,,170.36088748612403,205.6433823082354,-17.15712629605899,
2018-03-28,False,,,259.83,,,170.36088748612403,205.6433823082354,-17.15712629605899,
2018-03-29,False,,,263.15,,,170.36088748612403,205.6433823082354,-17.15712629605899,
2018-04-02,True,2018-04-02,257.47,257.47,0.0,0.0,170.36088748612403,205.6433823082354,-17.15712629605899,
2018-04-03,True,2018-04-02,257.47,260.77,1.281702722647271,2.307064900765088,174.2912237259483,205.6433823082354,-15.245887434050209,RAW_DECISION
2018-04-04,False,,,263.56,,,174.2912237259483,205.6433823082354,-15.245887434050209,
2018-04-05,False,,,265.64,,,174.2912237259483,205.6433823082354,-15.245887434050209,
2018-04-06,False,,,259.72,,,174.2912237259483,205.6433823082354,-15.245887434050209,
2018-04-09,False,,,261.0,,,174.2912237259483,205.6433823082354,-15.245887434050209,
2018-04-10,False,,,265.15,,,174.2912237259483,205.6433823082354,-15.245887434050209,
2018-04-11,False,,,263.76,,,174.2912237259483,205.6433823082354,-15.245887434050209,
2018-04-12,False,,,265.93,,,174.2912237259483,205.6433823082354,-15.245887434050209,
2018-04-13,False,,,265.15,,,174.2912237259483,205.6433823082354,-15.245887434050209,
2018-04-16,False,,,267.33,,,174.2912237259483,205.6433823082354,-15.245887434050209,
2018-04-17,False,,,270.19,,,174.2912237259483,205.6433823082354,-15.245887434050209,
2018-04-18,False,,,270.39,,,174.2912237259483,205.6433823082354,-15.245887434050209,
2018-04-19,False,,,268.89,,,174.2912237259483,205.6433823082354,-15.245887434050209,
2018-04-20,False,,,266.61,,,174.2912237259483,205.6433823082354,-15.245887434050209,
2018-04-23,False,,,266.57,,,174.2912237259483,205.6433823082354,-15.245887434050209,
2018-04-24,False,,,262.98,,,174.2912237259483,205.6433823082354,-15.245887434050209,
2018-04-25,False,,,263.63,,,174.2912237259483,205.6433823082354,-15.245887434050209,
2018-04-26,False,,,266.31,,,174.2912237259483,205.6433823082354,-15.245887434050209,
2018-04-27,False,,,266.56,,,174.2912237259483,205.6433823082354,-15.245887434050209,
2018-04-30,False,,,264.51,,,174.2912237259483,205.6433823082354,-15.245887434050209,
2018-05-01,True,2018-05-01,264.98,264.98,0.0,0.0,174.2912237259483,205.6433823082354,-15.245887434050209,
2018-05-02,True,2018-05-01,264.98,263.2,-0.6717488112310432,-1.2091478602158778,172.18378512372192,205.6433823082354,-16.27068997258636,
2018-05-03,True,2018-05-01,264.98,262.62,-0.8906332553400342,-1.6031398596120616,171.497091646592,205.6433823082354,-16.604614395255425,
2018-05-04,True,2018-05-01,264.98,266.02,0.3924824515057601,0.7064684127103682,175.52253616769846,205.6433823082354,-14.647126400298804,
2018-05-07,True,2018-05-01,264.98,266.92,0.7321307268473021,1.3178353083251437,176.5880950115208,205.6433823082354,-14.128967813398496,
2018-05-08,True,2018-05-01,264.98,266.92,0.7321307268473021,1.3178353083251437,176.5880950115208,205.6433823082354,-14.128967813398496,
2018-05-09,True,2018-05-01,264.98,269.5,1.705789116159706,3.070420409087471,179.64269703047813,205.6433823082354,-12.643579864284316,
2018-05-10,True,2018-05-01,264.98,272.02,2.656804287115988,4.7822477168087785,182.62626179318053,205.6433823082354,-11.19273582096354,
2018-05-11,True,2018-05-01,264.98,272.85,2.970035474375421,5.346063853875758,183.60894383803893,205.6433823082354,-10.714878457488819,
2018-05-14,True,2018-05-01,264.98,272.98,3.019095780813652,5.434372405464574,183.76285789325777,205.6433823082354,-10.64003332826985,
2018-05-15,True,2018-05-01,264.98,271.1,2.30960827232245,4.15729489018041,181.53702386394008,205.6433823082354,-11.722409043128224,
2018-05-16,True,2018-05-01,264.98,272.24,2.739829421088391,4.931692957959104,182.88673173278164,205.6433823082354,-11.06607483305454,
2018-05-17,True,2018-05-01,264.98,272.01,2.653030417389979,4.775454751301962,182.61442225047145,205.6433823082354,-11.198493138595744,
2018-05-18,True,2018-05-01,264.98,271.33,2.3964072760208177,4.313533096837472,181.8093333462501,205.6433823082354,-11.589990737587097,
2018-05-21,True,2018-05-01,264.98,273.37,3.166276700128301,5.699298060230942,184.22460005891406,205.6433823082354,-10.415497940613083,
2018-05-22,True,2018-05-01,264.98,272.61,2.8794626009510216,5.183032681711839,183.32479481301968,205.6433823082354,-10.853054080662206,
2018-05-23,True,2018-05-01,264.98,273.36,3.1625028304022917,5.692505094724125,184.21276051620492,205.6433823082354,-10.42125525824531,
2018-05-24,True,2018-05-01,264.98,272.8,2.9511661257453303,5.312099026341595,183.54974612449325,205.6433823082354,-10.74366504564993,
2018-05-25,True,2018-05-01,264.98,272.15,2.705864593554219,4.8705562683975945,182.78017584839932,205.6433823082354,-11.117890691744602,
2018-05-29,True,2018-05-01,264.98,269.02,1.5246433693108852,2.7443580647595933,179.07439898043953,205.6433823082354,-12.919931110631156,
2018-05-30,True,2018-05-01,264.98,272.61,2.8794626009510216,5.183032681711839,183.32479481301968,205.6433823082354,-10.853054080662206,
2018-05-31,True,2018-05-01,264.98,270.94,2.2492263567061688,4.048607442071104,181.34759118059384,205.6433823082354,-11.814526125243852,
2018-06-01,True,2018-05-01,264.98,273.6,3.2530757038267133,5.855536266888084,184.49690954122426,205.6433823082354,-10.283079635071868,
2018-06-04,True,2018-05-01,264.98,274.9,3.7436787682089134,6.738621782776044,186.03605009341197,205.6433823082354,-9.5346283428826,
2018-06-05,True,2018-05-01,264.98,275.1,3.8191561627292536,6.8744810929126565,186.27284094759472,205.6433823082354,-9.419481990238088,
2018-06-06,True,2018-05-01,264.98,277.4,4.687146199713177,8.43686315948372,188.99593577069615,205.6433823082354,-8.095298934826245,
2018-06-07,True,2018-05-01,264.98,277.37,4.675824590535127,8.416484262963229,188.96041714256876,205.6433823082354,-8.112570887722914,
2018-06-08,True,2018-05-01,264.98,278.19,4.9852819080685284,8.973507434523352,189.93125964471798,205.6433823082354,-7.640470841880431,
2018-06-11,True,2018-05-01,264.98,278.56,5.124915087931159,9.224847158276086,190.36932272495608,205.6433823082354,-7.427450089488074,
2018-06-12,True,2018-05-01,264.98,278.92,5.26077439806778,9.469393916522005,190.79554626248498,205.6433823082354,-7.220186654727967,
2018-06-13,True,2018-05-01,264.98,278.03,4.924899992452247,8.864819986414046,189.74182696137177,205.6433823082354,-7.732587923996048,
2018-06-14,True,2018-05-01,264.98,278.73,5.189070873273449,9.340327571892209,190.57059495101137,205.6433823082354,-7.329575689740253,
2018-06-15,True,2018-05-01,264.98,277.13,4.5852517171107054,8.25345309079927,188.67626811754945,205.6433823082354,-8.250746510896334,
2018-06-18,True,2018-05-01,264.98,276.56,4.370141142727757,7.866254056909963,188.00141418312873,205.6433823082354,-8.578913615933148,
2018-06-19,True,2018-05-01,264.98,275.5,3.970110951769934,7.146199713185881,186.74642265596017,205.6433823082354,-9.189189284949073,
2018-06-20,True,2018-05-01,264.98,275.97,4.147482828892746,7.465469092006942,187.30288116328964,205.6433823082354,-8.91859535623446,
2018-06-21,True,2018-05-01,264.98,274.24,3.494603366291793,6.290286059325227,185.25464027460896,205.6433823082354,-9.914611306609466,
2018-06-22,True,2018-05-01,264.98,274.74,3.6832968525926546,6.629934334666778,185.84661741006585,205.6433823082354,-9.626745424998173,
2018-06-25,True,2018-05-01,264.98,271.0,2.2718695750622686,4.0893652351120835,181.41862843684865,205.6433823082354,-11.779982219450503,
2018-06-26,True,2018-05-01,264.98,271.6,2.498301758623289,4.4969431655219205,182.12900099939685,205.6433823082354,-11.434543161516986,
2018-06-27,True,2018-05-01,264.98,269.35,1.6491810702694565,2.9685259264850217,179.4651038898411,205.6433823082354,-12.729939628767696,
2018-06-28,True,2018-05-01,264.98,270.89,2.230357008076078,4.014642614536941,181.28839346704814,205.6433823082354,-11.843312713404986,
2018-06-29,True,2018-05-01,264.98,271.28,2.377537927390727,4.279568269303309,181.75013563270443,205.6433823082354,-11.61877732574822,
2018-07-02,True,2018-05-01,264.98,271.86,2.596422371499729,4.673560268699513,182.4368291098344,205.6433823082354,-11.284852903079123,
2018-07-03,True,2018-05-01,264.98,270.9,2.2341308778020874,4.021435580043757,181.30023300975725,205.6433823082354,-11.83755539577277,
2018-07-05,True,2018-05-01,264.98,273.11,3.068156087251861,5.52268095705335,183.9167719484765,205.6433823082354,-10.565188199050935,
2018-07-06,True,2018-05-01,264.98,275.42,3.9399199939618157,7.091855989131268,186.65170631428714,205.6433823082354,-9.235247826006853,
2018-07-09,True,2018-05-01,264.98,277.9,4.875839686014016,8.77651143482523,189.58791290615298,205.6433823082354,-7.807433053214985,
2018-07-10,True,2018-05-01,264.98,278.9,5.2532266586157395,9.455807985508331,190.77186717706672,205.6433823082354,-7.23170128999241,
2018-07-11,True,2018-05-01,264.98,276.86,4.483357234508256,8.070043022114861,188.35660046440282,205.6433823082354,-8.406194086966401,
2018-07-12,True,2018-05-01,264.98,279.37,5.430598535738551,9.775077364329393,191.32832568439616,205.6433823082354,-6.961107361277808,
2018-07-13,True,2018-05-01,264.98,279.59,5.51362366971091,9.924522605479638,191.58879562399716,205.6433823082354,-6.834446373368852,
2018-07-16,True,2018-05-01,264.98,279.34,5.419276926560479,9.754698467808863,191.29280705626869,205.6433823082354,-6.978379314174521,
2018-07-17,True,2018-05-01,264.98,280.47,5.845724205600433,10.52230357008078,192.63067538240122,205.6433823082354,-6.327802421733009,
2018-07-18,True,2018-05-01,264.98,281.06,6.068382519435422,10.92308853498376,193.32920840224025,205.6433823082354,-5.9881206814317185,
2018-07-19,True,2018-05-01,264.98,280.0,5.668352328477622,10.20303419125972,192.07421687507178,205.6433823082354,-6.598396350447599,
2018-07-20,True,2018-05-01,264.98,279.68,5.5475884972450595,9.985659295041108,191.69535150837936,205.6433823082354,-6.782630514678845,
2018-07-23,True,2018-05-01,264.98,280.2,5.74382972299794,10.338893501396292,192.31100772925444,205.6433823082354,-6.4832499978031315,
2018-07-24,True,2018-05-01,264.98,281.61,6.275945354366375,11.296701637859474,193.9803832512428,205.6433823082354,-5.6714682116593025,
2018-07-25,True,2018-05-01,264.98,284.01,7.181674088610457,12.927013359498822,196.82187350143562,205.6433823082354,-4.289711979925215,
2018-07-26,True,2018-05-01,264.98,283.34,6.928824816967305,12.471884670541149,196.0286241399234,205.6433823082354,-4.675452261284341,
2018-07-27,True,2018-05-01,264.98,281.42,6.204241829572044,11.16763529322968,193.7554319397692,205.6433823082354,-5.780857246671589,
2018-07-30,True,2018-05-01,264.98,279.95,5.649482979847531,10.169069363725557,192.01501916152606,205.6433823082354,-6.6271829386087555,
2018-07-31,True,2018-05-01,264.98,281.33,6.170277002037872,11.10649860366817,193.64887605538692,205.6433823082354,-5.832673105361652,
2018-08-01,True,2018-05-01,264.98,280.86,5.992905124915082,10.787229224847149,193.0924175480575,205.6433823082354,-6.103267034076232,
2018-08-02,True,2018-05-01,264.98,282.39,6.570307192995695,11.826552947392251,194.90386758255548,205.6433823082354,-5.222397436345727,
2018-08-03,True,2018-05-01,264.98,283.6,7.026945429843767,12.648501773718781,196.33645225036105,205.6433823082354,-4.5257620028464345,
2018-08-06,True,2018-05-01,264.98,284.64,7.419427881349527,13.35497018642915,197.5677646921112,205.6433823082354,-3.927000969095029,
2018-08-07,True,2018-05-01,264.98,285.58,7.7741716355951285,13.993508944071232,198.6806817067701,205.6433823082354,-3.385813111665825,
2018-08-08,True,2018-05-01,264.98,285.46,7.728885198882929,13.911993357989273,198.53860719426044,205.6433823082354,-3.454900923252535,
2018-08-09,True,2018-05-01,264.98,285.07,7.581704279568258,13.647067703222865,198.0768650286041,205.6433823082354,-3.679436310909334,
2018-08-10,True,2018-05-01,264.98,283.16,6.8608951618990055,12.34961129141821,195.81551237115897,205.6433823082354,-4.779083978664389,
2018-08-13,True,2018-05-01,264.98,282.1,6.460864970941205,11.62955694769417,194.5605208439905,205.6433823082354,-5.389359647680269,
2018-08-14,True,2018-05-01,264.98,283.9,7.140161521624266,12.85229073892368,196.6916385316351,205.6433823082354,-4.3530424738796984,
2018-08-15,True,2018-05-01,264.98,281.78,6.340101139708643,11.412182051475558,194.18165547729808,205.6433823082354,-5.573593811911504,
2018-08-16,True,2018-05-01,264.98,284.06,7.2005434372405475,12.960978187032985,196.88107121498132,205.6433823082354,-4.260925391764081,
2018-08-17,True,2018-05-01,264.98,285.06,7.577930409842248,13.640274737716048,198.06502548589498,205.6433823082354,-3.68519362854155,
2018-08-20,True,2018-05-01,264.98,285.67,7.8081364631293,14.054645633632742,198.78723759115238,205.6433823082354,-3.3339972529757733,
2018-08-21,True,2018-05-01,264.98,286.34,8.060985734772409,14.509774322590337,199.58048695266442,205.6433823082354,-2.948256971616725,
2018-08-22,True,2018-05-01,264.98,286.17,7.99682994943014,14.394293908974252,199.37921472660915,205.6433823082354,-3.0461313713645244,
2018-08-23,True,2018-05-01,264.98,285.79,7.8534228998415,14.136161219714701,198.929312103662,205.6433823082354,-3.2649094413890745,
2018-08-24,True,2018-05-01,264.98,287.51,8.502528492716422,15.304551286889561,200.96571344963348,205.6433823082354,-2.274650808646317,
2018-08-27,True,2018-05-01,264.98,289.78,9.359196920522294,16.84655445694013,203.65328964460753,205.6433823082354,-0.9677397061311543,
2018-08-28,True,2018-05-01,264.98,289.92,9.412031096686535,16.941655974035765,203.81904324253546,205.6433823082354,-0.8871372592799909,
2018-08-29,True,2018-05-01,264.98,291.48,10.000754773945197,18.001358593101354,205.6660119051608,205.6660119051608,0.0,
2018-08-30,True,2018-05-01,264.98,290.3,9.555438146275197,17.199788663295354,204.2689458654827,205.6660119051608,-0.6792887296916739,
2018-08-31,True,2018-05-01,264.98,290.31,9.559212016001206,17.206581628802173,204.28078540819183,205.6660119051608,-0.6735320455417471,
2018-09-04,True,2018-05-01,264.98,289.81,9.370518529700345,16.86693335346062,203.68880827273492,205.6660119051608,-0.961366253038265,
2018-09-05,True,2018-05-01,264.98,289.03,9.076156691071002,16.337082043927804,202.76532394142225,205.6660119051608,-1.4103876167327667,
2018-09-06,True,2018-05-01,264.98,288.16,8.747830024907532,15.746094044833558,201.73528372572738,205.6660119051608,-1.9112191377766319,
2018-09-07,True,2018-05-01,264.98,287.6,8.536493320250592,15.365687976451067,201.07226933401574,205.6660119051608,-2.2335934501726884,
2018-09-10,True,2018-05-01,264.98,288.1,8.725186806551433,15.705336251792579,201.66424646947257,205.6660119051608,-1.9457592426762038,
2018-09-11,True,2018-05-01,264.98,289.05,9.083704430523065,16.35066797494152,202.7890030268406,205.6660119051608,-1.3988742484328798,
2018-09-12,True,2018-05-01,264.98,289.12,9.110121518605174,16.398218733489315,202.87187982580454,205.6660119051608,-1.358577459383381,
2018-09-13,True,2018-05-01,264.98,290.83,9.755453241754086,17.559815835157355,204.8964416290669,205.6660119051608,-0.37418446974541997,
2018-09-14,True,2018-05-01,264.98,290.88,9.774322590384177,17.59378066269152,204.9556393426126,205.6660119051608,-0.34540104899576374,
2018-09-17,True,2018-05-01,264.98,289.34,9.193146652577532,16.54766397463956,203.13234976540548,205.6660119051608,-1.231930408084958,
2018-09-18,True,2018-05-01,264.98,290.91,9.785644199562228,17.61415955921201,204.99115797074003,205.6660119051608,-0.3281309965459722,
2018-09-19,True,2018-05-01,264.98,291.22,9.902634161068757,17.824741489923763,205.35818379472326,205.6660119051608,-0.14967378789815244,
2018-09-20,True,2018-05-01,264.98,293.58,10.793267416408781,19.427881349535806,208.15231587407956,208.15231587407956,0.0,
2018-09-21,True,2018-05-01,264.98,291.99,10.193222129972067,18.347799833949722,206.26982858332678,208.15231587407956,-0.9043797004360865,
2018-09-24,True,2018-05-01,264.98,291.02,9.827156766548395,17.68888217978711,205.12139294054043,208.15231587407956,-1.4561081969285739,
2018-09-25,True,2018-05-01,264.98,290.75,9.725262283945945,17.5054721111027,204.8017252873938,208.15231587407956,-1.6096821083233515,
2018-09-26,True,2018-05-01,264.98,289.88,9.396935617782475,16.914484112008456,203.77168507169895,208.15231587407956,-2.1045313783732533,
2018-09-27,True,2018-05-01,264.98,290.69,9.702619065589847,17.464714318061723,204.73068803113895,208.15231587407956,-1.643809644188876,
2018-09-28,True,2018-05-01,264.98,290.72,9.713940674767919,17.485093214582253,204.76620665926646,208.15231587407956,-1.626745876256075,
2018-10-01,True,2018-05-01,264.98,291.73,10.095101517095628,18.17118273077213,205.96200047288926,208.15231587407956,-1.0522656891866267,
2018-10-02,True,2018-05-01,264.98,291.56,10.030945731753338,18.05570231715601,205.7607282468339,208.15231587407956,-1.1489603741389187,
2018-10-03,True,2018-05-01,264.98,291.72,10.091327647369619,18.164389765265316,205.95016093018012,208.15231587407956,-1.0579536118308752,
2018-10-04,True,2018-05-01,264.98,289.44,9.230885349837713,16.615593629707885,203.25074519249688,208.15231587407956,-2.3547999747203674,
2018-10-05,True,2018-05-01,264.98,287.82,8.619518454222952,15.515133217601313,201.33273927361674,208.15231587407956,-3.2762434430891885,
2018-10-08,True,2018-05-01,264.98,287.82,8.619518454222952,15.515133217601313,201.33273927361674,208.15231587407956,-3.2762434430891885,
2018-10-09,True,2018-05-01,264.98,287.4,8.46101592573023,15.229828666314415,200.83547847983297,208.15231587407956,-3.515136194147783,
2018-10-10,True,2018-05-01,264.98,278.3,5.026794475054719,9.048230055098495,190.06149461451852,208.15231587407956,-8.691145800417122,
2018-10-11,True,2018-05-01,264.98,272.17,2.71341233300626,4.884142199411268,182.80385493381763,208.15231587407956,-12.177842381343629,RAW_DECISION
2018-10-12,False,,,275.95,,,182.80385493381763,208.15231587407956,-12.177842381343629,
2018-10-15,False,,,274.4,,,182.80385493381763,208.15231587407956,-12.177842381343629,
2018-10-16,False,,,280.4,,,182.80385493381763,208.15231587407956,-12.177842381343629,
2018-10-17,False,,,280.45,,,182.80385493381763,208.15231587407956,-12.177842381343629,
2018-10-18,False,,,276.4,,,182.80385493381763,208.15231587407956,-12.177842381343629,
2018-10-19,False,,,276.25,,,182.80385493381763,208.15231587407956,-12.177842381343629,
2018-10-22,False,,,275.01,,,182.80385493381763,208.15231587407956,-12.177842381343629,
2018-10-23,False,,,273.61,,,182.80385493381763,208.15231587407956,-12.177842381343629,
2018-10-24,False,,,265.32,,,182.80385493381763,208.15231587407956,-12.177842381343629,
2018-10-25,False,,,270.08,,,182.80385493381763,208.15231587407956,-12.177842381343629,
2018-10-26,False,,,265.33,,,182.80385493381763,208.15231587407956,-12.177842381343629,
2018-10-29,False,,,263.86,,,182.80385493381763,208.15231587407956,-12.177842381343629,
2018-10-30,False,,,267.77,,,182.80385493381763,208.15231587407956,-12.177842381343629,
2018-10-31,False,,,270.63,,,182.80385493381763,208.15231587407956,-12.177842381343629,
2018-11-01,True,2018-11-01,273.51,273.51,0.0,0.0,182.80385493381763,208.15231587407956,-12.177842381343629,
2018-11-02,True,2018-11-01,273.51,271.89,-0.5923000987166804,-1.0661401776900248,180.85490959000202,208.15231587407956,-13.114149688630384,
2018-11-05,True,2018-11-01,273.51,273.39,-0.04387408138641913,-0.07897334649555443,182.6594886120535,208.15231587407956,-12.247198478179689,
2018-11-06,True,2018-11-01,273.51,275.12,0.5886439252678288,1.0595590654820919,184.74076975081962,208.15231587407956,-11.24731474879319,
2018-11-07,True,2018-11-01,273.51,281.01,2.7421300866513176,4.935834155972372,191.82675004407517,208.15231587407956,-7.843086329090109,
2018-11-08,True,2018-11-01,273.51,280.5,2.555665240759031,4.600197433366255,191.2131931765777,208.15231587407956,-8.137849740643322,RAW_DECISION
2018-11-09,False,,,277.76,,,191.2131931765777,208.15231587407956,-8.137849740643322,
2018-11-12,False,,,272.57,,,191.2131931765777,208.15231587407956,-8.137849740643322,
2018-11-13,False,,,272.06,,,191.2131931765777,208.15231587407956,-8.137849740643322,
2018-11-14,False,,,270.2,,,191.2131931765777,208.15231587407956,-8.137849740643322,
2018-11-15,False,,,273.02,,,191.2131931765777,208.15231587407956,-8.137849740643322,
2018-11-16,False,,,273.73,,,191.2131931765777,208.15231587407956,-8.137849740643322,
2018-11-19,False,,,269.1,,,191.2131931765777,208.15231587407956,-8.137849740643322,
2018-11-20,False,,,264.12,,,191.2131931765777,208.15231587407956,-8.137849740643322,
2018-11-21,False,,,265.02,,,191.2131931765777,208.15231587407956,-8.137849740643322,
2018-11-23,False,,,263.25,,,191.2131931765777,208.15231587407956,-8.137849740643322,
2018-11-26,False,,,267.5,,,191.2131931765777,208.15231587407956,-8.137849740643322,
2018-11-27,False,,,268.4,,,191.2131931765777,208.15231587407956,-8.137849740643322,
2018-11-28,False,,,274.58,,,191.2131931765777,208.15231587407956,-8.137849740643322,
2018-11-29,False,,,273.98,,,191.2131931765777,208.15231587407956,-8.137849740643322,
2018-11-30,False,,,275.65,,,191.2131931765777,208.15231587407956,-8.137849740643322,
2018-12-03,True,2018-12-03,279.3,279.3,0.0,0.0,191.2131931765777,208.15231587407956,-8.137849740643322,
2018-12-04,True,2018-12-03,279.3,270.25,-3.2402434658073798,-5.832438238453284,180.06080178077943,208.15231587407956,-13.49565291903546,
2018-12-06,True,2018-12-03,279.3,269.84,-3.3870390261367844,-6.096670247046212,179.5555553197543,208.15231587407956,-13.738382123802406,RAW_DECISION
2018-12-07,False,,,263.57,,,179.5555553197543,208.15231587407956,-13.738382123802406,
2018-12-10,False,,,264.07,,,179.5555553197543,208.15231587407956,-13.738382123802406,
2018-12-11,False,,,264.13,,,179.5555553197543,208.15231587407956,-13.738382123802406,
2018-12-12,False,,,265.46,,,179.5555553197543,208.15231587407956,-13.738382123802406,
2018-12-13,False,,,265.37,,,179.5555553197543,208.15231587407956,-13.738382123802406,
2018-12-14,False,,,260.47,,,179.5555553197543,208.15231587407956,-13.738382123802406,
2018-12-17,False,,,255.36,,,179.5555553197543,208.15231587407956,-13.738382123802406,
2018-12-18,False,,,255.08,,,179.5555553197543,208.15231587407956,-13.738382123802406,
2018-12-19,False,,,251.26,,,179.5555553197543,208.15231587407956,-13.738382123802406,
2018-12-20,False,,,247.17,,,179.5555553197543,208.15231587407956,-13.738382123802406,
2018-12-21,False,,,240.7,,,179.5555553197543,208.15231587407956,-13.738382123802406,
2018-12-24,False,,,234.34,,,179.5555553197543,208.15231587407956,-13.738382123802406,
2018-12-26,False,,,246.18,,,179.5555553197543,208.15231587407956,-13.738382123802406,
2018-12-27,False,,,248.07,,,179.5555553197543,208.15231587407956,-13.738382123802406,
2018-12-28,False,,,247.75,,,179.5555553197543,208.15231587407956,-13.738382123802406,
2018-12-31,False,,,249.92,,,179.5555553197543,208.15231587407956,-13.738382123802406,
2019-01-02,True,2019-01-02,250.18,250.18,0.0,0.0,179.5555553197543,208.15231587407956,-13.738382123802406,
2019-01-03,True,2019-01-02,250.18,244.21,-2.386281877048524,-4.295307378687343,171.84309230326184,208.15231587407956,-17.443583761413805,
2019-01-04,True,2019-01-02,250.18,252.39,0.8833639779358693,1.5900551602845647,182.41058769269364,208.15231587407956,-12.366774817416982,RAW_DECISION
2019-01-07,False,,,254.38,,,182.41058769269364,208.15231587407956,-12.366774817416982,
2019-01-08,False,,,256.77,,,182.41058769269364,208.15231587407956,-12.366774817416982,
2019-01-09,False,,,257.97,,,182.41058769269364,208.15231587407956,-12.366774817416982,
2019-01-10,False,,,258.88,,,182.41058769269364,208.15231587407956,-12.366774817416982,
2019-01-11,False,,,258.98,,,182.41058769269364,208.15231587407956,-12.366774817416982,
2019-01-14,False,,,257.4,,,182.41058769269364,208.15231587407956,-12.366774817416982,
2019-01-15,False,,,260.35,,,182.41058769269364,208.15231587407956,-12.366774817416982,
2019-01-16,False,,,260.98,,,182.41058769269364,208.15231587407956,-12.366774817416982,
2019-01-17,False,,,262.96,,,182.41058769269364,208.15231587407956,-12.366774817416982,
2019-01-18,False,,,266.46,,,182.41058769269364,208.15231587407956,-12.366774817416982,
2019-01-22,False,,,262.86,,,182.41058769269364,208.15231587407956,-12.366774817416982,
2019-01-23,False,,,263.41,,,182.41058769269364,208.15231587407956,-12.366774817416982,
2019-01-24,False,,,263.55,,,182.41058769269364,208.15231587407956,-12.366774817416982,
2019-01-25,False,,,265.78,,,182.41058769269364,208.15231587407956,-12.366774817416982,
2019-01-28,False,,,263.76,,,182.41058769269364,208.15231587407956,-12.366774817416982,
2019-01-29,False,,,263.41,,,182.41058769269364,208.15231587407956,-12.366774817416982,
2019-01-30,False,,,267.58,,,182.41058769269364,208.15231587407956,-12.366774817416982,
2019-01-31,False,,,269.93,,,182.41058769269364,208.15231587407956,-12.366774817416982,
2019-02-01,True,2019-02-01,270.06,270.06,0.0,0.0,182.41058769269364,208.15231587407956,-12.366774817416982,
2019-02-04,True,2019-02-01,270.06,271.96,0.7035473598459463,1.2663852477227033,184.7206084655182,208.15231587407956,-11.25700058160113,
2019-02-05,True,2019-02-01,270.06,273.1,1.125675775753554,2.0262163963563973,186.10662092921308,208.15231587407956,-10.591136040111548,
2019-02-06,True,2019-02-01,270.06,272.74,0.9923720654669399,1.7862697178404918,185.6689327827831,208.15231587407956,-10.80140905321354,
2019-02-07,True,2019-02-01,270.06,270.14,0.029623046730353764,0.053321484114636775,182.5078517252336,208.15231587407956,-12.320047481172114,
2019-02-08,True,2019-02-01,270.06,270.47,0.15181811449307414,0.27327260608753345,182.90906585946107,208.15231587407956,-12.12729721916197,
2019-02-11,True,2019-02-01,270.06,270.62,0.20736132711249855,0.3732503888024974,183.09143592047354,208.15231587407956,-12.039683463702822,
2019-02-12,True,2019-02-01,270.06,274.1,1.4959638598829983,2.692734947789397,187.32242133596282,208.15231587407956,-10.007044337050598,
2019-02-13,True,2019-02-01,270.06,274.99,1.825520254758195,3.285936458564751,188.40448369797008,208.15231587407956,-9.487202721326348,
2019-02-14,True,2019-02-01,270.06,274.38,1.5996445234392365,2.8793601421906256,187.66284544985277,208.15231587407956,-9.843498660193518,
2019-02-15,True,2019-02-01,270.06,277.37,2.7068058949863083,4.872250610975355,191.29808866603466,208.15231587407956,-8.09706446804116,
2019-02-19,True,2019-02-01,270.06,277.85,2.884544175368453,5.192179515663216,191.88167286127458,208.15231587407956,-7.8167004505718785,
2019-02-20,True,2019-02-01,270.06,278.41,3.0919055024809294,5.565429904465673,192.56252108905437,208.15231587407956,-7.489609096857775,
2019-02-21,True,2019-02-01,270.06,277.42,2.7253202991927683,4.905576538546983,191.35887868637207,208.15231587407956,-8.06785988288815,
2019-02-22,True,2019-02-01,270.06,279.14,3.3622158038954186,6.0519884470117535,193.4500553859817,208.15231587407956,-7.063222153623261,
2019-02-25,True,2019-02-01,270.06,279.52,3.502925275864621,6.305265496556318,193.91205954054666,208.15231587407956,-6.841267306460064,
2019-02-26,True,2019-02-01,270.06,279.32,3.428867659038737,6.171961786269726,193.66889945919672,208.15231587407956,-6.958085647072254,
2019-02-27,True,2019-02-01,270.06,279.2,3.384433088943184,6.091979560097731,193.52300341038668,208.15231587407956,-7.02817665143961,
2019-02-28,True,2019-02-01,270.06,278.68,3.1918832851958845,5.745389913352592,192.89078719887684,208.15231587407956,-7.331904337031303,
2019-03-01,True,2019-02-01,270.06,280.42,3.8361845515811455,6.905132192846062,195.0062799066215,208.15231587407956,-6.315584773705174,
2019-03-04,True,2019-02-01,270.06,279.4,3.4584907057690684,6.225283270384323,193.76616349173662,208.15231587407956,-6.911358310827421,
2019-03-05,True,2019-02-01,270.06,279.02,3.317781233799888,5.972006220839798,193.30415933717174,208.15231587407956,-7.133313157990573,
2019-03-06,True,2019-02-01,270.06,277.33,2.691994371621109,4.845589868917997,191.24945664976457,208.15231587407956,-8.12042813616365,
2019-03-07,True,2019-02-01,270.06,275.01,1.8329260164407835,3.29926682959341,188.42879970610508,208.15231587407956,-9.475520887265121,
2019-03-08,True,2019-02-01,270.06,274.46,1.6292675701695902,2.9326816263052624,187.76010948239272,208.15231587407956,-9.79677132394865,
2019-03-11,True,2019-02-01,270.06,278.44,3.103014145004801,5.585425461008642,192.59899510125683,208.15231587407956,-7.472086345765961,
2019-03-12,True,2019-02-01,270.06,279.49,3.4918166333407497,6.285269940013349,193.8755855283442,208.15231587407956,-6.858790057551878,
2019-03-13,True,2019-02-01,270.06,281.34,4.176849588980214,7.518329260164385,196.12481628083123,208.15231587407956,-5.778220406889101,
2019-03-14,True,2019-02-01,270.06,281.16,4.11019773383694,7.398355920906492,195.90597220761637,208.15231587407956,-5.88335691344003,
2019-03-15,True,2019-02-01,270.06,281.31,4.165740946456342,7.498333703621416,196.08834226862876,208.15231587407956,-5.795743157980915,
2019-03-18,True,2019-02-01,270.06,282.33,4.543434792268375,8.178182626083075,197.32845868351353,208.15231587407956,-5.199969620858724,
2019-03-19,True,2019-02-01,270.06,282.4,4.5693549581574455,8.224838924683402,197.41356471198606,208.15231587407956,-5.159083201644443,
2019-03-20,True,2019-02-01,270.06,281.55,4.254610086647426,7.658298155965366,196.3801343662488,208.15231587407956,-5.655561149246246,
2019-03-21,True,2019-02-01,270.06,284.73,5.432126194179077,9.777827149522338,200.24637965971309,208.15231587407956,-3.7981495335123405,
2019-03-22,True,2019-02-01,270.06,279.25,3.402947493149666,6.125305487669399,193.58379343072423,208.15231587407956,-6.998972066286536,
2019-03-25,True,2019-02-01,270.06,279.04,3.3251869954824986,5.9853365918684975,193.32847534530683,208.15231587407956,-7.121631323929312,
2019-03-26,True,2019-02-01,270.06,281.12,4.095386210471741,7.371695178849134,195.85734019134628,208.15231587407956,-5.906720581562519,
2019-03-27,True,2019-02-01,270.06,279.65,3.551062726801435,6.391912908242583,194.07011359342408,208.15231587407956,-6.765335385062166,
2019-03-28,True,2019-02-01,270.06,280.71,3.9435680959786668,7.0984225727616,195.3588620245789,208.15231587407956,-6.146198179817497,
2019-03-29,True,2019-02-01,270.06,282.48,4.598978004887799,8.278160408798039,197.510828744526,208.15231587407956,-5.112355865399576,
2019-04-01,True,2019-02-01,270.06,285.83,5.839443086721463,10.510997556098634,201.58376010713783,208.15231587407956,-3.1556486601452605,
2019-04-02,True,2019-02-01,270.06,285.97,5.891283418499604,10.604310153299288,201.75397216408282,208.15231587407956,-3.0738758217167206,
2019-04-03,True,2019-02-01,270.06,286.42,6.057913056357855,10.90424350144414,202.30108234712026,208.15231587407956,-2.8110345553392646,
2019-04-04,True,2019-02-01,270.06,287.18,6.339332000296238,11.410797600533229,203.22509065625007,208.15231587407956,-2.367124861012926,
2019-04-05,True,2019-02-01,270.06,288.57,6.854032437236168,12.337258387025104,204.91505322163226,208.15231587407956,-1.5552373937581687,
2019-04-08,True,2019-02-01,270.06,288.79,6.935495815744663,12.483892468340395,205.18252931111726,208.15231587407956,-1.4267372190847283,
2019-04-09,True,2019-02-01,270.06,287.31,6.387469451233052,11.497445012219494,203.38314470912752,208.15231587407956,-2.2911929396150055,
2019-04-10,True,2019-02-01,270.06,288.29,6.75035177367993,12.150633192623875,204.57462910774237,208.15231587407956,-1.7187830706152152,
2019-04-11,True,2019-02-01,270.06,288.21,6.720728726949554,12.097311708509197,204.47736507520233,208.15231587407956,-1.7655104068601268,
2019-04-12,True,2019-02-01,270.06,290.16,7.442790491002005,13.39702288380361,206.84817586836445,208.15231587407956,-0.626531585891188,
2019-04-15,True,2019-02-01,270.06,289.97,7.372435755017404,13.270384359031327,206.61717379108197,208.15231587407956,-0.7375090094727921,
2019-04-16,True,2019-02-01,270.06,290.16,7.442790491002005,13.39702288380361,206.84817586836445,208.15231587407956,-0.626531585891188,
2019-04-17,True,2019-02-01,270.06,289.45,7.179885951270082,12.923794712286147,205.98495757957207,208.15231587407956,-1.041236695064507,
2019-04-18,True,2019-02-01,270.06,290.02,7.390950159223864,13.303710286602955,206.67796381141943,208.15231587407956,-0.70830442431975,
2019-04-22,True,2019-02-01,270.06,290.27,7.48352218025623,13.470339924461214,206.98191391310687,208.15231587407956,-0.5622814985545177,
2019-04-23,True,2019-02-01,270.06,292.88,8.4499740798341,15.209953343701379,210.15515297472385,210.15515297472385,0.0,
2019-04-24,True,2019-02-01,270.06,292.23,8.209286825149963,14.776716285269934,209.36488271033647,210.15515297472385,-0.37604134526381117,
2019-04-25,True,2019-02-01,270.06,292.05,8.142634970006668,14.656742946012002,209.14603863712156,210.15515297472385,-0.48017587164453923,
2019-04-26,True,2019-02-01,270.06,293.41,8.646226764422726,15.563208175960908,210.79952719030126,210.79952719030126,0.0,
2019-04-29,True,2019-02-01,270.06,293.87,8.81655928312226,15.869806709620068,211.35879537740612,211.35879537740612,0.0,
2019-04-30,True,2019-02-01,270.06,294.02,8.872102495741686,15.969784492335036,211.54116543841863,211.54116543841863,0.0,
2019-05-01,True,2019-02-01,270.06,291.81,8.053765829815607,14.496778493668092,208.85424653950162,211.54116543841863,-1.2701636078010559,
2019-05-02,True,2019-02-01,270.06,291.18,7.8204843368140375,14.076871806265268,208.08829228324922,211.54116543841863,-1.632246446223995,
2019-05-03,True,2019-02-01,270.06,294.03,8.875805376582967,15.976449677849342,211.5533234424861,211.5533234424861,0.0,
2019-05-06,True,2019-02-01,270.06,292.82,8.427756794786333,15.1699622306154,210.08220495031884,211.5533234424861,-0.6953889772226551,
2019-05-07,True,2019-02-01,270.06,287.93,6.617048063393316,11.910686514107969,204.13694096131238,211.5533234424861,-3.5056799678166994,
2019-05-08,True,2019-02-01,270.06,287.53,6.468932829741525,11.644079093534746,203.65062079861247,211.5533234424861,-3.735560621444023,
2019-05-09,True,2019-02-01,270.06,286.66,6.146782196548917,11.06420795378805,202.59287444474015,211.5533234424861,-4.235551043083463,
2019-05-10,True,2019-02-01,270.06,288.1,6.679997037695329,12.023994667851593,204.34362703045988,211.5533234424861,-3.4079806900250698,
2019-05-13,True,2019-02-01,270.06,280.86,3.999111308598091,7.198400355476564,195.5412320855914,211.5533234424861,-7.568820520679664,
2019-05-14,True,2019-02-01,270.06,283.4,4.93964304228689,8.891357476116402,198.62936511873582,211.5533234424861,-6.109078370146159,RAW_DECISION
2019-05-15,False,,,285.06,,,198.62936511873582,211.5533234424861,-6.109078370146159,
2019-05-16,False,,,287.7,,,198.62936511873582,211.5533234424861,-6.109078370146159,
2019-05-17,False,,,285.84,,,198.62936511873582,211.5533234424861,-6.109078370146159,
2019-05-20,False,,,283.95,,,198.62936511873582,211.5533234424861,-6.109078370146159,
2019-05-21,False,,,286.51,,,198.62936511873582,211.5533234424861,-6.109078370146159,
2019-05-22,False,,,285.63,,,198.62936511873582,211.5533234424861,-6.109078370146159,
2019-05-23,False,,,282.14,,,198.62936511873582,211.5533234424861,-6.109078370146159,
2019-05-24,False,,,282.78,,,198.62936511873582,211.5533234424861,-6.109078370146159,
2019-05-28,False,,,280.15,,,198.62936511873582,211.5533234424861,-6.109078370146159,
2019-05-29,False,,,278.27,,,198.62936511873582,211.5533234424861,-6.109078370146159,
2019-05-30,False,,,279.03,,,198.62936511873582,211.5533234424861,-6.109078370146159,
2019-05-31,False,,,275.27,,,198.62936511873582,211.5533234424861,-6.109078370146159,
2019-06-03,True,2019-06-03,274.57,274.57,0.0,0.0,198.62936511873582,211.5533234424861,-6.109078370146159,
2019-06-04,True,2019-06-03,274.57,280.53,2.1706668609097868,3.907200349637616,206.39021236713802,211.5533234424861,-2.4405719519465463,
2019-06-05,True,2019-06-03,274.57,282.96,3.0556870743344122,5.500236733801942,209.5544504231141,211.5533234424861,-0.944855408955747,RAW_DECISION
2019-06-06,False,,,284.8,,,209.5544504231141,211.5533234424861,-0.944855408955747,
2019-06-07,False,,,287.65,,,209.5544504231141,211.5533234424861,-0.944855408955747,
2019-06-10,False,,,288.97,,,209.5544504231141,211.5533234424861,-0.944855408955747,
2019-06-11,False,,,288.9,,,209.5544504231141,211.5533234424861,-0.944855408955747,
2019-06-12,False,,,288.39,,,209.5544504231141,211.5533234424861,-0.944855408955747,
2019-06-13,False,,,289.58,,,209.5544504231141,211.5533234424861,-0.944855408955747,
2019-06-14,False,,,289.26,,,209.5544504231141,211.5533234424861,-0.944855408955747,
2019-06-17,False,,,289.37,,,209.5544504231141,211.5533234424861,-0.944855408955747,
2019-06-18,False,,,292.4,,,209.5544504231141,211.5533234424861,-0.944855408955747,
2019-06-19,False,,,293.06,,,209.5544504231141,211.5533234424861,-0.944855408955747,
2019-06-20,False,,,295.86,,,209.5544504231141,211.5533234424861,-0.944855408955747,
2019-06-21,False,,,294.0,,,209.5544504231141,211.5533234424861,-0.944855408955747,
2019-06-24,False,,,293.64,,,209.5544504231141,211.5533234424861,-0.944855408955747,
2019-06-25,False,,,290.76,,,209.5544504231141,211.5533234424861,-0.944855408955747,
2019-06-26,False,,,290.47,,,209.5544504231141,211.5533234424861,-0.944855408955747,
2019-06-27,False,,,291.5,,,209.5544504231141,211.5533234424861,-0.944855408955747,
2019-06-28,False,,,293.0,,,209.5544504231141,211.5533234424861,-0.944855408955747,
2019-07-01,True,2019-07-01,295.66,295.66,0.0,0.0,209.5544504231141,211.5533234424861,-0.944855408955747,
2019-07-02,True,2019-07-01,295.66,296.43,0.26043428262192414,0.46878170871946345,210.53680335650526,211.5533234424861,-0.4805030095673235,
2019-07-03,True,2019-07-01,295.66,298.8,1.0620307109517668,1.9116552797131803,213.56040913850148,213.56040913850148,0.0,
2019-07-05,True,2019-07-01,295.66,298.46,0.947033754988813,1.7046607589798635,213.12664290817284,213.56040913850148,-0.20311172472390338,
2019-07-08,True,2019-07-01,295.66,296.82,0.3923425556382254,0.7062166001488057,211.03435873835272,213.56040913850148,-1.1828271028037407,
2019-07-09,True,2019-07-01,295.66,297.19,0.5174863018331699,0.9314753432997058,211.50639845959265,213.56040913850148,-0.9617937553101141,
2019-07-10,True,2019-07-01,295.66,298.61,0.9977677061489443,1.7959818710680997,213.31801036272964,213.56040913850148,-0.11350361087510974,
2019-07-11,True,2019-07-01,295.66,299.31,1.2345261448961642,2.2221470608130955,214.21105848399438,214.21105848399438,0.0,
2019-07-12,True,2019-07-01,295.66,300.65,1.6877494419265116,3.037948995467721,215.92060774470102,215.92060774470102,0.0,
2019-07-15,True,2019-07-01,295.66,300.75,1.7215720760332731,3.0988297368598916,216.04818604773888,216.04818604773888,0.0,
2019-07-16,True,2019-07-01,295.66,299.71,1.3698166813231216,2.465670026381619,214.72137169614558,216.04818604773888,-0.614128901457256,
2019-07-17,True,2019-07-01,295.66,297.74,0.7035107894202808,1.2663194209565054,212.20807912630065,216.04818604773888,-1.7774307628714459,
2019-07-18,True,2019-07-01,295.66,298.83,1.0721775011837797,1.9299195021308035,213.5986826294128,216.04818604773888,-1.1337764334595435,
2019-07-19,True,2019-07-01,295.66,297.17,0.5107217750118354,0.9192991950213036,211.48088279898508,216.04818604773888,-2.114020641554748,
2019-07-22,True,2019-07-01,295.66,297.9,0.757627003991046,1.3637286071838828,212.41220441116107,216.04818604773888,-1.6829493934165218,
2019-07-23,True,2019-07-01,295.66,300.03,1.4780491104646964,2.6604883988364536,215.12962226586654,216.04818604773888,-0.4251661625473524,
2019-07-24,True,2019-07-01,295.66,301.44,1.9549482513698146,3.5189068524656664,216.92847633869985,216.92847633869985,0.0,
2019-07-25,True,2019-07-01,295.66,300.0,1.4679023202326835,2.6422241764188303,215.09134877495526,216.92847633869985,-0.8468816979455451,
2019-07-26,True,2019-07-01,295.66,302.01,2.147737265778238,3.865927078400828,217.65567266601533,217.65567266601533,0.0,
2019-07-29,True,2019-07-01,295.66,301.46,1.9617127781911492,3.5310830007440686,216.95399199930736,217.65567266601533,-0.32238106092675745,
2019-07-30,True,2019-07-01,295.66,300.72,1.7114252858012602,3.0805655144422683,216.00991255682757,217.65567266601533,-0.7561301247191121,
2019-07-31,True,2019-07-01,295.66,297.43,0.5986606236893621,1.0775891226408518,211.81258638688337,217.65567266601533,-2.6845550164447007,
2019-08-01,True,2019-07-01,295.66,294.84,-0.277345599675316,-0.49922207941556884,208.50830833820396,217.65567266601533,-4.202676739718003,
2019-08-02,True,2019-07-01,295.66,292.62,-1.0282080768450275,-1.8507745383210494,205.6760700107645,217.65567266601533,-5.5039239310951,
2019-08-05,True,2019-07-01,295.66,283.82,-4.004599878238524,-7.208279780829344,194.44917934343673,217.65567266601533,-10.662020905923331,
2019-08-06,True,2019-07-01,295.66,287.8,-2.6584590407901065,-4.785226273422192,199.52679580434176,217.65567266601533,-8.329154319580578,RAW_DECISION
2019-08-07,False,,,287.97,,,199.52679580434176,217.65567266601533,-8.329154319580578,
2019-08-08,False,,,293.62,,,199.52679580434176,217.65567266601533,-8.329154319580578,
2019-08-09,False,,,291.62,,,199.52679580434176,217.65567266601533,-8.329154319580578,
2019-08-12,False,,,288.07,,,199.52679580434176,217.65567266601533,-8.329154319580578,
2019-08-13,False,,,292.55,,,199.52679580434176,217.65567266601533,-8.329154319580578,
2019-08-14,False,,,283.9,,,199.52679580434176,217.65567266601533,-8.329154319580578,
2019-08-15,False,,,284.65,,,199.52679580434176,217.65567266601533,-8.329154319580578,
2019-08-16,False,,,288.85,,,199.52679580434176,217.65567266601533,-8.329154319580578,
2019-08-19,False,,,292.33,,,199.52679580434176,217.65567266601533,-8.329154319580578,
2019-08-20,False,,,290.09,,,199.52679580434176,217.65567266601533,-8.329154319580578,
2019-08-21,False,,,292.45,,,199.52679580434176,217.65567266601533,-8.329154319580578,
2019-08-22,False,,,292.36,,,199.52679580434176,217.65567266601533,-8.329154319580578,
2019-08-23,False,,,284.85,,,199.52679580434176,217.65567266601533,-8.329154319580578,
2019-08-26,False,,,288.0,,,199.52679580434176,217.65567266601533,-8.329154319580578,
2019-08-27,False,,,286.87,,,199.52679580434176,217.65567266601533,-8.329154319580578,
2019-08-28,False,,,288.89,,,199.52679580434176,217.65567266601533,-8.329154319580578,
2019-08-29,False,,,292.58,,,199.52679580434176,217.65567266601533,-8.329154319580578,
2019-08-30,False,,,292.45,,,199.52679580434176,217.65567266601533,-8.329154319580578,
2019-09-03,True,2019-09-03,290.74,290.74,0.0,0.0,199.52679580434176,217.65567266601533,-8.329154319580578,
2019-09-04,True,2019-09-03,290.74,294.04,1.135034738942009,2.0430625300956162,203.60325300692065,217.65567266601533,-6.456261620462156,
2019-09-05,True,2019-09-03,290.74,297.82,2.435165439911935,4.383297791841483,208.27264943896552,217.65567266601533,-4.3109481651083525,
2019-09-06,True,2019-09-03,290.74,298.05,2.514273921716992,4.525693059090585,208.5567661530847,217.65567266601533,-4.180413219412193,
2019-09-09,True,2019-09-03,290.74,298.2,2.5658664098507256,4.618559537731306,208.74205966229286,217.65567266601533,-4.095281733088618,
2019-09-10,True,2019-09-03,290.74,298.13,2.541789915388315,4.575221847698967,208.6555893579957,217.65567266601533,-4.135009760039631,
2019-09-11,True,2019-09-03,290.74,300.25,3.2709637476783238,5.887734745820983,211.27440428813728,217.65567266601533,-2.931818086666582,
2019-09-12,True,2019-09-03,290.74,301.29,3.628671665405525,6.531608997729945,212.55910595198043,217.65567266601533,-2.341573114823159,
2019-09-13,True,2019-09-03,290.74,301.09,3.559881681227206,6.407787026208971,212.31204793970284,217.65567266601533,-2.4550817632546185,
2019-09-16,True,2019-09-03,290.74,300.16,3.24000825479811,5.832014858636598,211.16322818261247,217.65567266601533,-2.982896978460692,
2019-09-17,True,2019-09-03,290.74,300.92,3.501410194675647,6.302538350416165,212.10204862926696,217.65567266601533,-2.551564114421312,
2019-09-18,True,2019-09-03,290.74,301.1,3.563321180436141,6.413978124785054,212.3244008403168,217.65567266601533,-2.449406330833004,
2019-09-19,True,2019-09-03,290.74,301.08,3.5564421820182934,6.401595927632928,212.29969503908896,217.65567266601533,-2.4607571956761887,
2019-09-20,True,2019-09-03,290.74,298.28,2.5933824035220265,4.668088326339648,208.8408828672038,217.65567266601533,-4.049878273716079,
2019-09-23,True,2019-09-03,290.74,298.21,2.569305909059638,4.624750636307349,208.7544125629067,217.65567266601533,-4.089606300667059,
2019-09-24,True,2019-09-03,290.74,295.87,1.7644630941734851,3.1760335695122732,205.86383381925987,217.65567266601533,-5.417657487314664,
2019-09-25,True,2019-09-03,290.74,297.62,2.366375455733638,4.2594758203205485,208.02559142668807,217.65567266601533,-4.424456813539734,
2019-09-26,True,2019-09-03,290.74,297.0,2.1531265047809,3.87562770860562,207.25971158862777,217.65567266601533,-4.776333623677154,
2019-09-27,True,2019-09-03,290.74,295.4,1.6028066313544587,2.8850519364380256,205.28324749040766,217.65567266601533,-5.684402811128519,
2019-09-30,True,2019-09-03,290.74,296.77,2.074018022975843,3.7332324413565177,206.97559487450863,217.65567266601533,-4.906868569373279,
2019-10-01,True,2019-09-03,290.74,293.24,0.8598748022287994,1.547774644011839,202.61502095781063,217.65567266601533,-6.910296214187827,
2019-10-02,True,2019-09-03,290.74,288.06,-0.921785787989271,-1.6592144183806878,196.21621843982314,217.65567266601533,-9.850170208561604,
2019-10-03,True,2019-09-03,290.74,290.42,-0.11006397468528162,-0.1981151544335069,199.13150298469776,217.65567266601533,-8.510768157070835,
2019-10-04,True,2019-09-03,290.74,294.35,1.2416592144183891,2.2349865859531004,203.9861929259508,217.65567266601533,-6.280323215393446,
2019-10-07,True,2019-09-03,290.74,293.08,0.8048428148861531,1.4487170667950755,202.41737454798863,217.65567266601533,-7.001103132932962,
2019-10-08,True,2019-09-03,290.74,288.53,-0.7601293251702668,-1.3682327853064802,196.79680476867526,217.65567266601533,-9.583424884747771,
2019-10-09,True,2019-09-03,290.74,291.27,0.1822934580725022,0.32812822453050394,200.18149953687714,217.65567266601533,-8.028356401237325,
2019-10-10,True,2019-09-03,290.74,293.24,0.8598748022287994,1.547774644011839,202.61502095781063,217.65567266601533,-6.910296214187827,
2019-10-11,True,2019-09-03,290.74,296.28,1.9054825617389914,3.4298686111301846,206.37030274442873,217.65567266601533,-5.184964758030263,
2019-10-14,True,2019-09-03,290.74,295.95,1.7919790878448083,3.225562358120655,205.96265702417088,217.65567266601533,-5.372254027942091,
2019-10-15,True,2019-09-03,290.74,298.88,2.7997523560569615,5.039554240902531,209.5820569040364,217.65567266601533,-3.709352328421789,
2019-10-16,True,2019-09-03,290.74,298.4,2.6346563940290224,4.74238150925224,208.98911767457034,217.65567266601533,-3.981773084657214,
2019-10-17,True,2019-09-03,290.74,299.28,2.937332324413555,5.287198183944399,210.07617292859138,217.65567266601533,-3.4823350315589585,
2019-10-18,True,2019-09-03,290.74,297.97,2.486757928045691,4.4761642704822435,208.45794294817378,217.65567266601533,-4.225816678784722,
2019-10-21,True,2019-09-03,290.74,299.99,3.181536768246551,5.726766182843792,210.9532288721766,217.65567266601533,-3.0793793296273964,
2019-10-22,True,2019-09-03,290.74,299.01,2.844465845772848,5.120038522391126,209.74264461201676,217.65567266601533,-3.635571706941365,
2019-10-23,True,2019-09-03,290.74,299.88,3.143702276948468,5.658664098507242,210.8173469654239,217.65567266601533,-3.141809086264713,
2019-10-24,True,2019-09-03,290.74,300.37,3.3122377381853196,5.962027928733575,211.42263909550383,217.65567266601533,-2.8637128976077175,
2019-10-25,True,2019-09-03,290.74,301.6,3.735296140881883,6.723533053587389,212.9420458710105,217.65567266601533,-2.1656347097544937,
2019-10-28,True,2019-09-03,290.74,303.3,4.320011006397473,7.776019811515451,215.04203897536937,217.65567266601533,-1.2008111980874037,
2019-10-29,True,2019-09-03,290.74,303.21,4.289055513517215,7.720299924330987,214.9308628698444,217.65567266601533,-1.25189008988158,
2019-10-30,True,2019-09-03,290.74,304.14,4.608928939946333,8.2960720919034,216.07968262693484,217.65567266601533,-0.7240748746754622,
2019-10-31,True,2019-09-03,290.74,303.33,4.330329504024211,7.794593107243579,215.07909767721094,217.65567266601533,-1.1837849008227153,
2019-11-01,True,2019-09-03,290.74,306.14,5.296828781729368,9.534291807112863,218.55026274970993,218.55026274970993,0.0,
2019-11-04,True,2019-09-03,290.74,307.37,5.719887184425954,10.295796931966716,220.06966952521668,220.06966952521668,0.0,
2019-11-05,True,2019-09-03,290.74,307.03,5.602944211322813,10.085299580381065,219.64967090434482,220.06966952521668,-0.19084802634455889,
2019-11-06,True,2019-09-03,290.74,307.1,5.627020705785246,10.128637270413444,219.73614120864204,220.06966952521668,-0.1515557856265226,
2019-11-07,True,2019-09-03,290.74,308.18,5.998486620348076,10.797275916626537,221.07025447494055,221.07025447494055,0.0,
2019-11-08,True,2019-09-03,290.74,308.94,6.259888560225635,11.267799408406143,222.0090749215951,222.0090749215951,0.0,
2019-11-11,True,2019-09-03,290.74,308.35,6.056958106899635,10.902524592419343,221.28025378537643,222.0090749215951,-0.3282843894899634,
2019-11-12,True,2019-09-03,290.74,309.0,6.280525555479111,11.3049459998624,222.08319232527833,222.08319232527833,0.0,
2019-11-13,True,2019-09-03,290.74,309.1,6.314920547568281,11.366856985622906,222.20672133141713,222.20672133141713,0.0,
2019-11-14,True,2019-09-03,290.74,309.55,6.46969801196946,11.64545642154503,222.7626018590415,222.7626018590415,0.0,
2019-11-15,True,2019-09-03,290.74,311.79,7.240145834766465,13.032262502579638,225.52965159654963,225.52965159654963,0.0,
2019-11-18,True,2019-09-03,290.74,312.02,7.3192543165715,13.1746577698287,225.8137683106687,225.8137683106687,0.0,
2019-11-19,True,2019-09-03,290.74,311.93,7.288298823691264,13.118937882644275,225.70259220514382,225.8137683106687,-0.049233537156134766,
2019-11-20,True,2019-09-03,290.74,310.77,6.889316915457089,12.40077044782276,224.26965573393423,225.8137683106687,-0.6837991271684274,
2019-11-21,True,2019-09-03,290.74,310.27,6.717341955011347,12.091215519020425,223.6520107032405,225.8137683106687,-0.957318778035765,
2019-11-22,True,2019-09-03,290.74,310.96,6.954667400426495,12.518401320767692,224.50436084559794,225.8137683106687,-0.5798616598387873,
2019-11-25,True,2019-09-03,290.74,313.37,7.783586709775059,14.010456077595107,227.48140989354192,227.48140989354192,0.0,
2019-11-26,True,2019-09-03,290.74,314.08,8.027791153608032,14.450024076494458,228.35846583712706,228.35846583712706,0.0,
2019-11-27,True,2019-09-03,290.74,315.48,8.509321042856154,15.316777877141078,230.08787192306963,230.08787192306963,0.0,
2019-11-29,True,2019-09-03,290.74,314.31,8.10689963541309,14.592419343743561,228.64258255124622,230.08787192306963,-0.6281466987997697,
2019-12-02,True,2019-09-03,290.74,311.64,7.188553346632731,12.939396023938917,225.34435808734148,230.08787192306963,-2.0616096781120863,
2019-12-03,True,2019-09-03,290.74,309.55,6.46969801196946,11.64545642154503,222.7626018590415,230.08787192306963,-3.183683695626227,
2019-12-04,True,2019-09-03,290.74,311.46,7.126642360872237,12.827956249570027,225.12200587629164,230.08787192306963,-2.1582476317736243,
2019-12-05,True,2019-09-03,290.74,312.02,7.3192543165715,13.1746577698287,225.8137683106687,230.08787192306963,-1.8575962203822627,
2019-12-06,True,2019-09-03,290.74,314.87,8.29951159111233,14.939120864002193,229.33434498562323,230.08787192306963,-0.32749528740843026,
2019-12-09,True,2019-09-03,290.74,313.88,7.959001169429736,14.326202104973525,228.1114078248496,230.08787192306963,-0.8590040325466841,
2019-12-10,True,2019-09-03,290.74,313.53,7.838618697117683,14.10951365481183,227.6790563033639,230.08787192306963,-1.0469111646663087,
2019-12-11,True,2019-09-03,290.74,314.42,8.14473412671115,14.66052142808007,228.77846445799887,230.08787192306963,-0.569090171562181,
2019-12-12,True,2019-09-03,290.74,317.13,9.07683841232716,16.338309142188887,232.12610052435906,232.12610052435906,0.0,
2019-12-13,True,2019-09-03,290.74,317.32,9.142188897296544,16.45594001513378,232.3608056360227,232.3608056360227,0.0,
2019-12-16,True,2019-09-03,290.74,319.5,9.891999724840051,17.80559950471209,235.05373796984756,235.05373796984756,0.0,
2019-12-17,True,2019-09-03,290.74,319.57,9.916076219302461,17.84893719474443,235.1402082741447,235.1402082741447,0.0,
2019-12-18,True,2019-09-03,290.74,319.59,9.922955217720286,17.861319391896515,235.16491407537242,235.16491407537242,0.0,
2019-12-19,True,2019-09-03,290.74,320.9,10.373529614088174,18.672353305358712,236.78314405579007,236.78314405579007,0.0,
2019-12-20,True,2019-09-03,290.74,320.73,10.315058127536636,18.567104629565947,236.57314474535428,236.78314405579007,-0.08868845427033589,
2019-12-23,True,2019-09-03,290.74,321.22,10.483593588773488,18.870468459792278,237.17843687543422,237.17843687543422,0.0,
2019-12-24,True,2019-09-03,290.74,321.23,10.4870330879824,18.87665955836832,237.1907897760481,237.1907897760481,0.0,
2019-12-26,True,2019-09-03,290.74,322.94,11.075187452706881,19.935337414872386,239.30313578102073,239.30313578102073,0.0,
2019-12-27,True,2019-09-03,290.74,322.86,11.047671459035557,19.885808626264005,239.20431257610974,239.30313578102073,-0.04129624318898184,
2019-12-30,True,2019-09-03,290.74,321.08,10.435440599848643,18.78379307972756,237.00549626683983,239.30313578102073,-0.9601376541439888,
2019-12-31,True,2019-09-03,290.74,321.86,10.703721538144052,19.266698768659293,237.9690225147222,239.30313578102073,-0.5574992830513215,
2020-01-02,True,2019-09-03,290.74,324.87,11.739010800027504,21.13021944004951,241.68724559949868,241.68724559949868,0.0,
2020-01-03,True,2019-09-03,290.74,322.41,10.892893994634377,19.60720919034188,238.64843204848535,241.68724559949868,-1.2573330228807245,
2020-01-06,True,2019-09-03,290.74,323.64,11.315952397330943,20.368714315195696,240.16783882399199,241.68724559949868,-0.6286665114403678,
2020-01-07,True,2019-09-03,290.74,322.73,11.00295796931967,19.805324344775407,239.04372486812935,241.68724559949868,-1.0937775077092482,
2020-01-08,True,2019-09-03,290.74,324.45,11.594551833253064,20.870193299855515,241.1684237737159,241.68724559949868,-0.214666613662573,
2020-01-09,True,2019-09-03,290.74,326.65,12.351241659214418,22.232234986585954,243.88606190876854,243.88606190876854,0.0,
2020-01-10,True,2019-09-03,290.74,325.71,12.027928733576388,21.650271720437498,242.72488925106424,243.88606190876854,-0.4761127588089331,
2020-01-13,True,2019-09-03,290.74,327.95,12.798376556373391,23.037077801472105,245.49193898857234,245.49193898857234,0.0,
2020-01-14,True,2019-09-03,290.74,327.45,12.626401595927629,22.72752287266973,244.87429395787856,245.49193898857234,-0.2515948316830552,
2020-01-15,True,2019-09-03,290.74,328.19,12.880924537387362,23.18566416729725,245.78840860330538,245.78840860330538,0.0,
2020-01-16,True,2019-09-03,290.74,330.92,13.819907821421197,24.875834078558153,249.16075047089336,249.16075047089336,0.0,
2020-01-17,True,2019-09-03,290.74,331.95,14.174176239939463,25.513517231891033,250.43309923412252,250.43309923412252,0.0,
2020-01-21,True,2019-09-03,290.74,331.3,13.950608791359986,25.111095824447975,249.63016069422065,250.43309923412252,-0.3206199748984617,
2020-01-22,True,2019-09-03,290.74,331.34,13.964366788195637,25.135860218752146,249.6795722966761,250.43309923412252,-0.30088951490472304,
2020-01-23,True,2019-09-03,290.74,331.72,14.095067758134427,25.37112196464197,250.14898252000344,250.43309923412252,-0.1134501449640557,
2020-01-24,True,2019-09-03,290.74,328.77,13.080415491504427,23.54474788470797,246.50487683891012,250.43309923412252,-1.5685715695032854,
2020-01-27,True,2019-09-03,290.74,323.5,11.267799408406143,20.28203893513106,239.9948982153978,250.43309923412252,-4.168059673680102,
2020-01-28,True,2019-09-03,290.74,326.89,12.433789640228365,22.380821352411058,244.1825315235015,250.43309923412252,-2.4959031892096473,
2020-01-29,True,2019-09-03,290.74,326.62,12.34092316158768,22.213661690857826,243.84900320692697,250.43309923412252,-2.6290837941674305,
2020-01-30,True,2019-09-03,290.74,327.68,12.705510077732685,22.869918139918834,245.15841067199773,250.43309923412252,-2.106226604333017,
2020-01-31,True,2019-09-03,290.74,321.73,10.659008048428142,19.186214487170655,237.8084348067418,250.43309923412252,-5.041132528403647,
2020-02-03,True,2019-09-03,290.74,324.12,11.48104835935888,20.665887046845985,240.76077805345804,250.43309923412252,-3.8622375437769585,DUAL_ACTION_ORDER_DEPENDENT
2020-02-04,False,,,329.06,,,240.76077805345804,250.43309923412252,-3.8622375437769585,
2020-02-05,False,,,332.86,,,240.76077805345804,250.43309923412252,-3.8622375437769585,
2020-02-06,False,,,333.98,,,240.76077805345804,250.43309923412252,-3.8622375437769585,
2020-02-07,False,,,332.2,,,240.76077805345804,250.43309923412252,-3.8622375437769585,
2020-02-10,False,,,334.68,,,240.76077805345804,250.43309923412252,-3.8622375437769585,
2020-02-11,False,,,335.26,,,240.76077805345804,250.43309923412252,-3.8622375437769585,
2020-02-12,False,,,337.42,,,240.76077805345804,250.43309923412252,-3.8622375437769585,
2020-02-13,False,,,337.06,,,240.76077805345804,250.43309923412252,-3.8622375437769585,
2020-02-14,False,,,337.6,,,240.76077805345804,250.43309923412252,-3.8622375437769585,
2020-02-18,False,,,336.73,,,240.76077805345804,250.43309923412252,-3.8622375437769585,
2020-02-19,False,,,338.34,,,240.76077805345804,250.43309923412252,-3.8622375437769585,
2020-02-20,False,,,336.95,,,240.76077805345804,250.43309923412252,-3.8622375437769585,
2020-02-21,False,,,333.48,,,240.76077805345804,250.43309923412252,-3.8622375437769585,
2020-02-24,False,,,322.42,,,240.76077805345804,250.43309923412252,-3.8622375437769585,
2020-02-25,False,,,312.65,,,240.76077805345804,250.43309923412252,-3.8622375437769585,
2020-02-26,False,,,311.5,,,240.76077805345804,250.43309923412252,-3.8622375437769585,
2020-02-27,False,,,297.51,,,240.76077805345804,250.43309923412252,-3.8622375437769585,
2020-02-28,False,,,296.26,,,240.76077805345804,250.43309923412252,-3.8622375437769585,
2020-03-02,False,,,309.09,,,240.76077805345804,250.43309923412252,-3.8622375437769585,
2020-03-03,False,,,300.24,,,240.76077805345804,250.43309923412252,-3.8622375437769585,
2020-03-04,False,,,312.86,,,240.76077805345804,250.43309923412252,-3.8622375437769585,
2020-03-05,False,,,302.46,,,240.76077805345804,250.43309923412252,-3.8622375437769585,
2020-03-06,False,,,297.46,,,240.76077805345804,250.43309923412252,-3.8622375437769585,
2020-03-09,False,,,274.23,,,240.76077805345804,250.43309923412252,-3.8622375437769585,
2020-03-10,False,,,288.42,,,240.76077805345804,250.43309923412252,-3.8622375437769585,
2020-03-11,False,,,274.36,,,240.76077805345804,250.43309923412252,-3.8622375437769585,
2020-03-12,False,,,248.11,,,240.76077805345804,250.43309923412252,-3.8622375437769585,
2020-03-13,False,,,269.32,,,240.76077805345804,250.43309923412252,-3.8622375437769585,
2020-03-16,False,,,239.85,,,240.76077805345804,250.43309923412252,-3.8622375437769585,
2020-03-17,False,,,252.8,,,240.76077805345804,250.43309923412252,-3.8622375437769585,
2020-03-18,False,,,240.0,,,240.76077805345804,250.43309923412252,-3.8622375437769585,
2020-03-19,False,,,240.51,,,240.76077805345804,250.43309923412252,-3.8622375437769585,
2020-03-20,False,,,228.8,,,240.76077805345804,250.43309923412252,-3.8622375437769585,
2020-03-23,False,,,222.95,,,240.76077805345804,250.43309923412252,-3.8622375437769585,
2020-03-24,False,,,243.15,,,240.76077805345804,250.43309923412252,-3.8622375437769585,
2020-03-25,False,,,246.79,,,240.76077805345804,250.43309923412252,-3.8622375437769585,
2020-03-26,False,,,261.2,,,240.76077805345804,250.43309923412252,-3.8622375437769585,
2020-03-27,False,,,253.42,,,240.76077805345804,250.43309923412252,-3.8622375437769585,
2020-03-30,False,,,261.65,,,240.76077805345804,250.43309923412252,-3.8622375437769585,
2020-03-31,False,,,257.75,,,240.76077805345804,250.43309923412252,-3.8622375437769585,
2020-04-01,False,,,246.15,,,240.76077805345804,250.43309923412252,-3.8622375437769585,
2020-04-02,False,,,251.83,,,240.76077805345804,250.43309923412252,-3.8622375437769585,
2020-04-03,False,,,248.19,,,240.76077805345804,250.43309923412252,-3.8622375437769585,
2020-04-06,False,,,264.86,,,240.76077805345804,250.43309923412252,-3.8622375437769585,
2020-04-07,False,,,265.13,,,240.76077805345804,250.43309923412252,-3.8622375437769585,
2020-04-08,False,,,274.03,,,240.76077805345804,250.43309923412252,-3.8622375437769585,
2020-04-09,False,,,278.2,,,240.76077805345804,250.43309923412252,-3.8622375437769585,
2020-04-13,False,,,275.66,,,240.76077805345804,250.43309923412252,-3.8622375437769585,
2020-04-14,False,,,283.79,,,240.76077805345804,250.43309923412252,-3.8622375437769585,
2020-04-15,False,,,277.76,,,240.76077805345804,250.43309923412252,-3.8622375437769585,
2020-04-16,False,,,279.1,,,240.76077805345804,250.43309923412252,-3.8622375437769585,
2020-04-17,False,,,286.64,,,240.76077805345804,250.43309923412252,-3.8622375437769585,
2020-04-20,False,,,281.59,,,240.76077805345804,250.43309923412252,-3.8622375437769585,
2020-04-21,False,,,273.04,,,240.76077805345804,250.43309923412252,-3.8622375437769585,
2020-04-22,False,,,279.1,,,240.76077805345804,250.43309923412252,-3.8622375437769585,
2020-04-23,False,,,279.08,,,240.76077805345804,250.43309923412252,-3.8622375437769585,
2020-04-24,False,,,282.97,,,240.76077805345804,250.43309923412252,-3.8622375437769585,
2020-04-27,False,,,287.05,,,240.76077805345804,250.43309923412252,-3.8622375437769585,
2020-04-28,False,,,285.73,,,240.76077805345804,250.43309923412252,-3.8622375437769585,
2020-04-29,False,,,293.21,,,240.76077805345804,250.43309923412252,-3.8622375437769585,
2020-04-30,False,,,290.48,,,240.76077805345804,250.43309923412252,-3.8622375437769585,
2020-05-01,False,,,282.79,,,240.76077805345804,250.43309923412252,-3.8622375437769585,
2020-05-04,False,,,283.57,,,240.76077805345804,250.43309923412252,-3.8622375437769585,
2020-05-05,False,,,286.19,,,240.76077805345804,250.43309923412252,-3.8622375437769585,
2020-05-06,False,,,284.25,,,240.76077805345804,250.43309923412252,-3.8622375437769585,
2020-05-07,False,,,287.68,,,240.76077805345804,250.43309923412252,-3.8622375437769585,
2020-05-08,False,,,292.44,,,240.76077805345804,250.43309923412252,-3.8622375437769585,
2020-05-11,False,,,292.5,,,240.76077805345804,250.43309923412252,-3.8622375437769585,
2020-05-12,False,,,286.67,,,240.76077805345804,250.43309923412252,-3.8622375437769585,
2020-05-13,False,,,281.6,,,240.76077805345804,250.43309923412252,-3.8622375437769585,
2020-05-14,False,,,284.97,,,240.76077805345804,250.43309923412252,-3.8622375437769585,
2020-05-15,False,,,286.28,,,240.76077805345804,250.43309923412252,-3.8622375437769585,
2020-05-18,False,,,295.0,,,240.76077805345804,250.43309923412252,-3.8622375437769585,
2020-05-19,False,,,291.97,,,240.76077805345804,250.43309923412252,-3.8622375437769585,
2020-05-20,False,,,296.93,,,240.76077805345804,250.43309923412252,-3.8622375437769585,
2020-05-21,False,,,294.88,,,240.76077805345804,250.43309923412252,-3.8622375437769585,
2020-05-22,False,,,295.44,,,240.76077805345804,250.43309923412252,-3.8622375437769585,
2020-05-26,False,,,299.08,,,240.76077805345804,250.43309923412252,-3.8622375437769585,
2020-05-27,False,,,303.53,,,240.76077805345804,250.43309923412252,-3.8622375437769585,
2020-05-28,False,,,302.97,,,240.76077805345804,250.43309923412252,-3.8622375437769585,
2020-05-29,False,,,304.32,,,240.76077805345804,250.43309923412252,-3.8622375437769585,
2020-06-01,True,2020-06-01,305.55,305.55,0.0,0.0,240.76077805345804,250.43309923412252,-3.8622375437769585,
2020-06-02,True,2020-06-01,305.55,308.08,0.8280150548191756,1.490427098674516,244.34914193254636,250.43309923412252,-2.4293742800700846,
2020-06-03,True,2020-06-01,305.55,312.18,2.169857633775152,3.9057437407952733,250.16427707257097,250.43309923412252,-0.10734290410240321,
2020-06-04,True,2020-06-01,305.55,311.36,1.9014891179839566,3.422680412371122,249.00125004456606,250.43309923412252,-0.5717491792959328,
2020-06-05,True,2020-06-01,305.55,319.34,4.513172966781198,8.123711340206157,260.31948868295535,260.31948868295535,0.0,
2020-06-08,True,2020-06-01,305.55,323.2,5.776468663066603,10.397643593519886,265.79422566844204,265.79422566844204,0.0,RAW_DECISION
2020-06-09,False,,,320.79,,,265.79422566844204,265.79422566844204,0.0,
2020-06-10,False,,,319.0,,,265.79422566844204,265.79422566844204,0.0,
2020-06-11,False,,,300.61,,,265.79422566844204,265.79422566844204,0.0,
2020-06-12,False,,,304.21,,,265.79422566844204,265.79422566844204,0.0,
2020-06-15,False,,,307.05,,,265.79422566844204,265.79422566844204,0.0,
2020-06-16,False,,,312.96,,,265.79422566844204,265.79422566844204,0.0,
2020-06-17,False,,,311.66,,,265.79422566844204,265.79422566844204,0.0,
2020-06-18,False,,,311.78,,,265.79422566844204,265.79422566844204,0.0,
2020-06-19,False,,,308.64,,,265.79422566844204,265.79422566844204,0.0,
2020-06-22,False,,,310.62,,,265.79422566844204,265.79422566844204,0.0,
2020-06-23,False,,,312.05,,,265.79422566844204,265.79422566844204,0.0,
2020-06-24,False,,,304.09,,,265.79422566844204,265.79422566844204,0.0,
2020-06-25,False,,,307.35,,,265.79422566844204,265.79422566844204,0.0,
2020-06-26,False,,,300.05,,,265.79422566844204,265.79422566844204,0.0,
2020-06-29,False,,,304.46,,,265.79422566844204,265.79422566844204,0.0,
2020-06-30,False,,,308.36,,,265.79422566844204,265.79422566844204,0.0,
2020-07-01,True,2020-07-01,310.52,310.52,0.0,0.0,265.79422566844204,265.79422566844204,0.0,
2020-07-02,True,2020-07-01,310.52,312.23,0.5506891665593372,0.991240499806807,268.42888567941554,268.42888567941554,0.0,
2020-07-06,True,2020-07-01,310.52,317.05,2.1029241272704002,3.7852634290867204,275.85523728929377,275.85523728929377,0.0,
2020-07-07,True,2020-07-01,310.52,313.78,1.0498518613937913,1.8897333505088243,270.81702779462523,275.85523728929377,-1.8263961722013167,
2020-07-08,True,2020-07-01,310.52,316.18,1.8227489372665273,3.280948087079749,274.51479623107923,275.85523728929377,-0.4859219173746543,
2020-07-09,True,2020-07-01,310.52,314.38,1.2430761303619864,2.2375370346515755,271.7414699037388,275.85523728929377,-1.4912776084946344,
2020-07-10,True,2020-07-01,310.52,317.59,2.276825969341756,4.0982867448151605,276.6872351874959,276.6872351874959,0.0,
2020-07-13,True,2020-07-01,310.52,314.84,1.3912147365709115,2.504186525827641,272.4502088540591,276.6872351874959,-1.5313414551146876,
2020-07-14,True,2020-07-01,310.52,318.92,2.705139765554554,4.869251577998197,278.73641519603075,278.73641519603075,0.0,
2020-07-15,True,2020-07-01,310.52,321.85,3.64871827901585,6.56769290222853,283.2507741622016,283.2507741622016,0.0,
2020-07-16,True,2020-07-01,310.52,320.79,3.30735540383873,5.953239726909714,281.6175931027678,283.2507741622016,-0.5765848528620721,
2020-07-17,True,2020-07-01,310.52,321.72,3.60685302073942,6.492335437330956,283.05047837189375,283.2507741622016,-0.07071323667173779,
2020-07-20,True,2020-07-01,310.52,324.32,4.444158186268199,7.999484735282758,287.0563941780521,287.0563941780521,0.0,
2020-07-21,True,2020-07-01,310.52,325.01,4.666366095581598,8.399458972046876,288.1195026035325,288.1195026035325,0.0,
2020-07-22,True,2020-07-01,310.52,326.86,5.262140924900183,9.47185366482033,290.9698657732992,290.9698657732992,0.0,
2020-07-23,True,2020-07-01,310.52,322.96,4.006183176606992,7.211129717892586,284.96099206406154,290.9698657732992,-2.065118906134189,
2020-07-24,True,2020-07-01,310.52,320.88,3.3363390441839558,6.00541027953112,281.7562594191348,290.9698657732992,-3.1665156560724217,
2020-07-27,True,2020-07-01,310.52,323.22,4.0899136931598745,7.361844647687774,285.36158364467735,290.9698657732992,-1.9274443123919127,
2020-07-28,True,2020-07-01,310.52,321.17,3.4297307741852467,6.173515393533444,282.20307310520633,290.9698657732992,-3.012955532282946,
2020-07-29,True,2020-07-01,310.52,325.12,4.701790544892437,8.463222980806387,288.28898365687,290.9698657732992,-0.9213607427368209,
2020-07-30,True,2020-07-01,310.52,323.96,4.328223624887295,7.790802524797131,286.50172891258404,290.9698657732992,-1.535601237894646,
2020-07-31,True,2020-07-01,310.52,326.52,5.15264717248487,9.274764910472767,290.4460152448015,290.9698657732992,-0.18003600720145618,
2020-08-03,True,2020-07-01,310.52,328.79,5.883678990081176,10.590622182146117,293.9434878909476,293.9434878909476,0.0,
2020-08-04,True,2020-07-01,310.52,330.06,6.292670359397157,11.326806646914882,295.9002236885711,295.9002236885711,0.0,
2020-08-05,True,2020-07-01,310.52,332.11,6.9528532783717845,12.515135901069213,299.0587342280421,299.0587342280421,0.0,
2020-08-06,True,2020-07-01,310.52,334.33,7.667783073554046,13.802009532397284,302.47917003176195,302.47917003176195,0.0,
2020-08-07,True,2020-07-01,310.52,334.57,7.745072781141316,13.941131006054368,302.8489468754073,302.8489468754073,0.0,
2020-08-10,True,2020-07-01,310.52,335.57,8.067113229421619,14.520803812958913,304.38968372392975,304.38968372392975,0.0,
2020-08-11,True,2020-07-01,310.52,332.8,7.175061187685183,12.91511013783333,300.1218426535226,304.38968372392975,-1.402097803773772,
2020-08-12,True,2020-07-01,310.52,337.44,8.669328867705794,15.60479196187043,307.27086163066684,307.27086163066684,0.0,
2020-08-13,True,2020-07-01,310.52,336.83,8.472884194254803,15.251191549658646,306.33101215306806,307.27086163066684,-0.3058700303084638,
2020-08-14,True,2020-07-01,310.52,336.84,8.4761045987376,15.256988277727679,306.3464195215533,307.27086163066684,-0.3008557675165169,
2020-08-17,True,2020-07-01,310.52,337.91,8.820687878397537,15.877238181115567,307.9950079494724,307.9950079494724,0.0,
2020-08-18,True,2020-07-01,310.52,338.64,9.05577740564214,16.30039933015585,309.11974584889373,309.11974584889373,0.0,
2020-08-19,True,2020-07-01,310.52,337.23,8.601700373566935,15.483060672420484,306.9473068924772,309.11974584889373,-0.7027823313100479,
2020-08-20,True,2020-07-01,310.52,338.28,8.939842844261236,16.091717119670225,308.56508058342564,309.11974584889373,-0.17943378671746446,
2020-08-21,True,2020-07-01,310.52,339.48,9.326291382197628,16.78732448795573,310.4139648016527,310.4139648016527,0.0,
2020-08-24,True,2020-07-01,310.52,342.92,10.43411052428187,18.781398943707366,315.71409956057,315.71409956057,0.0,
2020-08-25,True,2020-07-01,310.52,344.12,10.820559062218216,19.47700631199279,317.5629837787968,317.5629837787968,0.0,
2020-08-26,True,2020-07-01,310.52,347.57,11.931598608785276,21.476877495813497,322.87852590619946,322.87852590619946,0.0,
2020-08-27,True,2020-07-01,310.52,348.33,12.176349349478288,21.91742882906092,324.0494859110764,324.0494859110764,0.0,
2020-08-28,True,2020-07-01,310.52,350.58,12.900940358108981,23.221692644596168,327.516143820252,327.516143820252,0.0,
2020-08-31,True,2020-07-01,310.52,349.31,12.491948988793,22.485508179827402,325.5594080226285,327.516143820252,-0.5974471288039629,
2020-09-01,True,2020-07-01,310.52,352.6,13.5514620636352,24.39263171454336,330.62843225426735,330.62843225426735,0.0,
2020-09-02,True,2020-07-01,310.52,357.7,15.193868349864736,27.348963029756526,338.4861901817319,338.4861901817319,0.0,
2020-09-03,True,2020-07-01,310.52,345.39,11.229550431534197,20.213190776761554,319.51971957642036,338.4861901817319,-5.603321835708719,
2020-09-04,True,2020-07-01,310.52,342.57,10.32139636738374,18.578513461290733,315.174841663587,338.4861901817319,-6.886942272483587,RAW_DECISION
2020-09-08,False,,,333.21,,,315.174841663587,338.4861901817319,-6.886942272483587,
2020-09-09,False,,,339.79,,,315.174841663587,338.4861901817319,-6.886942272483587,
2020-09-10,False,,,333.89,,,315.174841663587,338.4861901817319,-6.886942272483587,
2020-09-11,False,,,334.06,,,315.174841663587,338.4861901817319,-6.886942272483587,
2020-09-14,False,,,338.46,,,315.174841663587,338.4861901817319,-6.886942272483587,
2020-09-15,False,,,340.17,,,315.174841663587,338.4861901817319,-6.886942272483587,
2020-09-16,False,,,338.82,,,315.174841663587,338.4861901817319,-6.886942272483587,
2020-09-17,False,,,335.84,,,315.174841663587,338.4861901817319,-6.886942272483587,
2020-09-18,False,,,330.65,,,315.174841663587,338.4861901817319,-6.886942272483587,
2020-09-21,False,,,326.97,,,315.174841663587,338.4861901817319,-6.886942272483587,
2020-09-22,False,,,330.3,,,315.174841663587,338.4861901817319,-6.886942272483587,
2020-09-23,False,,,322.64,,,315.174841663587,338.4861901817319,-6.886942272483587,
2020-09-24,False,,,323.5,,,315.174841663587,338.4861901817319,-6.886942272483587,
2020-09-25,False,,,328.73,,,315.174841663587,338.4861901817319,-6.886942272483587,
2020-09-28,False,,,334.19,,,315.174841663587,338.4861901817319,-6.886942272483587,
2020-09-29,False,,,332.37,,,315.174841663587,338.4861901817319,-6.886942272483587,
2020-09-30,False,,,334.89,,,315.174841663587,338.4861901817319,-6.886942272483587,
2020-10-01,True,2020-10-01,337.04,337.04,0.0,0.0,315.174841663587,338.4861901817319,-6.886942272483587,
2020-10-02,True,2020-10-01,337.04,333.84,-0.9494422027059191,-1.7089959648706543,309.78851633726885,338.4861901817319,-8.478240671814518,
2020-10-05,True,2020-10-01,337.04,339.76,0.8070258723000157,1.4526465701400282,319.7532181909574,338.4861901817319,-5.534338633052305,
2020-10-06,True,2020-10-01,337.04,334.93,-0.6260384524092166,-1.12686921433659,311.623233401546,338.4861901817319,-7.936204654542422,
2020-10-07,True,2020-10-01,337.04,340.76,1.1037265606456126,1.9867078091621027,321.4364448554318,338.4861901817319,-5.037057883261409,
2020-10-08,True,2020-10-01,337.04,343.78,1.9997626394492984,3.599572751008737,326.5197893821444,338.4861901817319,-3.5352700188928887,
2020-10-09,True,2020-10-01,337.04,346.85,2.9106337526703108,5.239140754806559,331.68729524208106,338.4861901817319,-2.0086181170347106,
2020-10-12,True,2020-10-01,337.04,352.43,4.566223593638741,8.219202468549733,341.07970002984825,341.07970002984825,0.0,
2020-10-13,True,2020-10-01,337.04,350.13,3.8838120104438545,6.990861618798938,337.20827870155705,341.07970002984825,-1.1350488838686168,
2020-10-14,True,2020-10-01,337.04,347.93,3.2310704960835546,5.815926892950398,333.5051800397134,341.07970002984825,-2.2207478162646344,
2020-10-15,True,2020-10-01,337.04,347.5,3.1034892000949332,5.58628056017088,332.7813925739893,341.07970002984825,-2.432952607596628,
2020-10-16,True,2020-10-01,337.04,347.29,3.0411820555423796,5.474127699976283,332.42791497444983,341.07970002984825,-2.5365875056889364,
2020-10-19,True,2020-10-01,337.04,342.01,1.4746024210775976,2.6542843579396758,323.54047818602476,341.07970002984825,-5.142264943439501,
2020-10-20,True,2020-10-01,337.04,343.38,1.8810823641110863,3.3859482553999554,325.8464987163548,341.07970002984825,-4.466170608265574,
2020-10-21,True,2020-10-01,337.04,342.73,1.6882269166864416,3.038808450035595,324.7524013844464,341.07970002984825,-4.786945292837141,
2020-10-22,True,2020-10-01,337.04,344.61,2.2460242107761763,4.042843579397117,327.9168675136584,341.07970002984825,-3.8591662051532083,
2020-10-23,True,2020-10-01,337.04,345.78,2.5931640161404923,4.667695229052886,329.88624271109325,341.07970002984825,-3.281771772924469,
2020-10-26,True,2020-10-01,337.04,339.39,0.6972466176121461,1.255043911701863,319.13042432510184,341.07970002984825,-6.435233672020235,
2020-10-27,True,2020-10-01,337.04,338.22,0.35010681224780793,0.6301922620460543,317.16104912766684,341.07970002984825,-7.01262810424903,
2020-10-28,True,2020-10-01,337.04,326.66,-3.0797531450272975,-5.543555661049136,297.7029488863426,341.07970002984825,-12.71748249447555,
2020-10-29,True,2020-10-01,337.04,329.98,-2.094706859719919,-3.7704723474958546,303.2912614123976,341.07970002984825,-11.079064105586978,RAW_DECISION
2020-10-30,False,,,326.54,,,303.2912614123976,341.07970002984825,-11.079064105586978,
2020-11-02,True,2020-11-02,330.2,330.2,0.0,0.0,303.2912614123976,341.07970002984825,-11.079064105586978,
2020-11-03,True,2020-11-02,330.2,336.03,1.7655966081162822,3.178073894609308,312.9300818159763,341.07970002984825,-8.253091055084361,
2020-11-04,True,2020-11-02,330.2,343.54,4.039975772259252,7.271956390066654,325.3464696771902,341.07970002984825,-4.612772425706135,
2020-11-05,True,2020-11-02,330.2,350.24,6.069049061175047,10.924288310115084,336.42367322847275,341.07970002984825,-1.365084700428687,RAW_DECISION
2020-11-06,False,,,350.16,,,336.42367322847275,341.07970002984825,-1.365084700428687,
2020-11-09,False,,,354.56,,,336.42367322847275,341.07970002984825,-1.365084700428687,
2020-11-10,False,,,354.04,,,336.42367322847275,341.07970002984825,-1.365084700428687,
2020-11-11,False,,,356.67,,,336.42367322847275,341.07970002984825,-1.365084700428687,
2020-11-12,False,,,353.21,,,336.42367322847275,341.07970002984825,-1.365084700428687,
2020-11-13,False,,,358.1,,,336.42367322847275,341.07970002984825,-1.365084700428687,
2020-11-16,False,,,362.57,,,336.42367322847275,341.07970002984825,-1.365084700428687,
2020-11-17,False,,,360.62,,,336.42367322847275,341.07970002984825,-1.365084700428687,
2020-11-18,False,,,356.28,,,336.42367322847275,341.07970002984825,-1.365084700428687,
2020-11-19,False,,,357.78,,,336.42367322847275,341.07970002984825,-1.365084700428687,
2020-11-20,False,,,355.33,,,336.42367322847275,341.07970002984825,-1.365084700428687,
2020-11-23,False,,,357.46,,,336.42367322847275,341.07970002984825,-1.365084700428687,
2020-11-24,False,,,363.22,,,336.42367322847275,341.07970002984825,-1.365084700428687,
2020-11-25,False,,,362.66,,,336.42367322847275,341.07970002984825,-1.365084700428687,
2020-11-27,False,,,363.67,,,336.42367322847275,341.07970002984825,-1.365084700428687,
2020-11-30,False,,,362.06,,,336.42367322847275,341.07970002984825,-1.365084700428687,
2020-12-01,True,2020-12-01,366.02,366.02,0.0,0.0,336.42367322847275,341.07970002984825,-1.365084700428687,
2020-12-02,True,2020-12-01,366.02,366.79,0.2103710179771623,0.3786678323588921,337.69760145942917,341.07970002984825,-0.9915860047147729,
2020-12-03,True,2020-12-01,366.02,366.69,0.18305010655155218,0.32949019179279393,337.5321562346296,341.07970002984825,-1.040092328833464,
2020-12-04,True,2020-12-01,366.02,369.85,1.0463909076006805,1.883503633681225,342.76022533829484,342.76022533829484,0.0,
2020-12-07,True,2020-12-01,366.02,369.09,0.8387519807660837,1.5097535653789507,341.5028416298184,342.76022533829484,-0.3668406120445944,
2020-12-08,True,2020-12-01,366.02,370.17,1.1338178241626196,2.040872083492715,343.2896500576534,343.2896500576534,0.0,
2020-12-09,True,2020-12-01,366.02,366.85,0.2267635648325328,0.40817441669855903,337.79686859430893,343.2896500576534,-1.600042839165694,
2020-12-10,True,2020-12-01,366.02,366.73,0.193978471121814,0.3491612480192652,337.59833432454957,343.2896500576534,-1.657875712870449,
2020-12-11,True,2020-12-01,366.02,366.3,0.07649855199169941,0.13769739358505895,336.8869198579115,343.2896500576534,-1.86511017697929,
2020-12-14,True,2020-12-01,366.02,364.66,-0.37156439538821306,-0.6688159116987835,334.1736181711992,343.2896500576534,-2.6554927842779907,
2020-12-15,True,2020-12-01,366.02,369.59,0.975356537894112,1.7556417682094017,342.3300677538161,343.2896500576534,-0.27952555623979025,
2020-12-16,True,2020-12-01,366.02,370.17,1.1338178241626196,2.040872083492715,343.2896500576534,343.2896500576534,0.0,
2020-12-17,True,2020-12-01,366.02,372.24,1.6993606906726466,3.058849243210764,346.7143662110037,346.7143662110037,0.0,
2020-12-18,True,2020-12-01,366.02,369.18,0.8633408010491284,1.554013441888431,341.65174233213804,346.7143662110037,-1.4601713607057976,
2020-12-21,True,2020-12-01,366.02,367.86,0.5027047702311327,0.9048685864160388,339.46786536478413,346.7143662110037,-2.090049202578903,
2020-12-22,True,2020-12-01,366.02,367.24,0.33331511939238556,0.599967214906294,338.44210497102705,346.7143662110037,-2.385900916185957,
2020-12-23,True,2020-12-01,366.02,367.57,0.42347412709689003,0.762253428774402,338.98807421286557,346.7143662110037,-2.228431455717661,
2020-12-24,True,2020-12-01,366.02,369.0,0.814163160483039,1.4654936888694703,341.3539409274989,346.7143662110037,-1.5460637936884791,
2020-12-28,True,2020-12-01,366.02,372.17,1.6802360526747329,3.024424894814519,346.59855455364414,346.7143662110037,-0.03340261282658297,
2020-12-29,True,2020-12-01,366.02,371.46,1.4862575815529189,2.675263646795254,345.4238934575673,346.7143662110037,-0.37220054292501636,
2020-12-30,True,2020-12-01,366.02,371.99,1.6310584121086436,2.9359051417955584,346.30075314900495,346.7143662110037,-0.11929504580927563,
2020-12-31,True,2020-12-01,366.02,373.88,2.147423638052559,3.8653625484946064,349.42766789771605,349.42766789771605,0.0,
2021-01-04,True,2020-12-01,366.02,368.79,0.7567892464892756,1.362220643680696,341.0065059554199,349.42766789771605,-2.40998716356976,
2021-01-05,True,2020-12-01,366.02,371.33,1.4507403966996346,2.6113327140593423,345.2088146653279,349.42766789771605,-1.2073609562088472,
2021-01-06,True,2020-12-01,366.02,373.55,2.057264630348077,3.7030763346265383,348.88169865587764,349.42766789771605,-0.1562467119799571,
2021-01-07,True,2020-12-01,366.02,379.1,3.5735752144691713,6.432435386044508,358.06390863225175,358.06390863225175,0.0,
2021-01-08,True,2020-12-01,366.02,381.26,4.163706901262221,7.494672422271997,361.63752548792155,361.63752548792155,0.0,
2021-01-11,True,2020-12-01,366.02,378.69,3.4615594776241876,6.230807059723538,357.3855832105737,361.63752548792155,-1.175746978030312,
2021-01-12,True,2020-12-01,366.02,378.77,3.483416206764667,6.2701491721764,357.5179393904133,361.63752548792155,-1.139147850309541,
2021-01-13,True,2020-12-01,366.02,379.79,3.762089503305832,6.771761105950498,359.2054806833685,361.63752548792155,-0.6725089718694899,
2021-01-14,True,2020-12-01,366.02,378.46,3.398721381345271,6.117698486421488,357.00505919353463,361.63752548792155,-1.280969470227622,
2021-01-15,True,2020-12-01,366.02,375.7,2.644664225998583,4.7603956067974496,352.43877098906756,361.63752548792155,-2.5436393765948417,
2021-01-19,True,2020-12-01,366.02,378.65,3.450631113053926,6.211136003497066,357.31940512065376,361.63752548792155,-1.1940465418907475,
2021-01-20,True,2020-12-01,366.02,383.89,4.882246871755647,8.788044369160165,365.9887349001493,365.9887349001493,0.0,
2021-01-21,True,2020-12-01,366.02,384.24,4.97787006174526,8.960166111141469,366.5677931869477,366.5677931869477,0.0,
2021-01-22,True,2020-12-01,366.02,382.88,4.6063056663570245,8.291350199442645,364.317738129674,366.5677931869477,-0.6138168980181491,
2021-01-25,True,2020-12-01,366.02,384.39,5.018851428883675,9.033932571990615,366.815961024147,366.815961024147,0.0,
2021-01-26,True,2020-12-01,366.02,383.79,4.8549259603300365,8.738866728594067,365.8232896753498,366.815961024147,-0.2706183629593517,
2021-01-27,True,2020-12-01,366.02,374.41,2.2922244686082838,4.126004043494911,350.3045275891536,366.815961024147,-4.501285437224045,
2021-01-28,True,2020-12-01,366.02,377.63,3.1719578165127604,5.709524069722969,355.6318638276985,366.815961024147,-3.048966889342153,
2021-01-29,True,2020-12-01,366.02,370.07,1.1064969127370095,1.991694442926617,343.1242048328538,366.815961024147,-6.458758262630115,
2021-02-01,True,2020-12-01,366.02,376.23,2.7894650565543078,5.021037101797754,353.3156306805052,366.815961024147,-3.680409736247292,DUAL_ACTION_ORDER_DEPENDENT
2021-02-02,False,,,381.55,,,353.3156306805052,366.815961024147,-3.680409736247292,
2021-02-03,False,,,381.85,,,353.3156306805052,366.815961024147,-3.680409736247292,
2021-02-04,False,,,386.19,,,353.3156306805052,366.815961024147,-3.680409736247292,
2021-02-05,False,,,387.71,,,353.3156306805052,366.815961024147,-3.680409736247292,
2021-02-08,False,,,390.51,,,353.3156306805052,366.815961024147,-3.680409736247292,
2021-02-09,False,,,390.25,,,353.3156306805052,366.815961024147,-3.680409736247292,
2021-02-10,False,,,390.08,,,353.3156306805052,366.815961024147,-3.680409736247292,
2021-02-11,False,,,390.71,,,353.3156306805052,366.815961024147,-3.680409736247292,
2021-02-12,False,,,392.64,,,353.3156306805052,366.815961024147,-3.680409736247292,
2021-02-16,False,,,392.3,,,353.3156306805052,366.815961024147,-3.680409736247292,
2021-02-17,False,,,392.39,,,353.3156306805052,366.815961024147,-3.680409736247292,
2021-02-18,False,,,390.72,,,353.3156306805052,366.815961024147,-3.680409736247292,
2021-02-19,False,,,390.03,,,353.3156306805052,366.815961024147,-3.680409736247292,
2021-02-22,False,,,387.03,,,353.3156306805052,366.815961024147,-3.680409736247292,
2021-02-23,False,,,387.5,,,353.3156306805052,366.815961024147,-3.680409736247292,
2021-02-24,False,,,391.77,,,353.3156306805052,366.815961024147,-3.680409736247292,
2021-02-25,False,,,382.33,,,353.3156306805052,366.815961024147,-3.680409736247292,
2021-02-26,False,,,380.36,,,353.3156306805052,366.815961024147,-3.680409736247292,
2021-03-01,True,2021-03-01,389.58,389.58,0.0,0.0,353.3156306805052,366.815961024147,-3.680409736247292,
2021-03-02,True,2021-03-01,389.58,386.54,-0.7803275322141756,-1.404589557985516,348.35299622523615,366.815961024147,-5.033304643386394,RAW_DECISION
2021-03-03,False,,,381.42,,,348.35299622523615,366.815961024147,-5.033304643386394,
2021-03-04,False,,,376.7,,,348.35299622523615,366.815961024147,-5.033304643386394,
2021-03-05,False,,,383.63,,,348.35299622523615,366.815961024147,-5.033304643386394,
2021-03-08,False,,,381.72,,,348.35299622523615,366.815961024147,-5.033304643386394,
2021-03-09,False,,,387.17,,,348.35299622523615,366.815961024147,-5.033304643386394,
2021-03-10,False,,,389.58,,,348.35299622523615,366.815961024147,-5.033304643386394,
2021-03-11,False,,,393.53,,,348.35299622523615,366.815961024147,-5.033304643386394,
2021-03-12,False,,,394.06,,,348.35299622523615,366.815961024147,-5.033304643386394,
2021-03-15,False,,,396.41,,,348.35299622523615,366.815961024147,-5.033304643386394,
2021-03-16,False,,,395.91,,,348.35299622523615,366.815961024147,-5.033304643386394,
2021-03-17,False,,,397.26,,,348.35299622523615,366.815961024147,-5.033304643386394,
2021-03-18,False,,,391.48,,,348.35299622523615,366.815961024147,-5.033304643386394,
2021-03-19,False,,,389.48,,,348.35299622523615,366.815961024147,-5.033304643386394,
2021-03-22,False,,,392.59,,,348.35299622523615,366.815961024147,-5.033304643386394,
2021-03-23,False,,,389.5,,,348.35299622523615,366.815961024147,-5.033304643386394,
2021-03-24,False,,,387.52,,,348.35299622523615,366.815961024147,-5.033304643386394,
2021-03-25,False,,,389.7,,,348.35299622523615,366.815961024147,-5.033304643386394,
2021-03-26,False,,,395.98,,,348.35299622523615,366.815961024147,-5.033304643386394,
2021-03-29,False,,,395.78,,,348.35299622523615,366.815961024147,-5.033304643386394,
2021-03-30,False,,,394.73,,,348.35299622523615,366.815961024147,-5.033304643386394,
2021-03-31,False,,,396.33,,,348.35299622523615,366.815961024147,-5.033304643386394,
2021-04-01,True,2021-04-01,400.61,400.61,0.0,0.0,348.35299622523615,366.815961024147,-5.033304643386394,
2021-04-05,True,2021-04-01,400.61,406.36,1.4353111504954885,2.5835600708918793,357.35290514146686,366.815961024147,-2.579783021507398,
2021-04-06,True,2021-04-01,400.61,406.12,1.3754025111704538,2.4757245201068168,356.9772567693111,366.815961024147,-2.6821908805075734,
2021-04-07,True,2021-04-01,400.61,406.59,1.4927235965153107,2.6869024737275593,357.7129014981161,366.815961024147,-2.4816421566322355,
2021-04-08,True,2021-04-01,400.61,408.52,1.974488904420757,3.5540800279573626,360.73374049086834,366.815961024147,-1.6581122905058865,
2021-04-09,True,2021-04-01,400.61,411.49,2.7158583160679983,4.888544968922397,365.38238909629536,366.815961024147,-0.3908150353788109,
2021-04-12,True,2021-04-01,400.61,411.64,2.7533012156461423,4.955942188163056,365.6171693288927,366.815961024147,-0.32681012350369576,
2021-04-13,True,2021-04-01,400.61,412.86,3.057836798881697,5.504106237987054,367.5267152206842,367.5267152206842,0.0,
2021-04-14,True,2021-04-01,400.61,411.45,2.705873542847148,4.870572377124867,365.31978103426934,367.5267152206842,-0.6004826574551703,
2021-04-15,True,2021-04-01,400.61,415.87,3.8091909837497884,6.856543770749619,372.2379718881373,372.2379718881373,0.0,
2021-04-16,True,2021-04-01,400.61,417.26,4.156161853173912,7.4810913357130415,374.4136020435391,374.4136020435391,0.0,
2021-04-19,True,2021-04-01,400.61,415.21,3.6444422256059372,6.559996006090687,371.20493886470894,374.4136020435391,-0.8569836035115519,
2021-04-20,True,2021-04-01,400.61,412.17,2.8855994608222524,5.194079029480054,366.4467261507366,374.4136020435391,-2.12782758140182,
2021-04-21,True,2021-04-01,400.61,416.07,3.859114849853973,6.946406729737151,372.55101219826696,374.4136020435391,-0.49746853081890086,
2021-04-22,True,2021-04-01,400.61,412.27,2.9105613938743335,5.2390105089738,366.60324630580135,374.4136020435391,-2.0860235031817775,
2021-04-23,True,2021-04-01,400.61,416.74,4.026359801303014,7.247447642345426,373.59969723720167,374.4136020435391,-0.21738120674439365,
2021-04-26,True,2021-04-01,400.61,417.61,4.24352861885624,7.638351513941233,374.9614225862661,374.9614225862661,0.0,
2021-04-27,True,2021-04-01,400.61,417.52,4.22106287910935,7.597913182396829,374.82055444670766,374.9614225862661,-0.03756870202454854,
2021-04-28,True,2021-04-01,400.61,417.4,4.191108559446843,7.543995407004318,374.6327302606299,374.9614225862661,-0.08766030472390218,
2021-04-29,True,2021-04-01,400.61,420.06,4.855095978632584,8.739172761538653,378.7961663853558,378.7961663853558,0.0,
2021-04-30,True,2021-04-01,400.61,417.3,4.16614662639474,7.499063927510532,374.476210105565,378.7961663853558,-1.140443505807831,
2021-05-03,True,2021-04-01,400.61,418.2,4.390804023863604,7.903447242954487,375.8848915011489,378.7961663853558,-0.7685597539139777,
2021-05-04,True,2021-04-01,400.61,415.62,3.746786151119541,6.744215072015174,371.84667150047494,378.7961663853558,-1.834626509343018,
2021-05-05,True,2021-04-01,400.61,415.75,3.77923666408726,6.802625995357068,372.05014770205923,378.7961663853558,-1.7809099674028106,
2021-05-06,True,2021-04-01,400.61,419.07,4.60797284141683,8.294351114550294,377.2466168502134,378.7961663853558,-0.40907212708324314,
2021-05-07,True,2021-04-01,400.61,422.12,5.369311799505749,9.66476123911035,382.02048157969233,382.02048157969233,0.0,
2021-05-10,True,2021-04-01,400.61,417.94,4.325902997928166,7.786625396270699,375.4779390979803,382.02048157969233,-1.7126156311457308,
2021-05-11,True,2021-04-01,400.61,414.21,3.3948228950849924,6.110681211152986,369.63973731406014,382.02048157969233,-3.2408587661155175,
2021-05-12,True,2021-04-01,400.61,405.41,1.1981727865005842,2.1567110157010516,355.8659636683505,382.02048157969233,-6.8463653580013055,
2021-05-13,True,2021-04-01,400.61,410.28,2.413818926137634,4.3448740670477415,363.4884952200102,382.02048157969233,-4.851045232719087,RAW_DECISION
2021-05-14,False,,,416.58,,,363.4884952200102,382.02048157969233,-4.851045232719087,
2021-05-17,False,,,415.52,,,363.4884952200102,382.02048157969233,-4.851045232719087,
2021-05-18,False,,,411.94,,,363.4884952200102,382.02048157969233,-4.851045232719087,
2021-05-19,False,,,410.86,,,363.4884952200102,382.02048157969233,-4.851045232719087,
2021-05-20,False,,,415.28,,,363.4884952200102,382.02048157969233,-4.851045232719087,
2021-05-21,False,,,414.94,,,363.4884952200102,382.02048157969233,-4.851045232719087,
2021-05-24,False,,,419.17,,,363.4884952200102,382.02048157969233,-4.851045232719087,
2021-05-25,False,,,418.24,,,363.4884952200102,382.02048157969233,-4.851045232719087,
2021-05-26,False,,,419.07,,,363.4884952200102,382.02048157969233,-4.851045232719087,
2021-05-27,False,,,419.29,,,363.4884952200102,382.02048157969233,-4.851045232719087,
2021-05-28,False,,,420.04,,,363.4884952200102,382.02048157969233,-4.851045232719087,
2021-06-01,True,2021-06-01,419.67,419.67,0.0,0.0,363.4884952200102,382.02048157969233,-4.851045232719087,
2021-06-02,True,2021-06-01,419.67,420.33,0.1572664236185517,0.28307956251339306,364.5174568620655,382.02048157969233,-4.581697987827793,
2021-06-03,True,2021-06-01,419.67,418.77,-0.21445421402531695,-0.3860175852455705,362.08536570811646,382.02048157969233,-5.21833693029814,
2021-06-04,True,2021-06-01,419.67,422.6,0.698167607882394,1.2567016941883091,368.0564612976196,382.02048157969233,-3.655306706156214,
2021-06-07,True,2021-06-01,419.67,422.19,0.6004717992708519,1.0808492386875335,367.41725785331244,382.02048157969233,-3.8226284794977805,
2021-06-08,True,2021-06-01,419.67,422.28,0.6219172206733736,1.1194509972120725,367.5575708045017,382.02048157969233,-3.785899309739893,
2021-06-09,True,2021-06-01,419.67,421.65,0.4717992708556551,0.8492386875401792,366.5753801461762,382.02048157969233,-4.043003498045216,
2021-06-10,True,2021-06-01,419.67,423.61,0.938832892510777,1.6898992065193985,369.63108441652247,382.02048157969233,-3.2431238010952934,
2021-06-11,True,2021-06-01,419.67,424.31,1.1056306145304617,1.9901351061548311,370.72240737021747,382.02048157969233,-2.957452480756062,
2021-06-14,True,2021-06-01,419.67,425.26,1.3319989515571784,2.397598112802921,372.20348852166086,382.02048157969233,-2.569755688867059,
2021-06-15,True,2021-06-01,419.67,424.48,1.1461386327352496,2.0630495389234493,370.9874429446864,382.02048157969233,-2.8880751601022103,
2021-06-16,True,2021-06-01,419.67,422.11,0.5814092024686079,1.0465365644434943,367.292535230033,382.02048157969233,-3.855276630393689,
2021-06-17,True,2021-06-01,419.67,421.97,0.5480496580646754,0.9864893845164158,367.07427063929407,382.02048157969233,-3.9124108944615266,
2021-06-18,True,2021-06-01,419.67,414.92,-1.131841685133561,-2.03731503324041,356.08308946279357,382.02048157969233,-6.789529192164013,
2021-06-21,True,2021-06-01,419.67,420.86,0.2835561274334486,0.5104010293802075,365.34374424129174,382.02048157969233,-4.3654039881423685,
2021-06-22,True,2021-06-01,419.67,423.11,0.8196916624967132,1.4754449924940838,368.8515680210259,382.02048157969233,-3.447174744194781,
2021-06-23,True,2021-06-01,419.67,422.6,0.698167607882394,1.2567016941883091,368.0564612976196,382.02048157969233,-3.655306706156214,
2021-06-24,True,2021-06-01,419.67,425.1,1.2938737579526682,2.328972764314803,371.9540432751019,382.02048157969233,-2.6350519906588987,
2021-06-25,True,2021-06-01,419.67,426.61,1.6536802725951372,2.976624490671247,374.30818278950136,382.02048157969233,-2.018818142498502,
2021-06-28,True,2021-06-01,419.67,427.47,1.85860318821931,3.345485738794758,375.6489509897553,382.02048157969233,-1.6678505203674199,
2021-06-29,True,2021-06-01,419.67,427.7,1.9134081540257863,3.4441346772464154,376.00752853168376,382.02048157969233,-1.5739870865416505,
2021-06-30,True,2021-06-01,419.67,428.06,1.9991898396358954,3.5985417113446116,376.56878033644114,382.02048157969233,-1.427070407510056,
2021-07-01,True,2021-06-01,419.67,430.43,2.563919269902537,4.615054685824567,380.2636880510945,382.02048157969233,-0.45986893721857713,
2021-07-02,True,2021-06-01,419.67,433.72,3.34786856339504,6.026163414111072,385.3929059334613,385.3929059334613,0.0,
2021-07-06,True,2021-06-01,419.67,432.93,3.1596254199728335,5.6873257559511,384.1612700285769,385.3929059334613,-0.319579288025873,
2021-07-07,True,2021-06-01,419.67,434.46,3.5241975838158357,6.343555650868504,386.546590198796,386.546590198796,0.0,
2021-07-08,True,2021-06-01,419.67,430.92,2.680677675316323,4.8252198155693815,381.0276141186811,386.546590198796,-1.42776478180201,
2021-07-09,True,2021-06-01,419.67,435.52,3.7767769914456517,6.798198584602173,388.1991649572487,388.1991649572487,0.0,
2021-07-12,True,2021-06-01,419.67,437.08,4.148497629089509,7.467295732361117,390.6312561111976,390.6312561111976,0.0,
2021-07-13,True,2021-06-01,419.67,435.59,3.793456763647618,6.828222174565712,388.30829725261816,390.6312561111976,-0.59466794380586,
2021-07-14,True,2021-06-01,419.67,436.24,3.948340362665892,7.1070126527986055,389.32166856676355,390.6312561111976,-0.33524904214559115,
2021-07-15,True,2021-06-01,419.67,434.75,3.5932994972240007,6.467939095003201,386.9987097081841,390.6312561111976,-0.92991698595144,
2021-07-16,True,2021-06-01,419.67,431.34,2.7807563085281206,5.005361355350617,381.68240789089805,390.6312561111976,-2.290868454661543,
2021-07-19,True,2021-06-01,419.67,424.97,1.2628970381490134,2.273214668668224,371.7513690122729,390.6312561111976,-4.83317369093228,
2021-07-20,True,2021-06-01,419.67,431.06,2.7140372197202556,4.88526699549646,381.24587870942,390.6312561111976,-2.402618135376744,
2021-07-21,True,2021-06-01,419.67,434.55,3.5456430052183796,6.382157409393083,386.6869031499854,390.6312561111976,-1.0097381864623167,
2021-07-22,True,2021-06-01,419.67,435.46,3.762480043843963,6.772464078919134,388.1056229897891,390.6312561111976,-0.6465517241379115,
2021-07-23,True,2021-06-01,419.67,439.94,4.829985464769937,8.693973836585887,395.09008989343755,395.09008989343755,0.0,
2021-07-26,True,2021-06-01,419.67,441.02,5.087330521600286,9.157194938880515,396.7738453077099,396.7738453077099,0.0,
2021-07-27,True,2021-06-01,419.67,439.01,4.608382776943776,8.295088998498796,393.6401893978141,396.7738453077099,-0.7897838899803444,
2021-07-28,True,2021-06-01,419.67,438.83,4.56549193413871,8.21788548144968,393.35956349543534,396.7738453077099,-0.8605108055009802,
2021-07-29,True,2021-06-01,419.67,440.65,4.9991660113898995,8.998498820501819,396.1970031750426,396.7738453077099,-0.1453831041257181,
2021-07-30,True,2021-06-01,419.67,438.51,4.489241546929734,8.080634784473522,392.8606730023177,396.7738453077099,-0.9862475442042884,
2021-08-02,True,2021-06-01,419.67,437.59,4.270021683703851,7.686039030666931,391.4263628346041,396.7738453077099,-1.3477406679764048,
2021-08-03,True,2021-06-01,419.67,441.15,5.118307241403941,9.212953034527095,396.976519570539,396.976519570539,0.0,
2021-08-04,True,2021-06-01,419.67,438.98,4.601234303142943,8.282221745657298,393.59341841408434,396.976519570539,-0.8522169422298775,
2021-08-05,True,2021-06-01,419.67,441.76,5.263659542021104,9.474587175637987,397.92752957304475,397.92752957304475,0.0,
2021-08-06,True,2021-06-01,419.67,442.49,5.437605737841644,9.78769032811496,399.06562351046966,399.06562351046966,0.0,
2021-08-09,True,2021-06-01,419.67,442.13,5.351824052231513,9.633283294016724,398.5043717057122,399.06562351046966,-0.140641481423609,
2021-08-10,True,2021-06-01,419.67,442.68,5.482879405246988,9.869182929444579,399.3618397407584,399.3618397407584,0.0,
2021-08-11,True,2021-06-01,419.67,443.78,5.744990111277892,10.340982200300207,401.07677581085045,401.07677581085045,0.0,
2021-08-12,True,2021-06-01,419.67,445.11,6.061905783115296,10.911430409607533,403.1502894228712,403.1502894228712,0.0,
2021-08-13,True,2021-06-01,419.67,445.92,6.25491457573808,11.258846236328544,404.4131059835755,404.4131059835755,0.0,
2021-08-16,True,2021-06-01,419.67,446.97,6.505111158767596,11.709200085781672,406.05009041411813,406.05009041411813,0.0,
2021-08-17,True,2021-06-01,419.67,444.04,5.806943550885224,10.452498391593403,401.48212433650883,406.05009041411813,-1.1249760030715872,
2021-08-18,True,2021-06-01,419.67,439.18,4.648890795148564,8.368003431267415,393.90522497228295,406.05009041411813,-2.990977154924157,
2021-08-19,True,2021-06-01,419.67,439.86,4.810922867967693,8.659661162341848,394.9653672701582,406.05009041411813,-2.7298905740065105,
2021-08-20,True,2021-06-01,419.67,443.36,5.644911478066095,10.160840660518971,400.42198203863353,406.05009041411813,-1.3860625839892449,
2021-08-23,True,2021-06-01,419.67,447.26,6.574213072175761,11.83358352991637,406.50220992350614,406.50220992350614,0.0,
2021-08-24,True,2021-06-01,419.67,447.97,6.743393618795723,12.138108513832302,407.60912320511113,407.60912320511113,0.0,
2021-08-25,True,2021-06-01,419.67,448.91,6.967379131222162,12.541282436199893,409.0746140286446,409.0746140286446,0.0,
2021-08-26,True,2021-06-01,419.67,446.26,6.335930612147633,11.40467510186574,404.9431771325131,409.0746140286446,-1.0099470254202103,
2021-08-27,True,2021-06-01,419.67,450.25,7.286677627659821,13.116019729787679,411.1637179685751,411.1637179685751,0.0,
2021-08-30,True,2021-06-01,419.67,452.23,7.758476898515498,13.965258417327897,414.2506028947412,414.2506028947412,0.0,
2021-08-31,True,2021-06-01,419.67,451.56,7.598827650296669,13.677889770534005,413.206050924776,414.2506028947412,-0.2521546046441392,
2021-09-01,True,2021-06-01,419.67,451.8,7.656015440703401,13.780827793266122,413.58021879461415,414.2506028947412,-0.16183056715969313,
2021-09-02,True,2021-06-01,419.67,453.19,7.987228060142493,14.377010508256488,415.7472743740944,415.7472743740944,0.0,
2021-09-03,True,2021-06-01,419.67,453.08,7.961016989539393,14.329830581170908,415.5757807670851,415.7472743740944,-0.041249484381455925,
2021-09-07,True,2021-06-01,419.67,451.46,7.574999404293847,13.634998927728926,413.0501476456766,415.7472743740944,-0.6487418907263565,
2021-09-08,True,2021-06-01,419.67,450.91,7.443944051278395,13.399099292301111,412.19267961063053,415.7472743740944,-0.8549893126335695,
2021-09-09,True,2021-06-01,419.67,448.98,6.9840589034241285,12.571306026163432,409.1837463240141,415.7472743740944,-1.5787302658716418,
2021-09-10,True,2021-06-01,419.67,445.44,6.1405389949245714,11.05297019086423,403.66477024389883,415.7472743740944,-2.9062136723291165,
2021-09-13,True,2021-06-01,419.67,446.58,6.412180999356631,11.541925798841937,405.4420676256309,415.7472743740944,-2.4787190160122985,
2021-09-14,True,2021-06-01,419.67,444.17,5.837920270688879,10.508256487239983,401.6847985993379,415.7472743740944,-3.3824577192784866,
2021-09-15,True,2021-06-01,419.67,447.88,6.721948197393179,12.099506755307724,407.46881025392173,415.7472743740944,-1.9912251096861344,
2021-09-16,True,2021-06-01,419.67,447.17,6.552767650773217,11.794981771391791,406.36189697231674,415.7472743740944,-2.2574717816027268,
2021-09-17,True,2021-06-01,419.67,441.4,5.177877856410973,9.320180141539751,397.3662777682872,415.7472743740944,-4.4211947350658365,
2021-09-20,True,2021-06-01,419.67,434.04,3.424118950604038,6.163414111087269,385.89179642657905,415.7472743740944,-7.181160235497064,
2021-09-21,True,2021-06-01,419.67,433.63,3.3264231419925183,5.987561655586533,385.252592982272,415.7472743740944,-7.334908313646071,
2021-09-22,True,2021-06-01,419.67,437.86,4.33435794791146,7.801844306240628,391.84730168817225,415.7472743740944,-5.748678141523222,
2021-09-23,True,2021-06-01,419.67,443.18,5.602020635261029,10.083637143469852,400.14135613625473,415.7472743740944,-3.7537030787115344,
2021-09-24,True,2021-06-01,419.67,443.91,5.775966831081569,10.396740295946826,401.2794500736797,415.7472743740944,-3.479956500543735,
2021-09-27,True,2021-06-01,419.67,442.64,5.4733481068458545,9.852026592322538,399.2994784291186,415.7472743740944,-3.9562005474931494,
2021-09-28,True,2021-06-01,419.67,433.72,3.34786856339504,6.026163414111072,385.3929059334613,415.7472743740944,-7.301158735515811,
2021-09-29,True,2021-06-01,419.67,434.45,3.521814759215558,6.339266566588004,386.53099987088615,415.7472743740944,-7.027412157348046,RAW_DECISION
2021-09-30,False,,,429.14,,,386.53099987088615,415.7472743740944,-7.027412157348046,
2021-10-01,True,2021-10-01,434.24,434.24,0.0,0.0,386.53099987088615,415.7472743740944,-7.027412157348046,
2021-10-04,True,2021-10-01,434.24,428.64,-1.2896094325718588,-2.321296978629346,377.55846744941744,415.7472743740944,-9.185582029893046,
2021-10-05,True,2021-10-01,434.24,433.1,-0.26252763448784133,-0.4725497420781144,384.7044486279443,415.7472743740944,-7.466753881401845,
2021-10-06,True,2021-10-01,434.24,434.9,0.15198968312453154,0.27358142962415677,387.58847690627346,415.7472743740944,-6.7730564223695495,
2021-10-07,True,2021-10-01,434.24,438.66,1.0178703021370694,1.832166543846725,393.61289153211675,415.7472743740944,-5.323999507946464,
2021-10-08,True,2021-10-01,434.24,437.86,0.833640383198242,1.5005526897568355,392.3311011861927,415.7472743740944,-5.632309489738596,
2021-10-11,True,2021-10-01,434.24,434.69,0.10362932940308767,0.1865327929255578,387.2520069404684,415.7472743740944,-6.853987792589978,
2021-10-12,True,2021-10-01,434.24,433.62,-0.1427781871775946,-0.2570007369196703,385.537612352795,415.7472743740944,-7.266352393236941,
2021-10-13,True,2021-10-01,434.24,435.18,0.21647015475312337,0.38964627855562206,388.0371035273469,415.7472743740944,-6.665147928742288,
2021-10-14,True,2021-10-01,434.24,442.5,1.9021739130434812,3.423913043478266,399.7654851925524,415.7472743740944,-3.8441115953442018,
2021-10-15,True,2021-10-01,434.24,445.87,2.678242446573331,4.820836403831996,405.16502702475765,415.7472743740944,-2.5453557970447904,
2021-10-18,True,2021-10-01,434.24,447.19,2.9822218128223943,5.36799926308031,407.27998109553226,415.7472743740944,-2.0366443270878,
2021-10-19,True,2021-10-01,434.24,450.64,3.776713338246118,6.798084008843013,412.8077019623299,415.7472743740944,-0.7070575306092008,
2021-10-20,True,2021-10-01,434.24,452.41,4.184322033898313,7.531779661016964,415.64366310268707,415.7472743740944,-0.024921695894053464,
2021-10-21,True,2021-10-01,434.24,453.59,4.4560611643330805,8.020910095799545,417.534303862925,417.534303862925,0.0,
2021-10-22,True,2021-10-01,434.24,453.12,4.347826086956519,7.826086956521734,416.7812520346946,417.534303862925,-0.1803568763724006,
2021-10-25,True,2021-10-01,434.24,455.55,4.9074244657332455,8.833364038319843,420.6746902104391,420.6746902104391,0.0,
2021-10-26,True,2021-10-01,434.24,455.96,5.001842299189385,9.003316138540894,421.33160776272507,421.33160776272507,0.0,
2021-10-27,True,2021-10-01,434.24,453.94,4.53666175386882,8.165991156963877,418.0950871392668,421.33160776272507,-0.7681646863961222,
2021-10-28,True,2021-10-01,434.24,458.32,5.545320560058942,9.981577008106095,425.1128892832011,425.1128892832011,0.0,
2021-10-29,True,2021-10-01,434.24,459.25,5.759487840825339,10.367078113485611,426.60297056033784,426.60297056033784,0.0,
2021-11-01,True,2021-10-01,434.24,460.04,5.941414885777463,10.694546794399434,427.86873852693805,427.86873852693805,0.0,
2021-11-02,True,2021-10-01,434.24,461.9,6.369749447310236,11.465549005158424,430.8489010812114,430.8489010812114,0.0,
2021-11-03,True,2021-10-01,434.24,464.72,7.01915991156965,12.63448784082537,435.367212050594,435.367212050594,0.0,
2021-11-04,True,2021-10-01,434.24,466.91,7.523489314664711,13.54228076639648,438.87611312256115,438.87611312256115,0.0,
2021-11-05,True,2021-10-01,434.24,468.53,7.89655490051584,14.213798820928512,441.47173857305734,441.47173857305734,0.0,
2021-11-08,True,2021-10-01,434.24,468.93,7.9886698599852535,14.379605747973457,442.11263374601936,442.11263374601936,0.0,
2021-11-09,True,2021-10-01,434.24,467.38,7.6317243920412725,13.73710390567429,439.6291649507915,442.11263374601936,-0.5617276245162728,
2021-11-10,True,2021-10-01,434.24,463.62,6.765843773028735,12.178518791451722,433.60475032494827,442.11263374601936,-1.9243701201170915,
2021-11-11,True,2021-10-01,434.24,463.77,6.8003868828297565,12.240696389093563,433.84508601480894,442.11263374601936,-1.8700093822606956,
2021-11-12,True,2021-10-01,434.24,467.27,7.6063927781871765,13.691507000736918,439.4529187782269,442.11263374601936,-0.6015921656109868,
2021-11-15,True,2021-10-01,434.24,467.43,7.6432387619749464,13.757829771554904,439.7092768474118,442.11263374601936,-0.543607378564126,
2021-11-16,True,2021-10-01,434.24,469.28,8.069270449520992,14.524686809137787,442.67341702236115,442.67341702236115,0.0,
2021-11-17,True,2021-10-01,434.24,468.14,7.806742815033152,14.052137067059673,440.8468657794193,442.67341702236115,-0.4126182356347763,
2021-11-18,True,2021-10-01,434.24,469.73,8.172899778924103,14.711219602063386,443.39442409194356,443.39442409194356,0.0,
2021-11-19,True,2021-10-01,434.24,468.89,7.979458364038305,14.36302505526895,442.0485442287231,443.39442409194356,-0.3035400966028834,
2021-11-22,True,2021-10-01,434.24,467.57,7.675478997789242,13.815862196020637,439.9335901579485,443.39442409194356,-0.7805316769787352,
2021-11-23,True,2021-10-01,434.24,468.19,7.818257184966826,14.072862932940287,440.92697767603954,443.39442409194356,-0.55649017710524,
2021-11-24,True,2021-10-01,434.24,469.44,8.106116433308763,14.591009579955774,442.92977509154605,443.39442409194356,-0.10479360477956279,
2021-11-26,True,2021-10-01,434.24,458.97,5.6950073691967695,10.251013264554185,426.15434393926455,443.39442409194356,-3.8882040945792506,
2021-11-29,True,2021-10-01,434.24,464.6,6.991525423728806,12.58474576271185,435.1749434987052,443.39442409194356,-1.8537627328245154,
2021-11-30,True,2021-10-01,434.24,455.56,4.909727339719971,8.837509211495949,420.6907125897631,443.39442409194356,-5.120432343883641,
2021-12-01,True,2021-10-01,434.24,450.5,3.7444731024318223,6.74005158437728,412.58338865179314,443.39442409194356,-6.948900068657915,DUAL_ACTION_ORDER_DEPENDENT
2021-12-02,False,,,457.4,,,412.58338865179314,443.39442409194356,-6.948900068657915,
2021-12-03,False,,,453.42,,,412.58338865179314,443.39442409194356,-6.948900068657915,
2021-12-06,False,,,458.79,,,412.58338865179314,443.39442409194356,-6.948900068657915,
2021-12-07,False,,,468.28,,,412.58338865179314,443.39442409194356,-6.948900068657915,
2021-12-08,False,,,469.52,,,412.58338865179314,443.39442409194356,-6.948900068657915,
2021-12-09,False,,,466.35,,,412.58338865179314,443.39442409194356,-6.948900068657915,
2021-12-10,False,,,470.74,,,412.58338865179314,443.39442409194356,-6.948900068657915,
2021-12-13,False,,,466.57,,,412.58338865179314,443.39442409194356,-6.948900068657915,
2021-12-14,False,,,463.36,,,412.58338865179314,443.39442409194356,-6.948900068657915,
2021-12-15,False,,,470.6,,,412.58338865179314,443.39442409194356,-6.948900068657915,
2021-12-16,False,,,466.45,,,412.58338865179314,443.39442409194356,-6.948900068657915,
2021-12-17,False,,,459.87,,,412.58338865179314,443.39442409194356,-6.948900068657915,
2021-12-20,False,,,454.98,,,412.58338865179314,443.39442409194356,-6.948900068657915,
2021-12-21,False,,,463.06,,,412.58338865179314,443.39442409194356,-6.948900068657915,
2021-12-22,False,,,467.69,,,412.58338865179314,443.39442409194356,-6.948900068657915,
2021-12-23,False,,,470.6,,,412.58338865179314,443.39442409194356,-6.948900068657915,
2021-12-27,False,,,477.26,,,412.58338865179314,443.39442409194356,-6.948900068657915,
2021-12-28,False,,,476.87,,,412.58338865179314,443.39442409194356,-6.948900068657915,
2021-12-29,False,,,477.48,,,412.58338865179314,443.39442409194356,-6.948900068657915,
2021-12-30,False,,,476.16,,,412.58338865179314,443.39442409194356,-6.948900068657915,
2021-12-31,False,,,474.96,,,412.58338865179314,443.39442409194356,-6.948900068657915,
2022-01-03,True,2022-01-03,477.71,477.71,0.0,0.0,412.58338865179314,443.39442409194356,-6.948900068657915,
2022-01-04,True,2022-01-03,477.71,477.55,-0.03349312344308464,-0.06028762219755235,412.3346519371929,443.39442409194356,-7.004998364235182,
2022-01-05,True,2022-01-03,477.71,468.38,-1.9530677607753621,-3.515521969395652,398.07892898166233,443.39442409194356,-10.220131929508536,
2022-01-06,True,2022-01-03,477.71,467.94,-2.0451738502438643,-3.681312930438956,397.3949030165115,443.39442409194356,-10.37440224234608,RAW_DECISION
2022-01-07,False,,,466.09,,,397.3949030165115,443.39442409194356,-10.37440224234608,
2022-01-10,False,,,465.51,,,397.3949030165115,443.39442409194356,-10.37440224234608,
2022-01-11,False,,,469.75,,,397.3949030165115,443.39442409194356,-10.37440224234608,
2022-01-12,False,,,471.02,,,397.3949030165115,443.39442409194356,-10.37440224234608,
2022-01-13,False,,,464.53,,,397.3949030165115,443.39442409194356,-10.37440224234608,
2022-01-14,False,,,464.72,,,397.3949030165115,443.39442409194356,-10.37440224234608,
2022-01-18,False,,,456.49,,,397.3949030165115,443.39442409194356,-10.37440224234608,
2022-01-19,False,,,451.75,,,397.3949030165115,443.39442409194356,-10.37440224234608,
2022-01-20,False,,,446.75,,,397.3949030165115,443.39442409194356,-10.37440224234608,
2022-01-21,False,,,437.98,,,397.3949030165115,443.39442409194356,-10.37440224234608,
2022-01-24,False,,,439.84,,,397.3949030165115,443.39442409194356,-10.37440224234608,
2022-01-25,False,,,434.47,,,397.3949030165115,443.39442409194356,-10.37440224234608,
2022-01-26,False,,,433.38,,,397.3949030165115,443.39442409194356,-10.37440224234608,
2022-01-27,False,,,431.24,,,397.3949030165115,443.39442409194356,-10.37440224234608,
2022-01-28,False,,,441.95,,,397.3949030165115,443.39442409194356,-10.37440224234608,
2022-01-31,False,,,449.91,,,397.3949030165115,443.39442409194356,-10.37440224234608,
2022-02-01,False,,,452.95,,,397.3949030165115,443.39442409194356,-10.37440224234608,
2022-02-02,False,,,457.35,,,397.3949030165115,443.39442409194356,-10.37440224234608,
2022-02-03,False,,,446.6,,,397.3949030165115,443.39442409194356,-10.37440224234608,
2022-02-04,True,2022-02-04,448.7,448.7,0.0,0.0,397.3949030165115,443.39442409194356,-10.37440224234608,
2022-02-07,True,2022-02-04,448.7,447.26,-0.3209271227991972,-0.577668821038555,395.09927656538866,443.39442409194356,-10.892141376261488,
2022-02-08,True,2022-02-04,448.7,450.94,0.49921996879875863,0.8985959438377655,400.9658774960359,443.39442409194356,-9.56903025625545,
2022-02-09,True,2022-02-04,448.7,457.54,1.9701359482950709,3.5462447069311276,411.4874987303486,443.39442409194356,-7.196059225809903,
2022-02-10,True,2022-02-04,448.7,449.32,0.13817695564966037,0.24871852016938867,398.38329773852274,443.39442409194356,-10.151486781910268,
2022-02-11,True,2022-02-04,448.7,440.46,-1.8364163137954082,-3.3055493648317347,384.2588183239755,443.39442409194356,-13.33702061975085,
2022-02-14,True,2022-02-04,448.7,439.02,-2.1573434365946054,-3.8832181858702897,381.96319187285275,443.39442409194356,-13.854759753666245,RAW_DECISION
2022-02-15,False,,,446.1,,,381.96319187285275,443.39442409194356,-13.854759753666245,
2022-02-16,False,,,446.6,,,381.96319187285275,443.39442409194356,-13.854759753666245,
2022-02-17,False,,,437.06,,,381.96319187285275,443.39442409194356,-13.854759753666245,
2022-02-18,False,,,434.23,,,381.96319187285275,443.39442409194356,-13.854759753666245,
2022-02-22,False,,,429.57,,,381.96319187285275,443.39442409194356,-13.854759753666245,
2022-02-23,False,,,421.95,,,381.96319187285275,443.39442409194356,-13.854759753666245,
2022-02-24,False,,,428.3,,,381.96319187285275,443.39442409194356,-13.854759753666245,
2022-02-25,False,,,437.75,,,381.96319187285275,443.39442409194356,-13.854759753666245,
2022-02-28,False,,,436.63,,,381.96319187285275,443.39442409194356,-13.854759753666245,
2022-03-01,False,,,429.98,,,381.96319187285275,443.39442409194356,-13.854759753666245,
2022-03-02,False,,,437.89,,,381.96319187285275,443.39442409194356,-13.854759753666245,
2022-03-03,False,,,435.71,,,381.96319187285275,443.39442409194356,-13.854759753666245,
2022-03-04,False,,,432.17,,,381.96319187285275,443.39442409194356,-13.854759753666245,
2022-03-07,False,,,419.43,,,381.96319187285275,443.39442409194356,-13.854759753666245,
2022-03-08,False,,,416.25,,,381.96319187285275,443.39442409194356,-13.854759753666245,
2022-03-09,False,,,427.41,,,381.96319187285275,443.39442409194356,-13.854759753666245,
2022-03-10,False,,,425.48,,,381.96319187285275,443.39442409194356,-13.854759753666245,
2022-03-11,False,,,420.07,,,381.96319187285275,443.39442409194356,-13.854759753666245,
2022-03-14,False,,,417.0,,,381.96319187285275,443.39442409194356,-13.854759753666245,
2022-03-15,False,,,426.17,,,381.96319187285275,443.39442409194356,-13.854759753666245,
2022-03-16,False,,,435.62,,,381.96319187285275,443.39442409194356,-13.854759753666245,
2022-03-17,False,,,441.07,,,381.96319187285275,443.39442409194356,-13.854759753666245,
2022-03-18,False,,,444.52,,,381.96319187285275,443.39442409194356,-13.854759753666245,
2022-03-21,False,,,444.39,,,381.96319187285275,443.39442409194356,-13.854759753666245,
2022-03-22,False,,,449.59,,,381.96319187285275,443.39442409194356,-13.854759753666245,
2022-03-23,False,,,443.8,,,381.96319187285275,443.39442409194356,-13.854759753666245,
2022-03-24,False,,,450.49,,,381.96319187285275,443.39442409194356,-13.854759753666245,
2022-03-25,False,,,452.69,,,381.96319187285275,443.39442409194356,-13.854759753666245,
2022-03-28,False,,,455.91,,,381.96319187285275,443.39442409194356,-13.854759753666245,
2022-03-29,False,,,461.55,,,381.96319187285275,443.39442409194356,-13.854759753666245,
2022-03-30,False,,,458.7,,,381.96319187285275,443.39442409194356,-13.854759753666245,
2022-03-31,False,,,451.64,,,381.96319187285275,443.39442409194356,-13.854759753666245,
2022-04-01,True,2022-04-01,452.92,452.92,0.0,0.0,381.96319187285275,443.39442409194356,-13.854759753666245,
2022-04-04,True,2022-04-01,452.92,456.8,0.8566634284200347,1.5419941711560625,387.85304202749376,443.39442409194356,-12.526405170339395,
2022-04-05,True,2022-04-01,452.92,451.03,-0.4172922370396681,-0.7511260266714026,379.0941669263909,443.39442409194356,-14.501819073895062,
2022-04-06,True,2022-04-01,452.92,446.52,-1.4130530778062478,-2.543495540051246,372.24797512292935,443.39442409194356,-16.04586009729817,
2022-04-07,True,2022-04-01,452.92,448.77,-0.9162766051399873,-1.6492978892519772,375.66348101157433,443.39442409194356,-15.27555138274006,
2022-04-08,True,2022-04-01,452.92,447.57,-1.181224057228658,-2.1262033030115846,373.8418778709637,443.39442409194356,-15.686382697171053,
2022-04-11,True,2022-04-01,452.92,439.92,-2.870264064293915,-5.166475315729047,362.22915784957104,443.39442409194356,-18.30543232666856,
2022-04-12,True,2022-04-01,452.92,438.29,-3.230151020047689,-5.81427183608584,359.75481358357496,443.39442409194356,-18.86347819543731,
2022-04-13,True,2022-04-01,452.92,443.31,-2.121787512143425,-3.8192175218581648,367.375186721796,443.39442409194356,-17.144833863401043,
2022-04-14,True,2022-04-01,452.92,437.79,-3.3405457917513037,-6.012982425152347,358.9958122749872,443.39442409194356,-19.034657909783547,
2022-04-18,True,2022-04-01,452.92,437.97,-3.300803673938002,-5.941446613088404,359.2690527460788,443.39442409194356,-18.973033212618905,
2022-04-19,True,2022-04-01,452.92,445.04,-1.7398216020489299,-3.131678883688074,370.0013312495097,443.39442409194356,-16.552552051763026,
2022-04-20,True,2022-04-01,452.92,444.71,-1.8126821513733238,-3.262827872471983,369.5003903858417,443.39442409194356,-16.665530663231564,
2022-04-21,True,2022-04-01,452.92,438.06,-3.280932615031351,-5.905678707056432,359.4056729816246,443.39442409194356,-18.942220864036575,
2022-04-22,True,2022-04-01,452.92,426.04,-5.934822926786188,-10.682681268215138,341.15928152317485,443.39442409194356,-23.057381196920268,
2022-04-25,True,2022-04-01,452.92,428.51,-5.389472754570345,-9.701050958226622,344.90874798759836,443.39442409194356,-22.211753408049827,RAW_DECISION
2022-04-26,False,,,416.1,,,344.90874798759836,443.39442409194356,-22.211753408049827,
2022-04-27,False,,,417.27,,,344.90874798759836,443.39442409194356,-22.211753408049827,
2022-04-28,False,,,427.81,,,344.90874798759836,443.39442409194356,-22.211753408049827,
2022-04-29,False,,,412.0,,,344.90874798759836,443.39442409194356,-22.211753408049827,
2022-05-02,False,,,414.48,,,344.90874798759836,443.39442409194356,-22.211753408049827,
2022-05-03,False,,,416.38,,,344.90874798759836,443.39442409194356,-22.211753408049827,
2022-05-04,False,,,429.06,,,344.90874798759836,443.39442409194356,-22.211753408049827,
2022-05-05,False,,,413.81,,,344.90874798759836,443.39442409194356,-22.211753408049827,
2022-05-06,False,,,411.34,,,344.90874798759836,443.39442409194356,-22.211753408049827,
2022-05-09,False,,,398.17,,,344.90874798759836,443.39442409194356,-22.211753408049827,
2022-05-10,False,,,399.09,,,344.90874798759836,443.39442409194356,-22.211753408049827,
2022-05-11,False,,,392.75,,,344.90874798759836,443.39442409194356,-22.211753408049827,
2022-05-12,False,,,392.34,,,344.90874798759836,443.39442409194356,-22.211753408049827,
2022-05-13,False,,,401.72,,,344.90874798759836,443.39442409194356,-22.211753408049827,
2022-05-16,False,,,400.09,,,344.90874798759836,443.39442409194356,-22.211753408049827,
2022-05-17,False,,,408.32,,,344.90874798759836,443.39442409194356,-22.211753408049827,
2022-05-18,False,,,391.86,,,344.90874798759836,443.39442409194356,-22.211753408049827,
2022-05-19,False,,,389.46,,,344.90874798759836,443.39442409194356,-22.211753408049827,
2022-05-20,False,,,389.63,,,344.90874798759836,443.39442409194356,-22.211753408049827,
2022-05-23,False,,,396.92,,,344.90874798759836,443.39442409194356,-22.211753408049827,
2022-05-24,False,,,393.89,,,344.90874798759836,443.39442409194356,-22.211753408049827,
2022-05-25,False,,,397.37,,,344.90874798759836,443.39442409194356,-22.211753408049827,
2022-05-26,False,,,405.31,,,344.90874798759836,443.39442409194356,-22.211753408049827,
2022-05-27,False,,,415.26,,,344.90874798759836,443.39442409194356,-22.211753408049827,
2022-05-31,False,,,412.93,,,344.90874798759836,443.39442409194356,-22.211753408049827,
2022-06-01,False,,,409.59,,,344.90874798759836,443.39442409194356,-22.211753408049827,
2022-06-02,False,,,417.39,,,344.90874798759836,443.39442409194356,-22.211753408049827,
2022-06-03,False,,,410.54,,,344.90874798759836,443.39442409194356,-22.211753408049827,
2022-06-06,False,,,411.79,,,344.90874798759836,443.39442409194356,-22.211753408049827,
2022-06-07,False,,,415.74,,,344.90874798759836,443.39442409194356,-22.211753408049827,
2022-06-08,False,,,411.22,,,344.90874798759836,443.39442409194356,-22.211753408049827,
2022-06-09,False,,,401.44,,,344.90874798759836,443.39442409194356,-22.211753408049827,
2022-06-10,False,,,389.8,,,344.90874798759836,443.39442409194356,-22.211753408049827,
2022-06-13,False,,,375.0,,,344.90874798759836,443.39442409194356,-22.211753408049827,
2022-06-14,False,,,373.87,,,344.90874798759836,443.39442409194356,-22.211753408049827,
2022-06-15,False,,,379.2,,,344.90874798759836,443.39442409194356,-22.211753408049827,
2022-06-16,False,,,366.65,,,344.90874798759836,443.39442409194356,-22.211753408049827,
2022-06-17,False,,,365.86,,,344.90874798759836,443.39442409194356,-22.211753408049827,
2022-06-21,False,,,375.07,,,344.90874798759836,443.39442409194356,-22.211753408049827,
2022-06-22,False,,,374.39,,,344.90874798759836,443.39442409194356,-22.211753408049827,
2022-06-23,False,,,378.06,,,344.90874798759836,443.39442409194356,-22.211753408049827,
2022-06-24,False,,,390.08,,,344.90874798759836,443.39442409194356,-22.211753408049827,
2022-06-27,False,,,388.59,,,344.90874798759836,443.39442409194356,-22.211753408049827,
2022-06-28,False,,,380.65,,,344.90874798759836,443.39442409194356,-22.211753408049827,
2022-06-29,False,,,380.34,,,344.90874798759836,443.39442409194356,-22.211753408049827,
2022-06-30,False,,,377.25,,,344.90874798759836,443.39442409194356,-22.211753408049827,
2022-07-01,True,2022-07-01,381.24,381.24,0.0,0.0,344.90874798759836,443.39442409194356,-22.211753408049827,
2022-07-05,True,2022-07-01,381.24,381.96,0.18885741265344258,0.33994334277619664,346.08124231503496,443.39442409194356,-21.947317442298164,
2022-07-06,True,2022-07-01,381.24,383.25,0.5272269436575439,0.9490084985835789,348.18196131835884,443.39442409194356,-21.47353633699308,
2022-07-07,True,2022-07-01,381.24,388.99,2.032840205644737,3.6591123701605266,357.52934665097837,443.39442409194356,-19.365394054472805,
2022-07-08,True,2022-07-01,381.24,388.67,1.9489035777987551,3.508026440037759,357.0082380610065,443.39442409194356,-19.482921150362444,
2022-07-11,True,2022-07-01,381.24,384.23,0.784282866435837,1.4117091595845066,349.7778563751475,443.39442409194356,-21.113609605831098,
2022-07-12,True,2022-07-01,381.24,380.83,-0.10754380442766776,-0.19357884796980196,344.24107760669693,443.39442409194356,-22.36233499965843,
2022-07-13,True,2022-07-01,381.24,378.83,-0.6321477284650157,-1.1378659112370282,340.98414891937307,443.39442409194356,-23.096879348968624,
2022-07-14,True,2022-07-01,381.24,377.91,-0.8734655335221886,-1.5722379603399395,339.4859617232041,443.39442409194356,-23.43476974965131,
2022-07-15,True,2022-07-01,381.24,385.13,1.0203546322526513,1.8366383380547724,351.24347428444327,443.39442409194356,-20.783064648641503,
2022-07-18,True,2022-07-01,381.24,381.95,0.18623439303324663,0.3352219074598439,346.0649576715983,443.39442409194356,-21.950990164044725,
2022-07-19,True,2022-07-01,381.24,392.27,2.89319064106599,5.207743153918782,362.8707096981895,443.39442409194356,-18.16074132160409,
2022-07-20,True,2022-07-01,381.24,394.77,3.5489455461126695,6.388101983002805,366.9418705573443,443.39442409194356,-17.24256088496634,RAW_DECISION
2022-07-21,False,,,398.79,,,366.9418705573443,443.39442409194356,-17.24256088496634,
2022-07-22,False,,,395.09,,,366.9418705573443,443.39442409194356,-17.24256088496634,
2022-07-25,False,,,395.57,,,366.9418705573443,443.39442409194356,-17.24256088496634,
2022-07-26,False,,,390.89,,,366.9418705573443,443.39442409194356,-17.24256088496634,
2022-07-27,False,,,401.04,,,366.9418705573443,443.39442409194356,-17.24256088496634,
2022-07-28,False,,,406.07,,,366.9418705573443,443.39442409194356,-17.24256088496634,
2022-07-29,False,,,411.99,,,366.9418705573443,443.39442409194356,-17.24256088496634,
2022-08-01,True,2022-08-01,410.77,410.77,0.0,0.0,366.9418705573443,443.39442409194356,-17.24256088496634,
2022-08-02,True,2022-08-01,410.77,408.06,-0.6597365922535681,-1.1875258660564225,362.58434093108457,443.39442409194356,-18.225326880543268,
2022-08-03,True,2022-08-01,410.77,414.45,0.8958784721377011,1.612581249847862,372.8591063597931,443.39442409194356,-15.908029938943047,
2022-08-04,True,2022-08-01,410.77,414.17,0.8277138057793954,1.4898848504029116,372.40888189656323,443.39442409194356,-16.009570337010047,
2022-08-05,True,2022-08-01,410.77,413.47,0.6573021398836421,1.1831438517905557,371.2833207384888,443.39442409194356,-16.263421332177508,
2022-08-08,True,2022-08-01,410.77,412.99,0.5404484261265496,0.9728071670277894,370.511507372952,443.39442409194356,-16.437490586006643,
2022-08-09,True,2022-08-01,410.77,411.35,0.14119823745648574,0.25415682742167434,367.8744783740346,443.39442409194356,-17.032227203256156,
2022-08-10,True,2022-08-01,410.77,419.99,2.244565085084127,4.040217153151429,381.76711895369687,443.39442409194356,-13.898980634331902,
2022-08-11,True,2022-08-01,410.77,419.99,2.244565085084127,4.040217153151429,381.76711895369687,443.39442409194356,-13.898980634331902,RAW_DECISION
2022-08-12,False,,,427.1,,,381.76711895369687,443.39442409194356,-13.898980634331902,
2022-08-15,False,,,428.86,,,381.76711895369687,443.39442409194356,-13.898980634331902,
2022-08-16,False,,,429.7,,,381.76711895369687,443.39442409194356,-13.898980634331902,
2022-08-17,False,,,426.65,,,381.76711895369687,443.39442409194356,-13.898980634331902,
2022-08-18,False,,,427.89,,,381.76711895369687,443.39442409194356,-13.898980634331902,
2022-08-19,False,,,422.14,,,381.76711895369687,443.39442409194356,-13.898980634331902,
2022-08-22,False,,,413.35,,,381.76711895369687,443.39442409194356,-13.898980634331902,
2022-08-23,False,,,412.35,,,381.76711895369687,443.39442409194356,-13.898980634331902,
2022-08-24,False,,,413.67,,,381.76711895369687,443.39442409194356,-13.898980634331902,
2022-08-25,False,,,419.51,,,381.76711895369687,443.39442409194356,-13.898980634331902,
2022-08-26,False,,,405.31,,,381.76711895369687,443.39442409194356,-13.898980634331902,
2022-08-29,False,,,402.63,,,381.76711895369687,443.39442409194356,-13.898980634331902,
2022-08-30,False,,,398.21,,,381.76711895369687,443.39442409194356,-13.898980634331902,
2022-08-31,False,,,395.18,,,381.76711895369687,443.39442409194356,-13.898980634331902,
2022-09-01,True,2022-09-01,396.42,396.42,0.0,0.0,381.76711895369687,443.39442409194356,-13.898980634331902,
2022-09-02,True,2022-09-01,396.42,392.24,-1.054437213056858,-1.8979869835023444,374.5212287286638,443.39442409194356,-15.533166774555108,
2022-09-06,True,2022-09-01,396.42,390.76,-1.4277786186368102,-2.5700015135462584,371.9556982183649,443.39442409194356,-16.111778135208333,
2022-09-07,True,2022-09-01,396.42,397.78,0.3430704808031759,0.6175268654457167,384.12463347667403,443.39442409194356,-13.367283708326283,
2022-09-08,True,2022-09-01,396.42,400.38,0.998940517632807,1.7980929317390526,388.6316465353071,443.39442409194356,-12.350804290962557,
2022-09-09,True,2022-09-01,396.42,406.6,2.567983451894462,4.622370213410032,399.4138085448062,443.39442409194356,-9.919072761730853,
2022-09-12,True,2022-09-01,396.42,410.97,3.67034962918118,6.606629332526124,406.98905741643165,443.39442409194356,-8.210605433315688,
2022-09-13,True,2022-09-01,396.42,393.1,-0.8374955854901334,-1.50749205388224,376.0120099711347,443.39442409194356,-15.196946659580956,
2022-09-14,True,2022-09-01,396.42,394.6,-0.4591090257807351,-0.8263962464053232,378.61220981265376,443.39442409194356,-14.610516226486503,RAW_DECISION
2022-09-15,False,,,390.12,,,378.61220981265376,443.39442409194356,-14.610516226486503,
2022-09-16,False,,,385.56,,,378.61220981265376,443.39442409194356,-14.610516226486503,
2022-09-19,False,,,388.55,,,378.61220981265376,443.39442409194356,-14.610516226486503,
2022-09-20,False,,,384.09,,,378.61220981265376,443.39442409194356,-14.610516226486503,
2022-09-21,False,,,377.39,,,378.61220981265376,443.39442409194356,-14.610516226486503,
2022-09-22,False,,,374.22,,,378.61220981265376,443.39442409194356,-14.610516226486503,
2022-09-23,False,,,367.95,,,378.61220981265376,443.39442409194356,-14.610516226486503,
2022-09-26,False,,,364.31,,,378.61220981265376,443.39442409194356,-14.610516226486503,
2022-09-27,False,,,363.38,,,378.61220981265376,443.39442409194356,-14.610516226486503,
2022-09-28,False,,,370.53,,,378.61220981265376,443.39442409194356,-14.610516226486503,
2022-09-29,False,,,362.79,,,378.61220981265376,443.39442409194356,-14.610516226486503,
2022-09-30,False,,,357.18,,,378.61220981265376,443.39442409194356,-14.610516226486503,
2022-10-03,False,,,366.61,,,378.61220981265376,443.39442409194356,-14.610516226486503,
2022-10-04,False,,,377.97,,,378.61220981265376,443.39442409194356,-14.610516226486503,
2022-10-05,False,,,377.09,,,378.61220981265376,443.39442409194356,-14.610516226486503,
2022-10-06,False,,,373.2,,,378.61220981265376,443.39442409194356,-14.610516226486503,
2022-10-07,False,,,362.79,,,378.61220981265376,443.39442409194356,-14.610516226486503,
2022-10-10,False,,,360.02,,,378.61220981265376,443.39442409194356,-14.610516226486503,
2022-10-11,False,,,357.74,,,378.61220981265376,443.39442409194356,-14.610516226486503,
2022-10-12,False,,,356.56,,,378.61220981265376,443.39442409194356,-14.610516226486503,
2022-10-13,False,,,365.97,,,378.61220981265376,443.39442409194356,-14.610516226486503,
2022-10-14,False,,,357.63,,,378.61220981265376,443.39442409194356,-14.610516226486503,
2022-10-17,False,,,366.82,,,378.61220981265376,443.39442409194356,-14.610516226486503,
2022-10-18,False,,,371.13,,,378.61220981265376,443.39442409194356,-14.610516226486503,
2022-10-19,False,,,368.5,,,378.61220981265376,443.39442409194356,-14.610516226486503,
2022-10-20,False,,,365.41,,,378.61220981265376,443.39442409194356,-14.610516226486503,
2022-10-21,False,,,374.29,,,378.61220981265376,443.39442409194356,-14.610516226486503,
2022-10-24,False,,,378.87,,,378.61220981265376,443.39442409194356,-14.610516226486503,
2022-10-25,False,,,384.92,,,378.61220981265376,443.39442409194356,-14.610516226486503,
2022-10-26,False,,,382.02,,,378.61220981265376,443.39442409194356,-14.610516226486503,
2022-10-27,False,,,379.98,,,378.61220981265376,443.39442409194356,-14.610516226486503,
2022-10-28,False,,,389.02,,,378.61220981265376,443.39442409194356,-14.610516226486503,
2022-10-31,False,,,386.21,,,378.61220981265376,443.39442409194356,-14.610516226486503,
2022-11-01,False,,,384.52,,,378.61220981265376,443.39442409194356,-14.610516226486503,
2022-11-02,False,,,374.87,,,378.61220981265376,443.39442409194356,-14.610516226486503,
2022-11-03,False,,,371.01,,,378.61220981265376,443.39442409194356,-14.610516226486503,
2022-11-04,False,,,376.35,,,378.61220981265376,443.39442409194356,-14.610516226486503,
2022-11-07,False,,,379.95,,,378.61220981265376,443.39442409194356,-14.610516226486503,
2022-11-08,False,,,382.0,,,378.61220981265376,443.39442409194356,-14.610516226486503,
2022-11-09,False,,,374.13,,,378.61220981265376,443.39442409194356,-14.610516226486503,
2022-11-10,False,,,394.69,,,378.61220981265376,443.39442409194356,-14.610516226486503,
2022-11-11,False,,,398.51,,,378.61220981265376,443.39442409194356,-14.610516226486503,
2022-11-14,False,,,395.12,,,378.61220981265376,443.39442409194356,-14.610516226486503,
2022-11-15,False,,,398.49,,,378.61220981265376,443.39442409194356,-14.610516226486503,
2022-11-16,False,,,395.45,,,378.61220981265376,443.39442409194356,-14.610516226486503,
2022-11-17,False,,,394.24,,,378.61220981265376,443.39442409194356,-14.610516226486503,
2022-11-18,False,,,396.03,,,378.61220981265376,443.39442409194356,-14.610516226486503,
2022-11-21,False,,,394.59,,,378.61220981265376,443.39442409194356,-14.610516226486503,
2022-11-22,False,,,399.9,,,378.61220981265376,443.39442409194356,-14.610516226486503,
2022-11-23,False,,,402.42,,,378.61220981265376,443.39442409194356,-14.610516226486503,
2022-11-25,False,,,402.33,,,378.61220981265376,443.39442409194356,-14.610516226486503,
2022-11-28,False,,,395.91,,,378.61220981265376,443.39442409194356,-14.610516226486503,
2022-11-29,False,,,395.23,,,378.61220981265376,443.39442409194356,-14.610516226486503,
2022-11-30,False,,,407.68,,,378.61220981265376,443.39442409194356,-14.610516226486503,
2022-12-01,False,,,407.38,,,378.61220981265376,443.39442409194356,-14.610516226486503,
2022-12-02,False,,,406.91,,,378.61220981265376,443.39442409194356,-14.610516226486503,
2022-12-05,False,,,399.59,,,378.61220981265376,443.39442409194356,-14.610516226486503,
2022-12-06,False,,,393.83,,,378.61220981265376,443.39442409194356,-14.610516226486503,
2022-12-07,False,,,393.16,,,378.61220981265376,443.39442409194356,-14.610516226486503,
2022-12-08,False,,,396.24,,,378.61220981265376,443.39442409194356,-14.610516226486503,
2022-12-09,False,,,393.28,,,378.61220981265376,443.39442409194356,-14.610516226486503,
2022-12-12,False,,,398.95,,,378.61220981265376,443.39442409194356,-14.610516226486503,
2022-12-13,False,,,401.97,,,378.61220981265376,443.39442409194356,-14.610516226486503,
2022-12-14,False,,,399.4,,,378.61220981265376,443.39442409194356,-14.610516226486503,
2022-12-15,False,,,389.63,,,378.61220981265376,443.39442409194356,-14.610516226486503,
2022-12-16,False,,,383.27,,,378.61220981265376,443.39442409194356,-14.610516226486503,
2022-12-19,False,,,380.02,,,378.61220981265376,443.39442409194356,-14.610516226486503,
2022-12-20,False,,,380.54,,,378.61220981265376,443.39442409194356,-14.610516226486503,
2022-12-21,False,,,386.23,,,378.61220981265376,443.39442409194356,-14.610516226486503,
2022-12-22,False,,,380.72,,,378.61220981265376,443.39442409194356,-14.610516226486503,
2022-12-23,False,,,382.91,,,378.61220981265376,443.39442409194356,-14.610516226486503,
2022-12-27,False,,,381.4,,,378.61220981265376,443.39442409194356,-14.610516226486503,
2022-12-28,False,,,376.66,,,378.61220981265376,443.39442409194356,-14.610516226486503,
2022-12-29,False,,,383.44,,,378.61220981265376,443.39442409194356,-14.610516226486503,
2022-12-30,False,,,382.43,,,378.61220981265376,443.39442409194356,-14.610516226486503,
2023-01-03,True,2023-01-03,380.82,380.82,0.0,0.0,378.61220981265376,443.39442409194356,-14.610516226486503,
2023-01-04,True,2023-01-03,380.82,383.76,0.7720182763510275,1.3896328974318495,383.8735296339041,443.39442409194356,-13.423915869022519,
2023-01-05,True,2023-01-03,380.82,379.38,-0.3781314006617298,-0.6806365211911136,376.0352368389801,443.39442409194356,-15.191708238305601,
2023-01-06,True,2023-01-03,380.82,388.08,1.906412478336228,3.4315424610052103,391.6044485549251,443.39442409194356,-11.680339833565235,
2023-01-09,True,2023-01-03,380.82,387.86,1.8486424032351234,3.327556325823222,391.2107443506138,443.39442409194356,-11.769133057593162,
2023-01-10,True,2023-01-03,380.82,390.58,2.5628906044850464,4.613203088073083,396.0783599675529,443.39442409194356,-10.671325924157104,
2023-01-11,True,2023-01-03,380.82,395.52,3.8600913817551596,6.948164487159287,404.9188089189056,443.39442409194356,-8.67751443916659,
2023-01-12,True,2023-01-03,380.82,396.96,4.238222782416878,7.628801008350381,407.4957818925791,443.39442409194356,-8.096322427347536,
2023-01-13,True,2023-01-03,380.82,398.5,4.642613308124566,8.35670395462422,410.25171132275796,443.39442409194356,-7.474769859152097,
2023-01-17,True,2023-01-03,380.82,397.77,4.450921695289112,8.011659051520402,408.9453291902706,443.39442409194356,-7.76940192069927,
2023-01-18,True,2023-01-03,380.82,391.49,2.8018486424032485,5.043327556325847,397.7068637217495,443.39442409194356,-10.304044861132521,
2023-01-19,True,2023-01-03,380.82,388.64,2.0534635785935507,3.696234441468391,392.6066047113536,443.39442409194356,-11.454320717857847,
2023-01-20,True,2023-01-03,380.82,395.88,3.9546242319205893,7.118323617457061,405.56305216232397,443.39442409194356,-8.532216436211826,
2023-01-23,True,2023-01-03,380.82,400.63,5.201932671603382,9.363478808886088,414.0634838463169,443.39442409194356,-6.615090008336355,
2023-01-24,True,2023-01-03,380.82,400.2,5.08901843390579,9.160233181030423,413.293971083345,443.39442409194356,-6.788640400754531,
2023-01-25,True,2023-01-03,380.82,400.35,5.12840712147471,9.231132818654478,413.5624057681026,443.39442409194356,-6.728099566190049,
2023-01-26,True,2023-01-03,380.82,404.75,6.283808623496667,11.310855522294002,421.43648985432765,443.39442409194356,-4.952235085631718,
2023-01-27,True,2023-01-03,380.82,405.68,6.5280184864240365,11.750433275563266,423.1007848998252,443.39442409194356,-4.576881911331887,
2023-01-30,True,2023-01-03,380.82,400.59,5.191429021585003,9.344572238853006,413.9919012637149,443.39442409194356,-6.631234230886873,
2023-01-31,True,2023-01-03,380.82,406.48,6.738091486791675,12.128564676225016,424.53243655186617,443.39442409194356,-4.253997460321268,
2023-02-01,True,2023-01-03,380.82,410.8,7.8724856887768535,14.170474239798336,432.2633554728871,443.39442409194356,-2.5104214248639956,
2023-02-02,True,2023-01-03,380.82,416.78,9.442781366524855,16.99700645974474,442.9649515718928,443.39442409194356,-0.09686015355973021,
2023-02-03,True,2023-01-03,380.82,412.35,8.279502126989136,14.903103828580447,435.0371805487164,443.39442409194356,-1.8848328010309445,
2023-02-06,True,2023-01-03,380.82,409.83,7.617772175831106,13.711989916495991,430.5274778447874,443.39442409194356,-2.9019188217143665,
2023-02-07,True,2023-01-03,380.82,415.19,9.025261278294217,16.24547030092959,440.1195439134617,443.39442409194356,-0.7385929999432661,
2023-02-08,True,2023-01-03,380.82,410.65,7.8330970012079115,14.099574602174242,431.9949207881293,443.39442409194356,-2.570962259428511,
2023-02-09,True,2023-01-03,380.82,407.09,6.898272149571971,12.416889869229548,425.6240709365473,443.39442409194356,-4.0077980664256945,
2023-02-10,True,2023-01-03,380.82,408.04,7.147733837508552,12.865920907515394,427.32415727334603,443.39442409194356,-3.624372780850571,
2023-02-13,True,2023-01-03,380.82,412.83,8.405545927209701,15.129982668977462,435.8961715399409,443.39442409194356,-1.6911021304245821,
2023-02-14,True,2023-01-03,380.82,412.64,8.355653589622403,15.040176461320325,435.55615427258124,443.39442409194356,-1.7677871875395934,
2023-02-15,True,2023-01-03,380.82,413.98,8.707525865238175,15.673546557428715,437.95417078974975,443.39442409194356,-1.2269557320968238,
2023-02-16,True,2023-01-03,380.82,408.28,7.210755737618824,12.979360327713882,427.75365276895815,443.39442409194356,-3.5275074455474176,
2023-02-17,True,2023-01-03,380.82,407.26,6.9429126621501025,12.497242791870185,425.9282969126061,443.39442409194356,-3.9391851205859196,
2023-02-21,True,2023-01-03,380.82,399.09,4.797542145895695,8.635575862612251,411.30755441613815,443.39442409194356,-7.2366425765317715,
2023-02-22,True,2023-01-03,380.82,398.54,4.6531169581429666,8.37561052465734,410.3232939053601,443.39442409194356,-7.458625636601535,RAW_DECISION
2023-02-23,False,,,400.66,,,410.3232939053601,443.39442409194356,-7.458625636601535,
2023-02-24,False,,,396.38,,,410.3232939053601,443.39442409194356,-7.458625636601535,
2023-02-27,False,,,397.73,,,410.3232939053601,443.39442409194356,-7.458625636601535,
2023-02-28,False,,,396.26,,,410.3232939053601,443.39442409194356,-7.458625636601535,
2023-03-01,True,2023-03-01,394.74,394.74,0.0,0.0,410.3232939053601,443.39442409194356,-7.458625636601535,
2023-03-02,True,2023-03-01,394.74,397.81,0.7777271115164464,1.3999088007296034,416.06744580818486,443.39442409194356,-6.163130792572192,
2023-03-03,True,2023-03-01,394.74,404.19,2.39398084815321,4.309165526675778,428.0048038342504,443.39442409194356,-3.470864634621995,
2023-03-06,True,2023-03-01,394.74,404.47,2.464913614024433,4.43684450524398,428.5287004247362,443.39442409194356,-3.3527087530818345,
2023-03-07,True,2023-03-01,394.74,398.27,0.8942595125905672,1.609667122663021,416.9281330639826,443.39442409194356,-5.969017558613421,
2023-03-08,True,2023-03-01,394.74,398.92,1.0589248619344405,1.9060647514819928,418.14432157761,443.39442409194356,-5.694727119323817,
2023-03-09,True,2023-03-01,394.74,391.56,-0.8055935552515603,-1.4500683994528085,404.3733254848446,443.39442409194356,-8.800538862664508,
2023-03-10,True,2023-03-01,394.74,385.91,-2.2369154380098233,-4.026447788417682,393.80184071254513,443.39442409194356,-11.184755758027931,
2023-03-13,True,2023-03-01,394.74,385.36,-2.376247656685415,-4.277245782033748,392.7727581240912,443.39442409194356,-11.41684766819605,
2023-03-14,True,2023-03-01,394.74,391.73,-0.762527233115462,-1.3725490196078316,404.69140555763954,443.39442409194356,-8.728801363157979,
2023-03-15,True,2023-03-01,394.74,389.28,-1.3831889344885329,-2.489740082079359,400.10731039089006,443.39442409194356,-9.76266532663418,
2023-03-16,True,2023-03-01,394.74,396.11,0.3470638901555523,0.6247150022799941,412.8866450802363,443.39442409194356,-6.880505787637303,
2023-03-17,True,2023-03-01,394.74,389.99,-1.2033237067436753,-2.1659826721386155,401.4357624596216,443.39442409194356,-9.463055769871676,
2023-03-20,True,2023-03-01,394.74,393.74,-0.2533313066828802,-0.4559963520291843,408.4522346536257,443.39442409194356,-7.880610927816312,
2023-03-21,True,2023-03-01,394.74,398.91,1.0563915488676079,1.9015047879616942,418.1256109850927,443.39442409194356,-5.698946972235952,
2023-03-22,True,2023-03-01,394.74,392.11,-0.6662613365759684,-1.1992704058367432,405.40240807329866,443.39442409194356,-8.568446952496355,
2023-03-23,True,2023-03-01,394.74,393.17,-0.397730151492115,-0.715914272685807,407.38573088013715,443.39442409194356,-8.121142543808702,
2023-03-24,True,2023-03-01,394.74,395.75,0.25586461974971275,0.46055631554948295,412.21306374961193,443.39442409194356,-7.032420492474611,
2023-03-27,True,2023-03-01,394.74,396.49,0.44332978669503476,0.7979936160510626,413.59764759589535,443.39442409194356,-6.720151376975703,
2023-03-28,True,2023-03-01,394.74,395.6,0.21786492374729072,0.3921568627451233,411.9324048618518,443.39442409194356,-7.095718286156815,
2023-03-29,True,2023-03-01,394.74,401.35,1.6745199371738462,3.014135886912923,422.6909955593248,443.39442409194356,-4.669302861671898,
2023-03-30,True,2023-03-01,394.74,403.7,2.2698485078785913,4.085727314181464,427.08798480090053,443.39442409194356,-3.6776374273172374,
2023-03-31,True,2023-03-01,394.74,409.39,3.7113036429041735,6.680346557227512,437.73431194326935,443.39442409194356,-1.2765411203052301,
2023-04-03,True,2023-03-01,394.74,410.95,4.106500481329478,7.391700866393061,440.6531643759752,443.39442409194356,-0.618244066010154,
2023-04-04,True,2023-03-01,394.74,408.67,3.5289051020925166,6.35202918376653,436.38714928202074,443.39442409194356,-1.5803705299798243,
2023-04-05,True,2023-03-01,394.74,407.6,3.2578406039418306,5.864113087095295,434.3851158826648,443.39442409194356,-2.031894791579636,
2023-04-06,True,2023-03-01,394.74,409.19,3.6606373815676108,6.589147286821699,437.36010009292255,443.39442409194356,-1.3609381785481656,
2023-04-10,True,2023-03-01,394.74,409.61,3.7670365303744235,6.780665754673962,438.145944978651,443.39442409194356,-1.1837043562379579,
2023-04-11,True,2023-03-01,394.74,409.72,3.7949029741095375,6.8308253533971675,438.3517614963418,443.39442409194356,-1.1372859742043384,
2023-04-12,True,2023-03-01,394.74,408.05,3.371839691949141,6.069311445508454,435.2270925459455,443.39442409194356,-1.8420014105329563,
2023-04-13,True,2023-03-01,394.74,413.47,4.744895374170355,8.540811673506639,445.3682336903461,445.3682336903461,0.0,
2023-04-14,True,2023-03-01,394.74,412.46,4.48903075442062,8.080255357957116,443.4784638460941,445.3682336903461,-0.4243162626560104,
2023-04-17,True,2023-03-01,394.74,413.94,4.863961088311286,8.755129958960316,446.24763153866104,446.24763153866104,0.0,
2023-04-18,True,2023-03-01,394.74,414.21,4.932360541115655,8.878248974008178,446.7528175366293,446.7528175366293,0.0,
2023-04-19,True,2023-03-01,394.74,414.14,4.914627349647871,8.846329229366168,446.62184338900806,446.7528175366293,-0.029316915860422288,
2023-04-20,True,2023-03-01,394.74,411.88,4.342098596544552,7.815777473780194,442.3932494800882,446.7528175366293,-0.9758344850692935,
2023-04-21,True,2023-03-01,394.74,412.2,4.423164614683084,7.961696306429551,442.99198844064324,446.7528175366293,-0.8418142982786536,
2023-04-24,True,2023-03-01,394.74,412.63,4.532097076556707,8.157774737802074,443.796543918889,446.7528175366293,-0.6617246722787518,
2023-04-25,True,2023-03-01,394.74,406.08,2.8727770177838563,5.170998632010941,431.5411058200285,446.7528175366293,-3.404950370649562,
2023-04-26,True,2023-03-01,394.74,404.36,2.437047170289297,4.386684906520735,428.3228839070453,446.7528175366293,-4.125308874649225,
2023-04-27,True,2023-03-01,394.74,412.41,4.476364189086501,8.057455540355702,443.3849108835076,446.7528175366293,-0.7538635506972757,
2023-04-28,True,2023-03-01,394.74,415.93,5.368090388610214,9.662562699498386,449.9710394496126,449.9710394496126,0.0,
2023-05-01,True,2023-03-01,394.74,415.51,5.261691239803401,9.471044231646122,449.1851945638841,449.9710394496126,-0.1746434363175231,
2023-05-02,True,2023-03-01,394.74,410.84,4.078634037594364,7.3415412676698555,440.44734785828445,449.9710394496126,-2.1165121210861004,
2023-05-03,True,2023-03-01,394.74,408.02,3.3642397527486434,6.055631554947558,435.1709607683933,449.9710394496126,-3.289118050646589,
2023-05-04,True,2023-03-01,394.74,405.13,2.632112276435117,4.73780209758321,429.7635995308808,449.9710394496126,-4.490831219593316,
2023-05-05,True,2023-03-01,394.74,412.63,4.532097076556707,8.157774737802074,443.796543918889,449.9710394496126,-1.3721984282090705,
2023-05-08,True,2023-03-01,394.74,412.74,4.559963520291843,8.207934336525318,444.00236043657986,449.9710394496126,-1.3264584806020774,
2023-05-09,True,2023-03-01,394.74,410.93,4.101433855195835,7.382580939352503,440.61574319094063,449.9710394496126,-2.0790885275894677,
2023-05-10,True,2023-03-01,394.74,412.85,4.587829964026957,8.258093935248523,444.20817695427064,449.9710394496126,-1.2807185329951176,
2023-05-11,True,2023-03-01,394.74,412.13,4.405431423215278,7.9297765617875005,442.8610142930218,449.9710394496126,-1.5801072809680128,
2023-05-12,True,2023-03-01,394.74,411.59,4.268632517606519,7.683538531691734,441.85064229708513,449.9710394496126,-1.804648841947698,
2023-05-15,True,2023-03-01,394.74,413.01,4.628362973096212,8.331053351573182,444.5075464345481,449.9710394496126,-1.214187700112268,
2023-05-16,True,2023-03-01,394.74,410.25,3.929168566651464,7.0725034199726355,439.34342289976104,449.9710394496126,-2.3618445673416755,
2023-05-17,True,2023-03-01,394.74,415.23,5.1907584739322,9.34336525307796,448.66129797339846,449.9710394496126,-0.2910723938625348,
2023-05-18,True,2023-03-01,394.74,419.23,6.204083700663721,11.167350661194698,456.1455349803362,456.1455349803362,0.0,
2023-05-19,True,2023-03-01,394.74,418.62,6.049551603587178,10.88919288645692,455.00418883677827,456.1455349803362,-0.2502153492760062,
2023-05-22,True,2023-03-01,394.74,418.79,6.092617925723265,10.966712266301878,455.32226890957315,456.1455349803362,-0.18048320275645402,
2023-05-23,True,2023-03-01,394.74,414.09,4.901960784313708,8.823529411764675,446.52829042642117,456.1455349803362,-2.108371959473332,
2023-05-24,True,2023-03-01,394.74,411.09,4.1419668642650675,7.455540355677122,440.9151126712179,456.1455349803362,-3.3389392509947213,
2023-05-25,True,2023-03-01,394.74,414.65,5.0438263160561325,9.07888736890104,447.57608360739255,456.1455349803362,-1.8786660650559894,
2023-05-26,True,2023-03-01,394.74,420.02,6.4042154329432055,11.52758777929777,457.62367178920647,457.62367178920647,0.0,
2023-05-30,True,2023-03-01,394.74,420.18,6.44474844201246,11.600547195622429,457.9230412694839,457.9230412694839,0.0,
2023-05-31,True,2023-03-01,394.74,417.85,5.854486497441358,10.538075695394445,453.56347321294277,457.9230412694839,-0.9520307264852312,
2023-06-01,True,2023-03-01,394.74,421.82,6.860211784972381,12.348381212950287,460.9915784423284,460.9915784423284,0.0,
2023-06-02,True,2023-03-01,394.74,427.92,8.405532755737966,15.129958960328338,472.4050398779085,472.4050398779085,0.0,
2023-06-05,True,2023-03-01,394.74,427.1,8.197801084258005,14.75604195166441,470.8707712914863,472.4050398779085,-0.3247782002534838,
2023-06-06,True,2023-03-01,394.74,428.03,8.433399199473058,15.180118559051506,472.6108563955991,472.6108563955991,0.0,
2023-06-07,True,2023-03-01,394.74,426.55,8.058468865582412,14.505243958048343,469.84168870303233,472.6108563955991,-0.5859297676075514,
2023-06-08,True,2023-03-01,394.74,429.13,8.71206363682424,15.681714546283633,474.6690215725072,474.6690215725072,0.0,
2023-06-09,True,2023-03-01,394.74,429.9,8.907128742970038,16.03283173734607,476.10973719634245,476.10973719634245,0.0,
2023-06-12,True,2023-03-01,394.74,433.8,9.895120839033279,17.8112175102599,483.4068682781068,483.4068682781068,0.0,
2023-06-13,True,2023-03-01,394.74,436.66,10.61964837614633,19.115367077063393,488.75809773806736,488.75809773806736,0.0,
2023-06-14,True,2023-03-01,394.74,437.18,10.751380655621423,19.352485180118563,489.7310485489693,489.7310485489693,0.0,
2023-06-15,True,2023-03-01,394.74,442.6,12.124436337842637,21.823985408116748,499.8721896933699,499.8721896933699,0.0,
2023-06-16,True,2023-03-01,394.74,439.46,11.328976034858385,20.392156862745093,493.9970636429237,499.8721896933699,-1.175325647552039,
2023-06-20,True,2023-03-01,394.74,437.18,10.751380655621423,19.352485180118563,489.7310485489693,499.8721896933699,-2.0287468183859847,
2023-06-21,True,2023-03-01,394.74,434.94,10.18391852865177,18.331053351573185,485.53987582508415,499.8721896933699,-2.867195687977242,
2023-06-22,True,2023-03-01,394.74,436.51,10.581648680143886,19.046967624258993,488.4774388503071,499.8721896933699,-2.279532864201239,
2023-06-23,True,2023-03-01,394.74,433.21,9.745655368090379,17.54217966256268,482.3029433195835,499.8721896933699,-3.514747716724076,
2023-06-26,True,2023-03-01,394.74,431.44,9.297258955261679,16.73506611947102,478.9911684440135,499.8721896933699,-4.177272046713609,
2023-06-27,True,2023-03-01,394.74,436.17,10.49551603587171,18.891928864569078,487.84127870471747,499.8721896933699,-2.4067974247641954,
2023-06-28,True,2023-03-01,394.74,436.39,10.551248923341937,18.992248062015488,488.252911740099,499.8721896933699,-2.3244497679293374,
2023-06-29,True,2023-03-01,394.74,438.11,10.986978770836497,19.776561787505695,491.47113365308223,499.8721896933699,-1.680640814493195,
2023-06-30,True,2023-03-01,394.74,443.28,12.296701626386985,22.134062927496576,501.14450998454925,501.14450998454925,0.0,
2023-07-03,True,2023-03-01,394.74,443.79,12.42590059279527,22.366621067031485,502.0987502029339,502.0987502029339,0.0,
2023-07-05,True,2023-03-01,394.74,443.13,12.258701930384564,22.065663474692215,500.8638510967891,502.0987502029339,-0.24594745667971818,
2023-07-06,True,2023-03-01,394.74,439.66,11.37964229619497,20.483356133150945,494.37127549327073,502.0987502029339,-1.5390348425563638,
2023-07-07,True,2023-03-01,394.74,438.55,11.098444545776974,19.977200182398555,492.29439972384546,502.0987502029339,-1.9526737469722444,
2023-07-10,True,2023-03-01,394.74,439.66,11.37964229619497,20.483356133150945,494.37127549327073,502.0987502029339,-1.5390348425563638,
2023-07-11,True,2023-03-01,394.74,442.46,12.088969954907025,21.760145918832645,499.610241398127,502.0987502029339,-0.49562138997579774,
2023-07-12,True,2023-03-01,394.74,446.02,12.990829406698069,23.383492932056523,506.27121233430154,506.27121233430154,0.0,
2023-07-13,True,2023-03-01,394.74,449.56,13.887622232355469,24.997720018239843,512.8947620854414,512.8947620854414,0.0,
2023-07-14,True,2023-03-01,394.74,449.28,13.816689466484267,24.87004103967168,512.3708654949558,512.8947620854414,-0.10214504596526286,
2023-07-17,True,2023-03-01,394.74,450.84,14.211886304909548,25.581395348837187,515.2897179276614,515.2897179276614,0.0,
2023-07-18,True,2023-03-01,394.74,454.19,15.060546182297196,27.108983128134955,521.5577664209718,521.5577664209718,0.0,
2023-07-19,True,2023-03-01,394.74,455.2,15.31641080204691,27.569539443684437,523.4475362652236,523.4475362652236,0.0,
2023-07-20,True,2023-03-01,394.74,452.18,14.551350255864627,26.192430460556327,517.7969373249857,523.4475362652236,-1.079496711466943,
2023-07-21,True,2023-03-01,394.74,452.18,14.551350255864627,26.192430460556327,517.7969373249857,523.4475362652236,-1.079496711466943,
2023-07-24,True,2023-03-01,394.74,454.2,15.063079495364029,27.113543091655252,521.5764770134891,523.4475362652236,-0.3574492422076081,
2023-07-25,True,2023-03-01,394.74,455.44,15.377210315650803,27.678978568171445,523.8965904856399,523.8965904856399,0.0,
2023-07-26,True,2023-03-01,394.74,455.51,15.394943507118608,27.710898312813494,524.0275646332614,524.0275646332614,0.0,
2023-07-27,True,2023-03-01,394.74,452.49,14.629882960936303,26.333789329685345,518.3769656930233,524.0275646332614,-1.0783018531081656,
2023-07-28,True,2023-03-01,394.74,456.92,15.752140649541468,28.353853169174645,526.6657581782068,526.6657581782068,0.0,
2023-07-31,True,2023-03-01,394.74,457.79,15.972538886355569,28.750569995440024,528.2935797272158,528.2935797272158,0.0,
2023-08-01,True,2023-03-01,394.74,456.48,15.640674874601013,28.153214774281825,525.8424921074438,528.2935797272158,-0.46396316628296574,
2023-08-02,True,2023-03-01,394.74,450.13,14.032021077164703,25.257637938896465,513.96126585893,528.2935797272158,-2.712944926509675,
2023-08-03,True,2023-03-01,394.74,448.84,13.70522369154379,24.66940264477882,511.5475994241926,528.2935797272158,-3.1698246856738277,
2023-08-04,True,2023-03-01,394.74,446.81,13.190961138977553,23.743730050159595,507.7493491431718,528.2935797272158,-3.888790508234463,
2023-08-07,True,2023-03-01,394.74,450.71,14.178953235040769,25.522115823073385,515.046480224936,528.2935797272158,-2.5075261200637744,
2023-08-08,True,2023-03-01,394.74,448.75,13.68242387394234,24.628362973096213,511.37920409153656,528.2935797272158,-3.201700017708531,
2023-08-09,True,2023-03-01,394.74,445.75,12.9224299538937,23.26037391700866,505.76602633633325,528.2935797272158,-4.264211085532155,
2023-08-10,True,2023-03-01,394.74,445.91,12.962962962962976,23.333333333333357,506.06539581661093,528.2935797272158,-4.207543828581528,
2023-08-11,True,2023-03-01,394.74,445.65,12.897096823225397,23.214774281805713,505.57892041115974,528.2935797272158,-4.299628121126286,
2023-08-14,True,2023-03-01,394.74,448.11,13.5202918376653,24.33652530779754,510.18172617042654,528.2935797272158,-3.428369045510893,
2023-08-15,True,2023-03-01,394.74,442.89,12.197902416780671,21.956224350205208,500.4147968763729,528.2935797272158,-5.277138303523987,
2023-08-16,True,2023-03-01,394.74,439.64,11.374575670061304,20.474236206110348,494.33385430823597,528.2935797272158,-6.428191960332919,
2023-08-17,True,2023-03-01,394.74,436.29,10.525915792673658,18.946648426812583,488.06580581492557,528.2935797272158,-7.614662652735982,
2023-08-18,True,2023-03-01,394.74,436.5,10.579115367077051,19.042407660738693,488.4587282577898,528.2935797272158,-7.540286877988322,
2023-08-21,True,2023-03-01,394.74,439.34,11.298576278056437,20.337437300501588,493.7725365327156,528.2935797272158,-6.534443067115292,
2023-08-22,True,2023-03-01,394.74,438.15,10.997112023103806,19.79480164158685,491.5459760231516,528.2935797272158,-6.955905790685335,
2023-08-23,True,2023-03-01,394.74,443.03,12.23336879971626,22.020063839489268,500.6767451716156,528.2935797272158,-5.227554453692241,
2023-08-24,True,2023-03-01,394.74,436.89,10.677914576683389,19.2202462380301,489.18844136596624,528.2935797272158,-7.402160439171245,
2023-08-25,True,2023-03-01,394.74,439.97,11.458175001266667,20.624715002280002,494.9513038613084,528.2935797272158,-6.311315742872303,
2023-08-28,True,2023-03-01,394.74,442.76,12.164969346911892,21.896944824441405,500.1715591736473,528.2935797272158,-5.323180449796361,
2023-08-29,True,2023-03-01,394.74,449.16,13.78628970968232,24.815321477428178,512.1463383847477,528.2935797272158,-3.056490171772641,
2023-08-30,True,2023-03-01,394.74,451.01,14.254952627045636,25.658914728682145,515.6077980004562,528.2935797272158,-2.401275013281423,
2023-08-31,True,2023-03-01,394.74,450.35,14.087753964634953,25.357957136342915,514.3728988943117,528.2935797272158,-2.635027448202587,
2023-09-01,True,2023-03-01,394.74,451.19,14.300552262248555,25.7409940720474,515.9445886657685,528.2935797272158,-2.3375243492119946,
2023-09-05,True,2023-03-01,394.74,449.24,13.806556214216958,24.851801185590524,512.2960231248865,528.2935797272158,-3.0281565432973334,
2023-09-06,True,2023-03-01,394.74,446.22,13.041495668034653,23.474692202462375,506.64542418464845,528.2935797272158,-4.097751018239782,
2023-09-07,True,2023-03-01,394.74,444.85,12.694431777879123,22.849977200182423,504.08207300977244,528.2935797272158,-4.582964405879208,
2023-09-08,True,2023-03-01,394.74,445.52,12.864163753356639,23.15549475604195,505.3356827084344,528.2935797272158,-4.345670267398627,
2023-09-11,True,2023-03-01,394.74,448.45,13.606424481937474,24.491564067487452,510.8178863160162,528.2935797272158,-3.3079511244908932,
2023-09-12,True,2023-03-01,394.74,445.99,12.983229467497592,23.369813041495668,506.2150805567495,528.2935797272158,-4.179210200106265,
2023-09-13,True,2023-03-01,394.74,446.51,13.114961746972686,23.606931144550835,507.18803136765143,528.2935797272158,-3.9950416150168366,
2023-09-14,True,2023-03-01,394.74,450.36,14.090287277701785,25.362517099863215,514.3916094868291,528.2935797272158,-2.6314857446431583,
2023-09-15,True,2023-03-01,394.74,443.37,12.319501443988457,22.175102599179223,501.31290531720543,528.2935797272158,-5.107136532672207,
2023-09-18,True,2023-03-01,394.74,443.63,12.385367583725992,22.293661650706788,501.7993807226563,528.2935797272158,-5.015052240127515,
2023-09-19,True,2023-03-01,394.74,442.71,12.15230278157775,21.874145006839953,500.07800621106065,528.2935797272158,-5.340888967593416,
2023-09-20,True,2023-03-01,394.74,438.64,11.121244363378423,20.018239854081163,492.4627950565015,528.2935797272158,-6.7823623162741375,
2023-09-21,True,2023-03-01,394.74,431.39,9.284592389927537,16.71226630186957,478.89761548142684,528.2935797272158,-9.3500973968479,
2023-09-22,True,2023-03-01,394.74,430.42,9.038861022445154,16.269949840401278,477.08268800724454,528.2935797272158,-9.693642642110856,
2023-09-25,True,2023-03-01,394.74,432.23,9.497390687541163,17.095303237574093,480.46930525288377,528.2935797272158,-9.052594297857286,
2023-09-26,True,2023-03-01,394.74,425.88,7.888736890104875,14.199726402188775,468.58807900437023,528.2935797272158,-11.30157605808394,
2023-09-27,True,2023-03-01,394.74,426.05,7.931803212240962,14.277245782033733,468.906159077165,528.2935797272158,-11.241367097573951,
2023-09-28,True,2023-03-01,394.74,428.52,8.557531539747675,15.403556771545816,473.52767542894907,528.2935797272158,-10.366566318399162,
2023-09-29,True,2023-03-01,394.74,427.48,8.294066980797488,14.92932056543548,471.5817738071453,528.2935797272158,-10.734903488578018,
2023-10-02,True,2023-03-01,394.74,427.31,8.2510006586614,14.85180118559052,471.2636937343505,528.2935797272158,-10.795112449088007,
2023-10-03,True,2023-03-01,394.74,421.59,6.8019455844353205,12.243502051983578,460.56123481442944,528.2935797272158,-12.820966885071739,
2023-10-04,True,2023-03-01,394.74,424.66,7.579672695951767,13.643410852713181,466.30538671725424,528.2935797272158,-11.733663892332213,
2023-10-05,True,2023-03-01,394.74,424.5,7.539139686882512,13.570451436388522,466.0060172369768,528.2935797272158,-11.790331149282796,
2023-10-06,True,2023-03-01,394.74,429.54,8.815929472564221,15.868673050615598,475.4361558657182,528.2935797272158,-10.00531255533913,
2023-10-09,True,2023-03-01,394.74,432.29,9.512590565942137,17.122663018695846,480.5815688079879,528.2935797272158,-9.031344076500803,
2023-10-10,True,2023-03-01,394.74,434.54,10.082586005978623,18.14865481076152,484.79145212439033,528.2935797272158,-8.23446077563309,
2023-10-11,True,2023-03-01,394.74,436.32,10.533515731874132,18.96032831737344,488.1219375924776,528.2935797272158,-7.60403754205774,
2023-10-12,True,2023-03-01,394.74,433.66,9.859654456097688,17.74737802097584,483.14491998286405,528.2935797272158,-8.546130688861354,
2023-10-13,True,2023-03-01,394.74,431.5,9.312458833662651,16.762425900592774,479.1034319991176,528.2935797272158,-9.311138657694373,
2023-10-16,True,2023-03-01,394.74,436.04,10.46258296600293,18.832649338805275,487.598041001992,528.2935797272158,-7.703205241721278,
2023-10-17,True,2023-03-01,394.74,436.02,10.457516339869265,18.823529411764678,487.5606198169572,528.2935797272158,-7.7102886488401134,
2023-10-18,True,2023-03-01,394.74,430.21,8.985661448041737,16.17419060647513,476.68976556438025,528.2935797272158,-9.768018416858515,
2023-10-19,True,2023-03-01,394.74,426.43,8.028069108780468,14.450524395804843,469.6171615928241,528.2935797272158,-11.106782362316281,
2023-10-20,True,2023-03-01,394.74,421.19,6.700613061762173,12.061103511171911,459.81281111373573,528.2935797272158,-12.962635027448211,
2023-10-23,True,2023-03-01,394.74,420.46,6.515681207883661,11.72822617419059,458.4469378599695,528.2935797272158,-13.221179387285309,
2023-10-24,True,2023-03-01,394.74,423.63,7.318741450068389,13.1737346101231,464.37819568796766,528.2935797272158,-12.098459358951674,
2023-10-25,True,2023-03-01,394.74,417.55,5.778487105436492,10.401276789785685,453.00215543742246,528.2935797272158,-14.251815123074197,
2023-10-26,True,2023-03-01,394.74,412.55,4.511830572022091,8.121295029639764,443.6468591787503,528.2935797272158,-16.022666902780248,
2023-10-27,True,2023-03-01,394.74,410.68,4.0381010285251095,7.268581851345197,440.14797837800694,528.2935797272158,-16.68496546839029,
2023-10-30,True,2023-03-01,394.74,415.59,5.281957744338039,9.507523939808472,449.3348793040229,528.2935797272158,-14.945989020718986,
2023-10-31,True,2023-03-01,394.74,418.2,5.943152454780365,10.697674418604658,454.2183439510498,528.2935797272158,-14.021604391712417,
2023-11-01,True,2023-03-01,394.74,422.66,7.0730100825860065,12.731418148654813,462.56326821378536,528.2935797272158,-12.44200460421463,
2023-11-02,True,2023-03-01,394.74,430.76,9.12499366671733,16.424988600091194,477.71884815283414,528.2935797272158,-9.573224721090867,
2023-11-03,True,2023-03-01,394.74,434.69,10.120585701981044,18.21705426356588,485.07211101215046,528.2935797272158,-8.181335222241914,RAW_DECISION
2023-11-06,False,,,435.69,,,485.07211101215046,528.2935797272158,-8.181335222241914,
2023-11-07,False,,,436.93,,,485.07211101215046,528.2935797272158,-8.181335222241914,
2023-11-08,False,,,437.25,,,485.07211101215046,528.2935797272158,-8.181335222241914,
2023-11-09,False,,,433.84,,,485.07211101215046,528.2935797272158,-8.181335222241914,
2023-11-10,False,,,440.61,,,485.07211101215046,528.2935797272158,-8.181335222241914,
2023-11-13,False,,,440.19,,,485.07211101215046,528.2935797272158,-8.181335222241914,
2023-11-14,False,,,448.73,,,485.07211101215046,528.2935797272158,-8.181335222241914,
2023-11-15,False,,,449.68,,,485.07211101215046,528.2935797272158,-8.181335222241914,
2023-11-16,False,,,450.23,,,485.07211101215046,528.2935797272158,-8.181335222241914,
2023-11-17,False,,,450.79,,,485.07211101215046,528.2935797272158,-8.181335222241914,
2023-11-20,False,,,454.26,,,485.07211101215046,528.2935797272158,-8.181335222241914,
2023-11-21,False,,,453.27,,,485.07211101215046,528.2935797272158,-8.181335222241914,
2023-11-22,False,,,455.02,,,485.07211101215046,528.2935797272158,-8.181335222241914,
2023-11-24,False,,,455.3,,,485.07211101215046,528.2935797272158,-8.181335222241914,
2023-11-27,False,,,454.48,,,485.07211101215046,528.2935797272158,-8.181335222241914,
2023-11-28,False,,,454.93,,,485.07211101215046,528.2935797272158,-8.181335222241914,
2023-11-29,False,,,454.61,,,485.07211101215046,528.2935797272158,-8.181335222241914,
2023-11-30,False,,,456.4,,,485.07211101215046,528.2935797272158,-8.181335222241914,
2023-12-01,True,2023-12-01,459.1,459.1,0.0,0.0,485.07211101215046,528.2935797272158,-8.181335222241914,
2023-12-04,True,2023-12-01,459.1,456.69,-0.5249401001960363,-0.9448921803528654,480.48870256612406,528.2935797272158,-9.048922605831367,
2023-12-05,True,2023-12-01,459.1,456.6,-0.544543672402531,-0.9801786103245558,480.31753793535955,528.2935797272158,-9.081322134679116,
2023-12-06,True,2023-12-01,459.1,454.76,-0.9453278152907973,-1.7015900675234352,476.8181721508414,528.2935797272158,-9.743712502232892,
2023-12-07,True,2023-12-01,459.1,458.23,-0.18950119799607812,-0.3411021563929406,483.41751958142726,528.2935797272158,-8.49453066777005,
2023-12-08,True,2023-12-01,459.1,460.2,0.2395992158571003,0.43127858854278056,487.1641231659383,528.2935797272158,-7.785340980769584,
2023-12-11,True,2023-12-01,459.1,461.99,0.6294924852973116,1.133086473535161,490.5683974889206,528.2935797272158,-7.140950351464548,
2023-12-12,True,2023-12-01,459.1,464.1,1.089087344805062,1.9603572206491116,494.5812571657322,528.2935797272158,-6.381361397367535,
2023-12-13,True,2023-12-01,459.1,470.5,2.48311914615551,4.469614463079918,506.75296424231664,528.2935797272158,-4.077394901528364,
2023-12-14,True,2023-12-01,459.1,472.01,2.8120235242866443,5.06164234371596,509.62472638069835,528.2935797272158,-3.5338028064162974,
2023-12-15,True,2023-12-01,459.1,469.33,2.228272707471124,4.010890873448023,504.5278240423784,528.2935797272158,-4.498588776548984,
2023-12-18,True,2023-12-01,459.1,471.97,2.8033108255282047,5.045959485950768,509.5486532114697,528.2935797272158,-3.548202597015293,
2023-12-19,True,2023-12-01,459.1,474.84,3.4284469614463076,6.171204530603354,515.0069031036256,528.2935797272158,-2.5150176215373965,
2023-12-20,True,2023-12-01,459.1,468.26,1.9952080156828478,3.591374428229126,502.492866765512,528.2935797272158,-4.883783175072088,
2023-12-21,True,2023-12-01,459.1,472.7,2.962317577869733,5.3321716401655195,510.9369885498926,528.2935797272158,-3.2854064185836473,
2023-12-22,True,2023-12-01,459.1,473.65,3.1692441733826904,5.704639512088843,512.7437263190731,528.2935797272158,-2.94341139185752,
2023-12-26,True,2023-12-01,459.1,475.65,3.604879111304715,6.488782400348487,516.5473847805058,528.2935797272158,-2.2234218619077595,
2023-12-27,True,2023-12-01,459.1,476.51,3.792202134611178,6.82596384230012,518.1829579189217,528.2935797272158,-1.9138263640294029,
2023-12-28,True,2023-12-01,459.1,476.69,3.831409279024167,6.896536702243501,518.5252871804507,528.2935797272158,-1.8490273063339058,
2023-12-29,True,2023-12-01,459.1,475.31,3.5308211718579674,6.355478109344341,515.9007628420621,528.2935797272158,-2.345820081999239,
2024-01-02,True,2023-12-01,459.1,472.65,2.951426704421678,5.31256806795902,510.84189708835663,528.2935797272158,-3.3034061568324113,
2024-01-03,True,2023-12-01,459.1,468.79,2.1106512742322003,3.7991722936179606,503.5008362577919,528.2935797272158,-4.692985949635364,
2024-01-04,True,2023-12-01,459.1,467.28,1.7817468961010663,3.2071444129819193,500.62907411941006,528.2935797272158,-5.2365780447474535,
2024-01-05,True,2023-12-01,459.1,467.92,1.9211500762361222,3.45807013722502,501.8462448270686,528.2935797272158,-5.006181395163523,
2024-01-08,True,2023-12-01,459.1,474.6,3.37617076889567,6.077107384012206,514.5504640882538,528.2935797272158,-2.6014163651313593,
2024-01-09,True,2023-12-01,459.1,473.88,3.2193421912437348,5.794815944238723,513.1811470421379,528.2935797272158,-2.860612595913281,
2024-01-10,True,2023-12-01,459.1,476.56,3.803093008059233,6.845567414506619,518.2780493804576,528.2935797272158,-1.89582662578065,
2024-01-11,True,2023-12-01,459.1,476.35,3.7573513395774416,6.763232411239395,517.8786652420074,528.2935797272158,-1.9714255264253189,
2024-01-12,True,2023-12-01,459.1,476.68,3.829231104334574,6.892615987802233,518.5062688881438,528.2935797272158,-1.8526272539836075,
2024-01-16,True,2023-12-01,459.1,474.93,3.4480505336528022,6.206490960575044,515.1780677343901,528.2935797272158,-2.48261809268967,
2024-01-17,True,2023-12-01,459.1,472.29,2.8730124155957215,5.171422348072299,510.15723856529894,528.2935797272158,-3.433004272223339,
2024-01-18,True,2023-12-01,459.1,476.49,3.787845785231969,6.818122413417544,518.1449213343076,528.2935797272158,-1.9210262593288618,
2024-01-19,True,2023-12-01,459.1,482.43,5.081681550860373,9.147026791548672,529.4417869647625,529.4417869647625,0.0,
2024-01-22,True,2023-12-01,459.1,483.45,5.303855369200594,9.54693966456107,531.3816527800931,531.3816527800931,0.0,
2024-01-23,True,2023-12-01,459.1,484.86,5.61097800043564,10.099760400784152,534.0632319954034,534.0632319954034,0.0,
2024-01-24,True,2023-12-01,459.1,485.39,5.726421258984971,10.307558266172947,535.0712014876831,535.0712014876831,0.0,
2024-01-25,True,2023-12-01,459.1,488.03,6.301459377042029,11.342626878675652,540.092030656774,540.092030656774,0.0,
2024-01-26,True,2023-12-01,459.1,487.41,6.166412546286204,11.099542583315168,538.9128965337298,540.092030656774,-0.2183209631162808,
2024-01-29,True,2023-12-01,459.1,491.27,7.007187976475704,12.612938357656267,546.2539573642949,546.2539573642949,0.0,
2024-01-30,True,2023-12-01,459.1,490.89,6.9244173382705165,12.46395120888693,545.5312622566228,546.2539573642949,-0.13230020541347143,
2024-01-31,True,2023-12-01,459.1,482.88,5.179699411892824,9.323458941407084,530.2976101185849,546.2539573642949,-2.9210492721554404,
2024-02-01,True,2023-12-01,459.1,489.2,6.556305815726415,11.801350468307549,542.3171708567122,546.2539573642949,-0.7206879610681338,
2024-02-02,True,2023-12-01,459.1,494.35,7.67806578087562,13.820518405576117,552.1115913949013,552.1115913949013,0.0,
2024-02-05,True,2023-12-01,459.1,492.55,7.2859943367457936,13.11478980614243,548.6882987796118,552.1115913949013,-0.6200363601569392,
2024-02-06,True,2023-12-01,459.1,493.98,7.597473317360048,13.675451971248087,551.4079145795363,552.1115913949013,-0.12745191847669535,
2024-02-07,True,2023-12-01,459.1,498.1,8.494881289479416,15.29078632106295,559.2434510100877,559.2434510100877,0.0,
2024-02-08,True,2023-12-01,459.1,498.32,8.542801132650823,15.377042038771481,559.6618534408451,559.6618534408451,0.0,
2024-02-09,True,2023-12-01,459.1,501.2,9.170115443258542,16.506207797865375,565.1391216253082,565.1391216253082,0.0,
2024-02-12,True,2023-12-01,459.1,500.98,9.122195600087135,16.419952080156843,564.7207191945508,565.1391216253082,-0.07403529763682082,
2024-02-13,True,2023-12-01,459.1,494.08,7.619255064256136,13.714659115661046,551.5980975026079,565.1391216253082,-2.3960514507927133,
2024-02-14,True,2023-12-01,459.1,498.57,8.597255499891077,15.475059899803938,560.1373107485242,565.1391216253082,-0.8850583308405713,
2024-02-15,True,2023-12-01,459.1,502.01,9.346547593116949,16.823785667610508,566.6796033021884,566.6796033021884,0.0,
2024-02-16,True,2023-12-01,459.1,499.51,8.80200392071444,15.843607057285993,561.9250302253977,566.6796033021884,-0.8390231533100256,
2024-02-20,True,2023-12-01,459.1,496.76,8.203005881071658,14.765410585928985,556.6949998409276,566.6796033021884,-1.7619486219510927,
2024-02-21,True,2023-12-01,459.1,497.21,8.301023742104107,14.941842735787393,557.5508229947501,566.6796033021884,-1.6109244543552559,
2024-02-22,True,2023-12-01,459.1,507.5,10.542365497712902,18.976257895883226,577.1206457788211,577.1206457788211,0.0,
2024-02-23,True,2023-12-01,459.1,507.85,10.618601611849265,19.113482901328677,577.7862860095719,577.7862860095719,0.0,
2024-02-26,True,2023-12-01,459.1,505.99,10.21346111958179,18.384230015247223,574.2488836404395,577.7862860095719,-0.612233702112086,
2024-02-27,True,2023-12-01,459.1,506.93,10.418209540405133,18.75277717272924,576.0366031173128,577.7862860095719,-0.30282527201245246,
2024-02-28,True,2023-12-01,459.1,506.26,10.272271836201252,18.490089305162254,574.7623775327329,577.7862860095719,-0.5233610679345357,
2024-02-29,True,2023-12-01,459.1,508.08,10.668699629710288,19.20365933347852,578.2237067326365,578.2237067326365,0.0,
2024-03-01,True,2023-12-01,459.1,512.85,11.707688956654327,21.07384012197779,587.2954321631537,587.2954321631537,0.0,
2024-03-04,True,2023-12-01,459.1,512.3,11.587889348725744,20.85820082770634,586.2494260862594,587.2954321631537,-0.17810560402991005,
2024-03-05,True,2023-12-01,459.1,507.18,10.472663907645385,18.850795033761695,576.512060424992,587.2954321631537,-1.83610686336243,
2024-03-06,True,2023-12-01,459.1,509.75,11.03245480287518,19.858418645175323,581.3997615479329,587.2954321631537,-1.0038679499865255,
2024-03-07,True,2023-12-01,459.1,514.81,12.13461119581789,21.842300152472202,591.0230174553575,591.0230174553575,0.0,
2024-03-08,True,2023-12-01,459.1,511.72,11.461555216728382,20.630799390111086,585.1463651324441,591.0230174553575,-0.9943186896874567,
2024-03-11,True,2023-12-01,459.1,511.28,11.365715530385522,20.45828795469394,584.3095602709288,591.0230174553575,-1.1359045225232234,
2024-03-12,True,2023-12-01,459.1,516.78,12.563711609671092,22.614680897407965,594.7696210398689,594.7696210398689,0.0,
2024-03-13,True,2023-12-01,459.1,515.97,12.387279459812683,22.297103027662832,593.2291393629887,594.7696210398689,-0.259004767961557,
2024-03-14,True,2023-12-01,459.1,514.95,12.16510564147244,21.897190154650392,591.2892735476579,594.7696210398689,-0.5851589202094942,
2024-03-15,True,2023-12-01,459.1,509.83,11.04988020039206,19.889784360705708,581.5519078863902,594.7696210398689,-2.2223248609048785,
2024-03-18,True,2023-12-01,459.1,512.86,11.70986713134392,21.077760836419056,587.3144504554607,594.7696210398689,-1.2534551733449084,
2024-03-19,True,2023-12-01,459.1,515.71,12.330646917882815,22.19516445218907,592.7346637630025,594.7696210398689,-0.3421421008874992,
2024-03-20,True,2023-12-01,459.1,520.48,13.369636244826832,24.0653452406883,601.8063891935193,601.8063891935193,0.0,
2024-03-21,True,2023-12-01,459.1,522.2,13.74428229143978,24.739708124591605,605.0775354703514,605.0775354703514,0.0,
2024-03-22,True,2023-12-01,459.1,521.21,13.528642997168383,24.35155739490309,603.1947245319423,605.0775354703514,-0.31116854089544566,
2024-03-25,True,2023-12-01,459.1,519.77,13.214985841864513,23.786974515356125,600.4560904397106,605.0775354703514,-0.7637773276524706,
2024-03-26,True,2023-12-01,459.1,518.81,13.005881071661939,23.41058592899149,598.630334378223,605.0775354703514,-1.0655165188237836,
2024-03-27,True,2023-12-01,459.1,523.17,13.955565236331946,25.120017425397503,606.9223098241462,606.9223098241462,0.0,
2024-03-28,True,2023-12-01,459.1,523.07,13.933783489435857,25.080810280984544,606.7321269010747,606.9223098241462,-0.031335628958273354,
2024-04-01,True,2023-12-01,459.1,522.16,13.735569592681319,24.724025266826374,605.0014623011226,606.9223098241462,-0.31648985247882955,
2024-04-02,True,2023-12-01,459.1,518.84,13.012415595730786,23.422348072315415,598.6873892551446,606.9223098241462,-1.356832733894331,
2024-04-03,True,2023-12-01,459.1,519.41,13.136571553038534,23.645828795469363,599.7714319166527,606.9223098241462,-1.1782196488320684,
2024-04-04,True,2023-12-01,459.1,513.07,11.755608799825756,21.160095839686363,587.7138345939113,606.9223098241462,-3.1648985247881956,
2024-04-05,True,2023-12-01,459.1,518.43,12.923110433456753,23.261598780222155,597.9076392705507,606.9223098241462,-1.485308812623387,
2024-04-08,True,2023-12-01,459.1,518.72,12.986277499455468,23.375299499019842,598.4591697474586,606.9223098241462,-1.3944354886442856,
2024-04-09,True,2023-12-01,459.1,519.32,13.116967980832062,23.61054236549771,599.6002672858883,606.9223098241462,-1.2064217148945122,
2024-04-10,True,2023-12-01,459.1,514.12,11.9843171422348,21.571770856022642,589.7107552861634,606.9223098241462,-2.83587442072607,
2024-04-11,True,2023-12-01,459.1,518.0,12.829448921803532,23.09300805924636,597.0898527013428,606.9223098241462,-1.620052017144058,
2024-04-12,True,2023-12-01,459.1,510.85,11.272054018732302,20.289697233718144,583.491773701721,606.9223098241462,-3.860549487662457,
2024-04-15,True,2023-12-01,459.1,504.45,9.878022217381833,17.7804399912873,571.3200666251363,606.9223098241462,-5.866029740993628,
2024-04-16,True,2023-12-01,459.1,503.53,9.677630145937698,17.419734262687857,569.5703837328773,606.9223098241462,-6.154317527409969,
2024-04-17,True,2023-12-01,459.1,500.55,9.028534088433894,16.251361359181008,563.9029326253427,606.9223098241462,-7.088119270367265,
2024-04-18,True,2023-12-01,459.1,499.52,8.804182095404034,15.847527771727261,561.9440485177047,606.9223098241462,-7.410876248637788,
2024-04-19,True,2023-12-01,459.1,495.16,7.85449793073405,14.13809627532129,553.6520730717817,606.9223098241462,-8.777109671219584,
2024-04-22,True,2023-12-01,459.1,499.72,8.847745589196254,15.925942060553258,562.3244143638482,606.9223098241462,-7.348204990721152,
2024-04-23,True,2023-12-01,459.1,505.65,10.139403180135043,18.25092572424308,573.602261701996,606.9223098241462,-5.490002193494014,
2024-04-24,True,2023-12-01,459.1,505.41,10.087126987584405,18.15682857765193,573.1458226866241,606.9223098241462,-5.5652077029939235,
2024-04-25,True,2023-12-01,459.1,503.49,9.66891744717926,17.40405140492267,569.4943105636487,606.9223098241462,-6.166851778993276,
2024-04-26,True,2023-12-01,459.1,508.26,10.707906774123277,19.2742321934219,578.5660359941656,606.9223098241462,-4.672142277682401,
2024-04-29,True,2023-12-01,459.1,510.06,11.099978218253103,19.979960792855586,581.989328609455,606.9223098241462,-4.1081009564330255,
2024-04-30,True,2023-12-01,459.1,501.98,9.340013069048126,16.812023524286626,566.6225484252669,606.9223098241462,-6.6400197762636175,
2024-05-01,True,2023-12-01,459.1,500.35,8.984970594641695,16.17294707035505,563.5225667791995,606.9223098241462,-7.150790528283868,
2024-05-02,True,2023-12-01,459.1,505.03,10.004356349379218,18.007841428882593,572.4231275789518,606.9223098241462,-5.68428309303548,
2024-05-03,True,2023-12-01,459.1,511.29,11.367893705075138,20.46220866913525,584.3285785632361,606.9223098241462,-3.7226727202459453,
2024-05-06,True,2023-12-01,459.1,516.57,12.5179699411893,22.53234589414074,594.3702369014186,606.9223098241462,-2.0681515112477067,
2024-05-07,True,2023-12-01,459.1,517.14,12.642125898497047,22.755826617294687,595.4542795629267,606.9223098241462,-1.8895384261854442,
2024-05-08,True,2023-12-01,459.1,517.19,12.653016771945126,22.775430189501225,595.5493710244627,606.9223098241462,-1.873870611706252,
2024-05-09,True,2023-12-01,459.1,520.17,13.302112829448909,23.943803093008036,601.2168221319971,606.9223098241462,-0.9400688687489889,
2024-05-10,True,2023-12-01,459.1,520.84,13.448050533652811,24.20649096057506,602.4910477165772,606.9223098241462,-0.7301201547283531,
2024-05-13,True,2023-12-01,459.1,520.91,13.463297756480053,24.233935961664095,602.6241757627272,606.9223098241462,-0.7081852144575684,
2024-05-14,True,2023-12-01,459.1,523.3,13.98388150729688,25.170986713134386,607.1695476241393,607.1695476241393,0.0,
2024-05-15,True,2023-12-01,459.1,529.78,15.39533870616423,27.711609671095616,619.4934010391812,619.4934010391812,0.0,
2024-05-16,True,2023-12-01,459.1,528.69,15.157917664996745,27.28425179699414,617.4204071777006,619.4934010391812,-0.33462727092867794,
2024-05-17,True,2023-12-01,459.1,529.45,15.323458941407097,27.582226094532775,618.8657973930449,619.4934010391812,-0.10130917376739434,
2024-05-20,True,2023-12-01,459.1,530.06,15.456327597473308,27.821389675451954,620.0259132237818,620.0259132237818,0.0,
2024-05-21,True,2023-12-01,459.1,531.36,15.739490307122628,28.33108255282073,622.4982912237131,622.4982912237131,0.0,
2024-05-22,True,2023-12-01,459.1,529.83,15.406229579612285,27.731213243302115,619.588492500717,622.4982912237131,-0.46743882899275,
2024-05-23,True,2023-12-01,459.1,525.96,14.56327597473317,26.213896754519705,612.2284133778448,622.4982912237131,-1.6497841023273452,
2024-05-24,True,2023-12-01,459.1,529.44,15.321280766717503,27.578305380091507,618.8467791007379,622.4982912237131,-0.5865899030496946,
2024-05-28,True,2023-12-01,459.1,529.81,15.401873230233054,27.723371814419497,619.5504559161027,622.4982912237131,-0.473549140482854,
2024-05-29,True,2023-12-01,459.1,526.1,14.59377042038772,26.268786756697896,612.4946694701451,622.4982912237131,-1.6070119218966394,
2024-05-30,True,2023-12-01,459.1,522.61,13.833587453713792,24.900457416684826,605.8572854549451,622.4982912237131,-2.6732612769193143,
2024-05-31,True,2023-12-01,459.1,527.37,14.870398605968195,26.76671749074275,614.9099925931548,622.4982912237131,-1.2190071422752191,
2024-06-03,True,2023-12-01,459.1,527.8,14.964060117621415,26.935308211718546,615.7277791623627,622.4982912237131,-1.0876354452380665,
2024-06-04,True,2023-12-01,459.1,528.39,15.092572424308415,27.166630363755147,616.8498584084854,622.4982912237131,-0.9073812562800709,
2024-06-05,True,2023-12-01,459.1,534.67,16.460466129383565,29.62883903289042,628.7933459773841,628.7933459773841,0.0,
2024-06-06,True,2023-12-01,459.1,534.66,16.45828795469395,29.62491831844911,628.7743276850769,628.7933459773841,-0.003024569586951298,
2024-06-07,True,2023-12-01,459.1,534.01,16.316706599869303,29.370071879764744,627.5381386851113,628.7933459773841,-0.19962159273834157,
2024-06-10,True,2023-12-01,459.1,535.66,16.676105423654963,30.016989762578934,630.6761569157932,630.6761569157932,0.0,
2024-06-11,True,2023-12-01,459.1,536.95,16.95708995861469,30.522761925506444,633.1295166234174,633.1295166234174,0.0,
2024-06-12,True,2023-12-01,459.1,541.36,17.91766499673273,32.25179699411891,641.5165835308763,641.5165835308763,0.0,
2024-06-13,True,2023-12-01,459.1,542.45,18.155086037900237,32.67915486822043,643.5895773923571,643.5895773923571,0.0,
2024-06-14,True,2023-12-01,459.1,542.78,18.226965802657368,32.80853844478327,644.2171810384935,644.2171810384935,0.0,
2024-06-17,True,2023-12-01,459.1,547.1,19.167937268568934,34.502287083424086,652.4330833151882,652.4330833151882,0.0,
2024-06-18,True,2023-12-01,459.1,548.49,19.47070355042475,35.047266390764555,655.0766259458841,655.0766259458841,0.0,
2024-06-20,True,2023-12-01,459.1,547.0,19.146155521672824,34.46307993901109,652.2429003921166,655.0766259458841,-0.43257924974438033,
2024-06-21,True,2023-12-01,459.1,544.51,18.60379002395991,33.48682204312784,647.5073456076327,655.0766259458841,-1.1554801436124862,
2024-06-24,True,2023-12-01,459.1,542.74,18.21825310389893,32.792855587018074,644.1411078692649,655.0766259458841,-1.6693494537114661,
2024-06-25,True,2023-12-01,459.1,544.83,18.673491614027448,33.61228490524941,648.1159309614621,655.0766259458841,-1.062577217492866,
2024-06-26,True,2023-12-01,459.1,545.51,18.821607492920922,33.87889348725766,649.4091748383491,655.0766259458841,-0.8651584994887496,
2024-06-27,True,2023-12-01,459.1,546.37,19.00893051622741,34.216074929209334,651.0447479767653,655.0766259458841,-0.6154818855423239,
2024-06-28,True,2023-12-01,459.1,544.22,18.54062295796124,33.373121324330235,646.9558151307252,655.0766259458841,-1.2396734204083382,
2024-07-01,True,2023-12-01,459.1,545.34,18.78457852319757,33.81224134175563,649.0858638691275,655.0766259458841,-0.914513178989762,
2024-07-02,True,2023-12-01,459.1,549.01,19.583968634284467,35.25114354171204,656.0655771458564,656.0655771458564,0.0,
2024-07-03,True,2023-12-01,459.1,551.46,20.11762143323894,36.2117185798301,660.7250587611114,660.7250587611114,0.0,
2024-07-05,True,2023-12-01,459.1,554.64,20.810280984534945,37.4585057721629,666.7728757147893,666.7728757147893,0.0,
2024-07-08,True,2023-12-01,459.1,555.28,20.949684164670003,37.709431496406005,667.9900464224478,667.9900464224478,0.0,
2024-07-09,True,2023-12-01,459.1,555.82,21.06730559790895,37.92115007623611,669.0170342070346,669.0170342070346,0.0,
2024-07-10,True,2023-12-01,459.1,561.32,22.265301677194515,40.07754301895013,679.4770949759745,679.4770949759745,0.0,
2024-07-11,True,2023-12-01,459.1,556.48,21.21106512742321,38.179917229361784,670.2722414993074,679.4770949759745,-1.3546966549317752,
2024-07-12,True,2023-12-01,459.1,559.99,21.97560444347637,39.55608799825747,676.9476620991219,679.4770949759745,-0.37226168410313676,
2024-07-15,True,2023-12-01,459.1,561.53,22.311043345676307,40.159878022217356,679.8764791144248,679.8764791144248,0.0,
2024-07-16,True,2023-12-01,459.1,564.86,23.036375517316475,41.46547593116966,686.2095704527103,686.2095704527103,0.0,
2024-07-17,True,2023-12-01,459.1,556.94,21.3112611631453,38.36027009366154,671.1470829454371,686.2095704527103,-2.1950273146636667,
2024-07-18,True,2023-12-01,459.1,552.66,20.379002395992153,36.68220431278588,663.007253837971,686.2095704527103,-3.3812289443051813,
2024-07-19,True,2023-12-01,459.1,548.99,19.579612284905235,35.243302112829426,656.027540561242,686.2095704527103,-4.398369126731428,
2024-07-22,True,2023-12-01,459.1,554.65,20.81245915922456,37.46242648660421,666.7918940070965,686.2095704527103,-2.8297006165045824,
2024-07-23,True,2023-12-01,459.1,553.78,20.622957961228483,37.12132433021127,665.1373025763733,686.2095704527103,-3.0708210412214276,
2024-07-24,True,2023-12-01,459.1,541.23,17.889348725767796,32.200827706382036,641.2693457308833,686.2095704527103,-6.549052455240279,
2024-07-25,True,2023-12-01,459.1,538.41,17.275103463297746,31.095186233935944,635.9061873002631,686.2095704527103,-7.330615211219039,RAW_DECISION
2024-07-26,False,,,544.44,,,635.9061873002631,686.2095704527103,-7.330615211219039,
2024-07-29,False,,,544.76,,,635.9061873002631,686.2095704527103,-7.330615211219039,
2024-07-30,False,,,542.0,,,635.9061873002631,686.2095704527103,-7.330615211219039,
2024-07-31,False,,,550.81,,,635.9061873002631,686.2095704527103,-7.330615211219039,
2024-08-01,True,2024-08-01,543.01,543.01,0.0,0.0,635.9061873002631,686.2095704527103,-7.330615211219039,
2024-08-02,True,2024-08-01,543.01,532.9,-1.8618441649325135,-3.3513194968785243,614.5949392634126,686.2095704527103,-10.436262371282822,
2024-08-05,True,2024-08-01,543.01,517.38,-4.719986740575677,-8.49597613303622,581.8797493987322,686.2095704527103,-15.203784025505351,RAW_DECISION
2024-08-06,False,,,522.15,,,581.8797493987322,686.2095704527103,-15.203784025505351,
2024-08-07,False,,,518.66,,,581.8797493987322,686.2095704527103,-15.203784025505351,
2024-08-08,False,,,530.65,,,581.8797493987322,686.2095704527103,-15.203784025505351,
2024-08-09,False,,,532.99,,,581.8797493987322,686.2095704527103,-15.203784025505351,
2024-08-12,False,,,533.27,,,581.8797493987322,686.2095704527103,-15.203784025505351,
2024-08-13,False,,,542.04,,,581.8797493987322,686.2095704527103,-15.203784025505351,
2024-08-14,False,,,543.75,,,581.8797493987322,686.2095704527103,-15.203784025505351,
2024-08-15,False,,,553.07,,,581.8797493987322,686.2095704527103,-15.203784025505351,
2024-08-16,False,,,554.31,,,581.8797493987322,686.2095704527103,-15.203784025505351,
2024-08-19,False,,,559.61,,,581.8797493987322,686.2095704527103,-15.203784025505351,
2024-08-20,False,,,558.7,,,581.8797493987322,686.2095704527103,-15.203784025505351,
2024-08-21,False,,,560.62,,,581.8797493987322,686.2095704527103,-15.203784025505351,
2024-08-22,False,,,556.22,,,581.8797493987322,686.2095704527103,-15.203784025505351,
2024-08-23,False,,,562.13,,,581.8797493987322,686.2095704527103,-15.203784025505351,
2024-08-26,False,,,560.79,,,581.8797493987322,686.2095704527103,-15.203784025505351,
2024-08-27,False,,,561.56,,,581.8797493987322,686.2095704527103,-15.203784025505351,
2024-08-28,False,,,558.3,,,581.8797493987322,686.2095704527103,-15.203784025505351,
2024-08-29,False,,,558.35,,,581.8797493987322,686.2095704527103,-15.203784025505351,
2024-08-30,False,,,563.68,,,581.8797493987322,686.2095704527103,-15.203784025505351,
2024-09-03,True,2024-09-03,552.08,552.08,0.0,0.0,581.8797493987322,686.2095704527103,-15.203784025505351,
2024-09-04,True,2024-09-03,552.08,550.95,-0.20468048108969183,-0.3684248659614453,579.7359597119531,686.2095704527103,-15.516194370549762,
2024-09-05,True,2024-09-03,552.08,549.61,-0.4473989276916446,-0.8053180698449602,577.1937666320556,686.2095704527103,-15.886663275292722,
2024-09-06,True,2024-09-03,552.08,540.36,-2.1228807419214624,-3.8211853354586323,559.6450457447044,686.2095704527103,-18.444004595346584,
2024-09-09,True,2024-09-03,552.08,546.41,-1.0270250688306226,-1.8486451238951207,571.1228577845394,686.2095704527103,-16.771365137365425,
2024-09-10,True,2024-09-03,552.08,548.79,-0.5959281263585137,-1.0726706274453246,575.6380962398795,686.2095704527103,-16.11336812744887,
2024-09-11,True,2024-09-03,552.08,554.42,0.4238516157078598,0.7629329082741476,586.3191014934782,686.2095704527103,-14.556845788864726,
2024-09-12,True,2024-09-03,552.08,559.09,1.269743515432542,2.2855383277785757,595.1788340928222,686.2095704527103,-13.265734008902374,
2024-09-13,True,2024-09-03,552.08,562.01,1.7986523692218537,3.2375742645993366,600.7185384161806,686.2095704527103,-12.458443559761045,
2024-09-16,True,2024-09-03,552.08,562.84,1.9489928995797712,3.508187219243588,602.2931803985052,686.2095704527103,-12.228974014285932,
2024-09-17,True,2024-09-03,552.08,563.07,1.99065352847414,3.583176351253452,602.7295269719204,686.2095704527103,-12.165386067949457,
2024-09-18,True,2024-09-03,552.08,561.4,1.6881611360672233,3.038690044921002,599.5612714171228,686.2095704527103,-12.627089852218665,
2024-09-19,True,2024-09-03,552.08,570.98,3.423416896102016,6.162150412983629,617.7360547793743,686.2095704527103,-9.978513652638544,
2024-09-20,True,2024-09-03,552.08,568.25,2.9289233444428353,5.2720620199971036,612.5568106688371,686.2095704527103,-10.733274928719306,
2024-09-23,True,2024-09-03,552.08,569.67,3.186132444573242,5.7350384002318355,615.2507764699222,686.2095704527103,-10.340688477424575,
2024-09-24,True,2024-09-03,552.08,571.3,3.4813795102158984,6.266483118388617,618.3431456641258,686.2095704527103,-9.890043466431287,
2024-09-25,True,2024-09-03,552.08,570.04,3.253151717142422,5.855673090856359,615.9527253054162,686.2095704527103,-10.238394824622432,
2024-09-26,True,2024-09-03,552.08,572.3,3.6625126793218277,6.59252282277929,620.2403046789746,686.2095704527103,-9.613574134533575,
2024-09-27,True,2024-09-03,552.08,571.47,3.51217214896391,6.321909868135038,618.6656626966501,686.2095704527103,-9.843043680008678,
2024-09-30,True,2024-09-03,552.08,573.76,3.9269671062164724,7.06854079118965,623.0101568406537,686.2095704527103,-9.209928909962928,
2024-10-01,True,2024-09-03,552.08,568.62,2.995942617012015,5.392696710621627,613.258759504331,686.2095704527103,-10.630981275917172,
2024-10-02,True,2024-09-03,552.08,568.86,3.0394145775974435,5.470946239675398,613.7140776678947,686.2095704527103,-10.56462863626173,
2024-10-03,True,2024-09-03,552.08,567.82,2.8510360817272984,5.131864947109137,611.7410322924522,686.2095704527103,-10.852156741435303,
2024-10-04,True,2024-09-03,552.08,572.98,3.7856832343138525,6.814229821764934,621.5303728090717,686.2095704527103,-9.425574988843143,
2024-10-07,True,2024-09-03,552.08,567.8,2.847413418345157,5.125344153021283,611.703089112155,686.2095704527103,-10.857686128073297,
2024-10-08,True,2024-09-03,552.08,573.17,3.8200985364439832,6.87617736559917,621.8908330218931,686.2095704527103,-9.373045815782554,
2024-10-09,True,2024-09-03,552.08,577.14,4.539197217794522,8.170554992030139,629.4225543108428,686.2095704527103,-8.275462568148628,
2024-10-10,True,2024-09-03,552.08,576.13,4.356252716997533,7.841254890595559,627.5064237058455,686.2095704527103,-8.55469659336533,
2024-10-11,True,2024-09-03,552.08,579.58,4.981162150412977,8.966091870743359,634.0516223070737,686.2095704527103,-7.600877398318229,
2024-10-14,True,2024-09-03,552.08,584.32,5.8397333719750755,10.511520069555136,643.044156037457,686.2095704527103,-6.290412765123044,
2024-10-15,True,2024-09-03,552.08,579.78,5.017388784234167,9.031299811621501,634.4310541100435,686.2095704527103,-7.54558353193866,
2024-10-16,True,2024-09-03,552.08,582.3,5.473844370381098,9.852919866685976,639.2118948274624,686.2095704527103,-6.848880815556435,
2024-10-17,True,2024-09-03,552.08,582.35,5.4829010288363955,9.869221851905513,639.3067527782049,686.2095704527103,-6.835057348961538,
2024-10-18,True,2024-09-03,552.08,584.59,5.888639327633682,10.59955078974063,643.5563889714663,686.2095704527103,-6.215766045510652,
2024-10-21,True,2024-09-03,552.08,583.63,5.714751485291969,10.286552673525545,641.7351163172112,686.2095704527103,-6.481176604132477,
2024-10-22,True,2024-09-03,552.08,583.32,5.658600202869146,10.185480365164464,641.1469970226083,686.2095704527103,-6.566882097020754,
2024-10-23,True,2024-09-03,552.08,577.99,4.693160411534558,8.447688740762205,631.0351394734643,686.2095704527103,-8.040463636035566,
2024-10-24,True,2024-09-03,552.08,579.24,4.919576872916953,8.855238371250516,633.406588242025,686.2095704527103,-7.694876971163456,
2024-10-25,True,2024-09-03,552.08,579.04,4.883350239095763,8.790030430372374,633.0271564390553,686.2095704527103,-7.750170837543003,
2024-10-28,True,2024-09-03,552.08,580.83,5.207578611795394,9.37364150123171,636.4230710756348,686.2095704527103,-7.255290733446063,
2024-10-29,True,2024-09-03,552.08,581.77,5.377843790754944,9.6801188233589,638.2064005495926,686.2095704527103,-6.995409561462218,
2024-10-30,True,2024-09-03,552.08,580.01,5.0590494131285135,9.106288943631325,634.8674006834586,686.2095704527103,-7.481995585602208,
2024-10-31,True,2024-09-03,552.08,568.64,2.999565280394134,5.3992175047094415,613.296702684628,686.2095704527103,-10.625451889279214,
2024-11-01,True,2024-09-03,552.08,571.04,3.434284886248351,6.181712795247032,617.849884320265,686.2095704527103,-9.96192549272471,DUAL_ACTION_ORDER_DEPENDENT
2024-11-04,False,,,569.81,,,617.849884320265,686.2095704527103,-9.96192549272471,
2024-11-05,False,,,576.7,,,617.849884320265,686.2095704527103,-9.96192549272471,
2024-11-06,False,,,591.04,,,617.849884320265,686.2095704527103,-9.96192549272471,
2024-11-07,False,,,595.61,,,617.849884320265,686.2095704527103,-9.96192549272471,
2024-11-08,False,,,598.19,,,617.849884320265,686.2095704527103,-9.96192549272471,
2024-11-11,False,,,598.76,,,617.849884320265,686.2095704527103,-9.96192549272471,
2024-11-12,False,,,596.9,,,617.849884320265,686.2095704527103,-9.96192549272471,
2024-11-13,False,,,597.19,,,617.849884320265,686.2095704527103,-9.96192549272471,
2024-11-14,False,,,593.35,,,617.849884320265,686.2095704527103,-9.96192549272471,
2024-11-15,False,,,585.75,,,617.849884320265,686.2095704527103,-9.96192549272471,
2024-11-18,False,,,588.15,,,617.849884320265,686.2095704527103,-9.96192549272471,
2024-11-19,False,,,590.3,,,617.849884320265,686.2095704527103,-9.96192549272471,
2024-11-20,False,,,590.5,,,617.849884320265,686.2095704527103,-9.96192549272471,
2024-11-21,False,,,593.67,,,617.849884320265,686.2095704527103,-9.96192549272471,
2024-11-22,False,,,595.51,,,617.849884320265,686.2095704527103,-9.96192549272471,
2024-11-25,False,,,597.53,,,617.849884320265,686.2095704527103,-9.96192549272471,
2024-11-26,False,,,600.65,,,617.849884320265,686.2095704527103,-9.96192549272471,
2024-11-27,False,,,598.83,,,617.849884320265,686.2095704527103,-9.96192549272471,
2024-11-29,False,,,602.55,,,617.849884320265,686.2095704527103,-9.96192549272471,
2024-12-02,True,2024-12-02,603.63,603.63,0.0,0.0,617.849884320265,686.2095704527103,-9.96192549272471,
2024-12-03,True,2024-12-02,603.63,603.91,0.04638603117803619,0.08349485612046514,618.3657571922187,686.2095704527103,-9.886748331961225,
2024-12-04,True,2024-12-02,603.63,607.66,0.6676275201696447,1.2017295363053604,625.2747688701701,686.2095704527103,-8.879911357450165,
2024-12-05,True,2024-12-02,603.63,606.66,0.501963123105198,0.9035336215893564,623.4323657560495,686.2095704527103,-9.148401217319801,
2024-12-06,True,2024-12-02,603.63,607.81,0.6924771797292895,1.246458923512721,625.551129337288,686.2095704527103,-8.839637878469741,
2024-12-09,True,2024-12-02,603.63,604.68,0.17394761691764682,0.3131057104517643,619.7844075900913,686.2095704527103,-9.680011139861634,
2024-12-10,True,2024-12-02,603.63,602.8,-0.13750144956348187,-0.24750260921426737,616.320689735545,686.2095704527103,-10.184772076416504,
2024-12-11,True,2024-12-02,603.63,607.46,0.6344946407567553,1.1420903533621596,624.9062882473461,686.2095704527103,-8.933609329424074,
2024-12-12,True,2024-12-02,603.63,604.33,0.11596507794511268,0.20873714030120283,619.1395665001495,686.2095704527103,-9.773982590815944,
2024-12-13,True,2024-12-02,603.63,604.21,0.0960853502973702,0.17295363053526636,618.9184781264548,686.2095704527103,-9.806201374000334,
2024-12-16,True,2024-12-02,603.63,606.79,0.5234994947235894,0.9422990905024609,623.6718781608853,686.2095704527103,-9.113497535536741,
2024-12-17,True,2024-12-02,603.63,604.29,0.10933850206251705,0.1968093037125307,619.0658703755844,686.2095704527103,-9.784722185210782,
2024-12-18,True,2024-12-02,603.63,586.28,-2.874277289067806,-5.173699120322051,585.8841902902766,686.2095704527103,-14.620224561462535,
2024-12-19,True,2024-12-02,603.63,586.1,-2.9040968805393974,-5.227374384970916,585.552557729735,686.2095704527103,-14.66855273623906,RAW_DECISION
2024-12-20,False,,,591.15,,,585.552557729735,686.2095704527103,-14.66855273623906,
2024-12-23,False,,,594.69,,,585.552557729735,686.2095704527103,-14.66855273623906,
2024-12-24,False,,,601.3,,,585.552557729735,686.2095704527103,-14.66855273623906,
2024-12-26,False,,,601.34,,,585.552557729735,686.2095704527103,-14.66855273623906,
2024-12-27,False,,,595.01,,,585.552557729735,686.2095704527103,-14.66855273623906,
2024-12-30,False,,,588.22,,,585.552557729735,686.2095704527103,-14.66855273623906,
2024-12-31,False,,,586.08,,,585.552557729735,686.2095704527103,-14.66855273623906,
2025-01-02,True,2025-01-02,584.64,584.64,0.0,0.0,585.552557729735,686.2095704527103,-14.66855273623906,
2025-01-03,True,2025-01-02,584.64,591.95,1.2503420908593466,2.250615763546824,598.731095897852,686.2095704527103,-12.748069732858202,
2025-01-06,True,2025-01-02,584.64,595.36,1.8336070060207987,3.3004926108374377,604.8786766301746,686.2095704527103,-11.852194624577972,
2025-01-07,True,2025-01-02,584.64,588.63,0.6824712643678232,1.2284482758620818,592.7457680294323,686.2095704527103,-13.620300043559219,
2025-01-08,True,2025-01-02,584.64,589.49,0.8295703338806915,1.4932266009852446,594.2961842845049,686.2095704527103,-13.39436086669088,
2025-01-10,True,2025-01-02,584.64,580.49,-0.709838533114393,-1.2777093596059075,578.0708978942104,686.2095704527103,-15.758840624615312,
2025-01-13,True,2025-01-02,584.64,581.39,-0.5558976464148824,-1.0006157635467883,579.6934265332399,686.2095704527103,-15.522392648822859,
2025-01-14,True,2025-01-02,584.64,582.19,-0.41906130268197783,-0.7543103448275601,581.1356742123772,686.2095704527103,-15.312216670340673,
2025-01-15,True,2025-01-02,584.64,592.78,1.3923097974822163,2.5061576354679893,600.2274278649569,686.2095704527103,-12.530012155182968,
2025-01-16,True,2025-01-02,584.64,591.64,1.1973180076628287,2.1551724137930917,598.172224922186,686.2095704527103,-12.829512924520092,
2025-01-17,True,2025-01-02,584.64,597.58,2.213327859879599,3.9839901477832784,608.8809139397806,686.2095704527103,-11.268956284289933,
2025-01-21,True,2025-01-02,584.64,603.05,3.1489463601532597,5.668103448275867,618.7422824458816,686.2095704527103,-9.831878031418118,
2025-01-22,True,2025-01-02,584.64,606.44,3.728790366721424,6.711822660098563,624.853806986226,686.2095704527103,-8.941257322599904,
2025-01-23,True,2025-01-02,584.64,609.75,4.294950738916259,7.730911330049266,630.8211067586564,686.2095704527103,-8.07165421162994,
2025-01-24,True,2025-01-02,584.64,607.97,3.99048987411057,7.182881773399026,627.6121056725759,686.2095704527103,-8.539295763752774,
2025-01-27,True,2025-01-02,584.64,599.37,2.519499178981932,4.535098522167478,612.10794312185,686.2095704527103,-10.798687532436125,
2025-01-28,True,2025-01-02,584.64,604.52,3.400383141762453,6.1206896551724155,621.3924125562963,686.2095704527103,-9.44567967095714,
2025-01-29,True,2025-01-02,584.64,601.81,2.936850027367255,5.286330049261059,616.5067985432187,686.2095704527103,-10.157650798065509,
2025-01-30,True,2025-01-02,584.64,605.04,3.489326765188827,6.280788177339889,622.3298735477355,686.2095704527103,-9.30906528494374,
2025-01-31,True,2025-01-02,584.64,601.82,2.9385604816639432,5.289408866995098,616.5248266392082,686.2095704527103,-10.155023598334434,
2025-02-03,True,2025-01-02,584.64,597.77,2.245826491516145,4.042487684729061,609.2234477635756,686.2095704527103,-11.21903948940044,
2025-02-04,True,2025-01-02,584.64,601.78,2.9317186644772786,5.277093596059101,616.4527142552511,686.2095704527103,-10.16553239725858,
2025-02-05,True,2025-01-02,584.64,604.22,3.3490695128626236,6.028325123152722,620.85156967662,686.2095704527103,-9.524495662887933,
2025-02-06,True,2025-01-02,584.64,606.32,3.7082649151614744,6.674876847290654,624.6374698343552,686.2095704527103,-8.972783719372257,
2025-02-07,True,2025-01-02,584.64,600.77,2.7589627805145067,4.966133004926112,614.6318765603404,686.2095704527103,-10.4308795700923,
2025-02-10,True,2025-01-02,584.64,604.85,3.456828133552281,6.222290640394106,621.9873397239405,686.2095704527103,-9.358982079833233,
2025-02-11,True,2025-01-02,584.64,605.31,3.5355090311986803,6.363916256157625,622.8166321394443,686.2095704527103,-9.238130892206009,
2025-02-12,True,2025-01-02,584.64,603.36,3.2019704433497553,5.76354679802956,619.3011534215473,686.2095704527103,-9.750434839756284,
2025-02-13,True,2025-01-02,584.64,609.73,4.291529830322949,7.724753694581308,630.785050566678,686.2095704527103,-8.076908611091982,
2025-02-14,True,2025-01-02,584.64,609.7,4.28639846743295,7.7155172413793105,630.7309662787102,686.2095704527103,-8.084790210285098,
2025-02-18,True,2025-01-02,584.64,611.49,4.5925697865353055,8.26662561576355,633.9579954607799,686.2095704527103,-7.614521458431234,
2025-02-19,True,2025-01-02,584.64,612.93,4.8388752052545,8.709975369458101,636.5540412832269,686.2095704527103,-7.236204697163339,
2025-02-20,True,2025-01-02,584.64,610.38,4.402709359605916,7.9248768472906495,631.9568768059769,686.2095704527103,-7.906140628575242,
2025-02-21,True,2025-01-02,584.64,599.94,2.616995073891637,4.710591133004947,613.1355445932355,686.2095704527103,-10.648937147767546,
2025-02-24,True,2025-01-02,584.64,597.21,2.1500410509031287,3.8700738916256316,608.2138743881795,686.2095704527103,-11.366162674337954,
2025-02-25,True,2025-01-02,584.64,594.24,1.6420361247947435,2.9556650246305383,602.8595298793823,686.2095704527103,-12.146440994453023,
2025-02-26,True,2025-01-02,584.64,594.54,1.693349753694573,3.0480295566502313,603.4003727590587,686.2095704527103,-12.067625002522231,
2025-02-27,True,2025-01-02,584.64,585.05,0.07012862616311288,0.1262315270936032,586.291709665293,686.2095704527103,-14.560837547266924,
2025-02-28,True,2025-01-02,584.64,594.18,1.6317733990147687,2.9371921182265837,602.751361303447,686.2095704527103,-12.162204192839187,
2025-03-03,True,2025-01-02,584.64,583.77,-0.14880952380952328,-0.2678571428571419,583.9841133786732,686.2095704527103,-14.897119112838409,
2025-03-04,True,2025-01-02,584.64,576.86,-1.330733442802401,-2.3953201970443216,571.526699050125,686.2095704527103,-16.71251412697815,
2025-03-05,True,2025-01-02,584.64,583.06,-0.27025177887247676,-0.48645320197045816,582.7041185634388,686.2095704527103,-15.083650293741357,
2025-03-06,True,2025-01-02,584.64,572.71,-2.040571975916794,-3.673029556650229,564.0450392146004,686.2095704527103,-17.802802015354402,
2025-03-07,True,2025-01-02,584.64,575.92,-1.4915161466885651,-2.6847290640394172,569.8320580271386,686.2095704527103,-16.95947090169472,
2025-03-10,True,2025-01-02,584.64,560.58,-4.115353037766822,-7.40763546798028,542.1769587796814,686.2095704527103,-20.989595289090303,
2025-03-11,True,2025-01-02,584.64,555.92,-4.912424740010957,-8.842364532019722,533.7758660487066,686.2095704527103,-22.213870363748967,RAW_DECISION
2025-03-12,False,,,558.87,,,533.7758660487066,686.2095704527103,-22.213870363748967,
2025-03-13,False,,,551.42,,,533.7758660487066,686.2095704527103,-22.213870363748967,
2025-03-14,False,,,562.81,,,533.7758660487066,686.2095704527103,-22.213870363748967,
2025-03-17,False,,,567.15,,,533.7758660487066,686.2095704527103,-22.213870363748967,
2025-03-18,False,,,561.02,,,533.7758660487066,686.2095704527103,-22.213870363748967,
2025-03-19,False,,,567.13,,,533.7758660487066,686.2095704527103,-22.213870363748967,
2025-03-20,False,,,565.49,,,533.7758660487066,686.2095704527103,-22.213870363748967,
2025-03-21,False,,,563.98,,,533.7758660487066,686.2095704527103,-22.213870363748967,
2025-03-24,False,,,574.08,,,533.7758660487066,686.2095704527103,-22.213870363748967,
2025-03-25,False,,,575.46,,,533.7758660487066,686.2095704527103,-22.213870363748967,
2025-03-26,False,,,568.59,,,533.7758660487066,686.2095704527103,-22.213870363748967,
2025-03-27,False,,,567.08,,,533.7758660487066,686.2095704527103,-22.213870363748967,
2025-03-28,False,,,555.66,,,533.7758660487066,686.2095704527103,-22.213870363748967,
2025-03-31,False,,,559.39,,,533.7758660487066,686.2095704527103,-22.213870363748967,
2025-04-01,False,,,560.97,,,533.7758660487066,686.2095704527103,-22.213870363748967,
2025-04-02,False,,,564.52,,,533.7758660487066,686.2095704527103,-22.213870363748967,
2025-04-03,False,,,536.7,,,533.7758660487066,686.2095704527103,-22.213870363748967,
2025-04-04,False,,,505.28,,,533.7758660487066,686.2095704527103,-22.213870363748967,
2025-04-07,False,,,504.38,,,533.7758660487066,686.2095704527103,-22.213870363748967,
2025-04-08,False,,,496.48,,,533.7758660487066,686.2095704527103,-22.213870363748967,
2025-04-09,False,,,548.62,,,533.7758660487066,686.2095704527103,-22.213870363748967,
2025-04-10,False,,,524.58,,,533.7758660487066,686.2095704527103,-22.213870363748967,
2025-04-11,False,,,533.94,,,533.7758660487066,686.2095704527103,-22.213870363748967,
2025-04-14,False,,,539.12,,,533.7758660487066,686.2095704527103,-22.213870363748967,
2025-04-15,False,,,537.61,,,533.7758660487066,686.2095704527103,-22.213870363748967,
2025-04-16,False,,,525.66,,,533.7758660487066,686.2095704527103,-22.213870363748967,
2025-04-17,False,,,526.41,,,533.7758660487066,686.2095704527103,-22.213870363748967,
2025-04-21,False,,,513.88,,,533.7758660487066,686.2095704527103,-22.213870363748967,
2025-04-22,False,,,527.25,,,533.7758660487066,686.2095704527103,-22.213870363748967,
2025-04-23,False,,,535.42,,,533.7758660487066,686.2095704527103,-22.213870363748967,
2025-04-24,False,,,546.69,,,533.7758660487066,686.2095704527103,-22.213870363748967,
2025-04-25,False,,,550.64,,,533.7758660487066,686.2095704527103,-22.213870363748967,
2025-04-28,False,,,550.85,,,533.7758660487066,686.2095704527103,-22.213870363748967,
2025-04-29,False,,,554.32,,,533.7758660487066,686.2095704527103,-22.213870363748967,
2025-04-30,False,,,554.54,,,533.7758660487066,686.2095704527103,-22.213870363748967,
2025-05-01,True,2025-05-01,558.47,558.47,0.0,0.0,533.7758660487066,686.2095704527103,-22.213870363748967,
2025-05-02,True,2025-05-01,558.47,566.76,1.4844127706054033,2.671942987089726,548.0380528683725,686.2095704527103,-20.13546932800463,
2025-05-05,True,2025-05-01,558.47,563.51,0.9024656651207774,1.6244381972173993,542.4467251043297,686.2095704527103,-20.950282761800665,
2025-05-06,True,2025-05-01,558.47,558.8,0.05909001378765488,0.10636202481777879,534.3436008678245,686.2095704527103,-22.131135461240483,
2025-05-07,True,2025-05-01,558.47,561.15,0.4798825362150039,0.863788565187007,538.3865609433632,686.2095704527103,-21.541962670649497,
2025-05-08,True,2025-05-01,558.47,565.06,1.1800096692749618,2.124017404694931,545.1133583456422,686.2095704527103,-20.561679431836446,
2025-05-09,True,2025-05-01,558.47,564.34,1.051086002829149,1.8919548050924684,543.874664194839,686.2095704527103,-20.742191946400457,
2025-05-12,True,2025-05-01,558.47,582.99,4.390567085071706,7.903020753129071,575.9602835177303,686.2095704527103,-16.066416395540163,
2025-05-13,True,2025-05-01,558.47,586.84,5.079950579261205,9.14391104267017,582.5838564074426,686.2095704527103,-15.101175866274087,RAW_DECISION
2025-05-14,False,,,587.59,,,582.5838564074426,686.2095704527103,-15.101175866274087,
2025-05-15,False,,,590.46,,,582.5838564074426,686.2095704527103,-15.101175866274087,
2025-05-16,False,,,594.2,,,582.5838564074426,686.2095704527103,-15.101175866274087,
2025-05-19,False,,,594.85,,,582.5838564074426,686.2095704527103,-15.101175866274087,
2025-05-20,False,,,592.85,,,582.5838564074426,686.2095704527103,-15.101175866274087,
2025-05-21,False,,,582.86,,,582.5838564074426,686.2095704527103,-15.101175866274087,
2025-05-22,False,,,583.09,,,582.5838564074426,686.2095704527103,-15.101175866274087,
2025-05-23,False,,,579.11,,,582.5838564074426,686.2095704527103,-15.101175866274087,
2025-05-27,False,,,591.15,,,582.5838564074426,686.2095704527103,-15.101175866274087,
2025-05-28,False,,,587.73,,,582.5838564074426,686.2095704527103,-15.101175866274087,
2025-05-29,False,,,590.05,,,582.5838564074426,686.2095704527103,-15.101175866274087,
2025-05-30,False,,,589.39,,,582.5838564074426,686.2095704527103,-15.101175866274087,
2025-06-02,True,2025-06-02,592.71,592.71,0.0,0.0,582.5838564074426,686.2095704527103,-15.101175866274087,
2025-06-03,True,2025-06-02,592.71,596.09,0.5702620168379191,1.0264716303082544,588.5639144162207,686.2095704527103,-14.229713522076104,
2025-06-04,True,2025-06-02,592.71,595.93,0.543267365153266,0.9778812572758788,588.280834747166,686.2095704527103,-14.270966177422773,
2025-06-05,True,2025-06-02,592.71,593.05,0.05736363482984341,0.10325454269371814,583.1854007041834,686.2095704527103,-15.013513973662473,
2025-06-06,True,2025-06-02,592.71,599.14,1.0848475645762523,1.9527256162372542,593.9601206075736,686.2095704527103,-13.443334779530602,
2025-06-09,True,2025-06-02,592.71,599.68,1.1759545140118899,2.116718125221402,594.9155144906327,686.2095704527103,-13.30410706773566,
2025-06-10,True,2025-06-02,592.71,603.08,1.7495908623104128,3.149263552158743,600.9309574580429,686.2095704527103,-12.427488141619303,
2025-06-11,True,2025-06-02,592.71,601.36,1.4593983567005697,2.6269170420610255,597.8878510157059,686.2095704527103,-12.870954186595828,
2025-06-12,True,2025-06-02,592.71,603.75,1.8626309662397977,3.352735739231636,602.1163535722087,686.2095704527103,-12.254742647355254,
2025-06-13,True,2025-06-02,592.71,597.0,0.7237940982942614,1.3028293769296706,590.1739300339685,686.2095704527103,-13.995089044792042,
2025-06-16,True,2025-06-02,592.71,602.68,1.6821042330988023,3.027787619577844,600.2232582854064,686.2095704527103,-12.530619779985951,
2025-06-17,True,2025-06-02,592.71,597.53,0.8132138819996193,1.4637849875993147,591.1116314377118,686.2095704527103,-13.858439623956265,
2025-06-18,True,2025-06-02,592.71,597.44,0.7980293904270352,1.4364529027686634,590.9523991238689,686.2095704527103,-13.88164424258872,
2025-06-20,True,2025-06-02,592.71,594.28,0.26488501965546973,0.4767930353798455,585.3615756600406,686.2095704527103,-14.696384185685096,
2025-06-23,True,2025-06-02,592.71,600.15,1.255251303335525,2.259452346003945,595.7470610184808,686.2095704527103,-13.182927392654841,
2025-06-24,True,2025-06-02,592.71,606.78,2.3738421825175715,4.272915928531629,607.47717480493,686.2095704527103,-11.473520486728061,
2025-06-25,True,2025-06-02,592.71,607.12,2.431205817347437,4.376170471225387,608.0787191016711,686.2095704527103,-11.385858594116405,
2025-06-26,True,2025-06-02,592.71,611.87,3.232609539235032,5.818697170623057,616.4826467767292,686.2095704527103,-10.161170388512708,
2025-06-27,True,2025-06-02,592.71,614.91,3.7455079212430853,6.7419142582375535,621.8611604887661,686.2095704527103,-9.377369936926394,
2025-06-30,True,2025-06-02,592.71,617.85,4.241534645948275,7.634762362706895,627.0627494076444,686.2095704527103,-8.619352394931646,
2025-07-01,True,2025-06-02,592.71,617.65,4.207791331342459,7.5740243964164256,626.708899821326,686.2095704527103,-8.670918214114998,
2025-07-02,True,2025-06-02,592.71,620.45,4.680197735823599,8.424355924482478,631.6627940297815,686.2095704527103,-7.948996745548575,
2025-07-03,True,2025-06-02,592.71,625.34,5.505221777935243,9.909399200283438,640.3144164152621,686.2095704527103,-6.688212466516596,
2025-07-07,True,2025-06-02,592.71,620.68,4.719002547620232,8.49420458571642,632.0697210540471,686.2095704527103,-7.889696053487816,
2025-07-08,True,2025-06-02,592.71,620.34,4.661638912790411,8.390950043022741,631.4681767573064,686.2095704527103,-7.977357946099406,
2025-07-09,True,2025-06-02,592.71,624.06,5.2892645644581515,9.520676216024674,638.0497790628253,686.2095704527103,-7.018233709289811,
2025-07-10,True,2025-06-02,592.71,625.82,5.586205732989158,10.055170319380485,641.1636554224259,686.2095704527103,-6.564454500476646,
2025-07-11,True,2025-06-02,592.71,623.62,5.215029272325422,9.38705269018576,637.2713099729253,686.2095704527103,-7.131678511493089,
2025-07-14,True,2025-06-02,592.71,624.81,5.415801994229885,9.748443589613794,639.3767150115187,686.2095704527103,-6.824861887352385,
2025-07-15,True,2025-06-02,592.71,622.14,4.9653287442425365,8.937591739636567,634.6528230341704,686.2095704527103,-7.513265573449601,
2025-07-16,True,2025-06-02,592.71,624.22,5.316259216142805,9.56926658905705,638.3328587318802,686.2095704527103,-6.976981053943132,
2025-07-17,True,2025-06-02,592.71,628.04,5.960756525113453,10.729361745204216,645.0913858305582,686.2095704527103,-5.992073907541884,
2025-07-18,True,2025-06-02,592.71,627.58,5.883146901520142,10.589664422736256,644.2775317820264,686.2095704527103,-6.110675291663492,
2025-07-21,True,2025-06-02,592.71,628.77,6.083919623424605,10.95105532216429,646.3829368206198,686.2095704527103,-5.803858667522787,
2025-07-22,True,2025-06-02,592.71,628.86,6.099104114997211,10.978387406994981,646.5421691344629,686.2095704527103,-5.780654048890299,
2025-07-23,True,2025-06-02,592.71,634.21,7.0017377807021886,12.60312800526394,656.0076455684756,686.2095704527103,-4.40126838573669,
2025-07-24,True,2025-06-02,592.71,634.42,7.037168261038262,12.666902869868872,656.3791876341096,686.2095704527103,-4.347124275594238,
2025-07-25,True,2025-06-02,592.71,637.1,7.489328676755913,13.480791618160644,661.1207720907742,686.2095704527103,-3.6561422985378123,
2025-07-28,True,2025-06-02,592.71,636.94,7.462334025071282,13.432201245128308,660.8376924217197,686.2095704527103,-3.6973949538844475,
2025-07-29,True,2025-06-02,592.71,635.26,7.178890182382602,12.922002328288684,657.8653558966463,686.2095704527103,-4.1305478350243,
2025-07-30,True,2025-06-02,592.71,634.46,7.043916923959448,12.679050463127007,656.4499575513736,686.2095704527103,-4.336811111757521,
2025-07-31,True,2025-06-02,592.71,632.08,6.6423714801505,11.9562686642709,652.2391474741867,686.2095704527103,-4.950444360038942,
2025-08-01,True,2025-06-02,592.71,621.72,4.894467783570389,8.8100420104267,633.9097389029022,686.2095704527103,-7.621553793734548,
2025-08-04,True,2025-06-02,592.71,631.17,6.488839398694113,11.679910917649403,650.6291318564383,686.2095704527103,-5.185068837323071,
2025-08-05,True,2025-06-02,592.71,627.97,5.9489463650014285,10.708103457002572,644.9675384753468,686.2095704527103,-6.010121944256042,
2025-08-06,True,2025-06-02,592.71,632.78,6.760473081270768,12.168851546287383,653.4776210263002,686.2095704527103,-4.769963992897386,
2025-08-07,True,2025-06-02,592.71,632.25,6.67105329756541,12.00789593561774,652.5399196225569,686.2095704527103,-4.906613413733163,
2025-08-08,True,2025-06-02,592.71,637.18,7.502826002598217,13.505086804676791,661.2623119253013,686.2095704527103,-3.6355159708645,
2025-08-11,True,2025-06-02,592.71,635.92,7.29024312058173,13.122437617047114,659.0330595314966,686.2095704527103,-3.9603806317193513,
2025-08-12,True,2025-06-02,592.71,642.69,8.432454319987848,15.178417775978126,671.0108680283687,686.2095704527103,-2.214877652364222,
2025-08-13,True,2025-06-02,592.71,644.89,8.803630780651584,15.846535405172853,674.9032134778693,686.2095704527103,-1.6476536413477794,
2025-08-14,True,2025-06-02,592.71,644.95,8.813753775033328,15.864756795059991,675.0093683537648,686.2095704527103,-1.6321838955927759,
2025-08-15,True,2025-06-02,592.71,643.44,8.558991749759581,15.406185149567246,672.3378039770621,686.2095704527103,-2.021505830426795,
2025-08-18,True,2025-06-02,592.71,643.3,8.535371429535509,15.363668573163917,672.0901092666392,686.2095704527103,-2.057601903855133,
2025-08-19,True,2025-06-02,592.71,639.81,7.946550589664403,14.303791061395925,665.915433985386,686.2095704527103,-2.9574254486039453,
2025-08-20,True,2025-06-02,592.71,638.11,7.659732415515164,13.787518347927294,662.9077125016811,686.2095704527103,-3.395734911662096,
2025-08-21,True,2025-06-02,592.71,635.55,7.227817988561003,13.010072379409806,658.3784377968077,686.2095704527103,-4.055777397208504,
2025-08-22,True,2025-06-02,592.71,645.31,8.87449174132373,15.974085134382715,675.6462976091374,686.2095704527103,-1.5393654210628438,
2025-08-25,True,2025-06-02,592.71,642.47,8.395336673921472,15.11160601305865,670.6216334834187,686.2095704527103,-2.271600053465861,
2025-08-26,True,2025-06-02,592.71,645.16,8.849184255369401,15.928531659664923,675.3809104193989,686.2095704527103,-1.5780397854503025,
2025-08-27,True,2025-06-02,592.71,646.63,9.097197617721985,16.374955711899574,677.981704878838,686.2095704527103,-1.1990310144529448,
2025-08-28,True,2025-06-02,592.71,648.92,9.483558569958305,17.07040542592495,682.0332826421815,686.2095704527103,-0.6086023848040467,
2025-08-29,True,2025-06-02,592.71,645.05,8.830625432336214,15.895125778205186,675.1862931469238,686.2095704527103,-1.606400986001133,
2025-09-02,True,2025-06-02,592.71,640.27,8.024160213257737,14.443488383863928,666.7292880339181,686.2095704527103,-2.8388240644823037,
2025-09-03,True,2025-06-02,592.71,643.74,8.60960672166826,15.49729209900287,672.8685783565395,686.2095704527103,-1.9441571016518222,
2025-09-04,True,2025-06-02,592.71,649.12,9.517301884564123,17.13114339221542,682.3871322284999,686.2095704527103,-0.5570365656207055,
2025-09-05,True,2025-06-02,592.71,647.24,9.200114727269648,16.56020650908537,679.0609461171084,686.2095704527103,-1.0417552659438667,
2025-09-08,True,2025-06-02,592.71,648.78,9.459938249734257,17.027888849521663,681.7855879317588,686.2095704527103,-0.6446984582323623,
2025-09-09,True,2025-06-02,592.71,650.33,9.721448937929168,17.4986080882725,684.5279222257252,686.2095704527103,-0.24506335956167025,
2025-09-10,True,2025-06-02,592.71,652.21,10.03863609522364,18.069544971402554,687.8541083371167,687.8541083371167,0.0,
2025-09-11,True,2025-06-02,592.71,657.63,10.953079921040644,19.715543857873158,697.4434321263407,697.4434321263407,0.0,
2025-09-12,True,2025-06-02,592.71,657.41,10.915962274974266,19.64873209495368,697.0541975813906,697.4434321263407,-0.055808761975639776,
2025-09-15,True,2025-06-02,592.71,660.91,11.506470280575654,20.711646505036178,703.2465653419597,703.2465653419597,0.0,
2025-09-16,True,2025-06-02,592.71,660.0,11.35293819911929,20.43528875841472,701.6365497242116,703.2465653419597,-0.2289404167889808,
2025-09-17,True,2025-06-02,592.71,659.18,11.21459060923553,20.186263096623957,700.1857664203068,703.2465653419597,-0.4352383747746491,
2025-09-18,True,2025-06-02,592.71,662.26,11.734237654164769,21.121627777496585,705.6350500496077,705.6350500496077,0.0,
2025-09-19,True,2025-06-02,592.71,663.7,11.977189519326492,21.558941134787688,708.1827670710992,708.1827670710992,0.0,
2025-09-22,True,2025-06-02,592.71,666.84,12.506959558637455,22.512527205547418,713.7382055762954,713.7382055762954,0.0,
2025-09-23,True,2025-06-02,592.71,663.21,11.894518398542298,21.410133117376137,707.3158355846194,713.7382055762954,-0.8998215230037077,
2025-09-24,True,2025-06-02,592.71,661.1,11.538526429451167,20.7693475730121,703.582722448962,713.7382055762954,-1.4228582760444364,
2025-09-25,True,2025-06-02,592.71,658.05,11.02394088171279,19.843093587083022,698.1865162576088,713.7382055762954,-2.1789066631412335,
2025-09-26,True,2025-06-02,592.71,661.82,11.660002362032017,20.98800425165763,704.8565809597076,713.7382055762954,-1.2443812797461984,
2025-09-29,True,2025-06-02,592.71,663.68,11.973815187865888,21.5528673381586,708.1473821124671,713.7382055762954,-0.7833157059757068,
2025-09-30,True,2025-06-02,592.71,666.18,12.395606620438304,22.312091916788948,712.570501941445,713.7382055762954,-0.1636039132734357,
2025-10-01,True,2025-06-02,592.71,668.45,12.778593241214086,23.001467834185355,716.586694746157,716.586694746157,0.0,
2025-10-02,True,2025-06-02,592.71,669.22,12.908505002446379,23.235309004403483,717.9490156534822,717.9490156534822,0.0,
2025-10-03,True,2025-06-02,592.71,669.21,12.906817836716101,23.23227210608898,717.9313231741663,717.9490156534822,-0.0024643085971498557,
2025-10-06,True,2025-06-02,592.71,671.61,13.311737611985631,23.961127701574135,722.1775182099851,722.1775182099851,0.0,
2025-10-07,True,2025-06-02,592.71,669.12,12.891633345143493,23.204940021258288,717.772090860323,722.1775182099851,-0.6100200073496542,
2025-10-08,True,2025-06-02,592.71,673.11,13.564812471529075,24.416662448752337,724.8313901073718,724.8313901073718,0.0,
2025-10-09,True,2025-06-02,592.71,671.16,13.235815154122577,23.824467277420638,721.381356640769,724.8313901073718,-0.475977380903958,
2025-10-10,True,2025-06-02,592.71,653.02,10.175296519377097,18.315533734878777,689.2871991617054,724.8313901073718,-4.9037874781335145,
2025-10-13,True,2025-06-02,592.71,663.04,11.865836581127343,21.358505846029217,707.0150634362486,724.8313901073718,-2.457996013180941,RAW_DECISION
2025-10-14,False,,,662.23,,,707.0150634362486,724.8313901073718,-2.457996013180941,
2025-10-15,False,,,665.17,,,707.0150634362486,724.8313901073718,-2.457996013180941,
2025-10-16,False,,,660.64,,,707.0150634362486,724.8313901073718,-2.457996013180941,
2025-10-17,False,,,664.39,,,707.0150634362486,724.8313901073718,-2.457996013180941,
2025-10-20,False,,,671.3,,,707.0150634362486,724.8313901073718,-2.457996013180941,
2025-10-21,False,,,671.29,,,707.0150634362486,724.8313901073718,-2.457996013180941,
2025-10-22,False,,,667.8,,,707.0150634362486,724.8313901073718,-2.457996013180941,
2025-10-23,False,,,671.76,,,707.0150634362486,724.8313901073718,-2.457996013180941,
2025-10-24,False,,,677.25,,,707.0150634362486,724.8313901073718,-2.457996013180941,
2025-10-27,False,,,685.24,,,707.0150634362486,724.8313901073718,-2.457996013180941,
2025-10-28,False,,,687.06,,,707.0150634362486,724.8313901073718,-2.457996013180941,
2025-10-29,False,,,687.39,,,707.0150634362486,724.8313901073718,-2.457996013180941,
2025-10-30,False,,,679.83,,,707.0150634362486,724.8313901073718,-2.457996013180941,
2025-10-31,False,,,682.06,,,707.0150634362486,724.8313901073718,-2.457996013180941,
2025-11-03,True,2025-11-03,683.34,683.34,0.0,0.0,707.0150634362486,724.8313901073718,-2.457996013180941,
2025-11-04,True,2025-11-03,683.34,675.24,-1.185354289226448,-2.1336377206076063,691.929923352395,724.8313901073718,-4.539189003680288,
2025-11-05,True,2025-11-03,683.34,677.58,-0.8429186056721383,-1.517253490209849,696.2878527099527,724.8313901073718,-3.937955473091581,
2025-11-06,True,2025-11-03,683.34,670.31,-1.9068106652618155,-3.432259197471268,682.7484738939506,724.8313901073718,-5.805890416416338,
2025-11-07,True,2025-11-03,683.34,670.97,-1.8102262416952009,-3.2584072350513615,683.9776334563389,724.8313901073718,-5.636311728301536,
2025-11-10,True,2025-11-03,683.34,681.44,-0.2780460678432406,-0.5004829221178331,703.4765737869496,724.8313901073718,-2.946177085026469,
2025-11-11,True,2025-11-03,683.34,683.0,-0.0497556121403786,-0.08956010185268148,706.3818600253213,724.8313901073718,-2.5453547313006863,
2025-11-12,True,2025-11-03,683.34,683.38,0.005853601428262856,0.01053648257087314,707.089557955181,724.8313901073718,-2.4477185169315963,
2025-11-13,True,2025-11-03,683.34,672.04,-1.6536424034887531,-2.9765563262797556,685.9703618377862,724.8313901073718,-5.361388703630654,
2025-11-14,True,2025-11-03,683.34,671.93,-1.669739807416526,-3.0055316533497467,685.7655019107214,724.8313901073718,-5.389651818316466,
2025-11-17,True,2025-11-03,683.34,665.67,-2.5858284309421498,-4.65449117569587,674.1071096977679,724.8313901073718,-6.998079981344341,
2025-11-18,True,2025-11-03,683.34,660.08,-3.4038692305440876,-6.126964614979358,663.6965006769358,724.8313901073718,-8.434360082195102,
2025-11-19,True,2025-11-03,683.34,662.63,-3.030702139491326,-5.4552638510843865,668.4455262588896,724.8313901073718,-7.779169696297172,
2025-11-20,True,2025-11-03,683.34,652.53,-4.508736500131716,-8.115725700237089,649.6356602284054,724.8313901073718,-10.374237499265504,
2025-11-21,True,2025-11-03,683.34,659.03,-3.557526268036415,-6.4035472824655475,661.7410195549546,724.8313901073718,-8.704144358741338,
2025-11-24,True,2025-11-03,683.34,668.73,-2.13802792167882,-3.848450259021876,679.8059403961126,724.8313901073718,-6.211851518266808,
2025-11-25,True,2025-11-03,683.34,675.02,-1.2175490970819824,-2.1915883747475684,691.5202034982657,724.8313901073718,-4.5957152330518785,
2025-11-26,True,2025-11-03,683.34,679.68,-0.5356045306875168,-0.9640881552375302,700.1988149539146,724.8313901073718,-3.3983869199991856,
2025-11-28,True,2025-11-03,683.34,683.39,0.007317001785334121,0.013170603213601417,707.1081815849142,724.8313901073718,-2.4451491428692407,
2025-12-01,True,2025-11-03,683.34,680.27,-0.44926390962040097,-0.8086750373167217,701.2976091081707,724.8313901073718,-3.2467938503208282,
2025-12-02,True,2025-11-03,683.34,681.53,-0.2648754646296214,-0.47677583633331855,703.6441864545479,724.8313901073718,-2.9230527184653687,
2025-12-03,True,2025-11-03,683.34,683.89,0.08048701963883076,0.14487663534989537,708.039363071572,724.8313901073718,-2.3166804397519725,
2025-12-04,True,2025-11-03,683.34,684.39,0.1536570374923052,0.27658266748614935,708.9705445582296,724.8313901073718,-2.1882117366347376,
2025-12-05,True,2025-11-03,683.34,685.9,0.37463049140982196,0.6743348845376795,711.7827126479355,724.8313901073718,-1.8002362532206884,
2025-12-08,True,2025-11-03,683.34,683.63,0.04243861035502228,0.0763894986390401,707.55514869851,724.8313901073718,-2.38348416537294,
2025-12-09,True,2025-11-03,683.34,683.04,-0.043902010712104644,-0.07902361928178836,706.4563545442538,724.8313901073718,-2.5350772350513195,
2025-12-10,True,2025-11-03,683.34,687.57,0.619018351040479,1.1142330318728622,714.8928588133722,724.8313901073718,-1.371150784809061,
2025-12-11,True,2025-11-03,683.34,689.17,0.8531624081716149,1.5356923347089069,717.8726395706765,724.8313901073718,-0.9600509348338893,
2025-12-12,True,2025-11-03,683.34,681.76,-0.23121725641701563,-0.4161910615506281,704.0725299384104,724.8313901073718,-2.863957115031446,
2025-12-15,True,2025-11-03,683.34,680.73,-0.3819474931951894,-0.6875054877513409,702.1542960758958,724.8313901073718,-3.128602643452949,
2025-12-16,True,2025-11-03,683.34,678.87,-0.654139959610156,-1.1774519272982809,698.6903009455293,724.8313901073718,-3.6065062190491104,
2025-12-17,True,2025-11-03,683.34,671.4,-1.7473000263412142,-3.1451400474141855,684.7784495348643,724.8313901073718,-5.525828643620734,
2025-12-18,True,2025-11-03,683.34,676.47,-1.005356045306871,-1.809640881552368,694.2206298095729,724.8313901073718,-4.223155994011862,
2025-12-19,True,2025-11-03,683.34,680.59,-0.4024350981941649,-0.7243831767494968,701.8935652596316,724.8313901073718,-3.164573880325794,
2025-12-22,True,2025-11-03,683.34,684.83,0.21804665320337424,0.39248397576607363,709.7899842664883,724.8313901073718,-2.0751592778915584,
2025-12-23,True,2025-11-03,683.34,687.96,0.6760909649661917,1.216963736939145,715.619180372965,724.8313901073718,-1.2709451963776153,
2025-12-24,True,2025-11-03,683.34,690.38,1.0302338513770604,1.8544209324787087,720.1260987683881,724.8313901073718,-0.649156673290141,
2025-12-26,True,2025-11-03,683.34,690.31,1.0199900488775615,1.8359820879796107,719.9957333602558,724.8313901073718,-0.6671422917265857,
2025-12-29,True,2025-11-03,683.34,687.85,0.65999356103843,1.187988409869174,715.4143204459004,724.8313901073718,-1.2992083110634045,
2025-12-30,True,2025-11-03,683.34,687.01,0.537067931044577,0.9667222758802385,713.8499355483157,724.8313901073718,-1.5150357323003627,
2025-12-31,True,2025-11-03,683.34,681.92,-0.2078028507039087,-0.37404513126703565,704.3705080141408,724.8313901073718,-2.822847130033934,
2026-01-02,True,2025-11-03,683.34,683.17,-0.024877806070200403,-0.044780050926360726,706.6984617307849,724.8313901073718,-2.5016753722408303,
2026-01-05,True,2025-11-03,683.34,687.72,0.6409693563965257,1.1537448415137463,715.1722132593694,724.8313901073718,-1.3326101738738938,
2026-01-06,True,2025-11-03,683.34,691.81,1.239500102438007,2.2311001843884126,722.7892778202287,724.8313901073718,-0.28173618237485876,
2026-01-07,True,2025-11-03,683.34,689.58,0.9131618228114924,1.6436912810606863,718.6362083897359,724.8313901073718,-0.8547065982777324,
2026-01-08,True,2025-11-03,683.34,689.51,0.9029180203119935,1.6252524365615884,718.5058429816038,724.8313901073718,-0.8726922167141549,
2026-01-09,True,2025-11-03,683.34,694.07,1.5702285831357798,2.8264114496444037,726.9982181399214,726.9982181399214,0.0,
2026-01-12,True,2025-11-03,683.34,695.16,1.72973922205637,3.113530599701466,729.0281937808351,729.0281937808351,0.0,
2026-01-13,True,2025-11-03,683.34,693.77,1.5263265724236863,2.7473878303626353,726.4395092479268,729.0281937808351,-0.3550870261248784,
2026-01-14,True,2025-11-03,683.34,690.36,1.0273070506629178,1.849152691193252,720.0888515089217,729.0281937808351,-1.2261998024456044,
2026-01-15,True,2025-11-03,683.34,692.24,1.302426317792027,2.3443673720256486,723.5900938987545,729.0281937808351,-0.7459382131543957,
2026-01-16,True,2025-11-03,683.34,691.66,1.2175490970819602,2.1915883747475284,722.5099233742313,729.0281937808351,-0.8941040226166153,
2026-01-20,True,2025-11-03,683.34,677.58,-0.8429186056721383,-1.517253490209849,696.2878527099527,729.0281937808351,-4.4909567764569776,
2026-01-21,True,2025-11-03,683.34,685.4,0.30146047355634753,0.5426288524014256,710.8515311612779,729.0281937808351,-2.493272931639401,RAW_DECISION
2026-01-22,False,,,688.98,,,710.8515311612779,729.0281937808351,-2.493272931639401,
2026-01-23,False,,,689.23,,,710.8515311612779,729.0281937808351,-2.493272931639401,
2026-01-26,False,,,692.73,,,710.8515311612779,729.0281937808351,-2.493272931639401,
2026-01-27,False,,,695.49,,,710.8515311612779,729.0281937808351,-2.493272931639401,
2026-01-28,False,,,695.42,,,710.8515311612779,729.0281937808351,-2.493272931639401,
2026-01-29,False,,,694.04,,,710.8515311612779,729.0281937808351,-2.493272931639401,
2026-01-30,False,,,691.97,,,710.8515311612779,729.0281937808351,-2.493272931639401,
2026-02-02,True,2026-02-02,695.41,695.41,0.0,0.0,710.8515311612779,729.0281937808351,-2.493272931639401,
2026-02-03,True,2026-02-02,695.41,689.53,-0.8455443551286246,-1.5219798392315242,700.0325141701346,729.0281937808351,-3.977305659514352,
2026-02-04,True,2026-02-02,695.41,686.19,-1.3258365568513453,-2.3865058023324215,693.8870181241451,729.0281937808351,-4.820276630790266,
2026-02-05,True,2026-02-02,695.41,677.62,-2.5582030744452866,-4.604765534001516,678.1184848564412,729.0281937808351,-6.983229093016208,
2026-02-06,True,2026-02-02,695.41,690.62,-0.6888022892969525,-1.2398441207345146,702.0380802450235,729.0281937808351,-3.7022043545171246,
2026-02-09,True,2026-02-02,695.41,693.95,-0.20994808817819122,-0.3779065587207442,708.1651766022526,729.0281937808351,-2.861757248424668,RAW_DECISION
