date,position_open,entry_date,entry_price,spy_close,underlying_return_from_entry_pct,leveraged_return_from_entry_pct,equity,running_peak,drawdown_pct,exit_reason
2000-03-17,True,2000-03-17,146.9375,146.9375,0.0,0.0,100.0,100.0,0.0,
2000-03-20,True,2000-03-17,146.9375,146.1875,-0.5104210974053558,-0.9187579753296404,99.08124202467036,100.0,-0.9187579753296427,
2000-03-21,True,2000-03-17,146.9375,149.1875,1.5312632922160674,2.7562739259889213,102.75627392598892,102.75627392598892,0.0,
2000-03-22,True,2000-03-17,146.9375,150.09375,2.148022118247561,3.86643981284561,103.8664398128456,103.8664398128456,0.0,
2000-03-23,True,2000-03-17,146.9375,152.65625,3.89196086771586,7.005529561888548,107.00552956188855,107.00552956188855,0.0,
2000-03-24,True,2000-03-17,146.9375,153.5625,4.508719693747332,8.115695448745198,108.1156954487452,108.1156954487452,0.0,
2000-03-27,True,2000-03-17,146.9375,151.9375,3.4028073160357275,6.1250531688643095,106.12505316886431,108.1156954487452,-1.841214887087883,
2000-03-28,True,2000-03-17,146.9375,151.0625,2.807316035729479,5.053168864313062,105.05316886431307,108.1156954487452,-2.8326382878275047,
2000-03-29,True,2000-03-17,146.9375,151.21875,2.913653764355595,5.244576775840071,105.24457677584007,108.1156954487452,-2.6555983948382877,
2000-03-30,True,2000-03-17,146.9375,148.6875,1.1909825606124969,2.1437686091024943,102.14376860910251,108.1156954487452,-5.52364466126366,
2000-03-31,True,2000-03-17,146.9375,150.375,2.3394300297745696,4.210974053594225,104.21097405359423,108.1156954487452,-3.611613816980064,
2000-04-03,True,2000-03-17,146.9375,151.25,2.934921310080818,5.282858358145472,105.28285835814548,108.1156954487452,-2.620190416240442,
2000-04-04,True,2000-03-17,146.9375,150.125,2.1692896639727843,3.904721395151012,103.90472139515101,108.1156954487452,-3.8948776457628176,
2000-04-05,True,2000-03-17,146.9375,149.1875,1.5312632922160674,2.7562739259889213,102.75627392598892,108.1156954487452,-4.957117003698174,
2000-04-06,True,2000-03-17,146.9375,150.48438,2.4138698426201532,4.344965716716276,104.34496571671627,108.1156954487452,-3.4876802266110674,
2000-04-07,True,2000-03-17,146.9375,151.4375,3.062526584432157,5.5125478519778826,105.51254785197787,108.1156954487452,-2.4077425446533907,
2000-04-10,True,2000-03-17,146.9375,150.84375,2.658443215652917,4.7851977881752505,104.78519778817525,108.1156954487452,-3.080494138012413,
2000-04-11,True,2000-03-17,146.9375,150.40625,2.3606975754997928,4.249255635899627,104.24925563589962,108.1156954487452,-3.5762058383822404,
2000-04-12,True,2000-03-17,146.9375,146.28125,-0.4466184602296863,-0.8039132284134354,99.19608677158656,108.1156954487452,-8.250059013297651,
2000-04-13,True,2000-03-17,146.9375,144.25,-1.8290089323692027,-3.292216078264565,96.70778392173544,108.1156954487452,-10.551577622157504,RAW_DECISION
2000-04-14,False,,,136.0,,,96.70778392173544,108.1156954487452,-10.551577622157504,
2000-04-17,False,,,140.75,,,96.70778392173544,108.1156954487452,-10.551577622157504,
2000-04-18,False,,,144.46875,,,96.70778392173544,108.1156954487452,-10.551577622157504,
2000-04-19,True,2000-04-19,143.125,143.125,0.0,0.0,96.70778392173544,108.1156954487452,-10.551577622157504,
2000-04-20,True,2000-04-19,143.125,143.8125,0.4803493449781593,0.8646288209606867,97.54394729363514,108.1156954487452,-9.778180782384037,
2000-04-24,True,2000-04-19,143.125,142.25,-0.6113537117903967,-1.100436681222714,95.64357599386307,108.1156954487452,-11.535900872778305,
2000-04-25,True,2000-04-19,143.125,148.15625,3.5152838427947586,6.3275109170305655,102.82697950700158,108.1156954487452,-4.891718931087907,
2000-04-26,True,2000-04-19,143.125,146.48438,2.347165065502166,4.2248971179038985,100.79358829743357,108.1156954487452,-6.772473803105528,
2000-04-27,True,2000-04-19,143.125,146.0,2.008733624454151,3.6157205240174717,100.20446711331608,108.1156954487452,-7.317372655832033,
2000-04-28,True,2000-04-19,143.125,145.09375,1.3755458515283925,2.4759825327511065,99.10225175944828,108.1156954487452,-8.3368503082607,
2000-05-01,True,2000-04-19,143.125,147.0625,2.7510917030567628,4.951965065502173,101.4967195971611,108.1156954487452,-6.122122994363921,
2000-05-02,True,2000-04-19,143.125,144.125,0.6986899563318882,1.2576419213973988,97.9240215535896,108.1156954487452,-9.426636764305151,
2000-05-03,True,2000-04-19,143.125,140.75,-1.6593886462882068,-2.9868995633187723,93.81921954608187,108.1156954487452,-13.22331215955681,
2000-05-04,True,2000-04-19,143.125,141.8125,-0.917030567685595,-1.650655021834071,95.11147202992687,108.1156954487452,-12.02806249808871,
2000-05-05,True,2000-04-19,143.125,143.53125,0.28384279475981433,0.5109170305676658,97.20188045967618,108.1156954487452,-10.094570398655001,
2000-05-08,True,2000-04-19,143.125,142.45313,-0.4694288209607045,-0.8449718777292681,95.89063034402159,108.1156954487452,-11.307391636322773,
2000-05-09,True,2000-04-19,143.125,141.3125,-1.266375545851528,-2.2794759825327504,94.50335321399982,108.1156954487452,-12.590532927014875,
2000-05-10,True,2000-04-19,143.125,138.125,-3.4934497816593857,-6.288209606986895,90.62659576246475,108.1156954487452,-16.17628191141921,
2000-05-11,True,2000-04-19,143.125,141.28125,-1.288209606986901,-2.3187772925764216,94.46534578800437,108.1156954487452,-12.625687328822766,RAW_DECISION
2000-05-12,False,,,142.8125,,,94.46534578800437,108.1156954487452,-12.625687328822766,
2000-05-15,False,,,145.28125,,,94.46534578800437,108.1156954487452,-12.625687328822766,
2000-05-16,False,,,146.6875,,,94.46534578800437,108.1156954487452,-12.625687328822766,
2000-05-17,False,,,145.15625,,,94.46534578800437,108.1156954487452,-12.625687328822766,
2000-05-18,False,,,143.375,,,94.46534578800437,108.1156954487452,-12.625687328822766,
2000-05-19,False,,,141.125,,,94.46534578800437,108.1156954487452,-12.625687328822766,
2000-05-22,False,,,140.0625,,,94.46534578800437,108.1156954487452,-12.625687328822766,
2000-05-23,False,,,138.0,,,94.46534578800437,108.1156954487452,-12.625687328822766,
2000-05-24,False,,,140.25,,,94.46534578800437,108.1156954487452,-12.625687328822766,
2000-05-25,False,,,137.84375,,,94.46534578800437,108.1156954487452,-12.625687328822766,
2000-05-26,False,,,138.0,,,94.46534578800437,108.1156954487452,-12.625687328822766,
2000-05-30,False,,,142.5,,,94.46534578800437,108.1156954487452,-12.625687328822766,
2000-05-31,False,,,142.8125,,,94.46534578800437,108.1156954487452,-12.625687328822766,
2000-06-01,False,,,145.3125,,,94.46534578800437,108.1156954487452,-12.625687328822766,
2000-06-02,False,,,147.84375,,,94.46534578800437,108.1156954487452,-12.625687328822766,
2000-06-05,False,,,147.125,,,94.46534578800437,108.1156954487452,-12.625687328822766,
2000-06-06,False,,,146.46875,,,94.46534578800437,108.1156954487452,-12.625687328822766,
2000-06-07,False,,,147.48438,,,94.46534578800437,108.1156954487452,-12.625687328822766,
2000-06-08,False,,,146.90625,,,94.46534578800437,108.1156954487452,-12.625687328822766,
2000-06-09,False,,,146.59375,,,94.46534578800437,108.1156954487452,-12.625687328822766,
2000-06-12,False,,,144.875,,,94.46534578800437,108.1156954487452,-12.625687328822766,
2000-06-13,False,,,147.59375,,,94.46534578800437,108.1156954487452,-12.625687328822766,
2000-06-14,False,,,147.84375,,,94.46534578800437,108.1156954487452,-12.625687328822766,
2000-06-15,False,,,148.15625,,,94.46534578800437,108.1156954487452,-12.625687328822766,
2000-06-16,False,,,146.59375,,,94.46534578800437,108.1156954487452,-12.625687328822766,
2000-06-19,False,,,148.46875,,,94.46534578800437,108.1156954487452,-12.625687328822766,
2000-06-20,False,,,147.9375,,,94.46534578800437,108.1156954487452,-12.625687328822766,
2000-06-21,False,,,147.875,,,94.46534578800437,108.1156954487452,-12.625687328822766,
2000-06-22,False,,,145.625,,,94.46534578800437,108.1156954487452,-12.625687328822766,
2000-06-23,False,,,144.375,,,94.46534578800437,108.1156954487452,-12.625687328822766,
2000-06-26,False,,,146.23438,,,94.46534578800437,108.1156954487452,-12.625687328822766,
2000-06-27,False,,,145.15625,,,94.46534578800437,108.1156954487452,-12.625687328822766,
2000-06-28,False,,,145.5625,,,94.46534578800437,108.1156954487452,-12.625687328822766,
2000-06-29,False,,,144.1875,,,94.46534578800437,108.1156954487452,-12.625687328822766,
2000-06-30,False,,,145.28125,,,94.46534578800437,108.1156954487452,-12.625687328822766,
2000-07-03,False,,,147.28125,,,94.46534578800437,108.1156954487452,-12.625687328822766,
2000-07-05,False,,,144.625,,,94.46534578800437,108.1156954487452,-12.625687328822766,
2000-07-06,False,,,145.75,,,94.46534578800437,108.1156954487452,-12.625687328822766,
2000-07-07,False,,,148.09375,,,94.46534578800437,108.1156954487452,-12.625687328822766,
2000-07-10,False,,,147.84375,,,94.46534578800437,108.1156954487452,-12.625687328822766,
2000-07-11,False,,,148.15625,,,94.46534578800437,108.1156954487452,-12.625687328822766,
2000-07-12,False,,,149.125,,,94.46534578800437,108.1156954487452,-12.625687328822766,
2000-07-13,False,,,149.78125,,,94.46534578800437,108.1156954487452,-12.625687328822766,
2000-07-14,False,,,151.25,,,94.46534578800437,108.1156954487452,-12.625687328822766,
2000-07-17,False,,,151.0,,,94.46534578800437,108.1156954487452,-12.625687328822766,
2000-07-18,False,,,149.76563,,,94.46534578800437,108.1156954487452,-12.625687328822766,
2000-07-19,False,,,148.5625,,,94.46534578800437,108.1156954487452,-12.625687328822766,
2000-07-20,False,,,150.625,,,94.46534578800437,108.1156954487452,-12.625687328822766,
2000-07-21,False,,,147.6875,,,94.46534578800437,108.1156954487452,-12.625687328822766,
2000-07-24,False,,,146.84375,,,94.46534578800437,108.1156954487452,-12.625687328822766,
2000-07-25,False,,,147.3125,,,94.46534578800437,108.1156954487452,-12.625687328822766,
2000-07-26,False,,,145.875,,,94.46534578800437,108.1156954487452,-12.625687328822766,
2000-07-27,False,,,145.375,,,94.46534578800437,108.1156954487452,-12.625687328822766,
2000-07-28,False,,,142.09375,,,94.46534578800437,108.1156954487452,-12.625687328822766,
2000-07-31,False,,,143.0,,,94.46534578800437,108.1156954487452,-12.625687328822766,
2000-08-01,False,,,143.875,,,94.46534578800437,108.1156954487452,-12.625687328822766,
2000-08-02,False,,,144.59375,,,94.46534578800437,108.1156954487452,-12.625687328822766,
2000-08-03,False,,,145.59375,,,94.46534578800437,108.1156954487452,-12.625687328822766,
2000-08-04,False,,,146.375,,,94.46534578800437,108.1156954487452,-12.625687328822766,
2000-08-07,False,,,148.125,,,94.46534578800437,108.1156954487452,-12.625687328822766,
2000-08-08,False,,,148.6875,,,94.46534578800437,108.1156954487452,-12.625687328822766,
2000-08-09,False,,,147.4375,,,94.46534578800437,108.1156954487452,-12.625687328822766,
2000-08-10,False,,,146.71875,,,94.46534578800437,108.1156954487452,-12.625687328822766,
2000-08-11,False,,,147.40625,,,94.46534578800437,108.1156954487452,-12.625687328822766,
2000-08-14,True,2000-08-14,149.28125,149.28125,0.0,0.0,94.46534578800437,108.1156954487452,-12.625687328822766,
2000-08-15,True,2000-08-14,149.28125,149.15625,-0.08373456144022962,-0.1507222105924133,94.32296553058892,108.1156954487452,-12.757379824370696,
2000-08-16,True,2000-08-14,149.28125,148.625,-0.439606447561236,-0.7912916056102248,93.71784943657322,108.1156954487452,-13.317072930449413,
2000-08-17,True,2000-08-14,149.28125,150.1875,0.6070755704417063,1.0927360267950714,95.49760265426643,108.1156954487452,-11.670916736100246,
2000-08-18,True,2000-08-14,149.28125,149.6875,0.2721373246807657,0.4898471844253782,94.9280816246046,108.1156954487452,-12.197686718291978,
2000-08-21,True,2000-08-14,149.28125,150.5,0.816411974042297,1.4695415532761347,95.85355329780509,108.1156954487452,-11.341685497230392,
2000-08-22,True,2000-08-14,149.28125,150.25,0.6489428511618156,1.168097132091268,95.56879278297416,108.1156954487452,-11.605070488326275,
2000-08-23,True,2000-08-14,149.28125,150.84375,1.0466820180029313,1.8840276324052763,96.24509900569757,108.1156954487452,-10.979531134473596,
2000-08-24,True,2000-08-14,149.28125,151.3125,1.3606866234038062,2.449235922126851,96.77902497100551,108.1156954487452,-10.485684276168861,
2000-08-25,True,2000-08-14,149.28125,151.25,1.318819342683697,2.3738748168306545,96.7078348422978,108.1156954487452,-10.551530523942809,
2000-08-28,True,2000-08-14,149.28125,151.76563,1.6642277580071196,2.9956099644128154,97.29515909934685,108.1156954487452,-10.008293712107774,
2000-08-29,True,2000-08-14,149.28125,151.79688,1.6851613983671632,3.0332905170608937,97.33075416370069,108.1156954487452,-9.97537058822081,
2000-08-30,True,2000-08-14,149.28125,150.34375,0.7117437722419906,1.281138790035583,95.67557797603573,108.1156954487452,-11.506301116665352,
2000-08-31,True,2000-08-14,149.28125,152.34375,2.0514967552857533,3.692694159514356,97.95366209468305,108.1156954487452,-9.399221187898387,
2000-09-01,True,2000-08-14,149.28125,152.5,2.1561649570860375,3.8810969227548675,98.13163741645235,108.1156954487452,-9.234605568463483,
2000-09-05,True,2000-08-14,149.28125,151.28125,1.3397529830437405,2.411555369478733,96.74342990665163,108.1156954487452,-10.518607400055869,
2000-09-06,True,2000-08-14,149.28125,149.5625,0.18840276324052496,0.33912497383294493,94.78570136718915,108.1156954487452,-12.329379213839909,
2000-09-07,True,2000-08-14,149.28125,150.84375,1.0466820180029313,1.8840276324052763,96.24509900569757,108.1156954487452,-10.979531134473596,
2000-09-08,True,2000-08-14,149.28125,149.8125,0.3558718861210064,0.6405693950178115,95.07046188202008,108.1156954487452,-12.065994222744026,
2000-09-11,True,2000-08-14,149.28125,149.59375,0.2093364036005907,0.37680552648106325,94.82129643154302,108.1156954487452,-12.296456089952922,
2000-09-12,True,2000-08-14,149.28125,148.5,-0.5233410090014656,-0.9420138162026381,93.57546917915778,108.1156954487452,-13.448765425997333,
2000-09-13,True,2000-08-14,149.28125,148.89063,-0.26166715511828365,-0.47100087921291056,94.02041317879136,108.1156954487452,-13.03722110971024,
2000-09-14,True,2000-08-14,149.28125,149.64063,0.24074021352311625,0.43333238434160926,94.87469472328407,108.1156954487452,-12.247066136422669,
2000-09-15,True,2000-08-14,149.28125,146.0,-2.198032237806158,-3.956458028051084,90.72786403084866,108.1156954487452,-16.082615336955996,
2000-09-18,True,2000-08-14,149.28125,144.65625,-3.0981787732886734,-5.576721791919613,89.19727626363252,108.1156954487452,-17.49830966409628,RAW_DECISION
2000-09-19,False,,,145.96875,,,89.19727626363252,108.1156954487452,-17.49830966409628,
2000-09-20,False,,,144.89063,,,89.19727626363252,108.1156954487452,-17.49830966409628,
2000-09-21,False,,,142.6875,,,89.19727626363252,108.1156954487452,-17.49830966409628,
2000-09-22,False,,,145.28125,,,89.19727626363252,108.1156954487452,-17.49830966409628,
2000-09-25,False,,,144.25,,,89.19727626363252,108.1156954487452,-17.49830966409628,
2000-09-26,False,,,142.40625,,,89.19727626363252,108.1156954487452,-17.49830966409628,
2000-09-27,False,,,143.15625,,,89.19727626363252,108.1156954487452,-17.49830966409628,
2000-09-28,False,,,145.0,,,89.19727626363252,108.1156954487452,-17.49830966409628,
2000-09-29,False,,,143.625,,,89.19727626363252,108.1156954487452,-17.49830966409628,
2000-10-02,False,,,143.84375,,,89.19727626363252,108.1156954487452,-17.49830966409628,
2000-10-03,False,,,142.5,,,89.19727626363252,108.1156954487452,-17.49830966409628,
2000-10-04,False,,,143.6875,,,89.19727626363252,108.1156954487452,-17.49830966409628,
2000-10-05,False,,,144.1875,,,89.19727626363252,108.1156954487452,-17.49830966409628,
2000-10-06,False,,,141.0625,,,89.19727626363252,108.1156954487452,-17.49830966409628,
2000-10-09,False,,,140.0,,,89.19727626363252,108.1156954487452,-17.49830966409628,
2000-10-10,False,,,137.6875,,,89.19727626363252,108.1156954487452,-17.49830966409628,
2000-10-11,False,,,136.53125,,,89.19727626363252,108.1156954487452,-17.49830966409628,
2000-10-12,False,,,133.125,,,89.19727626363252,108.1156954487452,-17.49830966409628,
2000-10-13,False,,,137.5625,,,89.19727626363252,108.1156954487452,-17.49830966409628,
2000-10-16,False,,,138.1875,,,89.19727626363252,108.1156954487452,-17.49830966409628,
2000-10-17,False,,,134.75,,,89.19727626363252,108.1156954487452,-17.49830966409628,
2000-10-18,False,,,134.25,,,89.19727626363252,108.1156954487452,-17.49830966409628,
2000-10-19,False,,,139.3125,,,89.19727626363252,108.1156954487452,-17.49830966409628,
2000-10-20,False,,,139.90625,,,89.19727626363252,108.1156954487452,-17.49830966409628,
2000-10-23,False,,,140.53125,,,89.19727626363252,108.1156954487452,-17.49830966409628,
2000-10-24,False,,,139.59375,,,89.19727626363252,108.1156954487452,-17.49830966409628,
2000-10-25,False,,,136.3125,,,89.19727626363252,108.1156954487452,-17.49830966409628,
2000-10-26,False,,,136.6875,,,89.19727626363252,108.1156954487452,-17.49830966409628,
2000-10-27,False,,,139.28125,,,89.19727626363252,108.1156954487452,-17.49830966409628,
2000-10-30,False,,,140.53125,,,89.19727626363252,108.1156954487452,-17.49830966409628,
2000-10-31,False,,,142.95313,,,89.19727626363252,108.1156954487452,-17.49830966409628,
2000-11-01,False,,,142.46875,,,89.19727626363252,108.1156954487452,-17.49830966409628,
2000-11-02,False,,,142.70313,,,89.19727626363252,108.1156954487452,-17.49830966409628,
2000-11-03,False,,,142.78125,,,89.19727626363252,108.1156954487452,-17.49830966409628,
2000-11-06,False,,,143.78125,,,89.19727626363252,108.1156954487452,-17.49830966409628,
2000-11-07,False,,,143.75,,,89.19727626363252,108.1156954487452,-17.49830966409628,
2000-11-08,False,,,140.5625,,,89.19727626363252,108.1156954487452,-17.49830966409628,
2000-11-09,False,,,140.03125,,,89.19727626363252,108.1156954487452,-17.49830966409628,
2000-11-10,True,2000-11-10,136.625,136.625,0.0,0.0,89.19727626363252,108.1156954487452,-17.49830966409628,
2000-11-13,True,2000-11-10,136.625,135.5625,-0.7776761207685223,-1.3998170173833402,87.94867761145176,108.1156954487452,-18.653182365047172,
2000-11-14,True,2000-11-10,136.625,139.125,1.8298261665141702,3.2936870997255063,92.1351554452343,108.1156954487452,-14.78096213244713,
2000-11-15,True,2000-11-10,136.625,139.5625,2.150045745654161,3.87008234217749,92.64928430201464,108.1156954487452,-14.305426314408509,
2000-11-16,True,2000-11-10,136.625,137.375,0.548947849954251,0.9881061299176519,90.07864001811305,108.1156954487452,-16.68310540460154,
2000-11-17,True,2000-11-10,136.625,136.64063,0.011440073193047517,0.02059213174748553,89.21564388427589,108.1156954487452,-17.481320807328405,
2000-11-20,True,2000-11-10,136.625,134.6875,-1.418115279048493,-2.5526075022872874,86.92041989789112,108.1156954487452,-19.604254001124378,
2000-11-21,True,2000-11-10,136.625,135.375,-0.9149130832570851,-1.6468435498627532,87.72833667283163,108.1156954487452,-18.85698342992085,
2000-11-22,True,2000-11-10,136.625,132.14063,-3.282247026532492,-5.908044647758486,83.92746135739263,108.1156954487452,-22.37254636429692,
2000-11-24,True,2000-11-10,136.625,134.84375,-1.3037511436413518,-2.3467520585544333,87.10403734674124,108.1156954487452,-19.434419780396304,RAW_DECISION
2000-11-27,False,,,136.03125,,,87.10403734674124,108.1156954487452,-19.434419780396304,
2000-11-28,False,,,133.6875,,,87.10403734674124,108.1156954487452,-19.434419780396304,
2000-11-29,False,,,133.4375,,,87.10403734674124,108.1156954487452,-19.434419780396304,
2000-11-30,False,,,132.28125,,,87.10403734674124,108.1156954487452,-19.434419780396304,
2000-12-01,False,,,132.21875,,,87.10403734674124,108.1156954487452,-19.434419780396304,
2000-12-04,False,,,133.34375,,,87.10403734674124,108.1156954487452,-19.434419780396304,
2000-12-05,False,,,137.71875,,,87.10403734674124,108.1156954487452,-19.434419780396304,
2000-12-06,False,,,135.51563,,,87.10403734674124,108.1156954487452,-19.434419780396304,
2000-12-07,False,,,133.65625,,,87.10403734674124,108.1156954487452,-19.434419780396304,
2000-12-08,False,,,133.96875,,,87.10403734674124,108.1156954487452,-19.434419780396304,
2000-12-11,False,,,138.625,,,87.10403734674124,108.1156954487452,-19.434419780396304,
2000-12-12,False,,,138.03125,,,87.10403734674124,108.1156954487452,-19.434419780396304,
2000-12-13,False,,,136.14063,,,87.10403734674124,108.1156954487452,-19.434419780396304,
2000-12-14,False,,,134.40625,,,87.10403734674124,108.1156954487452,-19.434419780396304,
2000-12-15,False,,,130.96875,,,87.10403734674124,108.1156954487452,-19.434419780396304,
2000-12-18,False,,,132.71875,,,87.10403734674124,108.1156954487452,-19.434419780396304,
2000-12-19,False,,,130.01563,,,87.10403734674124,108.1156954487452,-19.434419780396304,
2000-12-20,False,,,126.25,,,87.10403734674124,108.1156954487452,-19.434419780396304,
2000-12-21,False,,,127.125,,,87.10403734674124,108.1156954487452,-19.434419780396304,
2000-12-22,False,,,130.9375,,,87.10403734674124,108.1156954487452,-19.434419780396304,
2000-12-26,True,2000-12-26,132.34375,132.34375,0.0,0.0,87.10403734674124,108.1156954487452,-19.434419780396304,
2000-12-27,True,2000-12-26,132.34375,133.3125,0.7319952774498262,1.3175914994096871,88.25171273846453,108.1156954487452,-18.372894543972716,
2000-12-28,True,2000-12-26,132.34375,133.71875,1.0389610389610393,1.8701298701298708,88.73299596725172,108.1156954487452,-17.92773879966605,
2000-12-29,True,2000-12-26,132.34375,131.1875,-0.8736717827626972,-1.572609208972855,85.73423123403923,108.1156954487452,-20.70140151419221,
2001-01-02,True,2000-12-26,132.34375,128.8125,-2.6682408500590338,-4.802833530106261,82.92057543497566,108.1156954487452,-23.303850480908096,RAW_DECISION
2001-01-03,False,,,135.0,,,82.92057543497566,108.1156954487452,-23.303850480908096,
2001-01-04,False,,,133.54688,,,82.92057543497566,108.1156954487452,-23.303850480908096,
2001-01-05,False,,,129.1875,,,82.92057543497566,108.1156954487452,-23.303850480908096,
2001-01-08,False,,,130.1875,,,82.92057543497566,108.1156954487452,-23.303850480908096,
2001-01-09,False,,,129.84375,,,82.92057543497566,108.1156954487452,-23.303850480908096,
2001-01-10,False,,,132.125,,,82.92057543497566,108.1156954487452,-23.303850480908096,
2001-01-11,False,,,132.25,,,82.92057543497566,108.1156954487452,-23.303850480908096,
2001-01-12,False,,,132.0,,,82.92057543497566,108.1156954487452,-23.303850480908096,
2001-01-16,False,,,132.84375,,,82.92057543497566,108.1156954487452,-23.303850480908096,
2001-01-17,False,,,133.45313,,,82.92057543497566,108.1156954487452,-23.303850480908096,
2001-01-18,False,,,134.78125,,,82.92057543497566,108.1156954487452,-23.303850480908096,
2001-01-19,False,,,134.01563,,,82.92057543497566,108.1156954487452,-23.303850480908096,
2001-01-22,False,,,134.90625,,,82.92057543497566,108.1156954487452,-23.303850480908096,
2001-01-23,False,,,135.96875,,,82.92057543497566,108.1156954487452,-23.303850480908096,
2001-01-24,False,,,136.375,,,82.92057543497566,108.1156954487452,-23.303850480908096,
2001-01-25,False,,,136.03125,,,82.92057543497566,108.1156954487452,-23.303850480908096,
2001-01-26,True,2001-01-26,135.875,135.875,0.0,0.0,82.92057543497566,108.1156954487452,-23.303850480908096,
2001-01-29,True,2001-01-26,135.875,136.60001,0.5335860165593287,0.9604548298067916,83.71699010664447,108.1156954487452,-22.567218608576134,
2001-01-30,True,2001-01-26,135.875,137.8,1.4167433302668009,2.5501379944802416,85.03516453438463,108.1156954487452,-21.347992831718344,
2001-01-31,True,2001-01-26,135.875,137.02,0.8426862925483114,1.5168353265869605,84.17834401618255,108.1156954487452,-22.14049619087056,
2001-02-01,True,2001-01-26,135.875,137.92999,1.5124121435142523,2.7223418583256542,85.1779569692065,108.1156954487452,-21.215919098825818,
2001-02-02,True,2001-01-26,135.875,134.8,-0.7911683532658587,-1.4241030358785456,81.73970100283822,108.1156954487452,-24.39608267461143,
2001-02-05,True,2001-01-26,135.875,135.78999,-0.06256485740571138,-0.11261674333028049,82.82719298337005,108.1156954487452,-23.39022318675623,
2001-02-06,True,2001-01-26,135.875,135.39,-0.3569457221711203,-0.6425022999080165,82.38780883070898,108.1156954487452,-23.796625005509153,
2001-02-07,True,2001-01-26,135.875,134.69,-0.8721251149954035,-1.5698252069917262,81.61886734001482,108.1156954487452,-24.507845968850873,
2001-02-08,True,2001-01-26,135.875,133.12,-2.027598896044158,-3.649678012879485,79.89424142517221,108.1156954487452,-26.10301298663156,
2001-02-09,True,2001-01-26,135.875,131.84,-2.969641214351426,-5.3453541858325675,78.48817698504574,108.1156954487452,-27.403531319599274,
2001-02-12,True,2001-01-26,135.875,133.35001,-1.8583183072677145,-3.344972953081886,80.14690461413586,108.1156954487452,-25.869315938376957,
2001-02-13,True,2001-01-26,135.875,132.25999,-2.6605409383624767,-4.788973689052458,78.94953089458379,108.1156954487452,-26.976808901893733,
2001-02-14,True,2001-01-26,135.875,132.06,-2.8077276908923587,-5.053909843606246,78.72984431069249,108.1156954487452,-27.180004731120444,
2001-02-15,True,2001-01-26,135.875,133.34,-1.8656853725850908,-3.3582336706531635,80.13590875081896,108.1156954487452,-25.87948639815273,
2001-02-16,True,2001-01-26,135.875,130.39999,-4.029446182152707,-7.253003127874873,76.90634350502503,108.1156954487452,-28.866624604487424,
2001-02-20,True,2001-01-26,135.875,128.39,-5.508739650413997,-9.915731370745194,74.69839392376734,108.1156954487452,-30.90883463892633,
2001-02-21,True,2001-01-26,135.875,125.62,-7.5473781048758015,-13.585280588776444,71.65558259630619,108.1156954487452,-33.72323759386424,
2001-02-22,True,2001-01-26,135.875,125.81,-7.407543698252073,-13.333578656853732,71.86429528663744,108.1156954487452,-33.53019190381437,
2001-02-23,True,2001-01-26,135.875,124.96,-8.033118675252993,-14.459613615455387,70.93058061936595,108.1156954487452,-34.39381735930074,
2001-02-26,True,2001-01-26,135.875,127.62,-6.075436982520699,-10.935786568537258,73.85255828400379,108.1156954487452,-31.69117769860219,
2001-02-27,True,2001-01-26,135.875,126.44,-6.943882244710209,-12.498988040478377,72.5563426282622,108.1156954487452,-32.89009303680681,
2001-02-28,True,2001-01-26,135.875,123.95,-8.776448942042315,-15.797608095676166,69.82110789707869,108.1156954487452,-35.42000760640804,
2001-03-01,True,2001-01-26,135.875,124.6,-8.298068077276909,-14.936522539098437,70.53512499558039,108.1156954487452,-34.7595881404479,
2001-03-02,True,2001-01-26,135.875,123.61,-9.02667893284269,-16.248022079116843,69.44762203017008,108.1156954487452,-35.7654577886026,
2001-03-05,True,2001-01-26,135.875,124.74,-8.19503219871206,-14.751057957681708,70.68891329371921,108.1156954487452,-34.61734394777957,
2001-03-06,True,2001-01-26,135.875,126.08,-7.208831646734137,-12.975896964121448,72.16088700447662,108.1156954487452,-33.25586381795399,
2001-03-07,True,2001-01-26,135.875,126.98,-6.546458141674327,-11.783624655013789,73.14952606394056,108.1156954487452,-32.341436865086045,
2001-03-08,True,2001-01-26,135.875,127.12,-6.443422263109477,-11.59816007359706,73.30331436207938,108.1156954487452,-32.19919267241772,
2001-03-09,True,2001-01-26,135.875,123.36,-9.210671573137075,-16.579208831646735,69.17300006920787,108.1156954487452,-36.01946527551038,
2001-03-12,True,2001-01-26,135.875,118.08,-13.09659613615456,-23.57387304507821,63.37298425368619,108.1156954487452,-41.38410339900218,
2001-03-13,True,2001-01-26,135.875,120.02,-11.6688132474701,-21.00386384544618,65.50405067075287,108.1156954487452,-39.413005300597995,
2001-03-14,True,2001-01-26,135.875,117.65,-13.413063477460895,-24.14351425942961,62.90063448083122,108.1156954487452,-41.8209962764835,
2001-03-15,True,2001-01-26,135.875,117.68,-13.390984360625568,-24.103771849126023,62.93358911614669,108.1156954487452,-41.79051537805457,
2001-03-16,True,2001-01-26,135.875,115.01,-15.356025758969638,-27.64084636614535,60.000626573070384,108.1156954487452,-44.50331533822941,
2001-03-19,True,2001-01-26,135.875,117.35,-13.63385464581417,-24.540938362465507,62.571088127676575,108.1156954487452,-42.12580526077282,
2001-03-20,True,2001-01-26,135.875,114.2,-15.952161913523454,-28.71389144434222,59.110851419552844,108.1156954487452,-45.326299595810546,
2001-03-21,True,2001-01-26,135.875,112.26,-17.379944802207902,-31.283900643974224,56.979785002486175,108.1156954487452,-47.29739769421472,
2001-03-22,True,2001-01-26,135.875,111.12,-18.21895124195032,-32.79411223551058,55.727508860498524,108.1156954487452,-48.4556718345141,
2001-03-23,True,2001-01-26,135.875,114.48,-15.746090156393745,-28.34296228150874,59.41842801583051,108.1156954487452,-45.04181121047386,
2001-03-26,True,2001-01-26,135.875,115.94,-14.671573137074523,-26.408831646734143,61.02222026784975,108.1156954487452,-43.55840748693258,
2001-03-27,True,2001-01-26,135.875,118.31,-12.927322907083717,-23.26918123275069,63.62563645777143,108.1156954487452,-41.15041651104704,
2001-03-28,True,2001-01-26,135.875,115.04,-15.333946642134311,-27.60110395584176,60.03358120838584,108.1156954487452,-44.47283443980048,
2001-03-29,True,2001-01-26,135.875,115.48,-15.010119595216187,-27.01821527138914,60.51691585967931,108.1156954487452,-44.025781262842834,
2001-03-30,True,2001-01-26,135.875,116.69,-14.11959521619135,-25.41527138914443,61.84608615073636,108.1156954487452,-42.79638502620929,
2001-04-02,True,2001-01-26,135.875,114.2,-15.952161913523454,-28.71389144434222,59.110851419552844,108.1156954487452,-45.326299595810546,
2001-04-03,True,2001-01-26,135.875,110.39,-18.75620975160993,-33.76117755289788,54.925612734488915,108.1156954487452,-49.19737369628474,
2001-04-04,True,2001-01-26,135.875,110.85,-18.417663293468266,-33.15179392824288,55.43091714265935,108.1156954487452,-48.72999992037448,
2001-04-05,True,2001-01-26,135.875,115.05,-15.326586936522546,-27.587856485740584,60.04456608682432,108.1156954487452,-44.46267414032419,
2001-04-06,True,2001-01-26,135.875,113.3,-16.614535418583255,-29.90616375344986,58.12221236008892,108.1156954487452,-46.24072654867847,
2001-04-09,True,2001-01-26,135.875,114.56,-15.687212511499538,-28.23698252069917,59.50630704333841,108.1156954487452,-44.960528814663384,
2001-04-10,True,2001-01-26,135.875,116.65,-14.149034038638453,-25.468261269549217,61.80214663698241,108.1156954487452,-42.83702622411454,
2001-04-11,True,2001-01-26,135.875,116.73,-14.090156393744246,-25.362281508739645,61.89002566449032,108.1156954487452,-42.75574382830405,
2001-04-12,True,2001-01-26,135.875,118.85,-12.529898804047846,-22.553817847286123,64.21881989344978,108.1156954487452,-40.60176033932629,
2001-04-16,True,2001-01-26,135.875,117.6,-13.449862005519787,-24.209751609935616,62.84571008863877,108.1156954487452,-41.87179777386507,
2001-04-17,True,2001-01-26,135.875,119.26,-12.228150873965038,-22.01067157313707,64.66919990942779,108.1156954487452,-40.18518806079756,
2001-04-18,True,2001-01-26,135.875,124.0,-8.739650413983435,-15.731370745170183,69.87603228927112,108.1156954487452,-35.36920610902651,
2001-04-19,True,2001-01-26,135.875,125.65,-7.525298988040474,-13.545538178472853,71.68853723162164,108.1156954487452,-33.69275669543532,
2001-04-20,True,2001-01-26,135.875,124.5,-8.371665133394668,-15.068997240110402,70.42527621119551,108.1156954487452,-34.861191135211,
2001-04-23,True,2001-01-26,135.875,122.24,-10.03495860165594,-18.062925482980695,67.94269368409721,108.1156954487452,-37.157418816857124,
2001-04-24,True,2001-01-26,135.875,121.58,-10.52069917203312,-18.937258509659618,67.21769170715702,108.1156954487452,-37.82799858229359,
2001-04-25,True,2001-01-26,135.875,123.17,-9.350505979760804,-16.83091076356945,68.96428737887662,108.1156954487452,-36.21251096556025,
2001-04-26,True,2001-01-26,135.875,123.72,-8.945722171113157,-16.102299908003683,69.56845569299345,108.1156954487452,-35.653694494363194,
2001-04-27,True,2001-01-26,135.875,125.78,-7.4296228150874,-13.37332106715732,71.83134065132198,108.1156954487452,-33.560672802243296,
2001-04-30,True,2001-01-26,135.875,126.66,-6.781968721251152,-12.207543698252074,72.79800995390893,108.1156954487452,-32.666566448327984,
2001-05-01,True,2001-01-26,135.875,127.05,-6.494940202391907,-11.690892364305434,73.22642021300996,108.1156954487452,-32.270314768751895,
2001-05-02,True,2001-01-26,135.875,126.82,-6.664213431462751,-11.995584176632953,72.97376800892472,108.1156954487452,-32.50400165670704,
2001-05-03,True,2001-01-26,135.875,125.21,-7.8491260349586085,-14.128426862925496,71.20520258032815,108.1156954487452,-34.13980987239299,
2001-05-04,True,2001-01-26,135.875,127.34,-6.28150873965041,-11.306715731370739,73.54498168772612,108.1156954487452,-31.97566608393889,
2001-05-07,True,2001-01-26,135.875,126.24,-7.091076356945725,-12.763937442502305,72.33664505949244,108.1156954487452,-33.093299026333014,
2001-05-08,True,2001-01-26,135.875,126.18,-7.135234590616369,-12.843422263109463,72.27073578886151,108.1156954487452,-33.154260823190874,
2001-05-09,True,2001-01-26,135.875,125.65,-7.525298988040474,-13.545538178472853,71.68853723162164,108.1156954487452,-33.69275669543532,
2001-05-10,True,2001-01-26,135.875,126.02,-7.252989880404792,-13.055381784728626,72.0949777338457,108.1156954487452,-33.31682561481184,
2001-05-11,True,2001-01-26,135.875,125.15,-7.893284268629253,-14.207911683532656,71.13929330969724,108.1156954487452,-34.20077166925084,
2001-05-14,True,2001-01-26,135.875,125.4,-7.709291628334858,-13.876724931002745,71.41391527065946,108.1156954487452,-33.94676418234306,
2001-05-15,True,2001-01-26,135.875,125.98,-7.282428702851885,-13.108371665133392,72.05103822009175,108.1156954487452,-33.35746681271707,
2001-05-16,True,2001-01-26,135.875,128.95,-5.096596136154563,-9.173873045078214,75.31354711632268,108.1156954487452,-30.33985786825295,
2001-05-17,True,2001-01-26,135.875,129.14999,-4.949409383624648,-8.908936890524366,75.53323370021403,108.1156954487452,-30.136662039026195,
2001-05-18,True,2001-01-26,135.875,129.74001,-4.515172033118664,-8.127309659613596,76.18136349784172,108.1156954487452,-29.537184049324928,
2001-05-21,True,2001-01-26,135.875,131.64999,-3.1094829806807667,-5.59706936522538,78.27945330983603,108.1156954487452,-27.59658716994865,
2001-05-22,True,2001-01-26,135.875,131.48,-3.2345906163753546,-5.822263109475639,78.09272136126016,108.1156954487452,-27.76930210074645,
2001-05-23,True,2001-01-26,135.875,129.25,-4.875804967801289,-8.776448942042322,75.64309346947734,108.1156954487452,-30.035048883963633,
2001-05-24,True,2001-01-26,135.875,129.63,-4.59613615455382,-8.273045078196876,76.06051885013989,108.1156954487452,-29.648957503863837,
2001-05-25,True,2001-01-26,135.875,128.10001,-5.722163753449861,-10.29989475620975,74.37984343392965,108.1156954487452,-31.20347316343983,
2001-05-29,True,2001-01-26,135.875,127.08,-6.4728610855565805,-11.651149954001845,73.25937484832542,108.1156954487452,-32.23983387032297,
2001-05-30,True,2001-01-26,135.875,125.3,-7.782888684452627,-14.00919963201473,71.30406648627456,108.1156954487452,-34.04836717710617,
2001-05-31,True,2001-01-26,135.875,125.95,-7.3045078196872115,-13.14811407543698,72.01808358477629,108.1156954487452,-33.387947711146005,
2001-06-01,True,2001-01-26,135.875,126.73,-6.730450781968722,-12.1148114075437,72.87490410297835,108.1156954487452,-32.59544435199382,
2001-06-04,True,2001-01-26,135.875,127.34,-6.28150873965041,-11.306715731370739,73.54498168772612,108.1156954487452,-31.97566608393889,
2001-06-05,True,2001-01-26,135.875,128.8,-5.206991720331178,-9.37258509659612,75.14877393974538,108.1156954487452,-30.492262360397582,
2001-06-06,True,2001-01-26,135.875,127.73,-5.994480220791165,-10.790064397424098,73.97339194682716,108.1156954487452,-31.579414404362783,
2001-06-07,True,2001-01-26,135.875,128.19,-5.655933762649501,-10.180680772769103,74.4786963549976,108.1156954487452,-31.11204062845253,
2001-06-08,True,2001-01-26,135.875,127.0,-6.531738730450787,-11.757129714811416,73.17149582081751,108.1156954487452,-32.32111626613345,
2001-06-11,True,2001-01-26,135.875,126.1,-7.194112235510586,-12.949402023919054,72.18285676135359,108.1156954487452,-33.23554321900137,
2001-06-12,True,2001-01-26,135.875,125.88,-7.356025758969642,-13.240846366145355,71.94118943570687,108.1156954487452,-33.45906980748018,
2001-06-13,True,2001-01-26,135.875,124.8,-8.150873965041406,-14.67157313707453,70.75482256435015,108.1156954487452,-34.55638215092169,
2001-06-14,True,2001-01-26,135.875,122.0,-10.211591536338549,-18.380864765409388,67.6790566015735,108.1156954487452,-37.40126600428856,
2001-06-15,True,2001-01-26,135.875,121.85,-10.321987120515185,-18.579576816927336,67.51428342499618,108.1156954487452,-37.55367049643322,
2001-06-18,True,2001-01-26,135.875,121.26,-10.756209751609935,-19.361177552897885,66.8661755971254,108.1156954487452,-38.15312816553551,
2001-06-19,True,2001-01-26,135.875,121.79,-10.366145354185829,-18.659061637534492,67.44837415436527,108.1156954487452,-37.61463229329106,
2001-06-20,True,2001-01-26,135.875,122.43,-9.89512419503219,-17.811223551057942,68.1514063744285,108.1156954487452,-36.9643731268072,
2001-06-21,True,2001-01-26,135.875,123.82,-8.872125114995411,-15.96982520699174,69.67830447737832,108.1156954487452,-35.5520914996001,
2001-06-22,True,2001-01-26,135.875,122.85,-9.58601655933763,-17.254829806807734,68.61277126884498,108.1156954487452,-36.537640548802194,
2001-06-25,True,2001-01-26,135.875,121.72,-10.41766329346826,-18.75179392824287,67.37148000529585,108.1156954487452,-37.68575438962524,
2001-06-26,True,2001-01-26,135.875,121.55,-10.542778288868448,-18.977000919963206,67.18473707184154,108.1156954487452,-37.85847948072253,
2001-06-27,True,2001-01-26,135.875,121.48,-10.594296228150867,-19.06973321067156,67.10784292277215,108.1156954487452,-37.92960157705667,
2001-06-28,True,2001-01-26,135.875,122.15,-10.101195952161913,-18.182152713891444,67.84382977815083,108.1156954487452,-37.248861512143904,
2001-06-29,True,2001-01-26,135.875,122.6,-9.770009199632025,-17.586016559337644,68.33814930788277,108.1156954487452,-36.791648035709954,
2001-07-02,True,2001-01-26,135.875,124.13,-8.64397424103036,-15.559153633854649,70.01883570897147,108.1156954487452,-35.23712221583447,
2001-07-03,True,2001-01-26,135.875,124.1,-8.666053357865689,-15.59889604415824,69.98588107365599,108.1156954487452,-35.267603114263416,
2001-07-05,True,2001-01-26,135.875,121.68,-10.447102115915364,-18.804783808647656,67.3275404915419,108.1156954487452,-37.72639558753048,
2001-07-06,True,2001-01-26,135.875,119.05,-12.382704691812329,-22.288868445262192,64.43851746221954,108.1156954487452,-40.39855434980009,
2001-07-09,True,2001-01-26,135.875,119.7,-11.904323827046914,-21.427782888684447,65.15253456072126,108.1156954487452,-39.73813488383991,
2001-07-10,True,2001-01-26,135.875,118.26,-12.964121435142594,-23.335418583256672,63.57071206557898,108.1156954487452,-41.2012180084286,
2001-07-11,True,2001-01-26,135.875,118.38,-12.875804967801297,-23.176448942042335,63.702530606840824,108.1156954487452,-41.079294414712884,
2001-07-12,True,2001-01-26,135.875,121.19,-10.807727690892365,-19.453909843606258,66.78928144805597,108.1156954487452,-38.2242502618697,
2001-07-13,True,2001-01-26,135.875,122.24,-10.03495860165594,-18.062925482980695,67.94269368409721,108.1156954487452,-37.157418816857124,
2001-07-16,True,2001-01-26,135.875,120.71,-11.160993560257593,-20.08978840846367,66.26200728300854,108.1156954487452,-38.71194463673259,
2001-07-17,True,2001-01-26,135.875,121.84,-10.329346826126951,-18.592824287028513,67.50329854655772,108.1156954487452,-37.5638307959095,RAW_DECISION
2001-07-18,True,2001-07-18,121.01,121.01,0.0,0.0,67.50329854655772,108.1156954487452,-37.5638307959095,
2001-07-19,True,2001-07-18,121.01,122.07,0.8759606644078932,1.5767291959342078,68.56764276295992,108.1156954487452,-36.57938148724573,
2001-07-20,True,2001-07-18,121.01,121.34,0.2727047351458456,0.49086852326252206,67.8346509912867,108.1156954487452,-37.257351294155704,
2001-07-23,True,2001-07-18,121.01,118.95,-1.7023386496983761,-3.064209569457077,65.43485601279491,108.1156954487452,-39.47700586746367,
2001-07-24,True,2001-07-18,121.01,117.8,-2.652673332782418,-4.774811999008353,64.28014294783024,108.1156954487452,-40.545040494787585,
2001-07-25,True,2001-07-18,121.01,119.1,-1.578381951904806,-2.8410875134286506,65.585470760399,108.1156954487452,-39.3376970030301,
2001-07-26,True,2001-07-18,121.01,120.35,-0.5454094702917245,-0.9817370465251041,66.84059365709972,108.1156954487452,-38.176789799417165,
2001-07-27,True,2001-07-18,121.01,120.81,-0.16527559705810102,-0.29749607470458184,67.30247888308558,108.1156954487452,-37.74957594848759,
2001-07-30,True,2001-07-18,121.01,120.85,-0.13222047764648304,-0.23799685976366947,67.34264281578001,108.1156954487452,-37.712426917971975,
2001-07-31,True,2001-07-18,121.01,121.35,0.2809685149987473,0.5057433269977452,67.8446919744603,108.1156954487452,-37.2480640365268,
2001-08-01,True,2001-07-18,121.01,122.11,0.9090157838195223,1.6362284108751401,68.60780669565436,108.1156954487452,-36.542232456730105,
2001-08-02,True,2001-07-18,121.01,122.61,1.3222047764647415,2.379968597636535,69.10985585433463,108.1156954487452,-36.07786957528495,
2001-08-03,True,2001-07-18,121.01,121.94,0.7685315263201264,1.3833567473762276,68.43710998170303,108.1156954487452,-36.700115836421496,
2001-08-06,True,2001-07-18,121.01,120.3,-0.5867283695562442,-1.0561110652012395,66.7903887412317,108.1156954487452,-38.22322608756168,
2001-08-07,True,2001-07-18,121.01,120.77,-0.198330716469719,-0.3569952896454942,67.26231495039117,108.1156954487452,-37.786724979003196,
2001-08-08,True,2001-07-18,121.01,118.53,-2.0494174035203705,-3.688951326336667,65.01313471950347,108.1156954487452,-39.867070687877614,
2001-08-09,True,2001-07-18,121.01,118.88,-1.7601851086687104,-3.1683331956036787,65.36456913057967,108.1156954487452,-39.542016670866,
2001-08-10,True,2001-07-18,121.01,119.29,-1.4213701346996066,-2.558466242459292,65.77624944069753,108.1156954487452,-39.16123910808093,
2001-08-13,True,2001-07-18,121.01,119.32,-1.3965787951409125,-2.5138418312536426,65.80637239021831,108.1156954487452,-39.13337733519424,
2001-08-14,True,2001-07-18,121.01,119.27,-1.4378976944054322,-2.588215849929778,65.75616747435029,108.1156954487452,-39.17981362333875,
2001-08-15,True,2001-07-18,121.01,118.24,-2.2890670192546203,-4.1203206346583165,64.72194620746889,108.1156954487452,-40.136401159115835,
2001-08-16,True,2001-07-18,121.01,118.65,-1.9502520452855165,-3.51045368151393,65.13362651758675,108.1156954487452,-39.75562359633076,
2001-08-17,True,2001-07-18,121.01,116.75,-3.5203702173374096,-6.336666391207338,63.22583971460164,108.1156954487452,-41.52020254582246,
2001-08-20,True,2001-07-18,121.01,117.83,-2.627881993223702,-4.730187587802663,64.31026589735107,108.1156954487452,-40.51717872190086,
2001-08-21,True,2001-07-18,121.01,115.82,-4.288901743657558,-7.7200231385836044,62.29202827945629,108.1156954487452,-42.38391750531051,
2001-08-22,True,2001-07-18,121.01,117.02,-3.2972481613089855,-5.935046690356174,63.49694626028899,108.1156954487452,-41.26944658984206,
2001-08-23,True,2001-07-18,121.01,116.6,-3.644326915130991,-6.559788447235784,63.075224966997546,108.1156954487452,-41.65951141025602,
2001-08-24,True,2001-07-18,121.01,119.02,-1.6444921907280419,-2.9600859433104754,65.50514289501015,108.1156954487452,-39.41199506406134,RAW_DECISION
2001-08-27,False,,,118.31,,,65.50514289501015,108.1156954487452,-39.41199506406134,
2001-08-28,False,,,116.58,,,65.50514289501015,108.1156954487452,-39.41199506406134,
2001-08-29,False,,,115.54,,,65.50514289501015,108.1156954487452,-39.41199506406134,
2001-08-30,False,,,113.32,,,65.50514289501015,108.1156954487452,-39.41199506406134,
2001-08-31,False,,,114.15,,,65.50514289501015,108.1156954487452,-39.41199506406134,
2001-09-04,False,,,113.42,,,65.50514289501015,108.1156954487452,-39.41199506406134,
2001-09-05,False,,,113.7,,,65.50514289501015,108.1156954487452,-39.41199506406134,
2001-09-06,False,,,110.77,,,65.50514289501015,108.1156954487452,-39.41199506406134,
2001-09-07,False,,,108.72,,,65.50514289501015,108.1156954487452,-39.41199506406134,
2001-09-10,False,,,110.05,,,65.50514289501015,108.1156954487452,-39.41199506406134,
2001-09-17,False,,,104.3,,,65.50514289501015,108.1156954487452,-39.41199506406134,
2001-09-18,True,2001-09-18,104.05,104.05,0.0,0.0,65.50514289501015,108.1156954487452,-39.41199506406134,
2001-09-19,True,2001-09-18,104.05,101.95,-2.0182604517059,-3.63286881307062,63.125426987819985,108.1156954487452,-41.61307779984074,
2001-09-20,True,2001-09-18,104.05,98.71,-5.132148005766457,-9.237866410379622,59.45386530244083,108.1156954487452,-45.00903402075757,
2001-09-21,True,2001-09-18,104.05,97.28,-6.506487265737626,-11.711677078327726,57.83339208944942,108.1156954487452,-46.50786655035974,
2001-09-24,True,2001-09-18,104.05,100.7,-3.2196059586737102,-5.795290725612679,61.7089294240163,108.1156954487452,-42.923246094947544,
2001-09-25,True,2001-09-18,104.05,101.75,-2.2104757328207603,-3.9788563190773685,62.89878737761138,108.1156954487452,-41.82270472705785,
2001-09-26,True,2001-09-18,104.05,101.39,-2.556463238827489,-4.60163382988948,62.49083607923592,108.1156954487452,-42.2000331960486,
2001-09-27,True,2001-09-18,104.05,102.27,-1.7107160019221523,-3.079288803459874,63.48805036415371,108.1156954487452,-41.27767471629342,
2001-09-28,True,2001-09-18,104.05,104.44,0.37481979817395317,0.6746756367131157,65.94709013491689,108.1156954487452,-39.003222555988025,
2001-10-01,True,2001-09-18,104.05,104.27,0.21143680922632857,0.3805862566073914,65.7544464662396,108.1156954487452,-39.18140544412254,
2001-10-02,True,2001-09-18,104.05,105.58,1.4704469005285992,2.6468044209514785,67.23893591310588,108.1156954487452,-37.808349070850596,
2001-10-03,True,2001-09-18,104.05,107.35,3.171552138394995,5.708793849110991,69.24469646345185,108.1156954487452,-35.953150764979426,
2001-10-04,True,2001-09-18,104.05,107.44,3.25804901489668,5.864488226814024,69.34668428804572,108.1156954487452,-35.85881864773172,
2001-10-05,True,2001-09-18,104.05,107.23,3.0562229697260967,5.501201345506974,69.10871269732672,108.1156954487452,-36.07892692130964,
2001-10-08,True,2001-09-18,104.05,106.53,2.38346948582413,4.290245074483434,68.31547406159666,108.1156954487452,-36.81262116656945,
2001-10-09,True,2001-09-18,104.05,105.96,1.835655934646807,3.3041806823642528,67.66955117250217,108.1156954487452,-37.41005790913816,
2001-10-10,True,2001-09-18,104.05,108.32,4.103796251802017,7.38683325324363,70.34389857296352,108.1156954487452,-34.93646016797653,
2001-10-11,True,2001-09-18,104.05,110.0,5.71840461316675,10.29312830370015,72.24767129871567,108.1156954487452,-33.17559397935299,
2001-10-12,True,2001-09-18,104.05,109.5,5.237866410379621,9.42815953868332,71.68107227319419,108.1156954487452,-33.69966129739572,
2001-10-15,True,2001-09-18,104.05,109.3,5.045651129264783,9.08217203267661,71.45443266298561,108.1156954487452,-33.9092882246128,
2001-10-16,True,2001-09-18,104.05,109.99,5.708793849111005,10.27582892839981,72.23633931820522,108.1156954487452,-33.18607532571386,
2001-10-17,True,2001-09-18,104.05,107.65,3.4598750600672856,6.227775108121114,69.58465587876476,108.1156954487452,-35.63871037415376,
2001-10-18,True,2001-09-18,104.05,107.42,3.238827486785212,5.829889476213381,69.3240203270249,108.1156954487452,-35.8797813404534,
2001-10-19,True,2001-09-18,104.05,107.35,3.171552138394995,5.708793849110991,69.24469646345185,108.1156954487452,-35.953150764979426,
2001-10-22,True,2001-09-18,104.05,109.47,5.209034118212408,9.376261412782334,71.64707633166292,108.1156954487452,-33.73110533647827,
2001-10-23,True,2001-09-18,104.05,108.91,4.67083133109083,8.407496395963495,71.01248542307887,108.1156954487452,-34.31806073268611,
2001-10-24,True,2001-09-18,104.05,108.62,4.392119173474307,7.905814512253753,70.68385798827643,108.1156954487452,-34.62201977715087,
2001-10-25,True,2001-09-18,104.05,110.57,6.266218164344051,11.279192695819292,72.89359418781012,108.1156954487452,-32.57815723678432,
2001-10-26,True,2001-09-18,104.05,110.32,6.025949062950509,10.846708313310916,72.61029467504942,108.1156954487452,-32.84019089580564,
2001-10-29,True,2001-09-18,104.05,107.45,3.2676597789524253,5.881787602114366,69.35801626855617,108.1156954487452,-35.84833730137085,
2001-10-30,True,2001-09-18,104.05,106.16,2.027871215761645,3.6501681883709614,67.89619078271076,108.1156954487452,-37.20043098192107,
2001-10-31,True,2001-09-18,104.05,105.8,1.6818837097549277,3.02739067755887,67.4882394843353,108.1156954487452,-37.57775945091183,
2001-11-01,True,2001-09-18,104.05,108.51,4.286400768861132,7.715521383950037,70.5592062026617,108.1156954487452,-34.73731458712028,
2001-11-02,True,2001-09-18,104.05,109.25,4.997597308986057,8.995675156174903,71.39777276043344,108.1156954487452,-33.96169495641709,
2001-11-05,True,2001-09-18,104.05,110.68,6.371936568957248,11.469485824123048,73.01824597342488,108.1156954487452,-32.46286242681489,
2001-11-06,True,2001-09-18,104.05,112.4,8.02498798654494,14.444978375780892,74.96734662121874,108.1156954487452,-30.660070852747946,
2001-11-07,True,2001-09-18,104.05,112.25,7.880826525708806,14.185487746275852,74.79736691356231,108.1156954487452,-30.817291048160744,
2001-11-08,True,2001-09-18,104.05,112.6,8.217203267659778,14.790965881787601,75.19398623142733,108.1156954487452,-30.450443925530855,
2001-11-09,True,2001-09-18,104.05,112.72,8.332532436328698,14.998558385391657,75.32996999755248,108.1156954487452,-30.324667769200598,
2001-11-12,True,2001-09-18,104.05,112.03,7.669389716482455,13.80490148966842,74.54806334233284,108.1156954487452,-31.04788066809956,
2001-11-13,True,2001-09-18,104.05,114.55,10.091302258529545,18.16434406535318,77.40372243096105,108.1156954487452,-28.406581385164266,
2001-11-14,True,2001-09-18,104.05,114.66,10.19702066314272,18.354637193656895,77.52837421657577,108.1156954487452,-28.291286575194874,
2001-11-15,True,2001-09-18,104.05,114.87,10.398846708313325,18.717924074963985,77.76634580729481,108.1156954487452,-28.071178301616918,
2001-11-16,True,2001-09-18,104.05,114.36,9.908697741470451,17.835655934646812,77.18841480126291,108.1156954487452,-28.605726966020484,
2001-11-19,True,2001-09-18,104.05,115.77,11.26381547333013,20.274867851994234,78.78622405323345,108.1156954487452,-27.127857129140033,
2001-11-20,True,2001-09-18,104.05,114.8,10.331571359923108,18.596828447861597,77.68702194372179,108.1156954487452,-28.14454772614291,
2001-11-21,True,2001-09-18,104.05,114.04,9.601153291686693,17.282075925036047,76.82579142492916,108.1156954487452,-28.941130049567832,
2001-11-23,True,2001-09-18,104.05,115.68,11.177318596828467,20.11917347429124,78.6842362286396,108.1156954487452,-27.222189246387707,
2001-11-26,True,2001-09-18,104.05,115.93,11.41758769822201,20.55165785679962,78.96753574140033,108.1156954487452,-26.96015558736635,
2001-11-27,True,2001-09-18,104.05,115.43,10.937049495434902,19.686689091782824,78.40093671587886,108.1156954487452,-27.484222905409073,
2001-11-28,True,2001-09-18,104.05,113.34,8.928399807784725,16.071119654012506,76.03255278919912,108.1156954487452,-29.67482429482763,
2001-11-29,True,2001-09-18,104.05,114.87,10.398846708313325,18.717924074963985,77.76634580729481,108.1156954487452,-28.071178301616918,
2001-11-30,True,2001-09-18,104.05,114.05,9.610764055742438,17.29937530033639,76.8371234054396,108.1156954487452,-28.930648703206973,
2001-12-03,True,2001-09-18,104.05,113.37,8.957232099951963,16.123017779913532,76.0665487307304,108.1156954487452,-29.643380255745065,
2001-12-04,True,2001-09-18,104.05,115.29,10.802498798654492,19.444497837578087,78.24228898873284,108.1156954487452,-27.630961754461037,
2001-12-05,True,2001-09-18,104.05,117.4,12.83037001441616,23.09466602594909,80.63333687643348,108.1156954487452,-25.41939767232074,
2001-12-06,True,2001-09-18,104.05,117.34,12.772705430081688,22.99086977414704,80.56534499337087,108.1156954487452,-25.4822857504859,
2001-12-07,True,2001-09-18,104.05,116.56,12.023065833733781,21.641518500720807,79.68145051355738,108.1156954487452,-26.29983076663254,
2001-12-10,True,2001-09-18,104.05,114.38,9.92791926958192,17.870254685247456,77.21107876228375,108.1156954487452,-28.584764273298802,
2001-12-11,True,2001-09-18,104.05,114.15,9.706871696299867,17.47236905333976,76.9504432105439,108.1156954487452,-28.82583523959843,
2001-12-12,True,2001-09-18,104.05,114.28,9.83181162902451,17.69726093224412,77.09775895717948,108.1156954487452,-28.689577736907314,
2001-12-13,True,2001-09-18,104.05,112.06,7.698222008649691,13.856799615569445,74.58205928386414,108.1156954487452,-31.016436629016987,
2001-12-14,True,2001-09-18,104.05,113.13,8.72657376261412,15.707832772705416,75.79458119848007,108.1156954487452,-29.894932568405586,RAW_DECISION
2001-12-17,False,,,114.3,,,75.79458119848007,108.1156954487452,-29.894932568405586,
2001-12-18,False,,,114.98,,,75.79458119848007,108.1156954487452,-29.894932568405586,
2001-12-19,False,,,115.79,,,75.79458119848007,108.1156954487452,-29.894932568405586,
2001-12-20,False,,,114.65,,,75.79458119848007,108.1156954487452,-29.894932568405586,
2001-12-21,False,,,114.95,,,75.79458119848007,108.1156954487452,-29.894932568405586,
2001-12-24,False,,,114.73,,,75.79458119848007,108.1156954487452,-29.894932568405586,
2001-12-26,False,,,115.36,,,75.79458119848007,108.1156954487452,-29.894932568405586,
2001-12-27,False,,,116.06,,,75.79458119848007,108.1156954487452,-29.894932568405586,
2001-12-28,False,,,116.0,,,75.79458119848007,108.1156954487452,-29.894932568405586,
2001-12-31,False,,,114.3,,,75.79458119848007,108.1156954487452,-29.894932568405586,
2002-01-02,False,,,115.53,,,75.79458119848007,108.1156954487452,-29.894932568405586,
2002-01-03,False,,,116.84,,,75.79458119848007,108.1156954487452,-29.894932568405586,
2002-01-04,False,,,117.62,,,75.79458119848007,108.1156954487452,-29.894932568405586,
2002-01-07,False,,,116.79,,,75.79458119848007,108.1156954487452,-29.894932568405586,
2002-01-08,False,,,116.52,,,75.79458119848007,108.1156954487452,-29.894932568405586,
2002-01-09,False,,,115.57,,,75.79458119848007,108.1156954487452,-29.894932568405586,
2002-01-10,False,,,116.08,,,75.79458119848007,108.1156954487452,-29.894932568405586,
2002-01-11,False,,,114.94,,,75.79458119848007,108.1156954487452,-29.894932568405586,
2002-01-14,False,,,114.22,,,75.79458119848007,108.1156954487452,-29.894932568405586,
2002-01-15,False,,,115.15,,,75.79458119848007,108.1156954487452,-29.894932568405586,
2002-01-16,False,,,112.82,,,75.79458119848007,108.1156954487452,-29.894932568405586,
2002-01-17,False,,,113.67,,,75.79458119848007,108.1156954487452,-29.894932568405586,
2002-01-18,False,,,113.15,,,75.79458119848007,108.1156954487452,-29.894932568405586,
2002-01-22,False,,,112.37,,,75.79458119848007,108.1156954487452,-29.894932568405586,
2002-01-23,False,,,113.23,,,75.79458119848007,108.1156954487452,-29.894932568405586,
2002-01-24,False,,,113.58,,,75.79458119848007,108.1156954487452,-29.894932568405586,
2002-01-25,False,,,113.55,,,75.79458119848007,108.1156954487452,-29.894932568405586,
2002-01-28,False,,,113.86,,,75.79458119848007,108.1156954487452,-29.894932568405586,
2002-01-29,False,,,110.28,,,75.79458119848007,108.1156954487452,-29.894932568405586,
2002-01-30,False,,,111.87,,,75.79458119848007,108.1156954487452,-29.894932568405586,
2002-01-31,False,,,113.18,,,75.79458119848007,108.1156954487452,-29.894932568405586,
2002-02-01,False,,,112.65,,,75.79458119848007,108.1156954487452,-29.894932568405586,
2002-02-04,False,,,109.85,,,75.79458119848007,108.1156954487452,-29.894932568405586,
2002-02-05,False,,,109.17,,,75.79458119848007,108.1156954487452,-29.894932568405586,
2002-02-06,False,,,108.7,,,75.79458119848007,108.1156954487452,-29.894932568405586,
2002-02-07,False,,,108.02,,,75.79458119848007,108.1156954487452,-29.894932568405586,
2002-02-08,False,,,110.09,,,75.79458119848007,108.1156954487452,-29.894932568405586,
2002-02-11,False,,,111.44,,,75.79458119848007,108.1156954487452,-29.894932568405586,
2002-02-12,False,,,111.09,,,75.79458119848007,108.1156954487452,-29.894932568405586,
2002-02-13,False,,,112.27,,,75.79458119848007,108.1156954487452,-29.894932568405586,
2002-02-14,False,,,112.06,,,75.79458119848007,108.1156954487452,-29.894932568405586,
2002-02-15,False,,,110.89,,,75.79458119848007,108.1156954487452,-29.894932568405586,
2002-02-19,False,,,108.76,,,75.79458119848007,108.1156954487452,-29.894932568405586,
2002-02-20,False,,,110.59,,,75.79458119848007,108.1156954487452,-29.894932568405586,
2002-02-21,False,,,108.3,,,75.79458119848007,108.1156954487452,-29.894932568405586,
2002-02-22,False,,,109.64,,,75.79458119848007,108.1156954487452,-29.894932568405586,
2002-02-25,False,,,111.45,,,75.79458119848007,108.1156954487452,-29.894932568405586,
2002-02-26,False,,,111.22,,,75.79458119848007,108.1156954487452,-29.894932568405586,
2002-02-27,False,,,111.65,,,75.79458119848007,108.1156954487452,-29.894932568405586,
2002-02-28,False,,,111.15,,,75.79458119848007,108.1156954487452,-29.894932568405586,
2002-03-01,False,,,113.74,,,75.79458119848007,108.1156954487452,-29.894932568405586,
2002-03-04,False,,,115.75,,,75.79458119848007,108.1156954487452,-29.894932568405586,
2002-03-05,False,,,115.38,,,75.79458119848007,108.1156954487452,-29.894932568405586,
2002-03-06,False,,,116.75,,,75.79458119848007,108.1156954487452,-29.894932568405586,
2002-03-07,False,,,116.5,,,75.79458119848007,108.1156954487452,-29.894932568405586,
2002-03-08,False,,,116.99,,,75.79458119848007,108.1156954487452,-29.894932568405586,
2002-03-11,False,,,117.24,,,75.79458119848007,108.1156954487452,-29.894932568405586,
2002-03-12,False,,,117.17,,,75.79458119848007,108.1156954487452,-29.894932568405586,
2002-03-13,False,,,116.04,,,75.79458119848007,108.1156954487452,-29.894932568405586,
2002-03-14,False,,,115.88,,,75.79458119848007,108.1156954487452,-29.894932568405586,
2002-03-15,False,,,116.65,,,75.79458119848007,108.1156954487452,-29.894932568405586,
2002-03-18,False,,,116.67,,,75.79458119848007,108.1156954487452,-29.894932568405586,
2002-03-19,False,,,117.45,,,75.79458119848007,108.1156954487452,-29.894932568405586,
2002-03-20,False,,,115.24,,,75.79458119848007,108.1156954487452,-29.894932568405586,
2002-03-21,False,,,115.29,,,75.79458119848007,108.1156954487452,-29.894932568405586,
2002-03-22,False,,,115.04,,,75.79458119848007,108.1156954487452,-29.894932568405586,
2002-03-25,False,,,113.61,,,75.79458119848007,108.1156954487452,-29.894932568405586,
2002-03-26,False,,,114.27,,,75.79458119848007,108.1156954487452,-29.894932568405586,
2002-03-27,False,,,114.57,,,75.79458119848007,108.1156954487452,-29.894932568405586,
2002-03-28,False,,,114.52,,,75.79458119848007,108.1156954487452,-29.894932568405586,
2002-04-01,False,,,114.57,,,75.79458119848007,108.1156954487452,-29.894932568405586,
2002-04-02,False,,,113.94,,,75.79458119848007,108.1156954487452,-29.894932568405586,
2002-04-03,False,,,113.14,,,75.79458119848007,108.1156954487452,-29.894932568405586,
2002-04-04,False,,,112.67,,,75.79458119848007,108.1156954487452,-29.894932568405586,
2002-04-05,False,,,112.69,,,75.79458119848007,108.1156954487452,-29.894932568405586,
2002-04-08,False,,,112.93,,,75.79458119848007,108.1156954487452,-29.894932568405586,
2002-04-09,False,,,112.14,,,75.79458119848007,108.1156954487452,-29.894932568405586,
2002-04-10,False,,,113.41,,,75.79458119848007,108.1156954487452,-29.894932568405586,
2002-04-11,False,,,110.59,,,75.79458119848007,108.1156954487452,-29.894932568405586,
2002-04-12,False,,,111.42,,,75.79458119848007,108.1156954487452,-29.894932568405586,
2002-04-15,False,,,110.57,,,75.79458119848007,108.1156954487452,-29.894932568405586,
2002-04-16,False,,,113.2,,,75.79458119848007,108.1156954487452,-29.894932568405586,
2002-04-17,False,,,112.96,,,75.79458119848007,108.1156954487452,-29.894932568405586,
2002-04-18,False,,,112.47,,,75.79458119848007,108.1156954487452,-29.894932568405586,
2002-04-19,False,,,112.88,,,75.79458119848007,108.1156954487452,-29.894932568405586,
2002-04-22,False,,,111.0,,,75.79458119848007,108.1156954487452,-29.894932568405586,
2002-04-23,False,,,110.52,,,75.79458119848007,108.1156954487452,-29.894932568405586,
2002-04-24,False,,,109.41,,,75.79458119848007,108.1156954487452,-29.894932568405586,
2002-04-25,False,,,109.47,,,75.79458119848007,108.1156954487452,-29.894932568405586,
2002-04-26,False,,,107.39,,,75.79458119848007,108.1156954487452,-29.894932568405586,
2002-04-29,False,,,106.86,,,75.79458119848007,108.1156954487452,-29.894932568405586,
2002-04-30,False,,,107.86,,,75.79458119848007,108.1156954487452,-29.894932568405586,
2002-05-01,False,,,109.18,,,75.79458119848007,108.1156954487452,-29.894932568405586,
2002-05-02,False,,,108.76,,,75.79458119848007,108.1156954487452,-29.894932568405586,
2002-05-03,False,,,107.58,,,75.79458119848007,108.1156954487452,-29.894932568405586,
2002-05-06,False,,,105.47,,,75.79458119848007,108.1156954487452,-29.894932568405586,
2002-05-07,False,,,105.1,,,75.79458119848007,108.1156954487452,-29.894932568405586,
2002-05-08,False,,,109.01,,,75.79458119848007,108.1156954487452,-29.894932568405586,
2002-05-09,False,,,107.75,,,75.79458119848007,108.1156954487452,-29.894932568405586,
2002-05-10,False,,,105.72,,,75.79458119848007,108.1156954487452,-29.894932568405586,
2002-05-13,False,,,107.87,,,75.79458119848007,108.1156954487452,-29.894932568405586,
2002-05-14,False,,,110.22,,,75.79458119848007,108.1156954487452,-29.894932568405586,
2002-05-15,False,,,109.79,,,75.79458119848007,108.1156954487452,-29.894932568405586,
2002-05-16,False,,,110.36,,,75.79458119848007,108.1156954487452,-29.894932568405586,
2002-05-17,False,,,110.9,,,75.79458119848007,108.1156954487452,-29.894932568405586,
2002-05-20,False,,,109.7,,,75.79458119848007,108.1156954487452,-29.894932568405586,
2002-05-21,False,,,108.7,,,75.79458119848007,108.1156954487452,-29.894932568405586,
2002-05-22,False,,,108.94,,,75.79458119848007,108.1156954487452,-29.894932568405586,
2002-05-23,False,,,110.1,,,75.79458119848007,108.1156954487452,-29.894932568405586,
2002-05-24,False,,,108.69,,,75.79458119848007,108.1156954487452,-29.894932568405586,
2002-05-28,False,,,108.1,,,75.79458119848007,108.1156954487452,-29.894932568405586,
2002-05-29,False,,,107.3,,,75.79458119848007,108.1156954487452,-29.894932568405586,
2002-05-30,False,,,107.0,,,75.79458119848007,108.1156954487452,-29.894932568405586,
2002-05-31,False,,,107.22,,,75.79458119848007,108.1156954487452,-29.894932568405586,
2002-06-03,True,2002-06-03,104.37,104.37,0.0,0.0,75.79458119848007,108.1156954487452,-29.894932568405586,
2002-06-04,True,2002-06-03,104.37,104.63,0.2491137299990287,0.44840471399825166,76.1344476735293,108.1156954487452,-29.58057814129066,
2002-06-05,True,2002-06-03,104.37,105.61,1.188080866149277,2.1385455590686986,77.41548284871489,108.1156954487452,-28.395703762165112,
2002-06-06,True,2002-06-03,104.37,103.46,-0.871898054996656,-1.5694164989939807,74.60504853580774,108.1156954487452,-30.99517306330788,
2002-06-07,True,2002-06-03,104.37,103.34,-0.9868736226885111,-1.77637252083932,74.44818708578502,108.1156954487452,-31.140259721976314,
2002-06-10,True,2002-06-03,104.37,103.74,-0.6036217303822977,-1.086519114688136,74.97105858586077,108.1156954487452,-30.656637526414865,
2002-06-11,True,2002-06-03,104.37,101.96,-2.3090926511449728,-4.156366772060951,72.64428041052369,108.1156954487452,-32.8087562966633,
2002-06-12,True,2002-06-03,104.37,102.58,-1.7150522180703343,-3.0870939925266017,73.4547312356411,108.1156954487452,-32.05914189354305,
2002-06-13,True,2002-06-03,104.37,101.55,-2.7019258407588453,-4.863466513365922,72.10833712294605,108.1156954487452,-33.304469047113784,
2002-06-14,True,2002-06-03,104.37,101.4,-2.845645300373667,-5.122161540672601,71.91226031041766,108.1156954487452,-33.48582737044931,
2002-06-17,True,2002-06-03,104.37,104.12,-0.23953243269139168,-0.43115837884450503,75.46778651093273,108.1156954487452,-30.19719644063149,
2002-06-18,True,2002-06-03,104.37,104.97,0.5748778384593312,1.034780109226796,76.5788884485937,108.1156954487452,-29.169499275063416,
2002-06-19,True,2002-06-03,104.37,102.52,-1.7725400019162674,-3.1905720034492813,73.37630051062973,108.1156954487452,-32.13168522287728,
2002-06-20,True,2002-06-03,104.37,101.21,-3.0276899492191367,-5.449841908594446,71.66389634788166,108.1156954487452,-33.71554791334101,
2002-06-21,True,2002-06-03,104.37,99.28,-4.876880329596633,-8.778384593273941,69.1410413600162,108.1156954487452,-36.04902500692497,
2002-06-24,True,2002-06-03,104.37,99.8,-4.378652869598554,-7.881575165277397,69.82077431011466,108.1156954487452,-35.42031615269511,
2002-06-25,True,2002-06-03,104.37,97.56,-6.524863466513365,-11.744754239724056,66.8926939096905,108.1156954487452,-38.128600447839176,
2002-06-26,True,2002-06-03,104.37,97.72,-6.371562709590883,-11.46881287726359,67.10184250972078,108.1156954487452,-37.93515156961461,
2002-06-27,True,2002-06-03,104.37,99.43,-4.7331608699817895,-8.519689565967221,69.3371181725446,108.1156954487452,-35.86766668358943,
2002-06-28,True,2002-06-03,104.37,98.96,-5.183481843441617,-9.330267318194911,68.72274415995558,108.1156954487452,-36.43592276337415,
2002-07-01,True,2002-06-03,104.37,97.03,-7.0326722238191035,-12.658810002874386,66.19988917209012,108.1156954487452,-38.769399856958096,
2002-07-02,True,2002-06-03,104.37,94.97,-9.006419469196135,-16.211555044553045,63.50710094670002,108.1156954487452,-41.26005416409954,
2002-07-03,True,2002-06-03,104.37,95.51,-8.489029414582738,-15.280252946248929,64.21297747180229,108.1156954487452,-40.60716420009158,
2002-07-05,True,2002-06-03,104.37,99.31,-4.848136437673666,-8.7266455878126,69.18025672252188,108.1156954487452,-36.01275334225787,
2002-07-08,True,2002-06-03,104.37,98.07,-6.036217303822944,-10.8651911468813,67.55935507228706,108.1156954487452,-37.51198214849835,
2002-07-09,True,2002-06-03,104.37,95.6,-8.402797738813849,-15.125035929864929,64.33062355931932,108.1156954487452,-40.49834920609028,
2002-07-10,True,2002-06-03,104.37,92.12,-11.737089201877938,-21.126760563380287,59.781641508660336,108.1156954487452,-44.70586230747483,
2002-07-11,True,2002-06-03,104.37,92.87,-11.018491903803774,-19.833285426846793,60.76202557130237,108.1156954487452,-43.799070690797116,
2002-07-12,True,2002-06-03,104.37,91.85,-11.995784229184636,-21.592411612532345,59.4287032461092,108.1156954487452,-45.032307289478815,
2002-07-15,True,2002-06-03,104.37,92.34,-11.526300661109513,-20.747341189997123,60.069220833702,108.1156954487452,-44.439870099916035,
2002-07-16,True,2002-06-03,104.37,90.56,-13.231771581872188,-23.817188847369938,57.74244265836492,108.1156954487452,-46.59198887016447,
2002-07-17,True,2002-06-03,104.37,90.74,-13.059308230334398,-23.50675481460192,57.977734833399,108.1156954487452,-46.37435888216183,
2002-07-18,True,2002-06-03,104.37,87.8,-15.876209638785099,-28.57717734981318,54.13462930784227,108.1156954487452,-49.92898201953844,
2002-07-19,True,2002-06-03,104.37,84.71,-18.83683050685063,-33.90629491233114,50.09544696975713,108.1156954487452,-53.664963480250606,
2002-07-22,True,2002-06-03,104.37,82.2,-21.24173613107215,-38.235125035929876,46.81442830678182,108.1156954487452,-56.69969275739866,
2002-07-23,True,2002-06-03,104.37,79.95,-23.397528025294623,-42.115550445530324,43.873276118855756,108.1156954487452,-59.42006760743178,
2002-07-24,True,2002-06-03,104.37,84.72,-18.827249209542973,-33.889048577177356,50.10851875725902,108.1156954487452,-53.652872925361564,
2002-07-25,True,2002-06-03,104.37,84.0,-19.51710261569417,-35.13078470824951,49.16735005712268,108.1156954487452,-54.52339287737216,
2002-07-26,True,2002-06-03,104.37,85.6,-17.984095046469307,-32.37137108364475,51.258836057425654,108.1156954487452,-52.588904095126395,
2002-07-29,True,2002-06-03,104.37,89.77,-13.988694069176976,-25.179649324518557,56.70977144571531,108.1156954487452,-47.54714270639834,
2002-07-30,True,2002-06-03,104.37,90.94,-12.867682284181281,-23.161828111526308,58.23917058343689,108.1156954487452,-46.132547784381096,
2002-07-31,True,2002-06-03,104.37,91.16,-12.656893743412867,-22.78240873814316,58.52674990847853,108.1156954487452,-45.86655557682231,
2002-08-01,True,2002-06-03,104.37,88.78,-14.937242502634863,-26.887036504742753,55.41566448302785,108.1156954487452,-48.744107640412906,
2002-08-02,True,2002-06-03,104.37,86.79,-16.843920666858292,-30.319057200344925,52.814378770151016,108.1156954487452,-51.15012806333108,
2002-08-05,True,2002-06-03,104.37,83.77,-19.737472453770245,-35.527450416786444,48.86669894457913,108.1156954487452,-54.801475639819984,
2002-08-06,True,2002-06-03,104.37,86.59,-17.035546613011398,-30.66398390342052,52.552943020113155,108.1156954487452,-51.3919391611118,
2002-08-07,True,2002-06-03,104.37,88.1,-15.588770719555434,-28.059787295199783,54.52678293289908,108.1156954487452,-49.566265372867356,
2002-08-08,True,2002-06-03,104.37,90.95,-12.858100986873621,-23.14458177637252,58.25224237093878,108.1156954487452,-46.120457229492054,
2002-08-09,True,2002-06-03,104.37,91.29,-12.53233687841333,-22.558206381143997,58.696683146003174,108.1156954487452,-45.70937836326482,
2002-08-12,True,2002-06-03,104.37,90.62,-13.174283798026254,-23.71371083644726,57.82087338337629,108.1156954487452,-46.51944554083025,
2002-08-13,True,2002-06-03,104.37,88.97,-14.755197853789404,-26.559356136820927,55.66402844556384,108.1156954487452,-48.51438709752121,
2002-08-14,True,2002-06-03,104.37,92.22,-11.64127622880139,-20.9542972118425,59.91235938367927,108.1156954487452,-44.58495675858448,
2002-08-15,True,2002-06-03,104.37,93.5,-10.414870173421487,-18.746766312158677,61.58554818392165,108.1156954487452,-43.037365732787855,
2002-08-16,True,2002-06-03,104.37,93.22,-10.683146498035834,-19.229663696464502,61.21953813386864,108.1156954487452,-43.37590126968086,
2002-08-19,True,2002-06-03,104.37,95.4,-8.594423684966944,-15.4699626329405,64.06918780928146,108.1156954487452,-40.74016030387099,
2002-08-20,True,2002-06-03,104.37,94.39,-9.562134713040148,-17.211842483472267,62.748937271590194,108.1156954487452,-41.96130634766364,
2002-08-21,True,2002-06-03,104.37,95.75,-8.259078279199006,-14.86634090255821,64.52670037184774,108.1156954487452,-40.31699088275472,
2002-08-22,True,2002-06-03,104.37,96.68,-7.368017629587042,-13.262431733256676,65.74237660952386,108.1156954487452,-39.19256927807435,
2002-08-23,True,2002-06-03,104.37,94.6,-9.360927469579394,-16.84966944524291,63.02344480912995,108.1156954487452,-41.70740469499389,
2002-08-26,True,2002-06-03,104.37,95.26,-8.728561847274118,-15.711411325093414,63.88618278425495,108.1156954487452,-40.90942807231749,
2002-08-27,True,2002-06-03,104.37,94.16,-9.782504551116233,-17.60850819200922,62.44828615904663,108.1156954487452,-42.23938911011148,
2002-08-28,True,2002-06-03,104.37,92.1,-11.756251796493256,-21.161253233687862,59.755497933656535,108.1156954487452,-44.730043417252915,
2002-08-29,True,2002-06-03,104.37,92.14,-11.71792660726263,-21.092267893072734,59.807785083664115,108.1156954487452,-44.68168119769677,
2002-08-30,True,2002-06-03,104.37,91.78,-12.062853310338218,-21.71313595860879,59.33720073359596,108.1156954487452,-45.11694117370205,
2002-09-03,True,2002-06-03,104.37,88.28,-15.416307368017634,-27.749353262431743,54.76207510793317,108.1156954487452,-49.3486353848647,
2002-09-04,True,2002-06-03,104.37,89.54,-14.20906390725304,-25.576315033055472,56.409120333171785,108.1156954487452,-47.825225468846135,
2002-09-05,True,2002-06-03,104.37,88.78,-14.937242502634863,-26.887036504742753,55.41566448302785,108.1156954487452,-48.744107640412906,
2002-09-06,True,2002-06-03,104.37,90.0,-13.768324231100893,-24.782983615981607,57.010422558258874,108.1156954487452,-47.269059943950495,
2002-09-09,True,2002-06-03,104.37,90.66,-13.13595860879564,-23.64472549583215,57.87316053338385,108.1156954487452,-46.47108332127411,
2002-09-10,True,2002-06-03,104.37,91.7,-12.139503688799469,-21.851106639839045,59.2326264335808,108.1156954487452,-45.21366561281436,
2002-09-11,True,2002-06-03,104.37,91.13,-12.685637635335834,-22.8341477436045,58.48753454597285,108.1156954487452,-45.90282724148942,
2002-09-12,True,2002-06-03,104.37,89.45,-14.29529558302194,-25.73153204943949,56.29147424565473,108.1156954487452,-47.93404046284747,
2002-09-13,True,2002-06-03,104.37,89.67,-14.084507042253524,-25.352112676056343,56.57905357069639,108.1156954487452,-47.66804825528869,
2002-09-16,True,2002-06-03,104.37,89.89,-13.873718501485099,-24.97269330267318,56.86663289573806,108.1156954487452,-47.40205604772988,
2002-09-17,True,2002-06-03,104.37,87.83,-15.847465746862133,-28.52543834435184,54.17384467034795,108.1156954487452,-49.89271035487134,
2002-09-18,True,2002-06-03,104.37,86.95,-16.690619909935812,-30.04311583788446,53.02352737018131,108.1156954487452,-50.95667918510651,
2002-09-19,True,2002-06-03,104.37,84.7,-18.84641180415828,-33.923541247484906,50.08237518225524,108.1156954487452,-53.677054035139626,
2002-09-20,True,2002-06-03,104.37,84.35,-19.181757209926232,-34.52716297786722,49.624862619688955,108.1156954487452,-54.100223456255904,
2002-09-23,True,2002-06-03,104.37,83.66,-19.84286672415446,-35.71716010347803,48.72290928205829,108.1156954487452,-54.9344717435994,
2002-09-24,True,2002-06-03,104.37,82.31,-21.136341860687935,-38.04541534923828,46.95821796930266,108.1156954487452,-56.56669665361926,
2002-09-25,True,2002-06-03,104.37,84.35,-19.181757209926232,-34.52716297786722,49.624862619688955,108.1156954487452,-54.100223456255904,
2002-09-26,True,2002-06-03,104.37,85.73,-17.85953818146977,-32.14716872664559,51.4287692949503,108.1156954487452,-52.4317268815689,
2002-09-27,True,2002-06-03,104.37,82.75,-20.714764779151096,-37.286576602471975,47.53337661938599,108.1156954487452,-56.03471223850166,
2002-09-30,True,2002-06-03,104.37,81.79,-21.634569320686015,-38.94222477723483,46.27848501920419,108.1156954487452,-57.19540550784914,
2002-10-01,True,2002-06-03,104.37,85.72,-17.869119478777428,-32.164415061799374,51.4156975074484,108.1156954487452,-52.44381743645794,
2002-10-02,True,2002-06-03,104.37,83.15,-20.33151288684487,-36.59672319632077,48.056248119461735,108.1156954487452,-55.55109004294021,
2002-10-03,True,2002-06-03,104.37,82.31,-21.136341860687935,-38.04541534923828,46.95821796930266,108.1156954487452,-56.56669665361926,
2002-10-04,True,2002-06-03,104.37,80.8,-22.58311775414392,-40.64961195745906,44.9843780565167,108.1156954487452,-58.39237044186374,
2002-10-07,True,2002-06-03,104.37,79.13,-24.18319440452238,-43.52974992814028,42.801389543700466,108.1156954487452,-60.411493108332756,
2002-10-08,True,2002-06-03,104.37,80.37,-22.99511353837309,-41.391204369071566,44.422291193935294,108.1156954487452,-58.91226430209227,
2002-10-09,True,2002-06-03,104.37,78.1,-25.17006802721089,-45.3061224489796,41.45499543100542,108.1156954487452,-61.65682026190347,
2002-10-10,True,2002-06-03,104.37,80.63,-22.745999808374062,-40.942799655073316,44.762157668984514,108.1156954487452,-58.59790987497734,
2002-10-11,True,2002-06-03,104.37,84.16,-19.36380185877169,-34.85484334578904,49.37649865715297,108.1156954487452,-54.32994399914759,
2002-10-14,True,2002-06-03,104.37,84.63,-18.913480885311884,-34.04426559356139,49.99087266974197,108.1156954487452,-53.7616879193629,
2002-10-15,True,2002-06-03,104.37,88.7,-15.013892881096103,-27.025007185972985,55.31109018301271,108.1156954487452,-48.84083207952518,
2002-10-16,True,2002-06-03,104.37,86.55,-17.073871802242024,-30.732969244035644,52.50065587010557,108.1156954487452,-51.440301380667954,
2002-10-17,True,2002-06-03,104.37,88.27,-15.425888665325294,-27.76659959758553,54.74900332043127,108.1156954487452,-49.36072593975375,
2002-10-18,True,2002-06-03,104.37,88.64,-15.071380664942035,-27.128485196895664,55.23265945800135,108.1156954487452,-48.913375408859395,
2002-10-21,True,2002-06-03,104.37,90.17,-13.605442176870753,-24.489795918367356,57.23264294579107,108.1156954487452,-47.063520510836874,
2002-10-22,True,2002-06-03,104.37,89.52,-14.228226501868358,-25.610807703363044,56.382976758167985,108.1156954487452,-47.84940657862422,
2002-10-23,True,2002-06-03,104.37,90.2,-13.576698284947785,-24.438056912906013,57.27185830829675,108.1156954487452,-47.02724884616977,
2002-10-24,True,2002-06-03,104.37,88.36,-15.339656989556394,-27.61138258120151,54.866649407948316,108.1156954487452,-49.25191094575242,
2002-10-25,True,2002-06-03,104.37,90.2,-13.576698284947785,-24.438056912906013,57.27185830829675,108.1156954487452,-47.02724884616977,
2002-10-28,True,2002-06-03,104.37,89.61,-14.141994826099458,-25.455590686979026,56.50062284568503,108.1156954487452,-47.74059158462289,
2002-10-29,True,2002-06-03,104.37,88.57,-15.138449746095628,-27.24920954297213,55.141156945488085,108.1156954487452,-48.99800929308265,
2002-10-30,True,2002-06-03,104.37,89.43,-14.314458177637245,-25.766024719747044,56.26533067065095,108.1156954487452,-47.95822157262555,
2002-10-31,True,2002-06-03,104.37,88.52,-15.186356232633901,-27.335441218741025,55.07579800797861,108.1156954487452,-49.05846206752784,
2002-11-01,True,2002-06-03,104.37,90.27,-13.509629203794205,-24.31733256682957,57.363360820809994,108.1156954487452,-46.942614961946525,
2002-11-04,True,2002-06-03,104.37,91.13,-12.685637635335834,-22.8341477436045,58.48753454597285,108.1156954487452,-45.90282724148942,
2002-11-05,True,2002-06-03,104.37,91.85,-11.995784229184636,-21.592411612532345,59.4287032461092,108.1156954487452,-45.032307289478815,
2002-11-06,True,2002-06-03,104.37,93.04,-10.855609849573632,-19.54009772923254,60.984245958834556,108.1156954487452,-43.5935312576835,
2002-11-07,True,2002-06-03,104.37,90.76,-13.04014563571908,-23.472262144294344,58.0038784084028,108.1156954487452,-46.35017777238375,
2002-11-08,True,2002-06-03,104.37,89.65,-14.103669636868831,-25.386605346363897,56.5529099956926,108.1156954487452,-47.69222936506675,
2002-11-11,True,2002-06-03,104.37,88.26,-15.435469962632942,-27.783845932739297,54.73593153292938,108.1156954487452,-49.37281649464278,
2002-11-12,True,2002-06-03,104.37,88.96,-14.764779151097063,-26.576602471974713,55.65095665806194,108.1156954487452,-48.526477652410236,
2002-11-13,True,2002-06-03,104.37,89.05,-14.678547475328163,-26.421385455590695,55.76860274557898,108.1156954487452,-48.41766265840892,
2002-11-14,True,2002-06-03,104.37,90.73,-13.068889527642046,-23.524001149755684,57.96466304589712,108.1156954487452,-46.38644943705085,
2002-11-15,True,2002-06-03,104.37,91.4,-12.426942608029123,-22.36849669445242,58.840472808524005,108.1156954487452,-45.57638225948543,
2002-11-18,True,2002-06-03,104.37,90.48,-13.308421960333428,-23.95515952860017,57.637868358349785,108.1156954487452,-46.68871330927675,
2002-11-19,True,2002-06-03,104.37,90.36,-13.423397528025294,-24.16211555044553,57.48100690832706,108.1156954487452,-46.833799967945176,
2002-11-20,True,2002-06-03,104.37,92.37,-11.497556769186545,-20.695602184535783,60.10843619620768,108.1156954487452,-44.403598435248924,
2002-11-21,True,2002-06-03,104.37,94.09,-9.849573632269815,-17.729232538085668,62.35678364653338,108.1156954487452,-42.32402299433472,
2002-11-22,True,2002-06-03,104.37,93.42,-10.491520551882727,-18.88473699338891,61.480973883906515,108.1156954487452,-43.13409017190013,
2002-11-25,True,2002-06-03,104.37,93.48,-10.434032768036793,-18.78125898246623,61.55940460891787,108.1156954487452,-43.061546842565924,
2002-11-26,True,2002-06-03,104.37,91.7,-12.139503688799469,-21.851106639839045,59.2326264335808,108.1156954487452,-45.21366561281436,
2002-11-27,True,2002-06-03,104.37,94.28,-9.667528983424356,-17.401552170163843,62.60514760906938,108.1156954487452,-42.09430245144302,
2002-11-29,True,2002-06-03,104.37,93.98,-9.954967902654023,-17.91894222477724,62.21299398401256,108.1156954487452,-42.45701909811411,
2002-12-02,True,2002-06-03,104.37,94.13,-9.8112484430392,-17.66024719747056,62.40907079654095,108.1156954487452,-42.27566077477858,
2002-12-03,True,2002-06-03,104.37,92.87,-11.018491903803774,-19.833285426846793,60.76202557130237,108.1156954487452,-43.799070690797116,
2002-12-04,True,2002-06-03,104.37,92.45,-11.420906390725305,-20.55763150330555,60.21301049622283,108.1156954487452,-44.306873996136645,
2002-12-05,True,2002-06-03,104.37,91.43,-12.398198716106156,-22.316757688991082,58.879688171029684,108.1156954487452,-45.540110594818316,
2002-12-06,True,2002-06-03,104.37,92.03,-11.823320877646836,-21.281977579764305,59.66399542114329,108.1156954487452,-44.81467730147616,
2002-12-09,True,2002-06-03,104.37,89.5,-14.247389096483666,-25.645300373670597,56.3568331831642,108.1156954487452,-47.873587688402296,
2002-12-10,True,2002-06-03,104.37,90.7,-13.097633419565014,-23.575740155217026,57.92544768339143,108.1156954487452,-46.42272110171797,
2002-12-11,True,2002-06-03,104.37,90.78,-13.020983041103772,-23.43776947398679,58.03002198340658,108.1156954487452,-46.32599666260568,
2002-12-12,True,2002-06-03,104.37,90.77,-13.030564338411432,-23.45501580914058,58.016950195904684,108.1156954487452,-46.33808721749472,
2002-12-13,True,2002-06-03,104.37,89.34,-14.400689853406156,-25.921241736131083,56.147684583133895,108.1156954487452,-48.067036566626875,
2002-12-16,True,2002-06-03,104.37,91.65,-12.187410175337742,-21.93733831560794,59.16726749607134,108.1156954487452,-45.27411838725952,
2002-12-17,True,2002-06-03,104.37,90.85,-12.953913959950192,-23.317045127910347,58.12152449591982,108.1156954487452,-46.24136277838243,
2002-12-18,True,2002-06-03,104.37,89.8,-13.95995017725401,-25.127910319057218,56.748986808221005,108.1156954487452,-47.51087104173122,
2002-12-19,True,2002-06-03,104.37,89.16,-14.573153204943956,-26.231675768899123,55.912392408099805,108.1156954487452,-48.28466655462953,
2002-12-20,True,2002-06-03,104.37,89.99,-13.777905528408551,-24.800229951135393,56.99735077075698,108.1156954487452,-47.28115049883953,
2002-12-23,True,2002-06-03,104.37,90.02,-13.749161636485585,-24.748490945674053,57.03656613326267,108.1156954487452,-47.24487883417242,
2002-12-24,True,2002-06-03,104.37,89.35,-14.391108556098509,-25.903995400977315,56.160756370635774,108.1156954487452,-48.054946011737854,
2002-12-26,True,2002-06-03,104.37,89.39,-14.352783366867872,-25.83501006036217,56.21304352064337,108.1156954487452,-48.00658379218169,
2002-12-27,True,2002-06-03,104.37,87.38,-16.27862412570663,-29.301523426271938,53.58561423276273,108.1156954487452,-50.43678532487797,
2002-12-30,True,2002-06-03,104.37,88.11,-15.579189422247774,-28.042540960045994,54.53985472040098,108.1156954487452,-49.554174817978314,
2002-12-31,True,2002-06-03,104.37,88.23,-15.464213854555908,-27.835584938200636,54.6967161704237,108.1156954487452,-49.40908815930989,
2003-01-02,True,2002-06-03,104.37,91.07,-12.743125419181766,-22.93762575452718,58.40910382096149,108.1156954487452,-45.975370570823635,
2003-01-03,True,2002-06-03,104.37,91.35,-12.474849094567409,-22.454728370221336,58.775113871014526,108.1156954487452,-45.63683503393061,
2003-01-06,True,2002-06-03,104.37,92.96,-10.932260228034885,-19.678068410462792,60.8796716588194,108.1156954487452,-43.69025569679581,
2003-01-07,True,2002-06-03,104.37,92.73,-11.152630066110946,-20.074734118999704,60.579020546275856,108.1156954487452,-43.968338459243625,
2003-01-08,True,2002-06-03,104.37,91.39,-12.436523905336783,-22.38574302960621,58.827401021022105,108.1156954487452,-45.588472814374455,
2003-01-09,True,2002-06-03,104.37,92.81,-11.075979687649706,-19.93676343776947,60.68359484629101,108.1156954487452,-43.87161402013133,
2003-01-10,True,2002-06-03,104.37,93.06,-10.836447254958326,-19.50560505892499,61.010389533838335,108.1156954487452,-43.56935014790544,
2003-01-13,True,2002-06-03,104.37,93.03,-10.865191146881292,-19.557344064386328,60.971174171332656,108.1156954487452,-43.60562181257255,
2003-01-14,True,2002-06-03,104.37,93.33,-10.577752227651626,-19.039954009772927,61.36332779638947,108.1156954487452,-43.242905165901455,
2003-01-15,True,2002-06-03,104.37,92.4,-11.468812877263579,-20.643863179074444,60.14765155871337,108.1156954487452,-44.367326770581805,
2003-01-16,True,2002-06-03,104.37,92.02,-11.832902174954496,-21.299223914918095,59.65092363364139,108.1156954487452,-44.8267678563652,
2003-01-17,True,2002-06-03,104.37,90.66,-13.13595860879564,-23.64472549583215,57.87316053338385,108.1156954487452,-46.47108332127411,
2003-01-21,True,2002-06-03,104.37,89.25,-14.486921529175056,-26.0764587525151,56.03003849561686,108.1156954487452,-48.1758515606282,
2003-01-22,True,2002-06-03,104.37,88.17,-15.521701638401842,-27.939062949123315,54.61828544541234,108.1156954487452,-49.4816314886441,
2003-01-23,True,2002-06-03,104.37,88.71,-15.004311583788454,-27.007760850819217,55.32416197051459,108.1156954487452,-48.82874152463616,
2003-01-24,True,2002-06-03,104.37,86.38,-17.236753856472177,-31.02615694164992,52.278435482573364,108.1156954487452,-51.645840813781575,
2003-01-27,True,2002-06-03,104.37,85.2,-18.36734693877551,-33.06122448979592,50.73596455734993,108.1156954487452,-53.07252629068782,
2003-01-28,True,2002-06-03,104.37,85.83,-17.763725208393222,-31.9747053751078,51.559487169969216,108.1156954487452,-52.31082133267856,
2003-01-29,True,2002-06-03,104.37,86.48,-17.140940883395615,-30.85369359011211,52.4091533575923,108.1156954487452,-51.52493526489121,
2003-01-30,True,2002-06-03,104.37,84.43,-19.10510683146498,-34.38919229663696,49.729436919704106,108.1156954487452,-54.00349901714361,
2003-01-31,True,2002-06-03,104.37,86.06,-17.543355370317137,-31.57803966657085,51.860138282512786,108.1156954487452,-52.03273857023072,
2003-02-03,True,2002-06-03,104.37,86.23,-17.380473316087,-31.2848519689566,52.082358670044975,108.1156954487452,-51.827199137117105,
2003-02-04,True,2002-06-03,104.37,85.38,-18.19488358723772,-32.7507904570279,50.971256732384006,108.1156954487452,-52.854896302685184,
2003-02-05,True,2002-06-03,104.37,84.85,-18.702692344543458,-33.66484622017823,50.27845199478364,108.1156954487452,-53.4956957118041,
2003-02-06,True,2002-06-03,104.37,84.45,-19.085944236849674,-34.35469962632941,49.7555804947079,108.1156954487452,-53.979317907365534,
2003-02-07,True,2002-06-03,104.37,83.42,-20.072817859538183,-36.13107214716873,48.409186382012855,108.1156954487452,-55.224645060936254,
2003-02-10,True,2002-06-03,104.37,84.01,-19.507521318386512,-35.11353837309572,49.180421844624576,108.1156954487452,-54.511302322483125,
2003-02-11,True,2002-06-03,104.37,83.43,-20.063236562230525,-36.113825812014944,48.42225816951475,108.1156954487452,-55.212554506047205,
2003-02-12,True,2002-06-03,104.37,82.1,-21.337549104148714,-38.40758838746768,46.683710431762876,108.1156954487452,-56.82059830628903,
2003-02-13,True,2002-06-03,104.37,82.35,-21.09801667145732,-37.976430008623176,47.01050511931022,108.1156954487452,-56.518334434063135,
2003-02-14,True,2002-06-03,104.37,84.15,-19.373383156079328,-34.87208968094279,49.36342686965109,108.1156954487452,-54.34203455403661,
2003-02-18,True,2002-06-03,104.37,85.63,-17.955351154546328,-32.31963207818339,51.29805141993135,108.1156954487452,-52.55263243045927,
2003-02-19,True,2002-06-03,104.37,85.18,-18.386509533390814,-33.09571716010347,50.70982098234615,108.1156954487452,-53.09670740046588,
2003-02-20,True,2002-06-03,104.37,84.33,-19.200919804541538,-34.56165564817477,49.598719044685176,108.1156954487452,-54.12440456603397,
2003-02-21,True,2002-06-03,104.37,85.18,-18.386509533390814,-33.09571716010347,50.70982098234615,108.1156954487452,-53.09670740046588,
2003-02-24,True,2002-06-03,104.37,83.8,-19.708728561847277,-35.4757114113251,48.90591430708481,108.1156954487452,-54.765203975152886,
2003-02-25,True,2002-06-03,104.37,84.47,-19.066781642234364,-34.320206956021856,49.78172406971168,108.1156954487452,-53.955136797587464,
2003-02-26,True,2002-06-03,104.37,83.24,-20.245281211075984,-36.44150617993677,48.17389420697876,108.1156954487452,-55.4422750489389,
2003-02-27,True,2002-06-03,104.37,84.34,-19.19133850723388,-34.544409313020985,49.61179083218707,108.1156954487452,-54.11231401114493,
2003-02-28,True,2002-06-03,104.37,84.9,-18.654785858005173,-33.57861454440931,50.34381093229312,108.1156954487452,-53.43524293735891,
2003-03-03,True,2002-06-03,104.37,84.09,-19.43087093992527,-34.975567691865486,49.28499614463972,108.1156954487452,-54.41457788337084,
2003-03-04,True,2002-06-03,104.37,82.75,-20.714764779151096,-37.286576602471975,47.53337661938599,108.1156954487452,-56.03471223850166,
2003-03-05,True,2002-06-03,104.37,83.45,-20.044073967615216,-36.07933314170739,48.448401744518534,108.1156954487452,-55.18837339626914,
2003-03-06,True,2002-06-03,104.37,82.75,-20.714764779151096,-37.286576602471975,47.53337661938599,108.1156954487452,-56.03471223850166,
2003-03-07,True,2002-06-03,104.37,83.32,-20.168630832614742,-36.30353549870654,48.27846850699392,108.1156954487452,-55.34555060982661,
2003-03-10,True,2002-06-03,104.37,81.32,-22.084890294145843,-39.75280252946252,45.664111006615165,108.1156954487452,-57.763661587633855,
2003-03-11,True,2002-06-03,104.37,80.52,-22.85139407875827,-41.13250934176489,44.61836800646368,108.1156954487452,-58.730905978756745,
2003-03-12,True,2002-06-03,104.37,81.06,-22.33400402414487,-40.20120724346077,45.32424453156595,108.1156954487452,-58.078016014748776,
2003-03-13,True,2002-06-03,104.37,83.86,-19.651240778001345,-35.37223340040242,48.98434503209617,108.1156954487452,-54.692660645818655,
2003-03-14,True,2002-06-03,104.37,84.13,-19.392545750694655,-34.90658235125038,49.337283294647285,108.1156954487452,-54.3662156638147,
2003-03-17,True,2002-06-03,104.37,86.78,-16.85350196416595,-30.33630353549871,52.801306982649116,108.1156954487452,-51.16221861822012,
2003-03-18,True,2002-06-03,104.37,87.29,-16.36485580147552,-29.45674044265594,53.4679681452457,108.1156954487452,-50.545600318879266,
2003-03-19,True,2002-06-03,104.37,87.96,-15.722908881862619,-28.301235987352715,54.34377790787256,108.1156954487452,-49.73553314131387,
2003-03-20,True,2002-06-03,104.37,88.15,-15.54086423301715,-27.97355561943087,54.59214187040856,108.1156954487452,-49.50581259842216,
2003-03-21,True,2002-06-03,104.37,89.67,-14.084507042253524,-25.352112676056343,56.57905357069639,108.1156954487452,-47.66804825528869,
2003-03-24,True,2002-06-03,104.37,86.69,-16.93973363993485,-30.491520551882733,52.68366089513208,108.1156954487452,-51.27103361222145,
2003-03-25,True,2002-06-03,104.37,87.52,-16.144485963399447,-29.060074734119006,53.768619257789254,108.1156954487452,-50.26751755643144,
2003-03-26,True,2002-06-03,104.37,87.08,-16.566063044936286,-29.818913480885314,53.19346060770593,108.1156954487452,-50.799501971549034,
2003-03-27,True,2002-06-03,104.37,87.15,-16.498993963782695,-29.698189134808853,53.284963120219196,108.1156954487452,-50.71486808732577,
2003-03-28,True,2002-06-03,104.37,86.71,-16.920571045319544,-30.45702788157518,52.70980447013586,108.1156954487452,-51.24685250244339,
2003-03-31,True,2002-06-03,104.37,84.74,-18.808086614927667,-33.854555906869805,50.13466233226281,108.1156954487452,-53.628691815583494,
2003-04-01,True,2002-06-03,104.37,86.04,-17.562517964932447,-31.612532336878406,51.83399470750901,108.1156954487452,-52.05691968000878,
2003-04-02,True,2002-06-03,104.37,88.12,-15.569608124940116,-28.025294624892208,54.55292650790288,108.1156954487452,-49.54208426308927,
2003-04-03,True,2002-06-03,104.37,87.7,-15.972022611861647,-28.749640701350966,54.003911432823344,108.1156954487452,-50.04988756842879,
2003-04-04,True,2002-06-03,104.37,88.22,-15.473795151863568,-27.852831273354422,54.6836443829218,108.1156954487452,-49.42117871419893,
2003-04-07,True,2002-06-03,104.37,88.05,-15.636677206093708,-28.146018970968676,54.46142399538962,108.1156954487452,-49.62671814731252,
2003-04-08,True,2002-06-03,104.37,88.19,-15.502539043786534,-27.90457027881576,54.64442902041612,108.1156954487452,-49.45745037886603,
2003-04-09,True,2002-06-03,104.37,87.03,-16.61396953147456,-29.905145156654207,53.128101670196465,108.1156954487452,-50.85995474599421,
2003-04-10,True,2002-06-03,104.37,87.51,-16.154067260707095,-29.07732106927277,53.755547470287375,108.1156954487452,-50.279608111320464,
2003-04-11,True,2002-06-03,104.37,87.15,-16.498993963782695,-29.698189134808853,53.284963120219196,108.1156954487452,-50.71486808732577,
2003-04-14,True,2002-06-03,104.37,88.95,-14.77436044840471,-26.59384880712848,55.63788487056006,108.1156954487452,-48.53856820729927,
2003-04-15,True,2002-06-03,104.37,89.78,-13.979112771869318,-25.16240298936477,56.72284323321721,108.1156954487452,-47.53505215150929,
2003-04-16,True,2002-06-03,104.37,88.25,-15.445051259940602,-27.801092267893083,54.72285974542748,108.1156954487452,-49.384907049531826,
2003-04-17,True,2002-06-03,104.37,89.56,-14.189901312637732,-25.54182236274792,56.435263908175564,108.1156954487452,-47.80104435906808,
2003-04-21,True,2002-06-03,104.37,89.65,-14.103669636868831,-25.386605346363897,56.5529099956926,108.1156954487452,-47.69222936506675,
2003-04-22,True,2002-06-03,104.37,91.34,-12.484430391875057,-22.471974705375104,58.76204208351264,108.1156954487452,-45.648925588819644,
2003-04-23,True,2002-06-03,104.37,92.18,-11.679601418032004,-21.02328255245761,59.860072233671694,108.1156954487452,-44.63331897814062,
2003-04-24,True,2002-06-03,104.37,91.36,-12.465267797259749,-22.43748203506755,58.788185658516426,108.1156954487452,-45.62474447904157,
2003-04-25,True,2002-06-03,104.37,90.23,-13.547954393024819,-24.386317907444674,57.31107367080243,108.1156954487452,-46.99097718150267,
2003-04-28,True,2002-06-03,104.37,91.79,-12.053272013030558,-21.695889623455006,59.35027252109785,108.1156954487452,-45.10485061881302,
2003-04-29,True,2002-06-03,104.37,92.11,-11.746670499185596,-21.144006898534073,59.768569721158435,108.1156954487452,-44.71795286236387,
2003-04-30,True,2002-06-03,104.37,91.91,-11.938296445338704,-21.488933601609666,59.507133971120574,108.1156954487452,-44.959763960144585,
2003-05-01,True,2002-06-03,104.37,91.9,-11.947877742646352,-21.506179936763434,59.49406218361868,108.1156954487452,-44.97185451503363,
2003-05-02,True,2002-06-03,104.37,93.21,-10.692727795343504,-19.24691003161831,61.206466346366724,108.1156954487452,-43.387991824569916,
2003-05-05,True,2002-06-03,104.37,93.03,-10.865191146881292,-19.557344064386328,60.971174171332656,108.1156954487452,-43.60562181257255,
2003-05-06,True,2002-06-03,104.37,93.91,-10.022036983807613,-18.039666570853704,62.1214914714993,108.1156954487452,-42.541652982337375,
2003-05-07,True,2002-06-03,104.37,93.39,-10.520264443805694,-18.93647599885025,61.441758521400835,108.1156954487452,-43.17036183656724,
2003-05-08,True,2002-06-03,104.37,92.45,-11.420906390725305,-20.55763150330555,60.21301049622283,108.1156954487452,-44.306873996136645,
2003-05-09,True,2002-06-03,104.37,93.73,-10.194500335345403,-18.350100603621726,61.88619929646523,108.1156954487452,-42.75928297034001,
2003-05-12,True,2002-06-03,104.37,94.88,-9.092651144965036,-16.366772060937066,63.38945485918298,108.1156954487452,-41.368869158100864,
2003-05-13,True,2002-06-03,104.37,94.71,-9.255533199195176,-16.659959758551317,63.16723447165079,108.1156954487452,-41.574408591214485,
2003-05-14,True,2002-06-03,104.37,94.51,-9.447159145348284,-17.00488646162691,62.90579872161292,108.1156954487452,-41.816219688995204,
2003-05-15,True,2002-06-03,104.37,95.11,-8.872281306888963,-15.970106352400133,63.690105971726524,108.1156954487452,-41.09078639565305,
2003-05-16,True,2002-06-03,104.37,94.87,-9.102232442272683,-16.38401839609083,63.3763830716811,108.1156954487452,-41.38095971298989,
2003-05-19,True,2002-06-03,104.37,92.65,-11.229280444572199,-20.212704800229957,60.4744462462607,108.1156954487452,-44.06506289835592,
2003-05-20,True,2002-06-03,104.37,92.46,-11.411325093417657,-20.540385168151783,60.22608228372471,108.1156954487452,-44.29478344124762,
2003-05-21,True,2002-06-03,104.37,92.65,-11.229280444572199,-20.212704800229957,60.4744462462607,108.1156954487452,-44.06506289835592,
2003-05-22,True,2002-06-03,104.37,93.57,-10.347801092267906,-18.62604196608223,61.677050696434904,108.1156954487452,-42.95273184856461,
2003-05-23,True,2002-06-03,104.37,93.76,-10.165756443422435,-18.298361598160383,61.92541465897091,108.1156954487452,-42.7230113056729,
2003-05-27,True,2002-06-03,104.37,95.4,-8.594423684966944,-15.4699626329405,64.06918780928146,108.1156954487452,-40.74016030387099,
2003-05-28,True,2002-06-03,104.37,95.67,-8.335728657660246,-15.004311583788443,64.4221260718326,108.1156954487452,-40.413715321867,
2003-05-29,True,2002-06-03,104.37,95.42,-8.575261090351638,-15.435469962632949,64.09533138428525,108.1156954487452,-40.71597919409291,
2003-05-30,True,2002-06-03,104.37,96.95,-7.109322602280354,-12.796780684104638,66.09531487207497,108.1156954487452,-38.866124296070396,
2003-06-02,True,2002-06-03,104.37,97.35,-6.726070709974142,-12.106927277953455,66.61818637215072,108.1156954487452,-38.38250210050895,
2003-06-03,True,2002-06-03,104.37,97.75,-6.342818817667917,-11.41707387180225,67.14105787222647,108.1156954487452,-37.8988799049475,
2003-06-04,True,2002-06-03,104.37,99.16,-4.9918558972885,-8.9853406151193,68.98417990999347,108.1156954487452,-36.19411166559341,
2003-06-05,True,2002-06-03,104.37,99.65,-4.5223723292133755,-8.140270192584076,69.62469749758627,108.1156954487452,-35.60167447603063,
2003-06-06,True,2002-06-03,104.37,99.26,-4.89604292421194,-8.812877263581493,69.1148977850124,108.1156954487452,-36.07320611670305,
2003-06-09,True,2002-06-03,104.37,98.25,-5.863753952285144,-10.55475711411326,67.79464724732115,108.1156954487452,-37.29435216049569,
2003-06-10,True,2002-06-03,104.37,99.25,-4.9056242215196,-8.83012359873528,69.1018259975105,108.1156954487452,-36.08529667159209,
2003-06-11,True,2002-06-03,104.37,100.3,-3.8995880042157816,-7.019258407588407,70.47436368520934,108.1156954487452,-34.8157884082433,
2003-06-12,True,2002-06-03,104.37,100.61,-3.6025677876784568,-6.484622017821223,70.87958909776805,108.1156954487452,-34.440981206683176,
2003-06-13,True,2002-06-03,104.37,99.56,-4.608604004982276,-8.295487208968096,69.50705141006922,108.1156954487452,-35.71048947003196,
2003-06-16,True,2002-06-03,104.37,101.66,-2.5965315703746383,-4.673756826674349,72.25212678546688,108.1156954487452,-33.17147294333438,
2003-06-17,True,2002-06-03,104.37,101.66,-2.5965315703746383,-4.673756826674349,72.25212678546688,108.1156954487452,-33.17147294333438,
2003-06-18,True,2002-06-03,104.37,101.57,-2.682763246143538,-4.828973843058368,72.13448069794984,108.1156954487452,-33.28028793733571,
2003-06-19,True,2002-06-03,104.37,100.02,-4.167864328830129,-7.502155791894233,70.10835363515633,108.1156954487452,-35.1543239451363,
2003-06-20,True,2002-06-03,104.37,99.44,-4.723579572674142,-8.502443230813455,69.3501899600465,108.1156954487452,-35.855576128700385,
2003-06-23,True,2002-06-03,104.37,98.42,-5.700871898055004,-10.261569416499007,68.01686763485334,108.1156954487452,-37.088812727382084,
2003-06-24,True,2002-06-03,104.37,98.52,-5.6050589249784455,-10.089106064961202,68.14758550987227,108.1156954487452,-36.96790717849172,
2003-06-25,True,2002-06-03,104.37,97.53,-6.553607358436331,-11.796493245185395,66.85347854718482,108.1156954487452,-38.16487211250627,
2003-06-26,True,2002-06-03,104.37,98.8,-5.336782600364098,-9.606208680655378,68.51359555992529,108.1156954487452,-36.629371641598716,
2003-06-27,True,2002-06-03,104.37,97.66,-6.429050493436817,-11.57229088818627,67.02341178470942,108.1156954487452,-38.00769489894883,
2003-06-30,True,2002-06-03,104.37,97.63,-6.457794385359783,-11.62402989364761,66.98419642220374,108.1156954487452,-38.04396656361594,
2003-07-01,True,2002-06-03,104.37,98.53,-5.595477627670786,-10.071859729807416,68.16065729737417,108.1156954487452,-36.95581662360268,
2003-07-02,True,2002-06-03,104.37,99.77,-4.40739676152152,-7.933314170738736,69.78155894760897,108.1156954487452,-35.45658781736222,
2003-07-03,True,2002-06-03,104.37,98.74,-5.3942703842100315,-9.709686691578057,68.43516483491393,108.1156954487452,-36.701914970932926,
2003-07-07,True,2002-06-03,104.37,100.7,-3.516336111909557,-6.329405001437203,70.99723518528509,108.1156954487452,-34.33216621268185,
2003-07-08,True,2002-06-03,104.37,101.15,-3.0851777330650587,-5.553319919517106,71.58546562287032,108.1156954487452,-33.78809124267521,
2003-07-09,True,2002-06-03,104.37,100.58,-3.6313116796014233,-6.536361023282562,70.84037373526236,108.1156954487452,-34.477252871350295,
2003-07-10,True,2002-06-03,104.37,99.3,-4.8577177349813265,-8.743891922966387,69.16718493501998,108.1156954487452,-36.02484389714691,
2003-07-11,True,2002-06-03,104.37,100.24,-3.9570757880617147,-7.122736418511087,70.39593296019798,108.1156954487452,-34.888331737577516,
2003-07-14,True,2002-06-03,104.37,100.73,-3.4875922199865905,-6.277665995975863,71.03645054779078,108.1156954487452,-34.295894548014736,
2003-07-15,True,2002-06-03,104.37,100.51,-3.6983807607550045,-6.657085369359009,70.74887122274913,108.1156954487452,-34.561886755573525,
2003-07-16,True,2002-06-03,104.37,99.92,-4.263677301906677,-7.674619143432019,69.9776357601374,108.1156954487452,-35.27522949402665,
2003-07-17,True,2002-06-03,104.37,98.5,-5.624221519593753,-10.123598735268756,68.1214419348685,108.1156954487452,-36.992088288269784,
2003-07-18,True,2002-06-03,104.37,99.51,-4.6565104915205495,-8.381718884736989,69.44169247255977,108.1156954487452,-35.77094224447713,
2003-07-21,True,2002-06-03,104.37,98.28,-5.835010060362178,-10.50301810865192,67.83386260982682,108.1156954487452,-37.258080495828594,
2003-07-22,True,2002-06-03,104.37,99.17,-4.98227459998084,-8.968094279965513,68.99725169749537,108.1156954487452,-36.18202111070437,
2003-07-23,True,2002-06-03,104.37,99.24,-4.915205518827259,-8.847369933889066,69.0887542100086,108.1156954487452,-36.09738722648114,
2003-07-24,True,2002-06-03,104.37,98.49,-5.633802816901412,-10.140845070422541,68.1083701473666,108.1156954487452,-37.00417884315883,
2003-07-25,True,2002-06-03,104.37,100.23,-3.966657085369363,-7.139982753664853,70.3828611726961,108.1156954487452,-34.90042229246654,
2003-07-28,True,2002-06-03,104.37,99.86,-4.321165085752621,-7.778097154354717,69.89920503512603,108.1156954487452,-35.34777282336088,
2003-07-29,True,2002-06-03,104.37,99.4,-4.761904761904756,-8.57142857142856,69.29790281003893,108.1156954487452,-35.903938348256524,
2003-07-30,True,2002-06-03,104.37,99.16,-4.9918558972885,-8.9853406151193,68.98417990999347,108.1156954487452,-36.19411166559341,
2003-07-31,True,2002-06-03,104.37,99.39,-4.771486059212426,-8.588674906582368,69.28483102253702,108.1156954487452,-35.91602890314558,
2003-08-01,True,2002-06-03,104.37,98.51,-5.614640222286093,-10.106352400114968,68.13451372237039,108.1156954487452,-36.979997733380756,
2003-08-04,True,2002-06-03,104.37,98.51,-5.614640222286093,-10.106352400114968,68.13451372237039,108.1156954487452,-36.979997733380756,
2003-08-05,True,2002-06-03,104.37,96.42,-7.617131359586093,-13.710836447254968,65.40251013447461,108.1156954487452,-39.5069237051893,
2003-08-06,True,2002-06-03,104.37,96.98,-7.080578710357388,-12.745041678643299,66.13453023458065,108.1156954487452,-38.829852631403284,
2003-08-07,True,2002-06-03,104.37,98.0,-6.103286384976525,-10.985915492957746,67.46785255977382,108.1156954487452,-37.596616032721585,
2003-08-08,True,2002-06-03,104.37,98.28,-5.835010060362178,-10.50301810865192,67.83386260982682,108.1156954487452,-37.258080495828594,
2003-08-11,True,2002-06-03,104.37,98.65,-5.48050205997892,-9.864903707962057,68.3175187473969,108.1156954487452,-36.81072996493424,
2003-08-12,True,2002-06-03,104.37,99.55,-4.618185302289934,-8.312733544121881,69.49397962256732,108.1156954487452,-35.722580024921,
2003-08-13,True,2002-06-03,104.37,99.04,-5.106831464980354,-9.192296636964638,68.82731845997075,108.1156954487452,-36.33919832426184,
2003-08-14,True,2002-06-03,104.37,99.31,-4.848136437673666,-8.7266455878126,69.18025672252188,108.1156954487452,-36.01275334225787,
2003-08-15,True,2002-06-03,104.37,99.62,-4.551116221136342,-8.192009198045415,69.58548213508058,108.1156954487452,-35.63794614069774,
2003-08-18,True,2002-06-03,104.37,100.48,-3.727124652677971,-6.708824374820348,70.70965586024344,108.1156954487452,-34.59815842024063,
2003-08-19,True,2002-06-03,104.37,100.86,-3.363035354987065,-6.053463638976718,71.2063837853154,108.1156954487452,-34.13871733445727,
2003-08-20,True,2002-06-03,104.37,100.45,-3.7558685446009377,-6.760563380281688,70.67044049773776,108.1156954487452,-34.63443008490774,
2003-08-21,True,2002-06-03,104.37,100.77,-3.449267030755976,-6.208680655360757,71.08873769779834,108.1156954487452,-34.247532328458604,
2003-08-22,True,2002-06-03,104.37,99.77,-4.40739676152152,-7.933314170738736,69.78155894760897,108.1156954487452,-35.45658781736222,
2003-08-25,True,2002-06-03,104.37,99.93,-4.254096004599017,-7.657372808278231,69.9907075476393,108.1156954487452,-35.263138939137605,
2003-08-26,True,2002-06-03,104.37,100.11,-4.081632653061229,-7.346938775510212,70.22599972267336,108.1156954487452,-35.045508951134984,
2003-08-27,True,2002-06-03,104.37,100.14,-4.052888761138263,-7.295199770048874,70.26521508517905,108.1156954487452,-35.009237286467865,
2003-08-28,True,2002-06-03,104.37,100.76,-3.458848328063624,-6.225926990514523,71.07566591029646,108.1156954487452,-34.25962288334762,
2003-08-29,True,2002-06-03,104.37,101.44,-2.8073201111430524,-5.053176200057495,71.96454746042522,108.1156954487452,-33.437465150893175,
2003-09-02,True,2002-06-03,104.37,102.8,-1.5042636773019091,-2.7076746191434364,73.74231056068277,108.1156954487452,-31.793149685984258,
2003-09-03,True,2002-06-03,104.37,103.36,-0.9677110280732037,-1.7418798505317667,74.47433066078881,108.1156954487452,-31.11607861219824,
2003-09-04,True,2002-06-03,104.37,103.41,-0.9198045415349299,-1.6556481747628737,74.53968959829828,108.1156954487452,-31.055625837753055,
2003-09-05,True,2002-06-03,104.37,102.83,-1.4755197853789426,-2.6559356136820966,73.78152592318845,108.1156954487452,-31.75687802131715,
2003-09-08,True,2002-06-03,104.37,103.68,-0.6611095142282197,-1.1899971256107955,74.89262786084942,108.1156954487452,-30.72918085574907,
2003-09-09,True,2002-06-03,104.37,103.0,-1.3126377311488024,-2.3627479160678444,74.00374631072064,108.1156954487452,-31.551338588203535,
2003-09-10,True,2002-06-03,104.37,101.96,-2.3090926511449728,-4.156366772060951,72.64428041052369,108.1156954487452,-32.8087562966633,
2003-09-11,True,2002-06-03,104.37,102.26,-2.021653731915296,-3.638976717447533,73.03643403558053,108.1156954487452,-32.4460396499922,
2003-09-12,True,2002-06-03,104.37,102.45,-1.8396090830698486,-3.3112963495257275,73.28479799811649,108.1156954487452,-32.216319107100524,
2003-09-15,True,2002-06-03,104.37,102.09,-2.1845357861454473,-3.932164415061805,72.81421364804832,108.1156954487452,-32.65157908310582,
2003-09-16,True,2002-06-03,104.37,103.58,-0.7569224873047897,-1.3624604771486215,74.76190998583047,108.1156954487452,-30.85008640463944,
2003-09-17,True,2002-06-03,104.37,103.38,-0.9485484334578964,-1.7073871802242135,74.5004742357926,108.1156954487452,-31.091897502420174,
2003-09-18,True,2002-06-03,104.37,104.6,0.22036983807607324,0.39666570853693184,76.09523231102362,108.1156954487452,-29.616849805957756,
2003-09-19,True,2002-06-03,104.37,103.67,-0.67069081153589,-1.207243460764602,74.8795560733475,108.1156954487452,-30.741271410638127,
2003-09-22,True,2002-06-03,104.37,102.55,-1.7437961099933008,-3.1388329979879415,73.41551587313542,108.1156954487452,-32.095413558210176,
2003-09-23,True,2002-06-03,104.37,102.94,-1.3701255149947356,-2.466225926990524,73.92531558570927,108.1156954487452,-31.623881917537766,
2003-09-24,True,2002-06-03,104.37,101.11,-3.1235029222956845,-5.622305260132232,71.53317847286273,108.1156954487452,-33.836453462231376,
2003-09-25,True,2002-06-03,104.37,100.28,-3.918750598831089,-7.05375107789596,70.44822011020555,108.1156954487452,-34.83996951802138,
2003-09-26,True,2002-06-03,104.37,99.95,-4.23493340998371,-7.622880137970678,70.01685112264308,108.1156954487452,-35.23895782935955,
2003-09-29,True,2002-06-03,104.37,100.93,-3.2959662738334727,-5.932739292900251,71.29788629782867,108.1156954487452,-34.054083450233996,
2003-09-30,True,2002-06-03,104.37,99.95,-4.23493340998371,-7.622880137970678,70.01685112264308,108.1156954487452,-35.23895782935955,
2003-10-01,True,2002-06-03,104.37,102.08,-2.1941170834531065,-3.9494107502155917,72.80114186054642,108.1156954487452,-32.663669637994865,
2003-10-02,True,2002-06-03,104.37,102.45,-1.8396090830698486,-3.3112963495257275,73.28479799811649,108.1156954487452,-32.216319107100524,
2003-10-03,True,2002-06-03,104.37,103.39,-0.9389671361502372,-1.690140845070427,74.5135460232945,108.1156954487452,-31.07980694753113,
2003-10-06,True,2002-06-03,104.37,103.86,-0.4886461626904315,-0.8795630928427767,75.12792003588349,108.1156954487452,-30.51155086774644,
2003-10-07,True,2002-06-03,104.37,104.26,-0.10539427038420701,-0.18970968669157262,75.65079153595924,108.1156954487452,-30.027928672184988,
2003-10-08,True,2002-06-03,104.37,104.0,-0.3545080003832579,-0.6381144006898642,75.31092506091001,108.1156954487452,-30.342283099299927,
2003-10-09,True,2002-06-03,104.37,104.28,-0.08623167576889967,-0.1552170163840194,75.67693511096303,108.1156954487452,-30.003747562406915,
2003-10-10,True,2002-06-03,104.37,104.57,0.19162594615309558,0.34492670307557205,76.05601694851794,108.1156954487452,-29.65312147062488,
2003-10-13,True,2002-06-03,104.37,104.9,0.5078087573057388,0.9140557631503299,76.48738593608044,108.1156954487452,-29.254133159286667,
2003-10-14,True,2002-06-03,104.37,105.27,0.8623167576889745,1.5521701638401542,76.97104207365048,108.1156954487452,-28.80678262839236,
2003-10-15,True,2002-06-03,104.37,104.99,0.5940404330746274,1.0692727795343293,76.60503202359746,108.1156954487452,-29.14531816528537,
2003-10-16,True,2002-06-03,104.37,105.41,0.9964549199961592,1.7936188559930866,77.15404709867701,108.1156954487452,-28.637514859945835,
2003-10-17,True,2002-06-03,104.37,104.26,-0.10539427038420701,-0.18970968669157262,75.65079153595924,108.1156954487452,-30.027928672184988,
2003-10-20,True,2002-06-03,104.37,105.04,0.6419469196129235,1.1555044553032623,76.67039096110696,108.1156954487452,-29.084865390840154,
2003-10-21,True,2002-06-03,104.37,104.86,0.46948356807510194,0.8450704225351835,76.43509878607284,108.1156954487452,-29.302495378842842,
2003-10-22,True,2002-06-03,104.37,103.54,-0.7952476765354044,-1.431445817763728,74.7096228358229,108.1156954487452,-30.898448624195584,
2003-10-23,True,2002-06-03,104.37,103.35,-0.977292325380863,-1.7591261856855533,74.46125887328691,108.1156954487452,-31.128169167087282,
2003-10-24,True,2002-06-03,104.37,103.58,-0.7569224873047897,-1.3624604771486215,74.76190998583047,108.1156954487452,-30.85008640463944,
2003-10-27,True,2002-06-03,104.37,103.63,-0.7090160007665158,-1.2762288013797285,74.82726892333993,108.1156954487452,-30.789633630194267,
2003-10-28,True,2002-06-03,104.37,105.04,0.6419469196129235,1.1555044553032623,76.67039096110696,108.1156954487452,-29.084865390840154,
2003-10-29,True,2002-06-03,104.37,105.18,0.776085081920086,1.3969531474561547,76.85339598613345,108.1156954487452,-28.915597622393673,
2003-10-30,True,2002-06-03,104.37,105.4,0.9868736226885222,1.77637252083934,77.14097531117513,108.1156954487452,-28.649605414834866,
2003-10-31,True,2002-06-03,104.37,105.3,0.8910606496119522,1.603909169301514,77.01025743615618,108.1156954487452,-28.770510963725226,
2003-11-03,True,2002-06-03,104.37,105.99,1.552170163840172,2.7939062949123095,77.91221077378684,108.1156954487452,-27.93626267638174,
2003-11-04,True,2002-06-03,104.37,105.76,1.3318003257640987,2.3972405863753776,77.61155966124328,108.1156954487452,-28.21434543882958,
2003-11-05,True,2002-06-03,104.37,105.84,1.4084507042253502,2.5352112676056304,77.71613396125844,108.1156954487452,-28.117620999717285,
2003-11-06,True,2002-06-03,104.37,106.4,1.9450033534540667,3.50100603621732,78.4481540613645,108.1156954487452,-27.440549925931236,
2003-11-07,True,2002-06-03,104.37,105.61,1.188080866149277,2.1385455590686986,77.41548284871489,108.1156954487452,-28.395703762165112,
2003-11-10,True,2002-06-03,104.37,105.18,0.776085081920086,1.3969531474561547,76.85339598613345,108.1156954487452,-28.915597622393673,
2003-11-11,True,2002-06-03,104.37,105.15,0.7473411899971305,1.345214141994835,76.81418062362779,108.1156954487452,-28.95186928706076,
2003-11-12,True,2002-06-03,104.37,106.33,1.8779342723004744,3.380281690140854,78.35665154885125,108.1156954487452,-27.525183810154495,
2003-11-13,True,2002-06-03,104.37,106.36,1.9066781642234298,3.4320206956021737,78.3958669113569,108.1156954487452,-27.48891214548741,
2003-11-14,True,2002-06-03,104.37,105.46,1.044361406534433,1.8798505317619796,77.21940603618647,108.1156954487452,-28.57706208550066,
2003-11-17,True,2002-06-03,104.37,104.93,0.5365526492287165,0.9657947686116897,76.52660129858614,108.1156954487452,-29.217861494619545,
2003-11-18,True,2002-06-03,104.37,103.84,-0.5078087573057388,-0.9140557631503299,75.1017764608797,108.1156954487452,-30.535731977524506,
2003-11-19,True,2002-06-03,104.37,104.72,0.3353454057679395,0.603621730382291,76.25209376104635,108.1156954487452,-29.47176314728932,
2003-11-20,True,2002-06-03,104.37,103.78,-0.5652965411516719,-1.0175337740730095,75.02334573586835,108.1156954487452,-30.608275306858722,
2003-11-21,True,2002-06-03,104.37,104.21,-0.1533007569225031,-0.2759413624605056,75.58543259844976,108.1156954487452,-30.088381446630187,
2003-11-24,True,2002-06-03,104.37,105.59,1.1689182715339586,2.1040528887611254,77.38933927371109,108.1156954487452,-28.41988487194319,
2003-11-25,True,2002-06-03,104.37,105.99,1.552170163840172,2.7939062949123095,77.91221077378684,108.1156954487452,-27.93626267638174,
2003-11-26,True,2002-06-03,104.37,106.37,1.916259461531089,3.4492670307559603,78.4089386988588,108.1156954487452,-27.476821590598366,
2003-11-28,True,2002-06-03,104.37,106.45,1.9929098399923406,3.587237711986213,78.51351299887396,108.1156954487452,-27.380097151486073,
2003-12-01,True,2002-06-03,104.37,107.6,3.094759030372707,5.570566254670872,80.01676856159172,108.1156954487452,-25.989683339246927,
2003-12-02,True,2002-06-03,104.37,107.33,2.836064003066019,5.104915205518834,79.6638302990406,108.1156954487452,-26.316128321250897,
2003-12-03,True,2002-06-03,104.37,107.16,2.6731819488358566,4.811727507904542,79.4416099115084,108.1156954487452,-26.52166775436452,
2003-12-04,True,2002-06-03,104.37,107.6,3.094759030372707,5.570566254670872,80.01676856159172,108.1156954487452,-25.989683339246927,
2003-12-05,True,2002-06-03,104.37,106.85,2.376161732298554,4.277091118137397,79.0363844989497,108.1156954487452,-26.89647495592463,
2003-12-08,True,2002-06-03,104.37,107.57,3.066015138449729,5.5188272492095125,79.97755319908602,108.1156954487452,-26.02595500391406,
2003-12-09,True,2002-06-03,104.37,106.74,2.2707674619143248,4.087381431445785,78.89259483642884,108.1156954487452,-27.029471059704058,
2003-12-10,True,2002-06-03,104.37,106.73,2.2611861646066878,4.070135096292038,78.87952304892698,108.1156954487452,-27.041561614593057,
2003-12-11,True,2002-06-03,104.37,107.93,3.41094184152535,6.13969531474563,80.44813754915423,108.1156954487452,-25.590695027908726,
2003-12-12,True,2002-06-03,104.37,108.14,3.612149084986105,6.501868352974989,80.72264508669399,108.1156954487452,-25.336793375238965,
2003-12-15,True,2002-06-03,104.37,107.6,3.094759030372707,5.570566254670872,80.01676856159172,108.1156954487452,-25.989683339246927,
2003-12-16,True,2002-06-03,104.37,108.16,3.631311679601401,6.536361023282522,80.74878866169774,108.1156954487452,-25.31261226546092,
2003-12-17,True,2002-06-03,104.37,108.5,3.9570757880617036,7.122736418511066,81.19322943676215,108.1156954487452,-24.901533399233678,
2003-12-18,True,2002-06-03,104.37,109.72,5.125994059595662,9.226789307272192,82.78798751199317,108.1156954487452,-23.42648570277128,
2003-12-19,True,2002-06-03,104.37,108.9,4.340327680367917,7.8125898246622505,81.71610093683789,108.1156954487452,-24.417911203672237,
2003-12-22,True,2002-06-03,104.37,109.66,5.068506275749729,9.123311296349513,82.7095567869818,108.1156954487452,-23.49902903210549,
2003-12-23,True,2002-06-03,104.37,109.73,5.135575356903321,9.24403564242598,82.80105929949507,108.1156954487452,-23.41439514788224,
2003-12-24,True,2002-06-03,104.37,109.62,5.030181086519114,9.054325955734406,82.65726963697425,108.1156954487452,-23.54739125166162,
2003-12-26,True,2002-06-03,104.37,109.7,5.106831464980366,9.19229663696466,82.76184393698941,108.1156954487452,-23.450666812549326,
2003-12-29,True,2002-06-03,104.37,111.16,6.505700871898057,11.710261569416502,84.67032491226587,108.1156954487452,-21.68544579875007,
2003-12-30,True,2002-06-03,104.37,111.18,6.524863466513375,11.744754239724076,84.69646848726967,108.1156954487452,-21.661264688971983,
2003-12-31,True,2002-06-03,104.37,111.28,6.620676439589923,11.917217591261862,84.82718636228859,108.1156954487452,-21.540359140081634,
2004-01-02,True,2002-06-03,104.37,111.23,6.572769953051649,11.830985915492969,84.76182742477913,108.1156954487452,-21.60081191452681,
2004-01-05,True,2002-06-03,104.37,112.44,7.732106927277949,13.917792469100307,86.34351371250824,108.1156954487452,-20.137854772953457,
2004-01-06,True,2002-06-03,104.37,112.55,7.837501197662156,14.107502155791881,86.48730337502909,108.1156954487452,-20.00485866917404,
2004-01-07,True,2002-06-03,104.37,112.93,8.201590495353074,14.762862891635534,86.98403130010105,108.1156954487452,-19.545417583390666,
2004-01-08,True,2002-06-03,104.37,113.38,8.63274887419756,15.538947973555608,87.57226173768626,108.1156954487452,-19.001342613384043,
2004-01-09,True,2002-06-03,104.37,112.39,7.684200440739675,13.831560793331414,86.27815477499878,108.1156954487452,-20.19830754739863,
2004-01-12,True,2002-06-03,104.37,113.22,8.47944811727508,15.263006611095145,87.36311313765596,108.1156954487452,-19.194791491608633,
2004-01-13,True,2002-06-03,104.37,112.56,7.847082494969815,14.124748490945667,86.50037516253099,108.1156954487452,-19.99276811428501,
2004-01-14,True,2002-06-03,104.37,113.5,8.747724441889426,15.745903995400967,87.72912318770898,108.1156954487452,-18.856255954715618,
2004-01-15,True,2002-06-03,104.37,113.78,9.016000766503772,16.22880137970679,88.095133237762,108.1156954487452,-18.517720417822613,
2004-01-16,True,2002-06-03,104.37,114.23,9.447159145348284,17.00488646162691,88.68336367534722,108.1156954487452,-17.97364544781598,
2004-01-20,True,2002-06-03,104.37,114.2,9.418415253425305,16.95314745616555,88.64414831284152,108.1156954487452,-18.009917112483098,
2004-01-21,True,2002-06-03,104.37,115.1,10.280732011114303,18.505317620005744,89.82060918801196,108.1156954487452,-16.92176717246985,
2004-01-22,True,2002-06-03,104.37,114.8,9.993293091884636,17.987927565392347,89.42845556295515,108.1156954487452,-17.284483819140927,
2004-01-23,True,2002-06-03,104.37,114.43,9.6387850915014,17.34981316470252,88.94479942538511,108.1156954487452,-17.731834350035236,
2004-01-26,True,2002-06-03,104.37,115.87,11.018491903803774,19.833285426846793,90.82713682565777,108.1156954487452,-15.990794446014068,
2004-01-27,True,2002-06-03,104.37,114.68,9.87831752419277,17.780971543546986,89.27159411293243,108.1156954487452,-17.429570477809353,
2004-01-28,True,2002-06-03,104.37,113.37,8.623167576889902,15.521701638401824,87.55918995018436,108.1156954487452,-19.013433168273085,
2004-01-29,True,2002-06-03,104.37,113.48,8.728561847274129,15.711411325093433,87.70297961270522,108.1156954487452,-18.88043706449366,
2004-01-30,True,2002-06-03,104.37,113.48,8.728561847274129,15.711411325093433,87.70297961270522,108.1156954487452,-18.88043706449366,
2004-02-02,True,2002-06-03,104.37,113.97,9.198045415349231,16.556481747628617,88.34349720029799,108.1156954487452,-18.287999874930915,
2004-02-03,True,2002-06-03,104.37,113.78,9.016000766503772,16.22880137970679,88.095133237762,108.1156954487452,-18.517720417822613,
2004-02-04,True,2002-06-03,104.37,112.85,8.124940116891821,14.624892210405278,86.87945700008589,108.1156954487452,-19.642142022502963,
2004-02-05,True,2002-06-03,104.37,113.18,8.441122928044464,15.194021270480036,87.3108259876484,108.1156954487452,-19.243153711164762,
2004-02-06,True,2002-06-03,104.37,114.45,9.657947686116696,17.384305835010053,88.97094300038887,108.1156954487452,-17.707653240257194,
2004-02-09,True,2002-06-03,104.37,114.48,9.686691578039675,17.436044840471414,89.01015836289457,108.1156954487452,-17.67138157559006,
2004-02-10,True,2002-06-03,104.37,114.85,10.04119957842291,18.07415924116124,89.49381450046462,108.1156954487452,-17.224031044695742,
2004-02-11,True,2002-06-03,104.37,116.07,11.21011784995687,20.178212129922365,91.08857257569564,108.1156954487452,-15.748983348233347,
2004-02-12,True,2002-06-03,104.37,115.65,10.807703363035358,19.453866053463646,90.53955750061613,108.1156954487452,-16.256786653572842,
2004-02-13,True,2002-06-03,104.37,115.13,10.309475903037256,18.557056625467062,89.85982455051764,108.1156954487452,-16.885495507802737,
2004-02-17,True,2002-06-03,104.37,116.17,11.305930823033439,20.35067548146019,91.2192904507146,108.1156954487452,-15.628077799342964,
2004-02-18,True,2002-06-03,104.37,115.66,10.817284660342995,19.471112388617392,90.55262928811798,108.1156954487452,-16.244696098683843,
2004-02-19,True,2002-06-03,104.37,115.23,10.405288876113827,18.72951997700489,89.99054242553659,108.1156954487452,-16.764589958912367,
2004-02-20,True,2002-06-03,104.37,114.88,10.069943470345866,18.125898246622558,89.5330298629703,108.1156954487452,-17.187759380028645,
2004-02-23,True,2002-06-03,104.37,114.59,9.79208584842388,17.625754527162986,89.1539480254154,108.1156954487452,-17.53838547181067,
2004-02-24,True,2002-06-03,104.37,114.39,9.600459902270764,17.280827824087375,88.89251227537751,108.1156954487452,-17.78019656959141,
2004-02-25,True,2002-06-03,104.37,114.87,10.060362173038229,18.10865191146881,89.51995807546842,108.1156954487452,-17.199849934917655,
2004-02-26,True,2002-06-03,104.37,114.94,10.127431254191821,18.22937625754528,89.61146058798168,108.1156954487452,-17.115216050694404,
2004-02-27,True,2002-06-03,104.37,115.02,10.20408163265305,18.36734693877549,89.7160348879968,108.1156954487452,-17.018491611582142,
2004-03-01,True,2002-06-03,104.37,116.16,11.29634952572578,20.333429146306404,91.2062186632127,108.1156954487452,-15.64016835423201,
2004-03-02,True,2002-06-03,104.37,115.48,10.64482130880522,19.160678355849395,90.31733711308395,108.1156954487452,-16.462326086686442,
2004-03-03,True,2002-06-03,104.37,115.69,10.846028552265974,19.522851394078753,90.59184465062368,108.1156954487452,-16.20842443401671,
2004-03-04,True,2002-06-03,104.37,115.99,11.133467471495639,20.04024144869215,90.9839982756805,108.1156954487452,-15.84570778734562,
2004-03-05,True,2002-06-03,104.37,116.38,11.507138066494193,20.712848519689548,91.49379798825436,108.1156954487452,-15.374176146673213,
2004-03-08,True,2002-06-03,104.37,114.96,10.146593848807118,18.263868927852812,89.63760416298544,108.1156954487452,-17.091034940916362,
2004-03-09,True,2002-06-03,104.37,114.5,9.70585417265497,17.470537510778946,89.03630193789833,108.1156954487452,-17.64720046581202,
2004-03-10,True,2002-06-03,104.37,112.58,7.866245089585133,14.15924116125324,86.52651873753477,108.1156954487452,-19.968587004506933,
2004-03-11,True,2002-06-03,104.37,111.12,6.467375682667442,11.641276228801397,84.61803776225831,108.1156954487452,-21.73380801830619,
2004-03-12,True,2002-06-03,104.37,112.58,7.866245089585133,14.15924116125324,86.52651873753477,108.1156954487452,-19.968587004506933,
2004-03-15,True,2002-06-03,104.37,111.2,6.544026061128672,11.77924691003161,84.72261206227343,108.1156954487452,-21.637083579193938,
2004-03-16,True,2002-06-03,104.37,111.79,7.1093226022803435,12.796780684104618,85.49384752488515,108.1156954487452,-20.923740840740802,
2004-03-17,True,2002-06-03,104.37,113.04,8.30698476573728,14.952572578327104,87.12782096262187,108.1156954487452,-19.412421479611286,
2004-03-18,True,2002-06-03,104.37,113.07,8.335728657660235,15.004311583788423,87.16703632512755,108.1156954487452,-19.376149814944167,
2004-03-19,True,2002-06-03,104.37,111.06,6.409887898821487,11.537798217878677,84.53960703724692,108.1156954487452,-21.80635134764043,
2004-03-22,True,2002-06-03,104.37,109.65,5.058924978442092,9.106064961195766,82.69648499947995,108.1156954487452,-23.5111195869945,
2004-03-23,True,2002-06-03,104.37,109.46,4.876880329596611,8.7783845932739,82.44812103694392,108.1156954487452,-23.74084012988623,
2004-03-24,True,2002-06-03,104.37,109.55,4.963112005365522,8.93360160965794,82.56576712446099,108.1156954487452,-23.63202513588488,
2004-03-25,True,2002-06-03,104.37,111.0,6.352400114975554,11.434320206955997,84.46117631223557,108.1156954487452,-21.878894676974646,
2004-03-26,True,2002-06-03,104.37,111.03,6.3811440068985315,11.486059212417358,84.50039167474125,108.1156954487452,-21.842623012307538,
2004-03-29,True,2002-06-03,104.37,112.59,7.8758263868927925,14.176487496407027,86.53959052503667,108.1156954487452,-19.956496449617887,
2004-03-30,True,2002-06-03,104.37,112.97,8.239915684583687,14.831848232250637,87.03631845010861,108.1156954487452,-19.497055363834537,
2004-03-31,True,2002-06-03,104.37,113.1,8.364472549583212,15.056050589249782,87.20625168763324,108.1156954487452,-19.339878150277055,
2004-04-01,True,2002-06-03,104.37,113.78,9.016000766503772,16.22880137970679,88.095133237762,108.1156954487452,-18.517720417822613,
2004-04-02,True,2002-06-03,104.37,114.64,9.839992334962155,17.71198620293188,89.21930696292488,108.1156954487452,-17.477932697365482,
2004-04-05,True,2002-06-03,104.37,115.27,10.443614065344441,18.798505317619995,90.04282957554416,108.1156954487452,-16.716227739356228,
2004-04-06,True,2002-06-03,104.37,114.9,10.089106064961207,18.160390916930172,89.55917343797412,108.1156954487452,-17.163578270250536,
2004-04-07,True,2002-06-03,104.37,114.63,9.830411037654496,17.694739867778093,89.20623517542298,108.1156954487452,-17.490023252254527,
2004-04-08,True,2002-06-03,104.37,114.37,9.581297307655445,17.246335153779803,88.86636870037371,108.1156954487452,-17.804377679369487,
2004-04-12,True,2002-06-03,104.37,114.82,10.012455686499933,18.02242023569988,89.45459913795892,108.1156954487452,-17.260302709362875,
2004-04-13,True,2002-06-03,104.37,113.21,8.46986681996742,15.245760275941356,87.35004135015406,108.1156954487452,-19.206882046497675,
2004-04-14,True,2002-06-03,104.37,113.39,8.642330171505218,15.556194308709394,87.58533352518816,108.1156954487452,-18.98925205849501,
2004-04-15,True,2002-06-03,104.37,112.96,8.230334387276027,14.81460189709685,87.02324666260671,108.1156954487452,-19.50914591872358,
2004-04-16,True,2002-06-03,104.37,113.83,9.063907253042046,16.315033055475684,88.16049217527146,108.1156954487452,-18.45726764337744,
2004-04-19,True,2002-06-03,104.37,113.83,9.063907253042046,16.315033055475684,88.16049217527146,108.1156954487452,-18.45726764337744,
2004-04-20,True,2002-06-03,104.37,111.92,7.233879467279869,13.020983041103765,85.6637807624098,108.1156954487452,-20.76656362718331,
2004-04-21,True,2002-06-03,104.37,112.67,7.952476765354022,14.31445817763724,86.6441648250518,108.1156954487452,-19.859772010505615,
2004-04-22,True,2002-06-03,104.37,114.25,9.466321739963579,17.039379131934442,88.709507250351,108.1156954487452,-17.949464338037924,
2004-04-23,True,2002-06-03,104.37,114.36,9.571716010347785,17.229088818626014,88.85329691287183,108.1156954487452,-17.81646823425852,
2004-04-26,True,2002-06-03,104.37,114.2,9.418415253425305,16.95314745616555,88.64414831284152,108.1156954487452,-18.009917112483098,
2004-04-27,True,2002-06-03,104.37,114.3,9.514228226501853,17.125610807703335,88.77486618786047,108.1156954487452,-17.88901156359274,
2004-04-28,True,2002-06-03,104.37,112.82,8.096196224968843,14.573153204943917,86.84024163758019,108.1156954487452,-19.678413687170092,
2004-04-29,True,2002-06-03,104.37,111.83,7.147647791510958,12.865766024719726,85.54613467489273,108.1156954487452,-20.87537862118466,
2004-04-30,True,2002-06-03,104.37,110.96,6.314074925744939,11.365334866340891,84.40888916222798,108.1156954487452,-21.9272568965308,
2004-05-03,True,2002-06-03,104.37,112.15,7.454249305355942,13.417648749640696,85.96443187495333,108.1156954487452,-20.488480864735493,
2004-05-04,True,2002-06-03,104.37,112.06,7.368017629587054,13.262431733256697,85.8467857874363,108.1156954487452,-20.597295858736807,
2004-05-05,True,2002-06-03,104.37,112.78,8.057871035738229,14.504167864328812,86.78795448757263,108.1156954487452,-19.726775906726225,
2004-05-06,True,2002-06-03,104.37,111.81,7.128485196895662,12.831273354412192,85.51999109988895,108.1156954487452,-20.899559730962714,
2004-05-07,True,2002-06-03,104.37,109.96,5.355945194979395,9.64070135096291,83.10171041203863,108.1156954487452,-23.136312385434397,
2004-05-10,True,2002-06-03,104.37,108.83,4.273258599214325,7.691865478585784,81.62459842432463,108.1156954487452,-24.502545087895488,
2004-05-11,True,2002-06-03,104.37,109.75,5.15473795151864,9.278528312733552,82.82720287449887,108.1156954487452,-23.39021403810415,
2004-05-12,True,2002-06-03,104.37,110.45,5.825428763054519,10.485771773498135,83.74222799963142,108.1156954487452,-22.54387519587162,
2004-05-13,True,2002-06-03,104.37,109.99,5.38468908690235,9.69244035642423,83.14092577454429,108.1156954487452,-23.10004072076731,
2004-05-14,True,2002-06-03,104.37,110.04,5.432595573440646,9.778672032193164,83.20628471205377,108.1156954487452,-23.039587946322115,
2004-05-17,True,2002-06-03,104.37,109.1,4.5319536265210125,8.157516527737823,81.97753668687575,108.1156954487452,-24.17610010589153,
2004-05-18,True,2002-06-03,104.37,109.65,5.058924978442092,9.106064961195766,82.69648499947995,108.1156954487452,-23.5111195869945,
2004-05-19,True,2002-06-03,104.37,109.27,4.694835680751175,8.450704225352116,82.19975707440797,108.1156954487452,-23.970560672777886,
2004-05-20,True,2002-06-03,104.37,109.62,5.030181086519114,9.054325955734406,82.65726963697425,108.1156954487452,-23.54739125166162,
2004-05-21,True,2002-06-03,104.37,109.81,5.212225735364573,9.382006323656231,82.90563359951022,108.1156954487452,-23.317670708769946,
2004-05-24,True,2002-06-03,104.37,110.27,5.652965411516719,10.175337740730095,83.50693582459733,108.1156954487452,-22.761505183874277,
2004-05-25,True,2002-06-03,104.37,111.85,7.166810386126277,12.900258695027299,85.57227824989651,108.1156954487452,-20.851197511406593,
2004-05-26,True,2002-06-03,104.37,112.24,7.540480981124831,13.572865766024696,86.08207796247036,108.1156954487452,-20.379665870734186,
2004-05-27,True,2002-06-03,104.37,112.87,8.14410271150714,14.659384880712851,86.9056005750897,108.1156954487452,-19.617960912724886,
2004-05-28,True,2002-06-03,104.37,112.86,8.13452141419948,14.642138545559064,86.89252878758779,108.1156954487452,-19.630051467613917,
2004-06-01,True,2002-06-03,104.37,112.71,7.9908019545846365,14.383443518252346,86.69645197505936,108.1156954487452,-19.811409790949487,
2004-06-02,True,2002-06-03,104.37,113.13,8.39321644150617,15.107789594711106,87.24546705013891,108.1156954487452,-19.303606485609958,
2004-06-03,True,2002-06-03,104.37,112.09,7.396761521510009,13.314170738718017,85.88600114994198,108.1156954487452,-20.56102419406971,
2004-06-04,True,2002-06-03,104.37,112.98,8.249496981891348,14.849094567404427,87.04939023761051,108.1156954487452,-19.48496480894549,
2004-06-07,True,2002-06-03,104.37,114.7,9.897480118808089,17.81546421385456,89.29773768793623,108.1156954487452,-17.405389368031276,
2004-06-08,True,2002-06-03,104.37,114.86,10.05078087573057,18.091405576315026,89.50688628796652,108.1156954487452,-17.2119404898067,
2004-06-09,True,2002-06-03,104.37,113.79,9.025582063811433,16.24604771486058,88.10820502526389,108.1156954487452,-18.50562986293358,
2004-06-10,True,2002-06-03,104.37,114.35,9.562134713040127,17.21184248347223,88.84022512536993,108.1156954487452,-17.828558789147564,
2004-06-14,True,2002-06-03,104.37,113.22,8.47944811727508,15.263006611095145,87.36311313765596,108.1156954487452,-19.194791491608633,
2004-06-15,True,2002-06-03,104.37,114.02,9.245951901887505,16.64271342339751,88.40885613780745,108.1156954487452,-18.22754710048574,
2004-06-16,True,2002-06-03,104.37,114.0,9.22678930727221,16.608220753089977,88.38271256280369,108.1156954487452,-18.251728210263785,
2004-06-17,True,2002-06-03,104.37,113.83,9.063907253042046,16.315033055475684,88.16049217527146,108.1156954487452,-18.45726764337744,
2004-06-18,True,2002-06-03,104.37,113.63,8.87228130688895,15.970106352400112,87.8990564252336,108.1156954487452,-18.699078741158146,
2004-06-21,True,2002-06-03,104.37,113.2,8.46028552265976,15.228513940787568,87.33696956265217,108.1156954487452,-19.218972601386696,
2004-06-22,True,2002-06-03,104.37,113.77,9.006419469196114,16.211555044553005,88.0820614502601,108.1156954487452,-18.529810972711658,
2004-06-23,True,2002-06-03,104.37,114.75,9.945386605346362,17.901695889623454,89.36309662544569,108.1156954487452,-17.3449365935861,
2004-06-24,True,2002-06-03,104.37,114.39,9.600459902270764,17.280827824087375,88.89251227537751,108.1156954487452,-17.78019656959141,
2004-06-25,True,2002-06-03,104.37,113.84,9.073488550349706,16.332279390629473,88.17356396277336,108.1156954487452,-18.445177088488396,
2004-06-28,True,2002-06-03,104.37,113.45,8.699817955351152,15.659672319632074,87.66376425019952,108.1156954487452,-18.916708729160792,
2004-06-29,True,2002-06-03,104.37,113.92,9.150138928810957,16.470250071859724,88.2781382627885,108.1156954487452,-18.348452649376114,
2004-06-30,True,2002-06-03,104.37,114.53,9.734598064577948,17.522276516240307,89.07551730040403,108.1156954487452,-17.610928801144897,
2004-07-01,True,2002-06-03,104.37,112.94,8.21117179266071,14.78010922678928,86.99710308760291,108.1156954487452,-19.533327028501667,
2004-07-02,True,2002-06-03,104.37,112.88,8.153684008814777,14.676631215866598,86.91867236259155,108.1156954487452,-19.605870357835876,
2004-07-06,True,2002-06-03,104.37,111.89,7.205135575356891,12.969244035642404,85.6245653999041,108.1156954487452,-20.80283529185043,
2004-07-07,True,2002-06-03,104.37,112.22,7.5213183865095345,13.538373095717162,86.0559343874666,108.1156954487452,-20.40384698051223,
2004-07-08,True,2002-06-03,104.37,111.44,6.773977196512404,12.193158953722328,85.03633496231889,108.1156954487452,-21.346910261857055,
2004-07-09,True,2002-06-03,104.37,111.73,7.05183481843441,12.69330267318194,85.4154167998738,108.1156954487452,-20.99628417007502,
2004-07-12,True,2002-06-03,104.37,111.78,7.099741304972684,12.779534348950833,85.48077573738325,108.1156954487452,-20.935831395629844,
2004-07-13,True,2002-06-03,104.37,111.86,7.176391683433936,12.917505030181085,85.58535003739841,108.1156954487452,-20.83910695651755,
2004-07-14,True,2002-06-03,104.37,111.52,6.850627574973633,12.331129634952541,85.140909262334,108.1156954487452,-21.250185822744793,
2004-07-15,True,2002-06-03,104.37,110.8,6.160774168822458,11.089393503880425,84.1997405621977,108.1156954487452,-22.120705774755358,
2004-07-16,True,2002-06-03,104.37,110.71,6.074542493053547,10.934176487496385,84.08209447468064,108.1156954487452,-22.229520768756693,
2004-07-19,True,2002-06-03,104.37,110.24,5.624221519593742,10.123598735268736,83.46772046209163,108.1156954487452,-22.797776848541407,
2004-07-20,True,2002-06-03,104.37,111.64,6.965603142665522,12.53808565679794,85.29777071235678,108.1156954487452,-21.105099164076314,RAW_DECISION
2004-07-21,False,,,109.58,,,85.29777071235678,108.1156954487452,-21.105099164076314,
2004-07-22,False,,,109.88,,,85.29777071235678,108.1156954487452,-21.105099164076314,
2004-07-23,False,,,108.96,,,85.29777071235678,108.1156954487452,-21.105099164076314,
2004-07-26,False,,,108.75,,,85.29777071235678,108.1156954487452,-21.105099164076314,
2004-07-27,False,,,109.77,,,85.29777071235678,108.1156954487452,-21.105099164076314,
2004-07-28,False,,,110.1,,,85.29777071235678,108.1156954487452,-21.105099164076314,
2004-07-29,False,,,110.57,,,85.29777071235678,108.1156954487452,-21.105099164076314,
2004-07-30,False,,,110.84,,,85.29777071235678,108.1156954487452,-21.105099164076314,
2004-08-02,False,,,111.07,,,85.29777071235678,108.1156954487452,-21.105099164076314,
2004-08-03,False,,,110.21,,,85.29777071235678,108.1156954487452,-21.105099164076314,
2004-08-04,False,,,110.2,,,85.29777071235678,108.1156954487452,-21.105099164076314,
2004-08-05,False,,,108.4,,,85.29777071235678,108.1156954487452,-21.105099164076314,
2004-08-06,False,,,106.85,,,85.29777071235678,108.1156954487452,-21.105099164076314,
2004-08-09,False,,,107.0,,,85.29777071235678,108.1156954487452,-21.105099164076314,
2004-08-10,False,,,108.38,,,85.29777071235678,108.1156954487452,-21.105099164076314,
2004-08-11,False,,,108.16,,,85.29777071235678,108.1156954487452,-21.105099164076314,
2004-08-12,False,,,106.98,,,85.29777071235678,108.1156954487452,-21.105099164076314,
2004-08-13,False,,,107.19,,,85.29777071235678,108.1156954487452,-21.105099164076314,
2004-08-16,False,,,108.3,,,85.29777071235678,108.1156954487452,-21.105099164076314,
2004-08-17,False,,,108.91,,,85.29777071235678,108.1156954487452,-21.105099164076314,
2004-08-18,False,,,110.03,,,85.29777071235678,108.1156954487452,-21.105099164076314,
2004-08-19,False,,,109.71,,,85.29777071235678,108.1156954487452,-21.105099164076314,
2004-08-20,False,,,110.48,,,85.29777071235678,108.1156954487452,-21.105099164076314,
2004-08-23,False,,,110.2,,,85.29777071235678,108.1156954487452,-21.105099164076314,
2004-08-24,False,,,110.35,,,85.29777071235678,108.1156954487452,-21.105099164076314,
2004-08-25,False,,,111.1,,,85.29777071235678,108.1156954487452,-21.105099164076314,
2004-08-26,False,,,111.1,,,85.29777071235678,108.1156954487452,-21.105099164076314,
2004-08-27,False,,,111.45,,,85.29777071235678,108.1156954487452,-21.105099164076314,
2004-08-30,False,,,110.53,,,85.29777071235678,108.1156954487452,-21.105099164076314,
2004-08-31,False,,,111.11,,,85.29777071235678,108.1156954487452,-21.105099164076314,
2004-09-01,False,,,111.32,,,85.29777071235678,108.1156954487452,-21.105099164076314,
2004-09-02,False,,,112.58,,,85.29777071235678,108.1156954487452,-21.105099164076314,
2004-09-03,False,,,112.12,,,85.29777071235678,108.1156954487452,-21.105099164076314,
2004-09-07,False,,,112.86,,,85.29777071235678,108.1156954487452,-21.105099164076314,
2004-09-08,False,,,112.58,,,85.29777071235678,108.1156954487452,-21.105099164076314,
2004-09-09,False,,,112.48,,,85.29777071235678,108.1156954487452,-21.105099164076314,
2004-09-10,False,,,113.06,,,85.29777071235678,108.1156954487452,-21.105099164076314,
2004-09-13,False,,,113.43,,,85.29777071235678,108.1156954487452,-21.105099164076314,
2004-09-14,False,,,113.66,,,85.29777071235678,108.1156954487452,-21.105099164076314,
2004-09-15,False,,,112.8,,,85.29777071235678,108.1156954487452,-21.105099164076314,
2004-09-16,False,,,113.14,,,85.29777071235678,108.1156954487452,-21.105099164076314,
2004-09-17,False,,,113.15,,,85.29777071235678,108.1156954487452,-21.105099164076314,
2004-09-20,False,,,112.47,,,85.29777071235678,108.1156954487452,-21.105099164076314,
2004-09-21,False,,,112.96,,,85.29777071235678,108.1156954487452,-21.105099164076314,
2004-09-22,False,,,111.55,,,85.29777071235678,108.1156954487452,-21.105099164076314,
2004-09-23,False,,,110.95,,,85.29777071235678,108.1156954487452,-21.105099164076314,
2004-09-24,False,,,111.46,,,85.29777071235678,108.1156954487452,-21.105099164076314,
2004-09-27,False,,,110.75,,,85.29777071235678,108.1156954487452,-21.105099164076314,
2004-09-28,False,,,111.28,,,85.29777071235678,108.1156954487452,-21.105099164076314,
2004-09-29,False,,,111.84,,,85.29777071235678,108.1156954487452,-21.105099164076314,
2004-09-30,False,,,111.76,,,85.29777071235678,108.1156954487452,-21.105099164076314,
2004-10-01,False,,,113.65,,,85.29777071235678,108.1156954487452,-21.105099164076314,
2004-10-04,False,,,113.84,,,85.29777071235678,108.1156954487452,-21.105099164076314,
2004-10-05,False,,,113.9,,,85.29777071235678,108.1156954487452,-21.105099164076314,
2004-10-06,False,,,114.68,,,85.29777071235678,108.1156954487452,-21.105099164076314,
2004-10-07,False,,,113.45,,,85.29777071235678,108.1156954487452,-21.105099164076314,
2004-10-08,False,,,112.51,,,85.29777071235678,108.1156954487452,-21.105099164076314,
2004-10-11,False,,,112.97,,,85.29777071235678,108.1156954487452,-21.105099164076314,
2004-10-12,False,,,112.53,,,85.29777071235678,108.1156954487452,-21.105099164076314,
2004-10-13,False,,,111.54,,,85.29777071235678,108.1156954487452,-21.105099164076314,
2004-10-14,False,,,110.64,,,85.29777071235678,108.1156954487452,-21.105099164076314,
2004-10-15,False,,,111.26,,,85.29777071235678,108.1156954487452,-21.105099164076314,
2004-10-18,False,,,111.68,,,85.29777071235678,108.1156954487452,-21.105099164076314,
2004-10-19,False,,,110.74,,,85.29777071235678,108.1156954487452,-21.105099164076314,
2004-10-20,False,,,110.52,,,85.29777071235678,108.1156954487452,-21.105099164076314,
2004-10-21,False,,,111.24,,,85.29777071235678,108.1156954487452,-21.105099164076314,
2004-10-22,False,,,109.99,,,85.29777071235678,108.1156954487452,-21.105099164076314,
2004-10-25,False,,,109.86,,,85.29777071235678,108.1156954487452,-21.105099164076314,
2004-10-26,False,,,111.54,,,85.29777071235678,108.1156954487452,-21.105099164076314,
2004-10-27,False,,,112.88,,,85.29777071235678,108.1156954487452,-21.105099164076314,
2004-10-28,False,,,113.22,,,85.29777071235678,108.1156954487452,-21.105099164076314,
2004-10-29,False,,,113.2,,,85.29777071235678,108.1156954487452,-21.105099164076314,
2004-11-01,False,,,113.51,,,85.29777071235678,108.1156954487452,-21.105099164076314,
2004-11-02,False,,,113.55,,,85.29777071235678,108.1156954487452,-21.105099164076314,
2004-11-03,False,,,114.98,,,85.29777071235678,108.1156954487452,-21.105099164076314,
2004-11-04,False,,,116.55,,,85.29777071235678,108.1156954487452,-21.105099164076314,
2004-11-05,False,,,117.28,,,85.29777071235678,108.1156954487452,-21.105099164076314,
2004-11-08,False,,,117.11,,,85.29777071235678,108.1156954487452,-21.105099164076314,
2004-11-09,False,,,116.88,,,85.29777071235678,108.1156954487452,-21.105099164076314,
2004-11-10,False,,,116.97,,,85.29777071235678,108.1156954487452,-21.105099164076314,
2004-11-11,False,,,117.86,,,85.29777071235678,108.1156954487452,-21.105099164076314,
2004-11-12,False,,,118.79,,,85.29777071235678,108.1156954487452,-21.105099164076314,
2004-11-15,False,,,118.73,,,85.29777071235678,108.1156954487452,-21.105099164076314,
2004-11-16,False,,,117.88,,,85.29777071235678,108.1156954487452,-21.105099164076314,
2004-11-17,False,,,118.58,,,85.29777071235678,108.1156954487452,-21.105099164076314,
2004-11-18,False,,,118.74,,,85.29777071235678,108.1156954487452,-21.105099164076314,
2004-11-19,False,,,117.42,,,85.29777071235678,108.1156954487452,-21.105099164076314,
2004-11-22,False,,,117.98,,,85.29777071235678,108.1156954487452,-21.105099164076314,
2004-11-23,False,,,118.16,,,85.29777071235678,108.1156954487452,-21.105099164076314,
2004-11-24,False,,,118.44,,,85.29777071235678,108.1156954487452,-21.105099164076314,
2004-11-26,False,,,118.35,,,85.29777071235678,108.1156954487452,-21.105099164076314,
2004-11-29,False,,,117.81,,,85.29777071235678,108.1156954487452,-21.105099164076314,
2004-11-30,False,,,117.89,,,85.29777071235678,108.1156954487452,-21.105099164076314,
2004-12-01,False,,,119.23,,,85.29777071235678,108.1156954487452,-21.105099164076314,
2004-12-02,False,,,119.33,,,85.29777071235678,108.1156954487452,-21.105099164076314,
2004-12-03,False,,,119.25,,,85.29777071235678,108.1156954487452,-21.105099164076314,
2004-12-06,False,,,119.21,,,85.29777071235678,108.1156954487452,-21.105099164076314,
2004-12-07,False,,,118.1,,,85.29777071235678,108.1156954487452,-21.105099164076314,
2004-12-08,False,,,118.79,,,85.29777071235678,108.1156954487452,-21.105099164076314,
2004-12-09,False,,,119.21,,,85.29777071235678,108.1156954487452,-21.105099164076314,
2004-12-10,False,,,119.33,,,85.29777071235678,108.1156954487452,-21.105099164076314,
2004-12-13,False,,,120.37,,,85.29777071235678,108.1156954487452,-21.105099164076314,
2004-12-14,False,,,120.79,,,85.29777071235678,108.1156954487452,-21.105099164076314,
2004-12-15,False,,,120.88,,,85.29777071235678,108.1156954487452,-21.105099164076314,
2004-12-16,False,,,120.81,,,85.29777071235678,108.1156954487452,-21.105099164076314,
2004-12-17,False,,,119.44,,,85.29777071235678,108.1156954487452,-21.105099164076314,
2004-12-20,False,,,119.47,,,85.29777071235678,108.1156954487452,-21.105099164076314,
2004-12-21,False,,,120.39,,,85.29777071235678,108.1156954487452,-21.105099164076314,
2004-12-22,False,,,120.68,,,85.29777071235678,108.1156954487452,-21.105099164076314,
2004-12-23,False,,,120.77,,,85.29777071235678,108.1156954487452,-21.105099164076314,
2004-12-27,False,,,120.52,,,85.29777071235678,108.1156954487452,-21.105099164076314,
2004-12-28,False,,,121.18,,,85.29777071235678,108.1156954487452,-21.105099164076314,
2004-12-29,False,,,121.36,,,85.29777071235678,108.1156954487452,-21.105099164076314,
2004-12-30,False,,,121.13,,,85.29777071235678,108.1156954487452,-21.105099164076314,
2004-12-31,False,,,120.87,,,85.29777071235678,108.1156954487452,-21.105099164076314,
2005-01-03,False,,,120.3,,,85.29777071235678,108.1156954487452,-21.105099164076314,
2005-01-04,False,,,118.83,,,85.29777071235678,108.1156954487452,-21.105099164076314,
2005-01-05,False,,,118.01,,,85.29777071235678,108.1156954487452,-21.105099164076314,
2005-01-06,False,,,118.61,,,85.29777071235678,108.1156954487452,-21.105099164076314,
2005-01-07,False,,,118.44,,,85.29777071235678,108.1156954487452,-21.105099164076314,
2005-01-10,False,,,119.0,,,85.29777071235678,108.1156954487452,-21.105099164076314,
2005-01-11,False,,,118.18,,,85.29777071235678,108.1156954487452,-21.105099164076314,
2005-01-12,False,,,118.57,,,85.29777071235678,108.1156954487452,-21.105099164076314,
2005-01-13,False,,,117.62,,,85.29777071235678,108.1156954487452,-21.105099164076314,
2005-01-14,False,,,118.24,,,85.29777071235678,108.1156954487452,-21.105099164076314,
2005-01-18,False,,,119.47,,,85.29777071235678,108.1156954487452,-21.105099164076314,
2005-01-19,False,,,118.22,,,85.29777071235678,108.1156954487452,-21.105099164076314,
2005-01-20,False,,,117.5,,,85.29777071235678,108.1156954487452,-21.105099164076314,
2005-01-21,False,,,116.78,,,85.29777071235678,108.1156954487452,-21.105099164076314,
2005-01-24,False,,,116.55,,,85.29777071235678,108.1156954487452,-21.105099164076314,
2005-01-25,False,,,116.88,,,85.29777071235678,108.1156954487452,-21.105099164076314,
2005-01-26,False,,,117.23,,,85.29777071235678,108.1156954487452,-21.105099164076314,
2005-01-27,False,,,117.43,,,85.29777071235678,108.1156954487452,-21.105099164076314,
2005-01-28,False,,,117.43,,,85.29777071235678,108.1156954487452,-21.105099164076314,
2005-01-31,False,,,118.16,,,85.29777071235678,108.1156954487452,-21.105099164076314,
2005-02-01,False,,,118.91,,,85.29777071235678,108.1156954487452,-21.105099164076314,
2005-02-02,False,,,119.27,,,85.29777071235678,108.1156954487452,-21.105099164076314,
2005-02-03,False,,,119.11,,,85.29777071235678,108.1156954487452,-21.105099164076314,
2005-02-04,False,,,120.23,,,85.29777071235678,108.1156954487452,-21.105099164076314,
2005-02-07,False,,,120.07,,,85.29777071235678,108.1156954487452,-21.105099164076314,
2005-02-08,False,,,120.21,,,85.29777071235678,108.1156954487452,-21.105099164076314,
2005-02-09,False,,,119.31,,,85.29777071235678,108.1156954487452,-21.105099164076314,
2005-02-10,False,,,119.74,,,85.29777071235678,108.1156954487452,-21.105099164076314,
2005-02-11,False,,,120.77,,,85.29777071235678,108.1156954487452,-21.105099164076314,
2005-02-14,False,,,120.68,,,85.29777071235678,108.1156954487452,-21.105099164076314,
2005-02-15,False,,,121.13,,,85.29777071235678,108.1156954487452,-21.105099164076314,
2005-02-16,False,,,121.21,,,85.29777071235678,108.1156954487452,-21.105099164076314,
2005-02-17,False,,,120.23,,,85.29777071235678,108.1156954487452,-21.105099164076314,
2005-02-18,False,,,120.39,,,85.29777071235678,108.1156954487452,-21.105099164076314,
2005-02-22,False,,,118.6,,,85.29777071235678,108.1156954487452,-21.105099164076314,
2005-02-23,False,,,119.45,,,85.29777071235678,108.1156954487452,-21.105099164076314,
2005-02-24,False,,,120.24,,,85.29777071235678,108.1156954487452,-21.105099164076314,
2005-02-25,False,,,121.43,,,85.29777071235678,108.1156954487452,-21.105099164076314,
2005-02-28,False,,,120.63,,,85.29777071235678,108.1156954487452,-21.105099164076314,
2005-03-01,False,,,121.23,,,85.29777071235678,108.1156954487452,-21.105099164076314,
2005-03-02,False,,,121.17,,,85.29777071235678,108.1156954487452,-21.105099164076314,
2005-03-03,False,,,121.22,,,85.29777071235678,108.1156954487452,-21.105099164076314,
2005-03-04,False,,,122.73,,,85.29777071235678,108.1156954487452,-21.105099164076314,
2005-03-07,False,,,122.79,,,85.29777071235678,108.1156954487452,-21.105099164076314,
2005-03-08,False,,,122.33,,,85.29777071235678,108.1156954487452,-21.105099164076314,
2005-03-09,False,,,120.97,,,85.29777071235678,108.1156954487452,-21.105099164076314,
2005-03-10,False,,,121.24,,,85.29777071235678,108.1156954487452,-21.105099164076314,
2005-03-11,False,,,120.39,,,85.29777071235678,108.1156954487452,-21.105099164076314,
2005-03-14,False,,,121.14,,,85.29777071235678,108.1156954487452,-21.105099164076314,
2005-03-15,False,,,120.14,,,85.29777071235678,108.1156954487452,-21.105099164076314,
2005-03-16,False,,,119.12,,,85.29777071235678,108.1156954487452,-21.105099164076314,
2005-03-17,False,,,119.36,,,85.29777071235678,108.1156954487452,-21.105099164076314,
2005-03-18,False,,,118.54,,,85.29777071235678,108.1156954487452,-21.105099164076314,
2005-03-21,False,,,118.1,,,85.29777071235678,108.1156954487452,-21.105099164076314,
2005-03-22,False,,,116.9,,,85.29777071235678,108.1156954487452,-21.105099164076314,
2005-03-23,False,,,117.0,,,85.29777071235678,108.1156954487452,-21.105099164076314,
2005-03-24,False,,,117.14,,,85.29777071235678,108.1156954487452,-21.105099164076314,
2005-03-28,False,,,117.31,,,85.29777071235678,108.1156954487452,-21.105099164076314,
2005-03-29,False,,,116.53,,,85.29777071235678,108.1156954487452,-21.105099164076314,
2005-03-30,False,,,118.18,,,85.29777071235678,108.1156954487452,-21.105099164076314,
2005-03-31,False,,,117.96,,,85.29777071235678,108.1156954487452,-21.105099164076314,
2005-04-01,False,,,117.43,,,85.29777071235678,108.1156954487452,-21.105099164076314,
2005-04-04,False,,,117.63,,,85.29777071235678,108.1156954487452,-21.105099164076314,
2005-04-05,False,,,118.19,,,85.29777071235678,108.1156954487452,-21.105099164076314,
2005-04-06,False,,,118.6,,,85.29777071235678,108.1156954487452,-21.105099164076314,
2005-04-07,False,,,119.24,,,85.29777071235678,108.1156954487452,-21.105099164076314,
2005-04-08,False,,,118.0,,,85.29777071235678,108.1156954487452,-21.105099164076314,
2005-04-11,False,,,118.09,,,85.29777071235678,108.1156954487452,-21.105099164076314,
2005-04-12,False,,,118.7,,,85.29777071235678,108.1156954487452,-21.105099164076314,
2005-04-13,False,,,117.3,,,85.29777071235678,108.1156954487452,-21.105099164076314,
2005-04-14,False,,,115.77,,,85.29777071235678,108.1156954487452,-21.105099164076314,
2005-04-15,False,,,114.15,,,85.29777071235678,108.1156954487452,-21.105099164076314,
2005-04-18,False,,,114.5,,,85.29777071235678,108.1156954487452,-21.105099164076314,
2005-04-19,False,,,115.41,,,85.29777071235678,108.1156954487452,-21.105099164076314,
2005-04-20,False,,,113.8,,,85.29777071235678,108.1156954487452,-21.105099164076314,
2005-04-21,False,,,116.01,,,85.29777071235678,108.1156954487452,-21.105099164076314,
2005-04-22,False,,,115.57,,,85.29777071235678,108.1156954487452,-21.105099164076314,
2005-04-25,False,,,116.33,,,85.29777071235678,108.1156954487452,-21.105099164076314,
2005-04-26,False,,,115.2,,,85.29777071235678,108.1156954487452,-21.105099164076314,
2005-04-27,False,,,115.65,,,85.29777071235678,108.1156954487452,-21.105099164076314,
2005-04-28,False,,,114.2,,,85.29777071235678,108.1156954487452,-21.105099164076314,
2005-04-29,False,,,115.75,,,85.29777071235678,108.1156954487452,-21.105099164076314,
2005-05-02,False,,,116.4,,,85.29777071235678,108.1156954487452,-21.105099164076314,
2005-05-03,False,,,116.6,,,85.29777071235678,108.1156954487452,-21.105099164076314,
2005-05-04,False,,,117.5,,,85.29777071235678,108.1156954487452,-21.105099164076314,
2005-05-05,False,,,117.46,,,85.29777071235678,108.1156954487452,-21.105099164076314,
2005-05-06,False,,,117.09,,,85.29777071235678,108.1156954487452,-21.105099164076314,
2005-05-09,False,,,117.82,,,85.29777071235678,108.1156954487452,-21.105099164076314,
2005-05-10,False,,,116.6,,,85.29777071235678,108.1156954487452,-21.105099164076314,
2005-05-11,False,,,117.24,,,85.29777071235678,108.1156954487452,-21.105099164076314,
2005-05-12,False,,,115.95,,,85.29777071235678,108.1156954487452,-21.105099164076314,
2005-05-13,False,,,115.72,,,85.29777071235678,108.1156954487452,-21.105099164076314,
2005-05-16,False,,,116.8,,,85.29777071235678,108.1156954487452,-21.105099164076314,
2005-05-17,False,,,117.58,,,85.29777071235678,108.1156954487452,-21.105099164076314,
2005-05-18,False,,,118.79,,,85.29777071235678,108.1156954487452,-21.105099164076314,
2005-05-19,False,,,119.29,,,85.29777071235678,108.1156954487452,-21.105099164076314,
2005-05-20,False,,,119.12,,,85.29777071235678,108.1156954487452,-21.105099164076314,
2005-05-23,False,,,119.78,,,85.29777071235678,108.1156954487452,-21.105099164076314,
2005-05-24,False,,,119.5,,,85.29777071235678,108.1156954487452,-21.105099164076314,
2005-05-25,False,,,119.41,,,85.29777071235678,108.1156954487452,-21.105099164076314,
2005-05-26,False,,,120.05,,,85.29777071235678,108.1156954487452,-21.105099164076314,
2005-05-27,False,,,120.25,,,85.29777071235678,108.1156954487452,-21.105099164076314,
2005-05-31,False,,,119.48,,,85.29777071235678,108.1156954487452,-21.105099164076314,
2005-06-01,False,,,120.5,,,85.29777071235678,108.1156954487452,-21.105099164076314,
2005-06-02,False,,,120.76,,,85.29777071235678,108.1156954487452,-21.105099164076314,
2005-06-03,False,,,120.15,,,85.29777071235678,108.1156954487452,-21.105099164076314,
2005-06-06,False,,,120.04,,,85.29777071235678,108.1156954487452,-21.105099164076314,
2005-06-07,False,,,120.13,,,85.29777071235678,108.1156954487452,-21.105099164076314,
2005-06-08,True,2005-06-08,119.91,119.91,0.0,0.0,85.29777071235678,108.1156954487452,-21.105099164076314,
2005-06-09,True,2005-06-08,119.91,120.48,0.47535651738803697,0.8556417312984665,86.02761403443898,108.1156954487452,-20.430041468657613,
2005-06-10,True,2005-06-08,119.91,120.2,0.24184805270619503,0.43532649487115105,85.66909450780211,108.1156954487452,-20.76164875763522,
2005-06-13,True,2005-06-08,119.91,120.58,0.5587523976315678,1.005754315736822,86.1556567225236,108.1156954487452,-20.31161029402273,
2005-06-14,True,2005-06-08,119.91,120.86,0.7922608623134098,1.4260695521641376,86.51417624916047,108.1156954487452,-19.980003005045134,
2005-06-15,True,2005-06-08,119.91,121.09,0.9840713868734863,1.7713284963722753,86.80867443175504,108.1156954487452,-19.707611303384954,
2005-06-16,True,2005-06-08,119.91,121.4,1.2425986156283875,2.2366775081310974,87.2056067648173,108.1156954487452,-19.34047466201687,
2005-06-17,True,2005-06-08,119.91,121.36,1.2092402635309751,2.1766324743557552,87.15438968958345,108.1156954487452,-19.387847131870828,
2005-06-20,True,2005-06-08,119.91,121.4,1.2425986156283875,2.2366775081310974,87.2056067648173,108.1156954487452,-19.34047466201687,
2005-06-21,True,2005-06-08,119.91,121.47,1.300975731798859,2.3417563172379463,87.29523664647652,108.1156954487452,-19.257572839772475,
2005-06-22,True,2005-06-08,119.91,121.57,1.3843716120423677,2.491868901676262,87.42327933456112,108.1156954487452,-19.139141665137615,
2005-06-23,True,2005-06-08,119.91,119.86,-0.04169794012175432,-0.07505629221915777,85.23374936831449,108.1156954487452,-21.164314751393743,
2005-06-24,True,2005-06-08,119.91,118.98,-0.7755816862646925,-1.3960470352764465,84.10697371317002,108.1156954487452,-22.206509088180525,
2005-06-27,True,2005-06-08,119.91,119.15,-0.6338086898507123,-1.140855641731282,84.32464628291385,108.1156954487452,-22.005176091301248,
2005-06-28,True,2005-06-08,119.91,120.15,0.2001501125844518,0.36027020265201326,85.60507316375984,108.1156954487452,-20.82086434495263,
2005-06-29,True,2005-06-08,119.91,119.83,-0.06671670419481357,-0.12009006755066443,85.1953365618891,108.1156954487452,-21.199844103784205,
2005-06-30,True,2005-06-08,119.91,119.18,-0.608789925777653,-1.0958218663997754,84.36305908933923,108.1156954487452,-21.969646738910786,
2005-07-01,True,2005-06-08,119.91,119.53,-0.3169043449253617,-0.570427820865651,84.8112084976353,108.1156954487452,-21.555137627688794,
2005-07-05,True,2005-06-08,119.91,120.49,0.48369610541239005,0.8706529897423021,86.04041830324744,108.1156954487452,-20.41819835119414,
2005-07-06,True,2005-06-08,119.91,119.48,-0.358602285047116,-0.6454841130848088,84.74718715359302,108.1156954487452,-21.61435321500621,
2005-07-07,True,2005-06-08,119.91,119.95,0.033358352097412336,0.060045033775342205,85.34898778759063,108.1156954487452,-21.057726694222367,
2005-07-08,True,2005-06-08,119.91,121.32,1.1758819114335628,2.116587440580413,87.1031726143496,108.1156954487452,-19.435219601724786,
2005-07-11,True,2005-06-08,119.91,121.94,1.6929363689433652,3.0472854640980573,87.89703728047411,108.1156954487452,-18.700946318988642,
2005-07-12,True,2005-06-08,119.91,122.26,1.9598031857226417,3.527645734300755,88.30677388234487,108.1156954487452,-18.321966560157044,
2005-07-13,True,2005-06-08,119.91,122.43,2.101576182136622,3.7828371278459194,88.5244464520887,108.1156954487452,-18.120633563277778,
2005-07-14,True,2005-06-08,119.91,122.91,2.501876407305481,4.503377533149866,89.13905135489475,108.1156954487452,-17.552163925030463,
2005-07-15,True,2005-06-08,119.91,122.84,2.4434992911350317,4.398298724043057,89.04942147323553,108.1156954487452,-17.635065747274858,
2005-07-18,True,2005-06-08,119.91,122.35,2.0348594779417972,3.662747060295235,88.422012301621,108.1156954487452,-18.21537850298568,
2005-07-19,True,2005-06-08,119.91,123.02,2.593611875573343,4.668501376032017,89.27989831178779,108.1156954487452,-17.42188963293213,
2005-07-20,True,2005-06-08,119.91,123.44,2.9438745725961057,5.29897423067299,89.81767760174309,108.1156954487452,-16.924478699465727,
2005-07-21,True,2005-06-08,119.91,122.72,2.3434242348427947,4.2181636227170305,88.89577024753399,108.1156954487452,-17.777183156836717,
2005-07-22,True,2005-06-08,119.91,123.54,3.0272704528396366,5.449086815111346,89.94572028982772,108.1156954487452,-16.806047524830824,
2005-07-25,True,2005-06-08,119.91,123.19,2.735384871987323,4.9236927695771815,89.49757088153162,108.1156954487452,-17.22055663605285,
2005-07-26,True,2005-06-08,119.91,123.34,2.860478692352597,5.148861646234675,89.68963491365851,108.1156954487452,-17.042909874100566,
2005-07-27,True,2005-06-08,119.91,123.79,3.2357601534484193,5.824368276207155,90.2658270100392,108.1156954487452,-16.50996958824369,
2005-07-28,True,2005-06-08,119.91,124.57,3.886248019347849,6.995246434826128,91.26455997709907,108.1156954487452,-15.586206426091763,
2005-07-29,True,2005-06-08,119.91,123.74,3.194062213326654,5.749311983987977,90.2018056659969,108.1156954487452,-16.569185175561117,
2005-08-01,True,2005-06-08,119.91,123.65,3.1190059211074983,5.614210657993497,90.08656724672078,108.1156954487452,-16.67577323273248,
2005-08-02,True,2005-06-08,119.91,124.39,3.7361354349095155,6.725043782837128,91.0340831385468,108.1156954487452,-15.799382540434504,
2005-08-03,True,2005-06-08,119.91,124.72,4.011341839713123,7.220415311483621,91.45662400922599,108.1156954487452,-15.408559664139453,
2005-08-04,True,2005-06-08,119.91,123.72,3.17738303727797,5.719289467100346,90.17619712838,108.1156954487452,-16.592871410488076,
2005-08-05,True,2005-06-08,119.91,122.88,2.476857643232422,4.458343757818359,89.10063854846935,108.1156954487452,-17.587693277420936,
2005-08-08,True,2005-06-08,119.91,122.65,2.2850471186723453,4.113084813610222,88.80614036587478,108.1156954487452,-17.860084979081105,
2005-08-09,True,2005-06-08,119.91,123.39,2.9021766324743625,5.2239179384538525,89.75365625770081,108.1156954487452,-16.983694286783134,
2005-08-10,True,2005-06-08,119.91,123.33,2.852139104328244,5.133850387790839,89.67683064485004,108.1156954487452,-17.054752991564058,
2005-08-11,True,2005-06-08,119.91,123.82,3.2607789175214785,5.869402051538661,90.30423981646459,108.1156954487452,-16.474440235853226,
2005-08-12,True,2005-06-08,119.91,123.06,2.626970227670755,4.728546409807359,89.33111538702164,108.1156954487452,-17.374517163078174,
2005-08-15,True,2005-06-08,119.91,123.82,3.2607789175214785,5.869402051538661,90.30423981646459,108.1156954487452,-16.474440235853226,
2005-08-16,True,2005-06-08,119.91,122.21,1.918105245600854,3.4525894420815373,88.24275253830253,108.1156954487452,-18.38118214747452,
2005-08-17,True,2005-06-08,119.91,122.2,1.9097656575765232,3.4375781836377417,88.2299482694941,108.1156954487452,-18.393025264937968,
2005-08-18,True,2005-06-08,119.91,122.19,1.90142606955217,3.422566925193906,88.21714400068565,108.1156954487452,-18.404868382401453,
2005-08-19,True,2005-06-08,119.91,122.47,2.134934534234012,3.8428821616212216,88.57566352732252,108.1156954487452,-18.07326109342384,
2005-08-22,True,2005-06-08,119.91,122.47,2.134934534234012,3.8428821616212216,88.57566352732252,108.1156954487452,-18.07326109342384,
2005-08-23,True,2005-06-08,119.91,122.24,1.9431240096739133,3.497623217413044,88.28116534472792,108.1156954487452,-18.345652795084042,
2005-08-24,True,2005-06-08,119.91,121.15,1.0341089150196048,1.8613960470352886,86.8855000446058,108.1156954487452,-19.63655259860403,
2005-08-25,True,2005-06-08,119.91,121.59,1.4010507880910739,2.521891418563933,87.44888787217805,108.1156954487452,-19.115455430210627,
2005-08-26,True,2005-06-08,119.91,120.76,0.7088649820699011,1.275956967725822,86.3861335610759,108.1156954487452,-20.09843417967997,
2005-08-29,True,2005-06-08,119.91,121.69,1.4844466683345825,2.6720040030022485,87.57693056026264,108.1156954487452,-18.997024255575777,
2005-08-30,True,2005-06-08,119.91,121.05,0.9507130347760739,1.711283462596933,86.75745735652119,108.1156954487452,-19.75498377323891,
2005-08-31,True,2005-06-08,119.91,122.58,2.2266700025018737,4.008006004503373,88.71651048421556,108.1156954487452,-17.94298680132551,
2005-09-01,True,2005-06-08,119.91,122.49,2.151613710282718,3.8729046785088928,88.60127206493944,108.1156954487452,-18.049574858496875,
2005-09-02,True,2005-06-08,119.91,122.27,1.9681427737469726,3.5426569927445506,88.3195781511533,108.1156954487452,-18.310123442693595,
2005-09-06,True,2005-06-08,119.91,123.7,3.1607038612292637,5.689266950212675,90.15058859076308,108.1156954487452,-16.616557645415053,
2005-09-07,True,2005-06-08,119.91,123.91,3.335835209740634,6.004503377533141,90.41947823574071,108.1156954487452,-16.367852178681865,
2005-09-08,True,2005-06-08,119.91,123.5,2.9939121007422242,5.389041781336004,89.89450321459388,108.1156954487452,-16.85341999468477,
2005-09-09,True,2005-06-08,119.91,124.6,3.911266783420908,7.0402802101576345,91.30297278352447,108.1156954487452,-15.55067707370129,
2005-09-12,True,2005-06-08,119.91,124.35,3.702777082812103,6.664998749061786,90.98286606331295,108.1156954487452,-15.84675501028846,
2005-09-13,True,2005-06-08,119.91,123.66,3.1273455091318514,5.6292219164373325,90.09937151552923,108.1156954487452,-16.66393011526901,
2005-09-14,True,2005-06-08,119.91,123.21,2.752064048036029,4.953715286464853,89.52317941914853,108.1156954487452,-17.196870401125885,
2005-09-15,True,2005-06-08,119.91,123.15,2.702026519889933,4.863647735801879,89.4463538062978,108.1156954487452,-17.267929105906788,
2005-09-16,True,2005-06-08,119.91,123.5,2.9939121007422242,5.389041781336004,89.89450321459388,108.1156954487452,-16.85341999468477,
2005-09-19,True,2005-06-08,119.91,123.09,2.6519889917438144,4.773580185138866,89.36952819344702,108.1156954487452,-17.338987810687712,
2005-09-20,True,2005-06-08,119.91,122.05,1.7846718372112491,3.2124093069802484,88.03788423736721,108.1156954487452,-18.570672026890257,
2005-09-21,True,2005-06-08,119.91,120.91,0.833958802435153,1.5011258443832753,86.57819759320274,108.1156954487452,-19.920787417727716,
2005-09-22,True,2005-06-08,119.91,121.34,1.1925610874822912,2.146609957468124,87.12878115196655,108.1156954487452,-19.411533366797784,
2005-09-23,True,2005-06-08,119.91,121.44,1.2759569677257998,2.2967225419064397,87.25682384005115,108.1156954487452,-19.293102192162912,
2005-09-26,True,2005-06-08,119.91,121.58,1.3927112000667208,2.5068801601200974,87.4360836033696,108.1156954487452,-19.12729854767411,
2005-09-27,True,2005-06-08,119.91,121.55,1.3676924359936615,2.4618463847885907,87.3976707969442,108.1156954487452,-19.162827900064585,
2005-09-28,True,2005-06-08,119.91,121.67,1.4677674922858763,2.6419814861145774,87.55132202264572,108.1156954487452,-19.020710490502747,
2005-09-29,True,2005-06-08,119.91,122.66,2.2933867066966984,4.128096072054057,88.81894463468326,108.1156954487452,-17.8482418616176,
2005-09-30,True,2005-06-08,119.91,123.04,2.610291051622049,4.698523892919688,89.30550684940472,108.1156954487452,-17.39820339800514,
2005-10-03,True,2005-06-08,119.91,122.6,2.24334917855058,4.038028521391044,88.74211902183248,108.1156954487452,-17.919300566398544,
2005-10-04,True,2005-06-08,119.91,121.22,1.0924860311900542,1.9664748561420975,86.97512992626501,108.1156954487452,-19.553650776359643,
2005-10-05,True,2005-06-08,119.91,119.63,-0.23350846468184194,-0.4203152364273155,84.93925118571991,108.1156954487452,-21.436706453053922,
2005-10-06,True,2005-06-08,119.91,119.2,-0.5921107497289579,-1.0657993495121243,84.38866762695613,108.1156954487452,-21.94596050398383,
2005-10-07,True,2005-06-08,119.91,119.61,-0.2501876407305481,-0.4503377533149866,84.91364264810298,108.1156954487452,-21.46039268798091,
2005-10-10,True,2005-06-08,119.91,118.6,-1.0924860311900653,-1.9664748561421175,83.62041149844853,108.1156954487452,-22.656547551793004,
2005-10-11,True,2005-06-08,119.91,118.43,-1.2342590276040233,-2.221666249687242,83.40273892870475,108.1156954487452,-22.857880548672238,
2005-10-12,True,2005-06-08,119.91,117.5,-2.009840713868727,-3.6177132849637084,82.21194192951796,108.1156954487452,-23.959290472776473,
2005-10-13,True,2005-06-08,119.91,117.43,-2.0682178300391874,-3.7227920940705372,82.12231204785874,108.1156954487452,-24.042192295020882,
2005-10-14,True,2005-06-08,119.91,118.67,-1.0341089150195937,-1.8613960470352686,83.71004138010777,108.1156954487452,-22.5736457295486,
2005-10-17,True,2005-06-08,119.91,119.11,-0.6671670419481246,-1.2009006755066243,84.27342920768,108.1156954487452,-22.052548561155206,
2005-10-18,True,2005-06-08,119.91,117.82,-1.7429738970894837,-3.1373530147610706,82.62167853138867,108.1156954487452,-23.58031071394493,
2005-10-19,True,2005-06-08,119.91,119.78,-0.10841464431656789,-0.1951463597698222,85.1313152178468,108.1156954487452,-21.259059691101633,
2005-10-20,True,2005-06-08,119.91,117.67,-1.8680677174547577,-3.362521891418564,82.42961449926176,108.1156954487452,-23.75795747589723,
2005-10-21,True,2005-06-08,119.91,118.13,-1.4844466683345825,-2.6720040030022485,83.01861086445092,108.1156954487452,-23.21317407257686,
2005-10-24,True,2005-06-08,119.91,119.96,0.04169794012176542,0.07505629221917776,85.3617920563991,108.1156954487452,-21.04588357675887,
2005-10-25,True,2005-06-08,119.91,119.72,-0.1584521724626753,-0.2852139104328155,85.05448960499605,108.1156954487452,-21.330118395882547,
2005-10-26,True,2005-06-08,119.91,119.37,-0.4503377533149777,-0.8106079559669599,84.60634019669996,108.1156954487452,-21.744627507104553,
2005-10-27,True,2005-06-08,119.91,118.1,-1.5094654324076417,-2.717037778333755,82.98019805802554,108.1156954487452,-23.24870342496732,
2005-10-28,True,2005-06-08,119.91,119.8,-0.09173546826786172,-0.1651238428821511,85.15692375546372,108.1156954487452,-21.235373456174667,
2005-10-31,True,2005-06-08,119.91,120.13,0.18347093653572344,0.3302476857643022,85.57946462614288,108.1156954487452,-20.844550579879638,
2005-11-01,True,2005-06-08,119.91,120.49,0.48369610541239005,0.8706529897423021,86.04041830324744,108.1156954487452,-20.41819835119414,
2005-11-02,True,2005-06-08,119.91,121.75,1.534484196480701,2.762071553665262,87.65375617311341,108.1156954487452,-18.925965550794853,
2005-11-03,True,2005-06-08,119.91,122.27,1.9681427737469726,3.5426569927445506,88.3195781511533,108.1156954487452,-18.310123442693595,
2005-11-04,True,2005-06-08,119.91,122.11,1.8347093653573454,3.3024768576432217,88.11470985021793,108.1156954487452,-18.499613322109376,
2005-11-07,True,2005-06-08,119.91,122.23,1.9347844216495824,3.4826119589692484,88.26836107591947,108.1156954487452,-18.357495912547517,
2005-11-08,True,2005-06-08,119.91,122.23,1.9347844216495824,3.4826119589692484,88.26836107591947,108.1156954487452,-18.357495912547517,
2005-11-09,True,2005-06-08,119.91,122.39,2.0682178300392096,3.722792094070577,88.47322937685485,108.1156954487452,-18.168006033131732,
2005-11-10,True,2005-06-08,119.91,123.34,2.860478692352597,5.148861646234675,89.68963491365851,108.1156954487452,-17.042909874100566,
2005-11-11,True,2005-06-08,119.91,123.76,3.2107413893753822,5.779334500875688,90.22741420361385,108.1156954487452,-16.54549894063413,
2005-11-14,True,2005-06-08,119.91,123.69,3.1523642732049106,5.674255691768839,90.13778432195463,108.1156954487452,-16.628400762878528,
2005-11-15,True,2005-06-08,119.91,123.24,2.7770828121090885,4.998749061796359,89.56159222557392,108.1156954487452,-17.161341048735423,
2005-11-16,True,2005-06-08,119.91,123.49,2.985572512717871,5.374030522892168,89.8816989457854,108.1156954487452,-16.865263112148277,
2005-11-17,True,2005-06-08,119.91,124.64,3.944625135518298,7.100325243932937,91.35418985875829,108.1156954487452,-15.503304603847369,
2005-11-18,True,2005-06-08,119.91,125.13,4.353264948711533,7.835876907680759,91.98159903037282,108.1156954487452,-14.922991848136547,
2005-11-21,True,2005-06-08,119.91,125.76,4.878658994245688,8.781586189642239,92.7882679653058,108.1156954487452,-14.176875447936899,
2005-11-22,True,2005-06-08,119.91,126.3,5.328996747560666,9.592194145609199,93.47969848096261,108.1156954487452,-13.53734710490867,
2005-11-23,True,2005-06-08,119.91,127.03,5.93778667333833,10.688016012008994,94.41441010398019,108.1156954487452,-12.672799530074174,
2005-11-25,True,2005-06-08,119.91,127.13,6.021182553581861,10.83812859644735,94.54245279206481,108.1156954487452,-12.554368355439294,
2005-11-28,True,2005-06-08,119.91,126.23,5.2706196313902165,9.48711533650239,93.39006859930343,108.1156954487452,-13.620248927153044,
2005-11-29,True,2005-06-08,119.91,126.09,5.1538653990492955,9.276957718288733,93.21080883598499,108.1156954487452,-13.78605257164185,
2005-11-30,True,2005-06-08,119.91,125.41,4.586773413393375,8.256192144108075,92.34011855700969,108.1156954487452,-14.591384559158938,
2005-12-01,True,2005-06-08,119.91,126.69,5.654240680510392,10.177633224918706,93.9790649644926,108.1156954487452,-13.075465523832674,
2005-12-02,True,2005-06-08,119.91,126.85,5.787674088899997,10.417813360019995,94.1839332654279,108.1156954487452,-12.885975644416947,
2005-12-05,True,2005-06-08,119.91,126.58,5.562505212242508,10.012509382036514,93.8382180075995,108.1156954487452,-13.20573981593106,
2005-12-06,True,2005-06-08,119.91,126.82,5.76265532482696,10.372779584688528,94.14552045900254,108.1156954487452,-12.921504996807375,
2005-12-07,True,2005-06-08,119.91,126.08,5.145525811024942,9.261946459844896,93.19800456717654,108.1156954487452,-13.797895689105333,
2005-12-08,True,2005-06-08,119.91,126.0,5.078809106830118,9.141856392294212,93.09557041670882,108.1156954487452,-13.892640628813247,
2005-12-09,True,2005-06-08,119.91,126.33,5.354015511633725,9.637227920940706,93.51811128738801,108.1156954487452,-13.501817752518196,
2005-12-12,True,2005-06-08,119.91,126.45,5.45409056792594,9.817363022266692,93.67176251308953,108.1156954487452,-13.35970034295636,
2005-12-13,True,2005-06-08,119.91,127.31,6.171295138020194,11.10833124843635,94.7729296306171,108.1156954487452,-12.341192241096532,
2005-12-14,True,2005-06-08,119.91,127.81,6.5882745392377595,11.858894170627968,95.41314307104007,108.1156954487452,-11.74903636792225,
2005-12-15,True,2005-06-08,119.91,127.44,6.279709782336762,11.303477608206173,94.93938512512707,108.1156954487452,-12.187231714071212,
2005-12-16,True,2005-06-08,119.91,126.36,5.379034275706784,9.682261696272212,93.55652409381341,108.1156954487452,-13.466288400127723,
2005-12-19,True,2005-06-08,119.91,125.71,4.836961054123923,8.706529897423062,92.7242466212635,108.1156954487452,-14.23609103525434,
2005-12-20,True,2005-06-08,119.91,125.83,4.9370361104161375,8.886664998749048,92.877897846965,108.1156954487452,-14.093973625692524,
2005-12-21,True,2005-06-08,119.91,126.03,5.103827870903177,9.18689016762572,93.13398322313422,108.1156954487452,-13.857111276422774,
2005-12-22,True,2005-06-08,119.91,126.69,5.654240680510392,10.177633224918706,93.9790649644926,108.1156954487452,-13.075465523832674,
2005-12-23,True,2005-06-08,119.91,126.76,5.712617796680841,10.282712034025515,94.06869484615177,108.1156954487452,-12.992563701588299,
2005-12-27,True,2005-06-08,119.91,125.47,4.636810941539493,8.346259694771089,92.41694416986047,108.1156954487452,-14.520325854378003,
2005-12-28,True,2005-06-08,119.91,125.75,4.870319406221335,8.766574931198404,92.77546369649735,108.1156954487452,-14.188718565400382,
2005-12-29,True,2005-06-08,119.91,125.19,4.403302476857651,7.925944458343772,92.0584246432236,108.1156954487452,-14.85193314335561,
2005-12-30,True,2005-06-08,119.91,124.51,3.8362104912017525,6.9051788841631545,91.18773436424834,108.1156954487452,-15.657265130872656,
2006-01-03,True,2005-06-08,119.91,126.7,5.662580268534745,10.19264448336254,93.99186923330105,108.1156954487452,-13.063622406369191,
2006-01-04,True,2005-06-08,119.91,127.3,6.162955549995841,11.093319989992514,94.76012536180865,108.1156954487452,-12.353035358560016,
2006-01-05,True,2005-06-08,119.91,127.38,6.2296722541906435,11.21341005754316,94.86255951227629,108.1156954487452,-12.258290418852159,
2006-01-06,True,2005-06-08,119.91,128.44,7.113668584771915,12.804603452589447,96.21981200597304,108.1156954487452,-11.002919967722613,
2006-01-09,True,2005-06-08,119.91,128.77,7.388874989575522,13.299974981235941,96.64235287665223,108.1156954487452,-10.612097091427565,
2006-01-10,True,2005-06-08,119.91,128.89999,7.49728129430407,13.495106329747326,96.80879556689341,108.1156954487452,-10.458148407519696,
2006-01-11,True,2005-06-08,119.91,129.31,7.8392127428905,14.110582937202901,97.33378339230906,108.1156954487452,-9.972568748399313,
2006-01-12,True,2005-06-08,119.91,128.8,7.413893753648582,13.345008756567447,96.68076568307762,108.1156954487452,-10.57656773903709,
2006-01-13,True,2005-06-08,119.91,128.67999,7.313810357768324,13.164858643982985,96.52710165310727,108.1156954487452,-10.718696991716413,
2006-01-17,True,2005-06-08,119.91,128.33,7.021933116504053,12.639479609707296,96.07896504908,108.1156954487452,-11.133194259820955,
2006-01-18,True,2005-06-08,119.91,127.82,6.596614127262113,11.873905429071803,95.42594733984853,108.1156954487452,-11.737193250458756,
2006-01-19,True,2005-06-08,119.91,128.31,7.005253940455347,12.609457092819625,96.05335651146306,108.1156954487452,-11.156880494747934,
2006-01-20,True,2005-06-08,119.91,125.97,5.053790342757081,9.096822616962745,93.05715761028347,108.1156954487452,-13.928169981203686,
2006-01-23,True,2005-06-08,119.91,126.42,5.429071803852903,9.772329246935225,93.63334970666418,108.1156954487452,-13.3952296953468,
2006-01-24,True,2005-06-08,119.91,126.55,5.537486448169471,9.967475606705047,93.79980520117415,108.1156954487452,-13.241269168321478,
2006-01-25,True,2005-06-08,119.91,126.66,5.6292219164373325,10.132599449587198,93.9406521580672,108.1156954487452,-13.110994876223147,
2006-01-26,True,2005-06-08,119.91,127.36,6.212993078141937,11.183387540655488,94.83695097465937,108.1156954487452,-12.281976653779125,
2006-01-27,True,2005-06-08,119.91,128.53999,7.1970561254274035,12.954701025769326,96.34784188978882,108.1156954487452,-10.88450063620523,
2006-01-30,True,2005-06-08,119.91,128.44,7.113668584771915,12.804603452589447,96.21981200597304,108.1156954487452,-11.002919967722613,
2006-01-31,True,2005-06-08,119.91,127.5,6.329747310482858,11.393545158869145,95.01621073797781,108.1156954487452,-12.116173009290321,
2006-02-01,True,2005-06-08,119.91,128.39,7.07197064465015,12.72954716037027,96.15579066193074,108.1156954487452,-11.062135555040054,
2006-02-02,True,2005-06-08,119.91,126.9,5.829372029021784,10.492869652239213,94.24795460947026,108.1156954487452,-12.82676005709945,
2006-02-03,True,2005-06-08,119.91,126.27,5.303977983487607,9.547160370277693,93.44128567453724,108.1156954487452,-13.57287645729912,
2006-02-06,True,2005-06-08,119.91,126.6,5.579184388291214,10.042531898924185,93.86382654521643,108.1156954487452,-13.182053581004071,
2006-02-07,True,2005-06-08,119.91,125.48,4.645150529563846,8.361270953214923,92.42974843866894,108.1156954487452,-14.508482736914507,
2006-02-08,True,2005-06-08,119.91,126.62,5.59586356433992,10.072554415811856,93.88943508283334,108.1156954487452,-13.158367346077105,RAW_DECISION
2006-02-09,False,,,126.41,,,93.88943508283334,108.1156954487452,-13.158367346077105,
2006-02-10,False,,,126.64,,,93.88943508283334,108.1156954487452,-13.158367346077105,
2006-02-13,False,,,126.41,,,93.88943508283334,108.1156954487452,-13.158367346077105,
2006-02-14,False,,,127.75,,,93.88943508283334,108.1156954487452,-13.158367346077105,
2006-02-15,False,,,128.2,,,93.88943508283334,108.1156954487452,-13.158367346077105,
2006-02-16,False,,,129.16,,,93.88943508283334,108.1156954487452,-13.158367346077105,
2006-02-17,False,,,128.81,,,93.88943508283334,108.1156954487452,-13.158367346077105,
2006-02-21,False,,,128.49001,,,93.88943508283334,108.1156954487452,-13.158367346077105,
2006-02-22,False,,,129.27,,,93.88943508283334,108.1156954487452,-13.158367346077105,
2006-02-23,False,,,129.08,,,93.88943508283334,108.1156954487452,-13.158367346077105,
2006-02-24,False,,,129.41,,,93.88943508283334,108.1156954487452,-13.158367346077105,
2006-02-27,False,,,129.46001,,,93.88943508283334,108.1156954487452,-13.158367346077105,
2006-02-28,False,,,128.23,,,93.88943508283334,108.1156954487452,-13.158367346077105,
2006-03-01,False,,,129.37,,,93.88943508283334,108.1156954487452,-13.158367346077105,
2006-03-02,False,,,129.36,,,93.88943508283334,108.1156954487452,-13.158367346077105,
2006-03-03,False,,,128.75999,,,93.88943508283334,108.1156954487452,-13.158367346077105,
2006-03-06,False,,,128.17,,,93.88943508283334,108.1156954487452,-13.158367346077105,
2006-03-07,False,,,127.97,,,93.88943508283334,108.1156954487452,-13.158367346077105,
2006-03-08,False,,,128.24001,,,93.88943508283334,108.1156954487452,-13.158367346077105,
2006-03-09,False,,,127.38,,,93.88943508283334,108.1156954487452,-13.158367346077105,
2006-03-10,False,,,128.59,,,93.88943508283334,108.1156954487452,-13.158367346077105,
2006-03-13,True,2006-03-13,128.83,128.83,0.0,0.0,93.88943508283334,108.1156954487452,-13.158367346077105,
2006-03-14,True,2006-03-13,128.83,130.17999,1.0478848094387816,1.8861926569898069,95.66037071305497,108.1156954487452,-11.52036684774873,
2006-03-15,True,2006-03-13,128.83,130.75999,1.4980905068695094,2.696562912365117,96.42122276790614,108.1156954487452,-10.816628087439073,
2006-03-16,True,2006-03-13,128.83,131.03,1.7076767833579032,3.0738182100442257,96.77542563571713,108.1156954487452,-10.48901342766111,
2006-03-17,True,2006-03-13,128.83,130.62,1.3894279282775646,2.500970270899616,96.2375819417706,108.1156954487452,-10.986483930638634,
2006-03-20,True,2006-03-13,128.83,130.41,1.2264224171388616,2.207560350849951,95.96210102535898,108.1156954487452,-11.241285895578335,
2006-03-21,True,2006-03-13,128.83,129.59,0.5899247069781843,1.0618644725607318,94.88641363746592,108.1156954487452,-12.236226901533398,
2006-03-22,True,2006-03-13,128.83,130.38,1.2031359155476151,2.165644647985707,95.92274660872873,108.1156954487452,-11.277686176284018,
2006-03-23,True,2006-03-13,128.83,130.11,0.9935574012264192,1.7884033222075546,95.56855685905664,108.1156954487452,-11.605288702635065,
2006-03-24,True,2006-03-13,128.83,130.21001,1.0711868353644238,1.928136303655963,95.69975136596295,108.1156954487452,-11.483942300189264,
2006-03-27,True,2006-03-13,128.83,130.02,0.9236978964526799,1.6626562136148237,95.45049360916593,108.1156954487452,-11.714489544752094,
2006-03-28,True,2006-03-13,128.83,129.22,0.3027245206861595,0.5449041372350871,94.40104249902636,108.1156954487452,-12.685163696903379,
2006-03-29,True,2006-03-13,128.83,130.03,0.9314600636497694,1.676628114569585,95.4636117480427,108.1156954487452,-11.702356117850188,
2006-03-30,True,2006-03-13,128.83,129.8,0.7529302181168873,1.3552743926103972,95.16189455387756,108.1156954487452,-11.981424936593687,
2006-03-31,True,2006-03-13,128.83,129.83,0.7762167197081338,1.3971900954746408,95.20124897050778,108.1156954487452,-11.945024655888027,
2006-04-03,True,2006-03-13,128.83,129.73,0.6985950477373049,1.2574710859271487,95.07006758174032,108.1156954487452,-12.06635892490695,
2006-04-04,True,2006-03-13,128.83,130.56,1.3428549250950716,2.417138865171129,96.15887310851012,108.1156954487452,-11.059284492049992,
2006-04-05,True,2006-03-13,128.83,131.00999,1.6921446867965262,3.045860436233747,96.74917623982472,108.1156954487452,-10.51329241489183,
2006-04-06,True,2006-03-13,128.83,130.87,1.5834821082046036,2.8502677947682864,96.56553541368922,108.1156954487452,-10.683148258091357,
2006-04-07,True,2006-03-13,128.83,129.53999,0.5511061088255609,0.9919909958860096,94.82080982494328,108.1156954487452,-12.29690616946979,
2006-04-10,True,2006-03-13,128.83,129.74001,0.7063649771016145,1.271456958782906,95.08319883875599,108.1156954487452,-12.054213364578104,
2006-04-11,True,2006-03-13,128.83,128.64,-0.1474811767445683,-0.2654661181402229,93.64019044417516,108.1156954487452,-13.388902457213058,
2006-04-12,True,2006-03-13,128.83,128.88,0.03881083598540336,0.06985950477372604,93.95502577721705,108.1156954487452,-13.097700211567664,
2006-04-13,True,2006-03-13,128.83,128.71001,-0.09313824419777683,-0.1676488395559983,93.73203053445128,108.1156954487452,-13.3039563354729,
2006-04-17,True,2006-03-13,128.83,128.66,-0.13195684235040028,-0.2375223162307205,93.66642672192866,108.1156954487452,-13.364635603409269,
2006-04-18,True,2006-03-13,128.83,130.7,1.4515252658542144,2.612745478537586,96.34252705278455,108.1156954487452,-10.889416515423523,
2006-04-19,True,2006-03-13,128.83,130.95,1.6455794457812534,2.962043002406256,96.67048052470318,108.1156954487452,-10.586080842876221,
2006-04-20,True,2006-03-13,128.83,131.13,1.78529845532871,3.213537219591678,96.90660702448456,108.1156954487452,-10.367679158642208,
2006-04-21,True,2006-03-13,128.83,131.14999,1.8008150275556911,3.241467049600244,96.9328301840992,108.1156954487452,-10.343424438265302,
2006-04-24,True,2006-03-13,128.83,130.91,1.6145307769929174,2.9061553985872512,96.61800796919619,108.1156954487452,-10.6346145504838,
2006-04-25,True,2006-03-13,128.83,130.37,1.1953737483505256,2.151672747030946,95.90962846985198,108.1156954487452,-11.289819603185913,
2006-04-26,True,2006-03-13,128.83,130.39999,1.2186524877745741,2.1935744779942334,95.94896976834335,108.1156954487452,-11.253431455907137,
2006-04-27,True,2006-03-13,128.83,131.03,1.7076767833579032,3.0738182100442257,96.77542563571713,108.1156954487452,-10.48901342766111,
2006-04-28,True,2006-03-13,128.83,131.47,2.0492121400294883,3.688581852053079,97.35262374629389,108.1156954487452,-9.95514264397791,
2006-05-01,True,2006-03-13,128.83,130.39999,1.2186524877745741,2.1935744779942334,95.94896976834335,108.1156954487452,-11.253431455907137,
2006-05-02,True,2006-03-13,128.83,131.38,1.979352635255749,3.562834743460348,97.23456049640319,108.1156954487452,-10.064343486094918,
2006-05-03,True,2006-03-13,128.83,130.89,1.5990064425987605,2.878211596677769,96.59177169144269,108.1156954487452,-10.658881404287591,
2006-05-04,True,2006-03-13,128.83,131.36,1.963828300861592,3.5348909415508656,97.2083242186497,108.1156954487452,-10.088610339898707,
2006-05-05,True,2006-03-13,128.83,132.52,2.8642396957230476,5.155631452301486,98.73002832835209,108.1156954487452,-8.681132819279325,
2006-05-08,True,2006-03-13,128.83,132.36,2.740045020569748,4.932081037025546,98.52013810632417,108.1156954487452,-8.875267649709595,
2006-05-09,True,2006-03-13,128.83,132.62,2.9418613676938543,5.295350461848938,98.86120971711952,108.1156954487452,-8.559798550260433,
2006-05-10,True,2006-03-13,128.83,132.55,2.887526197314294,5.197547155165729,98.76938274498234,108.1156954487452,-8.64473253857364,
2006-05-11,True,2006-03-13,128.83,130.95,1.6455794457812534,2.962043002406256,96.67048052470318,108.1156954487452,-10.586080842876221,
2006-05-12,True,2006-03-13,128.83,129.24001,0.3182566172475365,0.5728619110455657,94.42729189491875,108.1156954487452,-12.66088470967267,
2006-05-15,True,2006-03-13,128.83,129.5,0.520065202204445,0.9361173639680009,94.7683503875752,108.1156954487452,-12.34542774365044,
2006-05-16,True,2006-03-13,128.83,129.31,0.3725840254598989,0.670651245827818,94.51910574891706,108.1156954487452,-12.57596285478636,
2006-05-17,True,2006-03-13,128.83,126.85,-1.5369091050221328,-2.766436389039839,91.2920435852379,108.1156954487452,-15.560785872651529,
2006-05-18,True,2006-03-13,128.83,126.21,-2.0336878056353425,-3.6606380501436164,90.45248269712626,108.1156954487452,-16.337325194372543,
2006-05-19,True,2006-03-13,128.83,127.1,-1.342854925095105,-2.417138865171189,91.61999705715651,108.1156954487452,-15.25745020010426,
2006-05-22,True,2006-03-13,128.83,126.13,-2.0957851432119923,-3.772413257781586,90.34753758611231,108.1156954487452,-16.43439260958767,
2006-05-23,True,2006-03-13,128.83,125.17,-2.8409531941318122,-5.1137157494372625,89.08819625394482,108.1156954487452,-17.599201592169212,
2006-05-24,True,2006-03-13,128.83,126.17,-2.0647364744236674,-3.7165256539626013,90.40001014161928,108.1156954487452,-16.38585890198011,
2006-05-25,True,2006-03-13,128.83,127.73,-0.8538383916789627,-1.5369091050221328,92.44643980639144,108.1156954487452,-14.493044305285107,
2006-05-26,True,2006-03-13,128.83,128.38,-0.34929752386867463,-0.6287355429636143,93.29911883337982,108.1156954487452,-13.70437155666221,
2006-05-30,True,2006-03-13,128.83,126.1,-2.1190716448032387,-3.8143289606458297,90.30818316948206,108.1156954487452,-16.47079289029335,
2006-05-31,True,2006-03-13,128.83,127.51,-1.0246060700147552,-1.8442909260265594,92.15784075110305,108.1156954487452,-14.759979697126724,
2006-06-01,True,2006-03-13,128.83,128.73,-0.07762167197082892,-0.13971900954749206,93.75825369406587,108.1156954487452,-13.279701615096041,
2006-06-02,True,2006-03-13,128.83,129.03999,0.1629977489715051,0.2933959481487092,94.16490288110609,108.1156954487452,-12.903577514564313,
2006-06-05,True,2006-03-13,128.83,127.12,-1.3273305907009258,-2.3891950632616665,91.64623333491002,108.1156954487452,-15.23318334630046,
2006-06-06,True,2006-03-13,128.83,126.81,-1.5679577738104578,-2.822323992858824,91.23957102973093,108.1156954487452,-15.609319580259095,
2006-06-07,True,2006-03-13,128.83,125.86,-2.305363657533188,-4.149654583559739,89.99334783644021,108.1156954487452,-16.761995135938722,
2006-06-08,True,2006-03-13,128.83,125.75,-2.3907474967010844,-4.303345494061952,89.84904830879601,108.1156954487452,-16.89546283185952,
2006-06-09,True,2006-03-13,128.83,125.35,-2.7012341845843446,-4.86222153225182,89.32432275372622,108.1156954487452,-17.380799907935174,
2006-06-12,True,2006-03-13,128.83,123.99,-3.7568889233874248,-6.762400062097365,87.54025586648896,108.1156954487452,-19.03094596659235,
2006-06-13,True,2006-03-13,128.83,122.55,-4.874640999767143,-8.774353799580858,85.65124386823776,108.1156954487452,-20.778159440464638,
2006-06-14,True,2006-03-13,128.83,123.5,-4.137235116044414,-7.447023208879945,86.89746706152847,108.1156954487452,-19.625483884785012,
2006-06-15,True,2006-03-13,128.83,126.12,-2.1035473104090707,-3.7863851587363273,90.33441944723556,108.1156954487452,-16.446526036489562,
2006-06-16,True,2006-03-13,128.83,124.65,-3.244585888380036,-5.840254599084065,88.40605303235412,108.1156954487452,-18.230139791067522,
2006-06-19,True,2006-03-13,128.83,123.67,-4.0052782736940244,-7.2095008926492445,87.12047542243315,108.1156954487452,-19.419215627452846,
2006-06-20,True,2006-03-13,128.83,124.09,-3.679267251416607,-6.6226810525498925,87.67143725525641,108.1156954487452,-18.909611697573435,
2006-06-21,True,2006-03-13,128.83,125.01,-2.965147869285112,-5.337266164713202,88.8783060319169,108.1156954487452,-17.79333642259947,
2006-06-22,True,2006-03-13,128.83,124.46,-3.392067065124593,-6.105720717224268,88.15680839369595,108.1156954487452,-18.460674902203465,
2006-06-23,True,2006-03-13,128.83,124.44,-3.407591399518761,-6.13366451913377,88.13057211594246,108.1156954487452,-18.484941756007256,
2006-06-26,True,2006-03-13,128.83,124.99,-2.98067220367928,-5.365209966622704,88.85206975416341,108.1156954487452,-17.81760327640326,
2006-06-27,True,2006-03-13,128.83,123.91,-3.8189862609640746,-6.874175269735335,87.435310755475,108.1156954487452,-19.128013381807474,
2006-06-28,True,2006-03-13,128.83,124.75,-3.1669642164092293,-5.700535589536613,88.53723442112155,108.1156954487452,-18.10880552204862,
2006-06-29,True,2006-03-13,128.83,127.27,-1.2108980827447158,-2.1796165489404884,91.84300541806117,108.1156954487452,-15.051181942772118,
2006-06-30,True,2006-03-13,128.83,127.28,-1.2031359155476262,-2.165644647985727,91.85612355693793,108.1156954487452,-15.039048515870213,
2006-07-03,True,2006-03-13,128.83,127.8,-0.7995032212994024,-1.4391057983389244,92.53826677852862,108.1156954487452,-14.4081103169719,
2006-07-05,True,2006-03-13,128.83,127.07,-1.3661414266863403,-2.4590545680354126,91.58064264052629,108.1156954487452,-15.293850480809922,
2006-07-06,True,2006-03-13,128.83,127.44,-1.0789412403943266,-1.9420942327097879,92.06601377896584,108.1156954487452,-14.844913685439954,RAW_DECISION
2006-07-07,False,,,126.61,,,92.06601377896584,108.1156954487452,-14.844913685439954,
2006-07-10,False,,,126.85,,,92.06601377896584,108.1156954487452,-14.844913685439954,
2006-07-11,False,,,127.41,,,92.06601377896584,108.1156954487452,-14.844913685439954,
2006-07-12,False,,,126.05,,,92.06601377896584,108.1156954487452,-14.844913685439954,
2006-07-13,False,,,124.0,,,92.06601377896584,108.1156954487452,-14.844913685439954,
2006-07-14,False,,,123.52,,,92.06601377896584,108.1156954487452,-14.844913685439954,
2006-07-17,False,,,123.34,,,92.06601377896584,108.1156954487452,-14.844913685439954,
2006-07-18,False,,,123.97,,,92.06601377896584,108.1156954487452,-14.844913685439954,
2006-07-19,False,,,125.69,,,92.06601377896584,108.1156954487452,-14.844913685439954,
2006-07-20,False,,,124.83,,,92.06601377896584,108.1156954487452,-14.844913685439954,
2006-07-21,False,,,123.95,,,92.06601377896584,108.1156954487452,-14.844913685439954,
2006-07-24,False,,,126.21,,,92.06601377896584,108.1156954487452,-14.844913685439954,
2006-07-25,False,,,126.66,,,92.06601377896584,108.1156954487452,-14.844913685439954,
2006-07-26,False,,,126.83,,,92.06601377896584,108.1156954487452,-14.844913685439954,
2006-07-27,False,,,126.71,,,92.06601377896584,108.1156954487452,-14.844913685439954,
2006-07-28,False,,,127.98,,,92.06601377896584,108.1156954487452,-14.844913685439954,
2006-07-31,False,,,127.85,,,92.06601377896584,108.1156954487452,-14.844913685439954,
2006-08-01,False,,,127.22,,,92.06601377896584,108.1156954487452,-14.844913685439954,
2006-08-02,False,,,128.08,,,92.06601377896584,108.1156954487452,-14.844913685439954,
2006-08-03,False,,,128.42,,,92.06601377896584,108.1156954487452,-14.844913685439954,
2006-08-04,True,2006-08-04,128.2,128.2,0.0,0.0,92.06601377896584,108.1156954487452,-14.844913685439954,
2006-08-07,True,2006-08-04,128.2,127.95,-0.19500780031199705,-0.3510140405615947,91.7428491440163,108.1156954487452,-15.143819994656404,
2006-08-08,True,2006-08-04,128.2,127.41,-0.6162246489859524,-1.1092043681747144,91.04481353252523,108.1156954487452,-15.789457622563996,
2006-08-09,True,2006-08-04,128.2,126.98,-0.9516380655226087,-1.7129485179406956,90.48897036041197,108.1156954487452,-16.30357647441634,
2006-08-10,True,2006-08-04,128.2,127.37,-0.6474258970358693,-1.1653666146645647,90.99310719093329,108.1156954487452,-15.83728263203864,
2006-08-11,True,2006-08-04,128.2,127.01,-0.9282371294851655,-1.6708268330732978,90.52775011660592,108.1156954487452,-16.267707717310355,
2006-08-14,True,2006-08-04,128.2,127.11,-0.8502340093603622,-1.530421216848652,90.65701597058575,108.1156954487452,-16.148145193623765,
2006-08-15,True,2006-08-04,128.2,128.63,0.33541341653666734,0.6037441497660012,92.62185695107911,108.1156954487452,-14.330794833587612,
2006-08-16,True,2006-08-04,128.2,129.7,1.170046801872071,2.106084243369728,94.00500158866325,108.1156954487452,-13.051475830141113,
2006-08-17,True,2006-08-04,128.2,130.03,1.4274570982839352,2.5694227769110833,94.43157890679667,108.1156954487452,-12.656919501975372,
2006-08-18,True,2006-08-04,128.2,130.69,1.9422776911076411,3.496099843993754,95.28473354306352,108.1156954487452,-11.86780684564388,
2006-08-21,True,2006-08-04,128.2,130.13,1.5054602184087384,2.709828393135729,94.56084476077652,108.1156954487452,-12.537356978288761,
2006-08-22,True,2006-08-04,128.2,130.12,1.4976599063962759,2.6957878315132966,94.54791817537856,108.1156954487452,-12.5493132306574,
2006-08-23,True,2006-08-04,128.2,129.75999,1.216840873634939,2.19031357254289,94.08254817446574,108.1156954487452,-12.979750272181533,
2006-08-24,True,2006-08-04,128.2,129.64999,1.1310374414976732,2.0358673946958117,93.94035573508796,108.1156954487452,-13.111269048236752,
2006-08-25,True,2006-08-04,128.2,129.81,1.2558502340093813,2.2605304212168864,94.14719402804108,108.1156954487452,-12.91995705408584,
2006-08-28,True,2006-08-04,128.2,130.42999,1.739461778471152,3.1310312012480734,94.94862939613061,108.1156954487452,-12.178681363481347,
2006-08-29,True,2006-08-04,128.2,130.58,1.8564742589703753,3.3416536661466756,95.14254110368574,108.1156954487452,-11.999325621699109,
2006-08-30,True,2006-08-04,128.2,130.66,1.918876755070209,3.4539781591263763,95.2459537868696,108.1156954487452,-11.90367560274983,
2006-08-31,True,2006-08-04,128.2,130.64,1.9032761310452395,3.425897035881431,95.22010061607362,108.1156954487452,-11.927588107487164,
2006-09-01,True,2006-08-04,128.2,131.42,2.5117004680187183,4.521060842433693,96.22837427711627,108.1156954487452,-10.99500042273177,
2006-09-05,True,2006-08-04,128.2,131.67,2.7067082683307264,4.8720748829953076,96.55153891206582,108.1156954487452,-10.696094113515308,
2006-09-06,True,2006-08-04,128.2,130.50999,1.8018642745709856,3.243355694227774,95.05204207931446,108.1156954487452,-12.083031344532092,
2006-09-07,True,2006-08-04,128.2,129.91,1.3338533541341624,2.4009360374414923,94.27645988202087,108.1156954487452,-12.800394530399284,
2006-09-08,True,2006-08-04,128.2,130.28,1.6224648985959433,2.920436817472698,94.75474354174624,108.1156954487452,-12.358013192758898,
2006-09-11,True,2006-08-04,128.2,130.41,1.723868954758201,3.1029641185647616,94.92278915192004,108.1156954487452,-12.202581911966304,
2006-09-12,True,2006-08-04,128.2,131.69,2.722308892355696,4.900156006240253,96.5773920828618,108.1156954487452,-10.672181608777976,
2006-09-13,True,2006-08-04,128.2,132.22,3.1357254290171666,5.6443057722309,97.2625011089549,108.1156954487452,-10.038500233239045,
2006-09-14,True,2006-08-04,128.2,132.23,3.1435257410296513,5.658346333853372,97.2754276943529,108.1156954487452,-10.026543980870372,
2006-09-15,True,2006-08-04,128.2,131.96001,2.932925117004692,5.279265210608446,96.92642281519275,108.1156954487452,-10.349350838571802,
2006-09-18,True,2006-08-04,128.2,132.14,3.0733229329173106,5.531981279251159,97.15908842577103,108.1156954487452,-10.134150252188324,
2006-09-19,True,2006-08-04,128.2,131.81,2.8159126365054687,5.068642745709844,96.7325111076376,108.1156954487452,-10.528706580354063,
2006-09-20,True,2006-08-04,128.2,132.50999,3.361926677067073,6.0514680187207315,97.63735915891098,108.1156954487452,-9.691780870800315,
2006-09-21,True,2006-08-04,128.2,131.87,2.862714508580355,5.152886115444639,96.81007062002553,108.1156954487452,-10.456969066142086,
2006-09-22,True,2006-08-04,128.2,131.47,2.550702028081142,4.591263650546056,96.29300720410622,108.1156954487452,-10.935219160888444,
2006-09-25,True,2006-08-04,128.2,132.48,3.3385335413416595,6.009360374414987,97.59859232930246,108.1156954487452,-9.727637671653898,
2006-09-26,True,2006-08-04,128.2,133.58,4.1965678627145175,7.553822152886132,99.02051672308056,108.1156954487452,-8.412449911101415,
2006-09-27,True,2006-08-04,128.2,133.74001,4.321380655226226,7.778485179407206,99.22735501603368,108.1156954487452,-8.221137916950493,
2006-09-28,True,2006-08-04,128.2,133.69,4.282371294851806,7.70826833073325,99.16270916245838,108.1156954487452,-8.280931135046155,
2006-09-29,True,2006-08-04,128.2,133.58,4.1965678627145175,7.553822152886132,99.02051672308056,108.1156954487452,-8.412449911101415,
2006-10-02,True,2006-08-04,128.2,133.08,3.8065522620905012,6.851794071762902,98.37418745318143,108.1156954487452,-9.010262529534351,
2006-10-03,True,2006-08-04,128.2,133.36,4.024960998439964,7.244929797191935,98.73613184432497,108.1156954487452,-8.675487463211883,
2006-10-04,True,2006-08-04,128.2,134.92,5.241809672386899,9.435257410296419,100.75267916641025,108.1156954487452,-6.81031209370111,
2006-10-05,True,2006-08-04,128.2,135.17999,5.444609984399396,9.800297971918912,101.0887574601724,108.1156954487452,-6.4994614883683415,
2006-10-06,True,2006-08-04,128.2,135.00999,5.312004680187199,9.561608424336958,100.86900550840666,108.1156954487452,-6.702717778635581,
2006-10-09,True,2006-08-04,128.2,135.09,5.374414976599073,9.673946957878332,100.97243111817595,108.1156954487452,-6.607055803433914,
2006-10-10,True,2006-08-04,128.2,135.27,5.514820592823733,9.92667706708272,101.20510965533965,108.1156954487452,-6.391843260798035,
2006-10-11,True,2006-08-04,128.2,135.11,5.390015600624043,9.702028081123277,100.99828428897193,108.1156954487452,-6.583143298696581,
2006-10-12,True,2006-08-04,128.2,136.28,6.30265210608425,11.34477379095165,102.51069478053589,108.1156954487452,-5.184261771563503,
2006-10-13,True,2006-08-04,128.2,136.63,6.575663026521061,11.83619344773791,102.96312526946528,108.1156954487452,-4.765792938660429,
2006-10-16,True,2006-08-04,128.2,136.84,6.739469578783153,12.131045241809675,103.23458356282292,108.1156954487452,-4.514711638918589,
2006-10-17,True,2006-08-04,128.2,136.41,6.4040561622465075,11.527301092043714,102.67874039070969,108.1156954487452,-5.028830490770908,
2006-10-18,True,2006-08-04,128.2,136.59,6.5444617784711445,11.780031201248061,102.91141892787336,108.1156954487452,-4.813617948135063,
2006-10-19,True,2006-08-04,128.2,136.81,6.716068642745721,12.088923556942298,103.19580380662897,108.1156954487452,-4.550580396024573,
2006-10-20,True,2006-08-04,128.2,136.84,6.739469578783153,12.131045241809675,103.23458356282292,108.1156954487452,-4.514711638918589,
2006-10-23,True,2006-08-04,128.2,137.47,7.2308892355694265,13.015600624024968,104.04895844289582,108.1156954487452,-3.7614677396930807,
2006-10-24,True,2006-08-04,128.2,137.88,7.550702028081124,13.591263650546024,104.57894844421311,108.1156954487452,-3.271261392578073,
2006-10-25,True,2006-08-04,128.2,138.35001,7.917324492979727,14.251184087363509,105.1865108845037,108.1156954487452,-2.7093055749987216,
2006-10-26,True,2006-08-04,128.2,138.78,8.252730109204375,14.854914196567876,105.74234113003158,108.1156954487452,-2.1951986793987466,
2006-10-27,True,2006-08-04,128.2,137.91,7.574102964118579,13.633385335413442,104.6177282004071,108.1156954487452,-3.2353926354720564,
2006-10-30,True,2006-08-04,128.2,137.81,7.496099843993775,13.492979719188796,104.48846234642726,108.1156954487452,-3.354955159158668,
2006-10-31,True,2006-08-04,128.2,137.79,7.480499219968806,13.46489859594385,104.46260917563127,108.1156954487452,-3.3788676638960013,
2006-11-01,True,2006-08-04,128.2,136.86,6.755070202808122,12.15912636505462,103.2604367336189,108.1156954487452,-4.490799134181255,
2006-11-02,True,2006-08-04,128.2,136.78,6.6926677067082885,12.04680187207492,103.15702405043506,108.1156954487452,-4.586449153130523,
2006-11-03,True,2006-08-04,128.2,136.54,6.505460218408743,11.709828393135737,102.84678600088345,108.1156954487452,-4.873399209978347,
2006-11-06,True,2006-08-04,128.2,138.08,7.706708268330753,13.872074882995356,104.8374801521728,108.1156954487452,-3.032136345204861,
2006-11-07,True,2006-08-04,128.2,138.61,8.120124804992223,14.616224648986002,105.52258917826589,108.1156954487452,-2.3984549696659307,
2006-11-08,True,2006-08-04,128.2,138.91,8.354134165366611,15.0374414976599,105.91038674020534,108.1156954487452,-2.039767398606185,
2006-11-09,True,2006-08-04,128.2,138.18,7.784711388455556,14.012480499220002,104.96674600615262,108.1156954487452,-2.912573821518283,
2006-11-10,True,2006-08-04,128.2,138.24,7.831513260530443,14.096723868954797,105.04430551854053,108.1156954487452,-2.840836307306316,
2006-11-13,True,2006-08-04,128.2,138.58,8.096723868954768,14.574102964118584,105.48380942207193,108.1156954487452,-2.434323726771914,
2006-11-14,True,2006-08-04,128.2,139.62,8.90795631825274,16.034321372854933,106.82817430346213,108.1156954487452,-1.190873480431387,
2006-11-15,True,2006-08-04,128.2,140.02,9.219968798751976,16.59594383775356,107.34523771938146,108.1156954487452,-0.7126233856850073,
2006-11-16,True,2006-08-04,128.2,140.38,9.50078003120125,17.101404056162252,107.8105947937088,108.1156954487452,-0.2821983004133166,
2006-11-17,True,2006-08-04,128.2,140.42,9.531981279251166,17.1575663026521,107.86230113530073,108.1156954487452,-0.2343732909386831,
2006-11-20,True,2006-08-04,128.2,140.5,9.594383775351023,17.26989079563184,107.9657138184846,108.1156954487452,-0.13872327198940493,
2006-11-21,True,2006-08-04,128.2,140.64,9.703588143525742,17.466458658346337,108.14668601405634,108.14668601405634,0.0,
2006-11-22,True,2006-08-04,128.2,140.92,9.921996879875206,17.85959438377537,108.5086304051999,108.5086304051999,0.0,
2006-11-24,True,2006-08-04,128.2,140.35,9.477379095163819,17.059282371294874,107.77181503751487,108.5086304051999,-0.679038492084516,
2006-11-27,True,2006-08-04,128.2,138.42,7.97191887675508,14.349453978159143,105.2769840557042,108.5086304051999,-2.9782390003706305,
2006-11-28,True,2006-08-04,128.2,139.02,8.43993759750392,15.191887675507058,106.05257917958318,108.5086304051999,-2.263461640281672,
2006-11-29,True,2006-08-04,128.2,140.47,9.57098283931359,17.227769110764463,107.92693406229067,108.5086304051999,-0.5360830200667133,
2006-11-30,True,2006-08-04,128.2,140.53,9.617784711388456,17.31201248049922,108.00449357467855,108.5086304051999,-0.46460528405783963,
2006-12-01,True,2006-08-04,128.2,140.22,9.37597503900156,16.876755070202808,107.60376942734108,108.5086304051999,-0.8339069201037996,
2006-12-04,True,2006-08-04,128.2,141.29,10.210608424336986,18.379095163806575,108.98691406492524,108.98691406492524,0.0,
2006-12-05,True,2006-08-04,128.2,141.9,10.68642745709829,19.235569422776923,109.7754357742022,109.7754357742022,0.0,
2006-12-06,True,2006-08-04,128.2,141.78,10.592823712948519,19.067082683307333,109.62031674942637,109.7754357742022,-0.1413057699856446,
2006-12-07,True,2006-08-04,128.2,141.16,10.10920436817473,18.196567862714513,108.81886845475145,109.7754357742022,-0.8713855815779326,
2006-12-08,True,2006-08-04,128.2,141.42,10.312012480499222,18.5616224648986,109.15495967509901,109.7754357742022,-0.5652230799424451,
2006-12-11,True,2006-08-04,128.2,141.83,10.631825273010943,19.137285491419696,109.68494967641632,109.7754357742022,-0.08242836582492696,
2006-12-12,True,2006-08-04,128.2,141.72,10.546021840873653,18.982839313572576,109.54275723703851,109.7754357742022,-0.21195865497840582,
2006-12-13,True,2006-08-04,128.2,141.87,10.663026521060859,19.193447737909548,109.73665601800825,109.7754357742022,-0.03532644249639727,
2006-12-14,True,2006-08-04,128.2,143.12,11.638065522620922,20.94851794071766,111.35247919275609,111.35247919275609,0.0,
2006-12-15,True,2006-08-04,128.2,142.34,11.029641185647442,19.853354134165397,110.34420553171344,111.35247919275609,-0.905479310700652,
2006-12-18,True,2006-08-04,128.2,141.95,10.725429017160693,19.305772230889247,109.8400687011921,111.35247919275609,-1.3582189660509947,
2006-12-19,True,2006-08-04,128.2,142.22,10.936037441497671,19.684867394695807,110.18908650693764,111.35247919275609,-1.044783820039219,
2006-12-20,True,2006-08-04,128.2,142.14,10.873634945397814,19.572542901716066,110.08567382375375,111.35247919275609,-1.1376534929316118,
2006-12-21,True,2006-08-04,128.2,141.62,10.468018720748852,18.842433697347932,109.41349138305868,111.35247919275609,-1.7413063667320205,
2006-12-22,True,2006-08-04,128.2,140.75,9.789391575663032,17.620904836193457,108.28887845343417,111.35247919275609,-2.751264059436609,
2006-12-26,True,2006-08-04,128.2,141.58,10.436817472698934,18.78627145085808,109.36178504146676,111.35247919275609,-1.7877412031781947,
2006-12-27,True,2006-08-04,128.2,142.51,11.162246489859594,20.09204368174727,110.56395748347911,111.35247919275609,-0.7081312558043784,
2006-12-28,True,2006-08-04,128.2,142.21,10.928237129485186,19.670826833073335,110.17615992153964,111.35247919275609,-1.0563925291507847,
2006-12-29,True,2006-08-04,128.2,141.62,10.468018720748852,18.842433697347932,109.41349138305868,111.35247919275609,-1.7413063667320205,
2007-01-03,True,2006-08-04,128.2,141.37,10.273010920436821,18.491419656786277,109.09032674810908,111.35247919275609,-2.0315240945207202,
2007-01-04,True,2006-08-04,128.2,141.67,10.50702028081123,18.912636505460213,109.47812431004857,111.35247919275609,-1.683262821174314,
2007-01-05,True,2006-08-04,128.2,140.54,9.62558502340094,17.326053042121693,108.01742016007653,111.35247919275609,-2.99504695077909,
2007-01-08,True,2006-08-04,128.2,141.19,10.132605304212184,18.23868954758193,108.85764821094541,111.35247919275609,-2.2404808585285485,
2007-01-09,True,2006-08-04,128.2,141.07,10.03900156006241,18.070202808112338,108.70252918616961,111.35247919275609,-2.3797853678671155,
2007-01-10,True,2006-08-04,128.2,141.54,10.405616224648995,18.73010920436819,109.31007869987481,111.35247919275609,-1.8341760396244022,
2007-01-11,True,2006-08-04,128.2,142.16,10.889235569422784,19.60062402496101,110.11152699454973,111.35247919275609,-1.1144360747085025,
2007-01-12,True,2006-08-04,128.2,143.24,11.731669266770695,21.11700468018725,111.50759821753189,111.50759821753189,0.0,
2007-01-16,True,2006-08-04,128.2,142.96,11.513260530421231,20.723868954758217,111.14565382638837,111.50759821753189,-0.32459168427019236,
2007-01-17,True,2006-08-04,128.2,143.02,11.560062402496118,20.808112324493013,111.22321333877628,111.50759821753189,-0.25503632335514004,
2007-01-18,True,2006-08-04,128.2,142.54,11.185647425897049,20.13416536661469,110.60273723967309,111.50759821753189,-0.8114792106754698,
2007-01-19,True,2006-08-04,128.2,142.82,11.40405616224649,20.527301092043682,110.96468163081659,111.50759821753189,-0.48688752640531074,
2007-01-22,True,2006-08-04,128.2,142.38,11.06084243369736,19.909516380655248,110.39591187330537,111.50759821753189,-0.9969601731155797,
2007-01-23,True,2006-08-04,128.2,142.93,11.4898595943838,20.681747269890842,111.10687407019444,111.50759821753189,-0.35936936472769077,
2007-01-24,True,2006-08-04,128.2,143.99,12.316692667706718,22.170046801872093,112.47709212238057,112.47709212238057,0.0,
2007-01-25,True,2006-08-04,128.2,142.28,10.982839313572557,19.769110764430604,110.26664601932553,112.47709212238057,-1.965241153860875,
2007-01-26,True,2006-08-04,128.2,142.13,10.86583463338535,19.558502340093632,110.0727472383558,112.47709212238057,-2.137630728760953,
2007-01-29,True,2006-08-04,128.2,141.95,10.725429017160693,19.305772230889247,109.8400687011921,112.47709212238057,-2.3444982186410557,
2007-01-30,True,2006-08-04,128.2,142.86,11.43525741029643,20.583463338533573,111.01638797240855,112.47709212238057,-1.2986681309138937,
2007-01-31,True,2006-08-04,128.2,143.75,12.129485179407196,21.833073322932954,112.16685407282901,112.47709212238057,-0.2758233198400961,
2007-02-01,True,2006-08-04,128.2,144.54,12.745709828393137,22.94227769110765,113.1880543192696,113.1880543192696,0.0,
2007-02-02,True,2006-08-04,128.2,144.81,12.956318252730114,23.321372854914205,113.53707212501514,113.53707212501514,0.0,
2007-02-05,True,2006-08-04,128.2,144.85,12.987519500780031,23.377535101404057,113.58877846660707,113.58877846660707,0.0,
2007-02-06,True,2006-08-04,128.2,144.82,12.964118564742598,23.335413416536678,113.54999871041315,113.58877846660707,-0.0341404817601032,
2007-02-07,True,2006-08-04,128.2,145.19,13.25273010920438,23.854914196567886,114.02828237013851,114.02828237013851,0.0,
2007-02-08,True,2006-08-04,128.2,145.03,13.12792511700469,23.630265210608442,113.82145700377079,114.02828237013851,-0.18138076104344814,
2007-02-09,True,2006-08-04,128.2,143.94,12.277691107644317,22.099843993759773,112.41245919539067,114.02828237013851,-1.4170371956519046,
2007-02-12,True,2006-08-04,128.2,143.5,11.934477379095165,21.4820592823713,111.8436894378794,114.02828237013851,-1.9158342885213897,
2007-02-13,True,2006-08-04,128.2,144.66,12.83931357254291,23.110764430577238,113.34317334404543,114.02828237013851,-0.6008237709564046,
2007-02-14,True,2006-08-04,128.2,145.67,13.627145085803427,24.52886115444617,114.64875846924164,114.64875846924164,0.0,
2007-02-15,True,2006-08-04,128.2,145.72,13.666146645865851,24.59906396255853,114.7133913962316,114.7133913962316,0.0,
2007-02-16,True,2006-08-04,128.2,145.72,13.666146645865851,24.59906396255853,114.7133913962316,114.7133913962316,0.0,
2007-02-20,True,2006-08-04,128.2,146.07,13.939157566302661,25.09048361934479,115.165821885161,115.165821885161,0.0,
2007-02-21,True,2006-08-04,128.2,145.98,13.868954758190322,24.96411856474258,115.04948261657911,115.165821885161,-0.10101891922230655,
2007-02-22,True,2006-08-04,128.2,145.88,13.790951638065518,24.823712948517933,114.92021676259928,115.165821885161,-0.21326216280262988,
2007-02-23,True,2006-08-04,128.2,145.34,13.369734789391586,24.065522620904854,114.22218115110823,115.165821885161,-0.8193756781362804,
2007-02-26,True,2006-08-04,128.2,145.17,13.23712948517941,23.82683307332294,114.00242919934253,115.165821885161,-1.0101891922228101,
2007-02-27,True,2006-08-04,128.2,139.5,8.81435257410297,15.865834633385345,106.67305527868632,115.165821885161,-7.374381103226391,
2007-02-28,True,2006-08-04,128.2,140.93,9.92979719188769,17.873634945397843,108.52155699059787,115.165821885161,-5.769302720027936,
2007-03-01,True,2006-08-04,128.2,140.51,9.602184087363508,17.283931357254314,107.97864040388261,115.165821885161,-6.24072434306523,
2007-03-02,True,2006-08-04,128.2,138.67,8.166926677067089,14.70046801872076,105.60014869065375,115.165821885161,-8.30600002494296,
2007-03-05,True,2006-08-04,128.2,137.35,7.137285491419654,12.847113884555377,103.89383941812002,115.165821885161,-9.787610840203065,
2007-03-06,True,2006-08-04,128.2,139.7,8.970358814352576,16.146645865834635,106.93158698664597,115.165821885161,-7.149894616065778,
2007-03-07,True,2006-08-04,128.2,139.56,8.861154446177855,15.950078003120138,106.75061479107423,115.165821885161,-7.3070351570781895,
2007-03-08,True,2006-08-04,128.2,140.74,9.781591263650569,17.606864274571024,108.27595186803622,115.165821885161,-5.98256488283051,
2007-03-09,True,2006-08-04,128.2,140.78,9.812792511700486,17.663026521060875,108.32765820962813,115.165821885161,-5.93766758539841,
2007-03-12,True,2006-08-04,128.2,140.96,9.953198127925123,17.91575663026522,108.56033674679179,115.165821885161,-5.735629746953874,
2007-03-13,True,2006-08-04,128.2,138.25,7.839313572542905,14.11076443057723,105.05723210393849,115.165821885161,-8.777421647980255,
2007-03-14,True,2006-08-04,128.2,139.28,8.642745709828414,15.556942277691146,106.38867039993075,115.165821885161,-7.621316239103038,
2007-03-15,True,2006-08-04,128.2,139.47,8.790951638065536,15.823712948517965,106.63427552249239,115.165821885161,-7.408054076300474,
2007-03-16,True,2006-08-04,128.2,138.44,7.987519500780049,14.377535101404089,105.30283722650019,115.165821885161,-8.564159485177647,
2007-03-19,True,2006-08-04,128.2,140.2,9.36037441497659,16.848673946957863,107.5779162565451,115.165821885161,-6.588678398164238,
2007-03-20,True,2006-08-04,128.2,140.97,9.960998439937608,17.929797191887694,108.5732633321898,115.165821885161,-5.724405422595824,
2007-03-21,True,2006-08-04,128.2,143.29,11.770670826833074,21.187207488299535,111.57223114452178,115.165821885161,-3.1203621715326313,
2007-03-22,True,2006-08-04,128.2,143.18,11.684867394695807,21.032761310452454,111.430038705144,115.165821885161,-3.243829739470949,
2007-03-23,True,2006-08-04,128.2,143.39,11.848673946957877,21.32761310452418,111.7014969985016,115.165821885161,-3.00811892795233,
2007-03-26,True,2006-08-04,128.2,143.2,11.700468018720755,21.06084243369736,111.45589187593994,115.165821885161,-3.2213810907549045,
2007-03-27,True,2006-08-04,128.2,142.86,11.43525741029643,20.583463338533573,111.01638797240855,115.165821885161,-3.6030081189279417,
2007-03-28,True,2006-08-04,128.2,141.82,10.624024960998435,19.123244929797185,109.67202309101829,115.165821885161,-4.77033785216322,
2007-03-29,True,2006-08-04,128.2,141.97,10.741029641185662,19.33385335413419,109.86592187198808,115.165821885161,-4.601972986792713,
2007-03-30,True,2006-08-04,128.2,142.0,10.764430577223095,19.37597503900157,109.90470162818201,115.165821885161,-4.568300013718629,
2007-04-02,True,2006-08-04,128.2,142.16,10.889235569422784,19.60062402496101,110.11152699454973,115.165821885161,-4.388710823990138,
2007-04-03,True,2006-08-04,128.2,143.69,12.08268330733231,21.748829953198157,112.0892945604411,115.165821885161,-2.6713891972113823,
2007-04-04,True,2006-08-04,128.2,143.85,12.207488299531978,21.97347893915756,112.29611992680879,115.165821885161,-2.491800007482925,
2007-04-05,True,2006-08-04,128.2,144.24,12.511700468018727,22.52106084243371,112.80025675733013,115.165821885161,-2.054051357519693,
2007-04-09,True,2006-08-04,128.2,144.44,12.667706708268334,22.801872074883,113.05878846528978,115.165821885161,-1.8295648703590794,
2007-04-10,True,2006-08-04,128.2,144.61,12.80031201248053,23.040561622464956,113.27854041705554,115.165821885161,-1.6387513562725053,
2007-04-11,True,2006-08-04,128.2,144.02,12.340093603744172,22.21216848673951,112.51587187857454,115.165821885161,-2.300986493396351,
2007-04-12,True,2006-08-04,128.2,144.66,12.83931357254291,23.110764430577238,113.34317334404543,115.165821885161,-1.582629734482377,
2007-04-13,True,2006-08-04,128.2,145.32,13.354134165366617,24.03744149765991,114.19632798031228,115.165821885161,-0.8418243268523362,
2007-04-16,True,2006-08-04,128.2,146.7,14.430577223088914,25.975039001560045,115.98019676523386,115.98019676523386,0.0,
2007-04-17,True,2006-08-04,128.2,147.09,14.734789391575687,26.522620904836238,116.48433359575525,116.48433359575525,0.0,
2007-04-18,True,2006-08-04,128.2,147.27,14.875195007800324,26.775351014040584,116.71701213291891,116.71701213291891,0.0,
2007-04-19,True,2006-08-04,128.2,147.23,14.843993759750385,26.719188767550694,116.66530579132694,116.71701213291891,-0.04430060421104498,
2007-04-20,True,2006-08-04,128.2,148.62,15.92823712948519,28.670826833073342,118.46210116164657,118.46210116164657,0.0,
2007-04-23,True,2006-08-04,128.2,148.06,15.491419656786288,27.884555382215318,117.73821237935957,118.46210116164657,-0.6110720434539862,
2007-04-24,True,2006-08-04,128.2,148.12,15.538221528861174,27.968798751950114,117.81577189174745,118.46210116164657,-0.5456000387982218,
2007-04-25,True,2006-08-04,128.2,149.48,16.599063962558503,29.878315132605305,119.57378750587307,119.57378750587307,0.0,
2007-04-26,True,2006-08-04,128.2,149.65,16.731669266770677,30.117004680187218,119.79353945763879,119.79353945763879,0.0,
2007-04-27,True,2006-08-04,128.2,149.53,16.638065522620927,29.948517940717668,119.63842043286303,119.79353945763879,-0.12948863976977032,
2007-04-30,True,2006-08-04,128.2,148.29,15.670826833073326,28.207488299531988,118.03552384351313,119.79353945763879,-1.4675379173910486,
2007-05-01,True,2006-08-04,128.2,148.215,15.612324492979734,28.102184087363522,117.93857445302828,119.79353945763879,-1.5484683172471536,
2007-05-02,True,2006-08-04,128.2,149.54,16.64586583463339,29.962558502340105,119.65134701826098,119.79353945763879,-0.11869791978897926,
2007-05-03,True,2006-08-04,128.2,150.35,17.277691107644323,31.09984399375978,120.6984004354976,120.6984004354976,0.0,
2007-05-04,True,2006-08-04,128.2,150.92,17.722308892355688,31.900156006240238,121.43521580318257,121.43521580318257,0.0,
2007-05-07,True,2006-08-04,128.2,150.95,17.745709828393142,31.942277691107655,121.47399555937656,121.47399555937656,0.0,
2007-05-08,True,2006-08-04,128.2,150.75,17.589703588143536,31.661466458658364,121.2154638514169,121.47399555937656,-0.21282885013302888,
2007-05-09,True,2006-08-04,128.2,151.16,17.909516380655234,32.23712948517942,121.74545385273419,121.74545385273419,0.0,
2007-05-10,True,2006-08-04,128.2,149.58,16.67706708268333,30.018720748829995,119.70305335985293,121.74545385273419,-1.6775989806993463,
2007-05-11,True,2006-08-04,128.2,150.86,17.675507020280822,31.81591263650548,121.35765629079472,121.74545385273419,-0.3185314520315119,
2007-05-14,True,2006-08-04,128.2,150.53,17.41809672386896,31.352574102964127,120.93107897266127,121.74545385273419,-0.6689160492661994,
2007-05-15,True,2006-08-04,128.2,150.57,17.449297971918874,31.408736349453974,120.98278531425319,121.74545385273419,-0.6264451889953393,
2007-05-16,True,2006-08-04,128.2,151.6,18.252730109204386,32.8549141965679,122.31422361024545,122.31422361024545,0.0,
2007-05-17,True,2006-08-04,128.2,151.3,18.018720748829974,32.433697347893954,121.92642604830597,122.31422361024545,-0.3170502583372481,
2007-05-18,True,2006-08-04,128.2,152.62,19.048361934477388,34.2870514820593,123.63273532083967,123.63273532083967,0.0,
2007-05-21,True,2006-08-04,128.2,152.54,18.98595943837753,34.17472698907956,123.52932263765578,123.63273532083967,-0.08364506610285538,
2007-05-22,True,2006-08-04,128.2,152.42,18.89235569422778,34.00624024961001,123.37420361288002,123.63273532083967,-0.20911266525708294,
2007-05-23,True,2006-08-04,128.2,152.44,18.90795631825275,34.034321372854954,123.400056783676,123.63273532083967,-0.188201398731358,
2007-05-24,True,2006-08-04,128.2,151.06,17.83151326053043,32.096723868954776,121.61618799875436,123.63273532083967,-1.6310787890053247,
2007-05-25,True,2006-08-04,128.2,151.69,18.322932917316702,32.981279251170065,122.43056287882727,123.63273532083967,-0.9723738934454773,
2007-05-29,True,2006-08-04,128.2,152.24,18.751950078003144,33.75351014040566,123.14152507571634,123.63273532083967,-0.39731406398846314,
2007-05-30,True,2006-08-04,128.2,153.48,19.719188767550698,35.49453978159126,124.74442166506616,124.74442166506616,0.0,
2007-05-31,True,2006-08-04,128.2,153.32,19.59438377535101,35.26989079563182,124.53759629869845,124.74442166506616,-0.16579929074747035,
2007-06-01,True,2006-08-04,128.2,154.08,20.187207488299563,36.336973478939214,125.52001678894517,125.52001678894517,0.0,
2007-06-04,True,2006-08-04,128.2,154.1,20.20280811232449,36.36505460218408,125.5458699597411,125.5458699597411,0.0,
2007-06-05,True,2006-08-04,128.2,153.49,19.726989079563207,35.50858034321377,124.75734825046419,125.5458699597411,-0.6280745910078656,
2007-06-06,True,2006-08-04,128.2,151.84,18.439937597503906,33.19188767550703,122.624461659797,125.5458699597411,-2.326964878160387,
2007-06-07,True,2006-08-04,128.2,149.1,16.30265210608426,29.344773790951667,119.08257726074976,125.5458699597411,-5.148152385310589,
2007-06-08,True,2006-08-04,128.2,151.04,17.81591263650546,32.06864274570983,121.59033482795839,125.5458699597411,-3.1506692598100905,
2007-06-11,True,2006-08-04,128.2,151.3,18.018720748829974,32.433697347893954,121.92642604830597,125.5458699597411,-2.8829653357739127,
2007-06-12,True,2006-08-04,128.2,149.65,16.731669266770677,30.117004680187218,119.79353945763879,125.5458699597411,-4.581855622926434,
2007-06-13,True,2006-08-04,128.2,151.89,18.47893915756631,33.26209048361936,122.68909458678694,125.5458699597411,-2.2754833543072728,
2007-06-14,True,2006-08-04,128.2,152.86,19.235569422776933,34.62402496099848,123.94297337039127,125.5458699597411,-1.2767417915570012,
2007-06-15,True,2006-08-04,128.2,153.07,19.399375975039,34.9188767550702,124.21443166374887,125.5458699597411,-1.060519391373993,
2007-06-18,True,2006-08-04,128.2,152.89,19.25897035881434,34.666146645865815,123.98175312658518,125.5458699597411,-1.2458528772451793,
2007-06-19,True,2006-08-04,128.2,153.27,19.55538221528863,35.19968798751954,124.47296337170856,125.5458699597411,-0.8545932959615365,
2007-06-20,True,2006-08-04,128.2,151.14,17.893915756630264,32.20904836193448,121.7196006819382,125.5458699597411,-3.0477062121038845,
2007-06-21,True,2006-08-04,128.2,151.98,18.54914196567863,33.388455538221535,122.80543385536876,125.5458699597411,-2.1828166113716962,
2007-06-22,True,2006-08-04,128.2,150.55,17.43369734789393,31.380655226209072,120.95693214345725,125.5458699597411,-3.6551881935705133,
2007-06-25,True,2006-08-04,128.2,149.83,16.872074882995335,30.369734789391604,120.0262179948025,125.5458699597411,-4.3965221370552365,
2007-06-26,True,2006-08-04,128.2,148.29,15.670826833073326,28.207488299531988,118.03552384351313,125.5458699597411,-5.982153071730922,
2007-06-27,True,2006-08-04,128.2,150.4,17.316692667706725,31.170046801872108,120.7630333624875,125.5458699597411,-3.8096327651298334,
2007-06-28,True,2006-08-04,128.2,150.38,17.301092043681756,31.141965678627162,120.73718019169152,125.5458699597411,-3.8302253746710924,
2007-06-29,True,2006-08-04,128.2,150.43,17.340093603744155,31.21216848673948,120.80181311868145,125.5458699597411,-3.7787438508179783,
2007-07-02,True,2006-08-04,128.2,151.79,18.400936037441507,33.12168486739471,122.55982873280709,125.5458699597411,-2.378446402013501,
2007-07-03,True,2006-08-04,128.2,152.34,18.829953198127946,33.89391575663031,123.27079092969616,125.5458699597411,-1.8121496396293124,
2007-07-05,True,2006-08-04,128.2,152.18,18.705148205928257,33.669266770670866,123.06396556332844,125.5458699597411,-1.976890515959251,
2007-07-06,True,2006-08-04,128.2,152.98,19.329173166926683,34.79251170046803,124.09809239516703,125.5458699597411,-1.1531861343095806,
2007-07-09,True,2006-08-04,128.2,153.0,19.344773790951653,34.82059282371298,124.12394556596301,125.5458699597411,-1.1325935247683216,
2007-07-10,True,2006-08-04,128.2,150.92,17.722308892355688,31.900156006240238,121.43521580318257,125.5458699597411,-3.2742249170575555,
2007-07-11,True,2006-08-04,128.2,151.99,18.556942277691135,33.40249609984404,122.81836044076678,125.5458699597411,-2.1725203066010446,
2007-07-12,True,2006-08-04,128.2,154.39,20.429017160686435,36.77223088923559,125.9207409362826,125.9207409362826,0.0,
2007-07-13,True,2006-08-04,128.2,154.85,20.787831513260535,37.41809672386896,126.5153638645898,126.5153638645898,0.0,
2007-07-16,True,2006-08-04,128.2,154.83,20.772230889235587,37.39001560062406,126.48951069379387,126.5153638645898,-0.020434807288383094,
2007-07-17,True,2006-08-04,128.2,154.75,20.70982839313573,37.277691107644316,126.38609801060998,126.5153638645898,-0.1021740364420598,
2007-07-18,True,2006-08-04,128.2,154.47,20.49141965678629,36.884555382215325,126.02415361946649,126.5153638645898,-0.3882613384798561,
2007-07-19,True,2006-08-04,128.2,155.07,20.95943837753511,37.726989079563204,126.79974874334543,126.79974874334543,0.0,
2007-07-20,True,2006-08-04,128.2,153.5,19.734789391575667,35.5226209048362,124.77027483586214,126.79974874334543,-1.6005346442690027,
2007-07-23,True,2006-08-04,128.2,153.97,20.101404056162252,36.18252730109206,125.37782434956733,126.79974874334543,-1.1213936998063057,
2007-07-24,True,2006-08-04,128.2,151.3,18.018720748829974,32.433697347893954,121.92642604830597,126.79974874334543,-3.843322043881592,
2007-07-25,True,2006-08-04,128.2,151.61,18.26053042121687,32.86895475819037,122.32715019564343,126.79974874334543,-3.5272929102998174,
2007-07-26,True,2006-08-04,128.2,148.02,15.46021840873637,27.828393135725467,117.68650603776763,126.79974874334543,-7.18711416694039,
2007-07-27,True,2006-08-04,128.2,145.11,13.190327613104547,23.742589703588184,113.92486968695465,126.79974874334543,-10.153710227337076,RAW_DECISION
2007-07-30,False,,,147.38,,,113.92486968695465,126.79974874334543,-10.153710227337076,
2007-07-31,False,,,145.72,,,113.92486968695465,126.79974874334543,-10.153710227337076,
2007-08-01,False,,,146.43,,,113.92486968695465,126.79974874334543,-10.153710227337076,
2007-08-02,False,,,147.6,,,113.92486968695465,126.79974874334543,-10.153710227337076,
2007-08-03,False,,,143.8,,,113.92486968695465,126.79974874334543,-10.153710227337076,
2007-08-06,False,,,146.21,,,113.92486968695465,126.79974874334543,-10.153710227337076,
2007-08-07,False,,,147.77,,,113.92486968695465,126.79974874334543,-10.153710227337076,
2007-08-08,False,,,149.83,,,113.92486968695465,126.79974874334543,-10.153710227337076,
2007-08-09,False,,,145.39,,,113.92486968695465,126.79974874334543,-10.153710227337076,
2007-08-10,False,,,144.71,,,113.92486968695465,126.79974874334543,-10.153710227337076,
2007-08-13,False,,,145.23,,,113.92486968695465,126.79974874334543,-10.153710227337076,
2007-08-14,False,,,143.01,,,113.92486968695465,126.79974874334543,-10.153710227337076,
2007-08-15,False,,,141.04,,,113.92486968695465,126.79974874334543,-10.153710227337076,
2007-08-16,False,,,142.1,,,113.92486968695465,126.79974874334543,-10.153710227337076,
2007-08-17,False,,,144.71,,,113.92486968695465,126.79974874334543,-10.153710227337076,
2007-08-20,False,,,144.64,,,113.92486968695465,126.79974874334543,-10.153710227337076,
2007-08-21,False,,,144.93,,,113.92486968695465,126.79974874334543,-10.153710227337076,
2007-08-22,False,,,146.65,,,113.92486968695465,126.79974874334543,-10.153710227337076,
2007-08-23,False,,,146.52,,,113.92486968695465,126.79974874334543,-10.153710227337076,
2007-08-24,False,,,148.33,,,113.92486968695465,126.79974874334543,-10.153710227337076,
2007-08-27,False,,,146.95,,,113.92486968695465,126.79974874334543,-10.153710227337076,
2007-08-28,False,,,143.72,,,113.92486968695465,126.79974874334543,-10.153710227337076,
2007-08-29,False,,,146.54,,,113.92486968695465,126.79974874334543,-10.153710227337076,
2007-08-30,False,,,146.15,,,113.92486968695465,126.79974874334543,-10.153710227337076,
2007-08-31,False,,,147.59,,,113.92486968695465,126.79974874334543,-10.153710227337076,
2007-09-04,False,,,149.08,,,113.92486968695465,126.79974874334543,-10.153710227337076,
2007-09-05,False,,,147.79,,,113.92486968695465,126.79974874334543,-10.153710227337076,
2007-09-06,False,,,148.13,,,113.92486968695465,126.79974874334543,-10.153710227337076,
2007-09-07,False,,,146.07,,,113.92486968695465,126.79974874334543,-10.153710227337076,
2007-09-10,False,,,145.79,,,113.92486968695465,126.79974874334543,-10.153710227337076,
2007-09-11,False,,,147.49,,,113.92486968695465,126.79974874334543,-10.153710227337076,
2007-09-12,False,,,147.87,,,113.92486968695465,126.79974874334543,-10.153710227337076,
2007-09-13,False,,,148.91,,,113.92486968695465,126.79974874334543,-10.153710227337076,
2007-09-14,False,,,148.9,,,113.92486968695465,126.79974874334543,-10.153710227337076,
2007-09-17,False,,,148.1,,,113.92486968695465,126.79974874334543,-10.153710227337076,
2007-09-18,False,,,152.46,,,113.92486968695465,126.79974874334543,-10.153710227337076,
2007-09-19,False,,,153.36,,,113.92486968695465,126.79974874334543,-10.153710227337076,
2007-09-20,False,,,152.28,,,113.92486968695465,126.79974874334543,-10.153710227337076,
2007-09-21,False,,,151.97,,,113.92486968695465,126.79974874334543,-10.153710227337076,
2007-09-24,False,,,151.69,,,113.92486968695465,126.79974874334543,-10.153710227337076,
2007-09-25,False,,,151.39,,,113.92486968695465,126.79974874334543,-10.153710227337076,
2007-09-26,False,,,152.37,,,113.92486968695465,126.79974874334543,-10.153710227337076,
2007-09-27,False,,,153.09,,,113.92486968695465,126.79974874334543,-10.153710227337076,
2007-09-28,False,,,152.58,,,113.92486968695465,126.79974874334543,-10.153710227337076,
2007-10-01,False,,,154.3,,,113.92486968695465,126.79974874334543,-10.153710227337076,
2007-10-02,False,,,154.09,,,113.92486968695465,126.79974874334543,-10.153710227337076,
2007-10-03,False,,,153.78,,,113.92486968695465,126.79974874334543,-10.153710227337076,
2007-10-04,False,,,154.02,,,113.92486968695465,126.79974874334543,-10.153710227337076,
2007-10-05,True,2007-10-05,155.85,155.85,0.0,0.0,113.92486968695465,126.79974874334543,-10.153710227337076,
2007-10-08,True,2007-10-05,155.85,155.02,-0.532563362207239,-0.9586140519730302,112.83276987744354,126.79974874334543,-11.014989386274232,
2007-10-09,True,2007-10-05,155.85,156.48,0.40423484119345154,0.7276227141482128,114.75381291586068,126.79974874334543,-9.49996821513176,
2007-10-10,True,2007-10-05,155.85,156.22,0.2374077638755301,0.42733397497595416,114.4117093610741,126.79974874334543,-9.769766505883137,
2007-10-11,True,2007-10-05,155.85,155.47,-0.2438241899262117,-0.43888354186718104,113.42487218380496,126.79974874334543,-10.548030806127596,
2007-10-12,True,2007-10-05,155.85,156.33,0.3079884504331165,0.5543792107796097,114.5564454804069,126.79974874334543,-9.65562107518062,
2007-10-15,True,2007-10-05,155.85,155.01,-0.5389797882579428,-0.970163618864297,112.81961204841326,126.79974874334543,-11.025366243610845,
2007-10-16,True,2007-10-05,155.85,153.78,-1.3282001924927789,-2.390760346487002,111.20119907769195,126.79974874334543,-12.301719696011704,
2007-10-17,True,2007-10-05,155.85,154.25,-1.026628168110355,-1.8479307025986391,111.81961704211392,126.79974874334543,-11.814007401191862,
2007-10-18,True,2007-10-05,155.85,153.69,-1.385948026948991,-2.494706448508184,111.08277861641965,126.79974874334543,-12.395111412041048,
2007-10-19,True,2007-10-05,155.85,149.67,-3.9653512993262807,-7.137632338787306,105.79333134625728,126.79974874334543,-16.566608061351218,
2007-10-22,True,2007-10-05,155.85,150.54,-3.407122232916271,-6.132820019249288,106.93806247188944,126.79974874334543,-15.663821473067674,RAW_DECISION
2007-10-23,False,,,151.76,,,106.93806247188944,126.79974874334543,-15.663821473067674,
2007-10-24,False,,,151.48,,,106.93806247188944,126.79974874334543,-15.663821473067674,
2007-10-25,False,,,151.84,,,106.93806247188944,126.79974874334543,-15.663821473067674,
2007-10-26,False,,,153.62,,,106.93806247188944,126.79974874334543,-15.663821473067674,
2007-10-29,False,,,154.13,,,106.93806247188944,126.79974874334543,-15.663821473067674,
2007-10-30,False,,,153.06,,,106.93806247188944,126.79974874334543,-15.663821473067674,
2007-10-31,False,,,154.65,,,106.93806247188944,126.79974874334543,-15.663821473067674,
2007-11-01,False,,,151.03,,,106.93806247188944,126.79974874334543,-15.663821473067674,
2007-11-02,False,,,151.2,,,106.93806247188944,126.79974874334543,-15.663821473067674,
2007-11-05,False,,,150.05,,,106.93806247188944,126.79974874334543,-15.663821473067674,
2007-11-06,False,,,152.07,,,106.93806247188944,126.79974874334543,-15.663821473067674,
2007-11-07,False,,,147.91,,,106.93806247188944,126.79974874334543,-15.663821473067674,
2007-11-08,False,,,147.16,,,106.93806247188944,126.79974874334543,-15.663821473067674,
2007-11-09,False,,,145.14,,,106.93806247188944,126.79974874334543,-15.663821473067674,
2007-11-12,False,,,143.7,,,106.93806247188944,126.79974874334543,-15.663821473067674,
2007-11-13,False,,,148.08,,,106.93806247188944,126.79974874334543,-15.663821473067674,
2007-11-14,False,,,147.67,,,106.93806247188944,126.79974874334543,-15.663821473067674,
2007-11-15,False,,,145.54,,,106.93806247188944,126.79974874334543,-15.663821473067674,
2007-11-16,False,,,145.79,,,106.93806247188944,126.79974874334543,-15.663821473067674,
2007-11-19,False,,,143.76,,,106.93806247188944,126.79974874334543,-15.663821473067674,
2007-11-20,False,,,144.64,,,106.93806247188944,126.79974874334543,-15.663821473067674,
2007-11-21,False,,,141.68,,,106.93806247188944,126.79974874334543,-15.663821473067674,
2007-11-23,False,,,144.13,,,106.93806247188944,126.79974874334543,-15.663821473067674,
2007-11-26,False,,,140.95,,,106.93806247188944,126.79974874334543,-15.663821473067674,
2007-11-27,False,,,142.57,,,106.93806247188944,126.79974874334543,-15.663821473067674,
2007-11-28,False,,,147.13,,,106.93806247188944,126.79974874334543,-15.663821473067674,
2007-11-29,True,2007-11-29,147.18,147.18,0.0,0.0,106.93806247188944,126.79974874334543,-15.663821473067674,
2007-11-30,True,2007-11-29,147.18,148.66,1.0055714091588452,1.8100285364859214,108.87367191899578,126.79974874334543,-14.137312575148474,
2007-12-03,True,2007-11-29,147.18,147.68,0.33972007066176424,0.6114961271911756,107.59198458239833,126.79974874334543,-15.148109007554444,
2007-12-04,True,2007-11-29,147.18,146.36,-0.5571409158853013,-1.0028536485935424,105.86563021065486,126.79974874334543,-16.50958991650937,
2007-12-05,True,2007-11-29,147.18,148.81,1.107487430357379,1.9934773746432821,109.06984855214846,126.79974874334543,-13.982598835494509,
2007-12-06,True,2007-11-29,147.18,150.94,2.5546949313765444,4.59845087647778,111.8555567429164,126.79974874334543,-11.78566373240808,RAW_DECISION
2007-12-07,False,,,150.91,,,111.8555567429164,126.79974874334543,-11.78566373240808,
2007-12-10,False,,,152.08,,,111.8555567429164,126.79974874334543,-11.78566373240808,
2007-12-11,False,,,147.91,,,111.8555567429164,126.79974874334543,-11.78566373240808,
2007-12-12,False,,,149.37,,,111.8555567429164,126.79974874334543,-11.78566373240808,
2007-12-13,False,,,149.06,,,111.8555567429164,126.79974874334543,-11.78566373240808,
2007-12-14,False,,,147.17,,,111.8555567429164,126.79974874334543,-11.78566373240808,
2007-12-17,False,,,145.07,,,111.8555567429164,126.79974874334543,-11.78566373240808,
2007-12-18,False,,,145.88,,,111.8555567429164,126.79974874334543,-11.78566373240808,
2007-12-19,False,,,145.88,,,111.8555567429164,126.79974874334543,-11.78566373240808,
2007-12-20,False,,,146.8,,,111.8555567429164,126.79974874334543,-11.78566373240808,
2007-12-21,False,,,148.13,,,111.8555567429164,126.79974874334543,-11.78566373240808,
2007-12-24,False,,,149.23,,,111.8555567429164,126.79974874334543,-11.78566373240808,
2007-12-26,False,,,149.55,,,111.8555567429164,126.79974874334543,-11.78566373240808,
2007-12-27,False,,,147.67,,,111.8555567429164,126.79974874334543,-11.78566373240808,
2007-12-28,False,,,147.3,,,111.8555567429164,126.79974874334543,-11.78566373240808,
2007-12-31,False,,,146.21,,,111.8555567429164,126.79974874334543,-11.78566373240808,
2008-01-02,False,,,144.93,,,111.8555567429164,126.79974874334543,-11.78566373240808,
2008-01-03,False,,,144.86,,,111.8555567429164,126.79974874334543,-11.78566373240808,
2008-01-04,False,,,141.31,,,111.8555567429164,126.79974874334543,-11.78566373240808,
2008-01-07,True,2008-01-07,141.19,141.19,0.0,0.0,111.8555567429164,126.79974874334543,-11.78566373240808,
2008-01-08,True,2008-01-07,141.19,138.91,-1.6148452439974537,-2.9067214391954166,108.60422729413867,126.79974874334543,-14.349808757142101,
2008-01-09,True,2008-01-07,141.19,140.37,-0.5807776754727656,-1.045399815850978,110.68621895870687,126.79974874334543,-12.707856241303638,RAW_DECISION
2008-01-10,False,,,141.29,,,110.68621895870687,126.79974874334543,-12.707856241303638,
2008-01-11,False,,,140.15,,,110.68621895870687,126.79974874334543,-12.707856241303638,
2008-01-14,False,,,141.28,,,110.68621895870687,126.79974874334543,-12.707856241303638,
2008-01-15,False,,,138.17,,,110.68621895870687,126.79974874334543,-12.707856241303638,
2008-01-16,False,,,136.98,,,110.68621895870687,126.79974874334543,-12.707856241303638,
2008-01-17,False,,,133.43,,,110.68621895870687,126.79974874334543,-12.707856241303638,
2008-01-18,False,,,132.06,,,110.68621895870687,126.79974874334543,-12.707856241303638,
2008-01-22,False,,,130.72,,,110.68621895870687,126.79974874334543,-12.707856241303638,
2008-01-23,False,,,133.86,,,110.68621895870687,126.79974874334543,-12.707856241303638,
2008-01-24,False,,,134.99,,,110.68621895870687,126.79974874334543,-12.707856241303638,
2008-01-25,False,,,133.04,,,110.68621895870687,126.79974874334543,-12.707856241303638,
2008-01-28,False,,,135.24,,,110.68621895870687,126.79974874334543,-12.707856241303638,
2008-01-29,False,,,135.91,,,110.68621895870687,126.79974874334543,-12.707856241303638,
2008-01-30,False,,,135.23,,,110.68621895870687,126.79974874334543,-12.707856241303638,
2008-01-31,False,,,137.37,,,110.68621895870687,126.79974874334543,-12.707856241303638,
2008-02-01,False,,,139.58,,,110.68621895870687,126.79974874334543,-12.707856241303638,
2008-02-04,False,,,137.82,,,110.68621895870687,126.79974874334543,-12.707856241303638,
2008-02-05,False,,,134.13,,,110.68621895870687,126.79974874334543,-12.707856241303638,
2008-02-06,False,,,133.05,,,110.68621895870687,126.79974874334543,-12.707856241303638,
2008-02-07,False,,,133.93,,,110.68621895870687,126.79974874334543,-12.707856241303638,
2008-02-08,False,,,133.07,,,110.68621895870687,126.79974874334543,-12.707856241303638,
2008-02-11,False,,,133.75,,,110.68621895870687,126.79974874334543,-12.707856241303638,
2008-02-12,False,,,134.99,,,110.68621895870687,126.79974874334543,-12.707856241303638,
2008-02-13,False,,,136.37,,,110.68621895870687,126.79974874334543,-12.707856241303638,
2008-02-14,False,,,135.17,,,110.68621895870687,126.79974874334543,-12.707856241303638,
2008-02-15,False,,,135.14,,,110.68621895870687,126.79974874334543,-12.707856241303638,
2008-02-19,False,,,135.52,,,110.68621895870687,126.79974874334543,-12.707856241303638,
2008-02-20,False,,,135.92,,,110.68621895870687,126.79974874334543,-12.707856241303638,
2008-02-21,True,2008-02-21,134.79,134.79,0.0,0.0,110.68621895870687,126.79974874334543,-12.707856241303638,
2008-02-22,True,2008-02-21,134.79,135.62,0.6157726834334909,1.1083908301802836,111.91305485991845,126.79974874334543,-11.740318124414461,
2008-02-25,True,2008-02-21,134.79,137.33,1.8844127902663654,3.391943022479458,114.44063243952306,126.79974874334543,-9.746956461907807,
2008-02-26,True,2008-02-21,134.79,138.36,2.6485644335633385,4.767415980414009,115.96309144946031,126.79974874334543,-8.546276630105575,
2008-02-27,True,2008-02-21,134.79,138.22,2.544699161658892,4.580458490986006,115.75615527335232,126.79974874334543,-8.709475830544733,
2008-02-28,True,2008-02-21,134.79,136.87,1.543141182580321,2.7776541286445777,113.76069928945397,126.79974874334543,-10.283182406207859,
2008-02-29,True,2008-02-21,134.79,133.82,-0.7196379553379373,-1.2953483196082871,109.25244688138731,126.79974874334543,-13.838593558631961,
2008-03-03,True,2008-02-21,134.79,133.5,-0.9570442911195132,-1.7226797240151237,108.77944990742625,126.79974874334543,-14.211620302492832,
2008-03-04,True,2008-02-21,134.79,132.99,-1.335410638771406,-2.4037391497885308,108.02561098017578,126.79974874334543,-14.806131675521106,
2008-03-05,True,2008-02-21,134.79,133.83,-0.7122190073447388,-1.2819942132205298,109.26722803682365,126.79974874334543,-13.826936472886276,
2008-03-06,True,2008-02-21,134.79,131.06,-2.767267601454104,-4.981081682617388,105.17284798097296,126.79974874334543,-17.055949224432098,
2008-03-07,True,2008-02-21,134.79,129.71,-3.7688255805326643,-6.783886044958796,103.17739199707462,126.79974874334543,-18.629655800095215,RAW_DECISION
2008-03-10,False,,,128.0,,,103.17739199707462,126.79974874334543,-18.629655800095215,
2008-03-11,False,,,132.6,,,103.17739199707462,126.79974874334543,-18.629655800095215,
2008-03-12,False,,,131.36,,,103.17739199707462,126.79974874334543,-18.629655800095215,
2008-03-13,False,,,131.65,,,103.17739199707462,126.79974874334543,-18.629655800095215,
2008-03-14,False,,,129.61,,,103.17739199707462,126.79974874334543,-18.629655800095215,
2008-03-17,False,,,128.3,,,103.17739199707462,126.79974874334543,-18.629655800095215,
2008-03-18,False,,,133.63,,,103.17739199707462,126.79974874334543,-18.629655800095215,
2008-03-19,True,2008-03-19,130.32,130.32,0.0,0.0,103.17739199707462,126.79974874334543,-18.629655800095215,
2008-03-20,True,2008-03-19,130.32,132.08,1.3505217925107615,2.4309392265193708,105.68557169203117,126.79974874334543,-16.651592184185894,RAW_DECISION
2008-03-24,False,,,134.72,,,105.68557169203117,126.79974874334543,-16.651592184185894,
2008-03-25,False,,,134.85,,,105.68557169203117,126.79974874334543,-16.651592184185894,
2008-03-26,False,,,133.2,,,105.68557169203117,126.79974874334543,-16.651592184185894,
2008-03-27,False,,,132.78,,,105.68557169203117,126.79974874334543,-16.651592184185894,
2008-03-28,False,,,131.51,,,105.68557169203117,126.79974874334543,-16.651592184185894,
2008-03-31,False,,,131.97,,,105.68557169203117,126.79974874334543,-16.651592184185894,
2008-04-01,False,,,136.61,,,105.68557169203117,126.79974874334543,-16.651592184185894,
2008-04-02,False,,,136.7,,,105.68557169203117,126.79974874334543,-16.651592184185894,
2008-04-03,False,,,137.04,,,105.68557169203117,126.79974874334543,-16.651592184185894,
2008-04-04,False,,,136.89,,,105.68557169203117,126.79974874334543,-16.651592184185894,
2008-04-07,False,,,136.96,,,105.68557169203117,126.79974874334543,-16.651592184185894,
2008-04-08,False,,,136.82,,,105.68557169203117,126.79974874334543,-16.651592184185894,
2008-04-09,False,,,135.83,,,105.68557169203117,126.79974874334543,-16.651592184185894,
2008-04-10,False,,,136.02,,,105.68557169203117,126.79974874334543,-16.651592184185894,
2008-04-11,False,,,133.38,,,105.68557169203117,126.79974874334543,-16.651592184185894,
2008-04-14,True,2008-04-14,132.93,132.93,0.0,0.0,105.68557169203117,126.79974874334543,-16.651592184185894,
2008-04-15,True,2008-04-14,132.93,133.24,0.23320544647558172,0.4197698036560471,106.1292078088156,126.79974874334543,-16.301720736347004,
2008-04-16,True,2008-04-14,132.93,136.85,2.9489204844654893,5.308056872037881,111.29542194298256,126.79974874334543,-12.227411295384416,
2008-04-17,True,2008-04-14,132.93,137.05,3.0993756112239534,5.578876100203116,111.58163879252093,126.79974874334543,-12.001687780649616,
2008-04-18,True,2008-04-14,132.93,138.48,4.175129767546815,7.515233581584266,113.62808926672001,126.79974874334543,-10.387764650296027,
2008-04-21,True,2008-04-14,132.93,138.55,4.227789061912279,7.610020311442103,113.72826516405846,126.79974874334543,-10.308761420138834,
2008-04-22,True,2008-04-14,132.93,137.94,3.7689009252990235,6.784021665538242,112.85530377296652,126.79974874334543,-10.99721814007989,
2008-04-23,True,2008-04-14,132.93,137.72,3.603400285864744,6.486120514556539,112.54046523847438,126.79974874334543,-11.245514006288115,
2008-04-24,True,2008-04-14,132.93,138.32,4.05476566614007,7.298578199052126,113.39911578708937,126.79974874334543,-10.568343462083817,
2008-04-25,True,2008-04-14,132.93,139.6,5.017678477394116,9.03182125930941,115.23090362413474,126.79974874334543,-9.123712967781284,
2008-04-28,True,2008-04-14,132.93,139.63,5.040246746407884,9.072444143534192,115.27383615156548,126.79974874334543,-9.089854440571077,
2008-04-29,True,2008-04-14,132.93,139.08,4.626495147822163,8.327691266079894,114.48673981533506,126.79974874334543,-9.710594106091698,
2008-04-30,True,2008-04-14,132.93,138.26,4.009629128112535,7.217332430602563,113.31325073222786,126.79974874334543,-10.636060516504264,
2008-05-01,True,2008-04-14,132.93,141.12,6.161137440758302,11.090047393364944,117.40615168062612,126.79974874334543,-7.408214255797008,
2008-05-02,True,2008-04-14,132.93,141.51,6.454524937937256,11.61814488828706,117.96427453722585,126.79974874334543,-6.968053402064234,
2008-05-05,True,2008-04-14,132.93,140.83,5.942977506958558,10.697359512525404,116.99113724879552,126.79974874334543,-7.735513352162437,
2008-05-06,True,2008-04-14,132.93,142.05,6.860753780185069,12.349356804333125,118.73706003097939,126.79974874334543,-6.358599912280328,
2008-05-07,True,2008-04-14,132.93,139.52,4.957496426690744,8.92349356804334,115.1164168843194,126.79974874334543,-9.21400237367519,
2008-05-08,True,2008-04-14,132.93,139.16,4.686677198525535,8.436018957345963,114.60122655515038,126.79974874334543,-9.620304700197801,
2008-05-09,True,2008-04-14,132.93,138.9,4.491085533739558,8.083953960731206,114.22914465075054,126.79974874334543,-9.913745269352992,
2008-05-12,True,2008-04-14,132.93,140.46,5.664635522455419,10.196343940419755,116.46163607714956,126.79974874334543,-8.153101854421795,
2008-05-13,True,2008-04-14,132.93,140.48,5.6796810351312566,10.223425863236262,116.49025776210338,126.79974874334543,-8.130529502948324,
2008-05-14,True,2008-04-14,132.93,140.77,5.897840968931023,10.616113744075841,116.90527219393404,126.79974874334543,-7.80323040658285,
2008-05-15,True,2008-04-14,132.93,142.53,7.221846084405326,12.999322951929587,119.42398046987138,126.79974874334543,-5.8168634769169,
2008-05-16,True,2008-04-14,132.93,142.66,7.319641916798303,13.175355450236946,119.61002142207127,126.79974874334543,-5.670143192339316,
2008-05-19,True,2008-04-14,132.93,143.05,7.613029413977279,13.703452945159103,120.16814427867106,126.79974874334543,-5.2299823386064865,
2008-05-20,True,2008-04-14,132.93,141.89,6.74038967877828,12.132701421800904,118.50808655134864,126.79974874334543,-6.539178724068206,
2008-05-21,True,2008-04-14,132.93,139.49,4.934928157676977,8.882870683818558,115.07348435688867,126.79974874334543,-9.247860900885396,RAW_DECISION
2008-05-22,False,,,139.51,,,115.07348435688867,126.79974874334543,-9.247860900885396,
2008-05-23,False,,,137.64,,,115.07348435688867,126.79974874334543,-9.247860900885396,
2008-05-27,False,,,138.66,,,115.07348435688867,126.79974874334543,-9.247860900885396,
2008-05-28,False,,,139.3,,,115.07348435688867,126.79974874334543,-9.247860900885396,
2008-05-29,False,,,140.0,,,115.07348435688867,126.79974874334543,-9.247860900885396,
2008-05-30,False,,,140.35,,,115.07348435688867,126.79974874334543,-9.247860900885396,
2008-06-02,False,,,138.9,,,115.07348435688867,126.79974874334543,-9.247860900885396,
2008-06-03,False,,,138.09,,,115.07348435688867,126.79974874334543,-9.247860900885396,
2008-06-04,False,,,138.02,,,115.07348435688867,126.79974874334543,-9.247860900885396,
2008-06-05,False,,,140.78,,,115.07348435688867,126.79974874334543,-9.247860900885396,
2008-06-06,False,,,136.29,,,115.07348435688867,126.79974874334543,-9.247860900885396,
2008-06-09,False,,,136.62,,,115.07348435688867,126.79974874334543,-9.247860900885396,
2008-06-10,False,,,135.94,,,115.07348435688867,126.79974874334543,-9.247860900885396,
2008-06-11,False,,,133.94,,,115.07348435688867,126.79974874334543,-9.247860900885396,
2008-06-12,False,,,134.45,,,115.07348435688867,126.79974874334543,-9.247860900885396,
2008-06-13,False,,,136.15,,,115.07348435688867,126.79974874334543,-9.247860900885396,
2008-06-16,False,,,136.23,,,115.07348435688867,126.79974874334543,-9.247860900885396,
2008-06-17,False,,,135.57,,,115.07348435688867,126.79974874334543,-9.247860900885396,
2008-06-18,False,,,134.25,,,115.07348435688867,126.79974874334543,-9.247860900885396,
2008-06-19,False,,,134.42,,,115.07348435688867,126.79974874334543,-9.247860900885396,
2008-06-20,False,,,131.58,,,115.07348435688867,126.79974874334543,-9.247860900885396,
2008-06-23,False,,,131.45,,,115.07348435688867,126.79974874334543,-9.247860900885396,
2008-06-24,False,,,131.13,,,115.07348435688867,126.79974874334543,-9.247860900885396,
2008-06-25,False,,,131.86,,,115.07348435688867,126.79974874334543,-9.247860900885396,
2008-06-26,False,,,128.19,,,115.07348435688867,126.79974874334543,-9.247860900885396,
2008-06-27,False,,,127.68,,,115.07348435688867,126.79974874334543,-9.247860900885396,
2008-06-30,False,,,128.04,,,115.07348435688867,126.79974874334543,-9.247860900885396,
2008-07-01,False,,,128.42,,,115.07348435688867,126.79974874334543,-9.247860900885396,
2008-07-02,False,,,126.14,,,115.07348435688867,126.79974874334543,-9.247860900885396,
2008-07-03,False,,,126.28,,,115.07348435688867,126.79974874334543,-9.247860900885396,
2008-07-07,False,,,125.0,,,115.07348435688867,126.79974874334543,-9.247860900885396,
2008-07-08,False,,,127.2,,,115.07348435688867,126.79974874334543,-9.247860900885396,
2008-07-09,False,,,124.76,,,115.07348435688867,126.79974874334543,-9.247860900885396,
2008-07-10,False,,,125.35,,,115.07348435688867,126.79974874334543,-9.247860900885396,
2008-07-11,False,,,123.93,,,115.07348435688867,126.79974874334543,-9.247860900885396,
2008-07-14,False,,,122.75,,,115.07348435688867,126.79974874334543,-9.247860900885396,
2008-07-15,False,,,121.03,,,115.07348435688867,126.79974874334543,-9.247860900885396,
2008-07-16,False,,,124.01,,,115.07348435688867,126.79974874334543,-9.247860900885396,
2008-07-17,False,,,125.29,,,115.07348435688867,126.79974874334543,-9.247860900885396,
2008-07-18,False,,,126.05,,,115.07348435688867,126.79974874334543,-9.247860900885396,
2008-07-21,False,,,126.13,,,115.07348435688867,126.79974874334543,-9.247860900885396,
2008-07-22,False,,,127.42,,,115.07348435688867,126.79974874334543,-9.247860900885396,
2008-07-23,False,,,128.21,,,115.07348435688867,126.79974874334543,-9.247860900885396,
2008-07-24,False,,,125.43,,,115.07348435688867,126.79974874334543,-9.247860900885396,
2008-07-25,False,,,125.43,,,115.07348435688867,126.79974874334543,-9.247860900885396,
2008-07-28,False,,,123.59,,,115.07348435688867,126.79974874334543,-9.247860900885396,
2008-07-29,False,,,126.25,,,115.07348435688867,126.79974874334543,-9.247860900885396,
2008-07-30,False,,,128.59,,,115.07348435688867,126.79974874334543,-9.247860900885396,
2008-07-31,False,,,126.83,,,115.07348435688867,126.79974874334543,-9.247860900885396,
2008-08-01,False,,,126.1,,,115.07348435688867,126.79974874334543,-9.247860900885396,
2008-08-04,False,,,125.02,,,115.07348435688867,126.79974874334543,-9.247860900885396,
2008-08-05,False,,,128.36,,,115.07348435688867,126.79974874334543,-9.247860900885396,
2008-08-06,False,,,128.93,,,115.07348435688867,126.79974874334543,-9.247860900885396,
2008-08-07,False,,,127.01,,,115.07348435688867,126.79974874334543,-9.247860900885396,
2008-08-08,False,,,129.37,,,115.07348435688867,126.79974874334543,-9.247860900885396,
2008-08-11,False,,,130.71,,,115.07348435688867,126.79974874334543,-9.247860900885396,
2008-08-12,False,,,129.35,,,115.07348435688867,126.79974874334543,-9.247860900885396,
2008-08-13,False,,,128.57,,,115.07348435688867,126.79974874334543,-9.247860900885396,
2008-08-14,False,,,129.54,,,115.07348435688867,126.79974874334543,-9.247860900885396,
2008-08-15,False,,,130.17,,,115.07348435688867,126.79974874334543,-9.247860900885396,
2008-08-18,False,,,128.39,,,115.07348435688867,126.79974874334543,-9.247860900885396,
2008-08-19,False,,,126.99,,,115.07348435688867,126.79974874334543,-9.247860900885396,
2008-08-20,False,,,127.58,,,115.07348435688867,126.79974874334543,-9.247860900885396,
2008-08-21,False,,,127.8,,,115.07348435688867,126.79974874334543,-9.247860900885396,
2008-08-22,False,,,129.65,,,115.07348435688867,126.79974874334543,-9.247860900885396,
2008-08-25,False,,,127.02,,,115.07348435688867,126.79974874334543,-9.247860900885396,
2008-08-26,False,,,127.39,,,115.07348435688867,126.79974874334543,-9.247860900885396,
2008-08-27,False,,,128.63,,,115.07348435688867,126.79974874334543,-9.247860900885396,
2008-08-28,False,,,130.19,,,115.07348435688867,126.79974874334543,-9.247860900885396,
2008-08-29,False,,,128.79,,,115.07348435688867,126.79974874334543,-9.247860900885396,
2008-09-02,False,,,127.99,,,115.07348435688867,126.79974874334543,-9.247860900885396,
2008-09-03,False,,,127.88,,,115.07348435688867,126.79974874334543,-9.247860900885396,
2008-09-04,False,,,124.03,,,115.07348435688867,126.79974874334543,-9.247860900885396,
2008-09-05,False,,,124.42,,,115.07348435688867,126.79974874334543,-9.247860900885396,
2008-09-08,False,,,126.99,,,115.07348435688867,126.79974874334543,-9.247860900885396,
2008-09-09,False,,,123.22,,,115.07348435688867,126.79974874334543,-9.247860900885396,
2008-09-10,True,2008-09-10,123.72,123.72,0.0,0.0,115.07348435688867,126.79974874334543,-9.247860900885396,
2008-09-11,True,2008-09-10,123.72,125.51,1.4468153895893954,2.6042677012609117,118.07030594271066,126.79974874334543,-6.884432254123773,
2008-09-12,True,2008-09-10,123.72,126.09,1.9156159068865142,3.4481086323957255,119.0413431045971,126.79974874334543,-6.118628558525041,
2008-09-15,True,2008-09-10,123.72,120.09,-2.9340446168768186,-5.281280310378274,108.99613108508208,126.79974874334543,-14.040735754374033,
2008-09-16,True,2008-09-10,123.72,122.1,-1.3094083414161073,-2.356935014548993,112.36127711161961,126.79974874334543,-11.386829843764623,RAW_DECISION
2008-09-17,False,,,116.61,,,112.36127711161961,126.79974874334543,-11.386829843764623,
2008-09-18,False,,,120.07,,,112.36127711161961,126.79974874334543,-11.386829843764623,
2008-09-19,False,,,124.12,,,112.36127711161961,126.79974874334543,-11.386829843764623,
2008-09-22,False,,,121.31,,,112.36127711161961,126.79974874334543,-11.386829843764623,
2008-09-23,True,2008-09-23,118.55,118.55,0.0,0.0,112.36127711161961,126.79974874334543,-11.386829843764623,
2008-09-24,True,2008-09-23,118.55,118.93,0.3205398566005879,0.5769717418810583,113.00956992937031,126.79974874334543,-10.87555689237818,RAW_DECISION
2008-09-25,False,,,120.79,,,113.00956992937031,126.79974874334543,-10.87555689237818,
2008-09-26,False,,,120.85,,,113.00956992937031,126.79974874334543,-10.87555689237818,
2008-09-29,False,,,111.38,,,113.00956992937031,126.79974874334543,-10.87555689237818,
2008-09-30,False,,,115.99,,,113.00956992937031,126.79974874334543,-10.87555689237818,
2008-10-01,False,,,116.06,,,113.00956992937031,126.79974874334543,-10.87555689237818,
2008-10-02,False,,,111.85,,,113.00956992937031,126.79974874334543,-10.87555689237818,
2008-10-03,False,,,110.34,,,113.00956992937031,126.79974874334543,-10.87555689237818,
2008-10-06,False,,,104.72,,,113.00956992937031,126.79974874334543,-10.87555689237818,
2008-10-07,False,,,100.03,,,113.00956992937031,126.79974874334543,-10.87555689237818,
2008-10-08,False,,,97.51,,,113.00956992937031,126.79974874334543,-10.87555689237818,
2008-10-09,False,,,90.7,,,113.00956992937031,126.79974874334543,-10.87555689237818,
2008-10-10,False,,,88.5,,,113.00956992937031,126.79974874334543,-10.87555689237818,
2008-10-13,True,2008-10-13,101.35,101.35,0.0,0.0,113.00956992937031,126.79974874334543,-10.87555689237818,
2008-10-14,True,2008-10-13,101.35,99.85,-1.4800197335964493,-2.664035520473609,109.99895484491744,126.79974874334543,-13.249863714189514,
2008-10-15,True,2008-10-13,101.35,90.02,-11.17908238776517,-20.122348297977307,90.26939065813619,126.79974874334543,-28.809487753126472,
2008-10-16,True,2008-10-13,101.35,93.77,-7.479033053774053,-13.462259496793296,97.7959283692684,126.79974874334543,-22.87372069859814,RAW_DECISION
2008-10-17,False,,,93.21,,,97.7959283692684,126.79974874334543,-22.87372069859814,
2008-10-20,False,,,98.81,,,97.7959283692684,126.79974874334543,-22.87372069859814,
2008-10-21,False,,,95.86,,,97.7959283692684,126.79974874334543,-22.87372069859814,
2008-10-22,False,,,90.64,,,97.7959283692684,126.79974874334543,-22.87372069859814,
2008-10-23,False,,,91.69,,,97.7959283692684,126.79974874334543,-22.87372069859814,
2008-10-24,False,,,87.04,,,97.7959283692684,126.79974874334543,-22.87372069859814,
2008-10-27,False,,,83.95,,,97.7959283692684,126.79974874334543,-22.87372069859814,
2008-10-28,False,,,93.76,,,97.7959283692684,126.79974874334543,-22.87372069859814,
2008-10-29,True,2008-10-29,93.08,93.08,0.0,0.0,97.7959283692684,126.79974874334543,-22.87372069859814,
2008-10-30,True,2008-10-29,93.08,96.3,3.459389772238941,6.226901590030094,103.88558458787907,126.79974874334543,-18.07114318644809,
2008-10-31,True,2008-10-29,93.08,96.83,4.028792436613671,7.251826385904607,104.88791930709137,126.79974874334543,-17.280656825752594,RAW_DECISION
2008-11-03,False,,,97.11,,,104.88791930709137,126.79974874334543,-17.280656825752594,
2008-11-04,False,,,100.41,,,104.88791930709137,126.79974874334543,-17.280656825752594,
2008-11-05,True,2008-11-05,96.19,96.19,0.0,0.0,104.88791930709137,126.79974874334543,-17.280656825752594,
2008-11-06,True,2008-11-05,96.19,90.86,-5.541116540180891,-9.974009772325603,94.42638798541309,126.79974874334543,-25.531092197555584,RAW_DECISION
2008-11-07,False,,,93.86,,,94.42638798541309,126.79974874334543,-25.531092197555584,
2008-11-10,True,2008-11-10,92.63,92.63,0.0,0.0,94.42638798541309,126.79974874334543,-25.531092197555584,
2008-11-11,True,2008-11-10,92.63,89.77,-3.0875526287379884,-5.557594731728379,89.17855202137437,126.79974874334543,-29.6697722943599,
2008-11-12,True,2008-11-10,92.63,85.82,-7.35182986073627,-13.233293749325286,81.93066668642577,126.79974874334543,-35.38578151896728,RAW_DECISION
2008-11-13,False,,,91.17,,,81.93066668642577,126.79974874334543,-35.38578151896728,
2008-11-14,False,,,86.62,,,81.93066668642577,126.79974874334543,-35.38578151896728,
2008-11-17,False,,,85.47,,,81.93066668642577,126.79974874334543,-35.38578151896728,
2008-11-18,False,,,87.08,,,81.93066668642577,126.79974874334543,-35.38578151896728,
2008-11-19,False,,,81.5,,,81.93066668642577,126.79974874334543,-35.38578151896728,
2008-11-20,False,,,75.45,,,81.93066668642577,126.79974874334543,-35.38578151896728,
2008-11-21,False,,,79.52,,,81.93066668642577,126.79974874334543,-35.38578151896728,
2008-11-24,False,,,85.03,,,81.93066668642577,126.79974874334543,-35.38578151896728,
2008-11-25,False,,,85.66,,,81.93066668642577,126.79974874334543,-35.38578151896728,
2008-11-26,False,,,88.97,,,81.93066668642577,126.79974874334543,-35.38578151896728,
2008-11-28,False,,,90.09,,,81.93066668642577,126.79974874334543,-35.38578151896728,
2008-12-01,False,,,82.11,,,81.93066668642577,126.79974874334543,-35.38578151896728,
2008-12-02,False,,,85.27,,,81.93066668642577,126.79974874334543,-35.38578151896728,
2008-12-03,False,,,87.32,,,81.93066668642577,126.79974874334543,-35.38578151896728,
2008-12-04,False,,,85.3,,,81.93066668642577,126.79974874334543,-35.38578151896728,
2008-12-05,False,,,87.93,,,81.93066668642577,126.79974874334543,-35.38578151896728,
2008-12-08,True,2008-12-08,91.0,91.0,0.0,0.0,81.93066668642577,126.79974874334543,-35.38578151896728,
2008-12-09,True,2008-12-08,91.0,89.5,-1.6483516483516536,-2.9670329670329765,79.49975679572961,126.79974874334543,-37.30290668269023,RAW_DECISION
2008-12-10,False,,,90.11,,,79.49975679572961,126.79974874334543,-37.30290668269023,
2008-12-11,False,,,87.94,,,79.49975679572961,126.79974874334543,-37.30290668269023,
2008-12-12,False,,,88.99,,,79.49975679572961,126.79974874334543,-37.30290668269023,
2008-12-15,False,,,87.75,,,79.49975679572961,126.79974874334543,-37.30290668269023,
2008-12-16,False,,,91.88,,,79.49975679572961,126.79974874334543,-37.30290668269023,
2008-12-17,False,,,90.99,,,79.49975679572961,126.79974874334543,-37.30290668269023,
2008-12-18,False,,,89.29,,,79.49975679572961,126.79974874334543,-37.30290668269023,
2008-12-19,False,,,88.19,,,79.49975679572961,126.79974874334543,-37.30290668269023,
2008-12-22,False,,,85.62,,,79.49975679572961,126.79974874334543,-37.30290668269023,
2008-12-23,False,,,86.16,,,79.49975679572961,126.79974874334543,-37.30290668269023,
2008-12-24,False,,,86.66,,,79.49975679572961,126.79974874334543,-37.30290668269023,
2008-12-26,False,,,87.16,,,79.49975679572961,126.79974874334543,-37.30290668269023,
2008-12-29,False,,,86.91,,,79.49975679572961,126.79974874334543,-37.30290668269023,
2008-12-30,False,,,88.97,,,79.49975679572961,126.79974874334543,-37.30290668269023,
2008-12-31,False,,,90.24,,,79.49975679572961,126.79974874334543,-37.30290668269023,
2009-01-02,False,,,92.96,,,79.49975679572961,126.79974874334543,-37.30290668269023,
2009-01-05,False,,,92.85,,,79.49975679572961,126.79974874334543,-37.30290668269023,
2009-01-06,False,,,93.47,,,79.49975679572961,126.79974874334543,-37.30290668269023,
2009-01-07,False,,,90.67,,,79.49975679572961,126.79974874334543,-37.30290668269023,
2009-01-08,False,,,91.042,,,79.49975679572961,126.79974874334543,-37.30290668269023,
2009-01-09,False,,,89.09,,,79.49975679572961,126.79974874334543,-37.30290668269023,
2009-01-12,False,,,86.95,,,79.49975679572961,126.79974874334543,-37.30290668269023,
2009-01-13,False,,,87.11,,,79.49975679572961,126.79974874334543,-37.30290668269023,
2009-01-14,False,,,84.37,,,79.49975679572961,126.79974874334543,-37.30290668269023,
2009-01-15,False,,,84.4,,,79.49975679572961,126.79974874334543,-37.30290668269023,
2009-01-16,False,,,85.06,,,79.49975679572961,126.79974874334543,-37.30290668269023,
2009-01-20,False,,,80.57,,,79.49975679572961,126.79974874334543,-37.30290668269023,
2009-01-21,False,,,84.05,,,79.49975679572961,126.79974874334543,-37.30290668269023,
2009-01-22,False,,,82.75,,,79.49975679572961,126.79974874334543,-37.30290668269023,
2009-01-23,False,,,83.11,,,79.49975679572961,126.79974874334543,-37.30290668269023,
2009-01-26,False,,,83.68,,,79.49975679572961,126.79974874334543,-37.30290668269023,
2009-01-27,False,,,84.53,,,79.49975679572961,126.79974874334543,-37.30290668269023,
2009-01-28,False,,,87.39,,,79.49975679572961,126.79974874334543,-37.30290668269023,
2009-01-29,False,,,84.55,,,79.49975679572961,126.79974874334543,-37.30290668269023,
2009-01-30,False,,,82.83,,,79.49975679572961,126.79974874334543,-37.30290668269023,
2009-02-02,True,2009-02-02,82.58,82.58,0.0,0.0,79.49975679572961,126.79974874334543,-37.30290668269023,
2009-02-03,True,2009-02-02,82.58,83.74,1.4046984742068336,2.5284572535723004,81.50987416300356,126.79974874334543,-35.71763747892973,
2009-02-04,True,2009-02-02,82.58,83.33,0.9082102203923359,1.6347783967062046,80.79940164526018,126.79974874334543,-36.277948145776115,
2009-02-05,True,2009-02-02,82.58,84.57,2.4097844514410216,4.337612012593839,82.94814779648406,126.79974874334543,-34.58335003141143,
2009-02-06,True,2009-02-02,82.58,86.979,5.32695567934125,9.58852022281425,87.12260705317628,126.79974874334543,-31.291183210843265,
2009-02-09,True,2009-02-02,82.58,87.1,5.473480261564534,9.852264470816161,87.33228308890052,126.79974874334543,-31.125823233554474,
2009-02-10,True,2009-02-02,82.58,83.11,0.6418018890772537,1.1552434003390566,80.41817248939788,126.79974874334543,-36.57860264993759,
2009-02-11,True,2009-02-02,82.58,83.6,1.2351658997335813,2.2232986195204463,81.26727379109117,126.79974874334543,-35.90896307248704,
2009-02-12,True,2009-02-02,82.58,83.66,1.3078227173649815,2.3540808912569666,81.37124537905365,126.79974874334543,-35.82696638953389,
2009-02-13,True,2009-02-02,82.58,82.76,0.21797045289417838,0.3923468152095211,79.81167155961697,126.79974874334543,-37.05691663383083,
2009-02-17,True,2009-02-02,82.58,79.22,-4.068781787357711,-7.32380721724388,73.67734786983263,126.79974874334543,-41.894720928065496,
2009-02-18,True,2009-02-02,82.58,79.03,-4.298861709857105,-7.73795107774279,73.34810450795156,126.79974874334543,-42.154377090750394,
2009-02-19,True,2009-02-02,82.58,78.181,-5.32695567934125,-9.58852022281425,71.87690653828294,126.79974874334543,-43.31463015453719,
2009-02-20,True,2009-02-02,82.58,77.42,-6.24848631629934,-11.247275369338812,70.55820023095926,126.79974874334543,-44.35462141665938,
2009-02-23,True,2009-02-02,82.58,74.65,-9.602809396948409,-17.285056914507138,65.75817858669299,126.79974874334543,-48.14013494632887,
2009-02-24,True,2009-02-02,82.58,77.48,-6.175829498667951,-11.116493097602312,70.6621718189217,126.79974874334543,-44.272624733706245,RAW_DECISION
2009-02-25,False,,,76.872,,,70.6621718189217,126.79974874334543,-44.272624733706245,
2009-02-26,False,,,75.62,,,70.6621718189217,126.79974874334543,-44.272624733706245,
2009-02-27,False,,,73.93,,,70.6621718189217,126.79974874334543,-44.272624733706245,
2009-03-02,False,,,70.6,,,70.6621718189217,126.79974874334543,-44.272624733706245,
2009-03-03,True,2009-03-03,70.07,70.07,0.0,0.0,70.6621718189217,126.79974874334543,-44.272624733706245,
2009-03-04,True,2009-03-03,70.07,71.73,2.36905951191666,4.264307121449988,73.67542384396721,126.79974874334543,-41.89623830162853,
2009-03-05,True,2009-03-03,70.07,68.8,-1.8124732410446653,-3.2624518338803976,68.35685249855558,126.79974874334543,-46.09070351005485,
2009-03-06,True,2009-03-03,70.07,68.92,-1.6412159269301951,-2.9541886684743512,68.57467794614924,126.79974874334543,-45.918916539061286,RAW_DECISION
2009-03-09,False,,,68.11,,,68.57467794614924,126.79974874334543,-45.918916539061286,
2009-03-10,False,,,72.17,,,68.57467794614924,126.79974874334543,-45.918916539061286,
2009-03-11,False,,,72.64,,,68.57467794614924,126.79974874334543,-45.918916539061286,
2009-03-12,False,,,75.5,,,68.57467794614924,126.79974874334543,-45.918916539061286,
2009-03-13,False,,,76.09,,,68.57467794614924,126.79974874334543,-45.918916539061286,
2009-03-16,False,,,75.86,,,68.57467794614924,126.79974874334543,-45.918916539061286,
2009-03-17,False,,,78.18,,,68.57467794614924,126.79974874334543,-45.918916539061286,
2009-03-18,False,,,79.93,,,68.57467794614924,126.79974874334543,-45.918916539061286,
2009-03-19,False,,,78.94,,,68.57467794614924,126.79974874334543,-45.918916539061286,
2009-03-20,False,,,76.71,,,68.57467794614924,126.79974874334543,-45.918916539061286,
2009-03-23,False,,,82.24,,,68.57467794614924,126.79974874334543,-45.918916539061286,
2009-03-24,False,,,80.6,,,68.57467794614924,126.79974874334543,-45.918916539061286,
2009-03-25,False,,,81.45,,,68.57467794614924,126.79974874334543,-45.918916539061286,
2009-03-26,False,,,83.11,,,68.57467794614924,126.79974874334543,-45.918916539061286,
2009-03-27,False,,,81.61,,,68.57467794614924,126.79974874334543,-45.918916539061286,
2009-03-30,False,,,78.79,,,68.57467794614924,126.79974874334543,-45.918916539061286,
2009-03-31,False,,,79.52,,,68.57467794614924,126.79974874334543,-45.918916539061286,
2009-04-01,False,,,81.06,,,68.57467794614924,126.79974874334543,-45.918916539061286,
2009-04-02,False,,,83.43,,,68.57467794614924,126.79974874334543,-45.918916539061286,
2009-04-03,False,,,84.26,,,68.57467794614924,126.79974874334543,-45.918916539061286,
2009-04-06,False,,,83.6,,,68.57467794614924,126.79974874334543,-45.918916539061286,
2009-04-07,False,,,81.65,,,68.57467794614924,126.79974874334543,-45.918916539061286,
2009-04-08,False,,,82.53,,,68.57467794614924,126.79974874334543,-45.918916539061286,
2009-04-09,False,,,85.81,,,68.57467794614924,126.79974874334543,-45.918916539061286,
2009-04-13,False,,,85.83,,,68.57467794614924,126.79974874334543,-45.918916539061286,
2009-04-14,False,,,84.35,,,68.57467794614924,126.79974874334543,-45.918916539061286,
2009-04-15,False,,,85.25,,,68.57467794614924,126.79974874334543,-45.918916539061286,
2009-04-16,False,,,86.5,,,68.57467794614924,126.79974874334543,-45.918916539061286,
2009-04-17,False,,,87.08,,,68.57467794614924,126.79974874334543,-45.918916539061286,
2009-04-20,False,,,83.43,,,68.57467794614924,126.79974874334543,-45.918916539061286,
2009-04-21,False,,,85.06,,,68.57467794614924,126.79974874334543,-45.918916539061286,
2009-04-22,False,,,84.54,,,68.57467794614924,126.79974874334543,-45.918916539061286,
2009-04-23,False,,,85.37,,,68.57467794614924,126.79974874334543,-45.918916539061286,
2009-04-24,False,,,86.66,,,68.57467794614924,126.79974874334543,-45.918916539061286,
2009-04-27,False,,,85.84,,,68.57467794614924,126.79974874334543,-45.918916539061286,
2009-04-28,False,,,85.57,,,68.57467794614924,126.79974874334543,-45.918916539061286,
2009-04-29,True,2009-04-29,87.39,87.39,0.0,0.0,68.57467794614924,126.79974874334543,-45.918916539061286,
2009-04-30,True,2009-04-29,87.39,87.42,0.0343288705801692,0.06179196704430456,68.61705158854646,126.79974874334543,-45.8854987737919,
2009-05-01,True,2009-04-29,87.39,87.89,0.572147843002635,1.029866117404743,69.28090531943604,126.79974874334543,-45.361953784571696,
2009-05-04,True,2009-04-29,87.39,90.88,3.993591944158359,7.188465499485046,73.50414501169115,126.79974874334543,-42.03131651272399,
2009-05-05,True,2009-04-29,87.39,90.57,3.6388602814967363,6.549948506694125,73.06628404025335,126.79974874334543,-42.37663342050752,
2009-05-06,True,2009-04-29,87.39,92.141,5.4365488042110055,9.78578784757981,75.2852504471205,126.79974874334543,-40.62665644590125,
2009-05-07,True,2009-04-29,87.39,90.86,3.9707060304382535,7.147270854788856,73.47589591675968,126.79974874334543,-42.053595022903565,RAW_DECISION
2009-05-08,False,,,92.98,,,73.47589591675968,126.79974874334543,-42.053595022903565,
2009-05-11,False,,,91.24,,,73.47589591675968,126.79974874334543,-42.053595022903565,
2009-05-12,False,,,90.97,,,73.47589591675968,126.79974874334543,-42.053595022903565,
2009-05-13,False,,,88.68,,,73.47589591675968,126.79974874334543,-42.053595022903565,
2009-05-14,False,,,89.44,,,73.47589591675968,126.79974874334543,-42.053595022903565,
2009-05-15,False,,,88.71,,,73.47589591675968,126.79974874334543,-42.053595022903565,
2009-05-18,False,,,91.23,,,73.47589591675968,126.79974874334543,-42.053595022903565,
2009-05-19,False,,,91.12,,,73.47589591675968,126.79974874334543,-42.053595022903565,
2009-05-20,False,,,90.51,,,73.47589591675968,126.79974874334543,-42.053595022903565,
2009-05-21,False,,,89.21,,,73.47589591675968,126.79974874334543,-42.053595022903565,
2009-05-22,False,,,89.02,,,73.47589591675968,126.79974874334543,-42.053595022903565,
2009-05-26,True,2009-05-26,91.3,91.3,0.0,0.0,73.47589591675968,126.79974874334543,-42.053595022903565,
2009-05-27,True,2009-05-26,91.3,89.67,-1.785323110624315,-3.213581599123767,71.11468804578736,126.79974874334543,-43.91575003060129,
2009-05-28,True,2009-05-26,91.3,90.92,-0.41621029572835866,-0.7491785323110456,72.9254302781281,126.79974874334543,-42.48771704923801,
2009-05-29,True,2009-05-26,91.3,92.53,1.3472070098576205,2.424972617743717,75.25766627338298,126.79974874334543,-40.6484105692421,
2009-06-01,True,2009-05-26,91.3,94.77,3.8006571741511452,6.841182913472061,78.50251635373756,126.79974874334543,-38.08937546663913,
2009-06-02,True,2009-05-26,91.3,94.85,3.8882803943044886,6.998904709748079,78.61840385660739,126.79974874334543,-37.99798135583187,
2009-06-03,True,2009-05-26,91.3,93.65,2.573932092004383,4.633077765607889,76.88009131356027,126.79974874334543,-39.36889301794061,
2009-06-04,True,2009-05-26,91.3,94.53,3.5377875136911374,6.368017524644047,78.15485384512816,126.79974874334543,-38.363557799060864,
2009-06-05,True,2009-05-26,91.3,94.55,3.5596933187294733,6.407447973713052,78.1838257208456,126.79974874334543,-38.34070927135905,
2009-06-08,True,2009-05-26,91.3,94.16,3.1325301204819356,5.638554216867484,77.61887414435529,126.79974874334543,-38.7862555615444,
2009-06-09,True,2009-05-26,91.3,94.64,3.6582694414019734,6.584884994523552,78.31419916157412,126.79974874334543,-38.23789089670091,
2009-06-10,True,2009-05-26,91.3,94.4,3.3953997809419656,6.111719605695538,77.96653665296473,126.79974874334543,-38.512073229122635,
2009-06-11,True,2009-05-26,91.3,94.82,3.8554216867469737,6.939759036144553,78.57494604303118,126.79974874334543,-38.03225414738461,
2009-06-12,True,2009-05-26,91.3,95.08,4.14019715224534,7.452354874041611,78.95158042735807,126.79974874334543,-37.735223287261036,
2009-06-15,True,2009-05-26,91.3,92.9,1.7524644030668224,3.1544359255202803,75.79364597415584,126.79974874334543,-40.22571280675857,
2009-06-16,True,2009-05-26,91.3,91.64,0.3723986856517092,0.6703176341730765,73.96841780395637,126.79974874334543,-41.66517005197276,
2009-06-17,True,2009-05-26,91.3,91.55,0.27382256297918683,0.4928806133625363,73.83804436322784,126.79974874334543,-41.76798842663091,
2009-06-18,True,2009-05-26,91.3,92.219,1.0065717415115083,1.811829134720715,74.8071536059766,126.79974874334543,-41.00370517500529,
2009-06-19,True,2009-05-26,91.3,92.04,0.8105147864184037,1.4589266155531266,74.54785531830541,126.79974874334543,-41.208199497936505,
2009-06-22,True,2009-05-26,91.3,89.28,-2.2124863088718416,-3.982475355969315,70.54973646929706,126.79974874334543,-44.361296320786614,
2009-06-23,True,2009-05-26,91.3,89.35,-2.1358159912376773,-3.844468784227819,70.65113803430813,126.79974874334543,-44.28132647383028,
2009-06-24,True,2009-05-26,91.3,90.118,-1.2946330777656057,-2.33033953997809,71.76365806185828,126.79974874334543,-43.40394301008068,
2009-06-25,True,2009-05-26,91.3,92.08,0.8543263964950754,1.5377875136911356,74.60579906974031,126.79974874334543,-41.162502442532876,
2009-06-26,True,2009-05-26,91.3,91.84,0.5914567360350453,1.0646221248630816,74.25813656113088,126.79974874334543,-41.436684774954635,
2009-06-29,True,2009-05-26,91.3,92.7,1.533406352683464,2.7601314348302353,75.50392721698131,126.79974874334543,-40.4541980837767,
2009-06-30,True,2009-05-26,91.3,91.95,0.7119386637459035,1.2814895947426264,74.41748187757689,126.79974874334543,-41.31101787259465,
2009-07-01,True,2009-05-26,91.3,92.33,1.1281489594742622,2.030668127053672,74.96794751620845,126.79974874334543,-40.87689584626023,
2009-07-02,True,2009-05-26,91.3,89.81,-1.6319824753559642,-2.9375684556407355,71.31749117580954,126.79974874334543,-43.75581033668858,
2009-07-06,True,2009-05-26,91.3,89.8,-1.642935377875132,-2.957283680175238,71.3030052379508,126.79974874334543,-43.76723460053951,
2009-07-07,True,2009-05-26,91.3,88.06,-3.5487404162102942,-6.38773274917853,68.7824520505325,126.79974874334543,-45.75505651059718,
2009-07-08,True,2009-05-26,91.3,88.0,-3.6144578313253017,-6.506024096385543,68.69553642338013,126.79974874334543,-45.82360209370262,
2009-07-09,True,2009-05-26,91.3,88.17,-3.428258488499447,-6.170865279299005,68.94179736697848,126.79974874334543,-45.62938960823721,
2009-07-10,True,2009-05-26,91.3,87.96,-3.6582694414019734,-6.584884994523552,68.63759267194523,126.79974874334543,-45.86929914910625,
2009-07-13,True,2009-05-26,91.3,90.102,-1.3121577217962699,-2.361883899233286,71.74048056128433,126.79974874334543,-43.42222183224212,
2009-07-14,True,2009-05-26,91.3,90.61,-0.7557502738225641,-1.3603504928806154,72.4763662045076,126.79974874334543,-42.841869228616105,
2009-07-15,True,2009-05-26,91.3,93.26,2.146768893756845,3.8641840087623214,76.31513973706996,126.79974874334543,-39.81443930812596,
2009-07-16,True,2009-05-26,91.3,93.11,1.9824753559693375,3.5684556407448076,76.09785066918909,126.79974874334543,-39.985803265889544,
2009-07-17,True,2009-05-26,91.3,94.13,3.0996714129244207,5.579408543263957,77.5754163307791,126.79974874334543,-38.82052835309713,
2009-07-20,True,2009-05-26,91.3,95.131,4.196056955093108,7.552902519167595,79.02545871043759,126.79974874334543,-37.67695954162139,
2009-07-21,True,2009-05-26,91.3,95.57,4.676889375684556,8.418400876232202,79.66139138243564,126.79974874334543,-37.175434358566626,
2009-07-22,True,2009-05-26,91.3,95.55,4.654983570646221,8.378970427163198,79.6324195067182,126.79974874334543,-37.19828288626843,
2009-07-23,True,2009-05-26,91.3,97.661,6.967141292442491,12.540854326396484,82.69040098869522,126.79974874334543,-34.78662078734215,
2009-07-24,True,2009-05-26,91.3,97.86,7.185104052573932,12.933187294633077,82.97867115208388,126.79974874334543,-34.5592779367091,
2009-07-27,True,2009-05-26,91.3,98.35,7.721796276013149,13.899233296823668,83.68848210716145,126.79974874334543,-33.99948900801469,
2009-07-28,True,2009-05-26,91.3,97.89,7.217962760131447,12.992332968236605,83.02212896566007,126.79974874334543,-34.52500514515637,
2009-07-29,True,2009-05-26,91.3,97.79,7.1084337349397675,12.795180722891581,82.8772695870728,126.79974874334543,-34.63924778366544,
2009-07-30,True,2009-05-26,91.3,98.67,8.072289156626521,14.530120481927739,84.15203211864069,126.79974874334543,-33.63391256478568,
2009-07-31,True,2009-05-26,91.3,98.81,8.22562979189485,14.80613362541073,84.35483524866282,126.79974874334543,-33.47397287087303,
2009-08-03,True,2009-05-26,91.3,100.44,10.010952902519165,18.019715224534497,86.71604311963515,126.79974874334543,-31.611817863175318,
2009-08-04,True,2009-05-26,91.3,100.7,10.295728368017532,18.532311062431557,87.09267750396204,126.79974874334543,-31.314787003051737,
2009-08-05,True,2009-05-26,91.3,100.41,9.978094194961674,17.960569550931012,86.67258530605899,126.79974874334543,-31.64609065472801,
2009-08-06,True,2009-05-26,91.3,99.87,9.386637458926629,16.89594742606793,85.89034466168779,126.79974874334543,-32.26300090267695,
2009-08-07,True,2009-05-26,91.3,101.202,10.845564074479741,19.522015334063536,87.81987158447006,126.79974874334543,-30.741288957736256,
2009-08-10,True,2009-05-26,91.3,100.99,10.61336254107339,19.1040525739321,87.51276970186508,126.79974874334543,-30.98348335137546,
2009-08-11,True,2009-05-26,91.3,99.73,9.233296823658277,16.6199342825849,85.68754153166563,126.79974874334543,-32.42294059658963,
2009-08-12,True,2009-05-26,91.3,100.8,10.405257393209212,18.72946330777658,87.2375368825493,126.79974874334543,-31.200544364542672,
2009-08-13,True,2009-05-26,91.3,101.57,11.248630887185108,20.247535596933194,88.35295409767119,126.79974874334543,-30.320876048022903,
2009-08-14,True,2009-05-26,91.3,100.79,10.394304490690054,18.709748083242097,87.2230509446906,126.79974874334543,-31.21196862839356,
2009-08-17,True,2009-05-26,91.3,98.31,7.677984665936477,13.82037239868566,83.63053835572654,126.79974874334543,-34.04518606341832,
2009-08-18,True,2009-05-26,91.3,99.09,8.532311062431553,15.358159912376797,84.76044150870716,126.79974874334543,-33.15409348304764,
2009-08-19,True,2009-05-26,91.3,99.96,9.485213581599128,17.073384446878432,86.02071810241631,126.79974874334543,-32.16018252801881,
2009-08-20,True,2009-05-26,91.3,100.99,10.61336254107339,19.1040525739321,87.51276970186508,126.79974874334543,-30.98348335137546,
2009-08-21,True,2009-05-26,91.3,102.97,12.782037239868572,23.00766703176343,90.38098539789281,126.79974874334543,-28.72147910889603,
2009-08-24,True,2009-05-26,91.3,102.96,12.771084337349393,22.987951807228907,90.36649946003406,126.79974874334543,-28.732903372746954,
2009-08-25,True,2009-05-26,91.3,103.16,12.99014238773275,23.38225629791895,90.65621821720859,126.79974874334543,-28.504418095728823,
2009-08-26,True,2009-05-26,91.3,103.17,13.001095290251929,23.401971522453472,90.67070415506734,126.79974874334543,-28.4929938318779,
2009-08-27,True,2009-05-26,91.3,103.4,13.25301204819278,23.855421686747004,91.00388072581804,126.79974874334543,-28.230235763307064,
2009-08-28,True,2009-05-26,91.3,103.38,13.231106243154445,23.815991237678002,90.97490885010058,126.79974874334543,-28.25308429100888,
2009-08-31,True,2009-05-26,91.3,102.46,12.223439211391018,22.002190580503832,89.64220256709778,126.79974874334543,-29.30411656529226,
2009-09-01,True,2009-05-26,91.3,100.2,9.748083242059158,17.546549835706486,86.36838061102576,126.79974874334543,-31.886000195597042,
2009-09-02,True,2009-05-26,91.3,99.82,9.331872946330776,16.797371303395398,85.81791497239415,126.79974874334543,-32.32012222193149,
2009-09-03,True,2009-05-26,91.3,100.65,10.240963855421704,18.433734939759066,87.02024781466841,126.79974874334543,-31.371908322306265,
2009-09-04,True,2009-05-26,91.3,102.06,11.785323110624324,21.213581599123785,89.06276505274876,126.79974874334543,-29.7610871193285,
2009-09-08,True,2009-05-26,91.3,102.94,12.749178532311056,22.9485213581599,90.33752758431662,126.79974874334543,-28.755751900448768,
2009-09-09,True,2009-05-26,91.3,103.73,13.61445783132531,24.50602409638556,91.48191667515599,126.79974874334543,-27.853235056227156,
2009-09-10,True,2009-05-26,91.3,104.79,14.775465498357065,26.595837897042717,93.01742608818091,126.79974874334543,-26.642263088031115,
2009-09-11,True,2009-05-26,91.3,104.77,14.75355969331873,26.556407447973715,92.98845421246347,126.79974874334543,-26.66511161573293,
2009-09-14,True,2009-05-26,91.3,105.28,15.312157721796282,27.561883899233308,93.7272370432585,126.79974874334543,-26.082474159336698,
2009-09-15,True,2009-05-26,91.3,105.72,15.794085432639648,28.429353778751366,94.36461830904243,126.79974874334543,-25.579806549896833,
2009-09-16,True,2009-05-26,91.3,107.32,17.54654983570645,31.583789704271613,96.68236836643855,126.79974874334543,-23.751924333751862,
2009-09-17,True,2009-05-26,91.3,107.16,17.371303395399785,31.268346111719612,96.45059336069897,126.79974874334543,-23.934712555366332,
2009-09-18,True,2009-05-26,91.3,106.72,16.88937568455642,30.400876232201558,95.81321209491503,126.79974874334543,-24.4373801648062,
2009-09-21,True,2009-05-26,91.3,106.45,16.593647316538895,29.86856516977001,95.42209177272943,126.79974874334543,-24.745835288780672,
2009-09-22,True,2009-05-26,91.3,107.07,17.272727272727263,31.090909090909072,96.32021991997041,126.79974874334543,-24.03753093002451,
2009-09-23,True,2009-05-26,91.3,106.18,16.29791894852137,29.33625410733847,95.03097145054383,126.79974874334543,-25.054290412755144,
2009-09-24,True,2009-05-26,91.3,105.01,15.01642935377876,27.02957283680177,93.3361167210729,126.79974874334543,-26.39092928331117,
2009-09-25,True,2009-05-26,91.3,104.45,14.40306681270538,25.925520262869682,92.52490420098427,126.79974874334543,-27.030688058961903,
2009-09-28,True,2009-05-26,91.3,106.32,16.4512595837897,29.61226725082146,95.23377458056598,126.79974874334543,-24.89435071884246,
2009-09-29,True,2009-05-26,91.3,106.0,16.10076670317635,28.98138006571743,94.77022456908676,126.79974874334543,-25.25992716207145,
2009-09-30,True,2009-05-26,91.3,105.59,15.651697699890477,28.173055859802858,94.17630111687899,126.79974874334543,-25.72832197995861,
2009-10-01,True,2009-05-26,91.3,103.724,13.607886089813803,24.494194961664846,91.47322511244074,126.79974874334543,-27.86008961453771,
2009-10-02,True,2009-05-26,91.3,102.49,12.256297918948512,22.06133625410732,89.68566038067394,126.79974874334543,-29.269843773739556,
2009-10-05,True,2009-05-26,91.3,104.02,13.932092004381168,25.077765607886104,91.90200887305903,126.79974874334543,-27.52193140455088,
2009-10-06,True,2009-05-26,91.3,105.51,15.564074479737133,28.01533406352684,94.06041361400918,126.79974874334543,-25.819716090765866,
2009-10-07,True,2009-05-26,91.3,105.8,15.881708652792991,28.587075575027384,94.48050581191224,126.79974874334543,-25.48841243908958,
2009-10-08,True,2009-05-26,91.3,106.61,16.76889375684556,30.18400876232201,95.65386677846902,126.79974874334543,-24.56304706716619,
2009-10-09,True,2009-05-26,91.3,107.26,17.48083242059146,31.465498357064632,96.59545273928622,126.79974874334543,-23.820469916857277,
2009-10-12,True,2009-05-26,91.3,107.68,17.940854326396515,32.29353778751373,97.20386212935273,126.79974874334543,-23.340650835119202,
2009-10-13,True,2009-05-26,91.3,107.46,17.6998904709748,31.85980284775464,96.88517149646073,126.79974874334543,-23.591984639839158,
2009-10-14,True,2009-05-26,91.3,109.31,19.72617743702081,35.507119386637456,99.56507000032502,126.79974874334543,-21.47849582742152,
2009-10-15,True,2009-05-26,91.3,109.71,20.164293537787504,36.29572836801751,100.14450751467405,126.79974874334543,-21.02152527338528,
2009-10-16,True,2009-05-26,91.3,108.89,19.26615553121578,34.6790799561884,98.95666061025854,126.79974874334543,-21.958314909159572,
2009-10-19,True,2009-05-26,91.3,109.79,20.25191675794087,36.453450164293564,100.26039501754387,126.79974874334543,-20.930131162578014,
2009-10-20,True,2009-05-26,91.3,109.211,19.617743702081047,35.311938663745885,99.42165921552363,126.79974874334543,-21.59159603954549,
2009-10-21,True,2009-05-26,91.3,108.23,18.543263964950718,33.37787513691129,98.00058871158262,126.79974874334543,-22.71231632331938,
2009-10-22,True,2009-05-26,91.3,109.33,19.748083242059145,35.546549835706465,99.59404187604247,126.79974874334543,-21.455647299719704,
2009-10-23,True,2009-05-26,91.3,108.08,18.37897042716321,33.08214676889378,97.78329964370175,126.79974874334543,-22.883680281082963,
2009-10-26,True,2009-05-26,91.3,106.91,17.097480832420597,30.775465498357075,96.08844491423082,126.79974874334543,-24.220319151638993,
2009-10-27,True,2009-05-26,91.3,106.42,16.56078860898138,29.809419496166484,95.37863395915325,126.79974874334543,-24.780108080333395,
2009-10-28,True,2009-05-26,91.3,104.41,14.359255202628706,25.84665936473167,92.46696044954935,126.79974874334543,-27.076385114365543,
2009-10-29,True,2009-05-26,91.3,106.65,16.812705366922252,30.262869660460055,95.71181052990396,126.79974874334543,-24.517350011762538,
2009-10-30,True,2009-05-26,91.3,103.56,13.428258488499466,24.17086527929904,91.23565573155764,126.79974874334543,-28.04744754169257,
2009-11-02,True,2009-05-26,91.3,104.32,14.260679079956184,25.66922234392113,92.33658700882079,126.79974874334543,-27.179203489023717,
2009-11-03,True,2009-05-26,91.3,104.65,14.622124863088736,26.319824753559725,92.8146229581588,126.79974874334543,-26.802202781943773,
2009-11-04,True,2009-05-26,91.3,104.92,14.91785323110626,26.852135815991268,93.20574328034436,126.79974874334543,-26.493747657969323,
2009-11-05,True,2009-05-26,91.3,106.8501,17.031872946330772,30.65737130339539,96.00167414645703,126.79974874334543,-24.288750492105926,
2009-11-06,True,2009-05-26,91.3,107.13,17.33844468784227,31.209200438116085,96.40713554712276,126.79974874334543,-23.96898534691907,
2009-11-09,True,2009-05-26,91.3,109.57,20.010952902519175,36.019715224534515,99.9417043846519,126.79974874334543,-21.18146496729795,
2009-11-10,True,2009-05-26,91.3,109.59,20.03285870755751,36.05914567360352,99.97067626036934,126.79974874334543,-21.158616439596145,
2009-11-11,True,2009-05-26,91.3,110.15,20.64622124863089,37.163198247535604,100.781888780458,126.79974874334543,-20.51885766394539,
2009-11-12,True,2009-05-26,91.3,109.03,19.41949616648413,34.95509309967144,99.15946374028071,126.79974874334543,-21.798375215246867,
2009-11-13,True,2009-05-26,91.3,109.62,20.065717415115024,36.11829134720705,100.01413407394556,126.79974874334543,-21.124343648043396,
2009-11-16,True,2009-05-26,91.3,111.21,21.807228915662648,39.253012048192765,102.31739819348293,126.79974874334543,-19.30788569574935,
2009-11-17,True,2009-05-26,91.3,111.339,21.948521358159923,39.50733844468786,102.50426679186052,126.79974874334543,-19.16051269207264,
2009-11-18,True,2009-05-26,91.3,111.27,21.872946330777655,39.37130339539978,102.4043138206353,126.79974874334543,-19.239340112643898,
2009-11-19,True,2009-05-26,91.3,109.82,20.284775465498363,36.51259583789705,100.30385283112005,126.79974874334543,-20.895858371025287,
2009-11-20,True,2009-05-26,91.3,109.43,19.857612267250822,35.74370208105148,99.73890125462974,126.79974874334543,-21.34140466121064,
2009-11-23,True,2009-05-26,91.3,110.82,21.380065717415107,38.484118291347194,101.75244661699261,126.79974874334543,-19.75343198593469,
2009-11-24,True,2009-05-26,91.3,110.99,21.56626506024095,38.81927710843372,101.99870756059096,126.79974874334543,-19.559219500469283,
2009-11-25,True,2009-05-26,91.3,111.38,21.99342825848849,39.58817086527928,102.56365913708127,126.79974874334543,-19.11367321028393,
2009-11-27,True,2009-05-26,91.3,109.57,20.010952902519175,36.019715224534515,99.9417043846519,126.79974874334543,-21.18146496729795,
2009-11-30,True,2009-05-26,91.3,109.94,20.416210295728376,36.74917853231108,100.47768408542477,126.79974874334543,-20.75876720481441,
2009-12-01,True,2009-05-26,91.3,111.3,21.905805038335167,39.4304490690033,102.44777163421149,126.79974874334543,-19.205067321091164,
2009-12-02,True,2009-05-26,91.3,111.25,21.851040525739318,39.331872946330776,102.37534194491785,126.79974874334543,-19.262188640345713,
2009-12-03,True,2009-05-26,91.3,110.38,20.89813800657174,37.61664841182914,101.1150653512087,126.79974874334543,-20.256099595374543,
2009-12-04,True,2009-05-26,91.3,111.01,21.58817086527931,38.85870755750276,102.02767943630843,126.79974874334543,-19.536370972767457,
2009-12-07,True,2009-05-26,91.3,110.84,21.401971522453465,38.52354874041624,101.7814184927101,126.79974874334543,-19.730583458232854,
2009-12-08,True,2009-05-26,91.3,109.61,20.054764512595845,36.098576122672526,99.99964813608682,126.79974874334543,-21.13576791189431,
2009-12-09,True,2009-05-26,91.3,110.021,20.504928806133638,36.90887185104055,100.59502018208045,126.79974874334543,-20.666230667622077,
2009-12-10,True,2009-05-26,91.3,110.64,21.18291347207011,38.1292442497262,101.49169973553558,126.79974874334543,-19.959068735250984,
2009-12-11,True,2009-05-26,91.3,111.11,21.697699890470968,39.05585980284774,102.17253881489567,126.79974874334543,-19.422128334258403,
2009-12-14,True,2009-05-26,91.3,111.87,22.530120481927728,40.55421686746991,103.27347009215887,126.79974874334543,-18.553884281589504,
2009-12-15,True,2009-05-26,91.3,111.35,21.960569550930998,39.5290251916758,102.5202013235051,126.79974874334543,-19.147946001836647,
2009-12-16,True,2009-05-26,91.3,111.52,22.146768893756843,39.864184008762315,102.76646226710344,126.79974874334543,-18.95373351637125,
2009-12-17,True,2009-05-26,91.3,110.18,20.679079956188406,37.222343921139135,100.82534659403419,126.79974874334543,-20.484584872392663,
2009-12-18,True,2009-05-26,91.3,110.21,20.711938663745897,37.28148959474262,100.86880440761037,126.79974874334543,-20.45031208083994,
2009-12-21,True,2009-05-26,91.3,111.33,21.93866374589266,39.48959474260679,102.49122944778765,126.79974874334543,-19.17079452953847,
2009-12-22,True,2009-05-26,91.3,111.73,22.376779846659378,40.278203723986884,103.0706669621367,126.79974874334543,-18.71382397550221,
2009-12-23,True,2009-05-26,91.3,111.95,22.61774370208105,40.71193866374589,103.38935759502866,126.79974874334543,-18.462490170782274,
2009-12-24,True,2009-05-26,91.3,112.48,23.198247535596938,41.75684556407449,104.15711230154113,126.79974874334543,-17.857004186684243,
2009-12-28,True,2009-05-26,91.3,112.72,23.461117196056968,42.230010952902546,104.50477481015058,126.79974874334543,-17.582821854262477,
2009-12-29,True,2009-05-26,91.3,112.562,23.288061336254117,41.918510405257415,104.2758969919827,126.79974874334543,-17.763325223106797,
2009-12-30,True,2009-05-26,91.3,112.52,23.24205914567361,41.8357064622125,104.21505605297605,126.79974874334543,-17.811307131280607,
2009-12-31,True,2009-05-26,91.3,111.44,22.059145673603496,39.706462212486294,102.65057476423364,126.79974874334543,-19.045127627178495,
2010-01-04,True,2009-05-26,91.3,113.33,24.129244249726177,43.432639649507124,105.38841701953284,126.79974874334543,-16.885941759357216,
2010-01-05,True,2009-05-26,91.3,113.63,24.457831325301193,44.02409638554215,105.82299515529459,126.79974874334543,-16.543213843830053,
2010-01-06,True,2009-05-26,91.3,113.71,24.545454545454536,44.181818181818166,105.9388826581644,126.79974874334543,-16.4518197330228,
2010-01-07,True,2009-05-26,91.3,114.19,25.071193866374596,45.128148959474274,106.63420767538327,126.79974874334543,-15.903455068179284,
2010-01-08,True,2009-05-26,91.3,114.57,25.487404162102955,45.87732749178532,107.18467331401484,126.79974874334543,-15.469333041844857,
2010-01-11,True,2009-05-26,91.3,114.73,25.66265060240964,46.19277108433736,107.41644831975447,126.79974874334543,-15.286544820230352,
2010-01-12,True,2009-05-26,91.3,113.66,24.49069003285871,44.083242059145675,105.86645296887077,126.79974874334543,-16.508941052277326,
2010-01-13,True,2009-05-26,91.3,114.62,25.542168674698807,45.975903614457856,107.25710300330849,126.79974874334543,-15.412211722590307,
2010-01-14,True,2009-05-26,91.3,114.93,25.881708652793,46.587075575027406,107.70616707692899,126.79974874334543,-15.05805954321222,
2010-01-15,True,2009-05-26,91.3,113.64,24.46878422782037,44.04381161007667,105.83748109315333,126.79974874334543,-16.53178957997914,
2010-01-19,True,2009-05-26,91.3,115.06,26.024096385542173,46.84337349397591,107.89448426909242,126.79974874334543,-14.909544113150442,
2010-01-20,True,2009-05-26,91.3,113.89,24.74260679079956,44.53669222343921,106.19962953962148,126.79974874334543,-16.24618298370647,
2010-01-21,True,2009-05-26,91.3,111.7,22.343921139101862,40.21905805038335,103.0272091485605,126.79974874334543,-18.748096767054932,
2010-01-22,True,2009-05-26,91.3,109.21,19.61664841182913,35.30996714129243,99.42021062173777,126.79974874334543,-21.592738465930573,
2010-01-25,True,2009-05-26,91.3,109.77,20.23001095290251,36.41401971522452,100.2314231418264,126.79974874334543,-20.95297969027984,
2010-01-26,True,2009-05-26,91.3,109.31,19.72617743702081,35.507119386637456,99.56507000032502,126.79974874334543,-21.47849582742152,
2010-01-27,True,2009-05-26,91.3,109.83,20.295728368017517,36.53231106243153,100.31833876897876,126.79974874334543,-20.8844341071744,
2010-01-28,True,2009-05-26,91.3,108.57,18.915662650602407,34.04819277108433,98.4931105987793,126.79974874334543,-22.323891352388582,
2010-01-29,True,2009-05-26,91.3,107.39,17.623220153340636,31.721796276013144,96.78376993144965,126.79974874334543,-23.6719544867955,
2010-02-01,True,2009-05-26,91.3,109.06,19.45235487404162,35.01423877327492,99.20292155385688,126.79974874334543,-21.764102423694165,
2010-02-02,True,2009-05-26,91.3,110.38,20.89813800657174,37.61664841182914,101.1150653512087,126.79974874334543,-20.256099595374543,
2010-02-03,True,2009-05-26,91.3,109.83,20.295728368017517,36.53231106243153,100.31833876897876,126.79974874334543,-20.8844341071744,
2010-02-04,True,2009-05-26,91.3,106.44,16.582694414019716,29.84884994523549,95.4076058348707,126.79974874334543,-24.757259552631584,
2010-02-05,True,2009-05-26,91.3,106.66,16.82365826944141,30.282584884994538,95.72629646776267,126.79974874334543,-24.50592574791165,
2010-02-08,True,2009-05-26,91.3,105.89,15.980284775465492,28.764512595837886,94.61087925264076,126.79974874334543,-25.385594064431437,
2010-02-09,True,2009-05-26,91.3,107.22,17.43702081051479,31.386637458926625,96.53750898785131,126.79974874334543,-23.866166972260906,
2010-02-10,True,2009-05-26,91.3,107.01,17.207009857612277,30.9726177437021,96.23330429281808,126.79974874334543,-24.106076513129928,
2010-02-11,True,2009-05-26,91.3,108.13,18.433734939759038,33.18072289156627,97.85572933299538,126.79974874334543,-22.826558961828436,
2010-02-12,True,2009-05-26,91.3,108.04,18.335158817086537,33.00328587075577,97.72535589226683,126.79974874334543,-22.9293773364866,
2010-02-16,True,2009-05-26,91.3,109.74,20.197152245345016,36.35487404162103,100.18796532825024,126.79974874334543,-20.98725248183254,
2010-02-17,True,2009-05-26,91.3,110.26,20.76670317634175,37.38006571741515,100.941234096904,126.79974874334543,-20.393190761585412,
2010-02-18,True,2009-05-26,91.3,110.91,21.478641840087633,38.66155531215774,101.88282005772118,126.79974874334543,-19.650613611276512,
2010-02-19,True,2009-05-26,91.3,111.14,21.73055859802848,39.115005476451266,102.21599662847186,126.79974874334543,-19.38785554270568,
2010-02-22,True,2009-05-26,91.3,111.16,21.752464403066817,39.154435925520275,102.24496850418933,126.79974874334543,-19.365007015003854,
2010-02-23,True,2009-05-26,91.3,109.81,20.273822562979205,36.49288061336257,100.28936689326135,126.79974874334543,-20.90728263487618,
2010-02-24,True,2009-05-26,91.3,110.82,21.380065717415107,38.484118291347194,101.75244661699261,126.79974874334543,-19.75343198593469,
2010-02-25,True,2009-05-26,91.3,110.67,21.2157721796276,38.18838992332968,101.53515754911174,126.79974874334543,-19.92479594369827,
2010-02-26,True,2009-05-26,91.3,110.74,21.292442497261767,38.32639649507118,101.6365591141228,126.79974874334543,-19.84482609674194,
2010-03-01,True,2009-05-26,91.3,111.89,22.552026286966044,40.59364731653888,103.30244196787629,126.79974874334543,-18.531035753887725,
2010-03-02,True,2009-05-26,91.3,112.2,22.891566265060238,41.20481927710843,103.75150604149681,126.79974874334543,-18.176883574509617,
2010-03-03,True,2009-05-26,91.3,112.3,23.001095290251918,41.40197152245345,103.89636542008405,126.79974874334543,-18.062640936000573,
2010-03-04,True,2009-05-26,91.3,112.641,23.374589266155542,42.07426067907998,104.39033590106663,126.79974874334543,-17.673073538684648,
2010-03-05,True,2009-05-26,91.3,114.25,25.136911281489603,45.246440306681286,106.72112330253562,126.79974874334543,-15.834909485073844,
2010-03-08,True,2009-05-26,91.3,114.27,25.15881708652794,45.285870755750295,106.75009517825309,126.79974874334543,-15.81206095737202,
2010-03-09,True,2009-05-26,91.3,114.46,25.36692223439212,45.66046002190582,107.02532799756887,126.79974874334543,-15.594999944204812,
2010-03-10,True,2009-05-26,91.3,114.97,25.92552026286967,46.66593647316541,107.7641108283639,126.79974874334543,-15.012362487808595,
2010-03-11,True,2009-05-26,91.3,115.45,26.45125958378971,47.61226725082148,108.45943584558273,126.79974874334543,-14.463997822965101,
2010-03-12,True,2009-05-26,91.3,115.46,26.462212486308868,47.63198247535596,108.47392178344144,126.79974874334543,-14.452573559114212,
2010-03-15,True,2009-05-26,91.3,115.49,26.49507119386638,47.691128148959486,108.51737959701764,126.79974874334543,-14.418300767561476,
2010-03-16,True,2009-05-26,91.3,116.41,27.502738225629784,49.50492880613361,109.8500858800204,126.79974874334543,-13.367268493278118,
2010-03-17,True,2009-05-26,91.3,117.1,28.258488499452362,50.865279299014254,110.8496155922725,126.79974874334543,-12.578994287565582,
2010-03-18,True,2009-05-26,91.3,117.0375,28.19003285870756,50.74205914567361,110.75907848065548,126.79974874334543,-12.65039593663374,
2010-03-19,True,2009-05-26,91.3,115.97,27.02081051478642,48.63745892661556,109.21270461423647,126.79974874334543,-13.869936102717983,
2010-03-22,True,2009-05-26,91.3,116.5925,27.702628696604602,49.864731653888285,110.11445424594217,126.79974874334543,-13.158775677999069,
2010-03-23,True,2009-05-26,91.3,117.41,28.598028477546556,51.476451259583804,111.298679665893,126.79974874334543,-12.224842108187485,
2010-03-24,True,2009-05-26,91.3,116.84,27.973713033953995,50.352683461117195,110.47298120794564,126.79974874334543,-12.87602514768913,
2010-03-25,True,2009-05-26,91.3,116.65,27.765607886089818,49.97809419496167,110.19774838862983,126.79974874334543,-13.093086160856359,
2010-03-26,True,2009-05-26,91.3,116.582,27.691128148959464,49.84403066812704,110.09924401119048,126.79974874334543,-13.170771155042537,
2010-03-29,True,2009-05-26,91.3,117.32,28.499452354874034,51.29901423877326,111.16830622516444,126.79974874334543,-12.32766048284567,
2010-03-30,True,2009-05-26,91.3,117.4,28.5870755750274,51.45673603504932,111.2841937280343,126.79974874334543,-12.236266372038385,
2010-03-31,True,2009-05-26,91.3,117.0,28.148959474260682,50.66812705366923,110.70475621368524,126.79974874334543,-12.693236926074647,
2010-04-01,True,2009-05-26,91.3,117.8,29.025191675794094,52.24534501642937,111.86363124238332,126.79974874334543,-11.779295818002144,
2010-04-05,True,2009-05-26,91.3,118.76,30.07667031763419,54.13800657174154,113.25428127682102,126.79974874334543,-10.682566488315137,
2010-04-06,True,2009-05-26,91.3,119.04,30.38335158817087,54.69003285870757,113.65988753686533,126.79974874334543,-10.362687100489776,
2010-04-07,True,2009-05-26,91.3,118.36,29.638554216867476,53.349397590361455,112.67484376247197,126.79974874334543,-11.1395370423514,
2010-04-08,True,2009-05-26,91.3,118.7725,30.09036144578312,54.16265060240962,113.2723886991444,126.79974874334543,-10.668286158501527,
2010-04-09,True,2009-05-26,91.3,119.55,30.941949616648422,55.695509309967164,114.39867036766036,126.79974874334543,-9.780049644093559,
2010-04-12,True,2009-05-26,91.3,119.74,31.150054764512603,56.07009857612269,114.67390318697613,126.79974874334543,-9.56298863092635,
2010-04-13,True,2009-05-26,91.3,119.83,31.2486308871851,56.24753559693318,114.80427662770467,126.79974874334543,-9.460170256268196,
2010-04-14,True,2009-05-26,91.3,121.19,32.7382256297919,58.92880613362542,116.77436417649139,126.79974874334543,-7.906470372544949,
2010-04-15,True,2009-05-26,91.3,121.29,32.847754654983575,59.12595837897044,116.91922355507864,126.79974874334543,-7.792227734035895,
2010-04-16,True,2009-05-26,91.3,119.36,30.73384446878422,55.3209200438116,114.12343754834455,126.79974874334543,-9.997110657260777,
2010-04-19,True,2009-05-26,91.3,119.81,31.226725082146768,56.20810514786418,114.7753047519872,126.79974874334543,-9.48301878397001,
2010-04-20,True,2009-05-26,91.3,120.88,32.398685651697704,58.31763417305587,116.32530010287088,126.79974874334543,-8.260622551923047,
2010-04-21,True,2009-05-26,91.3,120.66,32.15772179627601,57.883899233296816,116.0066094699789,126.79974874334543,-8.51195635664299,
2010-04-22,True,2009-05-26,91.3,121.02,32.552026286966054,58.5936473165389,116.52810323289305,126.79974874334543,-8.100682858010355,
2010-04-23,True,2009-05-26,91.3,121.8125,33.42004381161008,60.15607886089814,117.67611380819707,126.79974874334543,-7.195309947826045,
2010-04-26,True,2009-05-26,91.3,121.35,32.91347207009858,59.24424972617744,117.00613918223101,126.79974874334543,-7.723682150930444,
2010-04-27,True,2009-05-26,91.3,118.48,29.76998904709749,53.58598028477548,112.84867501677668,126.79974874334543,-11.00244587614052,
2010-04-28,True,2009-05-26,91.3,119.38,30.755750273822557,55.360350492880606,114.152409424062,126.79974874334543,-9.974262129558975,
2010-04-29,True,2009-05-26,91.3,120.8575,32.37404162102957,58.27327491785323,116.29270674268874,126.79974874334543,-8.286327145587592,
2010-04-30,True,2009-05-26,91.3,118.8125,30.134173055859815,54.24151150054767,113.33033245057933,126.79974874334543,-10.62258910309788,
2010-05-03,True,2009-05-26,91.3,120.35,31.818181818181813,57.272727272727266,115.5575453963584,126.79974874334543,-8.866108536021077,
2010-05-04,True,2009-05-26,91.3,117.52,28.71851040525739,51.69331872946331,111.45802498233897,126.79974874334543,-12.099175205827539,
2010-05-05,True,2009-05-26,91.3,116.82,27.95180722891566,50.313253012048186,110.44400933222816,126.79974874334543,-12.898873675390965,
2010-05-06,True,2009-05-26,91.3,112.942,23.704271631982476,42.66768893756846,104.82636263061428,126.79974874334543,-17.32920319677237,
2010-05-07,True,2009-05-26,91.3,111.26,21.861993428258497,39.3515881708653,102.38982788277659,126.79974874334543,-19.25076437649479,
2010-05-10,True,2009-05-26,91.3,116.16,27.2289156626506,49.01204819277108,109.48793743355225,126.79974874334543,-13.652875089550776,
2010-05-11,True,2009-05-26,91.3,115.83,26.86746987951807,48.361445783132524,109.00990148421431,126.79974874334543,-14.029875796630664,RAW_DECISION
2010-05-12,False,,,117.45,,,109.00990148421431,126.79974874334543,-14.029875796630664,
2010-05-13,False,,,115.99,,,109.00990148421431,126.79974874334543,-14.029875796630664,
2010-05-14,False,,,113.89,,,109.00990148421431,126.79974874334543,-14.029875796630664,
2010-05-17,False,,,113.95,,,109.00990148421431,126.79974874334543,-14.029875796630664,
2010-05-18,False,,,112.4,,,109.00990148421431,126.79974874334543,-14.029875796630664,
2010-05-19,False,,,111.76,,,109.00990148421431,126.79974874334543,-14.029875796630664,
2010-05-20,False,,,107.54,,,109.00990148421431,126.79974874334543,-14.029875796630664,
2010-05-21,False,,,109.115,,,109.00990148421431,126.79974874334543,-14.029875796630664,
2010-05-24,False,,,107.71,,,109.00990148421431,126.79974874334543,-14.029875796630664,
2010-05-25,False,,,107.818,,,109.00990148421431,126.79974874334543,-14.029875796630664,
2010-05-26,False,,,107.17,,,109.00990148421431,126.79974874334543,-14.029875796630664,
2010-05-27,False,,,110.76,,,109.00990148421431,126.79974874334543,-14.029875796630664,
2010-05-28,False,,,109.369,,,109.00990148421431,126.79974874334543,-14.029875796630664,
2010-06-01,False,,,107.53,,,109.00990148421431,126.79974874334543,-14.029875796630664,
2010-06-02,False,,,110.33,,,109.00990148421431,126.79974874334543,-14.029875796630664,
2010-06-03,False,,,110.71,,,109.00990148421431,126.79974874334543,-14.029875796630664,
2010-06-04,False,,,106.82,,,109.00990148421431,126.79974874334543,-14.029875796630664,
2010-06-07,False,,,105.49,,,109.00990148421431,126.79974874334543,-14.029875796630664,
2010-06-08,False,,,106.62,,,109.00990148421431,126.79974874334543,-14.029875796630664,
2010-06-09,False,,,106.05,,,109.00990148421431,126.79974874334543,-14.029875796630664,
2010-06-10,False,,,109.15,,,109.00990148421431,126.79974874334543,-14.029875796630664,
2010-06-11,False,,,109.68,,,109.00990148421431,126.79974874334543,-14.029875796630664,
2010-06-14,False,,,109.509,,,109.00990148421431,126.79974874334543,-14.029875796630664,
2010-06-15,False,,,112.0,,,109.00990148421431,126.79974874334543,-14.029875796630664,
2010-06-16,False,,,111.96,,,109.00990148421431,126.79974874334543,-14.029875796630664,
2010-06-17,False,,,112.14,,,109.00990148421431,126.79974874334543,-14.029875796630664,
2010-06-18,False,,,111.729,,,109.00990148421431,126.79974874334543,-14.029875796630664,
2010-06-21,False,,,111.41,,,109.00990148421431,126.79974874334543,-14.029875796630664,
2010-06-22,False,,,109.57,,,109.00990148421431,126.79974874334543,-14.029875796630664,
2010-06-23,False,,,109.23,,,109.00990148421431,126.79974874334543,-14.029875796630664,
2010-06-24,False,,,107.42,,,109.00990148421431,126.79974874334543,-14.029875796630664,
2010-06-25,False,,,107.8675,,,109.00990148421431,126.79974874334543,-14.029875796630664,
2010-06-28,False,,,107.53,,,109.00990148421431,126.79974874334543,-14.029875796630664,
2010-06-29,False,,,104.21,,,109.00990148421431,126.79974874334543,-14.029875796630664,
2010-06-30,False,,,103.22,,,109.00990148421431,126.79974874334543,-14.029875796630664,
2010-07-01,False,,,102.76,,,109.00990148421431,126.79974874334543,-14.029875796630664,
2010-07-02,False,,,102.2,,,109.00990148421431,126.79974874334543,-14.029875796630664,
2010-07-06,False,,,102.87,,,109.00990148421431,126.79974874334543,-14.029875796630664,
2010-07-07,False,,,106.1075,,,109.00990148421431,126.79974874334543,-14.029875796630664,
2010-07-08,False,,,107.16,,,109.00990148421431,126.79974874334543,-14.029875796630664,
2010-07-09,False,,,107.96,,,109.00990148421431,126.79974874334543,-14.029875796630664,
2010-07-12,False,,,108.03,,,109.00990148421431,126.79974874334543,-14.029875796630664,
2010-07-13,False,,,109.66,,,109.00990148421431,126.79974874334543,-14.029875796630664,
2010-07-14,False,,,109.651,,,109.00990148421431,126.79974874334543,-14.029875796630664,
2010-07-15,False,,,109.68,,,109.00990148421431,126.79974874334543,-14.029875796630664,
2010-07-16,False,,,106.66,,,109.00990148421431,126.79974874334543,-14.029875796630664,
2010-07-19,False,,,107.29,,,109.00990148421431,126.79974874334543,-14.029875796630664,
2010-07-20,False,,,108.48,,,109.00990148421431,126.79974874334543,-14.029875796630664,
2010-07-21,False,,,107.07,,,109.00990148421431,126.79974874334543,-14.029875796630664,
2010-07-22,False,,,109.461,,,109.00990148421431,126.79974874334543,-14.029875796630664,
2010-07-23,False,,,110.41,,,109.00990148421431,126.79974874334543,-14.029875796630664,
2010-07-26,False,,,111.56,,,109.00990148421431,126.79974874334543,-14.029875796630664,
2010-07-27,False,,,111.55,,,109.00990148421431,126.79974874334543,-14.029875796630664,
2010-07-28,False,,,110.83,,,109.00990148421431,126.79974874334543,-14.029875796630664,
2010-07-29,False,,,110.29,,,109.00990148421431,126.79974874334543,-14.029875796630664,
2010-07-30,False,,,110.27,,,109.00990148421431,126.79974874334543,-14.029875796630664,
2010-08-02,False,,,112.76,,,109.00990148421431,126.79974874334543,-14.029875796630664,
2010-08-03,False,,,112.22,,,109.00990148421431,126.79974874334543,-14.029875796630664,
2010-08-04,False,,,112.97,,,109.00990148421431,126.79974874334543,-14.029875796630664,
2010-08-05,False,,,112.85,,,109.00990148421431,126.79974874334543,-14.029875796630664,
2010-08-06,True,2010-08-06,112.392,112.392,0.0,0.0,109.00990148421431,126.79974874334543,-14.029875796630664,
2010-08-09,True,2010-08-06,112.392,112.992,0.5338458253256517,0.9609224855861731,110.05740213909145,126.79974874334543,-13.203769542274134,
2010-08-10,True,2010-08-06,112.392,112.375,-0.015125631717560761,-0.02722613709160937,108.98022229899279,126.79974874334543,-14.053282140504109,
2010-08-11,True,2010-08-06,112.392,109.3,-2.7510854865114953,-4.951953875720692,103.61178144274744,126.79974874334543,-18.287076694081318,
2010-08-12,True,2010-08-06,112.392,108.63,-3.347213324791798,-6.024983984625236,102.44207237813465,126.79974874334543,-19.209562011446092,
2010-08-13,True,2010-08-06,112.392,108.31,-3.631931098298802,-6.537475976937843,101.8834053622002,126.79974874334543,-19.650152013769564,
2010-08-16,True,2010-08-06,112.392,108.26,-3.6764182504092746,-6.617552850736694,101.79611364096043,126.79974874334543,-19.71899420163261,
2010-08-17,True,2010-08-06,112.392,109.59,-2.493060004270764,-4.487508007687375,104.11807342593806,126.79974874334543,-17.887792004475656,
2010-08-18,True,2010-08-06,112.392,109.79,-2.3151113958288727,-4.167200512491971,104.46724031089714,126.79974874334543,-17.612423253023458,
2010-08-19,True,2010-08-06,112.392,107.88,-4.0145206064488566,-7.226137091607942,101.13269655953822,126.79974874334543,-20.242194829391757,
2010-08-20,True,2010-08-06,112.392,107.53,-4.325930671222144,-7.78667520819986,100.5216545108599,126.79974874334543,-20.72409014443306,
2010-08-23,True,2010-08-06,112.392,107.1236,-4.687522243576058,-8.437540038436905,99.8121474006231,126.79974874334543,-21.283639447383894,
2010-08-24,True,2010-08-06,112.392,105.53,-6.105416755640968,-10.989750160153744,97.02998566126944,126.79974874334543,-23.477777658954825,
2010-08-25,True,2010-08-06,112.392,105.94,-5.740622108335113,-10.333119795003205,97.74577777543547,126.79974874334543,-22.91327171847787,
2010-08-26,True,2010-08-06,112.392,105.23,-6.372339668303784,-11.470211402946811,96.50623533383089,126.79974874334543,-23.890830786133066,
2010-08-27,True,2010-08-06,112.392,106.86,-4.922058509502458,-8.859705317104424,99.35194544624707,126.79974874334543,-21.646575461797866,
2010-08-30,True,2010-08-06,112.392,105.311,-6.300270481884818,-11.340486867392672,96.6476479222393,126.79974874334543,-23.779306441794933,
2010-08-31,True,2010-08-06,112.392,105.31,-6.301160224927038,-11.342088404868669,96.64590208781448,126.79974874334543,-23.780683285552218,
2010-09-01,True,2010-08-06,112.392,108.46,-3.4984696419674055,-6.29724535554133,102.14528052591945,126.79974874334543,-19.443625450180456,
2010-09-02,True,2010-08-06,112.392,109.47,-2.599829169335899,-4.679692504804618,103.90857329496264,126.79974874334543,-18.05301325534696,
2010-09-03,True,2010-08-06,112.392,110.89,-1.336394049398526,-2.405509288917347,106.38765817817188,126.79974874334543,-16.097895120036508,
2010-09-07,True,2010-08-06,112.392,109.64,-2.448572852160291,-4.407431133888524,104.20536514717783,126.79974874334543,-17.818949816612605,
2010-09-08,True,2010-08-06,112.392,110.41,-1.763470709659054,-3.1742472773862973,105.54965765427015,126.79974874334543,-16.758780123521746,
2010-09-09,True,2010-08-06,112.392,110.92,-1.3097017581322423,-2.357463164638036,106.44003321091574,126.79974874334543,-16.056589807318677,
2010-09-10,True,2010-08-06,112.392,111.482,-0.809666168410561,-1.4573991031390099,107.42119215765065,126.79974874334543,-15.282803615738072,
2010-09-13,True,2010-08-06,112.392,112.72,0.29183571784467954,0.5253042921204232,109.58253517554714,126.79974874334543,-13.578271044249114,
2010-09-14,True,2010-08-06,112.392,112.65,0.2295537048900398,0.4131966688020716,109.4603267658115,126.79974874334543,-13.674650107257346,
2010-09-15,True,2010-08-06,112.392,113.08,0.6121432130400839,1.101857783472151,110.21103556847346,126.79974874334543,-13.082607291635162,
2010-09-16,True,2010-08-06,112.392,113.05,0.5854509217738002,1.0538116591928404,110.1586605357296,126.79974874334543,-13.123912604352995,
2010-09-17,True,2010-08-06,112.392,112.49,0.08719481813652674,0.15695067264574813,109.18099325784424,126.79974874334543,-13.89494510841911,
2010-09-20,True,2010-08-06,112.392,114.21,1.6175528507367032,2.9115951313260657,112.18382846849202,126.79974874334543,-11.526773845930405,
2010-09-21,True,2010-08-06,112.392,113.98,1.4129119510285504,2.5432415118513907,111.78228655078915,126.79974874334543,-11.84344791010038,
2010-09-22,True,2010-08-06,112.392,113.42,0.9146558473912769,1.6463805253042985,110.80461927290382,126.79974874334543,-12.614480414166474,
2010-09-23,True,2010-08-06,112.392,112.498,0.0943127624742024,0.1697629724535643,109.19495993324261,126.79974874334543,-13.883930358361008,
2010-09-24,True,2010-08-06,112.392,114.82,2.1602961064844495,3.888532991672009,113.24878746761713,126.79974874334543,-10.68689915400125,
2010-09-27,True,2010-08-06,112.392,114.27,1.6709374332692706,3.007687379884687,112.28857853397975,126.79974874334543,-11.444163220494751,
2010-09-28,True,2010-08-06,112.392,114.67,2.026834650153031,3.648302370275456,112.98691230389782,126.79974874334543,-10.89342571759041,
2010-09-29,True,2010-08-06,112.392,114.47,1.8488860417111619,3.3279948750800914,112.63774541893882,126.79974874334543,-11.168794469042542,
2010-09-30,True,2010-08-06,112.392,114.13,1.5463734073599467,2.783472133247904,112.0441617145084,126.79974874334543,-11.636921346511276,
2010-10-01,True,2010-08-06,112.392,114.61,1.9734500676204636,3.5522101217168345,112.88216223841012,126.79974874334543,-10.976036343026053,
2010-10-04,True,2010-08-06,112.392,113.75,1.2082710513203754,2.1748878923766757,111.38074463308622,126.79974874334543,-12.1601219742704,
2010-10-05,True,2010-08-06,112.392,116.04,3.245782617979942,5.842408712363896,115.37870546586736,126.79974874334543,-9.007149770142952,
2010-10-06,True,2010-08-06,112.392,116.03,3.2368851875578475,5.8263933376041255,115.3612471216194,126.79974874334543,-9.020918207715567,
2010-10-07,True,2010-08-06,112.392,115.89,3.1123211616485236,5.602178090967342,115.11683030214806,126.79974874334543,-9.21367633373209,
2010-10-08,True,2010-08-06,112.392,116.5375,3.6884297814790967,6.639173606662374,116.24725809220293,126.79974874334543,-8.322170000905704,
2010-10-11,True,2010-08-06,112.392,116.65,3.788525873727666,6.819346572709799,116.44366446499241,126.79974874334543,-8.167275078213843,
2010-10-12,True,2010-08-06,112.392,117.01,4.1088333689230705,7.395900064061527,117.07216485791872,126.79974874334543,-7.671611325599903,
2010-10-13,True,2010-08-06,112.392,117.92,4.9184995373336315,8.853299167200538,118.6608741844824,126.79974874334543,-6.418683506492496,
2010-10-14,True,2010-08-06,112.392,117.46,4.5092177379172815,8.116591928251108,117.85779034907654,126.79974874334543,-7.0520316348325345,
2010-10-15,True,2010-08-06,112.392,117.7,4.722756068047551,8.500960922485593,118.27679061102742,126.79974874334543,-6.7215891330899,
2010-10-18,True,2010-08-06,112.392,117.7,4.722756068047551,8.500960922485593,118.27679061102742,126.79974874334543,-6.7215891330899,
2010-10-19,True,2010-08-06,112.392,116.73,3.8597053171044227,6.947469570787961,116.58333121897603,126.79974874334543,-8.057127577632972,
2010-10-20,True,2010-08-06,112.392,117.87,4.874012385223159,8.773222293401686,118.57358246324263,126.79974874334543,-6.487525694355545,
2010-10-21,True,2010-08-06,112.392,118.13,5.105345576197595,9.189622037155672,119.02749941368936,126.79974874334543,-6.129546317467738,
2010-10-22,True,2010-08-06,112.392,118.347,5.298419816357036,9.537155669442665,119.40634548386991,126.79974874334543,-5.83077122214214,
2010-10-25,True,2010-08-06,112.392,118.7,5.612499110256963,10.102498398462535,120.02262503582264,126.79974874334543,-5.34474537582903,
2010-10-26,True,2010-08-06,112.392,118.72,5.630293971101152,10.134529147982075,120.05754172431855,126.79974874334543,-5.317208500683812,
2010-10-27,True,2010-08-06,112.392,118.38,5.327781336749937,9.590006406149888,119.46395801988814,126.79974874334543,-5.785335378152534,
2010-10-28,True,2010-08-06,112.392,118.4,5.3455761975941485,9.622037155669467,119.4988747083841,126.79974874334543,-5.757798503007283,
2010-10-29,True,2010-08-06,112.392,118.49,5.425653071392977,9.76617552850736,119.65599980661563,126.79974874334543,-5.633882564853831,
2010-11-01,True,2010-08-06,112.392,118.53,5.461242793081356,9.83023702754644,119.72583318360745,126.79974874334543,-5.578808814563385,
2010-11-02,True,2010-08-06,112.392,119.475,6.302049967969259,11.343689942344666,121.37564671503897,126.79974874334543,-4.277691463951838,
2010-11-03,True,2010-08-06,112.392,119.95,6.724677913018717,12.104420243433692,122.20491806681667,126.79974874334543,-3.6236906792529444,
2010-11-04,True,2010-08-06,112.392,122.26,8.779984340522473,15.803971812940452,126.23779558809369,126.79974874334543,-0.4431815999802913,
2010-11-05,True,2010-08-06,112.392,122.725,9.193714855149837,16.54868673926971,127.04960859562345,127.04960859562345,0.0,
2010-11-08,True,2010-08-06,112.392,122.49,8.984625240230626,16.17232543241513,126.63933750579659,127.04960859562345,-0.3229219628158697,
2010-11-09,True,2010-08-06,112.392,121.61,8.201651363086349,14.762972453555427,125.10300321197677,127.04960859562345,-1.5321616533604532,
2010-11-10,True,2010-08-06,112.392,122.1,8.63762545376896,15.547725816784128,125.95846208012644,127.04960859562345,-0.8588350074890339,
2010-11-11,True,2010-08-06,112.392,121.635,8.223894939141573,14.803010890454832,125.14664907259665,127.04960859562345,-1.497808253060895,
2010-11-12,True,2010-08-06,112.392,120.198,6.9453341874866625,12.501601537475993,122.63788500416591,127.04960859562345,-3.4724417022796827,
2010-11-15,True,2010-08-06,112.392,120.03,6.795857356395474,12.232543241511854,122.3445848208003,127.04960859562345,-3.7032965522927452,
2010-11-16,True,2010-08-06,112.392,118.16,5.132037867463879,9.237668161434982,119.07987444643322,127.04960859562345,-6.272930894699957,
2010-11-17,True,2010-08-06,112.392,118.218,5.183642963912027,9.33055733504165,119.18113284307134,127.04960859562345,-6.193231006004973,
2010-11-18,True,2010-08-06,112.392,119.9575,6.731350985835283,12.116431774503509,122.21801182500262,127.04960859562345,-3.8029214131614975,
2010-11-19,True,2010-08-06,112.392,120.29,7.0271905473699325,12.64894298526588,122.79850177124709,127.04960859562345,-3.346021189177284,
2010-11-22,True,2010-08-06,112.392,120.19,6.938216243148987,12.488789237668177,122.62391832876756,127.04960859562345,-3.483434790375539,
2010-11-23,True,2010-08-06,112.392,118.4475,5.387838992099092,9.698110185778367,119.58180184356188,127.04960859562345,-5.877866791254971,
2010-11-24,True,2010-08-06,112.392,120.2,6.9471136735710814,12.504804612427947,122.64137667301551,127.04960859562345,-3.4696934302557048,
2010-11-26,True,2010-08-06,112.392,118.8,5.701473414477909,10.262652146060237,120.19720847830217,127.04960859562345,-5.3934838470311774,
2010-11-29,True,2010-08-06,112.392,119.162,6.02356039575771,10.842408712363879,120.82920054007805,127.04960859562345,-4.896046610693516,
2010-11-30,True,2010-08-06,112.392,118.4925,5.427877428998507,9.770179372197312,119.66036439267762,127.04960859562345,-5.816030670715799,
2010-12-01,True,2010-08-06,112.392,121.01,7.667805537760697,13.802049967969255,124.05550255709963,127.04960859562345,-2.356643260549929,
2010-12-02,True,2010-08-06,112.392,122.56,9.046907253185289,16.28443305573352,126.76154591553225,127.04960859562345,-0.22673244197709552,
2010-12-03,True,2010-08-06,112.392,122.89,9.340522457114385,16.812940422805895,127.33767127571467,127.33767127571467,0.0,
2010-12-06,True,2010-08-06,112.392,122.76,9.22485586162718,16.604740550928923,127.11071280049133,127.33767127571467,-0.1782335682360081,
2010-12-07,True,2010-08-06,112.392,122.83,9.28713787458182,16.716848174247275,127.23292121022695,127.33767127571467,-0.08226164687817894,
2010-12-08,True,2010-08-06,112.392,123.28,9.687522243576051,17.437540038436893,128.0185467013848,128.0185467013848,0.0,
2010-12-09,True,2010-08-06,112.392,123.76,10.11459890383659,18.206278026905863,128.85654722528656,128.85654722528656,0.0,
2010-12-10,True,2010-08-06,112.392,124.48,10.755213894227357,19.35938500960924,130.11354801113907,130.11354801113907,0.0,
2010-12-13,True,2010-08-06,112.392,124.56,10.826393337604113,19.487508007687403,130.25321476512272,130.25321476512272,0.0,
2010-12-14,True,2010-08-06,112.392,124.67,10.924265072247131,19.663677130044835,130.44525655185018,130.44525655185018,0.0,
2010-12-15,True,2010-08-06,112.392,124.098,10.415332052103366,18.74759769378606,129.44663926086733,130.44525655185018,-0.7655451163039562,
2010-12-16,True,2010-08-06,112.392,124.82,11.057726528578549,19.903907751441388,130.70713171556946,130.70713171556946,0.0,
2010-12-17,True,2010-08-06,112.392,124.3,10.595060146629653,19.071108263933375,129.79929781467592,130.70713171556946,-0.6945557514559053,
2010-12-20,True,2010-08-06,112.392,124.6,10.861983059292468,19.551569506726445,130.3230481421145,130.70713171556946,-0.29385051023135267,
2010-12-21,True,2010-08-06,112.392,125.39,11.564880062637917,20.816784112748252,131.70225733770275,131.70225733770275,0.0,
2010-12-22,True,2010-08-06,112.392,125.78,11.911879849099583,21.44138372837925,132.38313276337288,132.38313276337288,0.0,
2010-12-23,True,2010-08-06,112.392,125.6,11.75172610150188,21.153106982703385,132.06888256690974,132.38313276337288,-0.2373793321728157,
2010-12-27,True,2010-08-06,112.392,125.65,11.796213253612375,21.233183856502276,132.15617428814954,132.38313276337288,-0.17144062879144162,
2010-12-28,True,2010-08-06,112.392,125.83,11.956367001210054,21.5214606021781,132.47042448461266,132.47042448461266,0.0,
2010-12-29,True,2010-08-06,112.392,125.92,12.036443875008906,21.66559897501603,132.62754958284424,132.62754958284424,0.0,
2010-12-30,True,2010-08-06,112.392,125.72,11.858495266567015,21.345291479820627,132.27838269788518,132.62754958284424,-0.2632687447346349,
2010-12-31,True,2010-08-06,112.392,125.75,11.885187557833298,21.393337604099937,132.33075773062902,132.62754958284424,-0.22377843302445743,
2011-01-03,True,2010-08-06,112.392,127.05,13.041853512705526,23.475336322869946,134.60034248286283,134.60034248286283,0.0,
2011-01-04,True,2010-08-06,112.392,126.98,12.979571499750886,23.363228699551595,134.47813407312717,134.60034248286283,-0.09079353550026648,
2011-01-05,True,2010-08-06,112.392,127.64,13.566801907609083,24.42024343369635,135.63038479349203,135.63038479349203,0.0,
2011-01-06,True,2010-08-06,112.392,127.39,13.344366147056741,24.019859064702135,135.19392618729324,135.63038479349203,-0.32180002059518653,
2011-01-07,True,2010-08-06,112.392,127.14,13.121930386504378,23.61947469570788,134.7574675810944,135.63038479349203,-0.6436000411904064,
2011-01-10,True,2010-08-06,112.392,126.98,12.979571499750886,23.363228699551595,134.47813407312717,135.63038479349203,-0.8495520543713386,
2011-01-11,True,2010-08-06,112.392,127.43,13.37995586874512,24.083920563741216,135.26375956428504,135.63038479349203,-0.27031201729995624,
2011-01-12,True,2010-08-06,112.392,128.58,14.403160367285949,25.92568866111471,137.27146915279957,137.27146915279957,0.0,
2011-01-13,True,2010-08-06,112.392,128.3675,14.214089970816435,25.585361947469583,136.90047933753056,137.27146915279957,-0.27025995828460214,
2011-01-14,True,2010-08-06,112.392,129.3,15.043775357676715,27.078795643818086,138.52846993865214,138.52846993865214,0.0,
2011-01-18,True,2010-08-06,112.392,129.52,15.239518826962794,27.43113388853303,138.9125535121071,138.9125535121071,0.0,
2011-01-19,True,2010-08-06,112.392,128.25,14.10954516335683,25.397181294042294,136.6953437926171,138.9125535121071,-1.5961190428313232,
2011-01-20,True,2010-08-06,112.392,128.08,13.958288846181244,25.12491992312624,136.39855194040197,138.9125535121071,-1.809772772974061,
2011-01-21,True,2010-08-06,112.392,128.37,14.216314328421964,25.589365791159537,136.90484392359255,138.9125535121071,-1.4453046450834783,
2011-01-24,True,2010-08-06,112.392,129.1,14.865826749234824,26.758488148622682,138.17930305369308,138.9125535121071,-0.5278503921174571,
2011-01-25,True,2010-08-06,112.392,129.17,14.928108762189463,26.870595771941034,138.30151146342868,138.9125535121071,-0.43987532676459384,
2011-01-26,True,2010-08-06,112.392,129.67,15.372980283294169,27.671364509929504,139.1744286758263,139.1744286758263,0.0,
2011-01-27,True,2010-08-06,112.392,129.99,15.657698056801216,28.18385650224219,139.73309569176087,139.73309569176087,0.0,
2011-01-28,True,2010-08-06,112.392,127.72,13.63798135098584,24.54836643177451,135.77005154747565,139.73309569176087,-2.8361528274070125,
2011-01-31,True,2010-08-06,112.392,128.68,14.492134671506873,26.085842408712374,137.44605259527907,139.73309569176087,-1.6367225567855526,
2011-02-01,True,2010-08-06,112.392,130.74,16.325005338458265,29.385009609224877,141.04247151035725,141.04247151035725,0.0,
2011-02-02,True,2010-08-06,112.392,130.485,16.098120862694863,28.976617552850755,140.59728373203447,141.04247151035725,-0.3156409367727875,
2011-02-03,True,2010-08-06,112.392,130.78,16.360595060146643,29.449071108263958,141.11230488734907,141.11230488734907,0.0,
2011-02-04,True,2010-08-06,112.392,131.15,16.689799985764118,30.041639974375414,141.7582636245233,141.7582636245233,0.0,
2011-02-07,True,2010-08-06,112.392,131.97,17.41938928037583,31.3549007046765,143.1898478528554,143.1898478528554,0.0,
2011-02-08,True,2010-08-06,112.392,132.57,17.95323510570148,32.31582319026267,144.23734850773252,144.23734850773252,0.0,
2011-02-09,True,2010-08-06,112.392,132.269,17.685422449996445,31.8337604099936,143.71185234586915,144.23734850773252,-0.3643273862838692,
2011-02-10,True,2010-08-06,112.392,132.321,17.731689088191338,31.91704035874441,143.80263573595852,144.23734850773252,-0.30138710692584336,
2011-02-11,True,2010-08-06,112.392,133.11,18.433696348494564,33.18065342729022,145.18009909712197,145.18009909712197,0.0,
2011-02-14,True,2010-08-06,112.392,133.43,18.71841412200157,33.69314541960283,145.7387661130564,145.7387661130564,0.0,
2011-02-15,True,2010-08-06,112.392,133.01,18.34472204427362,33.02049967969252,145.00551565464244,145.7387661130564,-0.5031265722705291,
2011-02-16,True,2010-08-06,112.392,133.85,19.09210619972952,34.36579115951314,146.4720165714704,146.4720165714704,0.0,
2011-02-17,True,2010-08-06,112.392,134.25,19.44800341661328,35.0064061499039,147.1703503413885,147.1703503413885,0.0,
2011-02-18,True,2010-08-06,112.392,134.53,19.697131468431927,35.45483664317747,147.6591839803312,147.6591839803312,0.0,
2011-02-22,True,2010-08-06,112.392,131.83,17.294825254466527,31.13068545803975,142.9454310333841,147.6591839803312,-3.192319515713282,
2011-02-23,True,2010-08-06,112.392,131.02,16.57413339027689,29.833440102498404,141.5313051492999,147.6591839803312,-4.150015370427318,
2011-02-24,True,2010-08-06,112.392,130.93,16.49405651647806,29.68930172966051,141.37418005106838,147.6591839803312,-4.256426020951054,
2011-02-25,True,2010-08-06,112.392,132.33,17.739696775571232,31.93145419602822,143.8183482457817,147.6591839803312,-2.601149235025646,
2011-02-28,True,2010-08-06,112.392,133.15,18.469286070182946,33.2447149263293,145.24993247411376,147.6591839803312,-1.6316299746979235,
2011-03-01,True,2010-08-06,112.392,130.93,16.49405651647806,29.68930172966051,141.37418005106838,147.6591839803312,-4.256426020951054,
2011-03-02,True,2010-08-06,112.392,131.21,16.743184568296687,30.137732222934037,141.863013690011,147.6591839803312,-3.9253706637660035,
2011-03-03,True,2010-08-06,112.392,133.47,18.754003843689947,33.757206918641906,145.80859949004824,147.6591839803312,-1.253280995057826,
2011-03-04,True,2010-08-06,112.392,132.47,17.864260801480537,32.155669442664966,144.062765065253,147.6591839803312,-2.435621556433132,
2011-03-07,True,2010-08-06,112.392,131.43,16.938928037582745,30.49007046764894,142.24709726346595,147.6591839803312,-3.66525574026344,
2011-03-08,True,2010-08-06,112.392,132.58,17.962132536123576,32.33183856502244,144.25480685198048,147.6591839803312,-2.3055640946818445,
2011-03-09,True,2010-08-06,112.392,132.39,17.79308135810378,32.027546444586804,143.92309831126937,147.6591839803312,-2.530208801343159,
2011-03-10,True,2010-08-06,112.392,129.9375,15.610986547085215,28.099775784753387,139.6414393844591,147.6591839803312,-5.429899028116059,
2011-03-11,True,2010-08-06,112.392,130.84,16.41397964267921,29.545163356822577,141.21705495283678,147.6591839803312,-4.362836671474857,
2011-03-14,True,2010-08-06,112.392,130.05,15.711082639333785,28.279948750800813,139.83784575724857,147.6591839803312,-5.296885714961319,
2011-03-15,True,2010-08-06,112.392,128.56,14.385365506441739,25.89365791159513,137.23655246430363,147.6591839803312,-7.0585731514105525,
2011-03-16,True,2010-08-06,112.392,126.175,12.263328350772307,22.073991031390154,133.07273736116701,147.6591839803312,-9.87845539029063,
2011-03-17,True,2010-08-06,112.392,127.85,13.75364794647307,24.756566303651525,135.99701002269904,147.6591839803312,-7.898034949986988,
2011-03-18,True,2010-08-06,112.392,127.76,13.673571072674218,24.612427930813592,135.83988492446747,147.6591839803312,-8.004445600510767,
2011-03-21,True,2010-08-06,112.392,129.74,15.435262296248853,27.783472133247937,139.29663708556203,147.6591839803312,-5.663411288987685,
2011-03-22,True,2010-08-06,112.392,129.29,15.034877927254598,27.062780269058276,138.51101159440412,147.6591839803312,-6.195464541606599,
2011-03-23,True,2010-08-06,112.392,129.66,15.364082852872096,27.655349135169775,139.1569703315784,147.6591839803312,-5.757998533897702,
2011-03-24,True,2010-08-06,112.392,130.9,16.467364225211778,29.6412556053812,141.3218050183245,147.6591839803312,-4.291896237792326,
2011-03-25,True,2010-08-06,112.392,131.3,16.82326144209554,30.28187059577197,142.02013878824258,147.6591839803312,-3.818960013242223,
2011-03-28,True,2010-08-06,112.392,130.98,16.538543668588513,29.769378603459323,141.46147177230807,147.6591839803312,-4.197308992882343,
2011-03-29,True,2010-08-06,112.392,131.86,17.32151754573281,31.17873158231906,142.99780606612794,147.6591839803312,-3.156849298872033,
2011-03-30,True,2010-08-06,112.392,132.77,18.131183714143372,32.63613068545807,144.5865153926916,147.6591839803312,-2.080919388020508,
2011-03-31,True,2010-08-06,112.392,132.59,17.97102996654567,32.34785393978221,144.27226519622843,147.6591839803312,-2.293740689068091,
2011-04-01,True,2010-08-06,112.392,133.15,18.469286070182946,33.2447149263293,145.24993247411376,147.6591839803312,-1.6316299746979235,
2011-04-04,True,2010-08-06,112.392,133.26,18.56715780482596,33.42088404868673,145.44197426084122,147.6591839803312,-1.5015725129466473,
2011-04-05,True,2010-08-06,112.392,133.24,18.549362943981794,33.38885329916723,145.40705757234534,147.6591839803312,-1.525219324174143,
2011-04-06,True,2010-08-06,112.392,133.66,18.92305502170972,34.0614990390775,146.14030803075931,147.6591839803312,-1.0286362883965228,
2011-04-07,True,2010-08-06,112.392,133.32,18.62054238735853,33.51697629724536,145.54672432632893,147.6591839803312,-1.430632079264138,
2011-04-08,True,2010-08-06,112.392,132.86,18.211260587942224,32.78026905829601,144.74364049092318,147.6591839803312,-1.9745087374967274,
2011-04-11,True,2010-08-06,112.392,132.46,17.85536337105844,32.1396540679052,144.04530672100503,147.6591839803312,-2.447444962046885,
2011-04-12,True,2010-08-06,112.392,131.47,16.974517759271123,30.554131966688022,142.31693064045777,147.6591839803312,-3.6179621178084265,
2011-04-13,True,2010-08-06,112.392,131.46,16.965620328849027,30.53811659192825,142.29947229620979,147.6591839803312,-3.629785523422191,
2011-04-14,True,2010-08-06,112.392,131.56,17.054594633069975,30.698270339525955,142.47405573868932,147.6591839803312,-3.511551467284657,
2011-04-15,True,2010-08-06,112.392,132.04,17.481671293330493,31.467008327994886,143.31205626259106,147.6591839803312,-2.9440279978244943,
2011-04-18,True,2010-08-06,112.392,130.56,16.164851590860565,29.09673286354902,140.7282213138941,147.6591839803312,-4.693892028659952,
2011-04-19,True,2010-08-06,112.392,131.31,16.83215887251763,30.297885970531738,142.03759713249053,147.6591839803312,-3.8071366076284696,
2011-04-20,True,2010-08-06,112.392,133.1,18.424798918072447,33.16463805253041,145.16264075287395,147.6591839803312,-1.6907470027667126,
2011-04-21,True,2010-08-06,112.392,133.78,19.029824186774857,34.25368353619474,146.34980816173476,147.6591839803312,-0.8867554210314821,
2011-04-25,True,2010-08-06,112.392,133.64,18.905260160865534,34.02946828955796,146.1053913422634,147.6591839803312,-1.0522830996240407,
2011-04-26,True,2010-08-06,112.392,134.791,19.929354402448585,35.872837924407456,148.11484676520274,148.11484676520274,0.0,
2011-04-27,True,2010-08-06,112.392,135.67,20.71143853655064,37.28058936579116,149.6494352245977,149.6494352245977,0.0,
2011-04-28,True,2010-08-06,112.392,136.11,21.102925475122802,37.985265855221044,150.41760237150766,150.41760237150766,0.0,
2011-04-29,True,2010-08-06,112.392,136.43,21.387643248629807,38.497757847533656,150.97626938744213,150.97626938744213,0.0,
2011-05-02,True,2010-08-06,112.392,136.22,21.20079720976582,38.16143497757848,150.6096441582351,150.97626938744213,-0.24283632831473279,
2011-05-03,True,2010-08-06,112.392,135.73,20.76482311908321,37.37668161434978,149.75418529008545,150.97626938744213,-0.8094544277157389,
2011-05-04,True,2010-08-06,112.392,134.83,19.964054381094765,35.93529788597058,148.18293430776978,150.97626938744213,-1.850181549064489,
2011-05-05,True,2010-08-06,112.392,133.61,18.878567869599273,33.981422165278694,146.05301630951956,150.97626938744213,-3.260944980226188,
2011-05-06,True,2010-08-06,112.392,134.2,19.403516264502805,34.92632927610505,147.08305862014873,150.97626938744213,-2.578690534008665,
2011-05-09,True,2010-08-06,112.392,134.72,19.8661826464517,35.75912876361306,147.99089252104227,150.97626938744213,-1.977381530562694,
2011-05-10,True,2010-08-06,112.392,135.87,20.889387144992533,37.60089686098656,149.99860210955677,150.97626938744213,-0.6475635421725912,
2011-05-11,True,2010-08-06,112.392,134.44,19.617054594633075,35.310698270339536,147.50205888209962,150.97626938744213,-2.3011633016489785,
2011-05-12,True,2010-08-06,112.392,135.08,20.186490141647106,36.335682254964794,148.61939291396857,150.97626938744213,-1.5610906820231696,
2011-05-13,True,2010-08-06,112.392,134.04,19.261157377749292,34.67008327994873,146.8037251121815,150.97626938744213,-2.763708688915123,
2011-05-16,True,2010-08-06,112.392,133.19,18.5048757918713,33.30877642536834,145.31976585110553,150.97626938744213,-3.7466176368556425,
2011-05-17,True,2010-08-06,112.392,133.17,18.487080931027112,33.2767456758488,145.28484916260962,150.97626938744213,-3.7697449062189636,
2011-05-18,True,2010-08-06,112.392,134.36,19.545875151256343,35.18257527226142,147.36239212811603,150.97626938744213,-2.393672379102185,
2011-05-19,True,2010-08-06,112.392,134.68,19.830592924763344,35.69506726457402,147.9210591440505,150.97626938744213,-2.0236360692892807,
2011-05-20,True,2010-08-06,112.392,133.61,18.878567869599273,33.981422165278694,146.05301630951956,150.97626938744213,-3.260944980226188,
2011-05-23,True,2010-08-06,112.392,132.06,17.49946615417468,31.499039077514425,143.34697295108697,150.97626938744213,-5.053308355882413,
2011-05-24,True,2010-08-06,112.392,131.95,17.40159441953164,31.322869955156953,143.15493116435948,150.97626938744213,-5.180508337380607,
2011-05-25,True,2010-08-06,112.392,132.39,17.79308135810378,32.027546444586804,143.92309831126937,150.97626938744213,-4.6717084113878755,
2011-05-26,True,2010-08-06,112.392,133.0,18.335824613851525,33.004484304932745,144.98805731039448,150.97626938744213,-3.966326695807032,
2011-05-27,True,2010-08-06,112.392,133.51,18.789593565378304,33.82126841768095,145.87843286703998,150.97626938744213,-3.3765813270427603,
2011-05-31,True,2010-08-06,112.392,134.9,20.026336394049405,36.04740550928893,148.30514271750542,150.97626938744213,-1.7692361062929374,
2011-06-01,True,2010-08-06,112.392,131.87,17.330414976154884,31.19474695707879,143.01526441037586,150.97626938744213,-5.273017414833836,
2011-06-02,True,2010-08-06,112.392,131.73,17.205850950245562,30.970531710442014,142.7708475909045,150.97626938744213,-5.4349083003769945,
2011-06-03,True,2010-08-06,112.392,130.42,16.04028756495124,28.87251761691223,140.48380449442274,150.97626938744213,-6.949744443673566,
2011-06-06,True,2010-08-06,112.392,129.045,14.816890881913292,26.670403587443925,138.0832821603293,150.97626938744213,-8.53974421240087,
2011-06-07,True,2010-08-06,112.392,128.96,14.741262723325521,26.53427290198594,137.93488623422175,150.97626938744213,-8.638035107194886,
2011-06-08,True,2010-08-06,112.392,128.42,14.260801480532415,25.669442664958346,136.99213564483227,150.97626938744213,-9.26247138000419,
2011-06-09,True,2010-08-06,112.392,129.4,15.132749661897659,27.238949391415787,138.70305338113167,150.97626938744213,-8.129235181202144,
2011-06-10,True,2010-08-06,112.392,127.6,13.531212185920705,24.35618193465727,135.5605514165002,150.97626938744213,-10.210689423899733,
2011-06-13,True,2010-08-06,112.392,127.7,13.62018649014165,24.516335682254972,135.73513485897973,150.97626938744213,-10.095053077083193,
2011-06-14,True,2010-08-06,112.392,129.32,15.061570218520881,27.110826393337586,138.563386627148,150.97626938744213,-8.221744258655406,
2011-06-15,True,2010-08-06,112.392,127.02,13.015161221439243,23.427290198590637,134.54796745011896,150.97626938744213,-10.881380235435623,
2011-06-16,True,2010-08-06,112.392,127.3,13.26428927325789,23.875720691864203,135.03680108906167,150.97626938744213,-10.557598464349304,
2011-06-17,True,2010-08-06,112.392,127.05,13.041853512705526,23.475336322869946,134.60034248286283,150.97626938744213,-10.846689331390657,
2011-06-20,True,2010-08-06,112.392,127.7,13.62018649014165,24.516335682254972,135.73513485897973,150.97626938744213,-10.095053077083193,
2011-06-21,True,2010-08-06,112.392,129.45,15.177236814008111,27.3190262652146,138.7903451023714,150.97626938744213,-8.071417007793901,
2011-06-22,True,2010-08-06,112.392,128.67,14.48323724108478,26.069827033952603,137.42859425103111,150.97626938744213,-8.973380512962837,
2011-06-23,True,2010-08-06,112.392,128.301,14.1549220585095,25.478859705317102,136.78438134828164,150.97626938744213,-9.400078632715857,
2011-06-24,True,2010-08-06,112.392,126.81,12.828315182575277,23.0909673286355,134.18134222091197,150.97626938744213,-11.124216563750334,
2011-06-27,True,2010-08-06,112.392,127.94,13.833724820271897,24.900704676489415,136.15413512093056,150.97626938744213,-9.81752584472354,
2011-06-28,True,2010-08-06,112.392,129.61,15.319595700761646,27.575272261370962,139.06967861033866,150.97626938744213,-7.886398852887433,
2011-06-29,True,2010-08-06,112.392,130.72,16.307210477614078,29.352978859705342,141.00755482186136,150.97626938744213,-6.6028354032239385,
2011-06-30,True,2010-08-06,112.392,131.97,17.41938928037583,31.3549007046765,143.1898478528554,150.97626938744213,-5.157381068017298,
2011-07-01,True,2010-08-06,112.392,133.92,19.15438821268416,34.47789878283149,146.59422498120605,150.97626938744213,-2.902472305094961,
2011-07-05,True,2010-08-06,112.392,133.81,19.05651647804114,34.30172966047405,146.4021831944786,150.97626938744213,-3.0296722865931436,
2011-07-06,True,2010-08-06,112.392,133.97,19.198875364794652,34.557975656630376,146.68151670244583,150.97626938744213,-2.844654131686686,
2011-07-07,True,2010-08-06,112.392,135.36,20.435618193465753,36.78411274823836,149.10822655291128,150.97626938744213,-1.2373089109368518,
2011-07-08,True,2010-08-06,112.392,134.4,19.5814648729447,35.24663677130046,147.4322255051078,150.97626938744213,-2.3474178403755985,
2011-07-11,True,2010-08-06,112.392,131.97,17.41938928037583,31.3549007046765,143.1898478528554,150.97626938744213,-5.157381068017298,
2011-07-12,True,2010-08-06,112.392,131.4,16.912235746316483,30.44202434336967,142.19472223072214,150.97626938744213,-5.81650824487151,
2011-07-13,True,2010-08-06,112.392,131.84,17.3037226848886,31.146700832799482,142.962889377632,150.97626938744213,-5.307708318878801,
2011-07-14,True,2010-08-06,112.392,130.93,16.49405651647806,29.68930172966051,141.37418005106838,150.97626938744213,-6.359999074909206,
2011-07-15,True,2010-08-06,112.392,131.69,17.170261228557205,30.90647021140297,142.70101421391274,150.97626938744213,-5.481162839103582,
2011-07-18,True,2010-08-06,112.392,130.61,16.209338742971035,29.176809737347863,140.81551303513388,150.97626938744213,-6.730035384722122,
2011-07-19,True,2010-08-06,112.392,132.73,18.095593992454972,32.57206918641895,144.51668201569973,150.97626938744213,-4.278544832211684,
2011-07-20,True,2010-08-06,112.392,132.65,18.024414549078237,32.44394618834083,144.37701526171617,150.97626938744213,-4.371053909664879,
2011-07-21,True,2010-08-06,112.392,134.49,19.66154174674355,35.39077514413839,147.58935060333937,150.97626938744213,-2.2433451282407146,
2011-07-22,True,2010-08-06,112.392,134.58,19.7416186205424,35.534913516976324,147.74647570157097,150.97626938744213,-2.1392724161058196,
2011-07-25,True,2010-08-06,112.392,133.83,19.07431133888535,34.33376040999364,146.43709988297454,150.97626938744213,-3.0065450172298114,
2011-07-26,True,2010-08-06,112.392,133.33,18.629439817780646,33.53299167200517,145.56418267057694,150.97626938744213,-3.5847267513124503,
2011-07-27,True,2010-08-06,112.392,130.6,16.20044131254894,29.160794362588092,140.79805469088592,150.97626938744213,-6.741599019403777,
2011-07-28,True,2010-08-06,112.392,130.22,15.862338956509369,28.552210121716865,140.13463760946374,150.97626938744213,-7.1810171373066005,
2011-07-29,True,2010-08-06,112.392,129.33,15.070467648942998,27.126841768097396,138.58084497139598,150.97626938744213,-8.210180623973729,
2011-08-01,True,2010-08-06,112.392,128.78,14.581108975727819,26.245996156310074,137.6206360377586,150.97626938744213,-8.846180531464654,
2011-08-02,True,2010-08-06,112.392,132.57,17.95323510570148,32.31582319026267,144.23734850773252,150.97626938744213,-4.463562987118119,
2011-08-03,True,2010-08-06,112.392,126.17,12.258879635561248,22.06598334401025,133.06400818904302,150.97626938744213,-11.864289183376131,
2011-08-04,True,2010-08-06,112.392,120.26,7.000498256103649,12.600896860986568,122.74612673850324,150.97626938744213,-18.698397280233113,RAW_DECISION
2011-08-05,False,,,120.08,,,122.74612673850324,150.97626938744213,-18.698397280233113,
2011-08-08,False,,,112.26,,,122.74612673850324,150.97626938744213,-18.698397280233113,
2011-08-09,False,,,117.48,,,122.74612673850324,150.97626938744213,-18.698397280233113,
2011-08-10,False,,,112.29,,,122.74612673850324,150.97626938744213,-18.698397280233113,
2011-08-11,False,,,117.33,,,122.74612673850324,150.97626938744213,-18.698397280233113,
2011-08-12,False,,,118.12,,,122.74612673850324,150.97626938744213,-18.698397280233113,
2011-08-15,False,,,120.62,,,122.74612673850324,150.97626938744213,-18.698397280233113,
2011-08-16,False,,,119.59,,,122.74612673850324,150.97626938744213,-18.698397280233113,
2011-08-17,False,,,119.67,,,122.74612673850324,150.97626938744213,-18.698397280233113,
2011-08-18,False,,,114.51,,,122.74612673850324,150.97626938744213,-18.698397280233113,
2011-08-19,False,,,112.64,,,122.74612673850324,150.97626938744213,-18.698397280233113,
2011-08-22,False,,,112.73,,,122.74612673850324,150.97626938744213,-18.698397280233113,
2011-08-23,False,,,116.44,,,122.74612673850324,150.97626938744213,-18.698397280233113,
2011-08-24,False,,,118.08,,,122.74612673850324,150.97626938744213,-18.698397280233113,
2011-08-25,False,,,116.28,,,122.74612673850324,150.97626938744213,-18.698397280233113,
2011-08-26,False,,,117.97,,,122.74612673850324,150.97626938744213,-18.698397280233113,
2011-08-29,False,,,121.36,,,122.74612673850324,150.97626938744213,-18.698397280233113,
2011-08-30,False,,,121.68,,,122.74612673850324,150.97626938744213,-18.698397280233113,
2011-08-31,False,,,122.22,,,122.74612673850324,150.97626938744213,-18.698397280233113,
2011-09-01,False,,,120.94,,,122.74612673850324,150.97626938744213,-18.698397280233113,
2011-09-02,False,,,117.85,,,122.74612673850324,150.97626938744213,-18.698397280233113,
2011-09-06,False,,,116.99,,,122.74612673850324,150.97626938744213,-18.698397280233113,
2011-09-07,False,,,120.29,,,122.74612673850324,150.97626938744213,-18.698397280233113,
2011-09-08,False,,,119.04,,,122.74612673850324,150.97626938744213,-18.698397280233113,
2011-09-09,False,,,115.92,,,122.74612673850324,150.97626938744213,-18.698397280233113,
2011-09-12,False,,,116.67,,,122.74612673850324,150.97626938744213,-18.698397280233113,
2011-09-13,False,,,117.74,,,122.74612673850324,150.97626938744213,-18.698397280233113,
2011-09-14,False,,,119.37,,,122.74612673850324,150.97626938744213,-18.698397280233113,
2011-09-15,False,,,121.43,,,122.74612673850324,150.97626938744213,-18.698397280233113,
2011-09-16,False,,,121.521,,,122.74612673850324,150.97626938744213,-18.698397280233113,
2011-09-19,False,,,120.31,,,122.74612673850324,150.97626938744213,-18.698397280233113,
2011-09-20,False,,,120.17,,,122.74612673850324,150.97626938744213,-18.698397280233113,
2011-09-21,False,,,116.63,,,122.74612673850324,150.97626938744213,-18.698397280233113,
2011-09-22,False,,,112.86,,,122.74612673850324,150.97626938744213,-18.698397280233113,
2011-09-23,False,,,113.54,,,122.74612673850324,150.97626938744213,-18.698397280233113,
2011-09-26,False,,,116.24,,,122.74612673850324,150.97626938744213,-18.698397280233113,
2011-09-27,False,,,117.54,,,122.74612673850324,150.97626938744213,-18.698397280233113,
2011-09-28,False,,,115.145,,,122.74612673850324,150.97626938744213,-18.698397280233113,
2011-09-29,False,,,116.05,,,122.74612673850324,150.97626938744213,-18.698397280233113,
2011-09-30,False,,,113.15,,,122.74612673850324,150.97626938744213,-18.698397280233113,
2011-10-03,False,,,109.93,,,122.74612673850324,150.97626938744213,-18.698397280233113,
2011-10-04,False,,,112.34,,,122.74612673850324,150.97626938744213,-18.698397280233113,
2011-10-05,False,,,114.42,,,122.74612673850324,150.97626938744213,-18.698397280233113,
2011-10-06,False,,,116.49,,,122.74612673850324,150.97626938744213,-18.698397280233113,
2011-10-07,False,,,115.71,,,122.74612673850324,150.97626938744213,-18.698397280233113,
2011-10-10,False,,,119.58,,,122.74612673850324,150.97626938744213,-18.698397280233113,
2011-10-11,False,,,119.7,,,122.74612673850324,150.97626938744213,-18.698397280233113,
2011-10-12,False,,,120.75,,,122.74612673850324,150.97626938744213,-18.698397280233113,
2011-10-13,False,,,120.51,,,122.74612673850324,150.97626938744213,-18.698397280233113,
2011-10-14,False,,,122.57,,,122.74612673850324,150.97626938744213,-18.698397280233113,
2011-10-17,False,,,120.23,,,122.74612673850324,150.97626938744213,-18.698397280233113,
2011-10-18,False,,,122.58,,,122.74612673850324,150.97626938744213,-18.698397280233113,
2011-10-19,False,,,121.13,,,122.74612673850324,150.97626938744213,-18.698397280233113,
2011-10-20,False,,,121.66,,,122.74612673850324,150.97626938744213,-18.698397280233113,
2011-10-21,False,,,123.97,,,122.74612673850324,150.97626938744213,-18.698397280233113,
2011-10-24,False,,,125.49,,,122.74612673850324,150.97626938744213,-18.698397280233113,
2011-10-25,False,,,123.049,,,122.74612673850324,150.97626938744213,-18.698397280233113,
2011-10-26,False,,,124.3,,,122.74612673850324,150.97626938744213,-18.698397280233113,
2011-10-27,False,,,128.63,,,122.74612673850324,150.97626938744213,-18.698397280233113,
2011-10-28,False,,,128.6,,,122.74612673850324,150.97626938744213,-18.698397280233113,
2011-10-31,False,,,125.5,,,122.74612673850324,150.97626938744213,-18.698397280233113,
2011-11-01,False,,,122.002,,,122.74612673850324,150.97626938744213,-18.698397280233113,
2011-11-02,False,,,123.99,,,122.74612673850324,150.97626938744213,-18.698397280233113,
2011-11-03,False,,,126.25,,,122.74612673850324,150.97626938744213,-18.698397280233113,
2011-11-04,False,,,125.481,,,122.74612673850324,150.97626938744213,-18.698397280233113,
2011-11-07,False,,,126.26,,,122.74612673850324,150.97626938744213,-18.698397280233113,
2011-11-08,False,,,127.88,,,122.74612673850324,150.97626938744213,-18.698397280233113,
2011-11-09,False,,,123.161,,,122.74612673850324,150.97626938744213,-18.698397280233113,
2011-11-10,False,,,124.32,,,122.74612673850324,150.97626938744213,-18.698397280233113,
2011-11-11,False,,,126.66,,,122.74612673850324,150.97626938744213,-18.698397280233113,
2011-11-14,False,,,125.46,,,122.74612673850324,150.97626938744213,-18.698397280233113,
2011-11-15,False,,,126.083,,,122.74612673850324,150.97626938744213,-18.698397280233113,
2011-11-16,False,,,124.08,,,122.74612673850324,150.97626938744213,-18.698397280233113,
2011-11-17,False,,,122.105,,,122.74612673850324,150.97626938744213,-18.698397280233113,
2011-11-18,False,,,121.979,,,122.74612673850324,150.97626938744213,-18.698397280233113,
2011-11-21,False,,,119.661,,,122.74612673850324,150.97626938744213,-18.698397280233113,
2011-11-22,False,,,119.19,,,122.74612673850324,150.97626938744213,-18.698397280233113,
2011-11-23,False,,,116.56,,,122.74612673850324,150.97626938744213,-18.698397280233113,
2011-11-25,False,,,116.34,,,122.74612673850324,150.97626938744213,-18.698397280233113,
2011-11-28,False,,,119.71,,,122.74612673850324,150.97626938744213,-18.698397280233113,
2011-11-29,False,,,120.05,,,122.74612673850324,150.97626938744213,-18.698397280233113,
2011-11-30,False,,,124.99,,,122.74612673850324,150.97626938744213,-18.698397280233113,
2011-12-01,False,,,124.97,,,122.74612673850324,150.97626938744213,-18.698397280233113,
2011-12-02,False,,,124.86,,,122.74612673850324,150.97626938744213,-18.698397280233113,
2011-12-05,False,,,126.22,,,122.74612673850324,150.97626938744213,-18.698397280233113,
2011-12-06,False,,,126.26,,,122.74612673850324,150.97626938744213,-18.698397280233113,
2011-12-07,False,,,126.73,,,122.74612673850324,150.97626938744213,-18.698397280233113,
2011-12-08,False,,,123.95,,,122.74612673850324,150.97626938744213,-18.698397280233113,
2011-12-09,False,,,126.05,,,122.74612673850324,150.97626938744213,-18.698397280233113,
2011-12-12,False,,,124.21,,,122.74612673850324,150.97626938744213,-18.698397280233113,
2011-12-13,False,,,123.05,,,122.74612673850324,150.97626938744213,-18.698397280233113,
2011-12-14,False,,,121.74,,,122.74612673850324,150.97626938744213,-18.698397280233113,
2011-12-15,False,,,122.185,,,122.74612673850324,150.97626938744213,-18.698397280233113,
2011-12-16,False,,,121.59,,,122.74612673850324,150.97626938744213,-18.698397280233113,
2011-12-19,False,,,120.29,,,122.74612673850324,150.97626938744213,-18.698397280233113,
2011-12-20,False,,,123.93,,,122.74612673850324,150.97626938744213,-18.698397280233113,
2011-12-21,False,,,124.17,,,122.74612673850324,150.97626938744213,-18.698397280233113,
2011-12-22,False,,,125.27,,,122.74612673850324,150.97626938744213,-18.698397280233113,
2011-12-23,False,,,126.39,,,122.74612673850324,150.97626938744213,-18.698397280233113,
2011-12-27,False,,,126.49,,,122.74612673850324,150.97626938744213,-18.698397280233113,
2011-12-28,False,,,124.83,,,122.74612673850324,150.97626938744213,-18.698397280233113,
2011-12-29,False,,,126.12,,,122.74612673850324,150.97626938744213,-18.698397280233113,
2011-12-30,False,,,125.5,,,122.74612673850324,150.97626938744213,-18.698397280233113,
2012-01-03,False,,,127.495,,,122.74612673850324,150.97626938744213,-18.698397280233113,
2012-01-04,False,,,127.7,,,122.74612673850324,150.97626938744213,-18.698397280233113,
2012-01-05,False,,,128.04,,,122.74612673850324,150.97626938744213,-18.698397280233113,
2012-01-06,False,,,127.71,,,122.74612673850324,150.97626938744213,-18.698397280233113,
2012-01-09,True,2012-01-09,128.02,128.02,0.0,0.0,122.74612673850324,150.97626938744213,-18.698397280233113,
2012-01-10,True,2012-01-09,128.02,129.13,0.8670520231213841,1.5606936416184913,124.66181773384402,150.97626938744213,-17.429528336051792,
2012-01-11,True,2012-01-09,128.02,129.2,0.9217309795344297,1.6591157631619735,124.78262707589252,150.97626938744213,-17.34950957380613,
2012-01-12,True,2012-01-09,128.02,129.51,1.1638806436494065,2.0949851585689316,125.3176398763931,150.97626938744213,-16.99514076957531,
2012-01-13,True,2012-01-09,128.02,128.84,0.6405249179815664,1.1529448523668195,124.16132188821445,150.97626938744213,-17.761034636783847,
2012-01-17,True,2012-01-09,128.02,129.34,1.0310888923605654,1.8559600062490178,125.02424575998958,150.97626938744213,-17.18947204931478,
2012-01-18,True,2012-01-09,128.02,130.77,2.148101859084517,3.8665833463521304,127.49220803326648,150.97626938744213,-15.554803049153232,
2012-01-19,True,2012-01-09,128.02,131.46,2.6870801437275382,4.836744258709569,128.68304297631616,150.97626938744213,-14.766046678445921,
2012-01-20,True,2012-01-09,128.02,131.54,2.7495703796281745,4.949226683330714,128.82111079580017,150.97626938744213,-14.674596664450878,
2012-01-23,True,2012-01-09,128.02,131.61,2.8042493360412424,5.047648804874236,128.9419201378487,150.97626938744213,-14.594577902205197,
2012-01-24,True,2012-01-09,128.02,131.46,2.6870801437275382,4.836744258709569,128.68304297631616,150.97626938744213,-14.766046678445921,
2012-01-25,True,2012-01-09,128.02,132.56,3.546320887361354,6.383377597250437,130.58147549422148,150.97626938744213,-13.508608986013959,
2012-01-26,True,2012-01-09,128.02,131.88,3.015153882205901,5.427276987970622,129.4078990286073,150.97626938744213,-14.285934104971897,
2012-01-27,True,2012-01-09,128.02,131.82,2.9682862052804015,5.342915169504723,129.3043481639942,150.97626938744213,-14.35452161546823,
2012-01-30,True,2012-01-09,128.02,131.37,2.6167786283393113,4.71020153101076,128.52771667939663,150.97626938744213,-14.868927944190357,
2012-01-31,True,2012-01-09,128.02,131.32,2.5777222309014025,4.6399000156225245,128.4414242922191,150.97626938744213,-14.926084202937284,
2012-02-01,True,2012-01-09,128.02,132.47,3.476019371973127,6.2568348695516285,130.42614919730192,150.97626938744213,-13.611490251758408,
2012-02-02,True,2012-01-09,128.02,132.68,3.6400562412123083,6.552101234182155,130.7885772234475,150.97626938744213,-13.371433965021385,
2012-02-03,True,2012-01-09,128.02,134.54,5.092954225902191,9.167317606623945,133.998654026451,150.97626938744213,-11.245221139636463,
2012-02-06,True,2012-01-09,128.02,134.45,5.022652710513964,9.040774878925136,133.84332772953144,150.97626938744213,-11.34810240538091,
2012-02-07,True,2012-01-09,128.02,134.79,5.2882362130916905,9.518825183565044,134.43011596233853,150.97626938744213,-10.959439845901953,
2012-02-08,True,2012-01-09,128.02,132.57,3.5541321668489223,6.39743790032806,130.59873397165694,150.97626938744213,-13.497177734264609,
2012-02-09,True,2012-01-09,128.02,135.36,5.7334791438837795,10.320262458990804,135.41384917616224,150.97626938744213,-10.307858496187173,
2012-02-10,True,2012-01-09,128.02,134.361,4.953132323074505,8.91563818153411,133.68972728035547,150.97626938744213,-11.449840545950407,
2012-02-13,True,2012-01-09,128.02,135.36,5.7334791438837795,10.320262458990804,135.41384917616224,150.97626938744213,-10.307858496187173,
2012-02-14,True,2012-01-09,128.02,135.19,5.600687392594894,10.08123730667081,135.12045505975865,150.97626938744213,-10.502189775926684,
2012-02-15,True,2012-01-09,128.02,134.56,5.10857678487735,9.19543821277923,134.033170981322,150.97626938744213,-11.222358636137697,
2012-02-16,True,2012-01-09,128.02,136.049,6.271676300578033,11.28901734104046,136.60295827146837,150.97626938744213,-9.520245250654803,
2012-02-17,True,2012-01-09,128.02,136.41,6.553663490079664,11.796594282143396,137.22598930689,150.97626938744213,-9.107577062502148,
2012-02-21,True,2012-01-09,128.02,136.47,6.600531167005141,11.880956100609255,137.32954017150303,150.97626938744213,-9.03898955200585,
2012-02-22,True,2012-01-09,128.02,136.032,6.2583971254491555,11.26511482580848,136.57361885982803,150.97626938744213,-9.539678378628736,
2012-02-23,True,2012-01-09,128.02,136.631,6.726292766755182,12.107326980159328,137.6074016582146,150.97626938744213,-8.854946398840823,
2012-02-24,True,2012-01-09,128.02,136.93,6.9598500234338445,12.52773004218092,138.12343013353617,150.97626938744213,-8.513151971534294,
2012-02-27,True,2012-01-09,128.02,137.16,7.139509451648163,12.851117012966693,138.52037511455268,150.97626938744213,-8.250233181298562,
2012-02-28,True,2012-01-09,128.02,137.559,7.451179503202621,13.412123105764717,139.20898836422927,150.97626938744213,-7.794126236498222,
2012-02-29,True,2012-01-09,128.02,137.02,7.030151538822049,12.65427276987969,138.27875643045567,150.97626938744213,-8.41027070578988,
2012-03-01,True,2012-01-09,128.02,137.73,7.58475238244023,13.652554288392414,139.50410832837633,150.97626938744213,-7.598651831583824,
2012-03-02,True,2012-01-09,128.02,137.312,7.258240899859403,13.064833619746926,138.78270397157237,150.97626938744213,-8.076478154707923,
2012-03-05,True,2012-01-09,128.02,136.75,6.819246992657391,12.274644586783303,137.8127775396971,150.97626938744213,-8.718914503023178,
2012-03-06,True,2012-01-09,128.02,134.75,5.256991095141372,9.462583971254471,134.36108205259654,150.97626938744213,-11.005164852899462,
2012-03-07,True,2012-01-09,128.02,135.69,5.991251366973893,10.784252460553008,135.9833789315338,150.97626938744213,-9.930627188457619,
2012-03-08,True,2012-01-09,128.02,137.04,7.045774097797208,12.682393376034975,138.31327338532668,150.97626938744213,-8.387408202291113,
2012-03-09,True,2012-01-09,128.02,137.57,7.459771910638957,13.427589439150124,139.22797268940832,150.97626938744213,-7.781551859573909,
2012-03-12,True,2012-01-09,128.02,137.58,7.467583190126548,13.441649742227787,139.24523116684387,150.97626938744213,-7.770120607824493,
2012-03-13,True,2012-01-09,128.02,140.062,9.40634275894392,16.931416966099057,143.52878526633563,150.97626938744213,-4.93288392362804,
2012-03-14,True,2012-01-09,128.02,139.91,9.287611310732679,16.717700359318822,143.26645640931594,150.97626938744213,-5.106638950218678,
2012-03-15,True,2012-01-09,128.02,140.72,9.920324949226679,17.85658490860802,144.66439308159167,150.97626938744213,-4.180707558518771,
2012-03-16,True,2012-01-09,128.02,140.3,9.592251210748316,17.266052179346968,143.93953702930054,150.97626938744213,-4.660820131992804,
2012-03-19,True,2012-01-09,128.02,140.85,10.0218715825652,18.03936884861736,144.88875328825318,150.97626938744213,-4.032101285776834,
2012-03-20,True,2012-01-09,128.02,140.44,9.701609123574428,17.46289642243397,144.18115571339757,150.97626938744213,-4.500782607501463,
2012-03-21,True,2012-01-09,128.02,140.21,9.521949695360089,17.13950945164816,143.784210732381,150.97626938744213,-4.7637013977372415,
2012-03-22,True,2012-01-09,128.02,139.2,8.7330104671145,15.719418840806101,142.04110451139525,150.97626938744213,-5.918257824424755,
2012-03-23,True,2012-01-09,128.02,139.65,9.084518044055612,16.352132479300103,142.81773599599288,150.97626938744213,-5.4038514957025825,
2012-03-26,True,2012-01-09,128.02,141.61,10.615528823621311,19.10795188251836,146.20039757335144,150.97626938744213,-3.16332615282382,
2012-03-27,True,2012-01-09,128.02,141.17,10.271832526167767,18.48929854710198,145.44102456618927,150.97626938744213,-3.6663012297966313,
2012-03-28,True,2012-01-09,128.02,140.47,9.725042962037179,17.50507733166692,144.23293114570413,150.97626938744213,-4.466488852253292,
2012-03-29,True,2012-01-09,128.02,140.23,9.537572254335247,17.167630057803446,143.81872768725202,150.97626938744213,-4.740838894238475,
2012-03-30,True,2012-01-09,128.02,140.81,9.990626464614905,17.98312763630683,144.81971937851122,150.97626938744213,-4.077826292774322,
2012-04-02,True,2012-01-09,128.02,141.84,10.795188251835652,19.431338853304176,146.597342554368,150.97626938744213,-2.900407362588042,
2012-04-03,True,2012-01-09,128.02,141.26,10.342134041555994,18.61584127480079,145.5963508631088,150.97626938744213,-3.5634199640521946,
2012-04-04,True,2012-01-09,128.02,139.86,9.248554913294793,16.647398843930628,143.18016402213846,150.97626938744213,-5.16379520896556,
2012-04-05,True,2012-01-09,128.02,139.79,9.193875956881726,16.548976722387106,143.0593546800899,150.97626938744213,-5.243813971211242,
2012-04-09,True,2012-01-09,128.02,138.22,7.96750507733166,14.341509139196988,140.34977372271598,150.97626938744213,-7.03852049586412,
2012-04-10,True,2012-01-09,128.02,135.9,6.155288236213097,11.079518825183575,136.34580695767937,150.97626938744213,-9.690570901720585,
2012-04-11,True,2012-01-09,128.02,137.0,7.01452897984689,12.626152163724402,138.24423947558466,150.97626938744213,-8.433133209288645,
2012-04-12,True,2012-01-09,128.02,138.79,8.412748008123705,15.142946414622669,141.3335069365396,150.97626938744213,-6.386939146149406,
2012-04-13,True,2012-01-09,128.02,137.14,7.123886892673004,12.822996406811408,138.4858581596817,150.97626938744213,-8.273095684797305,
2012-04-16,True,2012-01-09,128.02,137.05,7.053585377284799,12.696453679112638,138.33053186276217,150.97626938744213,-8.375976950541741,
2012-04-17,True,2012-01-09,128.02,139.082,8.640837369161058,15.553507264489905,141.8374544776563,150.97626938744213,-6.05314659506746,
2012-04-18,True,2012-01-09,128.02,138.61,8.272144977347295,14.889860959225132,141.02285434270064,150.97626938744213,-6.592701677638213,
2012-04-19,True,2012-01-09,128.02,137.72,7.576941102952661,13.63849398531479,139.48684985094087,150.97626938744213,-7.6100830833331745,
2012-04-20,True,2012-01-09,128.02,137.95,7.7566005311669795,13.961880956100563,139.88379483195737,150.97626938744213,-7.347164293097441,
2012-04-23,True,2012-01-09,128.02,136.79,6.850492110607709,12.330885799093876,137.88181144943908,150.97626938744213,-8.673189496025667,
2012-04-24,True,2012-01-09,128.02,137.31,7.256678643961867,13.062021559131361,138.77925227608523,150.97626938744213,-8.078764405057836,
2012-04-25,True,2012-01-09,128.02,139.19,8.72519918762693,15.705358537728475,142.02384603395976,150.97626938744213,-5.929689076174127,
2012-04-26,True,2012-01-09,128.02,140.16,9.482893297922178,17.06920793625992,143.6979183452035,150.97626938744213,-4.820857656484145,
2012-04-27,True,2012-01-09,128.02,140.39,9.66255272613652,17.392594907045737,144.09486332622006,150.97626938744213,-4.557938866248367,
2012-04-30,True,2012-01-09,128.02,139.87,9.256366192782362,16.66145914700825,143.19742249957392,150.97626938744213,-5.1523639572162105,
2012-05-01,True,2012-01-09,128.02,140.74,9.935947508201837,17.884705514763308,144.69891003646268,150.97626938744213,-4.157845055020015,
2012-05-02,True,2012-01-09,128.02,140.325,9.611779409467246,17.301202937041044,143.98268322288928,150.97626938744213,-4.632242002619358,
2012-05-03,True,2012-01-09,128.02,139.25,8.772066864552407,15.789720356194334,142.12739689857275,150.97626938744213,-5.861101565677851,
2012-05-04,True,2012-01-09,128.02,137.0,7.01452897984689,12.626152163724402,138.24423947558466,150.97626938744213,-8.433133209288645,
2012-05-07,True,2012-01-09,128.02,137.1,7.0926417747226855,12.766755194500835,138.41682424993968,150.97626938744213,-8.318820691794837,
2012-05-08,True,2012-01-09,128.02,136.55,6.6630214029058,11.99343852523044,137.46760799098706,150.97626938744213,-8.947539538010796,
2012-05-09,True,2012-01-09,128.02,135.74,6.030307764411802,10.854553975941243,136.0696713187113,150.97626938744213,-9.873470929710715,
2012-05-10,True,2012-01-09,128.02,136.02,6.249023590064051,11.248242462115293,136.5529086869054,150.97626938744213,-9.553395880728022,
2012-05-11,True,2012-01-09,128.02,135.61,5.928761131073279,10.671770035931903,135.8453111120498,150.97626938744213,-10.022077202452639,
2012-05-14,True,2012-01-09,128.02,134.11,4.75706920793626,8.562724574285268,133.2565394967244,150.97626938744213,-11.736764964859848,
2012-05-15,True,2012-01-09,128.02,133.34,4.15560068739258,7.480081237306644,131.92763673419063,150.97626938744213,-12.616971349562256,
2012-05-16,True,2012-01-09,128.02,132.829,3.7564443055772445,6.76159975003904,131.04572853723647,150.97626938744213,-13.201108313955622,
2012-05-17,True,2012-01-09,128.02,130.86,2.218403374472744,3.993126074050939,127.64753433018602,150.97626938744213,-15.451921783408796,
2012-05-18,True,2012-01-09,128.02,129.74,1.3435400718637691,2.4183721293547844,125.7145848574097,150.97626938744213,-16.732221979339513,
2012-05-21,True,2012-01-09,128.02,131.97,3.0854553975941057,5.55381971566939,129.56322532552676,150.97626938744213,-14.183052839227505,
2012-05-22,True,2012-01-09,128.02,132.2,3.265114825808446,5.877206686455203,129.96017030654332,150.97626938744213,-13.920134048991727,
2012-05-23,True,2012-01-09,128.02,132.27,3.319793782221536,5.975628807998765,130.0809796485919,150.97626938744213,-13.840115286746023,
2012-05-24,True,2012-01-09,128.02,132.53,3.522887048898604,6.3411966880174875,130.52970006191495,150.97626938744213,-13.54290274126212,
2012-05-25,True,2012-01-09,128.02,132.1,3.1870020309326508,5.736603655678771,129.7875855321883,150.97626938744213,-14.034446566485537,
2012-05-29,True,2012-01-09,128.02,133.7,4.4368067489454655,7.986252148101838,132.54894192186876,150.97626938744213,-12.205446286584499,
2012-05-30,True,2012-01-09,128.02,131.76,2.9214185283549243,5.258553351038864,129.2007972993812,150.97626938744213,-14.423109125964507,
2012-05-31,True,2012-01-09,128.02,131.47,2.6948914232151067,4.850804561787192,128.70030145375165,150.97626938744213,-14.75461542669655,
2012-06-01,True,2012-01-09,128.02,128.16,0.10935791282611351,0.19684424308700432,122.98774542260027,150.97626938744213,-18.538359755741773,
2012-06-04,True,2012-01-09,128.02,128.1,0.06249023590063629,0.11248242462114533,122.88419455798724,150.97626938744213,-18.606947266238073,
2012-06-05,True,2012-01-09,128.02,129.07,0.8201843461958847,1.4763318231525924,124.55826686923096,150.97626938744213,-17.498115846548103,
2012-06-06,True,2012-01-09,128.02,131.97,3.0854553975941057,5.55381971566939,129.56322532552676,150.97626938744213,-14.183052839227505,
2012-06-07,True,2012-01-09,128.02,132.05,3.147945633494764,5.6663021402905756,129.70129314501082,150.97626938744213,-14.09160282523242,
2012-06-08,True,2012-01-09,128.02,133.1,3.968129979690671,7.142633963443208,131.5134332757386,150.97626938744213,-12.891321391547383,
2012-06-11,True,2012-01-09,128.02,131.415,2.6519293860334248,4.773472894860165,128.60537982785638,150.97626938744213,-14.817487311318157,
2012-06-12,True,2012-01-09,128.02,132.92,3.827526948914217,6.889548508045591,131.20278068189955,150.97626938744213,-13.097083923036246,
2012-06-13,True,2012-01-09,128.02,132.07,3.1635681924699233,5.694422746445862,129.73581009988183,150.97626938744213,-14.068740321733653,
2012-06-14,True,2012-01-09,128.02,133.47,4.257147320731125,7.662865177316025,132.1519969408522,150.97626938744213,-12.468365076820277,
2012-06-15,True,2012-01-09,128.02,134.14,4.780503046398987,8.604905483518177,133.30831492903087,150.97626938744213,-11.702471209611732,
2012-06-18,True,2012-01-09,128.02,134.4,4.983596313076077,8.97047336353694,133.75703534235396,150.97626938744213,-11.405258664127803,
2012-06-19,True,2012-01-09,128.02,135.7,5.999062646461484,10.79831276363067,136.0006374089693,150.97626938744213,-9.919195936708224,
2012-06-20,True,2012-01-09,128.02,135.48,5.827214497734712,10.488986095922481,135.6209509053882,150.97626938744213,-10.170683475194641,
2012-06-21,True,2012-01-09,128.02,132.44,3.4525855335103772,6.214653960318679,130.37437376499543,150.97626938744213,-13.645784007006545,
2012-06-22,True,2012-01-09,128.02,133.46,4.249336041243557,7.648804874238402,132.1347384634167,150.97626938744213,-12.479796328569648,
2012-06-25,True,2012-01-09,128.02,131.32,2.5777222309014025,4.6399000156225245,128.4414242922191,150.97626938744213,-14.926084202937284,
2012-06-26,True,2012-01-09,128.02,131.98,3.0932666770816963,5.567880018747053,129.5804838029623,150.97626938744213,-14.17162158747809,
2012-06-27,True,2012-01-09,128.02,133.173,4.025152319949998,7.245274175909997,131.63942016101777,150.97626938744213,-12.807873253776902,
2012-06-28,True,2012-01-09,128.02,132.79,3.725980315575672,6.70676456803621,130.97842047523798,150.97626938744213,-13.245690195778225,
2012-06-29,True,2012-01-09,128.02,136.105,6.315419465708461,11.367755038275229,136.69960574510714,150.97626938744213,-9.456230240858298,
2012-07-02,True,2012-01-09,128.02,136.51,6.63177628495546,11.937197312919828,137.39857408124502,150.97626938744213,-8.993264545008339,
2012-07-03,True,2012-01-09,128.02,137.412,7.336353694735198,13.205436650523357,138.9552887459274,150.97626938744213,-7.962165637214125,
2012-07-05,True,2012-01-09,128.02,136.79,6.850492110607709,12.330885799093876,137.88181144943908,150.97626938744213,-8.673189496025667,
2012-07-06,True,2012-01-09,128.02,135.49,5.835025777222302,10.503046399000144,135.63820938282376,150.97626938744213,-10.159252223445225,
2012-07-09,True,2012-01-09,128.02,135.32,5.702234025933439,10.26402124668019,135.34481526642023,150.97626938744213,-10.353583503184705,
2012-07-10,True,2012-01-09,128.02,134.14,4.780503046398987,8.604905483518177,133.30831492903087,150.97626938744213,-11.702471209611732,
2012-07-11,True,2012-01-09,128.02,134.16,4.796125605374146,8.633026089673464,133.34283188390188,150.97626938744213,-11.679608706112965,
2012-07-12,True,2012-01-09,128.02,133.51,4.288392438681443,7.719106389626598,132.22103085059422,150.97626938744213,-12.422640069822744,
2012-07-13,True,2012-01-09,128.02,135.75,6.038119043899393,10.868614279018907,136.08692979614685,150.97626938744213,-9.862039677961299,
2012-07-16,True,2012-01-09,128.02,135.43,5.788158100296825,10.418684580534286,135.53465851821073,150.97626938744213,-10.227839733941524,
2012-07-17,True,2012-01-09,128.02,136.36,6.514607092641778,11.7262927667552,137.13969691971252,150.97626938744213,-9.164733321249031,
2012-07-18,True,2012-01-09,128.02,137.37,7.303546320887366,13.14638337759726,138.8828031406983,150.97626938744213,-8.010176894561516,
2012-07-19,True,2012-01-09,128.02,137.73,7.58475238244023,13.652554288392414,139.50410832837633,150.97626938744213,-7.598651831583824,
2012-07-20,True,2012-01-09,128.02,136.47,6.600531167005141,11.880956100609255,137.32954017150303,150.97626938744213,-9.03898955200585,
2012-07-23,True,2012-01-09,128.02,135.09,5.522574597719099,9.940634275894379,134.94787028540364,150.97626938744213,-10.616502293420494,
2012-07-24,True,2012-01-09,128.02,133.925,4.612560537416033,8.30260896734886,132.93725766416762,150.97626938744213,-11.94824312222339,
2012-07-25,True,2012-01-09,128.02,133.96,4.639900015622556,8.351820028120601,132.99766233519185,150.97626938744213,-11.90823374110057,
2012-07-26,True,2012-01-09,128.02,136.17,6.366192782377733,11.45914700827992,136.81178584843792,150.97626938744213,-9.381927104487309,
2012-07-27,True,2012-01-09,128.02,138.675,8.322918294016567,14.981252929229822,141.1350344460314,150.97626938744213,-6.518398541267246,
2012-07-30,True,2012-01-09,128.02,138.68,8.326823933760341,14.988283080768614,141.1436636847491,150.97626938744213,-6.5126829153925865,
2012-07-31,True,2012-01-09,128.02,137.82,7.655053897828457,13.779097016091223,139.6594346252959,150.97626938744213,-7.495770565839366,
2012-08-01,True,2012-01-09,128.02,137.59,7.475394469614116,13.455710045305409,139.26248964427933,150.97626938744213,-7.758689356075143,
2012-08-02,True,2012-01-09,128.02,136.64,6.733322918294005,12.11998125292921,137.62293428790656,150.97626938744213,-8.844658272266381,
2012-08-03,True,2012-01-09,128.02,140.49,9.740665521012337,17.53319793782221,144.2674481005751,150.97626938744213,-4.443626348754548,
2012-08-06,True,2012-01-09,128.02,139.62,9.061084205592863,16.309951570067152,142.76596056368638,150.97626938744213,-5.438145250950721,
2012-08-07,True,2012-01-09,128.02,140.32,9.607873769723474,17.294172785502255,143.97405398417155,150.97626938744213,-4.637957628494038,
2012-08-08,True,2012-01-09,128.02,140.49,9.740665521012337,17.53319793782221,144.2674481005751,150.97626938744213,-4.443626348754548,
2012-08-09,True,2012-01-09,128.02,140.61,9.834400874863313,17.701921574753964,144.4745498298012,150.97626938744213,-4.306451327761939,
2012-08-10,True,2012-01-09,128.02,140.84,10.014060303077631,18.025308545539737,144.8714948108177,150.97626938744213,-4.043532537526207,
2012-08-13,True,2012-01-09,128.02,140.77,9.959381346664586,17.926886423996255,144.7506854687692,150.97626938744213,-4.123551299771854,
2012-08-14,True,2012-01-09,128.02,140.79,9.975003905639724,17.955007030151503,144.78520242364016,150.97626938744213,-4.100688796273122,
2012-08-15,True,2012-01-09,128.02,140.95,10.099984377441018,18.179971879393833,145.06133806260826,150.97626938744213,-3.9177887682829815,
2012-08-16,True,2012-01-09,128.02,141.99,10.912357444149357,19.642243399468843,146.85621971590055,150.97626938744213,-2.728938586347318,
2012-08-17,True,2012-01-09,128.02,142.18,11.060771754413379,19.909389157944084,147.18413078717512,150.97626938744213,-2.5117448031090617,
2012-08-20,True,2012-01-09,128.02,142.19,11.068583033900946,19.923449461021704,147.20138926461058,150.97626938744213,-2.500313551359701,
2012-08-21,True,2012-01-09,128.02,141.76,10.732698015934993,19.318856428682988,146.45927473488393,150.97626938744213,-2.991857376583129,
2012-08-22,True,2012-01-09,128.02,141.82,10.779565692860471,19.40321824714885,146.56282559949696,150.97626938744213,-2.9232698660868306,
2012-08-23,True,2012-01-09,128.02,140.665,9.877362912044973,17.77925324168095,144.56947145569637,150.97626938744213,-4.243579443140389,
2012-08-24,True,2012-01-09,128.02,141.51,10.537416028745493,18.96734885174189,146.0278127989964,150.97626938744213,-3.2776386703176397,
2012-08-27,True,2012-01-09,128.02,141.54,10.560849867208244,19.00952976097484,146.0795882313029,150.97626938744213,-3.2433449150695015,
2012-08-28,True,2012-01-09,128.02,141.4,10.451491954382131,18.812685517887836,145.8379695472059,150.97626938744213,-3.4033824395608203,
2012-08-29,True,2012-01-09,128.02,141.51,10.537416028745493,18.96734885174189,146.0278127989964,150.97626938744213,-3.2776386703176397,
2012-08-30,True,2012-01-09,128.02,140.49,9.740665521012337,17.53319793782221,144.2674481005751,150.97626938744213,-4.443626348754548,
2012-08-31,True,2012-01-09,128.02,141.1,10.217153569754721,18.3908764255585,145.32021522414078,150.97626938744213,-3.7463199920422796,
2012-09-04,True,2012-01-09,128.02,141.03,10.162474613341654,18.292454304014978,145.19940588209226,150.97626938744213,-3.82633875428795,
2012-09-05,True,2012-01-09,128.02,140.91,10.0687392594907,18.12373066708326,144.99230415286624,150.97626938744213,-3.963513775280514,
2012-09-06,True,2012-01-09,128.02,143.77,12.302765192938603,22.144977347289487,149.92822869942003,150.97626938744213,-0.6941757749574284,
2012-09-07,True,2012-01-09,128.02,144.33,12.74019684424308,22.932354319637543,150.89470343580814,150.97626938744213,-0.054025676992108806,
2012-09-10,True,2012-01-09,128.02,143.51,12.099671926261513,21.779409467270725,149.47950828609694,150.97626938744213,-0.9913883204413554,
2012-09-11,True,2012-01-09,128.02,143.91,12.412123105764717,22.34182159037649,150.16984738351704,150.97626938744213,-0.5341382504661207,
2012-09-12,True,2012-01-09,128.02,144.39,12.787064521168556,23.0167161381034,150.99825430042117,150.99825430042117,0.0,
2012-09-13,True,2012-01-09,128.02,146.59,14.505546008436166,26.1099828151851,154.79511933623175,154.79511933623175,0.0,
2012-09-14,True,2012-01-09,128.02,147.2,14.98203405717855,26.967661302921393,155.84788645979742,155.84788645979742,0.0,
2012-09-17,True,2012-01-09,128.02,146.74,14.62271520074989,26.320887361349804,155.05399649776436,155.84788645979742,-0.509400531548343,
2012-09-18,True,2012-01-09,128.02,146.62,14.528979846898915,26.15216372441805,154.84689476853828,155.84788645979742,-0.6422876267349054,
2012-09-19,True,2012-01-09,128.02,146.7,14.591470082799551,26.264646149039194,154.98496258802228,155.84788645979742,-0.5536962299438897,
2012-09-20,True,2012-01-09,128.02,146.71,14.599281362287142,26.278706452116857,155.0022210654578,155.84788645979742,-0.5426223053450085,
2012-09-21,True,2012-01-09,128.02,145.87,13.943133885330417,25.09764099359475,153.5525089608756,155.84788645979742,-1.4728319716507232,
2012-09-24,True,2012-01-09,128.02,145.645,13.76738009685987,24.781284174347768,153.1641932185768,155.84788645979742,-1.7219952751254763,
2012-09-25,True,2012-01-09,128.02,144.1,12.560537416028739,22.60896734885173,150.4977584547916,155.84788645979742,-3.432916625652116,
2012-09-26,True,2012-01-09,128.02,143.295,11.931729417278536,21.477112951101365,149.10845102123363,155.84788645979742,-4.324367555861786,
2012-09-27,True,2012-01-09,128.02,144.64,12.982346508358056,23.3682237150445,151.42971623630874,155.84788645979742,-2.834924697312724,
2012-09-28,True,2012-01-09,128.02,143.97,12.458990782690194,22.42618340884235,150.27339824813004,155.84788645979742,-3.5768776454375484,
2012-10-01,True,2012-01-09,128.02,144.345,12.751913763474443,22.953444774254,150.92059115196142,155.84788645979742,-3.1616054729796117,
2012-10-02,True,2012-01-09,128.02,144.5,12.872988595531943,23.171379471957497,151.1880975522117,155.84788645979742,-2.9899596416970042,
2012-10-03,True,2012-01-09,128.02,145.09,13.33385408529917,24.000937353538504,152.20634772090636,155.84788645979742,-2.3365980903632178,
2012-10-04,True,2012-01-09,128.02,146.125,14.142321512263688,25.45617872207464,153.99260013548087,155.84788645979742,-1.1904468943793711,
2012-10-05,True,2012-01-09,128.02,146.14,14.154038431495053,25.477269176691095,154.0184878516341,155.84788645979742,-1.1738360074810772,
2012-10-08,True,2012-01-09,128.02,145.642,13.76503671301359,24.77706608342446,153.15901567534613,155.84788645979742,-1.7253174525051485,
2012-10-09,True,2012-01-09,128.02,144.2,12.638650210904533,22.74957037962816,150.67034322914662,155.84788645979742,-3.322177379663338,
2012-10-10,True,2012-01-09,128.02,143.28,11.920012498047171,21.45602249648491,149.08256330508036,155.84788645979742,-4.340978442760113,
2012-10-11,True,2012-01-09,128.02,143.36,11.98250273394783,21.568504921106097,149.22063112456442,155.84788645979742,-4.252387045969064,
2012-10-12,True,2012-01-09,128.02,142.89,11.615372598031538,20.907670676456767,148.40948268509572,155.84788645979742,-4.772861502116365,
2012-10-15,True,2012-01-09,128.02,144.08,12.54491485705358,22.580846742696444,150.4632414999206,155.84788645979742,-3.455064474849867,
2012-10-16,True,2012-01-09,128.02,145.54,13.685361662240258,24.633650992032464,152.98297920550397,155.84788645979742,-1.8382714834137226,
2012-10-17,True,2012-01-09,128.02,146.2,14.200906108420552,25.561630995156996,154.12203871624718,155.84788645979742,-1.1073924598877682,
2012-10-18,True,2012-01-09,128.02,145.82,13.904077487892508,25.027339478206514,153.46621657369806,155.84788645979742,-1.5282015946451288,
2012-10-19,True,2012-01-09,128.02,143.3896,12.005624121231051,21.610123418215892,149.27171621777347,155.84788645979742,-4.219608229156413,
2012-10-22,True,2012-01-09,128.02,143.41,12.021559131385718,21.638806436494292,149.30692351174193,155.84788645979742,-4.19701742297468,
2012-10-23,True,2012-01-09,128.02,141.42,10.467114513357267,18.84080612404308,145.87248650207684,155.84788645979742,-6.400728418151402,
2012-10-24,True,2012-01-09,128.02,141.02,10.154663333854085,18.278394000937354,145.18214740465677,155.84788645979742,-6.843685402106492,
2012-10-25,True,2012-01-09,128.02,141.43,10.474925792844857,18.854866427120744,145.8897449795124,155.84788645979742,-6.389654493552499,
2012-10-26,True,2012-01-09,128.02,141.35,10.41243555694422,18.7423840024996,145.75167716002835,155.84788645979742,-6.478245890343526,
2012-10-31,True,2012-01-09,128.02,141.35,10.41243555694422,18.7423840024996,145.75167716002835,155.84788645979742,-6.478245890343526,
2012-11-01,True,2012-01-09,128.02,142.83,11.568504921106083,20.82330885799095,148.30593182048278,155.84788645979742,-4.839305049709585,
2012-11-02,True,2012-01-09,128.02,141.56,10.576472426183404,19.037650367130126,146.1141051861739,155.84788645979742,-6.2456934737670995,
2012-11-05,True,2012-01-09,128.02,141.8486,10.801905952194968,19.443430713950942,146.6121848449625,155.84788645979742,-5.926100009843482,
2012-11-06,True,2012-01-09,128.02,142.96,11.670051554444605,21.00609279800029,148.53029202714427,155.84788645979742,-4.695344029924209,
2012-11-07,True,2012-01-09,128.02,139.72,9.139197000468657,16.450554600843585,142.9385453380414,155.84788645979742,-8.283295599960628,
2012-11-08,True,2012-01-09,128.02,138.04,7.826902046555206,14.088423683799371,140.0391211288769,155.84788645979742,-10.143714932572124,
2012-11-09,True,2012-01-09,128.02,138.16,7.920637400406183,14.25714732073113,140.24622285810298,155.84788645979742,-10.01082783738556,
2012-11-12,True,2012-01-09,128.02,138.265,8.002655835025752,14.404780503046355,140.4274368711757,155.84788645979742,-9.894551629097382,
2012-11-13,True,2012-01-09,128.02,137.79,7.631620059365707,13.736916106858272,139.60765919298936,155.84788645979742,-10.420563047544052,
2012-11-14,True,2012-01-09,128.02,135.9299,6.178643961880947,11.121559131385705,136.3974098052115,155.84788645979742,-12.480423762181314,
2012-11-15,True,2012-01-09,128.02,135.7,5.999062646461484,10.79831276363067,136.0006374089693,155.84788645979742,-12.735013288709506,
2012-11-16,True,2012-01-09,128.02,136.37,6.522418372129346,11.740353069832823,137.156955397148,155.84788645979742,-11.993060340584682,
2012-11-19,True,2012-01-09,128.02,139.13,8.678331510701431,15.620996719262576,141.92029516934673,155.84788645979742,-8.936657151294414,
2012-11-20,True,2012-01-09,128.02,139.19,8.72519918762693,15.705358537728475,142.02384603395976,155.84788645979742,-8.87021360370115,
2012-11-21,True,2012-01-09,128.02,139.45,8.928292454304,16.0709264177472,142.4725664472828,155.84788645979742,-8.582291564130351,
2012-11-23,True,2012-01-09,128.02,141.35,10.41243555694422,18.7423840024996,145.75167716002835,155.84788645979742,-6.478245890343526,
2012-11-26,True,2012-01-09,128.02,141.05,10.178097172316836,18.320574910170304,145.2339228369633,155.84788645979742,-6.810463628309837,
2012-11-27,True,2012-01-09,128.02,140.33,9.615685049211065,17.308233088579918,143.9913124616071,155.84788645979742,-7.607786199429056,
2012-11-28,True,2012-01-09,128.02,141.47,10.506170910795177,18.911107639431318,145.95877888925438,155.84788645979742,-6.345358795156997,
2012-11-29,True,2012-01-09,128.02,142.12,11.01390407748788,19.825027339478183,147.08057992256204,155.84788645979742,-5.625553696229946,
2012-11-30,True,2012-01-09,128.02,142.155,11.041243555694425,19.874238400249965,147.14098459358632,155.84788645979742,-5.586794960133856,
2012-12-03,True,2012-01-09,128.02,141.45,10.490548351820017,18.88298703327603,145.92426193438337,155.84788645979742,-6.3675066443547585,
2012-12-04,True,2012-01-09,128.02,141.25,10.334322762068426,18.60178097172317,145.57909238567333,155.84788645979742,-6.588985136332292,
2012-12-05,True,2012-01-09,128.02,141.5,10.529604749257926,18.95328854866427,146.0105543215609,155.84788645979742,-6.312137021360353,
2012-12-06,True,2012-01-09,128.02,141.98,10.904546164661744,19.62818309639114,146.83896123846498,155.84788645979742,-5.780588640614248,
2012-12-07,True,2012-01-09,128.02,142.415,11.244336822371492,20.239806280268688,147.58970500690938,155.84788645979742,-5.298872920563036,
2012-12-10,True,2012-01-09,128.02,142.473,11.289642243399477,20.32135603811906,147.68980417603535,155.84788645979742,-5.234644157889512,
2012-12-11,True,2012-01-09,128.02,143.44,12.044992969848444,21.6809873457272,149.3586989440484,155.84788645979742,-4.16379564917807,
2012-12-12,True,2012-01-09,128.02,143.51,12.099671926261513,21.779409467270725,149.47950828609694,155.84788645979742,-4.086278176985914,
2012-12-13,True,2012-01-09,128.02,142.63,11.412279331354469,20.542102796438044,147.9607622717727,155.84788645979742,-5.060783541687163,
2012-12-14,True,2012-01-09,128.02,142.1051,11.002265271051392,19.804077487892506,147.05486479118315,155.84788645979742,-5.642053843882266,
2012-12-17,True,2012-01-09,128.02,143.77,12.302765192938603,22.144977347289487,149.92822869942003,155.84788645979742,-3.798356137415071,
2012-12-18,True,2012-01-09,128.02,145.37,13.552569910951417,24.394625839712553,152.68958508910046,155.84788645979742,-2.026528201594624,
2012-12-19,True,2012-01-09,128.02,144.29,12.70895172629276,22.87611310732697,150.82566952606615,155.84788645979742,-3.2225120582734412,
2012-12-20,True,2012-01-09,128.02,145.12,13.357287923761895,24.04311826277141,152.25812315321286,155.84788645979742,-2.3033763165665855,
2012-12-21,True,2012-01-09,128.02,142.79,11.537259803155742,20.767067645680335,148.2368979107407,155.84788645979742,-4.8836007481051436,
2012-12-24,True,2012-01-09,128.02,142.35,11.193563505702219,20.148414310263995,147.4775249035786,155.84788645979742,-5.370853430455758,
2012-12-26,True,2012-01-09,128.02,141.75,10.724886736447425,19.304796125605368,146.44201625744844,155.84788645979742,-6.035288906388425,
2012-12-27,True,2012-01-09,128.02,141.5616,10.57772223090141,19.03990001562254,146.11686654256357,155.84788645979742,-6.243921645831286,
2012-12-28,True,2012-01-09,128.02,140.03,9.381346664583656,16.88642399625058,143.473558138542,155.84788645979742,-7.940003937395401,
2012-12-31,True,2012-01-09,128.02,142.41,11.240431182627697,20.232776128729856,147.5810757681916,155.84788645979742,-5.304409882862505,
2013-01-02,True,2012-01-09,128.02,146.06,14.091548195594438,25.36478675206999,153.88042003215014,155.84788645979742,-1.2624274042720596,
2013-01-03,True,2012-01-09,128.02,145.7341,13.836978597094207,24.906561474769575,153.31796625252713,155.84788645979742,-1.6233266069494712,
2013-01-04,True,2012-01-09,128.02,146.37,14.333697859709416,25.80065614747695,154.4154328326507,155.84788645979742,-0.9191357417068557,
2013-01-07,True,2012-01-09,128.02,145.9695,14.020856116231828,25.237541009217292,153.7242308113588,155.84788645979742,-1.362646421891922,
2013-01-08,True,2012-01-09,128.02,145.5496,13.692860490548341,24.647148882987015,152.99954734384207,155.84788645979742,-1.8276405157987896,
2013-01-09,True,2012-01-09,128.02,145.92,13.982190282768304,25.167942508982946,153.63880134805308,155.84788645979742,-1.417462348656362,
2013-01-10,True,2012-01-09,128.02,147.08,14.888298703327596,26.798937665989673,155.6407847305714,155.84788645979742,-0.13288709518652908,
2013-01-11,True,2012-01-09,128.02,147.07,14.880487423840005,26.78487736291201,155.62352625313588,155.84788645979742,-0.1439610197854213,
2013-01-14,True,2012-01-09,128.02,146.97,14.802374628964209,26.644274332135577,155.45094147878086,155.84788645979742,-0.25470026577418814,
2013-01-15,True,2012-01-09,128.02,147.07,14.880487423840005,26.78487736291201,155.62352625313588,155.84788645979742,-0.1439610197854213,
2013-01-16,True,2012-01-09,128.02,147.05,14.864864864864868,26.756756756756765,155.58900929826493,155.84788645979742,-0.16610886898313915,
2013-01-17,True,2012-01-09,128.02,148.0,15.606936416184958,28.092485549132924,157.22856465463764,157.22856465463764,0.0,
2013-01-18,True,2012-01-09,128.02,148.33,15.864708639275115,28.556475550695207,157.79809441000927,157.79809441000927,0.0,
2013-01-22,True,2012-01-09,128.02,149.13,16.4896109982815,29.6812997969067,159.17877260484943,159.17877260484943,0.0,
2013-01-23,True,2012-01-09,128.02,149.37,16.677081705983433,30.01874707077018,159.59297606330153,159.59297606330153,0.0,
2013-01-24,True,2012-01-09,128.02,149.41,16.70832682393375,30.07498828308075,159.66200997304352,159.66200997304352,0.0,
2013-01-25,True,2012-01-09,128.02,150.25,17.364474300890475,31.256053741602855,161.11172207762576,161.11172207762576,0.0,
2013-01-28,True,2012-01-09,128.02,150.07,17.22387127011402,31.00296828620524,160.80106948378668,161.11172207762576,-0.19281812014236843,
2013-01-29,True,2012-01-09,128.02,150.66,17.684736759881247,31.832526167786245,161.81931965248134,161.81931965248134,0.0,
2013-01-30,True,2012-01-09,128.02,150.07,17.22387127011402,31.00296828620524,160.80106948378668,161.81931965248134,-0.6292512976086129,
2013-01-31,True,2012-01-09,128.02,149.72,16.95047648804873,30.510857678487714,160.19702277354412,161.81931965248134,-1.0025359656814947,
2013-02-01,True,2012-01-09,128.02,151.24,18.137790970160907,32.64802374628963,162.82031134374054,162.82031134374054,0.0,
2013-02-04,True,2012-01-09,128.02,149.56,16.825496016247456,30.285892829245423,159.92088713457608,162.82031134374054,-1.7807509304188063,
2013-02-05,True,2012-01-09,128.02,151.05,17.989376659896884,32.380877987814394,162.492400272466,162.82031134374054,-0.20139445046402082,
2013-02-06,True,2012-01-09,128.02,151.16,18.075300734260267,32.53554132166848,162.68224352425653,162.82031134374054,-0.08479766335326433,
2013-02-07,True,2012-01-09,128.02,150.96,17.919075144508678,32.254335260115624,162.3370739755465,162.82031134374054,-0.2967918217364418,
2013-02-08,True,2012-01-09,128.02,151.8,18.575222621465404,33.43540071863773,163.78678608012873,163.78678608012873,0.0,
2013-02-11,True,2012-01-09,128.02,151.77,18.551788783002653,33.393219809404776,163.73501064782218,163.78678608012873,-0.031611483163984655,
2013-02-12,True,2012-01-09,128.02,152.02,18.747070770192153,33.74472738634588,164.16647258370978,164.16647258370978,0.0,
2013-02-13,True,2012-01-09,128.02,152.151,18.849398531479444,33.928917356663,164.39255863811482,164.39255863811482,0.0,
2013-02-14,True,2012-01-09,128.02,152.29,18.957975316356812,34.124355569442265,164.63245147446833,164.63245147446833,0.0,
2013-02-15,True,2012-01-09,128.02,152.11,18.81737228558038,33.871270114044684,164.3217988806293,164.63245147446833,-0.1886946291917435,
2013-02-19,True,2012-01-09,128.02,153.25,19.707858147164494,35.47414466489609,166.28926530827658,166.28926530827658,0.0,
2013-02-20,True,2012-01-09,128.02,151.34,18.2159037650367,32.788626777066064,162.99289611809556,166.28926530827658,-1.9823102736487686,
2013-02-21,True,2012-01-09,128.02,150.42,17.497266052179338,31.49507889392281,161.40511619402932,166.28926530827658,-2.9371403531026186,
2013-02-22,True,2012-01-09,128.02,151.89,18.645524136853588,33.56194344633646,163.94211237704815,166.28926530827658,-1.4114879435405236,
2013-02-25,True,2012-01-09,128.02,149.0,16.388064364942977,29.49851585689736,158.95441239818794,166.28926530827658,-4.410899823563996,
2013-02-26,True,2012-01-09,128.02,150.02,17.184814872676135,30.932666770817043,160.7147770966092,166.28926530827658,-3.352283865908645,
2013-02-27,True,2012-01-09,128.02,151.91,18.66114669582877,33.59006405249178,163.9766293319192,166.28926530827658,-1.3907307679001835,
2013-02-28,True,2012-01-09,128.02,151.61,18.42680831120138,33.168254960162486,163.45887500885416,166.28926530827658,-1.7020884025046867,
2013-03-01,True,2012-01-09,128.02,152.11,18.81737228558038,33.871270114044684,164.3217988806293,166.28926530827658,-1.183159011497148,
2013-03-04,True,2012-01-09,128.02,152.92,19.450085924074333,35.0101546633338,165.71973555290495,166.28926530827658,-0.34249339806499135,
2013-03-05,True,2012-01-09,128.02,154.29,20.52023121387281,36.93641618497106,168.08414696156882,168.08414696156882,0.0,
2013-03-06,True,2012-01-09,128.02,154.5,20.684268083112013,37.23168254960162,168.44657498771446,168.44657498771446,0.0,
2013-03-07,True,2012-01-09,128.02,154.776,20.899859396969212,37.619746914544585,168.9229089649343,168.9229089649343,0.0,
2013-03-08,True,2012-01-09,128.02,155.44,21.418528354944534,38.55335103890016,170.06887186665168,170.06887186665168,0.0,
2013-03-11,True,2012-01-09,128.02,156.03,21.879393844711757,39.382908920481164,171.08712203534637,171.08712203534637,0.0,
2013-03-12,True,2012-01-09,128.02,155.68,21.605999062646465,38.890798312763636,170.48307532510375,171.08712203534637,-0.35306380927830894,
2013-03-13,True,2012-01-09,128.02,155.905,21.78175285111701,39.20715513201062,170.87139106740256,171.08712203534637,-0.12609421759940398,
2013-03-14,True,2012-01-09,128.02,156.73,22.42618340884235,40.36713013591623,172.29521545583148,172.29521545583148,0.0,
2013-03-15,True,2012-01-09,128.02,155.83,21.723168254960168,39.101702858928306,170.74195248663634,172.29521545583148,-0.9015125377020872,
2013-03-18,True,2012-01-09,128.02,154.97,21.05139821902826,37.892516794250874,169.25772342718304,172.29521545583148,-1.762957851506397,
2013-03-19,True,2012-01-09,128.02,154.61,20.7701921574754,37.38634588345572,168.63641823950496,172.29521545583148,-2.1235628665872364,
2013-03-20,True,2012-01-09,128.02,155.69,21.61381034213403,38.904858615841256,170.50033380253925,172.29521545583148,-1.041747821344674,
2013-03-21,True,2012-01-09,128.02,154.359,20.57412904233713,37.03343227620684,168.20323045587384,172.29521545583148,-2.3749846965464005,
2013-03-22,True,2012-01-09,128.02,155.6,21.543508826745807,38.77831588814245,170.3450075056197,172.29521545583148,-1.131899075114906,
2013-03-25,True,2012-01-09,128.02,154.95,21.0357756600531,37.86439618809558,169.22320647231203,172.29521545583148,-1.78299146345533,
2013-03-26,True,2012-01-09,128.02,156.19,22.00437431651303,39.607873769723454,171.36325767431435,172.29521545583148,-0.5409075226212701,
2013-03-27,True,2012-01-09,128.02,156.19,22.00437431651303,39.607873769723454,171.36325767431435,172.29521545583148,-0.5409075226212701,
2013-03-28,True,2012-01-09,128.02,156.67,22.379315731916872,40.28276831745037,172.19166459121848,172.29521545583148,-0.06010083584679915,
2013-04-01,True,2012-01-09,128.02,156.05,21.895016403686917,39.411029526636455,171.12163899021738,172.29521545583148,-0.6811428062638014,
2013-04-02,True,2012-01-09,128.02,156.82,22.496484924230575,40.49367286361504,172.45054175275104,172.45054175275104,0.0,
2013-04-03,True,2012-01-09,128.02,155.23,21.25449148570535,38.25808467426963,169.70644384050613,172.45054175275104,-1.5912376292671948,
2013-04-04,True,2012-01-09,128.02,155.86,21.746602093422894,39.14388376816121,170.79372791894278,172.45054175275104,-0.9607472478594392,
2013-04-05,True,2012-01-09,128.02,155.158,21.19825027339477,38.156850492110586,169.5821828029705,172.45054175275104,-1.6632936728566583,
2013-04-08,True,2012-01-09,128.02,156.21,22.01999687548821,39.63599437587878,171.39777462918542,172.45054175275104,-0.6104748137439886,
2013-04-09,True,2012-01-09,128.02,156.75,22.44180596781753,40.39525074207155,172.32973241070255,172.45054175275104,-0.07005448682306792,
2013-04-10,True,2012-01-09,128.02,158.67,23.94157162943289,43.094828932979205,175.64336007831903,175.64336007831903,0.0,
2013-04-11,True,2012-01-09,128.02,159.19,24.34775816278705,43.82596469301669,176.54080090496518,176.54080090496518,0.0,
2013-04-12,True,2012-01-09,128.02,158.8,24.043118262771436,43.277612872988584,175.8677202849806,176.54080090496518,-0.38126065846212365,
2013-04-15,True,2012-01-09,128.02,155.118,21.16700515544445,38.10060927980001,169.51314889322848,176.54080090496518,-3.9807523109175236,
2013-04-16,True,2012-01-09,128.02,157.41,22.9573504139978,41.32323074519604,173.4687919214457,176.54080090496518,-1.7401127488784862,
2013-04-17,True,2012-01-09,128.02,155.11,21.1607561318544,38.089361037337916,169.4993421112801,176.54080090496518,-3.9885730423731447,
2013-04-18,True,2012-01-09,128.02,154.14,20.403062021559105,36.72551163880639,167.8252698000363,176.54080090496518,-4.936836731368743,
2013-04-19,True,2012-01-09,128.02,155.48,21.44977347289485,38.609592251210735,170.13790577639367,176.54080090496518,-3.626864212550107,
2013-04-22,True,2012-01-09,128.02,156.17,21.988751757537873,39.57975316356817,171.32874071944337,176.54080090496518,-2.952326124501692,
2013-04-23,True,2012-01-09,128.02,157.78,23.246367755038257,41.84346195906886,174.10735558655927,176.54080090496518,-1.3784039190554487,
2013-04-24,True,2012-01-09,128.02,157.88,23.32448054991407,41.98406498984533,174.27994036091434,176.54080090496518,-1.280644775859996,
2013-04-25,True,2012-01-09,128.02,158.52,23.824402437119208,42.88392438681458,175.38448291678654,176.54080090496518,-0.6549862594092959,
2013-04-26,True,2012-01-09,128.02,158.24,23.605686611466957,42.49023590064053,174.90124554859247,176.54080090496518,-0.9287118603564681,
2013-04-29,True,2012-01-09,128.02,159.3,24.433682237150435,43.98062802687078,176.73064415675572,176.73064415675572,0.0,
2013-04-30,True,2012-01-09,128.02,159.68,24.73051085767848,44.514919543821264,177.38646629930483,177.38646629930483,0.0,
2013-05-01,True,2012-01-09,128.02,158.28,23.636931729417277,42.5464771129511,174.97027945833446,177.38646629930483,-1.3621032603995387,
2013-05-02,True,2012-01-09,128.02,159.75,24.785189814091545,44.613341665364786,177.50727564135337,177.50727564135337,0.0,
2013-05-03,True,2012-01-09,128.02,161.368,26.049054835181984,46.88829870332757,180.29969729041767,180.29969729041767,0.0,
2013-05-06,True,2012-01-09,128.02,161.78,26.370879550070292,47.467583190126525,181.0107465607604,181.0107465607604,0.0,
2013-05-07,True,2012-01-09,128.02,162.5999,27.011326355256983,48.62038743946257,182.4257691256973,182.4257691256973,0.0,
2013-05-08,True,2012-01-09,128.02,163.34,27.58943915013279,49.66099047023902,183.70306904069884,183.70306904069884,0.0,
2013-05-09,True,2012-01-09,128.02,162.881,27.230901421652852,49.01562255897514,182.91090492640924,183.70306904069884,-0.4312198584521698,
2013-05-10,True,2012-01-09,128.02,163.41,27.644118106545832,49.7594125917825,183.82387838274732,183.82387838274732,0.0,
2013-05-13,True,2012-01-09,128.02,163.54,27.74566473988438,49.942196531791886,184.04823858940887,184.04823858940887,0.0,
2013-05-14,True,2012-01-09,128.02,165.23,29.0657709732854,52.31838775191372,186.96492127600882,186.96492127600882,0.0,
2013-05-15,True,2012-01-09,128.02,166.115,29.75706920793626,53.56272457428527,188.49229652905083,188.49229652905083,0.0,
2013-05-16,True,2012-01-09,128.02,165.34,29.151695047648808,52.47305108576786,187.1547645277994,188.49229652905083,-0.7095950475860979,
2013-05-17,True,2012-01-09,128.02,166.94,30.401499765661598,54.72269957819088,189.9161209174798,189.9161209174798,0.0,
2013-05-20,True,2012-01-09,128.02,166.93,30.39368848617403,54.708639275113256,189.89886244004433,189.9161209174798,-0.009087420989906114,
2013-05-21,True,2012-01-09,128.02,167.17,30.58115919387594,55.046086548976696,190.31306589849635,190.31306589849635,0.0,
2013-05-22,True,2012-01-09,128.02,165.93,29.612560537416034,53.30260896734886,188.17301469649405,190.31306589849635,-1.1244898987354368,
2013-05-23,True,2012-01-09,128.02,165.45,29.23761912201217,52.62771441962191,187.3446077795899,190.31306589849635,-1.5597763111491747,
2013-05-24,True,2012-01-09,128.02,165.308,29.126698953288543,52.42805811591938,187.09953740000577,190.31306589849635,-1.6885485414882218,
2013-05-28,True,2012-01-09,128.02,166.3,29.901577878456486,53.82284018122168,188.81157836160764,190.31306589849635,-0.788956622499859,
2013-05-29,True,2012-01-09,128.02,165.22,29.05795969379783,52.3043274488361,186.9476627985733,190.31306589849635,-1.768351050430761,
2013-05-30,True,2012-01-09,128.02,165.83,29.534447742540237,53.16200593657243,188.00042992213903,190.31306589849635,-1.2151745679882864,
2013-05-31,True,2012-01-09,128.02,163.445,27.671457584752357,49.808623652554246,183.88428305377158,190.31306589849635,-3.3780039296690045,
2013-06-03,True,2012-01-09,128.02,164.35,28.378378378378354,51.08108108108104,185.44617526168454,190.31306589849635,-2.557307672930642,
2013-06-04,True,2012-01-09,128.02,163.56,27.76128729885954,49.97031713794717,184.08275554427988,190.31306589849635,-3.273716560028206,
2013-06-05,True,2012-01-09,128.02,161.272,25.974066552101217,46.75331979378219,180.13401590703685,190.31306589849635,-5.348581792533624,
2013-06-06,True,2012-01-09,128.02,162.73,27.11295110139038,48.803311982502684,182.65030191713313,190.31306589849635,-4.026399314826945,
2013-06-07,True,2012-01-09,128.02,164.8,28.72988595531949,51.713794719575084,186.22280674628223,190.31306589849635,-2.149226661292747,
2013-06-10,True,2012-01-09,128.02,164.8,28.72988595531949,51.713794719575084,186.22280674628223,190.31306589849635,-2.149226661292747,
2013-06-11,True,2012-01-09,128.02,163.098,27.400406186533345,49.32073113576002,183.28541388675964,190.31306589849635,-3.6926797319764226,
2013-06-12,True,2012-01-09,128.02,161.75,26.34744571160754,47.42540228089358,180.95897112845387,190.31306589849635,-4.915109073504964,
2013-06-13,True,2012-01-09,128.02,164.21,28.269020465552263,50.884236837994074,185.2045565775876,190.31306589849635,-2.6842662098846004,
2013-06-14,True,2012-01-09,128.02,163.175,27.46055303858772,49.428995469457895,183.41830416301303,190.31306589849635,-3.6228525366517106,
2013-06-17,True,2012-01-09,128.02,164.44,28.44867989376658,51.20762380877985,185.6015015586041,190.31306589849635,-2.4756914706030586,
2013-06-18,True,2012-01-09,128.02,165.735,29.460240587408215,53.02843305733479,187.83647438650172,190.31306589849635,-1.3013250037785196,
2013-06-19,True,2012-01-09,128.02,163.45,27.675363224496152,49.815653804093074,183.89291229248934,190.31306589849635,-3.373469696206355,
2013-06-20,True,2012-01-09,128.02,159.4,24.51179503202625,44.12123105764725,176.9032289311108,190.31306589849635,-7.046198800947123,
2013-06-21,True,2012-01-09,128.02,159.07,24.254022808936092,43.65724105608497,176.33369917573916,190.31306589849635,-7.345458209481581,
2013-06-24,True,2012-01-09,128.02,157.06,22.683955631932506,40.831120137478514,172.86474521120314,190.31306589849635,-9.168220061464027,
2013-06-25,True,2012-01-09,128.02,158.575,23.867364474300867,42.961256053741565,175.47940454268175,190.31306589849635,-7.794347322283246,
2013-06-26,True,2012-01-09,128.02,160.14,25.08982971410716,45.16169348539289,178.18035626133795,190.31306589849635,-6.37513224847599,
2013-06-27,True,2012-01-09,128.02,161.08,25.8240899859397,46.48336197469146,179.80265314027525,190.31306589849635,-5.522696357499091,
2013-06-28,True,2012-01-09,128.02,160.42,25.308545539759386,45.555381971566895,178.663593629532,190.31306589849635,-6.121215174568007,
2013-07-01,True,2012-01-09,128.02,161.36,26.04280581159193,46.877050460865476,180.2858905084693,190.31306589849635,-5.268779283591096,
2013-07-02,True,2012-01-09,128.02,161.21,25.925636619278226,46.666145914700806,180.02701334693674,190.31306589849635,-5.404806287470398,
2013-07-03,True,2012-01-09,128.02,161.28,25.980315575691293,46.76456803624433,180.1478226889853,190.31306589849635,-5.341327018993381,
2013-07-05,True,2012-01-09,128.02,163.02,27.33947820653022,49.2110607717544,183.15079776276275,190.31306589849635,-3.76341377399364,
2013-07-08,True,2012-01-09,128.02,163.945,28.062021559131377,50.51163880643648,184.74720692554675,190.31306589849635,-2.92458058340469,
2013-07-09,True,2012-01-09,128.02,165.13,28.987658178409603,52.177784721137286,186.79233650165378,190.31306589849635,-1.8499672527583333,
2013-07-10,True,2012-01-09,128.02,165.192,29.036088111232615,52.26495860021871,186.89933906175395,190.31306589849635,-1.793742757821537,
2013-07-11,True,2012-01-09,128.02,167.44,30.792063740040597,55.425714732073075,190.77904478925493,190.77904478925493,0.0,
2013-07-12,True,2012-01-09,128.02,167.51,30.846742696453667,55.524136853616604,190.89985413130347,190.89985413130347,0.0,
2013-07-15,True,2012-01-09,128.02,168.155,31.350570223402574,56.43102640212464,192.01302592589337,192.01302592589337,0.0,
2013-07-16,True,2012-01-09,128.02,167.525,30.858459615685053,55.545227308233095,190.92574184745672,192.01302592589337,-0.5662553741829446,
2013-07-17,True,2012-01-09,128.02,167.9501,31.190517106702064,56.142930792063716,191.65939972323991,192.01302592589337,-0.1841678193176044,
2013-07-18,True,2012-01-09,128.02,168.87,31.909076706764573,57.436338072176234,193.24700706253185,193.24700706253185,0.0,
2013-07-19,True,2012-01-09,128.02,169.17,32.14341509139196,57.858147164505525,193.7647613855969,193.7647613855969,0.0,
2013-07-22,True,2012-01-09,128.02,169.5,32.401187314482094,58.32213716606777,194.3342911409685,194.3342911409685,0.0,
2013-07-23,True,2012-01-09,128.02,169.14,32.11998125292921,57.81596625527258,193.7129859532904,194.3342911409685,-0.31970949852972996,
2013-07-24,True,2012-01-09,128.02,168.52,31.635681924699256,56.94422746445866,192.64296035228924,194.3342911409685,-0.8703203015531513,
2013-07-25,True,2012-01-09,128.02,168.93,31.95594438369005,57.52069989064209,193.35055792714485,194.3342911409685,-0.5062067060054076,
2013-07-26,True,2012-01-09,128.02,169.11,32.09654741446648,57.77378534603966,193.66121052098387,194.3342911409685,-0.34635195674055375,
2013-07-29,True,2012-01-09,128.02,168.59,31.690360881112323,57.042649586002184,192.76376969433775,194.3342911409685,-0.8081545657279365,
2013-07-30,True,2012-01-09,128.02,168.588,31.688798625214787,57.039837525386616,192.7603179988506,194.3342911409685,-0.8099307296086766,
2013-07-31,True,2012-01-09,128.02,168.71,31.78409623496328,57.2113732229339,192.97087142356378,194.3342911409685,-0.7015847328846969,
2013-08-01,True,2012-01-09,128.02,170.66,33.307295735041386,59.9531323230745,196.33627452348682,196.33627452348682,0.0,
2013-08-02,True,2012-01-09,128.02,170.95,33.5338228401812,60.36088111232616,196.83677036911638,196.83677036911638,0.0,
2013-08-05,True,2012-01-09,128.02,170.7,33.338540852991706,60.00937353538507,196.4053084332288,196.83677036911638,-0.21919783335119236,
2013-08-06,True,2012-01-09,128.02,169.73,32.58084674269644,58.64552413685359,194.73123612198503,196.83677036911638,-1.0696854267538303,
2013-08-07,True,2012-01-09,128.02,169.18,32.15122637087955,57.87220746758319,193.78201986303245,196.83677036911638,-1.5519206601264268,
2013-08-08,True,2012-01-09,128.02,169.8,32.6355256991095,58.7439462583971,194.85204546403355,196.83677036911638,-1.0083100334155048,
2013-08-09,True,2012-01-09,128.02,169.31,32.25277300421807,58.05499140759253,194.0063800696939,196.83677036911638,-1.4379377867838494,
2013-08-12,True,2012-01-09,128.02,169.111,32.09732854241523,57.77519137634741,193.66293636872743,196.83677036911638,-1.6124192621313815,
2013-08-13,True,2012-01-09,128.02,169.61,32.487111388845506,58.476800499921914,194.5241343927591,196.83677036911638,-1.1749003867623564,
2013-08-14,True,2012-01-09,128.02,168.74,31.807530073426026,57.25355413216685,193.02264685587033,196.83677036911638,-1.9377088468245263,
2013-08-15,True,2012-01-09,128.02,166.38,29.964068114357122,53.93532260584282,188.94964618109165,196.83677036911638,-4.006936393659821,
2013-08-16,True,2012-01-09,128.02,165.83,29.534447742540237,53.16200593657243,188.00042992213903,196.83677036911638,-4.4891716270324284,
2013-08-19,True,2012-01-09,128.02,164.77,28.706452116856738,51.67161381034213,186.17103131397573,196.83677036911638,-5.418570440441495,
2013-08-20,True,2012-01-09,128.02,165.58,29.339165755350717,52.81049835963129,187.5689679862514,196.83677036911638,-4.708369460383654,
2013-08-21,True,2012-01-09,128.02,164.56,28.54241524761756,51.37634744571161,185.80860328783018,196.83677036911638,-5.602696620456493,
2013-08-22,True,2012-01-09,128.02,166.06,29.714107170754556,53.485392907358204,188.39737490315557,196.83677036911638,-4.287509620349351,
2013-08-23,True,2012-01-09,128.02,166.62,30.151538822059052,54.272769879706296,189.36384963954376,196.83677036911638,-3.796506473642647,
2013-08-26,True,2012-01-09,128.02,166.0,29.66723949382908,53.401031088892346,188.29382403854254,196.83677036911638,-4.340117100353636,
2013-08-27,True,2012-01-09,128.02,163.33,27.58162787064522,49.6469301671614,183.68581056326335,196.83677036911638,-6.681149960544374,
2013-08-28,True,2012-01-09,128.02,163.91,28.03468208092483,50.4624277456647,184.68680225452246,196.83677036911638,-6.172610987169625,
2013-08-29,True,2012-01-09,128.02,164.17,28.237775347601925,50.827995625683464,185.13552266784552,196.83677036911638,-5.944645240484392,
2013-08-30,True,2012-01-09,128.02,163.65,27.831588814247766,50.09685986564598,184.2380818411994,196.83677036911638,-6.400576733854857,
2013-09-03,True,2012-01-09,128.02,164.39,28.409623496328674,51.13732229339161,185.51520917142656,196.83677036911638,-5.751751147135343,
2013-09-04,True,2012-01-09,128.02,165.75,29.47195750663958,53.04952351195124,187.862362102655,196.83677036911638,-4.559314933704817,
2013-09-05,True,2012-01-09,128.02,165.96,29.63599437587876,53.34478987658177,188.22479012880052,196.83677036911638,-4.375188753689829,
2013-09-06,True,2012-01-09,128.02,166.04,29.698484611779396,53.45727230120291,188.36285794828456,196.83677036911638,-4.3050454470174415,
2013-09-09,True,2012-01-09,128.02,167.634,30.94360256209965,55.69848461177937,191.11385925150364,196.83677036911638,-2.9074400615702545,
2013-09-10,True,2012-01-09,128.02,168.87,31.909076706764573,57.436338072176234,193.24700706253185,196.83677036911638,-1.8237259734819156,
2013-09-11,True,2012-01-09,128.02,169.4,32.3230745196063,58.18153413529134,194.16170636661346,196.83677036911638,-1.3590265667773993,
2013-09-12,True,2012-01-09,128.02,168.95,31.971566942665184,57.54882049679733,193.3850748820158,196.83677036911638,-1.7535826668095722,
2013-09-13,True,2012-01-09,128.02,169.33,32.26839556319325,58.08311201374786,194.04089702456497,196.83677036911638,-1.4204019601157247,
2013-09-16,True,2012-01-09,128.02,170.31,33.03390095297609,59.461021715356964,195.73222781324424,196.83677036911638,-0.5611464533790356,
2013-09-17,True,2012-01-09,128.02,171.07,33.62755819403216,60.52960474925789,197.04387209834238,197.04387209834238,0.0,
2013-09-18,True,2012-01-09,128.02,173.051,35.17497266052176,63.31495078893917,200.46277647831548,200.46277647831548,0.0,
2013-09-19,True,2012-01-09,128.02,172.76,34.9476644274332,62.90579596937977,199.9605547849424,200.46277647831548,-0.25053114707678237,
2013-09-20,True,2012-01-09,128.02,170.72,33.354163411966866,60.03749414154036,196.43982538809982,200.46277647831548,-2.006831971945089,
2013-09-23,True,2012-01-09,128.02,169.93,32.73707233244805,58.926730198406496,195.07640567069512,200.46277647831548,-2.686968075693097,
2013-09-24,True,2012-01-09,128.02,169.53,32.424621152944844,58.36431807530072,194.386066573275,200.46277647831548,-3.0313407864515973,
2013-09-25,True,2012-01-09,128.02,169.04,32.041868458053415,57.675363224496145,193.54040117893535,200.46277647831548,-3.453197357130755,
2013-09-26,True,2012-01-09,128.02,169.69,32.54960162474612,58.589282924543014,194.66220221224302,200.46277647831548,-2.8935917021482127,
2013-09-27,True,2012-01-09,128.02,168.909,31.939540696766123,57.491173254179024,193.31431512453028,200.46277647831548,-3.565979419904153,
2013-09-30,True,2012-01-09,128.02,168.01,31.237306670832666,56.2271520074988,191.76277800307858,200.46277647831548,-4.339957087333868,
2013-10-01,True,2012-01-09,128.02,169.34,32.27620684268082,58.09717231682548,194.0581555020005,200.46277647831548,-3.1949178240618603,
2013-10-02,True,2012-01-09,128.02,169.18,32.15122637087955,57.87220746758319,193.78201986303245,200.46277647831548,-3.332666908365256,
2013-10-03,True,2012-01-09,128.02,167.62,30.93266677081705,55.67880018747069,191.089697383094,200.46277647831548,-4.675720480323376,
2013-10-04,True,2012-01-09,128.02,168.89,31.924699265739708,57.464458678331475,193.2815240174028,200.46277647831548,-3.5823371236651913,
2013-10-07,True,2012-01-09,128.02,167.43,30.78425246055303,55.411654428995455,190.76178631181944,200.46277647831548,-4.839297517933671,
2013-10-08,True,2012-01-09,128.02,165.48,29.2610529604749,52.66989532885482,187.39638321189636,200.46277647831548,-6.518114482881332,
2013-10-09,True,2012-01-09,128.02,165.6,29.354788314325873,52.83861896578657,187.60348494112242,200.46277647831548,-6.414802669653774,
2013-10-10,True,2012-01-09,128.02,169.17,32.14341509139196,57.858147164505525,193.7647613855969,200.46277647831548,-3.3412762261342377,
2013-10-11,True,2012-01-09,128.02,170.26,32.99484455553818,59.390720199968726,195.6459354260667,200.46277647831548,-2.402860589317346,
2013-10-14,True,2012-01-09,128.02,170.94,33.52601156069363,60.34682080924854,196.8195118916809,200.46277647831548,-1.8174269810279142,
2013-10-15,True,2012-01-09,128.02,169.7,32.557412904233686,58.603343227620634,194.6794606896785,200.46277647831548,-2.8849823843792533,
2013-10-16,True,2012-01-09,128.02,172.07,34.40868614279018,61.935635057022324,198.7697198418927,200.46277647831548,-0.8445740731351736,
2013-10-17,True,2012-01-09,128.02,173.22,35.30698328386188,63.55256991095139,200.75444474697548,200.75444474697548,0.0,
2013-10-18,True,2012-01-09,128.02,174.388,36.219340728011254,65.19481331042026,202.77023491144226,202.77023491144226,0.0,
2013-10-21,True,2012-01-09,128.02,174.4,36.228714263396334,65.2116856741134,202.79094508436484,202.79094508436484,0.0,
2013-10-22,True,2012-01-09,128.02,175.41,37.01765349164192,66.63177628495546,204.5340513053506,204.5340513053506,0.0,
2013-10-23,True,2012-01-09,128.02,174.57,36.3615060146852,65.45071082643335,203.0843392007684,204.5340513053506,-0.7087876543441229,
2013-10-24,True,2012-01-09,128.02,175.15,36.81456022496483,66.26620840493669,204.08533089202754,204.5340513053506,-0.2193866549160317,
2013-10-25,True,2012-01-09,128.02,175.95,37.43946258397124,67.39103265114824,205.46600908686773,205.46600908686773,0.0,
2013-10-28,True,2012-01-09,128.02,176.23,37.65817840962349,67.78472113732228,205.94924645506183,205.94924645506183,0.0,
2013-10-29,True,2012-01-09,128.02,177.17,38.39243868145601,69.10638962662081,207.57154333399907,207.57154333399907,0.0,
2013-10-30,True,2012-01-09,128.02,176.29,37.70504608654897,67.86908295578814,206.05279731967485,207.57154333399907,-0.7316735184073053,
2013-10-31,True,2012-01-09,128.02,175.79,37.31448211216997,67.16606780190595,205.18987344789969,207.57154333399907,-1.1473971084114853,
2013-11-01,True,2012-01-09,128.02,176.21,37.64255585064833,67.756600531167,205.91472950019082,207.57154333399907,-0.7981892928079826,
2013-11-04,True,2012-01-09,128.02,176.83,38.1268551788783,68.62833932198095,206.98475510119204,207.57154333399907,-0.28269204120280333,
2013-11-05,True,2012-01-09,128.02,176.27,37.68942352757381,67.84096234963286,206.01828036480384,207.57154333399907,-0.7483024620074774,
2013-11-06,True,2012-01-09,128.02,177.17,38.39243868145601,69.10638962662081,207.57154333399907,207.57154333399907,0.0,
2013-11-07,True,2012-01-09,128.02,174.93,36.642712076238084,65.95688173722856,203.7056443884465,207.57154333399907,-1.8624416832186075,
2013-11-08,True,2012-01-09,128.02,177.29,38.486174035306966,69.27511326355254,207.7786450632251,207.7786450632251,0.0,
2013-11-11,True,2012-01-09,128.02,177.32,38.50960787376971,69.31729417278548,207.83042049553163,207.83042049553163,0.0,
2013-11-12,True,2012-01-09,128.02,176.96,38.22840181221683,68.8111232619903,207.20911530785352,207.83042049553163,-0.2989481454142906,
2013-11-13,True,2012-01-09,128.02,178.38,39.33760349945319,70.80768629901574,209.65981910369487,209.65981910369487,0.0,
2013-11-14,True,2012-01-09,128.02,179.27,40.032807373847824,72.05905327292608,211.19582359545464,211.19582359545464,0.0,
2013-11-15,True,2012-01-09,128.02,180.05,40.64208717387907,73.15575691298233,212.54198483542388,212.54198483542388,0.0,
2013-11-18,True,2012-01-09,128.02,179.42,40.14997656616153,72.26995781909075,211.4547007569872,212.54198483542388,-0.5115620235120133,
2013-11-19,True,2012-01-09,128.02,179.03,39.84533666614591,71.72160599906265,210.7816201370026,212.54198483542388,-0.8282432761622993,
2013-11-20,True,2012-01-09,128.02,178.47,39.40790501484142,70.93422902671456,209.8151454006144,212.54198483542388,-1.2829650748396482,
2013-11-21,True,2012-01-09,128.02,179.91,40.532729261052935,72.95891266989528,212.3003661513268,212.54198483542388,-0.11368044966935109,
2013-11-22,True,2012-01-09,128.02,180.81,41.23574441493516,74.22433994688329,213.85362912052207,213.85362912052207,0.0,
2013-11-25,True,2012-01-09,128.02,180.63,41.09514138415871,73.97125449148568,213.542976526683,213.85362912052207,-0.1452641206589056,
2013-11-26,True,2012-01-09,128.02,180.68,41.13419778159661,74.0415560068739,213.62926891386053,213.85362912052207,-0.1049129760314238,
2013-11-27,True,2012-01-09,128.02,181.12,41.47789407905014,74.66020934229024,214.38864192102267,214.38864192102267,0.0,
2013-11-29,True,2012-01-09,128.02,181.0,41.384158725199185,74.49148570535854,214.18154019179664,214.38864192102267,-0.09660107334525936,
2013-12-02,True,2012-01-09,128.02,180.53,41.01702858928291,73.83065146070923,213.370391752328,214.38864192102267,-0.47495527728086406,
2013-12-03,True,2012-01-09,128.02,179.75,40.40774878925166,72.733947820653,212.0242305123588,214.38864192102267,-1.1028622540250388,
2013-12-04,True,2012-01-09,128.02,179.73,40.3921262302765,72.7058272144977,211.9897135574878,214.38864192102267,-1.1189624329159265,
2013-12-05,True,2012-01-09,128.02,178.94,39.77503515075769,71.59506327136384,210.62629384008306,214.38864192102267,-1.754919499105545,
2013-12-06,True,2012-01-09,128.02,180.94,41.337291048273684,74.40712388689263,214.0779893271836,214.38864192102267,-0.14490161001790014,
2013-12-09,True,2012-01-09,128.02,181.4,41.696609904702385,75.0538978284643,214.87187928921676,214.87187928921676,0.0,
2013-12-10,True,2012-01-09,128.02,180.75,41.18887673800968,74.13997812841743,213.75007825590905,214.87187928921676,-0.5220790347338911,
2013-12-11,True,2012-01-09,128.02,178.72,39.603187002030914,71.28573660365565,210.246607336502,214.87187928921676,-2.152572020133525,
2013-12-12,True,2012-01-09,128.02,178.13,39.14232151226369,70.45617872207465,209.22835716780733,214.87187928921676,-2.6264591439688956,
2013-12-13,True,2012-01-09,128.02,178.11,39.12669895328855,70.4280581159194,209.19384021293635,214.87187928921676,-2.6425231142683803,
2013-12-16,True,2012-01-09,128.02,179.216,39.990626464614905,71.98312763630683,211.102627817303,214.87187928921676,-1.7541855567058118,
2013-12-17,True,2012-01-09,128.02,178.65,39.54850804561787,71.18731448211217,210.12579799445348,214.87187928921676,-2.208795916181794,
2013-12-18,True,2012-01-09,128.02,181.7,41.93094828932977,75.47570692079358,215.3896336122818,215.3896336122818,0.0,
2013-12-19,True,2012-01-09,128.02,181.49,41.766911420090615,75.1804405561631,215.0272055861363,215.3896336122818,-0.16826623457557588,
2013-12-20,True,2012-01-09,128.02,181.56,41.82159037650366,75.27886267770658,215.1480149281848,215.3896336122818,-0.11217748971704689,
2013-12-23,True,2012-01-09,128.02,182.53,42.579284486798926,76.64271207623807,216.82208723942855,216.82208723942855,0.0,
2013-12-24,True,2012-01-09,128.02,182.93,42.89173566630213,77.20512419934384,217.51242633684865,217.51242633684865,0.0,
2013-12-26,True,2012-01-09,128.02,183.855,43.61427901890327,78.50570223402589,219.10883549963262,219.10883549963262,0.0,
2013-12-27,True,2012-01-09,128.02,183.845,43.6064677394157,78.49164193094826,219.09157702219713,219.10883549963262,-0.007876668869211123,
2013-12-30,True,2012-01-09,128.02,183.82,43.58693954069675,78.45649117325415,219.0484308286084,219.10883549963262,-0.027568341042250033,
2013-12-31,True,2012-01-09,128.02,184.69,44.26652085611622,79.6797375410092,220.54991836549715,220.54991836549715,0.0,
2014-01-02,True,2012-01-09,128.02,182.92,42.88392438681454,77.19106389626617,217.49516785941313,220.54991836549715,-1.3850608192117586,
2014-01-03,True,2012-01-09,128.02,182.885,42.85658490860802,77.14185283549443,217.4347631883889,220.54991836549715,-1.4124490275012391,
2014-01-06,True,2012-01-09,128.02,182.36,42.44649273551006,76.40368692391812,216.528693123025,220.54991836549715,-1.8232721518437134,
2014-01-07,True,2012-01-09,128.02,183.48,43.32135603811902,77.97844086861424,218.4616425958013,220.54991836549715,-0.9468494865797927,
2014-01-08,True,2012-01-09,128.02,183.52,43.35260115606936,78.03468208092485,218.5306765055433,220.54991836549715,-0.9155486771060706,
2014-01-09,True,2012-01-09,128.02,183.64,43.446336509920314,78.20340571785657,218.73777823476937,220.54991836549715,-0.8216462486849263,
2014-01-10,True,2012-01-09,128.02,184.14,43.83690048429931,78.90642087173876,219.60070210654447,220.54991836549715,-0.4303861302635492,
2014-01-13,True,2012-01-09,128.02,181.685,41.91923137009841,75.45461646617714,215.36374589612853,220.54991836549715,-2.351473311712615,
2014-01-14,True,2012-01-09,128.02,183.67,43.469770348383044,78.24558662708948,218.7895536670758,220.54991836549715,-0.7981706415796763,
2014-01-15,True,2012-01-09,128.02,184.66,44.24308701765347,79.63755663177625,220.4981429331906,220.54991836549715,-0.023475607105305496,
2014-01-16,True,2012-01-09,128.02,184.42,44.05561630995154,79.30010935791277,220.08393947473851,220.54991836549715,-0.21128046394758293,
2014-01-17,True,2012-01-09,128.02,183.635,43.442430870176516,78.19637556631773,218.72914899605158,220.54991836549715,-0.8255588498691568,
2014-01-21,True,2012-01-09,128.02,184.18,43.868145602249655,78.96266208404938,219.66973601628652,220.54991836549715,-0.39908532078981596,
2014-01-22,True,2012-01-09,128.02,184.3,43.96188095610061,79.1313857209811,219.87683774551252,220.54991836549715,-0.305182892368705,
2014-01-23,True,2012-01-09,128.02,182.79,42.782377753476,77.0082799562568,217.2708076527516,220.54991836549715,-1.4867884500013084,
2014-01-24,True,2012-01-09,128.02,178.89,39.73597875331978,71.5247617559756,210.54000145290553,220.54991836549715,-4.538617373688214,
2014-01-27,True,2012-01-09,128.02,178.01,39.04858615841273,70.28745508514292,209.02125543858133,220.54991836549715,-5.227235182109846,
2014-01-28,True,2012-01-09,128.02,179.07,39.87658178409621,71.77784721137319,210.85065404674455,220.54991836549715,-4.397763731056525,
2014-01-29,True,2012-01-09,128.02,177.35,38.53304171223244,69.35947508201839,207.8821959278381,220.54991836549715,-5.743698538426112,
2014-01-30,True,2012-01-09,128.02,179.23,40.001562255897504,72.00281206061551,211.12678968571262,220.54991836549715,-4.272560493161659,
2014-01-31,True,2012-01-09,128.02,178.18,39.181377909701595,70.52648023746288,209.31464955498484,220.54991836549715,-5.094206741846596,
2014-02-03,True,2012-01-09,128.02,174.17,36.04905483518199,64.88829870332759,202.39400010334828,220.54991836549715,-8.232112891586175,
2014-02-04,True,2012-01-09,128.02,175.385,36.998125292922964,66.59662552726134,204.49090511176183,220.54991836549715,-7.281350803822195,RAW_DECISION
2014-02-05,False,,,175.17,,,204.49090511176183,220.54991836549715,-7.281350803822195,
2014-02-06,False,,,177.48,,,204.49090511176183,220.54991836549715,-7.281350803822195,
2014-02-07,False,,,179.68,,,204.49090511176183,220.54991836549715,-7.281350803822195,
2014-02-10,False,,,180.01,,,204.49090511176183,220.54991836549715,-7.281350803822195,
2014-02-11,False,,,181.98,,,204.49090511176183,220.54991836549715,-7.281350803822195,
2014-02-12,False,,,182.07,,,204.49090511176183,220.54991836549715,-7.281350803822195,
2014-02-13,False,,,183.01,,,204.49090511176183,220.54991836549715,-7.281350803822195,
2014-02-14,False,,,184.02,,,204.49090511176183,220.54991836549715,-7.281350803822195,
2014-02-18,False,,,184.24,,,204.49090511176183,220.54991836549715,-7.281350803822195,
2014-02-19,False,,,183.02,,,204.49090511176183,220.54991836549715,-7.281350803822195,
2014-02-20,False,,,184.1,,,204.49090511176183,220.54991836549715,-7.281350803822195,
2014-02-21,False,,,183.89,,,204.49090511176183,220.54991836549715,-7.281350803822195,
2014-02-24,False,,,184.91,,,204.49090511176183,220.54991836549715,-7.281350803822195,
2014-02-25,False,,,184.84,,,204.49090511176183,220.54991836549715,-7.281350803822195,
2014-02-26,True,2014-02-26,184.85,184.85,0.0,0.0,204.49090511176183,220.54991836549715,-7.281350803822195,
2014-02-27,True,2014-02-26,184.85,185.82,0.5247497971328174,0.9445496348390714,206.42242320927411,220.54991836549715,-6.405577141411967,
2014-02-28,True,2014-02-26,184.85,186.29,0.7790100081146889,1.40221801460644,207.35831342147074,220.54991836549715,-5.981233201893632,
2014-03-03,True,2014-02-26,184.85,184.98,0.07032729239924151,0.12658912631863473,204.7497683619439,220.54991836549715,-7.163979075870309,
2014-03-04,True,2014-02-26,184.85,187.58,1.476873140384094,2.658371652691369,209.9270333655849,220.54991836549715,-4.816544516832655,
2014-03-05,True,2014-02-26,184.85,187.75,1.56883959967542,2.823911279415756,210.26554684659223,220.54991836549715,-4.663058411049404,
2014-03-06,True,2014-02-26,184.85,188.18,1.8014606437652292,3.2426291587774125,211.1217868279637,220.54991836549715,-4.274828849362389,
2014-03-07,True,2014-02-26,184.85,188.26,1.844738977549354,3.320530159588837,211.28108728961408,220.54991836549715,-4.202600093699738,
2014-03-10,True,2014-02-26,184.85,188.16,1.790641060319187,3.2231539085745364,211.08196171255102,220.54991836549715,-4.292886038278077,
2014-03-11,True,2014-02-26,184.85,187.23,1.2875304300784318,2.3175547741411773,209.23009384586396,220.54991836549715,-5.1325453228569735,
2014-03-12,True,2014-02-26,184.85,187.28,1.3145793886935486,2.3662428996483875,209.32965663439563,220.54991836549715,-5.087402350567727,
2014-03-13,True,2014-02-26,184.85,185.18,0.1785231268596199,0.32134162834731583,205.14801951607012,220.54991836549715,-6.983407186713563,
2014-03-14,True,2014-02-26,184.85,184.66,-0.10278604273735725,-0.18501487692724305,204.11256651534188,220.54991836549715,-7.452894098521112,
2014-03-17,True,2014-02-26,184.85,186.33,0.8006491750067735,1.4411685150121922,207.437963652296,220.54991836549715,-5.945118824062279,
2014-03-18,True,2014-02-26,184.85,187.66,1.520151474168241,2.7362726535028337,210.0863338272354,220.54991836549715,-4.744315761169959,
2014-03-19,True,2014-02-26,184.85,186.66,0.9791723018663712,1.762510143359468,208.09507805660422,220.54991836549715,-5.647175206953681,
2014-03-20,True,2014-02-26,184.85,187.747,1.5672166621585104,2.8209899918853187,210.25957307928033,220.54991836549715,-4.665766989386766,
2014-03-21,True,2014-02-26,184.85,186.2,0.7303218826075097,1.3145793886935175,207.1791004021139,220.54991836549715,-6.062490552014177,
2014-03-24,True,2014-02-26,184.85,185.43,0.3137679199350929,0.5647822558831672,205.64583345872794,220.54991836549715,-6.757692325267628,
2014-03-25,True,2014-02-26,184.85,186.31,0.7898295915607312,1.4216932648093161,207.39813853688338,220.54991836549715,-5.963176012977945,
2014-03-26,True,2014-02-26,184.85,184.97,0.06491750067623148,0.11685150121721666,204.7298558042376,220.54991836549715,-7.173007670328135,
2014-03-27,True,2014-02-26,184.85,184.58,-0.14606437652149307,-0.2629158777386875,203.95326605369146,220.54991836549715,-7.525122854183774,
2014-03-28,True,2014-02-26,184.85,185.49,0.34622667027319753,0.6232080064917556,205.7653088049658,220.54991836549715,-6.703520758520609,
2014-03-31,True,2014-02-26,184.85,187.01,1.1685150121720334,2.10332702190966,208.79201757632515,220.54991836549715,-5.331174400929362,
2014-04-01,True,2014-02-26,184.85,188.25,1.8393291858263439,3.310792534487419,211.2611747319078,220.54991836549715,-4.211628688157553,
2014-04-02,True,2014-02-26,184.85,188.88,2.1801460643765314,3.9242629158777564,212.51566586740546,220.54991836549715,-3.642827237313806,
2014-04-03,True,2014-02-26,184.85,188.63,2.0449012713010584,3.680822288341905,212.01785192474765,220.54991836549715,-3.868542098759742,
2014-04-04,True,2014-02-26,184.85,186.4,0.8385177170678881,1.5093318907221986,207.57735155624013,220.54991836549715,-5.881918662857433,
2014-04-07,True,2014-02-26,184.85,184.34,-0.2758993778739449,-0.49661888017310085,203.47536466873996,220.54991836549715,-7.741809121171883,
2014-04-08,True,2014-02-26,184.85,185.1,0.135244793075473,0.24344062753585138,204.98871905441965,220.54991836549715,-7.055635942376249,
2014-04-09,True,2014-02-26,184.85,187.09,1.2117933459561803,2.1812280227211245,208.95131803797562,220.54991836549715,-5.258945645266677,
2014-04-10,True,2014-02-26,184.85,183.155,-0.9169596970516558,-1.6505274546929805,201.11572658054203,220.54991836549715,-8.81169756442558,
2014-04-11,True,2014-02-26,184.85,181.51,-1.8068704354882392,-3.2523667838788306,197.8401108378537,220.54991836549715,-10.296901352739818,
2014-04-14,True,2014-02-26,184.85,182.9401,-1.0332161211793256,-1.859789018122786,200.6878057154334,220.54991836549715,-9.005722059324494,
2014-04-15,True,2014-02-26,184.85,184.2,-0.3516364619962187,-0.6329456315931936,203.19658886085156,220.54991836549715,-7.868209443581609,
2014-04-16,True,2014-02-26,184.85,186.125,0.689748444684879,1.241547200432782,207.0297562193166,220.54991836549715,-6.130205010447942,
2014-04-17,True,2014-02-26,184.85,186.39,0.8331079253448781,1.4995942656207806,207.55743899853385,220.54991836549715,-5.8909472573152595,
2014-04-21,True,2014-02-26,184.85,187.04,1.1847443873410857,2.132539897213954,208.8517552494441,220.54991836549715,-5.304088617555847,
2014-04-22,True,2014-02-26,184.85,187.89,1.6445766837976716,2.960238030835809,210.54432265448057,220.54991836549715,-4.5366580886397,
2014-04-23,True,2014-02-26,184.85,187.45,1.4065458479848525,2.5317825263727345,209.6681701154029,220.54991836549715,-4.93391624478452,
2014-04-24,True,2014-02-26,184.85,187.83,1.612117933459567,2.9018122802272206,210.4248473082427,220.54991836549715,-4.5908296553867185,
2014-04-25,True,2014-02-26,184.85,186.29,0.7790100081146889,1.40221801460644,207.35831342147074,220.54991836549715,-5.981233201893632,
2014-04-28,True,2014-02-26,184.85,186.875,1.0954828239112757,1.9718690830402963,208.52319804728995,220.54991836549715,-5.453060426110168,
2014-04-29,True,2014-02-26,184.85,187.75,1.56883959967542,2.823911279415756,210.26554684659223,220.54991836549715,-4.663058411049404,
2014-04-30,True,2014-02-26,184.85,188.43,1.93670543684068,3.486069786313224,211.61960077062142,220.54991836549715,-4.049113987916487,
2014-05-01,True,2014-02-26,184.85,188.325,1.8799026237489747,3.3838247227481544,211.4105189147051,220.54991836549715,-4.143914229723789,
2014-05-02,True,2014-02-26,184.85,188.06,1.7365431430889977,3.125777657560196,210.8828361354879,220.54991836549715,-4.383171982856449,
2014-05-05,True,2014-02-26,184.85,188.42,1.93129564511767,3.476332161211806,211.59968821291514,220.54991836549715,-4.058142582374302,
2014-05-06,True,2014-02-26,184.85,186.78,1.0440898025426026,1.8793616445766848,208.33402874908,220.54991836549715,-5.538832073459609,
2014-05-07,True,2014-02-26,184.85,187.88,1.6391668920746616,2.950500405734391,210.5244100967743,220.54991836549715,-4.545686683097527,
2014-05-08,True,2014-02-26,184.85,187.675,1.5282661617527893,2.7508790911550207,210.11620266379492,220.54991836549715,-4.730772869483168,
2014-05-09,True,2014-02-26,184.85,187.96,1.6824452258588085,3.0284014065458553,210.6837105584248,220.54991836549715,-4.47345792743482,
2014-05-12,True,2014-02-26,184.85,189.785,2.669732215309706,4.8055179875574705,214.3177523398266,220.54991836549715,-2.825739438879571,
2014-05-13,True,2014-02-26,184.85,189.96,2.764403570462548,4.9759264268325865,214.66622209968713,220.54991836549715,-2.667739035867389,
2014-05-14,True,2014-02-26,184.85,189.06,2.2775223153908675,4.099540167703561,212.87409190611908,220.54991836549715,-3.4803125370727273,
2014-05-15,True,2014-02-26,184.85,187.4,1.379496889369758,2.483094400865564,209.5686073268713,220.54991836549715,-4.979059217073722,
2014-05-16,True,2014-02-26,184.85,188.05,1.7311333513659877,3.116040032458778,210.86292357778163,220.54991836549715,-4.392200577314275,
2014-05-19,True,2014-02-26,184.85,188.74,2.1044089802542576,3.7879361644576637,212.2368900595171,220.54991836549715,-3.7692275597235203,
2014-05-20,True,2014-02-26,184.85,187.55,1.4606437652150417,2.629158777387075,209.867295692466,220.54991836549715,-4.843630300206147,
2014-05-21,True,2014-02-26,184.85,189.13,2.315390857451982,4.167703543413568,213.0134798100632,220.54991836549715,-3.4171123758679034,
2014-05-22,True,2014-02-26,184.85,189.59,2.5642412767108436,4.615634298079518,213.92945746455356,220.54991836549715,-3.001797030807374,
2014-05-23,True,2014-02-26,184.85,190.35,2.9753854476602726,5.355693805788491,215.44281185023328,220.54991836549715,-2.315623852011739,
2014-05-27,True,2014-02-26,184.85,191.52,3.6083310792534684,6.494995942656243,217.77258110187176,220.54991836549715,-1.2592783004447772,
2014-05-28,True,2014-02-26,184.85,191.38,3.5325939951311947,6.35866919123615,217.4938052939834,220.54991836549715,-1.3856786228545026,
2014-05-29,True,2014-02-26,184.85,192.37,4.068163375710032,7.322694076278058,219.4651485069082,220.54991836549715,-0.4918477715286418,
2014-05-30,True,2014-02-26,184.85,192.68,4.23586691912361,7.624560454422498,220.08243779580386,220.54991836549715,-0.21196134333569816,
2014-06-02,True,2014-02-26,184.85,192.895,4.352177441168514,7.833919394103326,220.51055778648956,220.54991836549715,-0.017846562492196405,
2014-06-03,True,2014-02-26,184.85,192.8,4.300784419799841,7.741411955639714,220.3213884882796,220.54991836549715,-0.10361820984164938,
2014-06-04,True,2014-02-26,184.85,193.19,4.511766296997566,8.121179334595618,221.09797823882576,221.09797823882576,0.0,
2014-06-05,True,2014-02-26,184.85,194.45,5.193400054097919,9.348120097376254,223.60696050982102,223.60696050982102,0.0,
2014-06-06,True,2014-02-26,184.85,195.375,5.693805788477158,10.248850419258885,225.44887209765494,225.44887209765494,0.0,
2014-06-09,True,2014-02-26,184.85,195.58,5.80470651879903,10.448471733838254,225.85707953063425,225.85707953063425,0.0,
2014-06-10,True,2014-02-26,184.85,195.6,5.815526102245072,10.46794698404113,225.8969046460469,225.8969046460469,0.0,
2014-06-11,True,2014-02-26,184.85,194.92,5.44766026507979,9.805788477143622,224.54285072201768,225.8969046460469,-0.5994123408423202,
2014-06-12,True,2014-02-26,184.85,193.54,4.701109007303228,8.461996213145811,221.79491775854672,225.8969046460469,-1.8158667972575815,
2014-06-13,True,2014-02-26,184.85,194.13,5.020286718961331,9.036516094130397,222.9697586632191,225.8969046460469,-1.2957884427032273,
2014-06-16,True,2014-02-26,184.85,194.29,5.106843386529625,9.192318095753325,223.28835958652004,225.8969046460469,-1.1547502448579938,
2014-06-17,True,2014-02-26,184.85,194.83,5.398972139572633,9.71814985123074,224.3636377026609,225.8969046460469,-0.6787463271302641,
2014-06-18,True,2014-02-26,184.85,196.255,6.169867460102796,11.105761428185033,227.20117717581033,227.20117717581033,0.0,
2014-06-19,True,2014-02-26,184.85,196.48,6.29158777387071,11.32485799296728,227.6492097242023,227.6492097242023,0.0,
2014-06-20,True,2014-02-26,184.85,195.94,5.999459020827702,10.799026237489864,226.5739316080615,227.6492097242023,-0.4723399292461794,
2014-06-23,True,2014-02-26,184.85,195.88,5.9670002704895975,10.740600486881275,226.45445626182365,227.6492097242023,-0.5248221436068734,
2014-06-24,True,2014-02-26,184.85,194.7,5.328644847173392,9.591560724912105,224.10477445247884,227.6492097242023,-1.5569723593671037,
2014-06-25,True,2014-02-26,184.85,195.58,5.80470651879903,10.448471733838254,225.85707953063425,227.6492097242023,-0.7872332154103323,
2014-06-26,True,2014-02-26,184.85,195.44,5.728969434676756,10.312144982418161,225.5783037227459,227.6492097242023,-0.9096917155852813,
2014-06-27,True,2014-02-26,184.85,195.82,5.934541520151471,10.682174736272648,226.33498091558573,227.6492097242023,-0.5773043579675785,
2014-06-30,True,2014-02-26,184.85,195.72,5.880443602921281,10.584798485258307,226.1358553385226,227.6492097242023,-0.6647747152354055,
2014-07-01,True,2014-02-26,184.85,197.03,6.589126318636729,11.860427373546113,228.74440039804944,228.74440039804944,0.0,
2014-07-02,True,2014-02-26,184.85,197.23,6.697322153097107,12.055179875574794,229.14265155217566,229.14265155217566,0.0,
2014-07-03,True,2014-02-26,184.85,198.2,7.2220719502299024,12.999729510413825,231.07416964968786,231.07416964968786,0.0,
2014-07-07,True,2014-02-26,184.85,197.51,6.8487963213416325,12.327833378414939,229.70020316795242,231.07416964968786,-0.5945997702029526,
2014-07-08,True,2014-02-26,184.85,196.24,6.16175277251827,11.091154990532885,227.17130833925086,231.07416964968786,-1.6890080428954013,
2014-07-09,True,2014-02-26,184.85,197.12,6.637814444143908,11.948065999459034,228.92361341740627,231.07416964968786,-0.930677901187249,
2014-07-10,True,2014-02-26,184.85,196.34,6.215850689748459,11.188531241547226,227.37043391631397,231.07416964968786,-1.6028341631558418,
2014-07-11,True,2014-02-26,184.85,196.61,6.361915066269952,11.451447119285914,227.9080729743844,231.07416964968786,-1.3701646878590212,
2014-07-14,True,2014-02-26,184.85,197.6,6.8974844468487895,12.415472004327821,229.8794161873092,231.07416964968786,-0.5170432784373569,
2014-07-15,True,2014-02-26,184.85,197.23,6.697322153097107,12.055179875574794,229.14265155217566,231.07416964968786,-0.835886633473748,
2014-07-16,True,2014-02-26,184.85,197.96,7.092236948877484,12.766026507979472,230.5962682647365,231.07416964968786,-0.20681731137490722,
2014-07-17,True,2014-02-26,184.85,195.71,5.875033811198271,10.575060860156889,226.11594278081634,231.07416964968786,-2.14572960551509,
2014-07-18,True,2014-02-26,184.85,197.7099,6.956938057884776,12.522488504192598,230.0982551965016,231.07416964968786,-0.42233818460356565,
2014-07-21,True,2014-02-26,184.85,197.34,6.7568298620503064,12.162293751690552,229.3616896869451,231.07416964968786,-0.7410953657602248,
2014-07-22,True,2014-02-26,184.85,198.2,7.2220719502299024,12.999729510413825,231.07416964968786,231.07416964968786,0.0,
2014-07-23,True,2014-02-26,184.85,198.64,7.460102786042744,13.42818501487694,231.95032218876568,231.95032218876568,0.0,
2014-07-24,True,2014-02-26,184.85,198.65,7.465512577765754,13.437922639978357,231.97023474647193,231.97023474647193,0.0,
2014-07-25,True,2014-02-26,184.85,197.72,6.962401947525021,12.532323505545039,230.11836687978493,231.97023474647193,-0.7983213314893489,
2014-07-28,True,2014-02-26,184.85,197.8,7.00568028130919,12.610224506356543,230.27766734143552,231.97023474647193,-0.7296485287805465,
2014-07-29,True,2014-02-26,184.85,196.95,6.545847984852582,11.782526372734647,228.58509993639896,231.97023474647193,-1.4592970575611597,
2014-07-30,True,2014-02-26,184.85,196.98,6.562077360021634,11.811739248038942,228.64483760951785,231.97023474647193,-1.4335447565453907,
2014-07-31,True,2014-02-26,184.85,193.09,4.457668379767377,8.023803083581278,220.89885266176265,231.97023474647193,-4.772759788258851,
2014-08-01,True,2014-02-26,184.85,192.5,4.138490668109274,7.449283202596693,219.72401175709027,231.97023474647193,-5.279221708235959,
2014-08-04,True,2014-02-26,184.85,193.89,4.890451717608868,8.802813091695963,222.4918572782676,231.97023474647193,-4.086031761171249,
2014-08-05,True,2014-02-26,184.85,192.01,3.87341087368136,6.972139572626448,218.748296429481,231.97023474647193,-5.699842624827111,
2014-08-06,True,2014-02-26,184.85,192.07,3.9058696240194646,7.030565323235036,218.8677717757188,231.97023474647193,-5.648338022795574,
2014-08-07,True,2014-02-26,184.85,191.03,3.3432512848255325,6.017852312685958,216.79686577426247,231.97023474647193,-6.541084458009427,
2014-08-08,True,2014-02-26,184.85,193.24,4.53881525561266,8.16986746010279,221.19754102735735,231.97023474647193,-4.643998283179918,
2014-08-11,True,2014-02-26,184.85,193.795,4.839058696240195,8.710305653232352,222.3026879800576,231.97023474647193,-4.167580714387908,
2014-08-12,True,2014-02-26,184.85,193.53,4.695699215580196,8.452258588044353,221.77500520084035,231.97023474647193,-4.395059373360677,
2014-08-13,True,2014-02-26,184.85,194.84,5.404381931295643,9.727887476332159,224.38355026036717,231.97023474647193,-3.270542229004725,
2014-08-14,True,2014-02-26,184.85,195.76,5.902082769813366,10.62374898566406,226.21550556934787,231.97023474647193,-2.4808049978539692,
2014-08-15,True,2014-02-26,184.85,195.72,5.880443602921281,10.584798485258307,226.1358553385226,231.97023474647193,-2.515141399208365,
2014-08-18,True,2014-02-26,184.85,197.36,6.767649445496349,12.181769001893429,229.40151480235775,231.97023474647193,-1.1073489436787542,
2014-08-19,True,2014-02-26,184.85,198.39,7.324857992967271,13.184744387341087,231.45250824610787,231.97023474647193,-0.22318660880344954,
2014-08-20,True,2014-02-26,184.85,198.92,7.611576954287247,13.700838517717045,232.5078738045423,232.5078738045423,0.0,
2014-08-21,True,2014-02-26,184.85,199.5,7.92534487422234,14.265620773600212,233.66280215150843,233.66280215150843,0.0,
2014-08-22,True,2014-02-26,184.85,199.19,7.757641330808762,13.963754395455773,233.04551286261275,233.66280215150843,-0.26417952845375625,
2014-08-25,True,2014-02-26,184.85,200.2,8.304030294833641,14.947254530700555,235.05668119095023,235.05668119095023,0.0,
2014-08-26,True,2014-02-26,184.85,200.33,8.374357587232906,15.07384365701923,235.31554444113235,235.31554444113235,0.0,
2014-08-27,True,2014-02-26,184.85,200.25,8.331079253448737,14.995942656207726,235.1562439794818,235.31554444113235,-0.06769653149302224,
2014-08-28,True,2014-02-26,184.85,200.14,8.271571544495536,14.888828780091966,234.9372058447124,235.31554444113235,-0.1607792622958626,
2014-08-29,True,2014-02-26,184.85,200.71,8.579929672707598,15.443873410873676,236.07222163397213,236.07222163397213,0.0,
2014-09-02,True,2014-02-26,184.85,200.61,8.52583175547743,15.346497159859375,235.8730960569091,236.07222163397213,-0.08434943157851205,
2014-09-03,True,2014-02-26,184.85,200.5,8.46632404652421,15.23938328374358,235.6540579221396,236.07222163397213,-0.17713380631495523,
2014-09-04,True,2014-02-26,184.85,200.2101,8.309494184473909,14.957089532053036,235.07679287423366,236.07222163397213,-0.4216628084611651,
2014-09-05,True,2014-02-26,184.85,201.11,8.796321341628355,15.833378414931039,236.86872394222465,236.86872394222465,0.0,
2014-09-08,True,2014-02-26,184.85,200.59,8.515012172031389,15.3270219096565,235.83327094149644,236.86872394222465,-0.4371421365788941,
2014-09-09,True,2014-02-26,184.85,199.32,7.827968623208004,14.090343521774408,233.3043761127948,236.86872394222465,-1.504777739377372,
2014-09-10,True,2014-02-26,184.85,200.07,8.2337030024344,14.82066540438192,234.79781794076817,236.86872394222465,-0.8742842731578215,
2014-09-11,True,2014-02-26,184.85,200.3,8.358128212063853,15.044630781714936,235.25580676801346,236.86872394222465,-0.6809329435170985,
2014-09-12,True,2014-02-26,184.85,199.13,7.7251825804706575,13.905328644847184,232.92603751637495,236.86872394222465,-1.6645027508196408,
2014-09-15,True,2014-02-26,184.85,198.981,7.644576683797677,13.760238030835819,232.62934040655085,236.86872394222465,-1.7897607861086073,
2014-09-16,True,2014-02-26,184.85,200.48,8.455504463078167,15.219908033540701,235.61423280672696,236.86872394222465,-0.5296145116244544,
2014-09-17,True,2014-02-26,184.85,200.75,8.601568839599683,15.482823911279429,236.1518718647974,236.86872394222465,-0.30263686378539933,
2014-09-18,True,2014-02-26,184.85,201.82,9.180416553962667,16.524749797132802,238.28251553937275,238.28251553937275,0.0,
2014-09-19,True,2014-02-26,184.85,200.7,8.574519880984589,15.434135785772261,236.05230907626586,238.28251553937275,-0.9359505283292102,
2014-09-22,True,2014-02-26,184.85,199.15,7.7360021639167,13.92480389505006,232.9658626317876,238.28251553937275,-2.23123920592766,
2014-09-23,True,2014-02-26,184.85,198.01,7.119285907492556,12.814714633486602,230.69583105326797,238.28251553937275,-3.183903136548516,
2014-09-24,True,2014-02-26,184.85,199.56,7.957803624560467,14.32404652420884,233.78227749774635,238.28251553937275,-1.888614458950011,
2014-09-25,True,2014-02-26,184.85,196.34,6.215850689748459,11.188531241547226,227.37043391631397,238.28251553937275,-4.579472227896519,
2014-09-26,True,2014-02-26,184.85,197.9,7.059778198539357,12.707600757370843,230.4767929184986,238.28251553937275,-3.2758268491522524,
2014-09-29,True,2014-02-26,184.85,197.54,6.865025696510685,12.357046253719233,229.75994084107134,238.28251553937275,-3.5766680904009474,
2014-09-30,True,2014-02-26,184.85,197.02,6.583716526913719,11.850689748444694,228.72448784034316,238.28251553937275,-4.011216549982355,
2014-10-01,True,2014-02-26,184.85,194.35,5.139302136867729,9.250743846361914,223.4078349327579,238.28251553937275,-6.2424557559100595,
2014-10-02,True,2014-02-26,184.85,194.38,5.155531512036782,9.279956721666208,223.46757260587685,238.28251553937275,-6.217385652472663,
2014-10-03,True,2014-02-26,184.85,196.52,6.313226940762795,11.363808493373032,227.72885995502762,238.28251553937275,-4.429051607272161,
2014-10-06,True,2014-02-26,184.85,196.29,6.188801731133342,11.139843116040016,227.27087112778236,238.28251553937275,-4.621255733625529,
2014-10-07,True,2014-02-26,184.85,193.26,4.549634839058703,8.189342710305665,221.23736614277,238.28251553937275,-7.153336180801862,
2014-10-08,True,2014-02-26,184.85,196.64,6.378144441439004,11.480659994590209,227.96781064750328,238.28251553937275,-4.32877119352264,
2014-10-09,True,2014-02-26,184.85,192.74,4.268325669461737,7.682986205031126,220.20191314204178,238.28251553937275,-7.58788464038328,
2014-10-10,True,2014-02-26,184.85,190.54,3.0781714903976187,5.540708682715714,215.82115044665318,238.28251553937275,-9.426358892458541,
2014-10-13,True,2014-02-26,184.85,187.4099,1.3848525831755554,2.4927346497159997,209.5883207590006,238.28251553937275,-12.042089918104315,
2014-10-14,True,2014-02-26,184.85,187.7,1.5417906410603255,2.775223153908586,210.1659840580607,238.28251553937275,-11.799662017864755,
2014-10-15,True,2014-02-26,184.85,186.43,0.8547470922369627,1.5385447660265328,207.6370892293591,238.28251553937275,-12.860963063380925,
2014-10-16,True,2014-02-26,184.85,186.27,0.7681904246686688,1.3827427644036039,207.31848830605816,238.28251553937275,-12.99467028171366,
2014-10-17,True,2014-02-26,184.85,188.47,1.9583446037327645,3.525020286718976,211.69925100144667,238.28251553937275,-11.156196029638432,
2014-10-20,True,2014-02-26,184.85,190.3,2.948336489045178,5.30700568028132,215.34324906170173,238.28251553937275,-9.62691971995765,
2014-10-21,True,2014-02-26,184.85,194.07,4.987827968623204,8.978090343521767,222.8502833169812,238.28251553937275,-6.476443387992347,
2014-10-22,True,2014-02-26,184.85,192.69,4.241276710846642,7.634298079523956,220.10235035351022,238.28251553937275,-7.629668146112268,RAW_DECISION
2014-10-23,False,,,194.93,,,220.10235035351022,238.28251553937275,-7.629668146112268,
2014-10-24,False,,,196.43,,,220.10235035351022,238.28251553937275,-7.629668146112268,
2014-10-27,False,,,196.16,,,220.10235035351022,238.28251553937275,-7.629668146112268,
2014-10-28,False,,,198.41,,,220.10235035351022,238.28251553937275,-7.629668146112268,
2014-10-29,False,,,198.11,,,220.10235035351022,238.28251553937275,-7.629668146112268,
2014-10-30,False,,,199.38,,,220.10235035351022,238.28251553937275,-7.629668146112268,
2014-10-31,False,,,201.66,,,220.10235035351022,238.28251553937275,-7.629668146112268,
2014-11-03,False,,,201.77,,,220.10235035351022,238.28251553937275,-7.629668146112268,
2014-11-04,False,,,201.07,,,220.10235035351022,238.28251553937275,-7.629668146112268,
2014-11-05,False,,,202.34,,,220.10235035351022,238.28251553937275,-7.629668146112268,
2014-11-06,False,,,203.15,,,220.10235035351022,238.28251553937275,-7.629668146112268,
2014-11-07,False,,,203.34,,,220.10235035351022,238.28251553937275,-7.629668146112268,
2014-11-10,False,,,203.98,,,220.10235035351022,238.28251553937275,-7.629668146112268,
2014-11-11,False,,,204.175,,,220.10235035351022,238.28251553937275,-7.629668146112268,
2014-11-12,False,,,203.96,,,220.10235035351022,238.28251553937275,-7.629668146112268,
2014-11-13,False,,,204.19,,,220.10235035351022,238.28251553937275,-7.629668146112268,
2014-11-14,False,,,204.24,,,220.10235035351022,238.28251553937275,-7.629668146112268,
2014-11-17,True,2014-11-17,204.37,204.37,0.0,0.0,220.10235035351022,238.28251553937275,-7.629668146112268,
2014-11-18,True,2014-11-17,204.37,205.55,0.5773841561873105,1.039291481137159,222.3898553305169,238.28251553937275,-6.6696711560567,
2014-11-19,True,2014-11-17,204.37,205.22,0.41591231589763744,0.7486421686157474,221.75012936237096,238.28251553937275,-6.938144890563769,
2014-11-20,True,2014-11-17,204.37,205.58,0.5920634143954606,1.0657141459118291,222.448012236712,238.28251553937275,-6.645264452919674,
2014-11-21,True,2014-11-17,204.37,206.68,1.1303028820276895,2.034545187649841,224.58043213053176,238.28251553937275,-5.750352004562798,
2014-11-24,True,2014-11-17,204.37,207.26,1.414101874051954,2.545383373293517,225.7047989836367,238.28251553937275,-5.2784890772473725,
2014-11-25,True,2014-11-17,204.37,207.11,1.3407055830112036,2.4132700494201664,225.4140144526613,238.28251553937275,-5.400522592932388,
2014-11-26,True,2014-11-17,204.37,207.64,1.6000391446885365,2.8800704604393657,226.4414531287744,238.28251553937275,-4.96933750417864,
2014-11-28,True,2014-11-17,204.37,207.2,1.3847433576356538,2.492538043744177,225.5884851712466,238.28251553937275,-5.327302483521357,
2014-12-01,True,2014-11-17,204.37,205.76,0.6801389636443611,1.22425013455985,222.79695367388246,238.28251553937275,-6.4988242340976665,
2014-12-02,True,2014-11-17,204.37,207.085,1.3284728678377489,2.391251162107948,225.36555036416541,238.28251553937275,-5.420861512213215,
2014-12-03,True,2014-11-17,204.37,207.89,1.72236629642315,3.10025933356167,226.92609401373352,238.28251553937275,-4.765948311370227,
2014-12-04,True,2014-11-17,204.37,207.66,1.609825316827318,2.8976855702891724,226.4802243995712,238.28251553937275,-4.9530663687539445,
2014-12-05,True,2014-11-17,204.37,208.0,1.7761902431863819,3.1971424377354873,227.13933600311552,238.28251553937275,-4.6764570665345335,
2014-12-08,True,2014-11-17,204.37,206.61,1.0960512795420208,1.9728923031756374,224.44473268274328,238.28251553937275,-5.807300978549124,
2014-12-09,True,2014-11-17,204.37,206.47,1.027548074570639,1.84958653422715,224.17333378716623,238.28251553937275,-5.92119892652182,
2014-12-10,True,2014-11-17,204.37,203.1601,-0.592014483534764,-1.0656260703625753,217.75688232666243,238.28251553937275,-8.61399048362772,
2014-12-11,True,2014-11-17,204.37,204.19,-0.08807554924891159,-0.15853598864804086,219.7534089163397,238.28251553937275,-7.776108364934298,
2014-12-12,True,2014-11-17,204.37,200.89,-1.7027939521456315,-3.0650291138621366,213.3561492348803,238.28251553937275,-10.460845710004996,
2014-12-15,True,2014-11-17,204.37,199.51,-2.378039829720613,-4.280471693497104,210.6809315499064,238.28251553937275,-11.583554054307266,
2014-12-16,True,2014-11-17,204.37,197.91,-3.1609336008220468,-5.689680481479685,207.57922988616852,238.28251553937275,-12.885244888280923,
2014-12-17,True,2014-11-17,204.37,201.79,-1.2624162059010624,-2.2723491706219123,215.1008564207329,238.28251553937275,-9.728644615894789,
2014-12-18,True,2014-11-17,204.37,206.78,1.1792337427215305,2.122620736898755,224.77428848451535,238.28251553937275,-5.668996327439457,RAW_DECISION
2014-12-19,False,,,206.52,,,224.77428848451535,238.28251553937275,-5.668996327439457,
2014-12-22,False,,,207.47,,,224.77428848451535,238.28251553937275,-5.668996327439457,
2014-12-23,False,,,207.75,,,224.77428848451535,238.28251553937275,-5.668996327439457,
2014-12-24,False,,,207.77,,,224.77428848451535,238.28251553937275,-5.668996327439457,
2014-12-26,False,,,208.44,,,224.77428848451535,238.28251553937275,-5.668996327439457,
2014-12-29,False,,,208.72,,,224.77428848451535,238.28251553937275,-5.668996327439457,
2014-12-30,False,,,207.6,,,224.77428848451535,238.28251553937275,-5.668996327439457,
2014-12-31,False,,,205.54,,,224.77428848451535,238.28251553937275,-5.668996327439457,
2015-01-02,False,,,205.43,,,224.77428848451535,238.28251553937275,-5.668996327439457,
2015-01-05,False,,,201.72,,,224.77428848451535,238.28251553937275,-5.668996327439457,
2015-01-06,False,,,199.82,,,224.77428848451535,238.28251553937275,-5.668996327439457,
2015-01-07,False,,,202.31,,,224.77428848451535,238.28251553937275,-5.668996327439457,
2015-01-08,False,,,205.9,,,224.77428848451535,238.28251553937275,-5.668996327439457,
2015-01-09,False,,,204.25,,,224.77428848451535,238.28251553937275,-5.668996327439457,
2015-01-12,False,,,202.65,,,224.77428848451535,238.28251553937275,-5.668996327439457,
2015-01-13,False,,,202.08,,,224.77428848451535,238.28251553937275,-5.668996327439457,
2015-01-14,False,,,200.86,,,224.77428848451535,238.28251553937275,-5.668996327439457,
2015-01-15,False,,,199.0199,,,224.77428848451535,238.28251553937275,-5.668996327439457,
2015-01-16,False,,,201.63,,,224.77428848451535,238.28251553937275,-5.668996327439457,
2015-01-20,False,,,202.055,,,224.77428848451535,238.28251553937275,-5.668996327439457,
2015-01-21,False,,,203.08,,,224.77428848451535,238.28251553937275,-5.668996327439457,
2015-01-22,False,,,206.1,,,224.77428848451535,238.28251553937275,-5.668996327439457,
2015-01-23,False,,,204.97,,,224.77428848451535,238.28251553937275,-5.668996327439457,
2015-01-26,False,,,205.45,,,224.77428848451535,238.28251553937275,-5.668996327439457,
2015-01-27,False,,,202.74,,,224.77428848451535,238.28251553937275,-5.668996327439457,
2015-01-28,False,,,200.14,,,224.77428848451535,238.28251553937275,-5.668996327439457,
2015-01-29,False,,,201.9902,,,224.77428848451535,238.28251553937275,-5.668996327439457,
2015-01-30,False,,,199.45,,,224.77428848451535,238.28251553937275,-5.668996327439457,
2015-02-02,False,,,201.92,,,224.77428848451535,238.28251553937275,-5.668996327439457,
2015-02-03,False,,,204.84,,,224.77428848451535,238.28251553937275,-5.668996327439457,
2015-02-04,False,,,204.06,,,224.77428848451535,238.28251553937275,-5.668996327439457,
2015-02-05,False,,,206.12,,,224.77428848451535,238.28251553937275,-5.668996327439457,
2015-02-06,False,,,205.55,,,224.77428848451535,238.28251553937275,-5.668996327439457,
2015-02-09,False,,,204.63,,,224.77428848451535,238.28251553937275,-5.668996327439457,
2015-02-10,False,,,206.81,,,224.77428848451535,238.28251553937275,-5.668996327439457,
2015-02-11,False,,,206.93,,,224.77428848451535,238.28251553937275,-5.668996327439457,
2015-02-12,False,,,208.92,,,224.77428848451535,238.28251553937275,-5.668996327439457,
2015-02-13,False,,,209.78,,,224.77428848451535,238.28251553937275,-5.668996327439457,
2015-02-17,False,,,210.11,,,224.77428848451535,238.28251553937275,-5.668996327439457,
2015-02-18,False,,,210.13,,,224.77428848451535,238.28251553937275,-5.668996327439457,
2015-02-19,False,,,209.98,,,224.77428848451535,238.28251553937275,-5.668996327439457,
2015-02-20,False,,,211.239,,,224.77428848451535,238.28251553937275,-5.668996327439457,
2015-02-23,False,,,211.209,,,224.77428848451535,238.28251553937275,-5.668996327439457,
2015-02-24,False,,,211.81,,,224.77428848451535,238.28251553937275,-5.668996327439457,
2015-02-25,False,,,211.63,,,224.77428848451535,238.28251553937275,-5.668996327439457,
2015-02-26,False,,,211.38,,,224.77428848451535,238.28251553937275,-5.668996327439457,
2015-02-27,True,2015-02-27,210.66,210.66,0.0,0.0,224.77428848451535,238.28251553937275,-5.668996327439457,
2015-03-02,True,2015-02-27,210.66,211.99,0.6313490933257393,1.1364283679863307,227.3286872627928,238.28251553937275,-4.596992041898251,
2015-03-03,True,2015-02-27,210.66,211.12,0.2183613405487561,0.393050412987761,225.65776475369404,238.28251553937275,-5.298227927928956,
2015-03-04,True,2015-02-27,210.66,210.2301,-0.2040729136998043,-0.3673312446596477,223.94862229295032,238.28251553937275,-6.015503577329817,
2015-03-05,True,2015-02-27,210.66,210.46,-0.09493971328206063,-0.17089148390770914,224.39016836748118,238.28251553937275,-5.83019997940053,
2015-03-06,True,2015-02-27,210.66,207.5,-1.5000474698566357,-2.7000854457419443,218.70519063537495,238.28251553937275,-8.216014028424567,
2015-03-09,True,2015-02-27,210.66,208.36,-1.0918067027437472,-1.965252064938745,220.35690713862203,238.28251553937275,-7.522838324991898,
2015-03-10,True,2015-02-27,210.66,204.98,-2.6962878572106774,-4.853318142979219,213.86527716074391,238.28251553937275,-10.247180043134241,
2015-03-11,True,2015-02-27,210.66,204.5,-2.924143169087623,-5.263457704357721,212.94338887986189,238.28251553937275,-10.634068807840812,
2015-03-12,True,2015-02-27,210.66,207.1,-1.6899268964207792,-3.0418684135574026,217.9369504013065,238.28251553937275,-8.538421332346747,
2015-03-13,True,2015-02-27,210.66,205.8272,-2.2941232317478355,-4.129421817146104,215.49240997650085,238.28251553937275,-9.564321373427065,
2015-03-16,True,2015-02-27,210.66,208.58,-0.987373018133475,-1.777271432640255,220.77943926735966,238.28251553937275,-7.34551430783471,
2015-03-17,True,2015-02-27,210.66,207.96,-1.2816861293078796,-2.3070350327541833,219.58866690455363,238.28251553937275,-7.845245628914066,
2015-03-18,True,2015-02-27,210.66,210.46,-0.09493971328206063,-0.17089148390770914,224.39016836748118,238.28251553937275,-5.83019997940053,
2015-03-19,True,2015-02-27,210.66,209.5,-0.550650337035985,-0.991170606664773,222.54639180571695,238.28251553937275,-6.6039775088137525,
2015-03-20,True,2015-02-27,210.66,210.41,-0.11867464160257857,-0.21361435488464142,224.2941383382226,238.28251553937275,-5.870500892390806,
2015-03-23,True,2015-02-27,210.66,210.0,-0.31330105383081674,-0.5639418968954701,223.5066920983025,238.28251553937275,-6.200968378911032,
2015-03-24,True,2015-02-27,210.66,208.82,-0.8734453621950133,-1.572201651951024,221.24038340780064,238.28251553937275,-7.152069925481442,
2015-03-25,True,2015-02-27,210.66,205.76,-2.326022975410613,-4.186841355739104,215.36334561717734,238.28251553937275,-9.618485800485999,
2015-03-26,True,2015-02-27,210.66,205.27,-2.5586252729516645,-4.605525491312997,214.42225133044357,238.28251553937275,-10.01343474779064,
2015-03-27,True,2015-02-27,210.66,205.74,-2.3355169467388137,-4.203930504129865,215.32493360547397,238.28251553937275,-9.63460616568208,
2015-03-30,True,2015-02-27,210.66,208.25,-1.144023545048889,-2.059242381088,220.1456410742532,238.28251553937275,-7.611500333570509,
2015-03-31,True,2015-02-27,210.66,206.43,-2.0079749359156907,-3.614354884648243,216.65014800924195,238.28251553937275,-9.078453566416368,
2015-04-01,True,2015-02-27,210.66,205.7,-2.354504889395237,-4.2381088009114265,215.2481095820671,238.28251553937275,-9.666846896074322,
2015-04-02,True,2015-02-27,210.66,206.435,-2.0056014430836377,-3.610082597550548,216.65975101216782,238.28251553937275,-9.074423475117332,
2015-04-06,True,2015-02-27,210.66,207.83,-1.3433969429412218,-2.4181144972941992,219.3389888284814,238.28251553937275,-7.95002800268877,
2015-04-07,True,2015-02-27,210.66,207.28,-1.604481154466908,-2.8880660780404344,218.28265850663732,238.28251553937275,-8.393338045581755,
2015-04-08,True,2015-02-27,210.66,207.975,-1.274565650811732,-2.2942181714611176,219.61747591333116,238.28251553937275,-7.833155355016997,
2015-04-09,True,2015-02-27,210.66,208.9,-0.835469476882178,-1.5038450583879204,221.39403145461435,238.28251553937275,-7.087588464696992,
2015-04-10,True,2015-02-27,210.66,210.04,-0.2943131111744046,-0.5297636001139283,223.58351612170932,238.28251553937275,-6.1687276485188125,
2015-04-13,True,2015-02-27,210.66,209.09,-0.7452767492642121,-1.3414981486755817,221.75894556579686,238.28251553937275,-6.934444995333955,
2015-04-14,True,2015-02-27,210.66,209.49,-0.5553973227000797,-0.9997151808601434,222.5271857998653,238.28251553937275,-6.612037691411777,
2015-04-15,True,2015-02-27,210.66,210.43,-0.10918067027436695,-0.19652520649386052,224.33255034992607,238.28251553937275,-5.85438052719468,
2015-04-16,True,2015-02-27,210.66,210.37,-0.1376625842589907,-0.24779265166618325,224.21731431481578,238.28251553937275,-5.902741622783014,
2015-04-17,True,2015-02-27,210.66,207.95,-1.2864331149719965,-2.3155796069495937,219.56946089870186,238.28251553937275,-7.853305811512145,
2015-04-20,True,2015-02-27,210.66,209.85,-0.38450583879237055,-0.692110509826267,223.2186020105268,238.28251553937275,-6.32187111788185,
2015-04-21,True,2015-02-27,210.66,209.6,-0.5031804803949491,-0.9057248647109084,222.73845186423407,238.28251553937275,-6.5233756828331995,
2015-04-22,True,2015-02-27,210.66,210.63,-0.01424095699230632,-0.025633722586151375,224.71667046696024,238.28251553937275,-5.693176875233618,
2015-04-23,True,2015-02-27,210.66,211.16,0.23734928320515714,0.42722870976928284,225.7345887771008,238.28251553937275,-5.26598719753677,
2015-04-24,True,2015-02-27,210.66,211.6499,0.46990411088958517,0.8458273996012533,226.67549100377616,238.28251553937275,-4.871118852058077,
2015-04-27,True,2015-02-27,210.66,210.77,0.052216842305141675,0.09399031614925502,224.98555454888418,238.28251553937275,-5.580334318860858,
2015-04-28,True,2015-02-27,210.66,211.44,0.3702648818000531,0.6664767872400956,226.27235694094875,238.28251553937275,-5.040302084791238,
2015-04-29,True,2015-02-27,210.66,210.57,-0.04272287097693006,-0.07690116775847411,224.60143443184998,238.28251553937275,-5.741537970821941,
2015-04-30,True,2015-02-27,210.66,208.46,-1.0443368461027225,-1.8798063229849005,220.54896719713912,238.28251553937275,-7.442236499011368,
2015-05-01,True,2015-02-27,210.66,210.72,0.02848191398461264,0.05126744517230275,224.88952451962558,238.28251553937275,-5.620635231851145,
2015-05-04,True,2015-02-27,210.66,211.32,0.31330105383080564,0.5639418968954502,226.0418848707282,238.28251553937275,-5.137024275967894,
2015-05-05,True,2015-02-27,210.66,208.9,-0.835469476882178,-1.5038450583879204,221.39403145461435,238.28251553937275,-7.087588464696992,
2015-05-06,True,2015-02-27,210.66,208.04,-1.2437102439950665,-2.2386784391911196,219.74231495136726,238.28251553937275,-7.78076416812965,
2015-05-07,True,2015-02-27,210.66,208.87,-0.8497104338744843,-1.5294787809740717,221.33641343705924,238.28251553937275,-7.111769012491154,
2015-05-08,True,2015-02-27,210.66,211.62,0.45571062375391325,0.8202791227570438,226.61806504627953,238.28251553937275,-4.895218798026269,
2015-05-11,True,2015-02-27,210.66,210.605,-0.026108421152570838,-0.04699515807462751,224.66865545233094,238.28251553937275,-5.713327331728757,
2015-05-12,True,2015-02-27,210.66,209.98,-0.32279502515902836,-0.581031045286251,223.46828008659904,238.28251553937275,-6.217088744107146,
2015-05-13,True,2015-02-27,210.66,210.02,-0.30380708250260513,-0.5468527485046892,223.54510411000592,238.28251553937275,-6.184848013714916,
2015-05-14,True,2015-02-27,210.66,212.21,0.7357827779360226,1.3244090002848408,227.75121939153047,238.28251553937275,-4.4196680247410525,
2015-05-15,True,2015-02-27,210.66,212.44,0.8449634482103896,1.5209342067787013,228.19295752611978,238.28251553937275,-4.234283824985818,
2015-05-18,True,2015-02-27,210.66,213.1,1.1582645020411952,2.0848761036741514,229.46055391233264,238.28251553937275,-3.702311773514244,
2015-05-19,True,2015-02-27,210.66,213.03,1.1250356023924768,2.0250640843064582,229.32611187137064,238.28251553937275,-3.7587330517006357,
2015-05-20,True,2015-02-27,210.66,212.88,1.053830817430934,1.8968954713756814,229.03802178359504,238.28251553937275,-3.879635790671432,
2015-05-21,True,2015-02-27,210.66,213.5,1.3481439286053387,2.4266590714896097,230.22879414640104,238.28251553937275,-3.3799044695920877,
2015-05-22,True,2015-02-27,210.66,212.99,1.1060476597360758,1.9908857875249364,229.24928784796387,238.28251553937275,-3.7909737820928213,
2015-05-26,True,2015-02-27,210.66,210.7,0.018987942656401025,0.034178296781521844,224.85111250792212,238.28251553937275,-5.636755597047271,
2015-05-27,True,2015-02-27,210.66,212.7,0.968385075477074,1.7430931358587332,228.69231367826427,238.28251553937275,-4.024719077436401,
2015-05-28,True,2015-02-27,210.66,212.46,0.8544574195386012,1.5380233551694822,228.2313695378232,238.28251553937275,-4.218163459789704,
2015-05-29,True,2015-02-27,210.66,211.14,0.22785531187694552,0.41013956137850194,225.69617676539738,238.28251553937275,-5.282107562732885,
2015-06-01,True,2015-02-27,210.66,211.57,0.4319756954334064,0.7775562517801315,226.522035017021,238.28251553937275,-4.935519711016523,
2015-06-02,True,2015-02-27,210.66,211.36,0.33228899648722887,0.598120193677012,226.11870889413507,238.28251553937275,-5.104783545575664,
2015-06-03,True,2015-02-27,210.66,211.92,0.5981201936770209,1.0766163486186375,227.19424522183087,238.28251553937275,-4.653413320084621,
2015-06-04,True,2015-02-27,210.66,210.1292,-0.25196999905060524,-0.45354599829108944,223.75483369390656,238.28251553937275,-6.096830819744181,
2015-06-05,True,2015-02-27,210.66,209.77,-0.4224817241051837,-0.7604671033893307,223.06495396371318,238.28251553937275,-6.386352578666266,
2015-06-08,True,2015-02-27,210.66,208.48,-1.034842874774522,-1.8627171745941395,220.5873792088425,238.28251553937275,-7.426116133815275,
2015-06-09,True,2015-02-27,210.66,208.45,-1.0490838317668283,-1.888350897180291,220.52976119128738,238.28251553937275,-7.450296681609436,
2015-06-10,True,2015-02-27,210.66,210.95,0.1376625842590018,0.24779265166620323,225.33126265421498,238.28251553937275,-5.435251032095878,
2015-06-11,True,2015-02-27,210.66,211.63,0.46045760941801905,0.8288236969524343,226.63727105213124,238.28251553937275,-4.887158615428211,
2015-06-12,True,2015-02-27,210.66,210.01,-0.30855406816672204,-0.5553973227000997,223.52589810415415,238.28251553937275,-6.192908196312996,
2015-06-15,True,2015-02-27,210.66,209.11,-0.7357827779360004,-1.3244090002848008,221.79735757750032,238.28251553937275,-6.918324630137828,
2015-06-16,True,2015-02-27,210.66,210.25,-0.19462641222823818,-0.3503275420108287,223.9868422445952,238.28251553937275,-5.999463813959693,
2015-06-17,True,2015-02-27,210.66,210.59,-0.033228899648718446,-0.0598120193676932,224.6398464435534,238.28251553937275,-5.725417605625827,
2015-06-18,True,2015-02-27,210.66,212.78,1.0063609607898982,1.8114497294218168,228.84596172507793,238.28251553937275,-3.9602376166519737,
2015-06-19,True,2015-02-27,210.66,210.81,0.0712047849615427,0.12816861293077686,225.06237857229095,238.28251553937275,-5.548093588468673,
2015-06-22,True,2015-02-27,210.66,211.89,0.5838792366847034,1.0509826260324662,227.13662720427573,238.28251553937275,-4.677593867878793,
2015-06-23,True,2015-02-27,210.66,212.04,0.6550840216462461,1.179151238963243,227.42471729205133,238.28251553937275,-4.556691128907997,
2015-06-24,True,2015-02-27,210.66,210.5,-0.07595177062564851,-0.1367131871261673,224.466992390888,238.28251553937275,-5.797959249008322,
2015-06-25,True,2015-02-27,210.66,209.86,-0.37975885312825364,-0.6835659356308565,223.23780801637858,238.28251553937275,-6.313810935283771,
2015-06-26,True,2015-02-27,210.66,209.82,-0.39874679578467687,-0.7177442324124184,223.1609839929717,238.28251553937275,-6.346051665676011,
2015-06-29,True,2015-02-27,210.66,205.42,-2.487420487990133,-4.477356878382239,214.71034141821914,238.28251553937275,-9.892532008819865,
2015-06-30,True,2015-02-27,210.66,205.85,-2.283300104433683,-4.10994018798063,215.53619966984274,238.28251553937275,-9.545944157103502,
2015-07-01,True,2015-02-27,210.66,207.5,-1.5000474698566357,-2.7000854457419443,218.70519063537495,238.28251553937275,-8.216014028424567,
2015-07-02,True,2015-02-27,210.66,207.31,-1.5902401974746017,-2.862432355454283,218.34027652419243,238.28251553937275,-8.369157497787604,
2015-07-06,True,2015-02-27,210.66,206.72,-1.8703123516567,-3.36656223298206,217.20712217894152,238.28251553937275,-8.844708271072799,
2015-07-07,True,2015-02-27,210.66,208.02,-1.253204215323267,-2.2557675875818806,219.70390293966386,238.28251553937275,-7.796884533325754,
2015-07-08,True,2015-02-27,210.66,204.53,-2.9099022120953166,-5.23782398177157,213.001006897417,238.28251553937275,-10.609888260046652,
2015-07-09,True,2015-02-27,210.66,204.9,-2.7342637425234906,-4.9216747365422835,213.7116291139303,238.28251553937275,-10.311661503918646,
2015-07-10,True,2015-02-27,210.66,207.48,-1.5095414411848473,-2.717174594132725,218.66677862367152,238.28251553937275,-8.232134393620672,
2015-07-13,True,2015-02-27,210.66,209.77,-0.4224817241051837,-0.7604671033893307,223.06495396371318,238.28251553937275,-6.386352578666266,
2015-07-14,True,2015-02-27,210.66,210.68,0.009493971328211614,0.017089148390780906,224.81270049621878,238.28251553937275,-5.652875962243343,
2015-07-15,True,2015-02-27,210.66,210.61,-0.023734928320506832,-0.0427228709769123,224.67825845525684,238.28251553937275,-5.709297240429711,
2015-07-16,True,2015-02-27,210.66,212.3,0.7785056489129527,1.4013101680433149,227.9240734441959,238.28251553937275,-4.347126381358546,
2015-07-17,True,2015-02-27,210.66,212.48,0.8639513908667906,1.5551125035602231,228.26978154952656,238.28251553937275,-4.202043094593622,
2015-07-20,True,2015-02-27,210.66,212.59,0.9161682331719323,1.6491028197094781,228.48104761389538,238.28251553937275,-4.113381086015022,
2015-07-21,True,2015-02-27,210.66,211.75,0.5174214373872665,0.9313585872970798,226.86774312235178,238.28251553937275,-4.7904364242515545,
2015-07-22,True,2015-02-27,210.66,211.37,0.3370359821513347,0.6066647678724024,226.1379148999868,238.28251553937275,-5.096723362977595,
2015-07-23,True,2015-02-27,210.66,210.18,-0.22785531187695662,-0.4101395613785219,223.85240020363327,238.28251553937275,-6.055885092146063,
2015-07-24,True,2015-02-27,210.66,208.0,-1.2626981866514786,-2.2728567359726615,219.66549092796043,238.28251553937275,-7.81300489852187,
2015-07-27,True,2015-02-27,210.66,206.79,-1.8370834520079815,-3.3067502136143667,217.3415642199035,238.28251553937275,-8.788286992886418,
2015-07-28,True,2015-02-27,210.66,209.33,-0.6313490933257282,-1.1364283679863108,222.21988970623795,238.28251553937275,-6.741000612980641,
2015-07-29,True,2015-02-27,210.66,210.77,0.052216842305141675,0.09399031614925502,224.98555454888418,238.28251553937275,-5.580334318860858,
2015-07-30,True,2015-02-27,210.66,210.82,0.07595177062564851,0.1367131871261673,225.08158457814267,238.28251553937275,-5.540033405870615,
2015-07-31,True,2015-02-27,210.66,210.5,-0.07595177062564851,-0.1367131871261673,224.466992390888,238.28251553937275,-5.797959249008322,
2015-08-03,True,2015-02-27,210.66,209.79,-0.4129877527769943,-0.7433779549985897,223.10336597541652,238.28251553937275,-6.370232213470183,
2015-08-04,True,2015-02-27,210.66,209.38,-0.6076141650052214,-1.0937054970093985,222.31591973549644,238.28251553937275,-6.700699699990398,
2015-08-05,True,2015-02-27,210.66,210.07,-0.2800721541820983,-0.5041298775277769,223.64113413926444,238.28251553937275,-6.144547100724662,
2015-08-06,True,2015-02-27,210.66,208.35,-1.0965536884078642,-1.9737966391341555,220.3377011327703,238.28251553937275,-7.530898507589967,
2015-08-07,True,2015-02-27,210.66,207.95,-1.2864331149719965,-2.3155796069495937,219.56946089870186,238.28251553937275,-7.853305811512145,
2015-08-10,True,2015-02-27,210.66,210.57,-0.04272287097693006,-0.07690116775847411,224.60143443184998,238.28251553937275,-5.741537970821941,
2015-08-11,True,2015-02-27,210.66,208.67,-0.944650147156556,-1.7003702648818009,220.952293320025,238.28251553937275,-7.2729726644522374,
2015-08-12,True,2015-02-27,210.66,208.92,-0.8259755055539775,-1.4867559099971595,221.43244346631775,238.28251553937275,-7.071468099500889,
2015-08-13,True,2015-02-27,210.66,208.66,-0.9493971328206618,-1.7089148390771913,220.9330873141733,238.28251553937275,-7.2810328470502945,
2015-08-14,True,2015-02-27,210.66,209.42,-0.5886262223488092,-1.0595272002278566,222.39274375890326,238.28251553937275,-6.668458969598179,
2015-08-17,True,2015-02-27,210.66,210.59,-0.033228899648718446,-0.0598120193676932,224.6398464435534,238.28251553937275,-5.725417605625827,
2015-08-18,True,2015-02-27,210.66,209.98,-0.32279502515902836,-0.581031045286251,223.46828008659904,238.28251553937275,-6.217088744107146,
2015-08-19,True,2015-02-27,210.66,208.32,-1.1107946454001705,-1.9994303617203069,220.28008311521515,238.28251553937275,-7.555079055384139,
2015-08-20,True,2015-02-27,210.66,203.97,-3.1757334092850975,-5.7163201367131755,211.92547056972126,238.28251553937275,-11.061258485537673,
2015-08-21,True,2015-02-27,210.66,197.63,-6.185322320326591,-11.133580176587865,199.74886285973693,238.28251553937275,-16.171414252704032,
2015-08-24,True,2015-02-27,210.66,189.55,-10.020886736922051,-18.037596126459693,184.23041013155506,238.28251553937275,-22.684041791931797,RAW_DECISION
2015-08-25,False,,,187.27,,,184.23041013155506,238.28251553937275,-22.684041791931797,
2015-08-26,False,,,194.46,,,184.23041013155506,238.28251553937275,-22.684041791931797,
2015-08-27,False,,,199.27,,,184.23041013155506,238.28251553937275,-22.684041791931797,
2015-08-28,False,,,199.28,,,184.23041013155506,238.28251553937275,-22.684041791931797,
2015-08-31,False,,,197.67,,,184.23041013155506,238.28251553937275,-22.684041791931797,
2015-09-01,False,,,191.77,,,184.23041013155506,238.28251553937275,-22.684041791931797,
2015-09-02,False,,,195.41,,,184.23041013155506,238.28251553937275,-22.684041791931797,
2015-09-03,False,,,195.55,,,184.23041013155506,238.28251553937275,-22.684041791931797,
2015-09-04,False,,,192.59,,,184.23041013155506,238.28251553937275,-22.684041791931797,
2015-09-08,False,,,197.43,,,184.23041013155506,238.28251553937275,-22.684041791931797,
2015-09-09,False,,,194.79,,,184.23041013155506,238.28251553937275,-22.684041791931797,
2015-09-10,False,,,195.85,,,184.23041013155506,238.28251553937275,-22.684041791931797,
2015-09-11,False,,,196.74,,,184.23041013155506,238.28251553937275,-22.684041791931797,
2015-09-14,False,,,196.01,,,184.23041013155506,238.28251553937275,-22.684041791931797,
2015-09-15,False,,,198.46,,,184.23041013155506,238.28251553937275,-22.684041791931797,
2015-09-16,False,,,200.18,,,184.23041013155506,238.28251553937275,-22.684041791931797,
2015-09-17,False,,,199.73,,,184.23041013155506,238.28251553937275,-22.684041791931797,
2015-09-18,False,,,195.45,,,184.23041013155506,238.28251553937275,-22.684041791931797,
2015-09-21,False,,,196.46,,,184.23041013155506,238.28251553937275,-22.684041791931797,
2015-09-22,False,,,193.91,,,184.23041013155506,238.28251553937275,-22.684041791931797,
2015-09-23,False,,,193.6,,,184.23041013155506,238.28251553937275,-22.684041791931797,
2015-09-24,False,,,192.9,,,184.23041013155506,238.28251553937275,-22.684041791931797,
2015-09-25,False,,,192.85,,,184.23041013155506,238.28251553937275,-22.684041791931797,
2015-09-28,False,,,188.01,,,184.23041013155506,238.28251553937275,-22.684041791931797,
2015-09-29,False,,,188.12,,,184.23041013155506,238.28251553937275,-22.684041791931797,
2015-09-30,False,,,191.63,,,184.23041013155506,238.28251553937275,-22.684041791931797,
2015-10-01,False,,,192.13,,,184.23041013155506,238.28251553937275,-22.684041791931797,
2015-10-02,False,,,195.0,,,184.23041013155506,238.28251553937275,-22.684041791931797,
2015-10-05,False,,,198.47,,,184.23041013155506,238.28251553937275,-22.684041791931797,
2015-10-06,False,,,197.79,,,184.23041013155506,238.28251553937275,-22.684041791931797,
2015-10-07,False,,,199.41,,,184.23041013155506,238.28251553937275,-22.684041791931797,
2015-10-08,False,,,201.21,,,184.23041013155506,238.28251553937275,-22.684041791931797,
2015-10-09,False,,,201.33,,,184.23041013155506,238.28251553937275,-22.684041791931797,
2015-10-12,False,,,201.52,,,184.23041013155506,238.28251553937275,-22.684041791931797,
2015-10-13,False,,,200.25,,,184.23041013155506,238.28251553937275,-22.684041791931797,
2015-10-14,False,,,199.29,,,184.23041013155506,238.28251553937275,-22.684041791931797,
2015-10-15,False,,,202.35,,,184.23041013155506,238.28251553937275,-22.684041791931797,
2015-10-16,False,,,203.27,,,184.23041013155506,238.28251553937275,-22.684041791931797,
2015-10-19,False,,,203.37,,,184.23041013155506,238.28251553937275,-22.684041791931797,
2015-10-20,False,,,203.09,,,184.23041013155506,238.28251553937275,-22.684041791931797,
2015-10-21,False,,,201.85,,,184.23041013155506,238.28251553937275,-22.684041791931797,
2015-10-22,False,,,205.26,,,184.23041013155506,238.28251553937275,-22.684041791931797,
2015-10-23,False,,,207.51,,,184.23041013155506,238.28251553937275,-22.684041791931797,
2015-10-26,False,,,207.0,,,184.23041013155506,238.28251553937275,-22.684041791931797,
2015-10-27,False,,,206.6,,,184.23041013155506,238.28251553937275,-22.684041791931797,
2015-10-28,False,,,208.95,,,184.23041013155506,238.28251553937275,-22.684041791931797,
2015-10-29,False,,,208.83,,,184.23041013155506,238.28251553937275,-22.684041791931797,
2015-10-30,False,,,207.93,,,184.23041013155506,238.28251553937275,-22.684041791931797,
2015-11-02,False,,,210.39,,,184.23041013155506,238.28251553937275,-22.684041791931797,
2015-11-03,False,,,211.0,,,184.23041013155506,238.28251553937275,-22.684041791931797,
2015-11-04,False,,,210.36,,,184.23041013155506,238.28251553937275,-22.684041791931797,
2015-11-05,False,,,210.15,,,184.23041013155506,238.28251553937275,-22.684041791931797,
2015-11-06,False,,,210.04,,,184.23041013155506,238.28251553937275,-22.684041791931797,
2015-11-09,False,,,208.08,,,184.23041013155506,238.28251553937275,-22.684041791931797,
2015-11-10,False,,,208.56,,,184.23041013155506,238.28251553937275,-22.684041791931797,
2015-11-11,True,2015-11-11,207.74,207.74,0.0,0.0,184.23041013155506,238.28251553937275,-22.684041791931797,
2015-11-12,True,2015-11-11,207.74,204.84,-1.395975738904398,-2.5127563300279165,179.601148839138,238.28251553937275,-24.62680342592677,
2015-11-13,True,2015-11-11,207.74,202.54,-2.50312891113893,-4.505632040050074,175.92966574515205,238.28251553937275,-26.16761437702625,
2015-11-16,True,2015-11-11,207.74,205.62,-1.0205064022335675,-1.8369115240204215,180.84626049709843,238.28251553937275,-24.104267538162617,
2015-11-17,True,2015-11-11,207.74,205.47,-1.092712043901034,-1.9668816790218613,180.60681594749067,238.28251553937275,-24.204755208886485,
2015-11-18,True,2015-11-11,207.74,208.73,0.4765572350052816,0.8578030230095068,185.81074415896634,238.28251553937275,-22.020823165154223,
2015-11-19,True,2015-11-11,207.74,208.55,0.38991046500433946,0.701838837007811,185.52341069943708,238.28251553937275,-22.14140837002285,
2015-11-20,True,2015-11-11,207.74,209.3108,0.7561374795417297,1.3610474631751135,186.7378734550477,238.28251553937275,-21.631734904111354,
2015-11-23,True,2015-11-11,207.74,209.07,0.6402233561182191,1.1524020410127944,186.35348513807733,238.28251553937275,-21.793051111513428,
2015-11-24,True,2015-11-11,207.74,209.35,0.7750072205641612,1.39501299701549,186.8004482973452,238.28251553937275,-21.60547412616217,
2015-11-25,True,2015-11-11,207.74,209.32,0.7605660922306745,1.3690189660152141,186.75255938742367,238.28251553937275,-21.625571660306942,
2015-11-27,True,2015-11-11,207.74,209.56,0.8760951188986121,1.5769712140175018,187.13567066679607,238.28251553937275,-21.46479138714875,
2015-11-30,True,2015-11-11,207.74,208.69,0.4573023972272994,0.8231443150091389,185.74689227907098,238.28251553937275,-22.047619877347245,
2015-12-01,True,2015-11-11,207.74,210.68,1.4152305766823803,2.5474150380282845,188.92352330386748,238.28251553937275,-20.714483445743802,
2015-12-02,True,2015-11-11,207.74,208.529,0.3798016751708877,0.6836430153075979,185.48988846249196,238.28251553937275,-22.1554766439242,
2015-12-03,True,2015-11-11,207.74,205.61,-1.025320111678052,-1.8455762010204935,180.83029752712463,238.28251553937275,-24.110966716210857,
2015-12-04,True,2015-11-11,207.74,209.62,0.9049773755656076,1.6289592760180938,187.2314484866392,238.28251553937275,-21.42459631885919,
2015-12-07,True,2015-11-11,207.74,208.35,0.2936362761143618,0.5285452970058513,185.20415129996,238.28251553937275,-22.275391930988043,
2015-12-08,True,2015-11-11,207.74,206.949,-0.3807644170597868,-0.6853759507076163,182.96773920662338,238.28251553937275,-23.213946775549044,
2015-12-09,True,2015-11-11,207.74,205.34,-1.1552902666795095,-2.079522480023117,180.39929733783057,238.28251553937275,-24.291844523513863,
2015-12-10,True,2015-11-11,207.74,205.87,-0.9001636661211121,-1.6202945990180018,181.24533474644477,238.28251553937275,-23.936788086956142,
2015-12-11,True,2015-11-11,207.74,201.88,-2.8208337344757917,-5.077500722056425,174.87610972687784,238.28251553937275,-26.609760128211303,
2015-12-14,True,2015-11-11,207.74,202.9008,-2.3294502743814394,-4.193010493886591,176.50560970180865,238.28251553937275,-25.925908033045065,
2015-12-15,True,2015-11-11,207.74,205.0308,-1.3041301627033874,-2.3474342928660974,179.90572230623908,238.28251553937275,-24.498983108766005,
2015-12-16,True,2015-11-11,207.74,208.03,0.1395975738904376,0.25127563300278766,184.69333626079674,238.28251553937275,-22.48976562853231,
2015-12-17,True,2015-11-11,207.74,204.86,-1.386348320015407,-2.4954269760277326,179.6330747790857,238.28251553937275,-24.613405069830264,
2015-12-18,True,2015-11-11,207.74,200.0208,-3.7157985943968463,-6.688437469914324,171.9082743493393,238.28251553937275,-27.85527131094353,
2015-12-21,True,2015-11-11,207.74,201.67,-2.9219216328102537,-5.259458939058457,174.54088735742693,238.28251553937275,-26.750442867224745,
2015-12-22,True,2015-11-11,207.74,203.5,-2.041012804467124,-3.673823048040823,177.46211086264185,238.28251553937275,-25.524493284393422,
2015-12-23,True,2015-11-11,207.74,206.02,-0.8279580244536455,-1.490324444016562,181.48477929605252,238.28251553937275,-23.83630041623227,
2015-12-24,True,2015-11-11,207.74,205.68,-0.991624145566572,-1.7849234620198295,180.9420383169416,238.28251553937275,-24.064072469873043,
2015-12-28,True,2015-11-11,207.74,205.21,-1.2178684894579739,-2.192163281024353,180.19177872817053,238.28251553937275,-24.378933838141204,
2015-12-29,True,2015-11-11,207.74,207.4,-0.16366612111292644,-0.2945990180032676,183.6876691524441,238.28251553937275,-22.91181384557258,
2015-12-30,True,2015-11-11,207.74,205.93,-0.8712814094541277,-1.5683065370174298,181.34111256628788,238.28251553937275,-23.89659301866659,
2015-12-31,True,2015-11-11,207.74,203.87,-1.8629055550206997,-3.3532299990372594,178.05274075167438,238.28251553937275,-25.276623696607846,
2016-01-04,True,2015-11-11,207.74,201.0192,-3.2351978434581707,-5.823356118224708,173.50201727152867,238.28251553937275,-27.186425374605395,
2016-01-05,True,2015-11-11,207.74,201.36,-3.0711466255896824,-5.528063926061429,174.04603528823753,238.28251553937275,-26.958117386720748,
2016-01-06,True,2015-11-11,207.74,198.82,-4.293828824492163,-7.728891884085893,169.99144091487915,238.28251553937275,-28.65970861097842,
2016-01-07,True,2015-11-11,207.74,194.05,-6.5899682295176625,-11.861942813131792,162.37710423735186,238.28251553937275,-31.85521653999771,
2016-01-08,True,2015-11-11,207.74,191.923,-7.613844228362376,-13.704919611052278,158.98178052391353,238.28251553937275,-33.280131710862314,RAW_DECISION
2016-01-11,False,,,192.11,,,158.98178052391353,238.28251553937275,-33.280131710862314,
2016-01-12,False,,,193.6608,,,158.98178052391353,238.28251553937275,-33.280131710862314,
2016-01-13,False,,,188.83,,,158.98178052391353,238.28251553937275,-33.280131710862314,
2016-01-14,False,,,191.88,,,158.98178052391353,238.28251553937275,-33.280131710862314,
2016-01-15,False,,,187.81,,,158.98178052391353,238.28251553937275,-33.280131710862314,
2016-01-19,False,,,188.06,,,158.98178052391353,238.28251553937275,-33.280131710862314,
2016-01-20,False,,,185.65,,,158.98178052391353,238.28251553937275,-33.280131710862314,
2016-01-21,False,,,186.69,,,158.98178052391353,238.28251553937275,-33.280131710862314,
2016-01-22,False,,,190.52,,,158.98178052391353,238.28251553937275,-33.280131710862314,
2016-01-25,False,,,187.64,,,158.98178052391353,238.28251553937275,-33.280131710862314,
2016-01-26,False,,,190.2,,,158.98178052391353,238.28251553937275,-33.280131710862314,
2016-01-27,False,,,188.13,,,158.98178052391353,238.28251553937275,-33.280131710862314,
2016-01-28,False,,,189.11,,,158.98178052391353,238.28251553937275,-33.280131710862314,
2016-01-29,False,,,193.7208,,,158.98178052391353,238.28251553937275,-33.280131710862314,
2016-02-01,False,,,193.65,,,158.98178052391353,238.28251553937275,-33.280131710862314,
2016-02-02,False,,,190.16,,,158.98178052391353,238.28251553937275,-33.280131710862314,
2016-02-03,False,,,191.3,,,158.98178052391353,238.28251553937275,-33.280131710862314,
2016-02-04,False,,,191.6,,,158.98178052391353,238.28251553937275,-33.280131710862314,
2016-02-05,False,,,187.95,,,158.98178052391353,238.28251553937275,-33.280131710862314,
2016-02-08,False,,,185.42,,,158.98178052391353,238.28251553937275,-33.280131710862314,
2016-02-09,False,,,185.43,,,158.98178052391353,238.28251553937275,-33.280131710862314,
2016-02-10,False,,,185.27,,,158.98178052391353,238.28251553937275,-33.280131710862314,
2016-02-11,False,,,182.86,,,158.98178052391353,238.28251553937275,-33.280131710862314,
2016-02-12,False,,,186.63,,,158.98178052391353,238.28251553937275,-33.280131710862314,
2016-02-16,False,,,189.78,,,158.98178052391353,238.28251553937275,-33.280131710862314,
2016-02-17,False,,,192.88,,,158.98178052391353,238.28251553937275,-33.280131710862314,
2016-02-18,False,,,192.09,,,158.98178052391353,238.28251553937275,-33.280131710862314,
2016-02-19,False,,,192.0,,,158.98178052391353,238.28251553937275,-33.280131710862314,
2016-02-22,False,,,194.78,,,158.98178052391353,238.28251553937275,-33.280131710862314,
2016-02-23,False,,,192.32,,,158.98178052391353,238.28251553937275,-33.280131710862314,
2016-02-24,False,,,193.2,,,158.98178052391353,238.28251553937275,-33.280131710862314,
2016-02-25,False,,,195.54,,,158.98178052391353,238.28251553937275,-33.280131710862314,
2016-02-26,False,,,195.0892,,,158.98178052391353,238.28251553937275,-33.280131710862314,
2016-02-29,False,,,193.56,,,158.98178052391353,238.28251553937275,-33.280131710862314,
2016-03-01,False,,,198.11,,,158.98178052391353,238.28251553937275,-33.280131710862314,
2016-03-02,False,,,199.0,,,158.98178052391353,238.28251553937275,-33.280131710862314,
2016-03-03,False,,,199.775,,,158.98178052391353,238.28251553937275,-33.280131710862314,
2016-03-04,False,,,200.43,,,158.98178052391353,238.28251553937275,-33.280131710862314,
2016-03-07,False,,,200.59,,,158.98178052391353,238.28251553937275,-33.280131710862314,
2016-03-08,False,,,198.4,,,158.98178052391353,238.28251553937275,-33.280131710862314,
2016-03-09,False,,,199.38,,,158.98178052391353,238.28251553937275,-33.280131710862314,
2016-03-10,False,,,199.54,,,158.98178052391353,238.28251553937275,-33.280131710862314,
2016-03-11,False,,,202.76,,,158.98178052391353,238.28251553937275,-33.280131710862314,
2016-03-14,False,,,202.5,,,158.98178052391353,238.28251553937275,-33.280131710862314,
2016-03-15,False,,,202.17,,,158.98178052391353,238.28251553937275,-33.280131710862314,
2016-03-16,False,,,203.34,,,158.98178052391353,238.28251553937275,-33.280131710862314,
2016-03-17,False,,,204.63,,,158.98178052391353,238.28251553937275,-33.280131710862314,
2016-03-18,False,,,204.38,,,158.98178052391353,238.28251553937275,-33.280131710862314,
2016-03-21,False,,,204.67,,,158.98178052391353,238.28251553937275,-33.280131710862314,
2016-03-22,False,,,204.56,,,158.98178052391353,238.28251553937275,-33.280131710862314,
2016-03-23,False,,,203.2092,,,158.98178052391353,238.28251553937275,-33.280131710862314,
2016-03-24,False,,,203.12,,,158.98178052391353,238.28251553937275,-33.280131710862314,
2016-03-28,True,2016-03-28,203.24,203.24,0.0,0.0,158.98178052391353,238.28251553937275,-33.280131710862314,
2016-03-29,True,2016-03-28,203.24,205.1208,0.9254083841763405,1.665735091517413,161.62999583121956,238.28251553937275,-32.16875545175595,
2016-03-30,True,2016-03-28,203.24,206.02,1.3678409761857857,2.4621137571344143,162.89609281353003,238.28251553937275,-31.637412654973506,
2016-03-31,True,2016-03-28,203.24,205.52,1.1218264121235944,2.01928754182247,162.19207981180048,238.28251553937275,-31.932865722579397,
2016-04-01,True,2016-03-28,203.24,206.92,1.8106671914977168,3.2592009446958903,164.16331621664327,238.28251553937275,-31.10559713328289,
2016-04-04,True,2016-03-28,203.24,206.25,1.4810076756544,2.66581381617792,163.21993879432569,238.28251553937275,-31.501504243874766,
2016-04-05,True,2016-03-28,203.24,204.1892,0.4670340484156599,0.8406612871481878,160.31827880639696,238.28251553937275,-32.719243607319285,
2016-04-06,True,2016-03-28,203.24,206.42,1.5646526274355255,2.816374729383946,163.45930321491366,238.28251553937275,-31.401050200888804,
2016-04-07,True,2016-03-28,203.24,203.95,0.34934068096830195,0.6288132257429435,159.98147898636952,238.28251553937275,-32.86058835486194,
2016-04-08,True,2016-03-28,203.24,204.4992,0.6195630781342221,1.1152135406415997,160.7547668674693,238.28251553937275,-32.53606270540362,
2016-04-11,True,2016-03-28,203.24,204.0201,0.38383192284983103,0.6908974611296959,160.08018160921202,238.28251553937275,-32.81916583478359,
2016-04-12,True,2016-03-28,203.24,205.92,1.3186380633733341,2.3735485140720014,162.7552902131841,238.28251553937275,-31.69650326849469,
2016-04-13,True,2016-03-28,203.24,208.0008,2.3424522731745556,4.2164140917142,165.68511072118196,238.28251553937275,-30.466945782345967,
2016-04-14,True,2016-03-28,203.24,208.01,2.3469789411532993,4.224562094075939,165.69806456041377,238.28251553937275,-30.461509445902024,
2016-04-15,True,2016-03-28,203.24,207.78,2.2338122416847073,4.020862035032473,165.3742185796182,238.28251553937275,-30.59741785700072,
2016-04-18,True,2016-03-28,203.24,209.2392,2.9517811454438103,5.313206061798859,167.42881012386587,238.28251553937275,-29.73516762449964,
2016-04-19,True,2016-03-28,203.24,209.9,3.2769139933084057,5.89844518795513,168.3592337069517,238.28251553937275,-29.34469685035167,
2016-04-20,True,2016-03-28,203.24,210.1,3.3753198189332645,6.075575674079876,168.64083890764348,238.28251553937275,-29.226515623309336,
2016-04-21,True,2016-03-28,203.24,208.97,2.819326904152719,5.0747884274748944,167.04976952373462,238.28251553937275,-29.89423955609867,
2016-04-22,True,2016-03-28,203.24,208.97,2.819326904152719,5.0747884274748944,167.04976952373462,238.28251553937275,-29.89423955609867,
2016-04-25,True,2016-03-28,203.24,208.61,2.6421964180279423,4.755953552450296,166.54288016248933,238.28251553937275,-30.10696576477492,
2016-04-26,True,2016-03-28,203.24,208.9192,2.7943318244439963,5.029797283999193,166.9782418027589,238.28251553937275,-29.924257587767432,
2016-04-27,True,2016-03-28,203.24,209.35,3.0062979728399775,5.411336351111959,167.58481940504907,238.28251553937275,-29.669695224718197,
2016-04-28,True,2016-03-28,203.24,207.4475,2.0702125565833507,3.7263826018500312,164.90604993346804,238.28251553937275,-30.793894146958635,
2016-04-29,True,2016-03-28,203.24,206.3308,1.520763629206856,2.737374532572341,163.3337072954052,238.28251553937275,-31.45375902814965,
2016-05-02,True,2016-03-28,203.24,207.97,2.3272977760283364,4.189135996851006,165.64174352027544,238.28251553937275,-30.48514569131048,
2016-05-03,True,2016-03-28,203.24,206.1592,1.436331430820692,2.5853965754772457,163.09209003321155,238.28251553937275,-31.55515852095202,
2016-05-04,True,2016-03-28,203.24,205.01,0.8708915567801512,1.5676048022042721,161.47398655003627,238.28251553937275,-32.234227851537426,
2016-05-05,True,2016-03-28,203.24,204.97,0.8512103916551883,1.532178704979339,161.41766550989794,238.28251553937275,-32.25786409694587,
2016-05-06,True,2016-03-28,203.24,205.72,1.2202322377484753,2.1964180279472556,162.4736850124923,238.28251553937275,-31.814684495537037,
2016-05-09,True,2016-03-28,203.24,205.8892,1.303483566227115,2.346270419208807,162.71192301227757,238.28251553937275,-31.714703177459214,
2016-05-10,True,2016-03-28,203.24,208.45,2.5634717575280463,4.614249163550483,166.31759600193587,238.28251553937275,-30.2015107464088,
2016-05-11,True,2016-03-28,203.24,206.5,1.6040149576854956,2.887226923833892,163.57194529519046,238.28251553937275,-31.353777710071828,
2016-05-12,True,2016-03-28,203.24,206.56,1.6335367053729621,2.940366069671332,163.65642685539805,238.28251553937275,-31.318323341959097,
2016-05-13,True,2016-03-28,203.24,204.76,0.7478842747490555,1.3461916945483,161.12198004917147,238.28251553937275,-32.381954385340386,
2016-05-16,True,2016-03-28,203.24,206.78,1.7417831135603246,3.135209604408584,163.96619257615905,238.28251553937275,-31.188323992212517,
2016-05-17,True,2016-03-28,203.24,204.8508,0.7925605195827412,1.4266089352489342,161.24982881028552,238.28251553937275,-32.328300108263164,
2016-05-18,True,2016-03-28,203.24,204.91,0.8216886439677218,1.4790395591418992,161.33318394969038,238.28251553937275,-32.2933184650586,
2016-05-19,True,2016-03-28,203.24,204.2,0.47234796299939763,0.8502263333989157,160.3334854872343,238.28251553937275,-32.712861821059,
2016-05-20,True,2016-03-28,203.24,205.49,1.107065538279861,1.99271796890375,162.14983903169667,238.28251553937275,-31.950592906635755,
2016-05-23,True,2016-03-28,203.24,205.21,0.9692973824050322,1.7447352883290579,161.7555917507281,238.28251553937275,-32.11604662449508,
2016-05-24,True,2016-03-28,203.24,207.87,2.278094863215907,4.100570753788633,165.50094091992955,238.28251553937275,-30.54423630483165,
2016-05-25,True,2016-03-28,203.24,209.28,2.9718559338712813,5.349340680968306,167.486257584807,238.28251553937275,-29.711058654183,
2016-05-26,True,2016-03-28,203.24,209.34,3.001377681558748,5.402479826805746,167.57073914501456,238.28251553937275,-29.67560428607029,
2016-05-27,True,2016-03-28,203.24,210.24,3.444203896870701,6.199567014367262,168.83796254812782,238.28251553937275,-29.143788764379664,
2016-05-31,True,2016-03-28,203.24,209.84,3.247392245620939,5.845306042117691,168.2747521467441,238.28251553937275,-29.380151218464402,
2016-06-01,True,2016-03-28,203.24,210.27,3.4589647707144344,6.226136587285982,168.88020332823163,238.28251553937275,-29.12606158032329,
2016-06-02,True,2016-03-28,203.24,210.91,3.773863412714018,6.7929541428852325,169.78133997044543,238.28251553937275,-28.747881653787765,
2016-06-03,True,2016-03-28,203.24,210.28,3.463885061995664,6.234993111592195,168.89428358826615,238.28251553937275,-29.1201525189712,
2016-06-06,True,2016-03-28,203.24,211.35,3.990356229088765,7.182641212359777,170.40087141196753,238.28251553937275,-28.48788295429454,
2016-06-07,True,2016-03-28,203.24,211.68,4.152725841369809,7.474906514465656,170.86551999310902,238.28251553937275,-28.292883929674662,
2016-06-08,True,2016-03-28,203.24,212.37,4.492225939775629,8.086006691596133,171.83705793549586,238.28251553937275,-27.88515869637852,
2016-06-09,True,2016-03-28,203.24,212.08,4.349537492619571,7.829167486715227,171.42873039449273,238.28251553937275,-28.056521475589925,
2016-06-10,True,2016-03-28,203.24,210.07,3.3605589450895312,6.049006101161156,168.59859812753967,238.28251553937275,-29.244242807365705,
2016-06-13,True,2016-03-28,203.24,208.4492,2.563078134225538,4.613540641605969,166.31646958113308,238.28251553937275,-30.201983471316986,
2016-06-14,True,2016-03-28,203.24,208.04,2.3617398149970326,4.251131666994659,165.74030534051758,238.28251553937275,-30.443782261845655,
2016-06-15,True,2016-03-28,203.24,207.75,2.219051367840974,3.994292462113753,165.33197779951445,238.28251553937275,-30.61514504105707,
2016-06-16,True,2016-03-28,203.24,208.37,2.5241094272780984,4.543396969100577,166.20495392165915,238.28251553937275,-30.24878323722574,
2016-06-17,True,2016-03-28,203.24,206.52,1.613855540247977,2.9049399724463587,163.60010581525964,238.28251553937275,-31.341959587367597,
2016-06-20,True,2016-03-28,203.24,207.85,2.2682542806534034,4.082857705176126,165.47278039986034,238.28251553937275,-30.556054427535894,
2016-06-21,True,2016-03-28,203.24,208.44,2.5585514662467945,4.60539263924423,166.30351574190124,238.28251553937275,-30.20741980776094,
2016-06-22,True,2016-03-28,203.24,208.1,2.391261562684499,4.304270812832098,165.82478690072512,238.28251553937275,-30.408327893732956,
2016-06-23,True,2016-03-28,203.24,210.81,3.7246604999015887,6.70438889982286,169.6405373700995,238.28251553937275,-28.80697226730895,
2016-06-24,True,2016-03-28,203.24,203.13,-0.05412320409369231,-0.09742176736864616,158.826897663533,238.28251553937275,-33.34513138573563,
2016-06-27,True,2016-03-28,203.24,199.6,-1.790986026372765,-3.223774847470977,153.8565658713221,238.28251553937275,-35.43103004303331,
2016-06-28,True,2016-03-28,203.24,203.1997,-0.019828773863417304,-0.03569179295415115,158.9250370759741,238.28251553937275,-33.30394522811137,
2016-06-29,True,2016-03-28,203.24,206.66,1.6827396181853915,3.0289313127337048,163.79722945574392,238.28251553937275,-31.259232728437947,
2016-06-30,True,2016-03-28,203.24,209.475,3.0678016138555364,5.5220429049399655,167.76082265548152,238.28251553937275,-29.5958319578167,
2016-07-01,True,2016-03-28,203.24,209.9208,3.2871481991733953,5.9168667585121115,168.38852064782364,238.28251553937275,-29.332406002739276,
2016-07-05,True,2016-03-28,203.24,208.41,2.5437905924030613,4.57882306632551,166.26127496179748,238.28251553937275,-30.225146991817287,
2016-07-06,True,2016-03-28,203.24,209.66,3.1588270025585397,5.685888604605371,168.02130746612144,238.28251553937275,-29.486514322802527,
2016-07-07,True,2016-03-28,203.24,209.526,3.0928950993898807,5.567211178901785,167.83263198165793,238.28251553937275,-29.565695744920905,
2016-07-08,True,2016-03-28,203.24,212.65,4.629994095650458,8.333989372170825,172.23130521646442,238.28251553937275,-27.71970497851921,
2016-07-11,True,2016-03-28,203.24,213.4,4.999015941743745,8.998228695138742,173.2873247190588,238.28251553937275,-27.27652537711036,
2016-07-12,True,2016-03-28,203.24,214.95,5.761661090336534,10.370989962605762,175.46976502442052,238.28251553937275,-26.36062086753207,
2016-07-13,True,2016-03-28,203.24,214.92,5.746900216492801,10.344420389687041,175.42752424431674,238.28251553937275,-26.378348051588418,
2016-07-14,True,2016-03-28,203.24,216.12,6.337335170242087,11.407203306435756,177.11715544846786,238.28251553937275,-25.669260689334216,
2016-07-15,True,2016-03-28,203.24,215.83,6.194646723086006,11.15036410155481,176.70882790746464,238.28251553937275,-25.840623468545665,
2016-07-18,True,2016-03-28,203.24,216.4092,6.479629994095637,11.663333989372147,177.52435656866814,238.28251553937275,-25.49837063503101,
2016-07-19,True,2016-03-28,203.24,216.19,6.371777209210783,11.46919897657941,177.21571726870994,238.28251553937275,-25.627897259869414,
2016-07-20,True,2016-03-28,203.24,217.085,6.81214327888211,12.2618579019878,178.4759005418059,238.28251553937275,-25.099036268854846,
2016-07-21,True,2016-03-28,203.24,216.265,6.408679393820105,11.535622908876189,177.32131921896936,238.28251553937275,-25.58357929972853,
2016-07-22,True,2016-03-28,203.24,217.24,6.88840779374138,12.399134028734485,178.69414457234208,238.28251553937275,-25.00744581789701,
2016-07-25,True,2016-03-28,203.24,216.65,6.598110608148011,11.876599094666421,177.86340923030122,238.28251553937275,-25.356080437671956,
2016-07-26,True,2016-03-28,203.24,216.75,6.647313520960441,11.965164337728794,178.00421183064708,238.28251553937275,-25.296989824150796,
2016-07-27,True,2016-03-28,203.24,216.52,6.534146821491826,11.761464278685288,177.68036584985148,238.28251553937275,-25.432898235249514,
2016-07-28,True,2016-03-28,203.24,216.77,6.657154103522922,11.98287738634126,178.03237235071623,238.28251553937275,-25.285171701446572,
2016-07-29,True,2016-03-28,203.24,217.12,6.829364298366469,12.292855737059645,178.525181451927,238.28251553937275,-25.078354554122416,
2016-08-01,True,2016-03-28,203.24,216.94,6.74079905530407,12.133438299547326,178.27173677130432,238.28251553937275,-25.184717658460553,
2016-08-02,True,2016-03-28,203.24,215.5492,6.056484943908691,10.901672899035644,176.31345420569335,238.28251553937275,-26.006549911313115,
2016-08-03,True,2016-03-28,203.24,216.18,6.366856917929531,11.460342452273157,177.20163700867533,238.28251553937275,-25.63380632122153,
2016-08-04,True,2016-03-28,203.24,216.4097,6.479876008659691,11.663776815587443,177.52506058166986,238.28251553937275,-25.498075181963397,
2016-08-05,True,2016-03-28,203.24,218.18,7.3509151741783185,13.231647313520973,180.01768901559376,238.28251553937275,-24.4519940507979,
2016-08-08,True,2016-03-28,203.24,218.05,7.286951387522134,13.11651249753984,179.834645635144,238.28251553937275,-24.528811848375454,
2016-08-09,True,2016-03-28,203.24,218.18,7.3509151741783185,13.231647313520973,180.01768901559376,238.28251553937275,-24.4519940507979,
2016-08-10,True,2016-03-28,203.24,217.64,7.085219444991142,12.753395000984057,179.25735497372574,238.28251553937275,-24.771083363812295,
2016-08-11,True,2016-03-28,203.24,218.65,7.582168864396777,13.647903955914199,180.67946123721956,238.28251553937275,-24.174268167248346,
2016-08-12,True,2016-03-28,203.24,218.46,7.4886833300531475,13.479629994095665,180.41193629656232,238.28251553937275,-24.28654033293859,
2016-08-15,True,2016-03-28,203.24,219.09,7.7986616807715015,14.037591025388704,181.2989926787416,238.28251553937275,-23.914269467755155,
2016-08-16,True,2016-03-28,203.24,217.96,7.242668765990956,13.036803778783721,179.7079232948327,238.28251553937275,-24.581993400544498,
2016-08-17,True,2016-03-28,203.24,218.37,7.444400708521948,13.399921275339507,180.28521395625097,238.28251553937275,-24.339721885107668,
2016-08-18,True,2016-03-28,203.24,218.86,7.685494981302887,13.833890966345198,180.97514669794595,238.28251553937275,-24.050177878853884,
2016-08-19,True,2016-03-28,203.24,218.54,7.528045660303073,13.550482188545532,180.52457837683897,238.28251553937275,-24.23926784212168,
2016-08-22,True,2016-03-28,203.24,218.53,7.523125369021844,13.54162566423932,180.51049811680443,238.28251553937275,-24.245176903473777,
2016-08-23,True,2016-03-28,203.24,218.97,7.739618185396568,13.931312733713824,181.13002955832644,238.28251553937275,-23.985178203980595,
2016-08-24,True,2016-03-28,203.24,217.85,7.188545561897253,12.939382011415056,179.55304043445216,238.28251553937275,-24.64699307541782,
2016-08-25,True,2016-03-28,203.24,217.7,7.114741192678586,12.806534146821456,179.34183653393325,238.28251553937275,-24.73562899569961,
2016-08-26,True,2016-03-28,203.24,217.29,6.913009250147595,12.443416650265672,178.76454587251501,238.28251553937275,-24.97790051113643,
2016-08-29,True,2016-03-28,203.24,218.3608,7.439874040543204,13.391773272977767,180.27226011701913,238.28251553937275,-24.34515822155162,
2016-08-30,True,2016-03-28,203.24,218.0,7.262349931115919,13.072229876008654,179.76424433497104,238.28251553937275,-24.558357155136047,
2016-08-31,True,2016-03-28,203.24,217.38,6.957291871678795,12.52312536902183,178.89126821282633,238.28251553937275,-24.924718958967375,
2016-09-01,True,2016-03-28,203.24,217.39,6.962212162960046,12.531981893328084,178.905348472861,238.28251553937275,-24.918809897615223,
2016-09-02,True,2016-03-28,203.24,218.37,7.444400708521948,13.399921275339507,180.28521395625097,238.28251553937275,-24.339721885107668,
2016-09-06,True,2016-03-28,203.24,219.0308,7.769533556386543,13.985160401495778,181.2156375393368,238.28251553937275,-23.9492511109597,
2016-09-07,True,2016-03-28,203.24,219.01,7.759299350521531,13.966738830938757,181.18635059846477,238.28251553937275,-23.96154195857214,
2016-09-08,True,2016-03-28,203.24,218.51,7.51328478645934,13.523912615626813,180.48233759673522,238.28251553937275,-24.25699502617803,
2016-09-09,True,2016-03-28,203.24,213.28,4.939972446368812,8.891950403463863,173.1183615986437,238.28251553937275,-27.34743411333578,
2016-09-12,True,2016-03-28,203.24,216.34,6.445581578429449,11.602046841173008,177.42692116922885,238.28251553937275,-25.539261339587625,
2016-09-13,True,2016-03-28,203.24,213.23,4.9153709899625975,8.847667781932676,173.04796029847074,238.28251553937275,-27.37697942009637,
2016-09-14,True,2016-03-28,203.24,213.15,4.8760086597126495,8.77681558748277,172.93531821819403,238.28251553937275,-27.4242519109133,
2016-09-15,True,2016-03-28,203.24,215.28,5.9240307026176,10.66325526471168,175.9344136055621,238.28251553937275,-26.165621842912145,
2016-09-16,True,2016-03-28,203.24,213.37,4.984255067900012,8.971659122220021,173.24508393895502,238.28251553937275,-27.294252561166722,
2016-09-19,True,2016-03-28,203.24,213.41,5.003936233024997,9.007085219444996,173.30140497909343,238.28251553937275,-27.27061631575822,
2016-09-20,True,2016-03-28,203.24,213.42,5.008856524306227,9.015941743751208,173.31548523912795,238.28251553937275,-27.26470725440614,
2016-09-21,True,2016-03-28,203.24,215.82,6.189726431804754,11.141507577248557,176.69474764743003,238.28251553937275,-25.846532529897782,
2016-09-22,True,2016-03-28,203.24,217.18,6.858886046053936,12.345994882897084,178.60966301213458,238.28251553937275,-25.042900186009696,
2016-09-23,True,2016-03-28,203.24,215.99,6.273371383585902,11.292068490454623,176.9341120680181,238.28251553937275,-25.74607848691177,
2016-09-26,True,2016-03-28,203.24,214.24,5.412320409368232,9.742176736862818,174.47006656196453,238.28251553937275,-26.780164223532445,
2016-09-27,True,2016-03-28,203.24,215.57,6.066719149773658,10.920094469592586,176.34274114656523,238.28251553937275,-25.994259063700742,
2016-09-28,True,2016-03-28,203.24,216.64,6.593190316866737,11.867742570360127,177.8493289702665,238.28251553937275,-25.36198949902413,
2016-09-29,True,2016-03-28,203.24,214.68,5.628813225742957,10.131863806337323,175.08959800348657,238.28251553937275,-26.520165524039243,
2016-09-30,True,2016-03-28,203.24,216.3,6.425900413304464,11.566620743948036,177.37060012909043,238.28251553937275,-25.562897584996115,
2016-10-03,True,2016-03-28,203.24,215.78,6.170045266679791,11.106081480023624,176.6384266072917,238.28251553937275,-25.870168775306233,
2016-10-04,True,2016-03-28,203.24,214.68,5.628813225742957,10.131863806337323,175.08959800348657,238.28251553937275,-26.520165524039243,
2016-10-05,True,2016-03-28,203.24,215.63,6.096240897461125,10.973233615430026,176.4272227067728,238.28251553937275,-25.95880469558802,
2016-10-06,True,2016-03-28,203.24,215.78,6.170045266679791,11.106081480023624,176.6384266072917,238.28251553937275,-25.870168775306233,
2016-10-07,True,2016-03-28,203.24,215.04,5.805943711867734,10.45069868136192,175.59648736473187,238.28251553937275,-26.30743931536299,
2016-10-10,True,2016-03-28,203.24,216.16,6.3570163353670495,11.442629403660689,177.17347648860618,238.28251553937275,-25.64562444392575,
2016-10-11,True,2016-03-28,203.24,213.43,5.0137768155874785,9.024798268057461,173.32956549916258,238.28251553937275,-27.258798193054,
2016-10-12,True,2016-03-28,203.24,213.71,5.151544971462307,9.272780948632153,173.72381278013117,238.28251553937275,-27.09334447519469,
2016-10-13,True,2016-03-28,203.24,213.01,4.807124581775235,8.652824247195424,172.73819457770972,238.28251553937275,-27.50697876984297,
2016-10-14,True,2016-03-28,203.24,213.12,4.861247785868916,8.75024601456405,172.89307743809022,238.28251553937275,-27.44197909496967,
2016-10-17,True,2016-03-28,203.24,212.38,4.497146231056881,8.094863215902386,171.85113819553047,238.28251553937275,-27.879249635026394,
2016-10-18,True,2016-03-28,203.24,213.71,5.151544971462307,9.272780948632153,173.72381278013117,238.28251553937275,-27.09334447519469,
2016-10-19,True,2016-03-28,203.24,214.28,5.432001574493195,9.777602834087752,174.52638760210286,238.28251553937275,-26.756527978123977,
2016-10-20,True,2016-03-28,203.24,213.88,5.235189923243455,9.42334186183822,173.96317720071923,238.28251553937275,-26.992890432208682,
2016-10-21,True,2016-03-28,203.24,213.98,5.2843928360558845,9.511907104900592,174.10397980106512,238.28251553937275,-26.933799818687522,
2016-10-24,True,2016-03-28,203.24,214.89,5.732139342649067,10.317850816768322,175.38528346421296,238.28251553937275,-26.39607523564478,
2016-10-25,True,2016-03-28,203.24,214.17,5.377878370399514,9.680181066719125,174.37150474172236,238.28251553937275,-26.82152765299728,
2016-10-26,True,2016-03-28,203.24,213.74,5.166305845306041,9.299350521550874,173.76605356023492,238.28251553937275,-27.075617291138343,
2016-10-27,True,2016-03-28,203.24,213.17,4.885849242275131,8.794528636095237,172.9634787382632,238.28251553937275,-27.412433788209068,
2016-10-28,True,2016-03-28,203.24,212.54,4.575870891556777,8.236567604802199,172.07642235608392,238.28251553937275,-27.78470465339251,
2016-10-31,True,2016-03-28,203.24,212.55,4.580791182838029,8.245424129108452,172.09050261611853,238.28251553937275,-27.778795592040385,
2016-11-01,True,2016-03-28,203.24,211.01,3.8230663255264696,6.881519385947645,169.92214257079138,238.28251553937275,-28.68879104026657,
2016-11-02,True,2016-03-28,203.24,209.74,3.19818933280851,5.756740799055318,168.13394954639824,238.28251553937275,-29.439241831985562,
2016-11-03,True,2016-03-28,203.24,208.78,2.72584136980909,4.906514465656362,166.7822445830774,238.28251553937275,-30.006511721788907,
2016-11-04,True,2016-03-28,203.24,208.55,2.6126746703404757,4.702814406612856,166.4583986022818,238.28251553937275,-30.142420132887615,
2016-11-07,True,2016-03-28,203.24,213.15,4.8760086597126495,8.77681558748277,172.93531821819403,238.28251553937275,-27.4242519109133,
2016-11-08,True,2016-03-28,203.24,214.11,5.348356622712069,9.627041920881725,174.28702318151485,238.28251553937275,-26.856982021109964,
2016-11-09,True,2016-03-28,203.24,216.3792,6.464869120251904,11.636764416453428,177.48211578856439,238.28251553937275,-25.516097819087346,
2016-11-10,True,2016-03-28,203.24,216.92,6.730958472741566,12.115725250934819,178.2435762512351,238.28251553937275,-25.19653578116481,
2016-11-11,True,2016-03-28,203.24,216.42,6.484943908679375,11.672899035622875,177.5395632495055,238.28251553937275,-25.49198884877072,
2016-11-14,True,2016-03-28,203.24,216.59,6.568588860460545,11.823459948828981,177.77892767009365,238.28251553937275,-25.391534805784676,
2016-11-15,True,2016-03-28,203.24,218.28,7.400118086990748,13.320212556583346,180.15849161593965,238.28251553937275,-24.392903437276725,
2016-11-16,True,2016-03-28,203.24,217.87,7.198386144459756,12.957095060027562,179.5812009545214,238.28251553937275,-24.63517495271357,
2016-11-17,True,2016-03-28,203.24,218.99,7.749458767959072,13.94902578232633,181.15819007839568,238.28251553937275,-23.97336008127634,
2016-11-18,True,2016-03-28,203.24,218.5,7.50836449517811,13.515056091320599,180.46825733670065,238.28251553937275,-24.262904087530135,
2016-11-21,True,2016-03-28,203.24,220.15,8.32021255658335,14.97638260185003,182.79150024240832,238.28251553937275,-23.28790896443065,
2016-11-22,True,2016-03-28,203.24,220.58,8.531785081676846,15.357213147018323,183.39695142389579,238.28251553937275,-23.03381932628956,
2016-11-23,True,2016-03-28,203.24,220.7,8.590828577051756,15.463491438693161,183.56591454431086,238.28251553937275,-22.962910590064155,
2016-11-25,True,2016-03-28,203.24,221.52,8.994292462113762,16.189726431804772,184.7204958671474,238.28251553937275,-22.47836755919047,
2016-11-28,True,2016-03-28,203.24,220.48,8.482582168864393,15.268647903955909,183.25614882354984,238.28251553937275,-23.092909939810756,
2016-11-29,True,2016-03-28,203.24,220.91,8.694154693957866,15.64947844912416,183.86160000503725,238.28251553937275,-22.838820301669692,
2016-11-30,True,2016-03-28,203.24,220.38,8.433379256051943,15.180082660893497,183.1153462232039,238.28251553937275,-23.152000553331952,
2016-12-01,True,2016-03-28,203.24,219.57,8.034835662271188,14.46270419208814,181.97484516040194,238.28251553937275,-23.630634522853512,
2016-12-02,True,2016-03-28,203.24,219.68,8.088958866364893,14.560125959456807,182.12972802078252,238.28251553937275,-23.56563484798019,
2016-12-05,True,2016-03-28,203.24,221.0,8.738437315489067,15.72918716788032,183.9883223453486,238.28251553937275,-22.785638749500624,
2016-12-06,True,2016-03-28,203.24,221.7,9.082857705176139,16.34914386931705,184.97394054777,238.28251553937275,-22.372004454852355,
2016-12-07,True,2016-03-28,203.24,224.6,10.509742176736857,18.917535918126344,189.05721595780167,238.28251553937275,-20.65837666273811,
2016-12-08,True,2016-03-28,203.24,225.15,10.780358197205263,19.404644754969475,189.8316302597042,238.28251553937275,-20.333378288371616,
2016-12-09,True,2016-03-28,203.24,226.51,11.449517811454424,20.609132060617963,191.74654562440867,238.28251553937275,-19.52974594448357,
2016-12-12,True,2016-03-28,203.24,226.25,11.321590238142099,20.37886242865578,191.38045886350935,238.28251553937275,-19.68338153963861,
2016-12-13,True,2016-03-28,203.24,227.76,12.064554221609903,21.716197598897825,193.50657812873266,238.28251553937275,-18.791113275468806,
2016-12-14,True,2016-03-28,203.24,225.88,11.13953946073607,20.051171029324927,190.85948924222942,238.28251553937275,-19.902016809667,
2016-12-15,True,2016-03-28,203.24,226.81,11.597126549891756,20.874827789805163,192.1689534254465,238.28251553937275,-19.352474103920002,
2016-12-16,True,2016-03-28,203.24,225.04,10.726234993111582,19.30722298760085,189.67674739932372,238.28251553937275,-20.398377963244908,
2016-12-19,True,2016-03-28,203.24,225.53,10.967329265892545,19.74119267860658,190.36668014101875,238.28251553937275,-20.108833956991113,
2016-12-20,True,2016-03-28,203.24,226.4,11.395394607360743,20.511710293249337,191.59166276402817,238.28251553937275,-19.594745619356868,
2016-12-21,True,2016-03-28,203.24,225.77,11.08541625664239,19.9537492619563,190.70460638184892,238.28251553937275,-19.967016484540288,
2016-12-22,True,2016-03-28,203.24,225.38,10.893524896673878,19.60834481401298,190.15547624049984,238.28251553937275,-20.1974698772729,
2016-12-23,True,2016-03-28,203.24,225.71,11.055894508954921,19.90061011611886,190.62012482164133,238.28251553937275,-20.00247085265302,
2016-12-27,True,2016-03-28,203.24,226.27,11.331430820704579,20.396575477268243,191.4086193835785,238.28251553937275,-19.67156341693439,
2016-12-28,True,2016-03-28,203.24,224.4,10.411336351111977,18.74040543200156,188.7756107571098,238.28251553937275,-20.776557889780477,
2016-12-29,True,2016-03-28,203.24,224.35,10.386734894705762,18.696122810470374,188.70520945693687,238.28251553937275,-20.80610319654106,
2016-12-30,True,2016-03-28,203.24,223.53,9.983271009643758,17.969887817358764,187.5506281341003,238.28251553937275,-21.29064622741477,
2017-01-03,True,2016-03-28,203.24,225.24,10.824640818736464,19.484353473725637,189.95835260001553,238.28251553937275,-20.280196736202562,
2017-01-04,True,2016-03-28,203.24,226.58,11.483959850423142,20.671127730761658,191.84510744465084,238.28251553937275,-19.48838251501873,
2017-01-05,True,2016-03-28,203.24,226.4,11.395394607360743,20.511710293249337,191.59166276402817,238.28251553937275,-19.594745619356868,
2017-01-06,True,2016-03-28,203.24,227.21,11.793938201141497,21.229088762054694,192.73216382683012,238.28251553937275,-19.1161116498353,
2017-01-09,True,2016-03-28,203.24,226.46,11.42491635504821,20.564849439086778,191.67614432423574,238.28251553937275,-19.559291251244147,
2017-01-10,True,2016-03-28,203.24,226.46,11.42491635504821,20.564849439086778,191.67614432423574,238.28251553937275,-19.559291251244147,
2017-01-11,True,2016-03-28,203.24,227.1,11.739814997047816,21.131666994686068,192.57728096644962,238.28251553937275,-19.18111132470859,
2017-01-12,True,2016-03-28,203.24,226.53,11.459358394016927,20.62684510923047,191.7747061444779,238.28251553937275,-19.517927821779313,
2017-01-13,True,2016-03-28,203.24,227.05,11.7152135406416,21.08738437315488,192.50687966627663,238.28251553937275,-19.210656631469192,
2017-01-17,True,2016-03-28,203.24,226.25,11.321590238142099,20.37886242865578,191.38045886350935,238.28251553937275,-19.68338153963861,
2017-01-18,True,2016-03-28,203.24,226.75,11.56760480220429,20.821688643967722,192.08447186523892,238.28251553937275,-19.387928472032712,
2017-01-19,True,2016-03-28,203.24,225.91,11.154300334579803,20.077740602243647,190.9017300223332,238.28251553937275,-19.88428962561064,
2017-01-20,True,2016-03-28,203.24,226.74,11.562684510923038,20.81283211966147,192.07039160520432,238.28251553937275,-19.39383753338484,
2017-01-23,True,2016-03-28,203.24,226.15,11.272387325329646,20.290297185593364,191.23965626316337,238.28251553937275,-19.742472153159817,
2017-01-24,True,2016-03-28,203.24,227.6,11.985829561110005,21.57449320999801,193.28129396817917,238.28251553937275,-18.8856582571027,
2017-01-25,True,2016-03-28,203.24,229.57,12.955126943515038,23.31922849832707,196.05510519499376,238.28251553937275,-17.72157317073544,
2017-01-26,True,2016-03-28,203.24,229.33,12.837039952765195,23.10667191497735,195.7171789541636,238.28251553937275,-17.86339064318626,
2017-01-27,True,2016-03-28,203.24,228.97,12.659909466640418,22.787837039952752,195.2102895929183,238.28251553937275,-18.076116851862512,
2017-01-30,True,2016-03-28,203.24,227.55,11.961228104703792,21.530210588466826,193.21089266800624,238.28251553937275,-18.91520356386328,
2017-01-31,True,2016-03-28,203.24,227.53,11.95138752214131,21.51249753985436,193.1827321479371,238.28251553937275,-18.927021686567503,
2017-02-01,True,2016-03-28,203.24,227.62,11.995670143672509,21.592206258610517,193.3094544882484,238.28251553937275,-18.873840134398446,
2017-02-02,True,2016-03-28,203.24,227.77,12.069474512891155,21.725054123204078,193.52065838876726,238.28251553937275,-18.78520421411668,
2017-02-03,True,2016-03-28,203.24,229.34,12.841960244046447,23.115528439283604,195.7312592141982,238.28251553937275,-17.857481581834143,
2017-02-06,True,2016-03-28,203.24,228.93,12.640228301515455,22.75241094272782,195.15396855277996,238.28251553937275,-18.099753097270966,
2017-02-07,True,2016-03-28,203.24,228.94,12.645148592796684,22.76126746703403,195.16804881281453,238.28251553937275,-18.09384403591886,
2017-02-08,True,2016-03-28,203.24,229.24,12.792757331234018,23.02696319622123,195.59045661385233,238.28251553937275,-17.916572195355297,
2017-02-09,True,2016-03-28,203.24,230.6,13.461916945483154,24.231450501869677,197.50537197855672,238.28251553937275,-17.112939851467278,
2017-02-10,True,2016-03-28,203.24,231.51,13.909663452076359,25.037394213737446,198.78667564170462,238.28251553937275,-16.575215268424515,
2017-02-13,True,2016-03-28,203.24,232.77,14.52962015351309,26.15331627632356,200.5607884060632,238.28251553937275,-15.830673538057628,
2017-02-14,True,2016-03-28,203.24,233.7,14.987207242668754,26.97697303680376,201.8702525892802,238.28251553937275,-15.281130832310675,
2017-02-15,True,2016-03-28,203.24,234.92,15.5874827789805,28.0574690021649,203.5880443135004,238.28251553937275,-14.560225347352262,
2017-02-16,True,2016-03-28,203.24,234.72,15.48907695335564,27.880338516040155,203.30643911280862,238.28251553937275,-14.678406574394609,
2017-02-17,True,2016-03-28,203.24,235.09,15.671127730761647,28.208029915370965,203.82740873408846,238.28251553937275,-14.459771304366253,
2017-02-21,True,2016-03-28,203.24,236.49,16.359968510135793,29.44794331824443,205.79864513893133,238.28251553937275,-13.632502715069716,
2017-02-22,True,2016-03-28,203.24,236.28,16.256642393229683,29.26195630781343,205.50295967820495,238.28251553937275,-13.756593003464179,
2017-02-23,True,2016-03-28,203.24,236.44,16.335367053729577,29.40366069671324,205.72824383875837,238.28251553937275,-13.662048021830309,
2017-02-24,True,2016-03-28,203.24,236.74,16.482975792166886,29.669356425900396,206.15065163979614,238.28251553937275,-13.484776181266767,
2017-02-27,True,2016-03-28,203.24,237.11,16.665026569572916,29.99704782523125,206.67162126107604,238.28251553937275,-13.266140911238388,
2017-02-28,True,2016-03-28,203.24,236.47,16.35012792757331,29.43023026963196,205.77048461886218,238.28251553937275,-13.644320837773938,
2017-03-01,True,2016-03-28,203.24,239.78,17.97874434166502,32.36173981499704,210.43105069031205,238.28251553937275,-11.68842153022287,
2017-03-02,True,2016-03-28,203.24,238.27,17.235780358197196,31.024404644754956,208.30493142508868,238.28251553937275,-12.580689794392697,
2017-03-03,True,2016-03-28,203.24,238.42,17.30958472741586,31.15725250934855,208.5161353256076,238.28251553937275,-12.492053874110919,
2017-03-06,True,2016-03-28,203.24,237.71,16.96024404644756,30.528439283605607,207.5164368631516,238.28251553937275,-12.911597230111294,
2017-03-07,True,2016-03-28,203.24,237.0,16.610903365479235,29.899626057862623,206.51673840069554,238.28251553937275,-13.33114058611169,
2017-03-08,True,2016-03-28,203.24,236.56,16.39441054910451,29.509938988388118,205.8972069591735,238.28251553937275,-13.59113928560488,
2017-03-09,True,2016-03-28,203.24,236.86,16.54201928754182,29.775634717575276,206.31961476021124,238.28251553937275,-13.41386744504135,
2017-03-10,True,2016-03-28,203.24,237.69,16.950403463885056,30.5107262349931,207.4882763430824,238.28251553937275,-12.923415352815537,
2017-03-13,True,2016-03-28,203.24,237.81,17.00944695925999,30.61700452666798,207.6572394634975,238.28251553937275,-12.85250661659012,
2017-03-14,True,2016-03-28,203.24,236.9,16.561700452666805,29.81106081480025,206.37593580034965,238.28251553937275,-13.39023119963285,
2017-03-15,True,2016-03-28,203.24,238.95,17.570360165321787,31.62664829757922,209.26238910744095,238.28251553937275,-12.178873622448661,
2017-03-16,True,2016-03-28,203.24,238.48,17.339106475103307,31.210391655185955,208.60061688581507,238.28251553937275,-12.456599505998234,
2017-03-17,True,2016-03-28,203.24,237.03,16.62566423932297,29.926195630781343,206.55897918079933,238.28251553937275,-13.31341340205533,
2017-03-20,True,2016-03-28,203.24,236.77,16.49773666601062,29.695925998819117,206.19289241989992,238.28251553937275,-13.467048997210407,
2017-03-21,True,2016-03-28,203.24,233.73,15.001968116512487,27.003542609722476,201.912493369384,238.28251553937275,-15.263403648254304,
2017-03-22,True,2016-03-28,203.24,234.28,15.272584136980916,27.49065144656565,202.68690767128658,238.28251553937275,-14.9384052738878,
2017-03-23,True,2016-03-28,203.24,234.03,15.149576854949798,27.269238338909638,202.33490117042174,238.28251553937275,-15.086131807690773,
2017-03-24,True,2016-03-28,203.24,233.86,15.065931903168671,27.11867742570361,202.09553674983374,238.28251553937275,-15.186585850676748,
2017-03-27,True,2016-03-28,203.24,233.62,14.947844912418805,26.90612084235385,201.7576105090035,238.28251553937275,-15.328403323127592,
2017-03-28,True,2016-03-28,203.24,235.32,15.784294430230261,28.41172997441447,204.15125471488412,238.28251553937275,-14.323862893267524,
2017-03-29,True,2016-03-28,203.24,235.54,15.892540838417624,28.606573509151723,204.4610204356451,238.28251553937275,-14.193863543520935,
2017-03-30,True,2016-03-28,203.24,236.29,16.26156268451091,29.27081283211964,205.51703993823952,238.28251553937275,-13.750683942112074,
2017-03-31,True,2016-03-28,203.24,235.74,15.990946664042504,28.783703995276507,204.74262563633698,238.28251553937275,-14.075682316478566,
2017-04-03,True,2016-03-28,203.24,235.33,15.789214721511513,28.420586498720724,204.16533497491872,238.28251553937275,-14.317953831915398,
2017-04-04,True,2016-03-28,203.24,235.48,15.863019090730157,28.553434363314285,204.37653887543755,238.28251553937275,-14.229317911633654,
2017-04-05,True,2016-03-28,203.24,234.78,15.518598701043107,27.933477661877593,203.39092067301618,238.28251553937275,-14.64295220628189,
2017-04-06,True,2016-03-28,203.24,235.44,15.843337925605194,28.51800826608935,204.32021783529922,238.28251553937275,-14.252954157042108,
2017-04-07,True,2016-03-28,203.24,235.2,15.725250934855328,28.30545168273959,203.98229159446896,238.28251553937275,-14.394771629492965,
2017-04-10,True,2016-03-28,203.24,235.34,15.794135012792765,28.429443023026977,204.1794152349533,238.28251553937275,-14.312044770563293,
2017-04-11,True,2016-03-28,203.24,235.06,15.656366856917936,28.181460342452286,203.78516795398474,238.28251553937275,-14.47749848842259,
2017-04-12,True,2016-03-28,203.24,234.03,15.149576854949798,27.269238338909638,202.33490117042174,238.28251553937275,-15.086131807690773,
2017-04-13,True,2016-03-28,203.24,232.51,14.401692580200741,25.923046644361335,200.1947016451638,238.28251553937275,-15.984309133212705,
2017-04-17,True,2016-03-28,203.24,234.57,15.415272584136975,27.747490651446554,203.0952352122897,238.28251553937275,-14.767042494676385,
2017-04-18,True,2016-03-28,203.24,233.87,15.070852194449902,27.127533950009823,202.10961700986826,238.28251553937275,-15.180676789324664,
2017-04-19,True,2016-03-28,203.24,233.44,14.859279669356429,26.746703404841572,201.50416582838088,238.28251553937275,-15.434766427465718,
2017-04-20,True,2016-03-28,203.24,235.34,15.794135012792765,28.429443023026977,204.1794152349533,238.28251553937275,-14.312044770563293,
2017-04-21,True,2016-03-28,203.24,234.59,15.425113166699456,27.765203700059022,203.12339573235886,238.28251553937275,-14.755224371972165,
2017-04-24,True,2016-03-28,203.24,237.17,16.69454831726036,30.050186971068648,206.75610282128355,238.28251553937275,-13.230686543125703,
2017-04-25,True,2016-03-28,203.24,238.55,17.373548514072024,31.272387325329642,208.69917870605724,238.28251553937275,-12.415236076533398,
2017-04-26,True,2016-03-28,203.24,238.4,17.299744144853378,31.13953946073608,208.4879748055384,238.28251553937275,-12.503871996815153,
2017-04-27,True,2016-03-28,203.24,238.6,17.398149970478237,31.316669946860827,208.76958000623017,238.28251553937275,-12.385690769772816,
2017-04-28,True,2016-03-28,203.24,238.08,17.142294823853565,30.856130682936417,208.03740648443144,238.28251553937275,-12.692961960082938,
2017-05-01,True,2016-03-28,203.24,238.68,17.43751230072821,31.387522141310775,208.882222086507,238.28251553937275,-12.338418278955842,
2017-05-02,True,2016-03-28,203.24,238.77,17.481794922259407,31.467230860066934,209.00894442681832,238.28251553937275,-12.285236726786774,
2017-05-03,True,2016-03-28,203.24,238.48,17.339106475103307,31.210391655185955,208.60061688581507,238.28251553937275,-12.456599505998234,
2017-05-04,True,2016-03-28,203.24,238.76,17.476874630978134,31.45837433576064,208.99486416678366,238.28251553937275,-12.291145788138923,
2017-05-05,True,2016-03-28,203.24,239.7,17.939382011415073,32.29088762054713,210.31840861003533,238.28251553937275,-11.73569402103981,
2017-05-08,True,2016-03-28,203.24,239.66,17.919700846290088,32.25546152332216,210.26208756989692,238.28251553937275,-11.759330266448298,
2017-05-09,True,2016-03-28,203.24,239.44,17.811454438102725,32.06061798858491,209.95232184913593,238.28251553937275,-11.889329616194889,
2017-05-10,True,2016-03-28,203.24,239.87,18.02302696319622,32.441448533753196,210.5577730306234,238.28251553937275,-11.635239978053802,
2017-05-11,True,2016-03-28,203.24,239.38,17.78193269041526,32.00747884274747,209.86784028892836,238.28251553937275,-11.924783984307597,
2017-05-12,True,2016-03-28,203.24,238.98,17.585121039165518,31.653217870497933,209.30462988754473,238.28251553937275,-12.1611464383923,
2017-05-15,True,2016-03-28,203.24,240.3,18.234599488289717,32.82227907892149,211.16322421211086,238.28251553937275,-11.381150339912715,
2017-05-16,True,2016-03-28,203.24,240.08,18.126353080102355,32.62743554418424,210.85345849134987,238.28251553937275,-11.511149689659305,
2017-05-17,True,2016-03-28,203.24,235.82,16.030308994292454,28.85455618972642,204.85526771661367,238.28251553937275,-14.028409825661637,
2017-05-18,True,2016-03-28,203.24,236.77,16.49773666601062,29.695925998819117,206.19289241989992,238.28251553937275,-13.467048997210407,
2017-05-19,True,2016-03-28,203.24,238.31,17.25546152332218,31.059830741979923,208.3612524652271,238.28251553937275,-12.557053548984209,
2017-05-22,True,2016-03-28,203.24,239.52,17.850816768352693,32.13147018303485,210.06496392941273,238.28251553937275,-11.842057125377913,
2017-05-23,True,2016-03-28,203.24,240.05,18.11159220625862,32.60086597126552,210.8112177112461,238.28251553937275,-11.528876873715655,
2017-05-24,True,2016-03-28,203.24,240.61,18.38712851800828,33.0968313324149,211.59971227318323,238.28251553937275,-11.197969437997045,
2017-05-25,True,2016-03-28,203.24,241.76,18.952962015351304,34.11533162763235,213.21894217716127,238.28251553937275,-10.518427382503482,
2017-05-26,True,2016-03-28,203.24,241.71,18.92836055894509,34.07104900610116,213.1485408769883,238.28251553937275,-10.547972689264062,
2017-05-30,True,2016-03-28,203.24,241.5,18.825034442038955,33.88506199567012,212.85285541626183,238.28251553937275,-10.67206297765857,
2017-05-31,True,2016-03-28,203.24,241.44,18.79551269435149,33.83192284983269,212.76837385605427,238.28251553937275,-10.707517345771278,
2017-06-01,True,2016-03-28,203.24,243.36,19.74020862035033,35.532375516630594,215.47178378269598,238.28251553937275,-9.572977566164575,
2017-06-02,True,2016-03-28,203.24,244.17,20.13875221413106,36.24975398543591,216.61228484549784,238.28251553937275,-9.09434359664304,
2017-06-05,True,2016-03-28,203.24,243.99,20.050186971068683,36.090336547923634,216.35884016487523,238.28251553937275,-9.200706700981154,
2017-06-06,True,2016-03-28,203.24,243.21,19.666404251131663,35.399527652036994,215.26057988217707,238.28251553937275,-9.661613486446363,
2017-06-07,True,2016-03-28,203.24,243.66,19.88781735878764,35.79807124581775,215.89419158373371,238.28251553937275,-9.395705725601044,
2017-06-08,True,2016-03-28,203.24,243.78,19.94686085416255,35.90434953749259,216.06315470414876,238.28251553937275,-9.324796989375649,
2017-06-09,True,2016-03-28,203.24,243.41,19.764810076756547,35.57665813816178,215.5421850828689,238.28251553937275,-9.543432259403994,
2017-06-12,True,2016-03-28,203.24,243.36,19.74020862035033,35.532375516630594,215.47178378269598,238.28251553937275,-9.572977566164575,
2017-06-13,True,2016-03-28,203.24,244.55,20.32572328281834,36.586301909073015,217.14733472681237,238.28251553937275,-8.869799265262534,
2017-06-14,True,2016-03-28,203.24,244.24,20.17319425309978,36.311749655579604,216.71084666574,238.28251553937275,-9.052980167178204,
2017-06-15,True,2016-03-28,203.24,243.77,19.94194056288132,35.89549301318638,216.0490744441142,238.28251553937275,-9.330706050727745,
2017-06-16,True,2016-03-28,203.24,242.64,19.385947648100753,34.89470576658136,214.4580050602053,238.28251553937275,-9.99842998351711,
2017-06-19,True,2016-03-28,203.24,244.66,20.379846486912022,36.683723676441645,217.30221758719287,238.28251553937275,-8.804799590389244,
2017-06-20,True,2016-03-28,203.24,243.01,19.567998425506783,35.22239716591221,214.9789746814852,238.28251553937275,-9.779794713488732,
2017-06-21,True,2016-03-28,203.24,242.95,19.538476677819318,35.16925802007477,214.89449312127766,238.28251553937275,-9.81524908160144,
2017-06-22,True,2016-03-28,203.24,242.84,19.484353473725633,35.07183625270614,214.73961026089714,238.28251553937275,-9.88024875647474,
2017-06-23,True,2016-03-28,203.24,243.13,19.627041920881716,35.32867545758709,215.14793780190033,238.28251553937275,-9.708885977263304,
2017-06-26,True,2016-03-28,203.24,243.29,19.70576658138161,35.4703798464869,215.3732219624538,238.28251553937275,-9.614340995629412,
2017-06-27,True,2016-03-28,203.24,241.33,18.74138949025783,33.7345010824641,212.61349099567383,238.28251553937275,-10.772517020644546,
2017-06-28,True,2016-03-28,203.24,243.49,19.804172407006494,35.64751033261169,215.65482716314563,238.28251553937275,-9.496159768587065,
2017-06-29,True,2016-03-28,203.24,241.35,18.751230072820313,33.75221413107656,212.641651515743,238.28251553937275,-10.760698897940312,
2017-06-30,True,2016-03-28,203.24,241.8,18.97264318047629,34.15075772485732,213.27526321729962,238.28251553937275,-10.494791137095005,
2017-07-03,True,2016-03-28,203.24,242.21,19.17437512300728,34.51387522141311,213.8525538787179,238.28251553937275,-10.252519621658163,
2017-07-05,True,2016-03-28,203.24,242.77,19.449911434756938,35.00984058256249,214.64104844065503,238.28251553937275,-9.921612185939555,
2017-07-06,True,2016-03-28,203.24,240.55,18.35760677032081,33.04369218657746,211.51523071297567,238.28251553937275,-11.233423806109766,
2017-07-07,True,2016-03-28,203.24,242.11,19.12517221019485,34.42530997835073,213.711751278372,238.28251553937275,-10.311610235179336,
2017-07-10,True,2016-03-28,203.24,242.37,19.253099783507178,34.65557961031292,214.07783803927134,238.28251553937275,-10.157974640024282,
2017-07-11,True,2016-03-28,203.24,242.19,19.164534540444777,34.4961621728006,213.82439335864868,238.28251553937275,-10.264337744362418,
2017-07-12,True,2016-03-28,203.24,244.01,20.060027553631166,36.1080495965361,216.3870006849444,238.28251553937275,-9.188888578276922,
2017-07-13,True,2016-03-28,203.24,244.42,20.261759496162156,36.471167093091886,216.96429134636264,238.28251553937275,-8.94661706284009,
2017-07-14,True,2016-03-28,203.24,245.56,20.822672702223976,37.48081086400316,218.5694409903062,238.28251553937275,-8.272984068698596,
2017-07-17,True,2016-03-28,203.24,245.53,20.80791182838024,37.454241291084436,218.52720021020238,238.28251553937275,-8.290711252754967,
2017-07-18,True,2016-03-28,203.24,245.66,20.871875615036405,37.56937610706553,218.71024359065208,238.28251553937275,-8.213893455177423,
2017-07-19,True,2016-03-28,203.24,246.99,21.52627435544183,38.7472938397953,220.58291817525276,238.28251553937275,-7.427988295345733,
2017-07-20,True,2016-03-28,203.24,247.1,21.580397559535513,38.84471560716393,220.73780103563328,238.28251553937275,-7.362988620472432,
2017-07-21,True,2016-03-28,203.24,246.88,21.47215115134815,38.649872072426675,220.42803531487226,238.28251553937275,-7.492987970219033,
2017-07-24,True,2016-03-28,203.24,246.82,21.442629403660685,38.59673292658923,220.34355375466467,238.28251553937275,-7.528442338331754,
2017-07-25,True,2016-03-28,203.24,247.42,21.737846880535304,39.12812438496355,221.1883693567402,238.28251553937275,-7.173898657204669,
2017-07-26,True,2016-03-28,203.24,247.43,21.74276717181658,39.136980909269845,221.20244961677486,238.28251553937275,-7.16798959585252,
2017-07-27,True,2016-03-28,203.24,247.2,21.629600472347942,38.933280850226296,220.87860363597915,238.28251553937275,-7.30389800695127,
2017-07-28,True,2016-03-28,203.24,246.91,21.486912025191884,38.67644164534539,220.47027609497601,238.28251553937275,-7.475260786162686,
2017-07-31,True,2016-03-28,203.24,246.77,21.41802794725447,38.552450305058045,220.27315245449174,238.28251553937275,-7.557987645092334,
2017-08-01,True,2016-03-28,203.24,247.32,21.688643967722875,39.03955914190118,221.04756675639427,238.28251553937275,-7.2329892707258425,
2017-08-02,True,2016-03-28,203.24,247.44,21.747687463097808,39.145837433576055,221.21652987680943,238.28251553937275,-7.1620805345004035,
2017-08-03,True,2016-03-28,203.24,246.96,21.5115134815981,38.72072426687658,220.54067739514898,238.28251553937275,-7.445715479402093,
2017-08-04,True,2016-03-28,203.24,247.41,21.732926589254077,39.11926786065734,221.17428909670562,238.28251553937275,-7.179807718556774,
2017-08-07,True,2016-03-28,203.24,247.87,21.959259988191306,39.52666797874435,221.8219810582969,238.28251553937275,-6.907990896359317,
2017-08-08,True,2016-03-28,203.24,247.26,21.65912222003541,38.98641999606374,220.9630851961867,238.28251553937275,-7.268443638838562,
2017-08-09,True,2016-03-28,203.24,247.25,21.65420192875418,38.97756347175753,220.94900493615216,238.28251553937275,-7.274352700190656,
2017-08-10,True,2016-03-28,203.24,243.76,19.93702027160007,35.88663648888013,216.0349941840796,238.28251553937275,-9.33661511207987,
2017-08-11,True,2016-03-28,203.24,244.12,20.114150757724847,36.20547136390473,216.5418835453249,238.28251553937275,-9.123888903403621,
2017-08-14,True,2016-03-28,203.24,246.54,21.304861247785855,38.34875024601454,219.9493064736961,238.28251553937275,-7.693896056191052,
2017-08-15,True,2016-03-28,203.24,246.51,21.290100373942124,38.32218067309582,219.90706569359236,238.28251553937275,-7.7116232402474,
2017-08-16,True,2016-03-28,203.24,246.94,21.50167289903562,38.703011218264116,220.51251687507983,238.28251553937275,-7.457533602106315,
2017-08-17,True,2016-03-28,203.24,243.09,19.60736075575673,35.29324936036212,215.09161676176194,238.28251553937275,-9.732522222671792,
2017-08-18,True,2016-03-28,203.24,242.71,19.420389687069473,34.956701436725055,214.55656688044746,238.28251553937275,-9.957066554052274,
2017-08-21,True,2016-03-28,203.24,242.9,19.5138752214131,35.12497539854358,214.8240918211047,238.28251553937275,-9.844794388362033,
2017-08-22,True,2016-03-28,203.24,245.44,20.763629206849043,37.37453257232828,218.40047786989103,238.28251553937275,-8.343892804924035,
2017-08-23,True,2016-03-28,203.24,244.56,20.33064357409957,36.59515843337923,217.16141498684695,238.28251553937275,-8.86389020391043,
2017-08-24,True,2016-03-28,203.24,243.99,20.050186971068683,36.090336547923634,216.35884016487523,238.28251553937275,-9.200706700981154,
2017-08-25,True,2016-03-28,203.24,244.56,20.33064357409957,36.59515843337923,217.16141498684695,238.28251553937275,-8.86389020391043,
2017-08-28,True,2016-03-28,203.24,244.57,20.335563865380824,36.604014957685486,217.17549524688155,238.28251553937275,-8.857981142558302,
2017-08-29,True,2016-03-28,203.24,244.85,20.47333202125565,36.85199763826017,217.5697425278501,238.28251553937275,-8.692527424699003,
2017-08-30,True,2016-03-28,203.24,246.01,21.04408580987993,37.879354457783876,219.20305269186275,238.28251553937275,-8.00707630785331,
2017-08-31,True,2016-03-28,203.24,247.49,21.772288919504025,39.19012005510724,221.28693117698236,238.28251553937275,-7.132535227739822,
2017-09-01,True,2016-03-28,203.24,247.84,21.944499114347572,39.50009840582563,221.7797402781931,238.28251553937275,-6.925718080415688,
2017-09-05,True,2016-03-28,203.24,246.06,21.06868726628617,37.92363707931511,219.27345399203574,238.28251553937275,-7.977531001092708,
2017-09-06,True,2016-03-28,203.24,246.9,21.481991733910654,38.66758512103918,220.4561958349415,238.28251553937275,-7.481169847514768,
2017-09-07,True,2016-03-28,203.24,246.87,21.46723086006692,38.64101554812046,220.4139550548377,238.28251553937275,-7.498897031571139,
2017-09-08,True,2016-03-28,203.24,246.58,21.32454241291084,38.38417634323952,220.00562751383453,238.28251553937275,-7.670259810782564,
2017-09-11,True,2016-03-28,203.24,249.21,22.618579019877984,40.71344223578037,223.7087359029322,238.28251553937275,-6.1161766751755,
2017-09-12,True,2016-03-28,203.24,250.05,23.03188348750247,41.457390277504444,224.8914777458379,238.28251553937275,-5.619815521597582,
2017-09-13,True,2016-03-28,203.24,250.17,23.09092698287738,41.563668569179285,225.06044086625295,238.28251553937275,-5.548906785372198,
2017-09-14,True,2016-03-28,203.24,250.09,23.051564652627434,41.49281637472938,224.94779878597623,238.28251553937275,-5.596179276189128,
2017-09-15,True,2016-03-28,203.24,249.19,22.60873843731548,40.69572918716786,223.68057538286297,238.28251553937275,-6.127994797879754,
2017-09-18,True,2016-03-28,203.24,249.72,22.869513875221404,41.16512497539853,224.42682916469633,238.28251553937275,-5.814814546217506,
2017-09-19,True,2016-03-28,203.24,249.97,22.992521157252497,41.386538083054496,224.77883566556113,238.28251553937275,-5.6670880124145455,
2017-09-20,True,2016-03-28,203.24,250.06,23.0368037787837,41.46624680181066,224.90555800587245,238.28251553937275,-5.613906460245488,
2017-09-21,True,2016-03-28,203.24,249.39,22.70714426294036,40.87285967329265,223.96218058355484,238.28251553937275,-6.009813570837375,
2017-09-22,True,2016-03-28,203.24,249.44,22.731745719346574,40.91714229482383,224.03258188372777,238.28251553937275,-5.980268264076805,
2017-09-25,True,2016-03-28,203.24,248.93,22.480810864003153,40.465459555205676,223.31448862196362,238.28251553937275,-6.28163039303481,
2017-09-26,True,2016-03-28,203.24,249.08,22.554615233221796,40.598307419799234,223.52569252248244,238.28251553937275,-6.192994472753066,
2017-09-27,True,2016-03-28,203.24,250.05,23.03188348750247,41.457390277504444,224.8914777458379,238.28251553937275,-5.619815521597582,
2017-09-28,True,2016-03-28,203.24,250.35,23.179492225939757,41.72308600669157,225.31388554687558,238.28251553937275,-5.442543681034073,
2017-09-29,True,2016-03-28,203.24,251.23,23.61247785868923,42.50246014564061,226.5529484299197,238.28251553937275,-4.922546282047668,
2017-10-02,True,2016-03-28,203.24,252.32,24.148789608344813,43.46782129502066,228.08769677369023,238.28251553937275,-4.278458594666789,
2017-10-03,True,2016-03-28,203.24,252.86,24.41448533753199,43.94607360755758,228.84803081555822,238.28251553937275,-3.959369281652403,
2017-10-04,True,2016-03-28,203.24,253.16,24.5620940759693,44.21176933674474,229.27043861659595,238.28251553937275,-3.782097441088872,
2017-10-05,True,2016-03-28,203.24,254.66,25.30013776815587,45.54024798268057,231.38247762178472,238.28251553937275,-2.8957382382711616,
2017-10-06,True,2016-03-28,203.24,254.37,25.157449320999792,45.28340877779963,230.9741500807815,238.28251553937275,-3.0671010174826097,
2017-10-09,True,2016-03-28,203.24,253.95,24.95079708718755,44.91143475693759,230.38277915932866,238.28251553937275,-3.3152815942715574,
2017-10-10,True,2016-03-28,203.24,254.62,25.28045660303089,45.5048218854556,231.3261565816463,238.28251553937275,-2.9193744836796487,
2017-10-11,True,2016-03-28,203.24,255.02,25.47726825428065,45.85908285770517,231.88936698303002,238.28251553937275,-2.683012029594911,
2017-10-12,True,2016-03-28,203.24,254.64,25.290297185593367,45.52253493406806,231.35431710171548,238.28251553937275,-2.9075563609754163,
2017-10-13,True,2016-03-28,203.24,254.95,25.442826215311932,45.79708718756148,231.79080516278785,238.28251553937275,-2.724375459059747,
2017-10-16,True,2016-03-28,203.24,255.29,25.610116118874227,46.09820901397361,232.26953400396397,238.28251553937275,-2.52346737308774,
2017-10-17,True,2016-03-28,203.24,255.47,25.698681361936625,46.257626451485926,232.52297868458666,238.28251553937275,-2.4171042687495925,
2017-10-18,True,2016-03-28,203.24,255.72,25.821688643967722,46.4790395591419,232.87498518545144,238.28251553937275,-2.2693777349466537,
2017-10-19,True,2016-03-28,203.24,255.79,25.856130682936417,46.541035229285555,232.97354700569358,238.28251553937275,-2.228014305481829,
2017-10-20,True,2016-03-28,203.24,257.11,26.505609132060613,47.710096437709105,234.83214133025973,238.28251553937275,-1.4480182070022218,
2017-10-23,True,2016-03-28,203.24,256.11,26.013580003936234,46.82444400708522,233.42411532680052,238.28251553937275,-2.0389243422140435,
2017-10-24,True,2016-03-28,203.24,256.56,26.23499311159221,47.22298760086598,234.0577270283572,238.28251553937275,-1.7730165813687138,
2017-10-25,True,2016-03-28,203.24,255.29,25.610116118874227,46.09820901397361,232.26953400396397,238.28251553937275,-2.52346737308774,
2017-10-26,True,2016-03-28,203.24,255.62,25.77248573115527,46.39047431607949,232.73418258510551,238.28251553937275,-2.328468348467827,
2017-10-27,True,2016-03-28,203.24,257.71,26.800826608935235,48.24148789608343,235.67695693233517,238.28251553937275,-1.093474525875171,
2017-10-30,True,2016-03-28,203.24,256.75,26.32847864593584,47.39126156268451,234.32525196901443,238.28251553937275,-1.6607444156784723,
2017-10-31,True,2016-03-28,203.24,257.15,26.525290297185578,47.74552253493404,234.88846237039806,238.28251553937275,-1.424381961593768,
2017-11-01,True,2016-03-28,203.24,257.49,26.692580200747873,48.046644361346175,235.36719121157418,238.28251553937275,-1.22347387562175,
2017-11-02,True,2016-03-28,203.24,257.59,26.741783113560302,48.135209604408544,235.50799381192004,238.28251553937275,-1.164383262100599,
2017-11-03,True,2016-03-28,203.24,258.45,27.16492816374729,48.896870694745125,236.71889617489504,238.28251553937275,-0.6562039858184043,
2017-11-06,True,2016-03-28,203.24,258.85,27.361739814997055,49.2511316669947,237.28210657627872,238.28251553937275,-0.4198415317336779,
2017-11-07,True,2016-03-28,203.24,258.67,27.273174571934653,49.09171422948238,237.02866189565603,238.28251553937275,-0.5262046360718142,
2017-11-08,True,2016-03-28,203.24,259.11,27.48966738830938,49.48140129895688,237.64819333717807,238.28251553937275,-0.2662059365786229,
2017-11-09,True,2016-03-28,203.24,258.17,27.027160007872464,48.64888801417044,236.32464889392645,238.28251553937275,-0.821657703677714,
2017-11-10,True,2016-03-28,203.24,258.09,26.987797677622495,48.57803581972049,236.21200681364965,238.28251553937275,-0.8689301944946881,
2017-11-13,True,2016-03-28,203.24,258.33,27.10588466837236,48.79059240307025,236.54993305447988,238.28251553937275,-0.7271127220438434,
2017-11-14,True,2016-03-28,203.24,257.73,26.81066719149774,48.259200944695934,235.70511745240444,238.28251553937275,-1.0816564031708942,
2017-11-15,True,2016-03-28,203.24,256.44,26.175949616217274,47.116709309191094,233.88876390794206,238.28251553937275,-1.8439253175941417,
2017-11-16,True,2016-03-28,203.24,258.62,27.24857311552844,49.0474316079512,236.9582605954831,238.28251553937275,-0.5557499428323953,
2017-11-17,True,2016-03-28,203.24,257.86,26.874630978153903,48.37433576067703,235.88816083285408,238.28251553937275,-1.0048386055933833,
2017-11-20,True,2016-03-28,203.24,258.3,27.091123794528627,48.76402283015153,236.50769227437613,238.28251553937275,-0.744839906100192,
2017-11-21,True,2016-03-28,203.24,259.99,27.922653021058853,50.260775437905934,238.8872562202222,238.8872562202222,0.0,
2017-11-22,True,2016-03-28,203.24,259.76,27.80948632159024,50.05707537886243,238.56341023942653,238.8872562202222,-0.13556436032616803,
2017-11-24,True,2016-03-28,203.24,260.36,28.104703798464882,50.58846683723679,239.4082258415021,239.4082258415021,0.0,
2017-11-27,True,2016-03-28,203.24,260.23,28.040740011808694,50.47333202125565,239.22518246105236,239.4082258415021,-0.07645659617849798,
2017-11-28,True,2016-03-28,203.24,262.87,29.339696910057068,52.81145443810272,242.9423711101846,242.9423711101846,0.0,
2017-11-29,True,2016-03-28,203.24,262.71,29.26097224955715,52.66975004920287,242.71708694963107,242.9423711101846,-0.09273152292210707,
2017-11-30,True,2016-03-28,203.24,265.01,30.39263924424325,54.706750639637846,245.9555467575872,245.9555467575872,0.0,
2017-12-01,True,2016-03-28,203.24,264.46,30.12202322377484,54.21964180279471,245.1811324556847,245.9555467575872,-0.3148594581872888,
2017-12-04,True,2016-03-28,203.24,264.14,29.964573902775026,53.93623302499505,244.73056413457775,245.9555467575872,-0.4980504156780752,
2017-12-05,True,2016-03-28,203.24,263.19,29.49714623105688,53.094863215902386,243.39293943129155,245.9555467575872,-1.0418985707288608,
2017-12-06,True,2016-03-28,203.24,263.24,29.521747687463098,53.139145837433574,243.4633407314645,245.9555467575872,-1.0132749836209154,
2017-12-07,True,2016-03-28,203.24,264.07,29.93013186380633,53.874237354851395,244.6320023143356,245.9555467575872,-0.5381234376291899,
2017-12-08,True,2016-03-28,203.24,265.51,30.63865380830544,55.14957685494979,246.6595597593168,246.6595597593168,0.0,
2017-12-11,True,2016-03-28,203.24,266.31,31.032277110804962,55.85809879944893,247.78598056208423,247.78598056208423,0.0,
2017-12-12,True,2016-03-28,203.24,266.78,31.2635308010234,56.27435544184212,248.44775278370994,248.44775278370994,0.0,
2017-12-13,True,2016-03-28,203.24,266.75,31.248769927179687,56.24778586892344,248.40551200360622,248.44775278370994,-0.01700187650338636,
2017-12-14,True,2016-03-28,203.24,265.66,30.712458177524127,55.28242471954343,246.87076365983577,248.44775278370994,-0.634736722793805,
2017-12-15,True,2016-03-28,203.24,266.51,31.13068293642982,56.03522928557368,248.06758576277602,248.44775278370994,-0.15301688853063267,
2017-12-18,True,2016-03-28,203.24,268.2,31.962212162960046,57.53198189332809,250.44714970862205,250.44714970862205,0.0,
2017-12-19,True,2016-03-28,203.24,267.17,31.45542216099193,56.61975988978548,248.99688292505908,250.44714970862205,-0.5790709877314448,
2017-12-20,True,2016-03-28,203.24,267.03,31.386538083054493,56.49576854949809,248.79975928457475,250.44714970862205,-0.6577796656755397,
2017-12-21,True,2016-03-28,203.24,267.58,31.65715410352292,56.98287738634126,249.57417358647734,250.44714970862205,-0.34856700232378524,
2017-12-22,True,2016-03-28,203.24,267.51,31.622712064554204,56.92088171619757,249.47561176623515,250.44714970862205,-0.3879213412958493,
2017-12-26,True,2016-03-28,203.24,267.19,31.465262743554412,56.63747293839794,249.0250434451283,250.44714970862205,-0.5678268908822837,
2017-12-27,True,2016-03-28,203.24,267.32,31.529226530210575,56.752607754379035,249.20808682557796,250.44714970862205,-0.4947402613627805,
2017-12-28,True,2016-03-28,203.24,267.87,31.799842550679003,57.239716591222205,249.98250112748056,250.44714970862205,-0.18552759801102603,
2017-12-29,True,2016-03-28,203.24,266.86,31.30289313127337,56.345207636292066,248.56039486398674,250.44714970862205,-0.7533544888933319,
2018-01-02,True,2016-03-28,203.24,268.77,32.242668765990935,58.036803778783685,251.24972453059377,251.24972453059377,0.0,
2018-01-03,True,2016-03-28,203.24,270.47,33.07911828380241,59.542412910844334,253.64336873647443,253.64336873647443,0.0,
2018-01-04,True,2016-03-28,203.24,271.61,33.64003148986421,60.55205668175557,255.24851838041792,255.24851838041792,0.0,
2018-01-05,True,2016-03-28,203.24,273.42,34.530604211769344,62.15508758118482,257.797045446679,257.797045446679,0.0,
2018-01-08,True,2016-03-28,203.24,273.92,34.77661877583154,62.59791379649677,258.50105844840857,258.50105844840857,0.0,
2018-01-09,True,2016-03-28,203.24,274.54,35.08167683526866,63.14701830348359,259.3740345705533,259.3740345705533,0.0,
2018-01-10,True,2016-03-28,203.24,274.12,34.875024601456396,62.775044282621515,258.78266364910036,259.3740345705533,-0.22799927619281402,
2018-01-11,True,2016-03-28,203.24,276.12,35.85908285770518,64.54634914386934,261.5987156560188,261.5987156560188,0.0,
2018-01-12,True,2016-03-28,203.24,277.92,36.74473528832907,66.14052351899232,264.1331624622453,264.1331624622453,0.0,
2018-01-16,True,2016-03-28,203.24,276.97,36.27730761661092,65.29915370989966,262.79553775895914,264.1331624622453,-0.5064205837755686,
2018-01-17,True,2016-03-28,203.24,279.61,37.57626451485927,67.63727612674668,266.51272640809134,266.51272640809134,0.0,
2018-01-18,True,2016-03-28,203.24,279.14,37.34501082464081,67.22101948435346,265.8509541864655,266.51272640809134,-0.24830792530804446,
2018-01-19,True,2016-03-28,203.24,280.41,37.969887817358796,68.34579807124584,267.6391472108587,267.6391472108587,0.0,
2018-01-22,True,2016-03-28,203.24,282.69,39.09171422948239,70.3650856130683,270.84944649874564,270.84944649874564,0.0,
2018-01-23,True,2016-03-28,203.24,283.29,39.38693170635703,70.89647707144266,271.69426210082116,271.69426210082116,0.0,
2018-01-24,True,2016-03-28,203.24,283.18,39.332808502263326,70.79905530407399,271.5393792404406,271.69426210082116,-0.057006305242868205,
2018-01-25,True,2016-03-28,203.24,283.3,39.39185199763826,70.90533359574887,271.70834236085574,271.70834236085574,0.0,
2018-01-26,True,2016-03-28,203.24,286.58,41.00570753788624,73.81027356819523,276.3266676522018,276.3266676522018,0.0,
2018-01-29,True,2016-03-28,203.24,284.68,40.0708521944499,72.12753395000982,273.6514182456294,276.3266676522018,-0.968147384869722,
2018-01-30,True,2016-03-28,203.24,281.76,38.634127140326704,69.54142885258807,269.53998231552856,276.3266676522018,-2.456037050037929,
2018-01-31,True,2016-03-28,203.24,281.9,38.703011218264095,69.66542019287537,269.7371059560128,276.3266676522018,-2.384699874310714,
2018-02-01,True,2016-03-28,203.24,281.58,38.5455618972643,69.38201141507574,269.28653763490587,276.3266676522018,-2.5477562759729677,
2018-02-02,True,2016-03-28,203.24,275.45,35.52942334186182,63.95296201535128,260.65533823370106,276.3266676522018,-5.671305470315824,
2018-02-05,True,2016-03-28,203.24,263.93,29.861247785868915,53.75024601456405,244.43487867385136,276.3266676522018,-11.541335930157492,RAW_DECISION
2018-02-06,False,,,269.13,,,244.43487867385136,276.3266676522018,-11.541335930157492,
2018-02-07,False,,,267.67,,,244.43487867385136,276.3266676522018,-11.541335930157492,
2018-02-08,False,,,257.63,,,244.43487867385136,276.3266676522018,-11.541335930157492,
2018-02-09,False,,,261.5,,,244.43487867385136,276.3266676522018,-11.541335930157492,
2018-02-12,False,,,265.34,,,244.43487867385136,276.3266676522018,-11.541335930157492,
2018-02-13,False,,,266.0,,,244.43487867385136,276.3266676522018,-11.541335930157492,
2018-02-14,False,,,269.59,,,244.43487867385136,276.3266676522018,-11.541335930157492,
2018-02-15,False,,,273.03,,,244.43487867385136,276.3266676522018,-11.541335930157492,
2018-02-16,False,,,273.11,,,244.43487867385136,276.3266676522018,-11.541335930157492,
2018-02-20,False,,,271.4,,,244.43487867385136,276.3266676522018,-11.541335930157492,
2018-02-21,False,,,270.05,,,244.43487867385136,276.3266676522018,-11.541335930157492,
2018-02-22,False,,,270.4,,,244.43487867385136,276.3266676522018,-11.541335930157492,
2018-02-23,False,,,274.71,,,244.43487867385136,276.3266676522018,-11.541335930157492,
2018-02-26,False,,,277.9,,,244.43487867385136,276.3266676522018,-11.541335930157492,
2018-02-27,False,,,274.43,,,244.43487867385136,276.3266676522018,-11.541335930157492,
2018-02-28,False,,,271.65,,,244.43487867385136,276.3266676522018,-11.541335930157492,
2018-03-01,False,,,267.7,,,244.43487867385136,276.3266676522018,-11.541335930157492,
2018-03-02,False,,,269.08,,,244.43487867385136,276.3266676522018,-11.541335930157492,
2018-03-05,False,,,272.19,,,244.43487867385136,276.3266676522018,-11.541335930157492,
2018-03-06,False,,,272.88,,,244.43487867385136,276.3266676522018,-11.541335930157492,
2018-03-07,False,,,272.78,,,244.43487867385136,276.3266676522018,-11.541335930157492,
2018-03-08,False,,,274.1,,,244.43487867385136,276.3266676522018,-11.541335930157492,
2018-03-09,False,,,278.87,,,244.43487867385136,276.3266676522018,-11.541335930157492,
2018-03-12,False,,,278.52,,,244.43487867385136,276.3266676522018,-11.541335930157492,
2018-03-13,False,,,276.72,,,244.43487867385136,276.3266676522018,-11.541335930157492,
2018-03-14,False,,,275.3,,,244.43487867385136,276.3266676522018,-11.541335930157492,
2018-03-15,False,,,275.0,,,244.43487867385136,276.3266676522018,-11.541335930157492,
2018-03-16,False,,,274.2,,,244.43487867385136,276.3266676522018,-11.541335930157492,
2018-03-19,False,,,270.49,,,244.43487867385136,276.3266676522018,-11.541335930157492,
2018-03-20,False,,,270.95,,,244.43487867385136,276.3266676522018,-11.541335930157492,
2018-03-21,False,,,270.43,,,244.43487867385136,276.3266676522018,-11.541335930157492,
2018-03-22,False,,,263.67,,,244.43487867385136,276.3266676522018,-11.541335930157492,
2018-03-23,False,,,258.05,,,244.43487867385136,276.3266676522018,-11.541335930157492,
2018-03-26,False,,,265.11,,,244.43487867385136,276.3266676522018,-11.541335930157492,
2018-03-27,False,,,260.6,,,244.43487867385136,276.3266676522018,-11.541335930157492,
2018-03-28,False,,,259.83,,,244.43487867385136,276.3266676522018,-11.541335930157492,
2018-03-29,False,,,263.15,,,244.43487867385136,276.3266676522018,-11.541335930157492,
2018-04-02,False,,,257.47,,,244.43487867385136,276.3266676522018,-11.541335930157492,
2018-04-03,False,,,260.77,,,244.43487867385136,276.3266676522018,-11.541335930157492,
2018-04-04,False,,,263.56,,,244.43487867385136,276.3266676522018,-11.541335930157492,
2018-04-05,False,,,265.64,,,244.43487867385136,276.3266676522018,-11.541335930157492,
2018-04-06,False,,,259.72,,,244.43487867385136,276.3266676522018,-11.541335930157492,
2018-04-09,False,,,261.0,,,244.43487867385136,276.3266676522018,-11.541335930157492,
2018-04-10,False,,,265.15,,,244.43487867385136,276.3266676522018,-11.541335930157492,
2018-04-11,False,,,263.76,,,244.43487867385136,276.3266676522018,-11.541335930157492,
2018-04-12,False,,,265.93,,,244.43487867385136,276.3266676522018,-11.541335930157492,
2018-04-13,False,,,265.15,,,244.43487867385136,276.3266676522018,-11.541335930157492,
2018-04-16,False,,,267.33,,,244.43487867385136,276.3266676522018,-11.541335930157492,
2018-04-17,False,,,270.19,,,244.43487867385136,276.3266676522018,-11.541335930157492,
2018-04-18,False,,,270.39,,,244.43487867385136,276.3266676522018,-11.541335930157492,
2018-04-19,False,,,268.89,,,244.43487867385136,276.3266676522018,-11.541335930157492,
2018-04-20,False,,,266.61,,,244.43487867385136,276.3266676522018,-11.541335930157492,
2018-04-23,False,,,266.57,,,244.43487867385136,276.3266676522018,-11.541335930157492,
2018-04-24,False,,,262.98,,,244.43487867385136,276.3266676522018,-11.541335930157492,
2018-04-25,False,,,263.63,,,244.43487867385136,276.3266676522018,-11.541335930157492,
2018-04-26,False,,,266.31,,,244.43487867385136,276.3266676522018,-11.541335930157492,
2018-04-27,False,,,266.56,,,244.43487867385136,276.3266676522018,-11.541335930157492,
2018-04-30,False,,,264.51,,,244.43487867385136,276.3266676522018,-11.541335930157492,
2018-05-01,False,,,264.98,,,244.43487867385136,276.3266676522018,-11.541335930157492,
2018-05-02,False,,,263.2,,,244.43487867385136,276.3266676522018,-11.541335930157492,
2018-05-03,False,,,262.62,,,244.43487867385136,276.3266676522018,-11.541335930157492,
2018-05-04,False,,,266.02,,,244.43487867385136,276.3266676522018,-11.541335930157492,
2018-05-07,False,,,266.92,,,244.43487867385136,276.3266676522018,-11.541335930157492,
2018-05-08,False,,,266.92,,,244.43487867385136,276.3266676522018,-11.541335930157492,
2018-05-09,False,,,269.5,,,244.43487867385136,276.3266676522018,-11.541335930157492,
2018-05-10,False,,,272.02,,,244.43487867385136,276.3266676522018,-11.541335930157492,
2018-05-11,False,,,272.85,,,244.43487867385136,276.3266676522018,-11.541335930157492,
2018-05-14,False,,,272.98,,,244.43487867385136,276.3266676522018,-11.541335930157492,
2018-05-15,False,,,271.1,,,244.43487867385136,276.3266676522018,-11.541335930157492,
2018-05-16,False,,,272.24,,,244.43487867385136,276.3266676522018,-11.541335930157492,
2018-05-17,False,,,272.01,,,244.43487867385136,276.3266676522018,-11.541335930157492,
2018-05-18,False,,,271.33,,,244.43487867385136,276.3266676522018,-11.541335930157492,
2018-05-21,False,,,273.37,,,244.43487867385136,276.3266676522018,-11.541335930157492,
2018-05-22,False,,,272.61,,,244.43487867385136,276.3266676522018,-11.541335930157492,
2018-05-23,False,,,273.36,,,244.43487867385136,276.3266676522018,-11.541335930157492,
2018-05-24,True,2018-05-24,272.8,272.8,0.0,0.0,244.43487867385136,276.3266676522018,-11.541335930157492,
2018-05-25,True,2018-05-24,272.8,272.15,-0.23826979472142407,-0.4288856304985633,243.3865326032926,276.3266676522018,-11.920722429284048,
2018-05-29,True,2018-05-24,272.8,269.02,-1.3856304985337298,-2.4941348973607136,238.3383430635255,276.3266676522018,-13.747614340462523,
2018-05-30,True,2018-05-24,272.8,272.61,-0.0696480938416455,-0.1253665689149619,244.1284390532265,276.3266676522018,-11.652233522209876,
2018-05-31,True,2018-05-24,272.8,270.94,-0.6818181818181834,-1.2272727272727302,241.434996071945,276.3266676522018,-12.626964989196477,
2018-06-01,True,2018-05-24,272.8,273.6,0.2932551319648091,0.5278592375366564,245.72515076069283,276.3266676522018,-11.074398700463306,
2018-06-04,True,2018-05-24,272.8,274.9,0.7697947214076128,1.3856304985337031,247.8218429018101,276.3266676522018,-10.315625702210285,
2018-06-05,True,2018-05-24,272.8,275.1,0.8431085043988373,1.5175953079179072,248.14441092352055,276.3266676522018,-10.198891394786703,
2018-06-06,True,2018-05-24,272.8,277.4,1.6862170087976525,3.0351906158357744,251.85394317318963,276.3266676522018,-8.856446859415957,
2018-06-07,True,2018-05-24,272.8,277.37,1.6752199413489821,3.015395894428168,251.80555796993315,276.3266676522018,-8.873957005529466,
2018-06-08,True,2018-05-24,272.8,278.19,1.9758064516129048,3.5564516129032286,253.1280868589456,276.3266676522018,-8.395346345092925,
2018-06-11,True,2018-05-24,272.8,278.56,2.111436950146617,3.8005865102639103,253.7248376991097,276.3266676522018,-8.179387876359389,
2018-06-12,True,2018-05-24,272.8,278.92,2.2434017595307942,4.03812316715543,254.30546013818844,276.3266676522018,-7.969266122996988,
2018-06-13,True,2018-05-24,272.8,278.03,1.9171554252199297,3.4508797653958734,252.87003244157722,276.3266676522018,-8.4887337910318,
2018-06-14,True,2018-05-24,272.8,278.73,2.1737536656891487,3.9127565982404677,253.99902051756354,276.3266676522018,-8.080163715049371,
2018-06-15,True,2018-05-24,272.8,277.13,1.5872434017595305,2.857038123167155,251.41847634388068,276.3266676522018,-9.014038174437722,
2018-06-18,True,2018-05-24,272.8,276.56,1.378299120234594,2.480938416422269,250.49915748200613,276.3266676522018,-9.34673095059484,
2018-06-19,True,2018-05-24,272.8,275.5,0.9897360703812197,1.7815249266861954,248.78954696694117,276.3266676522018,-9.965422779939647,
2018-06-20,True,2018-05-24,272.8,275.97,1.1620234604105661,2.091642228739019,249.5475818179606,276.3266676522018,-9.691097157494289,
2018-06-21,True,2018-05-24,272.8,274.24,0.5278592375366653,0.9501466275659975,246.75736843016603,276.3266676522018,-10.700848916707939,
2018-06-22,True,2018-05-24,272.8,274.74,0.7111436950146599,1.2800586510263878,247.56378848444183,276.3266676522018,-10.409013148149116,
2018-06-25,True,2018-05-24,272.8,271.0,-0.6598240469208205,-1.187683284457477,241.5317664784581,276.3266676522018,-12.591944696969403,
2018-06-26,True,2018-05-24,272.8,271.6,-0.4398826979472137,-0.7917888563049846,242.49947054358918,276.3266676522018,-12.241741774698777,
2018-06-27,True,2018-05-24,272.8,269.35,-1.2646627565982338,-2.276392961876821,238.87058029934767,276.3266676522018,-13.55500273321365,
2018-06-28,True,2018-05-24,272.8,270.89,-0.7001466275659896,-1.2602639296187812,241.3543540665174,276.3266676522018,-12.65614856605236,
2018-06-29,True,2018-05-24,272.8,271.28,-0.5571847507331529,-1.0029325513196752,241.98336170885253,276.3266676522018,-12.428516666576472,
2018-07-02,True,2018-05-24,272.8,271.86,-0.3445747800586485,-0.6202346041055673,242.9188089718127,276.3266676522018,-12.089987175048144,
2018-07-03,True,2018-05-24,272.8,270.9,-0.6964809384164328,-1.253665689149579,241.3704824676029,276.3266676522018,-12.650311850681195,
2018-07-05,True,2018-05-24,272.8,273.11,0.11363636363637131,0.20454545454546835,244.93485910750246,276.3266676522018,-11.360397753650986,
2018-07-06,True,2018-05-24,272.8,275.42,0.9604105571847432,1.7287390029325378,248.66051975825704,276.3266676522018,-10.012116502909063,
2018-07-09,True,2018-05-24,272.8,277.9,1.869501466275647,3.3651026392961647,252.66036322746552,276.3266676522018,-8.564611090857088,
2018-07-10,True,2018-05-24,272.8,278.9,2.2360703812316585,4.024926686216985,254.27320333601733,276.3266676522018,-7.980939553739363,
2018-07-11,True,2018-05-24,272.8,276.86,1.4882697947214085,2.6788856304985353,250.9830095145717,276.3266676522018,-9.171629489459509,
2018-07-12,True,2018-05-24,272.8,279.37,2.408357771261005,4.335043988269809,255.03123818703673,276.3266676522018,-7.706613931294015,
2018-07-13,True,2018-05-24,272.8,279.59,2.4890029325512986,4.480205278592337,255.38606301091804,276.3266676522018,-7.578206193128145,
2018-07-16,True,2018-05-24,272.8,279.34,2.3973607038123124,4.315249266862162,254.98285298378013,276.3266676522018,-7.7241240774075575,
2018-07-17,True,2018-05-24,272.8,280.47,2.8115835777126064,5.0608504398826915,256.80536230644367,276.3266676522018,-7.064575240464532,
2018-07-18,True,2018-05-24,272.8,281.06,3.0278592375366564,5.450146627565982,257.7569379704893,276.3266676522018,-6.72020903356505,
2018-07-19,True,2018-05-24,272.8,280.0,2.639296187683282,4.750733137829908,256.0473274554243,276.3266676522018,-7.3389008629098695,
2018-07-20,True,2018-05-24,272.8,279.68,2.521994134897354,4.539589442815237,255.53121862068772,276.3266676522018,-7.525675754787542,
2018-07-23,True,2018-05-24,272.8,280.2,2.7126099706744844,4.882697947214072,256.3698954771347,276.3266676522018,-7.222166555486298,
2018-07-24,True,2018-05-24,272.8,281.61,3.229472140762457,5.813049853372423,258.64400003019273,276.3266676522018,-6.39918968815032,
2018-07-25,True,2018-05-24,272.8,284.01,4.1092375366568845,7.396627565982392,262.514816290717,276.3266676522018,-4.998377999067783,
2018-07-26,True,2018-05-24,272.8,283.34,3.863636363636358,6.954545454545444,261.43421341798734,276.3266676522018,-5.389437928936647,
2018-07-27,True,2018-05-24,272.8,281.42,3.1598240469208116,5.687683284457461,258.33756040956786,276.3266676522018,-6.510087280202692,
2018-07-30,True,2018-05-24,272.8,279.95,2.620967741935476,4.717741935483857,255.96668544999676,276.3266676522018,-7.368084439765732,
2018-07-31,True,2018-05-24,272.8,281.33,3.1268328445747784,5.628299120234601,258.1924047997982,276.3266676522018,-6.562617718543273,
2018-08-01,True,2018-05-24,272.8,280.86,2.954545454545454,5.3181818181818175,257.4343699487789,276.3266676522018,-6.836943340988599,
2018-08-02,True,2018-05-24,272.8,282.39,3.5153958944281527,6.327712609970675,259.90201531486315,276.3266676522018,-5.943925889198487,
2018-08-03,True,2018-05-24,272.8,283.6,3.958944281524923,7.126099706744862,261.85355184621085,276.3266676522018,-5.237683329286025,
2018-08-06,True,2018-05-24,272.8,284.64,4.340175953079162,7.812316715542491,263.53090555910467,276.3266676522018,-4.630664930683603,
2018-08-07,True,2018-05-24,272.8,285.58,4.68475073313781,8.43255131964806,265.04697526114336,276.3266676522018,-4.0820136857929405,
2018-08-08,True,2018-05-24,272.8,285.46,4.640762463343107,8.353372434017592,264.8534344481172,276.3266676522018,-4.152054270247052,
2018-08-09,True,2018-05-24,272.8,285.07,4.497800586510259,8.096041055718466,264.224426805782,276.3266676522018,-4.379686169722962,
2018-08-10,True,2018-05-24,272.8,283.16,3.7976539589442915,6.835777126099725,261.14390219844813,276.3266676522018,-5.494498805617798,
2018-08-13,True,2018-05-24,272.8,282.1,3.409090909090917,6.136363636363651,259.4342916833832,276.3266676522018,-6.113190634962596,
2018-08-14,True,2018-05-24,272.8,283.9,4.0689149560117155,7.324046920821088,262.33740387877634,276.3266676522018,-5.062581868150717,
2018-08-15,True,2018-05-24,272.8,281.78,3.291788856304967,5.92521994134894,258.9181828486465,276.3266676522018,-6.299965526840312,
2018-08-16,True,2018-05-24,272.8,284.06,4.127565982404691,7.429618768328443,262.59545829614467,276.3266676522018,-4.969194422211876,
2018-08-17,True,2018-05-24,272.8,285.06,4.494134897360702,8.089442815249264,264.20829840469645,276.3266676522018,-4.385522885094151,
2018-08-20,True,2018-05-24,272.8,285.67,4.717741935483866,8.491935483870959,265.19213087091305,276.3266676522018,-4.029483247452337,
2018-08-21,True,2018-05-24,272.8,286.34,4.963343108504392,8.934017595307907,266.27273374364273,276.3266676522018,-3.6384233175834724,
2018-08-22,True,2018-05-24,272.8,286.17,4.9010263929618825,8.82184750733139,265.998550925189,276.3266676522018,-3.7376474788934466,
2018-08-23,True,2018-05-24,272.8,285.79,4.7617302052785915,8.571114369501466,265.3856716839393,276.3266676522018,-3.9594426629982027,
2018-08-24,True,2018-05-24,272.8,287.51,5.3922287390029355,9.706011730205285,268.15975667064845,276.3266676522018,-2.9555276191556845,
2018-08-27,True,2018-05-24,272.8,289.78,6.224340175953058,11.203812316715505,271.8209037170609,276.3266676522018,-1.6305932298984915,
2018-08-28,True,2018-05-24,272.8,289.92,6.27565982404692,11.296187683284456,272.0467013322583,276.3266676522018,-1.5488792147019592,
2018-08-29,True,2018-05-24,272.8,291.48,6.847507331378311,12.32551319648096,274.56273190159914,276.3266676522018,-0.6383516167982939,
2018-08-30,True,2018-05-24,272.8,290.3,6.414956011730211,11.54692082111438,272.6595805735079,276.3266676522018,-1.3270840305972476,
2018-08-31,True,2018-05-24,272.8,290.31,6.4186217008797675,11.553519061583582,272.6757089745935,276.3266676522018,-1.3212473152260595,
2018-09-04,True,2018-05-24,272.8,289.81,6.235337243401751,11.223607038123152,271.8692889203175,276.3266676522018,-1.6130830837849497,
2018-09-05,True,2018-05-24,272.8,289.03,5.949413489736055,10.7089442815249,270.6112736356471,276.3266676522018,-2.0683468827367824,
2018-09-06,True,2018-05-24,272.8,288.16,5.6304985337243485,10.134897360703828,269.20810274120714,276.3266676522018,-2.5761411200291517,
2018-09-07,True,2018-05-24,272.8,287.6,5.425219941348969,9.765395894428144,268.3049122804181,276.3266676522018,-2.9029971808151034,
2018-09-10,True,2018-05-24,272.8,288.1,5.608504398826986,10.095307917888574,269.111332334694,276.3266676522018,-2.6111614122562354,
2018-09-11,True,2018-05-24,272.8,289.05,5.956744868035191,10.722140762463344,270.6435304378182,276.3266676522018,-2.0566734519944063,
2018-09-12,True,2018-05-24,272.8,289.12,5.982404692082111,10.7683284457478,270.7564292454168,276.3266676522018,-2.015816444396157,
2018-09-13,True,2018-05-24,272.8,290.83,6.609237536656876,11.896627565982376,273.51438583104033,276.3266676522018,-1.017738115924871,
2018-09-14,True,2018-05-24,272.8,290.88,6.627565982404682,11.929618768328428,273.595027836468,276.3266676522018,-0.9885545390689643,
2018-09-17,True,2018-05-24,272.8,289.34,6.063049853372426,10.913489736070368,271.1112540692982,276.3266676522018,-1.8874087062302647,
2018-09-18,True,2018-05-24,272.8,290.91,6.638563049853374,11.949413489736074,273.6434130397246,276.3266676522018,-0.9710443929554113,
2018-09-19,True,2018-05-24,272.8,291.22,6.752199413489746,12.153958944281543,274.1433934733757,276.3266676522018,-0.7901062164489048,
2018-09-20,True,2018-05-24,272.8,293.58,7.617302052785924,13.711143695014663,277.9496961295579,277.9496961295579,0.0,
2018-09-21,True,2018-05-24,272.8,291.99,7.034457478005862,12.662023460410552,275.38528035696044,277.9496961295579,-0.9226186638470413,
2018-09-24,True,2018-05-24,272.8,291.02,6.678885630498521,12.021994134897339,273.82082545166514,277.9496961295579,-1.485474075124793,
2018-09-25,True,2018-05-24,272.8,290.75,6.579912023460399,11.84384164222872,273.3853586223562,277.9496961295579,-1.6421451689855981,
2018-09-26,True,2018-05-24,272.8,289.88,6.26099706744867,11.269794721407607,271.98218772791614,277.9496961295579,-2.1469742492037702,
2018-09-27,True,2018-05-24,272.8,290.69,6.557917888563036,11.804252199413465,273.28858821584305,277.9496961295579,-1.6769609676213437,
2018-09-28,True,2018-05-24,272.8,290.72,6.568914956011729,11.824046920821113,273.3369734190997,277.9496961295579,-1.6595530683034432,
2018-10-01,True,2018-05-24,272.8,291.73,6.939149560117297,12.490469208211135,274.965941928737,277.9496961295579,-1.0734871246018907,
2018-10-02,True,2018-05-24,272.8,291.56,6.876832844574787,12.378299120234617,274.6917591102833,277.9496961295579,-1.1721318874031161,
2018-10-03,True,2018-05-24,272.8,291.72,6.93548387096774,12.483870967741932,274.9498135276515,277.9496961295579,-1.0792897577078464,
2018-10-04,True,2018-05-24,272.8,289.44,6.099706744868039,10.97947214076247,271.2725380801534,277.9496961295579,-2.402290105865812,
2018-10-05,True,2018-05-24,272.8,287.82,5.505865102639285,9.910557184750713,268.65973710429944,277.9496961295579,-3.3423166690307204,
2018-10-08,True,2018-05-24,272.8,287.82,5.505865102639285,9.910557184750713,268.65973710429944,277.9496961295579,-3.3423166690307204,
2018-10-09,True,2018-05-24,272.8,287.4,5.3519061583577665,9.63343108504398,267.98234425870766,277.9496961295579,-3.586027259480884,
2018-10-10,True,2018-05-24,272.8,278.3,2.016129032258074,3.629032258064533,253.30549927088632,277.9496961295579,-8.866423385900879,
2018-10-11,True,2018-05-24,272.8,272.17,-0.2309384164222883,-0.41568914956011893,243.4187894054637,277.9496961295579,-12.423437479851973,RAW_DECISION
2018-10-12,False,,,275.95,,,243.4187894054637,277.9496961295579,-12.423437479851973,
2018-10-15,False,,,274.4,,,243.4187894054637,277.9496961295579,-12.423437479851973,
2018-10-16,False,,,280.4,,,243.4187894054637,277.9496961295579,-12.423437479851973,
2018-10-17,False,,,280.45,,,243.4187894054637,277.9496961295579,-12.423437479851973,
2018-10-18,False,,,276.4,,,243.4187894054637,277.9496961295579,-12.423437479851973,
2018-10-19,False,,,276.25,,,243.4187894054637,277.9496961295579,-12.423437479851973,
2018-10-22,False,,,275.01,,,243.4187894054637,277.9496961295579,-12.423437479851973,
2018-10-23,False,,,273.61,,,243.4187894054637,277.9496961295579,-12.423437479851973,
2018-10-24,False,,,265.32,,,243.4187894054637,277.9496961295579,-12.423437479851973,
2018-10-25,False,,,270.08,,,243.4187894054637,277.9496961295579,-12.423437479851973,
2018-10-26,False,,,265.33,,,243.4187894054637,277.9496961295579,-12.423437479851973,
2018-10-29,False,,,263.86,,,243.4187894054637,277.9496961295579,-12.423437479851973,
2018-10-30,False,,,267.77,,,243.4187894054637,277.9496961295579,-12.423437479851973,
2018-10-31,False,,,270.63,,,243.4187894054637,277.9496961295579,-12.423437479851973,
2018-11-01,False,,,273.51,,,243.4187894054637,277.9496961295579,-12.423437479851973,
2018-11-02,False,,,271.89,,,243.4187894054637,277.9496961295579,-12.423437479851973,
2018-11-05,False,,,273.39,,,243.4187894054637,277.9496961295579,-12.423437479851973,
2018-11-06,False,,,275.12,,,243.4187894054637,277.9496961295579,-12.423437479851973,
2018-11-07,False,,,281.01,,,243.4187894054637,277.9496961295579,-12.423437479851973,
2018-11-08,False,,,280.5,,,243.4187894054637,277.9496961295579,-12.423437479851973,
2018-11-09,False,,,277.76,,,243.4187894054637,277.9496961295579,-12.423437479851973,
2018-11-12,False,,,272.57,,,243.4187894054637,277.9496961295579,-12.423437479851973,
2018-11-13,False,,,272.06,,,243.4187894054637,277.9496961295579,-12.423437479851973,
2018-11-14,False,,,270.2,,,243.4187894054637,277.9496961295579,-12.423437479851973,
2018-11-15,False,,,273.02,,,243.4187894054637,277.9496961295579,-12.423437479851973,
2018-11-16,False,,,273.73,,,243.4187894054637,277.9496961295579,-12.423437479851973,
2018-11-19,False,,,269.1,,,243.4187894054637,277.9496961295579,-12.423437479851973,
2018-11-20,False,,,264.12,,,243.4187894054637,277.9496961295579,-12.423437479851973,
2018-11-21,False,,,265.02,,,243.4187894054637,277.9496961295579,-12.423437479851973,
2018-11-23,False,,,263.25,,,243.4187894054637,277.9496961295579,-12.423437479851973,
2018-11-26,False,,,267.5,,,243.4187894054637,277.9496961295579,-12.423437479851973,
2018-11-27,False,,,268.4,,,243.4187894054637,277.9496961295579,-12.423437479851973,
2018-11-28,False,,,274.58,,,243.4187894054637,277.9496961295579,-12.423437479851973,
2018-11-29,False,,,273.98,,,243.4187894054637,277.9496961295579,-12.423437479851973,
2018-11-30,False,,,275.65,,,243.4187894054637,277.9496961295579,-12.423437479851973,
2018-12-03,False,,,279.3,,,243.4187894054637,277.9496961295579,-12.423437479851973,
2018-12-04,False,,,270.25,,,243.4187894054637,277.9496961295579,-12.423437479851973,
2018-12-06,False,,,269.84,,,243.4187894054637,277.9496961295579,-12.423437479851973,
2018-12-07,False,,,263.57,,,243.4187894054637,277.9496961295579,-12.423437479851973,
2018-12-10,False,,,264.07,,,243.4187894054637,277.9496961295579,-12.423437479851973,
2018-12-11,False,,,264.13,,,243.4187894054637,277.9496961295579,-12.423437479851973,
2018-12-12,False,,,265.46,,,243.4187894054637,277.9496961295579,-12.423437479851973,
2018-12-13,False,,,265.37,,,243.4187894054637,277.9496961295579,-12.423437479851973,
2018-12-14,False,,,260.47,,,243.4187894054637,277.9496961295579,-12.423437479851973,
2018-12-17,False,,,255.36,,,243.4187894054637,277.9496961295579,-12.423437479851973,
2018-12-18,False,,,255.08,,,243.4187894054637,277.9496961295579,-12.423437479851973,
2018-12-19,False,,,251.26,,,243.4187894054637,277.9496961295579,-12.423437479851973,
2018-12-20,False,,,247.17,,,243.4187894054637,277.9496961295579,-12.423437479851973,
2018-12-21,False,,,240.7,,,243.4187894054637,277.9496961295579,-12.423437479851973,
2018-12-24,False,,,234.34,,,243.4187894054637,277.9496961295579,-12.423437479851973,
2018-12-26,False,,,246.18,,,243.4187894054637,277.9496961295579,-12.423437479851973,
2018-12-27,False,,,248.07,,,243.4187894054637,277.9496961295579,-12.423437479851973,
2018-12-28,False,,,247.75,,,243.4187894054637,277.9496961295579,-12.423437479851973,
2018-12-31,False,,,249.92,,,243.4187894054637,277.9496961295579,-12.423437479851973,
2019-01-02,False,,,250.18,,,243.4187894054637,277.9496961295579,-12.423437479851973,
2019-01-03,False,,,244.21,,,243.4187894054637,277.9496961295579,-12.423437479851973,
2019-01-04,False,,,252.39,,,243.4187894054637,277.9496961295579,-12.423437479851973,
2019-01-07,False,,,254.38,,,243.4187894054637,277.9496961295579,-12.423437479851973,
2019-01-08,False,,,256.77,,,243.4187894054637,277.9496961295579,-12.423437479851973,
2019-01-09,False,,,257.97,,,243.4187894054637,277.9496961295579,-12.423437479851973,
2019-01-10,False,,,258.88,,,243.4187894054637,277.9496961295579,-12.423437479851973,
2019-01-11,False,,,258.98,,,243.4187894054637,277.9496961295579,-12.423437479851973,
2019-01-14,False,,,257.4,,,243.4187894054637,277.9496961295579,-12.423437479851973,
2019-01-15,False,,,260.35,,,243.4187894054637,277.9496961295579,-12.423437479851973,
2019-01-16,False,,,260.98,,,243.4187894054637,277.9496961295579,-12.423437479851973,
2019-01-17,False,,,262.96,,,243.4187894054637,277.9496961295579,-12.423437479851973,
2019-01-18,False,,,266.46,,,243.4187894054637,277.9496961295579,-12.423437479851973,
2019-01-22,False,,,262.86,,,243.4187894054637,277.9496961295579,-12.423437479851973,
2019-01-23,False,,,263.41,,,243.4187894054637,277.9496961295579,-12.423437479851973,
2019-01-24,False,,,263.55,,,243.4187894054637,277.9496961295579,-12.423437479851973,
2019-01-25,False,,,265.78,,,243.4187894054637,277.9496961295579,-12.423437479851973,
2019-01-28,False,,,263.76,,,243.4187894054637,277.9496961295579,-12.423437479851973,
2019-01-29,False,,,263.41,,,243.4187894054637,277.9496961295579,-12.423437479851973,
2019-01-30,False,,,267.58,,,243.4187894054637,277.9496961295579,-12.423437479851973,
2019-01-31,False,,,269.93,,,243.4187894054637,277.9496961295579,-12.423437479851973,
2019-02-01,False,,,270.06,,,243.4187894054637,277.9496961295579,-12.423437479851973,
2019-02-04,False,,,271.96,,,243.4187894054637,277.9496961295579,-12.423437479851973,
2019-02-05,False,,,273.1,,,243.4187894054637,277.9496961295579,-12.423437479851973,
2019-02-06,False,,,272.74,,,243.4187894054637,277.9496961295579,-12.423437479851973,
2019-02-07,False,,,270.14,,,243.4187894054637,277.9496961295579,-12.423437479851973,
2019-02-08,False,,,270.47,,,243.4187894054637,277.9496961295579,-12.423437479851973,
2019-02-11,False,,,270.62,,,243.4187894054637,277.9496961295579,-12.423437479851973,
2019-02-12,False,,,274.1,,,243.4187894054637,277.9496961295579,-12.423437479851973,
2019-02-13,False,,,274.99,,,243.4187894054637,277.9496961295579,-12.423437479851973,
2019-02-14,False,,,274.38,,,243.4187894054637,277.9496961295579,-12.423437479851973,
2019-02-15,False,,,277.37,,,243.4187894054637,277.9496961295579,-12.423437479851973,
2019-02-19,False,,,277.85,,,243.4187894054637,277.9496961295579,-12.423437479851973,
2019-02-20,False,,,278.41,,,243.4187894054637,277.9496961295579,-12.423437479851973,
2019-02-21,False,,,277.42,,,243.4187894054637,277.9496961295579,-12.423437479851973,
2019-02-22,False,,,279.14,,,243.4187894054637,277.9496961295579,-12.423437479851973,
2019-02-25,False,,,279.52,,,243.4187894054637,277.9496961295579,-12.423437479851973,
2019-02-26,False,,,279.32,,,243.4187894054637,277.9496961295579,-12.423437479851973,
2019-02-27,False,,,279.2,,,243.4187894054637,277.9496961295579,-12.423437479851973,
2019-02-28,False,,,278.68,,,243.4187894054637,277.9496961295579,-12.423437479851973,
2019-03-01,False,,,280.42,,,243.4187894054637,277.9496961295579,-12.423437479851973,
2019-03-04,False,,,279.4,,,243.4187894054637,277.9496961295579,-12.423437479851973,
2019-03-05,False,,,279.02,,,243.4187894054637,277.9496961295579,-12.423437479851973,
2019-03-06,True,2019-03-06,277.33,277.33,0.0,0.0,243.4187894054637,277.9496961295579,-12.423437479851973,
2019-03-07,True,2019-03-06,277.33,275.01,-0.8365485162081243,-1.5057873291746238,239.75342011776598,277.9496961295579,-13.742154261607054,
2019-03-08,True,2019-03-06,277.33,274.46,-1.0348682075505766,-1.862762773591038,238.88447481249275,277.9496961295579,-14.054781084867972,
2019-03-11,True,2019-03-06,277.33,278.44,0.4002451952547448,0.7204413514585406,245.17247902156046,277.9496961295579,-11.792499709270887,
2019-03-12,True,2019-03-06,277.33,279.49,0.7788555150903376,1.4019399271626076,246.83137460435475,277.9496961295579,-11.195666683045502,
2019-03-13,True,2019-03-06,277.33,281.34,1.4459308405148974,2.6026755129268153,249.7541906311826,277.9496961295579,-10.144103732077037,
2019-03-14,True,2019-03-06,277.33,281.16,1.381026214257397,2.4858471856633146,249.46980853127513,277.9496961295579,-10.246417965144206,
2019-03-15,True,2019-03-06,277.33,281.31,1.4351134028053325,2.5832041250495985,249.70679361453145,277.9496961295579,-10.161156104254864,
2019-03-18,True,2019-03-06,277.33,282.33,1.802906284931316,3.245231312876369,251.3182921806744,277.9496961295579,-9.581375450207386,
2019-03-19,True,2019-03-06,277.33,282.4,1.8281469729203526,3.2906645512566346,251.42888521952736,277.9496961295579,-9.54158658179235,
2019-03-20,True,2019-03-06,277.33,281.55,1.5216529044820293,2.7389752280676527,250.08596974774153,277.9496961295579,-10.02473712683194,
2019-03-21,True,2019-03-06,277.33,284.73,2.6683013016983503,4.802942343057031,255.11005351277555,277.9496961295579,-8.217185675977968,
2019-03-22,True,2019-03-06,277.33,279.25,0.6923160134136186,1.2461688241445135,246.4521984711446,277.9496961295579,-11.332085660468449,
2019-03-25,True,2019-03-06,277.33,279.04,0.6165939494465311,1.109869109003756,246.12041935458583,277.9496961295579,-11.451452265713502,
2019-03-26,True,2019-03-06,277.33,281.12,1.3666029639779476,2.4598853351603056,249.40661250907345,277.9496961295579,-10.269154461381358,
2019-03-27,True,2019-03-06,277.33,279.65,0.8365485162081354,1.5057873291746438,247.08415869316147,277.9496961295579,-11.104720698096882,
2019-03-28,True,2019-03-06,277.33,280.71,1.2187646486135684,2.193776367504423,248.75885328150613,277.9496961295579,-10.502203547812227,
2019-03-29,True,2019-03-06,277.33,282.48,1.8569934734792515,3.3425882522626527,251.55527726393072,277.9496961295579,-9.496113589318044,
2019-04-01,True,2019-03-06,277.33,285.83,3.0649406843832327,5.516893231889819,256.8479441233219,277.9496961295579,-7.591932029456161,
2019-04-02,True,2019-03-06,277.33,285.97,3.115422060361328,5.6077597086503905,257.06913020102786,277.9496961295579,-7.512354292626089,
2019-04-03,True,2019-03-06,277.33,286.42,3.2776836260051345,5.899830526809242,257.7800854507968,277.9496961295579,-7.2565687099581,
2019-04-04,True,2019-03-06,277.33,287.18,3.5517253813146965,6.393105686366454,258.9808098726288,277.9496961295579,-6.824575281452116,
2019-04-05,True,2019-03-06,277.33,288.57,4.0529333285255875,7.2952799913460575,261.1768716441373,277.9496961295579,-6.034482037210953,
2019-04-08,True,2019-03-06,277.33,288.79,4.132261205062582,7.438070169112647,261.5244497662466,277.9496961295579,-5.909431307906566,
2019-04-09,True,2019-03-06,277.33,287.31,3.5986009447229073,6.477481700501233,259.1861969447843,277.9496961295579,-6.7506816686813576,
2019-04-10,True,2019-03-06,277.33,288.29,3.9519705765694413,7.113547037824994,260.73449948872553,277.9496961295579,-6.193637510871031,
2019-04-11,True,2019-03-06,277.33,288.21,3.92312407601052,7.061623336818936,260.6081074443221,277.9496961295579,-6.2391105033453576,
2019-04-12,True,2019-03-06,277.33,290.16,4.626257527133748,8.327263548840747,263.6889135266543,277.9496961295579,-5.130706311783973,
2019-04-15,True,2019-03-06,277.33,289.97,4.557747088306363,8.203944758951454,263.3887324211963,277.9496961295579,-5.238704668910454,
2019-04-16,True,2019-03-06,277.33,290.16,4.626257527133748,8.327263548840747,263.6889135266543,277.9496961295579,-5.130706311783973,
2019-04-17,True,2019-03-06,277.33,289.45,4.370244834673498,7.866440702412296,262.56718413257437,277.9496961295579,-5.534279119993501,
2019-04-18,True,2019-03-06,277.33,290.02,4.575776151155653,8.236397072080175,263.4677274489483,277.9496961295579,-5.210284048614044,
2019-04-22,True,2019-03-06,277.33,290.27,4.665921465402234,8.398658637724022,263.86270258770895,277.9496961295579,-5.068180947131773,
2019-04-23,True,2019-03-06,277.33,292.88,5.607038546136378,10.09266938304548,267.9862430363689,277.9496961295579,-3.584624567657324,
2019-04-24,True,2019-03-06,277.33,292.23,5.372660729095324,9.670789312371584,266.95930767559156,277.9496961295579,-3.954092631511097,
2019-04-25,True,2019-03-06,277.33,292.05,5.3077561028377795,9.553960985108004,266.674925575684,277.9496961295579,-4.0564068645783,
2019-04-26,True,2019-03-06,277.33,293.41,5.798146612339106,10.436663902210391,268.82359033054126,277.9496961295579,-3.283365992514975,
2019-04-29,True,2019-03-06,277.33,293.87,5.9640139905527745,10.735225182994995,269.5503445858606,277.9496961295579,-3.021896285787684,
2019-04-30,True,2019-03-06,277.33,294.02,6.01810117910071,10.832582122381279,269.7873296691169,277.9496961295579,-2.9366344248983545,
2019-05-01,True,2019-03-06,277.33,291.81,5.221216601161083,9.39818988208995,266.2957494424739,277.9496961295579,-4.192825842001224,
2019-05-02,True,2019-03-06,277.33,291.18,4.9940504092597315,8.989290736667517,265.3004120927973,277.9496961295579,-4.550925657736471,
2019-05-03,True,2019-03-06,277.33,294.03,6.021706991670572,10.839072585007031,269.80312867466733,277.9496961295579,-2.9309503008390636,
2019-05-06,True,2019-03-06,277.33,292.82,5.585403670717204,10.053726607290967,267.8914490030664,277.9496961295579,-3.618729312013047,
2019-05-07,True,2019-03-06,277.33,287.93,3.822161324054374,6.879890383297873,260.16573528891035,277.9496961295579,-6.398265977005446,
2019-05-08,True,2019-03-06,277.33,287.53,3.677928821259857,6.620271878267743,259.53377506689344,277.9496961295579,-6.625630939377036,
2019-05-09,True,2019-03-06,277.33,286.66,3.3642231276818313,6.055601629827296,258.15926158400686,277.9496961295579,-7.120149732535164,
2019-05-10,True,2019-03-06,277.33,288.1,3.8834601377420563,6.990228247935701,260.4343183832675,277.9496961295579,-6.301635867997534,
2019-05-13,True,2019-03-06,277.33,280.86,1.272851837161526,2.291133306890747,248.99583836476253,277.9496961295579,-10.416941686922865,
2019-05-14,True,2019-03-06,277.33,283.4,2.1887282299066113,3.9397108138319004,253.00878577456947,277.9496961295579,-8.973174175863441,RAW_DECISION
2019-05-15,False,,,285.06,,,253.00878577456947,277.9496961295579,-8.973174175863441,
2019-05-16,False,,,287.7,,,253.00878577456947,277.9496961295579,-8.973174175863441,
2019-05-17,False,,,285.84,,,253.00878577456947,277.9496961295579,-8.973174175863441,
2019-05-20,False,,,283.95,,,253.00878577456947,277.9496961295579,-8.973174175863441,
2019-05-21,False,,,286.51,,,253.00878577456947,277.9496961295579,-8.973174175863441,
2019-05-22,False,,,285.63,,,253.00878577456947,277.9496961295579,-8.973174175863441,
2019-05-23,False,,,282.14,,,253.00878577456947,277.9496961295579,-8.973174175863441,
2019-05-24,False,,,282.78,,,253.00878577456947,277.9496961295579,-8.973174175863441,
2019-05-28,False,,,280.15,,,253.00878577456947,277.9496961295579,-8.973174175863441,
2019-05-29,False,,,278.27,,,253.00878577456947,277.9496961295579,-8.973174175863441,
2019-05-30,False,,,279.03,,,253.00878577456947,277.9496961295579,-8.973174175863441,
2019-05-31,False,,,275.27,,,253.00878577456947,277.9496961295579,-8.973174175863441,
2019-06-03,False,,,274.57,,,253.00878577456947,277.9496961295579,-8.973174175863441,
2019-06-04,False,,,280.53,,,253.00878577456947,277.9496961295579,-8.973174175863441,
2019-06-05,False,,,282.96,,,253.00878577456947,277.9496961295579,-8.973174175863441,
2019-06-06,False,,,284.8,,,253.00878577456947,277.9496961295579,-8.973174175863441,
2019-06-07,False,,,287.65,,,253.00878577456947,277.9496961295579,-8.973174175863441,
2019-06-10,False,,,288.97,,,253.00878577456947,277.9496961295579,-8.973174175863441,
2019-06-11,False,,,288.9,,,253.00878577456947,277.9496961295579,-8.973174175863441,
2019-06-12,False,,,288.39,,,253.00878577456947,277.9496961295579,-8.973174175863441,
2019-06-13,False,,,289.58,,,253.00878577456947,277.9496961295579,-8.973174175863441,
2019-06-14,False,,,289.26,,,253.00878577456947,277.9496961295579,-8.973174175863441,
2019-06-17,False,,,289.37,,,253.00878577456947,277.9496961295579,-8.973174175863441,
2019-06-18,False,,,292.4,,,253.00878577456947,277.9496961295579,-8.973174175863441,
2019-06-19,False,,,293.06,,,253.00878577456947,277.9496961295579,-8.973174175863441,
2019-06-20,False,,,295.86,,,253.00878577456947,277.9496961295579,-8.973174175863441,
2019-06-21,False,,,294.0,,,253.00878577456947,277.9496961295579,-8.973174175863441,
2019-06-24,False,,,293.64,,,253.00878577456947,277.9496961295579,-8.973174175863441,
2019-06-25,False,,,290.76,,,253.00878577456947,277.9496961295579,-8.973174175863441,
2019-06-26,False,,,290.47,,,253.00878577456947,277.9496961295579,-8.973174175863441,
2019-06-27,False,,,291.5,,,253.00878577456947,277.9496961295579,-8.973174175863441,
2019-06-28,False,,,293.0,,,253.00878577456947,277.9496961295579,-8.973174175863441,
2019-07-01,False,,,295.66,,,253.00878577456947,277.9496961295579,-8.973174175863441,
2019-07-02,False,,,296.43,,,253.00878577456947,277.9496961295579,-8.973174175863441,
2019-07-03,False,,,298.8,,,253.00878577456947,277.9496961295579,-8.973174175863441,
2019-07-05,False,,,298.46,,,253.00878577456947,277.9496961295579,-8.973174175863441,
2019-07-08,False,,,296.82,,,253.00878577456947,277.9496961295579,-8.973174175863441,
2019-07-09,False,,,297.19,,,253.00878577456947,277.9496961295579,-8.973174175863441,
2019-07-10,False,,,298.61,,,253.00878577456947,277.9496961295579,-8.973174175863441,
2019-07-11,False,,,299.31,,,253.00878577456947,277.9496961295579,-8.973174175863441,
2019-07-12,False,,,300.65,,,253.00878577456947,277.9496961295579,-8.973174175863441,
2019-07-15,False,,,300.75,,,253.00878577456947,277.9496961295579,-8.973174175863441,
2019-07-16,False,,,299.71,,,253.00878577456947,277.9496961295579,-8.973174175863441,
2019-07-17,False,,,297.74,,,253.00878577456947,277.9496961295579,-8.973174175863441,
2019-07-18,False,,,298.83,,,253.00878577456947,277.9496961295579,-8.973174175863441,
2019-07-19,True,2019-07-19,297.17,297.17,0.0,0.0,253.00878577456947,277.9496961295579,-8.973174175863441,
2019-07-22,True,2019-07-19,297.17,297.9,0.24565063768211548,0.44217114782780786,254.1275176267341,277.9496961295579,-8.570679815285642,
2019-07-23,True,2019-07-19,297.17,300.03,0.9624120873573894,1.7323417572433009,257.3917626200366,277.9496961295579,-7.396278461818795,
2019-07-24,True,2019-07-19,297.17,301.44,1.4368879765790599,2.5863983578423078,259.5526008550397,277.9496961295579,-6.618857847551995,
2019-07-25,True,2019-07-19,297.17,300.0,0.9523168556718309,1.7141703402092956,257.3457873384408,277.9496961295579,-7.412819325952125,
2019-07-26,True,2019-07-19,297.17,302.01,1.6286973786048264,2.9316552814886876,260.42613120536004,277.9496961295579,-6.304581429018641,
2019-07-29,True,2019-07-19,297.17,301.46,1.443618131036084,2.5985126358649513,259.58325104277014,277.9496961295579,-6.607830604796472,
2019-07-30,True,2019-07-19,297.17,300.72,1.1946024161254565,2.1502843490258217,258.4491940967403,277.9496961295579,-7.015838586752043,
2019-07-31,True,2019-07-19,297.17,297.43,0.08749200794158085,0.15748561429484553,253.40723821506649,277.9496961295579,-8.8298200200412,
2019-08-01,True,2019-07-19,297.17,294.84,-0.7840629942457267,-1.411313389642308,249.43803890396154,277.9496961295579,-10.257847956885868,
2019-08-02,True,2019-07-19,297.17,292.62,-1.5311101389776982,-2.7559982501598568,246.03586806587165,277.9496961295579,-11.481871902752705,
2019-08-05,True,2019-07-19,297.17,283.82,-4.492378100077399,-8.086280580139318,232.5497854644342,277.9496961295579,-16.333858715197834,
2019-08-06,True,2019-07-19,297.17,287.8,-3.1530773631254894,-5.675539253625881,238.64917282281158,277.9496961295579,-14.13943740684197,RAW_DECISION
2019-08-07,False,,,287.97,,,238.64917282281158,277.9496961295579,-14.13943740684197,
2019-08-08,False,,,293.62,,,238.64917282281158,277.9496961295579,-14.13943740684197,
2019-08-09,False,,,291.62,,,238.64917282281158,277.9496961295579,-14.13943740684197,
2019-08-12,False,,,288.07,,,238.64917282281158,277.9496961295579,-14.13943740684197,
2019-08-13,False,,,292.55,,,238.64917282281158,277.9496961295579,-14.13943740684197,
2019-08-14,False,,,283.9,,,238.64917282281158,277.9496961295579,-14.13943740684197,
2019-08-15,False,,,284.65,,,238.64917282281158,277.9496961295579,-14.13943740684197,
2019-08-16,False,,,288.85,,,238.64917282281158,277.9496961295579,-14.13943740684197,
2019-08-19,False,,,292.33,,,238.64917282281158,277.9496961295579,-14.13943740684197,
2019-08-20,False,,,290.09,,,238.64917282281158,277.9496961295579,-14.13943740684197,
2019-08-21,False,,,292.45,,,238.64917282281158,277.9496961295579,-14.13943740684197,
2019-08-22,False,,,292.36,,,238.64917282281158,277.9496961295579,-14.13943740684197,
2019-08-23,False,,,284.85,,,238.64917282281158,277.9496961295579,-14.13943740684197,
2019-08-26,False,,,288.0,,,238.64917282281158,277.9496961295579,-14.13943740684197,
2019-08-27,False,,,286.87,,,238.64917282281158,277.9496961295579,-14.13943740684197,
2019-08-28,False,,,288.89,,,238.64917282281158,277.9496961295579,-14.13943740684197,
2019-08-29,False,,,292.58,,,238.64917282281158,277.9496961295579,-14.13943740684197,
2019-08-30,False,,,292.45,,,238.64917282281158,277.9496961295579,-14.13943740684197,
2019-09-03,False,,,290.74,,,238.64917282281158,277.9496961295579,-14.13943740684197,
2019-09-04,False,,,294.04,,,238.64917282281158,277.9496961295579,-14.13943740684197,
2019-09-05,False,,,297.82,,,238.64917282281158,277.9496961295579,-14.13943740684197,
2019-09-06,False,,,298.05,,,238.64917282281158,277.9496961295579,-14.13943740684197,
2019-09-09,False,,,298.2,,,238.64917282281158,277.9496961295579,-14.13943740684197,
2019-09-10,False,,,298.13,,,238.64917282281158,277.9496961295579,-14.13943740684197,
2019-09-11,False,,,300.25,,,238.64917282281158,277.9496961295579,-14.13943740684197,
2019-09-12,False,,,301.29,,,238.64917282281158,277.9496961295579,-14.13943740684197,
2019-09-13,False,,,301.09,,,238.64917282281158,277.9496961295579,-14.13943740684197,
2019-09-16,False,,,300.16,,,238.64917282281158,277.9496961295579,-14.13943740684197,
2019-09-17,False,,,300.92,,,238.64917282281158,277.9496961295579,-14.13943740684197,
2019-09-18,False,,,301.1,,,238.64917282281158,277.9496961295579,-14.13943740684197,
2019-09-19,False,,,301.08,,,238.64917282281158,277.9496961295579,-14.13943740684197,
2019-09-20,False,,,298.28,,,238.64917282281158,277.9496961295579,-14.13943740684197,
2019-09-23,False,,,298.21,,,238.64917282281158,277.9496961295579,-14.13943740684197,
2019-09-24,True,2019-09-24,295.87,295.87,0.0,0.0,238.64917282281158,277.9496961295579,-14.13943740684197,
2019-09-25,True,2019-09-24,295.87,297.62,0.591475986074963,1.0646567749349334,241.1899674095958,277.9496961295579,-13.225317110196677,
2019-09-26,True,2019-09-24,295.87,297.0,0.3819244938655375,0.6874640889579675,240.28980018456366,277.9496961295579,-13.54917687243673,
2019-09-27,True,2019-09-24,295.87,295.4,-0.1588535505458566,-0.28593639098254187,237.96678799093235,277.9496961295579,-14.38494400079815,
2019-09-30,True,2019-09-24,295.87,296.77,0.30418764998141334,0.547537769966544,239.95586718172922,277.9496961295579,-13.669318397138664,
2019-10-01,True,2019-09-24,295.87,293.24,-0.8889039105012375,-1.6000270389022275,234.83072152953008,277.9496961295579,-15.513229624086078,
2019-10-02,True,2019-09-24,295.87,288.06,-2.639672829283135,-4.751411092709644,227.3099695526487,277.9496961295579,-18.219025702156188,
2019-10-03,True,2019-09-24,295.87,290.42,-1.8420252137763216,-3.315645384797379,230.73641253825488,277.9496961295579,-16.98626918782309,
2019-10-04,True,2019-09-24,295.87,294.35,-0.5137391421908166,-0.9247304559434699,236.4423112388619,277.9496961295579,-14.933416178785308,
2019-10-07,True,2019-09-24,295.87,293.08,-0.9429817149423814,-1.6973670868962865,234.59842031016694,277.9496961295579,-15.59680633692222,
2019-10-08,True,2019-09-24,295.87,288.53,-2.4808192787372896,-4.465474701727121,227.99235438452789,277.9496961295579,-17.97351910820003,
2019-10-09,True,2019-09-24,295.87,291.27,-1.554736877682772,-2.7985263798289894,231.97051276612152,277.9496961295579,-16.54226790088108,
2019-10-10,True,2019-09-24,295.87,293.24,-0.8889039105012375,-1.6000270389022275,234.83072152953008,277.9496961295579,-15.513229624086078,
2019-10-11,True,2019-09-24,295.87,296.28,0.13857437388040683,0.2494338729847323,239.24444469742954,277.9496961295579,-13.925272080199381,
2019-10-14,True,2019-09-24,295.87,295.95,0.027038902220555272,0.04867002399699949,238.7653234324931,277.9496961295579,-14.097649050423922,
2019-10-15,True,2019-09-24,295.87,298.88,1.0173386960489417,1.831209652888095,243.0193395120805,277.9496961295579,-12.567150496612033,
2019-10-16,True,2019-09-24,295.87,298.4,0.8551052827255212,1.5391895089059382,242.32243585399112,277.9496961295579,-12.81788063512046,
2019-10-17,True,2019-09-24,295.87,299.28,1.1525332071517846,2.0745597728732124,243.6000925604883,277.9496961295579,-12.358208714521691,
2019-10-18,True,2019-09-24,295.87,297.97,0.7097711832899645,1.277588129921936,241.69812632695272,277.9496961295579,-13.042493050867588,
2019-10-21,True,2019-09-24,295.87,299.99,1.3925034643593515,2.5065062358468326,244.63092922141223,277.9496961295579,-11.987337051311297,
2019-10-22,True,2019-09-24,295.87,299.01,1.0612769121573606,1.9102984418832492,243.208084252813,277.9496961295579,-12.499244417432687,
2019-10-23,True,2019-09-24,295.87,299.88,1.3553249738060602,2.4395849528509084,244.47122213310004,277.9496961295579,-12.044796041386153,
2019-10-24,True,2019-09-24,295.87,300.37,1.5209382499070445,2.73768884983268,245.1826446173996,277.9496961295579,-11.78884235832548,
2019-10-25,True,2019-09-24,295.87,301.6,1.9366613715483316,3.485990468786997,246.96846024125378,277.9496961295579,-11.146346378397599,
2019-10-28,True,2019-09-24,295.87,303.3,2.511238043735431,4.520228478723776,249.43666069698702,277.9496961295579,-10.258343804513592,
2019-10-29,True,2019-09-24,295.87,303.21,2.4808192787372674,4.465474701727081,249.3059912610952,277.9496961295579,-10.305355705483954,
2019-10-30,True,2019-09-24,295.87,304.14,2.7951465170513945,5.03126373069251,250.6562420986434,277.9496961295579,-9.819566062123874,
2019-10-31,True,2019-09-24,295.87,303.33,2.5213776320681225,4.5384797377226205,249.4802171756175,277.9496961295579,-10.242673170856854,
2019-11-01,True,2019-09-24,295.87,306.14,3.4711190725656538,6.248014330618177,253.56000734068257,277.9496961295579,-8.774857151672077,
2019-11-04,True,2019-09-24,295.87,307.37,3.8868421942069187,6.996315949572454,255.3458229645367,277.9496961295579,-8.132361171744208,
2019-11-05,True,2019-09-24,295.87,307.03,3.771926859769481,6.789468347585066,254.85218287338995,277.9496961295579,-8.30996168652105,
2019-11-06,True,2019-09-24,295.87,307.1,3.7955858992124947,6.83205461858249,254.9538146568614,277.9496961295579,-8.273396874655203,
2019-11-07,True,2019-09-24,295.87,308.18,4.160611079190191,7.489099942542343,256.52184788756256,277.9496961295579,-7.709254063011239,
2019-11-08,True,2019-09-24,295.87,308.94,4.417480650285599,7.951465170514078,257.6252786795374,277.9496961295579,-7.312264677039559,
2019-11-11,True,2019-09-24,295.87,308.35,4.2180687464089095,7.592523743536037,256.7686679331359,277.9496961295579,-7.62045380562284,
2019-11-12,True,2019-09-24,295.87,309.0,4.4377598269510266,7.987967688511848,257.71239163679854,277.9496961295579,-7.280923409726025,
2019-11-13,True,2019-09-24,295.87,309.1,4.471558454726754,8.048805218508157,257.85757989890055,277.9496961295579,-7.228687964203417,
2019-11-14,True,2019-09-24,295.87,309.55,4.623652279717438,8.32257410349139,258.5109270783593,277.9496961295579,-6.993628459351786,
2019-11-15,True,2019-09-24,295.87,311.79,5.380741541893408,9.685334775408135,261.76314414944324,277.9496961295579,-5.823554479645754,
2019-11-18,True,2019-09-24,295.87,312.02,5.458478385777532,9.825261094399558,262.0970771522777,277.9496961295579,-5.70341295494382,
2019-11-19,True,2019-09-24,295.87,311.93,5.428059620779391,9.770507317402904,261.9664077163859,277.9496961295579,-5.75042485591416,
2019-11-20,True,2019-09-24,295.87,310.77,5.035995538581117,9.064791969446011,260.2822238760031,277.9496961295579,-6.356356023976229,
2019-11-21,True,2019-09-24,295.87,310.27,4.867002399702569,8.760604319464624,259.5562825654934,277.9496961295579,-6.617533251589148,
2019-11-22,True,2019-09-24,295.87,310.96,5.100212931354986,9.180383276438976,260.5580815739969,277.9496961295579,-6.257108677483281,
2019-11-25,True,2019-09-24,295.87,313.37,5.914759860749652,10.646567749349375,264.0571186906541,277.9496961295579,-4.998234440388883,
2019-11-26,True,2019-09-24,295.87,314.08,6.154730117957197,11.078514212322954,265.08795535157793,277.9496961295579,-4.6273627771785115,
2019-11-27,True,2019-09-24,295.87,315.48,6.62791090681718,11.930239632270926,267.1205910210054,277.9496961295579,-3.896066539862242,
2019-11-29,True,2019-09-24,295.87,314.31,6.232466961841343,11.218440531314418,265.4218883544125,277.9496961295579,-4.507221252476534,
2019-12-02,True,2019-09-24,295.87,311.64,5.330043600229817,9.594078480413671,261.54536175629016,277.9496961295579,-5.9019076479296935,
2019-12-03,True,2019-09-24,295.87,309.55,4.623652279717438,8.32257410349139,258.5109270783593,277.9496961295579,-6.993628459351786,
2019-12-04,True,2019-09-24,295.87,311.46,5.269206070233534,9.484570926420362,261.28402288450667,277.9496961295579,-5.99593144987034,
2019-12-05,True,2019-09-24,295.87,312.02,5.458478385777532,9.825261094399558,262.0970771522777,277.9496961295579,-5.70341295494382,
2019-12-06,True,2019-09-24,295.87,314.87,6.421739277385341,11.559130699293615,266.2349426221835,277.9496961295579,-4.214702757550026,
2019-12-09,True,2019-09-24,295.87,313.88,6.087132862405786,10.956839152330415,264.7975788273741,277.9496961295579,-4.731833668223673,
2019-12-10,True,2019-09-24,295.87,313.53,5.968837665190785,10.743907797343413,264.2894199100172,277.9496961295579,-4.91465772755274,
2019-12-11,True,2019-09-24,295.87,314.42,6.269645452394634,11.285361814310342,265.5815954427247,277.9496961295579,-4.44976226240168,
2019-12-12,True,2019-09-24,295.87,317.13,7.185588265116438,12.934058877209589,269.5161973456877,277.9496961295579,-3.0341816887395123,
2019-12-13,True,2019-09-24,295.87,317.32,7.249805657890285,13.049650184202513,269.7920550436814,277.9496961295579,-2.934934342246609,
2019-12-16,True,2019-09-24,295.87,319.5,7.986615743400827,14.375908338121489,272.95715915750407,277.9496961295579,-1.796201629854166,
2019-12-17,True,2019-09-24,295.87,319.57,8.010274782843819,14.418494609118875,273.0587909409755,277.9496961295579,-1.7596368179883304,
2019-12-18,True,2019-09-24,295.87,319.59,8.017034508398947,14.430662115118105,273.0878285933958,277.9496961295579,-1.7491897288838487,
2019-12-19,True,2019-09-24,295.87,320.9,8.459796532260789,15.227633758069421,274.9897948269315,277.9496961295579,-1.0649053925379182,
2019-12-20,True,2019-09-24,295.87,320.73,8.402338865042092,15.124209957075765,274.7429747813582,277.9496961295579,-1.1537056499262954,
2019-12-23,True,2019-09-24,295.87,321.22,8.567952141143076,15.422313854057537,275.4543972656578,277.9496961295579,-0.8977519668656009,
2019-12-24,True,2019-09-24,295.87,321.23,8.57133200392064,15.428397607057152,275.4689160918679,277.9496961295579,-0.8925284223133767,
2019-12-26,True,2019-09-24,295.87,322.94,9.149288538885326,16.468719369993586,277.9516353738114,277.9516353738114,0.0,
2019-12-27,True,2019-09-24,295.87,322.86,9.122249636664748,16.420049345996546,277.83548476412983,277.9516353738114,-0.04178806486437869,
2019-12-30,True,2019-09-24,295.87,321.08,8.52063406225707,15.337141312062727,275.25113369871497,277.9516353738114,-0.9715725080964632,
2019-12-31,True,2019-09-24,295.87,321.86,8.78426335890763,15.811674046033735,276.3836021431103,277.9516353738114,-0.5641388756688959,
2020-01-02,True,2019-09-24,295.87,324.87,9.801602054956572,17.64288369892183,280.75376883237914,280.75376883237914,0.0,
2020-01-03,True,2019-09-24,295.87,322.41,8.970155811674063,16.146280461013315,277.1821375846711,280.75376883237914,-1.2721578992730853,
2020-01-06,True,2019-09-24,295.87,323.64,9.385878933315306,16.894582079967552,278.9679532085251,280.75376883237914,-0.6360789496365538,
2020-01-07,True,2019-09-24,295.87,322.73,9.078311420556329,16.34096055700139,277.6467400233973,280.75376883237914,-1.1066739448961305,
2020-01-08,True,2019-09-24,295.87,324.45,9.659647818298577,17.38736607293744,280.14397813155097,280.75376883237914,-0.21719769011978585,
2020-01-09,True,2019-09-24,295.87,326.65,10.403217629364248,18.725791732855647,283.338119897794,283.338119897794,0.0,
2020-01-10,True,2019-09-24,295.87,325.71,10.085510528272534,18.153918950890564,281.97335023403554,283.338119897794,-0.48167527343330185,
2020-01-13,True,2019-09-24,295.87,327.95,10.842599790448503,19.516679622807306,285.2255673051194,285.2255673051194,0.0,
2020-01-14,True,2019-09-24,295.87,327.45,10.673606651569933,19.21249197282588,284.49962599460963,285.2255673051194,-0.2545148099339922,
2020-01-15,True,2019-09-24,295.87,328.19,10.923716497110213,19.662689694798384,285.57401913416413,285.57401913416413,0.0,
2020-01-16,True,2019-09-24,295.87,330.92,11.846419035387168,21.323554263696902,289.5376586895476,289.5376586895476,0.0,
2020-01-17,True,2019-09-24,295.87,331.95,12.194544901477,21.950180822658602,291.03309778919777,291.03309778919777,0.0,
2020-01-21,True,2019-09-24,295.87,331.3,11.974853820934882,21.55473687768279,290.0893740855351,291.03309778919777,-0.32426679674290027,
2020-01-22,True,2019-09-24,295.87,331.34,11.988373272045138,21.57907188968125,290.1474493903757,291.03309778919777,-0.30431191694340054,
2020-01-23,True,2019-09-24,295.87,331.72,12.116808057592877,21.810254503667178,290.6991647863633,291.03309778919777,-0.11474055884747036,
2020-01-24,True,2019-09-24,295.87,328.77,11.11974853820934,20.01554736877681,286.4161110543555,291.03309778919777,-1.586412944065374,
2020-01-27,True,2019-09-24,295.87,323.5,9.3385608544293,16.80940953797274,278.7646896415823,291.03309778919777,-4.215468357657981,
2020-01-28,True,2019-09-24,295.87,326.89,10.484334336025958,18.871801804846726,283.68657172683874,291.03309778919777,-2.524292294644881,
2020-01-29,True,2019-09-24,295.87,326.62,10.393078041031533,18.70754047385676,283.2945634191634,291.03309778919777,-2.658987733291962,
2020-01-30,True,2019-09-24,295.87,327.68,10.75134349545408,19.352418291817344,284.8335589974442,291.03309778919777,-2.130183418603493,
2020-01-31,True,2019-09-24,295.87,321.73,8.740325142799211,15.732585257038581,276.19485740237775,291.03309778919777,-5.098471788788683,
2020-02-03,True,2019-09-24,295.87,324.12,9.548112346638726,17.18660222394971,279.66485686661446,291.03309778919777,-3.9061677207647305,RAW_DECISION
2020-02-04,False,,,329.06,,,279.66485686661446,291.03309778919777,-3.9061677207647305,
2020-02-05,False,,,332.86,,,279.66485686661446,291.03309778919777,-3.9061677207647305,
2020-02-06,False,,,333.98,,,279.66485686661446,291.03309778919777,-3.9061677207647305,
2020-02-07,False,,,332.2,,,279.66485686661446,291.03309778919777,-3.9061677207647305,
2020-02-10,False,,,334.68,,,279.66485686661446,291.03309778919777,-3.9061677207647305,
2020-02-11,False,,,335.26,,,279.66485686661446,291.03309778919777,-3.9061677207647305,
2020-02-12,False,,,337.42,,,279.66485686661446,291.03309778919777,-3.9061677207647305,
2020-02-13,False,,,337.06,,,279.66485686661446,291.03309778919777,-3.9061677207647305,
2020-02-14,False,,,337.6,,,279.66485686661446,291.03309778919777,-3.9061677207647305,
2020-02-18,False,,,336.73,,,279.66485686661446,291.03309778919777,-3.9061677207647305,
2020-02-19,False,,,338.34,,,279.66485686661446,291.03309778919777,-3.9061677207647305,
2020-02-20,False,,,336.95,,,279.66485686661446,291.03309778919777,-3.9061677207647305,
2020-02-21,False,,,333.48,,,279.66485686661446,291.03309778919777,-3.9061677207647305,
2020-02-24,False,,,322.42,,,279.66485686661446,291.03309778919777,-3.9061677207647305,
2020-02-25,False,,,312.65,,,279.66485686661446,291.03309778919777,-3.9061677207647305,
2020-02-26,False,,,311.5,,,279.66485686661446,291.03309778919777,-3.9061677207647305,
2020-02-27,False,,,297.51,,,279.66485686661446,291.03309778919777,-3.9061677207647305,
2020-02-28,False,,,296.26,,,279.66485686661446,291.03309778919777,-3.9061677207647305,
2020-03-02,False,,,309.09,,,279.66485686661446,291.03309778919777,-3.9061677207647305,
2020-03-03,False,,,300.24,,,279.66485686661446,291.03309778919777,-3.9061677207647305,
2020-03-04,False,,,312.86,,,279.66485686661446,291.03309778919777,-3.9061677207647305,
2020-03-05,False,,,302.46,,,279.66485686661446,291.03309778919777,-3.9061677207647305,
2020-03-06,False,,,297.46,,,279.66485686661446,291.03309778919777,-3.9061677207647305,
2020-03-09,False,,,274.23,,,279.66485686661446,291.03309778919777,-3.9061677207647305,
2020-03-10,False,,,288.42,,,279.66485686661446,291.03309778919777,-3.9061677207647305,
2020-03-11,False,,,274.36,,,279.66485686661446,291.03309778919777,-3.9061677207647305,
2020-03-12,False,,,248.11,,,279.66485686661446,291.03309778919777,-3.9061677207647305,
2020-03-13,False,,,269.32,,,279.66485686661446,291.03309778919777,-3.9061677207647305,
2020-03-16,False,,,239.85,,,279.66485686661446,291.03309778919777,-3.9061677207647305,
2020-03-17,False,,,252.8,,,279.66485686661446,291.03309778919777,-3.9061677207647305,
2020-03-18,False,,,240.0,,,279.66485686661446,291.03309778919777,-3.9061677207647305,
2020-03-19,False,,,240.51,,,279.66485686661446,291.03309778919777,-3.9061677207647305,
2020-03-20,False,,,228.8,,,279.66485686661446,291.03309778919777,-3.9061677207647305,
2020-03-23,False,,,222.95,,,279.66485686661446,291.03309778919777,-3.9061677207647305,
2020-03-24,False,,,243.15,,,279.66485686661446,291.03309778919777,-3.9061677207647305,
2020-03-25,False,,,246.79,,,279.66485686661446,291.03309778919777,-3.9061677207647305,
2020-03-26,False,,,261.2,,,279.66485686661446,291.03309778919777,-3.9061677207647305,
2020-03-27,False,,,253.42,,,279.66485686661446,291.03309778919777,-3.9061677207647305,
2020-03-30,False,,,261.65,,,279.66485686661446,291.03309778919777,-3.9061677207647305,
2020-03-31,False,,,257.75,,,279.66485686661446,291.03309778919777,-3.9061677207647305,
2020-04-01,False,,,246.15,,,279.66485686661446,291.03309778919777,-3.9061677207647305,
2020-04-02,False,,,251.83,,,279.66485686661446,291.03309778919777,-3.9061677207647305,
2020-04-03,False,,,248.19,,,279.66485686661446,291.03309778919777,-3.9061677207647305,
2020-04-06,False,,,264.86,,,279.66485686661446,291.03309778919777,-3.9061677207647305,
2020-04-07,False,,,265.13,,,279.66485686661446,291.03309778919777,-3.9061677207647305,
2020-04-08,False,,,274.03,,,279.66485686661446,291.03309778919777,-3.9061677207647305,
2020-04-09,False,,,278.2,,,279.66485686661446,291.03309778919777,-3.9061677207647305,
2020-04-13,False,,,275.66,,,279.66485686661446,291.03309778919777,-3.9061677207647305,
2020-04-14,False,,,283.79,,,279.66485686661446,291.03309778919777,-3.9061677207647305,
2020-04-15,False,,,277.76,,,279.66485686661446,291.03309778919777,-3.9061677207647305,
2020-04-16,False,,,279.1,,,279.66485686661446,291.03309778919777,-3.9061677207647305,
2020-04-17,False,,,286.64,,,279.66485686661446,291.03309778919777,-3.9061677207647305,
2020-04-20,False,,,281.59,,,279.66485686661446,291.03309778919777,-3.9061677207647305,
2020-04-21,False,,,273.04,,,279.66485686661446,291.03309778919777,-3.9061677207647305,
2020-04-22,False,,,279.1,,,279.66485686661446,291.03309778919777,-3.9061677207647305,
2020-04-23,False,,,279.08,,,279.66485686661446,291.03309778919777,-3.9061677207647305,
2020-04-24,False,,,282.97,,,279.66485686661446,291.03309778919777,-3.9061677207647305,
2020-04-27,False,,,287.05,,,279.66485686661446,291.03309778919777,-3.9061677207647305,
2020-04-28,False,,,285.73,,,279.66485686661446,291.03309778919777,-3.9061677207647305,
2020-04-29,False,,,293.21,,,279.66485686661446,291.03309778919777,-3.9061677207647305,
2020-04-30,False,,,290.48,,,279.66485686661446,291.03309778919777,-3.9061677207647305,
2020-05-01,False,,,282.79,,,279.66485686661446,291.03309778919777,-3.9061677207647305,
2020-05-04,False,,,283.57,,,279.66485686661446,291.03309778919777,-3.9061677207647305,
2020-05-05,False,,,286.19,,,279.66485686661446,291.03309778919777,-3.9061677207647305,
2020-05-06,False,,,284.25,,,279.66485686661446,291.03309778919777,-3.9061677207647305,
2020-05-07,False,,,287.68,,,279.66485686661446,291.03309778919777,-3.9061677207647305,
2020-05-08,False,,,292.44,,,279.66485686661446,291.03309778919777,-3.9061677207647305,
2020-05-11,False,,,292.5,,,279.66485686661446,291.03309778919777,-3.9061677207647305,
2020-05-12,False,,,286.67,,,279.66485686661446,291.03309778919777,-3.9061677207647305,
2020-05-13,False,,,281.6,,,279.66485686661446,291.03309778919777,-3.9061677207647305,
2020-05-14,False,,,284.97,,,279.66485686661446,291.03309778919777,-3.9061677207647305,
2020-05-15,False,,,286.28,,,279.66485686661446,291.03309778919777,-3.9061677207647305,
2020-05-18,False,,,295.0,,,279.66485686661446,291.03309778919777,-3.9061677207647305,
2020-05-19,False,,,291.97,,,279.66485686661446,291.03309778919777,-3.9061677207647305,
2020-05-20,False,,,296.93,,,279.66485686661446,291.03309778919777,-3.9061677207647305,
2020-05-21,False,,,294.88,,,279.66485686661446,291.03309778919777,-3.9061677207647305,
2020-05-22,False,,,295.44,,,279.66485686661446,291.03309778919777,-3.9061677207647305,
2020-05-26,False,,,299.08,,,279.66485686661446,291.03309778919777,-3.9061677207647305,
2020-05-27,False,,,303.53,,,279.66485686661446,291.03309778919777,-3.9061677207647305,
2020-05-28,False,,,302.97,,,279.66485686661446,291.03309778919777,-3.9061677207647305,
2020-05-29,False,,,304.32,,,279.66485686661446,291.03309778919777,-3.9061677207647305,
2020-06-01,False,,,305.55,,,279.66485686661446,291.03309778919777,-3.9061677207647305,
2020-06-02,False,,,308.08,,,279.66485686661446,291.03309778919777,-3.9061677207647305,
2020-06-03,False,,,312.18,,,279.66485686661446,291.03309778919777,-3.9061677207647305,
2020-06-04,False,,,311.36,,,279.66485686661446,291.03309778919777,-3.9061677207647305,
2020-06-05,False,,,319.34,,,279.66485686661446,291.03309778919777,-3.9061677207647305,
2020-06-08,False,,,323.2,,,279.66485686661446,291.03309778919777,-3.9061677207647305,
2020-06-09,False,,,320.79,,,279.66485686661446,291.03309778919777,-3.9061677207647305,
2020-06-10,False,,,319.0,,,279.66485686661446,291.03309778919777,-3.9061677207647305,
2020-06-11,False,,,300.61,,,279.66485686661446,291.03309778919777,-3.9061677207647305,
2020-06-12,False,,,304.21,,,279.66485686661446,291.03309778919777,-3.9061677207647305,
2020-06-15,False,,,307.05,,,279.66485686661446,291.03309778919777,-3.9061677207647305,
2020-06-16,False,,,312.96,,,279.66485686661446,291.03309778919777,-3.9061677207647305,
2020-06-17,False,,,311.66,,,279.66485686661446,291.03309778919777,-3.9061677207647305,
2020-06-18,False,,,311.78,,,279.66485686661446,291.03309778919777,-3.9061677207647305,
2020-06-19,False,,,308.64,,,279.66485686661446,291.03309778919777,-3.9061677207647305,
2020-06-22,False,,,310.62,,,279.66485686661446,291.03309778919777,-3.9061677207647305,
2020-06-23,False,,,312.05,,,279.66485686661446,291.03309778919777,-3.9061677207647305,
2020-06-24,False,,,304.09,,,279.66485686661446,291.03309778919777,-3.9061677207647305,
2020-06-25,False,,,307.35,,,279.66485686661446,291.03309778919777,-3.9061677207647305,
2020-06-26,False,,,300.05,,,279.66485686661446,291.03309778919777,-3.9061677207647305,
2020-06-29,False,,,304.46,,,279.66485686661446,291.03309778919777,-3.9061677207647305,
2020-06-30,False,,,308.36,,,279.66485686661446,291.03309778919777,-3.9061677207647305,
2020-07-01,False,,,310.52,,,279.66485686661446,291.03309778919777,-3.9061677207647305,
2020-07-02,False,,,312.23,,,279.66485686661446,291.03309778919777,-3.9061677207647305,
2020-07-06,False,,,317.05,,,279.66485686661446,291.03309778919777,-3.9061677207647305,
2020-07-07,False,,,313.78,,,279.66485686661446,291.03309778919777,-3.9061677207647305,
2020-07-08,False,,,316.18,,,279.66485686661446,291.03309778919777,-3.9061677207647305,
2020-07-09,False,,,314.38,,,279.66485686661446,291.03309778919777,-3.9061677207647305,
2020-07-10,False,,,317.59,,,279.66485686661446,291.03309778919777,-3.9061677207647305,
2020-07-13,False,,,314.84,,,279.66485686661446,291.03309778919777,-3.9061677207647305,
2020-07-14,False,,,318.92,,,279.66485686661446,291.03309778919777,-3.9061677207647305,
2020-07-15,False,,,321.85,,,279.66485686661446,291.03309778919777,-3.9061677207647305,
2020-07-16,False,,,320.79,,,279.66485686661446,291.03309778919777,-3.9061677207647305,
2020-07-17,False,,,321.72,,,279.66485686661446,291.03309778919777,-3.9061677207647305,
2020-07-20,False,,,324.32,,,279.66485686661446,291.03309778919777,-3.9061677207647305,
2020-07-21,False,,,325.01,,,279.66485686661446,291.03309778919777,-3.9061677207647305,
2020-07-22,False,,,326.86,,,279.66485686661446,291.03309778919777,-3.9061677207647305,
2020-07-23,False,,,322.96,,,279.66485686661446,291.03309778919777,-3.9061677207647305,
2020-07-24,False,,,320.88,,,279.66485686661446,291.03309778919777,-3.9061677207647305,
2020-07-27,False,,,323.22,,,279.66485686661446,291.03309778919777,-3.9061677207647305,
2020-07-28,False,,,321.17,,,279.66485686661446,291.03309778919777,-3.9061677207647305,
2020-07-29,False,,,325.12,,,279.66485686661446,291.03309778919777,-3.9061677207647305,
2020-07-30,False,,,323.96,,,279.66485686661446,291.03309778919777,-3.9061677207647305,
2020-07-31,False,,,326.52,,,279.66485686661446,291.03309778919777,-3.9061677207647305,
2020-08-03,False,,,328.79,,,279.66485686661446,291.03309778919777,-3.9061677207647305,
2020-08-04,False,,,330.06,,,279.66485686661446,291.03309778919777,-3.9061677207647305,
2020-08-05,False,,,332.11,,,279.66485686661446,291.03309778919777,-3.9061677207647305,
2020-08-06,False,,,334.33,,,279.66485686661446,291.03309778919777,-3.9061677207647305,
2020-08-07,False,,,334.57,,,279.66485686661446,291.03309778919777,-3.9061677207647305,
2020-08-10,False,,,335.57,,,279.66485686661446,291.03309778919777,-3.9061677207647305,
2020-08-11,False,,,332.8,,,279.66485686661446,291.03309778919777,-3.9061677207647305,
2020-08-12,False,,,337.44,,,279.66485686661446,291.03309778919777,-3.9061677207647305,
2020-08-13,False,,,336.83,,,279.66485686661446,291.03309778919777,-3.9061677207647305,
2020-08-14,False,,,336.84,,,279.66485686661446,291.03309778919777,-3.9061677207647305,
2020-08-17,False,,,337.91,,,279.66485686661446,291.03309778919777,-3.9061677207647305,
2020-08-18,False,,,338.64,,,279.66485686661446,291.03309778919777,-3.9061677207647305,
2020-08-19,False,,,337.23,,,279.66485686661446,291.03309778919777,-3.9061677207647305,
2020-08-20,False,,,338.28,,,279.66485686661446,291.03309778919777,-3.9061677207647305,
2020-08-21,False,,,339.48,,,279.66485686661446,291.03309778919777,-3.9061677207647305,
2020-08-24,False,,,342.92,,,279.66485686661446,291.03309778919777,-3.9061677207647305,
2020-08-25,False,,,344.12,,,279.66485686661446,291.03309778919777,-3.9061677207647305,
2020-08-26,False,,,347.57,,,279.66485686661446,291.03309778919777,-3.9061677207647305,
2020-08-27,False,,,348.33,,,279.66485686661446,291.03309778919777,-3.9061677207647305,
2020-08-28,False,,,350.58,,,279.66485686661446,291.03309778919777,-3.9061677207647305,
2020-08-31,False,,,349.31,,,279.66485686661446,291.03309778919777,-3.9061677207647305,
2020-09-01,False,,,352.6,,,279.66485686661446,291.03309778919777,-3.9061677207647305,
2020-09-02,False,,,357.7,,,279.66485686661446,291.03309778919777,-3.9061677207647305,
2020-09-03,False,,,345.39,,,279.66485686661446,291.03309778919777,-3.9061677207647305,
2020-09-04,False,,,342.57,,,279.66485686661446,291.03309778919777,-3.9061677207647305,
2020-09-08,False,,,333.21,,,279.66485686661446,291.03309778919777,-3.9061677207647305,
2020-09-09,False,,,339.79,,,279.66485686661446,291.03309778919777,-3.9061677207647305,
2020-09-10,False,,,333.89,,,279.66485686661446,291.03309778919777,-3.9061677207647305,
2020-09-11,False,,,334.06,,,279.66485686661446,291.03309778919777,-3.9061677207647305,
2020-09-14,False,,,338.46,,,279.66485686661446,291.03309778919777,-3.9061677207647305,
2020-09-15,False,,,340.17,,,279.66485686661446,291.03309778919777,-3.9061677207647305,
2020-09-16,False,,,338.82,,,279.66485686661446,291.03309778919777,-3.9061677207647305,
2020-09-17,False,,,335.84,,,279.66485686661446,291.03309778919777,-3.9061677207647305,
2020-09-18,False,,,330.65,,,279.66485686661446,291.03309778919777,-3.9061677207647305,
2020-09-21,False,,,326.97,,,279.66485686661446,291.03309778919777,-3.9061677207647305,
2020-09-22,False,,,330.3,,,279.66485686661446,291.03309778919777,-3.9061677207647305,
2020-09-23,False,,,322.64,,,279.66485686661446,291.03309778919777,-3.9061677207647305,
2020-09-24,False,,,323.5,,,279.66485686661446,291.03309778919777,-3.9061677207647305,
2020-09-25,False,,,328.73,,,279.66485686661446,291.03309778919777,-3.9061677207647305,
2020-09-28,False,,,334.19,,,279.66485686661446,291.03309778919777,-3.9061677207647305,
2020-09-29,False,,,332.37,,,279.66485686661446,291.03309778919777,-3.9061677207647305,
2020-09-30,False,,,334.89,,,279.66485686661446,291.03309778919777,-3.9061677207647305,
2020-10-01,False,,,337.04,,,279.66485686661446,291.03309778919777,-3.9061677207647305,
2020-10-02,False,,,333.84,,,279.66485686661446,291.03309778919777,-3.9061677207647305,
2020-10-05,False,,,339.76,,,279.66485686661446,291.03309778919777,-3.9061677207647305,
2020-10-06,False,,,334.93,,,279.66485686661446,291.03309778919777,-3.9061677207647305,
2020-10-07,False,,,340.76,,,279.66485686661446,291.03309778919777,-3.9061677207647305,
2020-10-08,False,,,343.78,,,279.66485686661446,291.03309778919777,-3.9061677207647305,
2020-10-09,False,,,346.85,,,279.66485686661446,291.03309778919777,-3.9061677207647305,
2020-10-12,False,,,352.43,,,279.66485686661446,291.03309778919777,-3.9061677207647305,
2020-10-13,False,,,350.13,,,279.66485686661446,291.03309778919777,-3.9061677207647305,
2020-10-14,False,,,347.93,,,279.66485686661446,291.03309778919777,-3.9061677207647305,
2020-10-15,False,,,347.5,,,279.66485686661446,291.03309778919777,-3.9061677207647305,
2020-10-16,False,,,347.29,,,279.66485686661446,291.03309778919777,-3.9061677207647305,
2020-10-19,False,,,342.01,,,279.66485686661446,291.03309778919777,-3.9061677207647305,
2020-10-20,False,,,343.38,,,279.66485686661446,291.03309778919777,-3.9061677207647305,
2020-10-21,False,,,342.73,,,279.66485686661446,291.03309778919777,-3.9061677207647305,
2020-10-22,False,,,344.61,,,279.66485686661446,291.03309778919777,-3.9061677207647305,
2020-10-23,False,,,345.78,,,279.66485686661446,291.03309778919777,-3.9061677207647305,
2020-10-26,False,,,339.39,,,279.66485686661446,291.03309778919777,-3.9061677207647305,
2020-10-27,False,,,338.22,,,279.66485686661446,291.03309778919777,-3.9061677207647305,
2020-10-28,False,,,326.66,,,279.66485686661446,291.03309778919777,-3.9061677207647305,
2020-10-29,False,,,329.98,,,279.66485686661446,291.03309778919777,-3.9061677207647305,
2020-10-30,False,,,326.54,,,279.66485686661446,291.03309778919777,-3.9061677207647305,
2020-11-02,False,,,330.2,,,279.66485686661446,291.03309778919777,-3.9061677207647305,
2020-11-03,False,,,336.03,,,279.66485686661446,291.03309778919777,-3.9061677207647305,
2020-11-04,False,,,343.54,,,279.66485686661446,291.03309778919777,-3.9061677207647305,
2020-11-05,False,,,350.24,,,279.66485686661446,291.03309778919777,-3.9061677207647305,
2020-11-06,False,,,350.16,,,279.66485686661446,291.03309778919777,-3.9061677207647305,
2020-11-09,False,,,354.56,,,279.66485686661446,291.03309778919777,-3.9061677207647305,
2020-11-10,False,,,354.04,,,279.66485686661446,291.03309778919777,-3.9061677207647305,
2020-11-11,False,,,356.67,,,279.66485686661446,291.03309778919777,-3.9061677207647305,
2020-11-12,False,,,353.21,,,279.66485686661446,291.03309778919777,-3.9061677207647305,
2020-11-13,False,,,358.1,,,279.66485686661446,291.03309778919777,-3.9061677207647305,
2020-11-16,False,,,362.57,,,279.66485686661446,291.03309778919777,-3.9061677207647305,
2020-11-17,False,,,360.62,,,279.66485686661446,291.03309778919777,-3.9061677207647305,
2020-11-18,False,,,356.28,,,279.66485686661446,291.03309778919777,-3.9061677207647305,
2020-11-19,False,,,357.78,,,279.66485686661446,291.03309778919777,-3.9061677207647305,
2020-11-20,False,,,355.33,,,279.66485686661446,291.03309778919777,-3.9061677207647305,
2020-11-23,False,,,357.46,,,279.66485686661446,291.03309778919777,-3.9061677207647305,
2020-11-24,False,,,363.22,,,279.66485686661446,291.03309778919777,-3.9061677207647305,
2020-11-25,False,,,362.66,,,279.66485686661446,291.03309778919777,-3.9061677207647305,
2020-11-27,False,,,363.67,,,279.66485686661446,291.03309778919777,-3.9061677207647305,
2020-11-30,False,,,362.06,,,279.66485686661446,291.03309778919777,-3.9061677207647305,
2020-12-01,False,,,366.02,,,279.66485686661446,291.03309778919777,-3.9061677207647305,
2020-12-02,False,,,366.79,,,279.66485686661446,291.03309778919777,-3.9061677207647305,
2020-12-03,False,,,366.69,,,279.66485686661446,291.03309778919777,-3.9061677207647305,
2020-12-04,False,,,369.85,,,279.66485686661446,291.03309778919777,-3.9061677207647305,
2020-12-07,False,,,369.09,,,279.66485686661446,291.03309778919777,-3.9061677207647305,
2020-12-08,False,,,370.17,,,279.66485686661446,291.03309778919777,-3.9061677207647305,
2020-12-09,False,,,366.85,,,279.66485686661446,291.03309778919777,-3.9061677207647305,
2020-12-10,False,,,366.73,,,279.66485686661446,291.03309778919777,-3.9061677207647305,
2020-12-11,False,,,366.3,,,279.66485686661446,291.03309778919777,-3.9061677207647305,
2020-12-14,False,,,364.66,,,279.66485686661446,291.03309778919777,-3.9061677207647305,
2020-12-15,False,,,369.59,,,279.66485686661446,291.03309778919777,-3.9061677207647305,
2020-12-16,False,,,370.17,,,279.66485686661446,291.03309778919777,-3.9061677207647305,
2020-12-17,False,,,372.24,,,279.66485686661446,291.03309778919777,-3.9061677207647305,
2020-12-18,False,,,369.18,,,279.66485686661446,291.03309778919777,-3.9061677207647305,
2020-12-21,False,,,367.86,,,279.66485686661446,291.03309778919777,-3.9061677207647305,
2020-12-22,False,,,367.24,,,279.66485686661446,291.03309778919777,-3.9061677207647305,
2020-12-23,False,,,367.57,,,279.66485686661446,291.03309778919777,-3.9061677207647305,
2020-12-24,False,,,369.0,,,279.66485686661446,291.03309778919777,-3.9061677207647305,
2020-12-28,False,,,372.17,,,279.66485686661446,291.03309778919777,-3.9061677207647305,
2020-12-29,False,,,371.46,,,279.66485686661446,291.03309778919777,-3.9061677207647305,
2020-12-30,False,,,371.99,,,279.66485686661446,291.03309778919777,-3.9061677207647305,
2020-12-31,False,,,373.88,,,279.66485686661446,291.03309778919777,-3.9061677207647305,
2021-01-04,False,,,368.79,,,279.66485686661446,291.03309778919777,-3.9061677207647305,
2021-01-05,False,,,371.33,,,279.66485686661446,291.03309778919777,-3.9061677207647305,
2021-01-06,False,,,373.55,,,279.66485686661446,291.03309778919777,-3.9061677207647305,
2021-01-07,False,,,379.1,,,279.66485686661446,291.03309778919777,-3.9061677207647305,
2021-01-08,False,,,381.26,,,279.66485686661446,291.03309778919777,-3.9061677207647305,
2021-01-11,False,,,378.69,,,279.66485686661446,291.03309778919777,-3.9061677207647305,
2021-01-12,False,,,378.77,,,279.66485686661446,291.03309778919777,-3.9061677207647305,
2021-01-13,False,,,379.79,,,279.66485686661446,291.03309778919777,-3.9061677207647305,
2021-01-14,False,,,378.46,,,279.66485686661446,291.03309778919777,-3.9061677207647305,
2021-01-15,False,,,375.7,,,279.66485686661446,291.03309778919777,-3.9061677207647305,
2021-01-19,False,,,378.65,,,279.66485686661446,291.03309778919777,-3.9061677207647305,
2021-01-20,False,,,383.89,,,279.66485686661446,291.03309778919777,-3.9061677207647305,
2021-01-21,False,,,384.24,,,279.66485686661446,291.03309778919777,-3.9061677207647305,
2021-01-22,False,,,382.88,,,279.66485686661446,291.03309778919777,-3.9061677207647305,
2021-01-25,False,,,384.39,,,279.66485686661446,291.03309778919777,-3.9061677207647305,
2021-01-26,False,,,383.79,,,279.66485686661446,291.03309778919777,-3.9061677207647305,
2021-01-27,False,,,374.41,,,279.66485686661446,291.03309778919777,-3.9061677207647305,
2021-01-28,False,,,377.63,,,279.66485686661446,291.03309778919777,-3.9061677207647305,
2021-01-29,False,,,370.07,,,279.66485686661446,291.03309778919777,-3.9061677207647305,
2021-02-01,False,,,376.23,,,279.66485686661446,291.03309778919777,-3.9061677207647305,
2021-02-02,False,,,381.55,,,279.66485686661446,291.03309778919777,-3.9061677207647305,
2021-02-03,False,,,381.85,,,279.66485686661446,291.03309778919777,-3.9061677207647305,
2021-02-04,False,,,386.19,,,279.66485686661446,291.03309778919777,-3.9061677207647305,
2021-02-05,False,,,387.71,,,279.66485686661446,291.03309778919777,-3.9061677207647305,
2021-02-08,False,,,390.51,,,279.66485686661446,291.03309778919777,-3.9061677207647305,
2021-02-09,False,,,390.25,,,279.66485686661446,291.03309778919777,-3.9061677207647305,
2021-02-10,False,,,390.08,,,279.66485686661446,291.03309778919777,-3.9061677207647305,
2021-02-11,False,,,390.71,,,279.66485686661446,291.03309778919777,-3.9061677207647305,
2021-02-12,False,,,392.64,,,279.66485686661446,291.03309778919777,-3.9061677207647305,
2021-02-16,False,,,392.3,,,279.66485686661446,291.03309778919777,-3.9061677207647305,
2021-02-17,False,,,392.39,,,279.66485686661446,291.03309778919777,-3.9061677207647305,
2021-02-18,False,,,390.72,,,279.66485686661446,291.03309778919777,-3.9061677207647305,
2021-02-19,False,,,390.03,,,279.66485686661446,291.03309778919777,-3.9061677207647305,
2021-02-22,False,,,387.03,,,279.66485686661446,291.03309778919777,-3.9061677207647305,
2021-02-23,False,,,387.5,,,279.66485686661446,291.03309778919777,-3.9061677207647305,
2021-02-24,False,,,391.77,,,279.66485686661446,291.03309778919777,-3.9061677207647305,
2021-02-25,False,,,382.33,,,279.66485686661446,291.03309778919777,-3.9061677207647305,
2021-02-26,False,,,380.36,,,279.66485686661446,291.03309778919777,-3.9061677207647305,
2021-03-01,False,,,389.58,,,279.66485686661446,291.03309778919777,-3.9061677207647305,
2021-03-02,False,,,386.54,,,279.66485686661446,291.03309778919777,-3.9061677207647305,
2021-03-03,False,,,381.42,,,279.66485686661446,291.03309778919777,-3.9061677207647305,
2021-03-04,False,,,376.7,,,279.66485686661446,291.03309778919777,-3.9061677207647305,
2021-03-05,False,,,383.63,,,279.66485686661446,291.03309778919777,-3.9061677207647305,
2021-03-08,False,,,381.72,,,279.66485686661446,291.03309778919777,-3.9061677207647305,
2021-03-09,False,,,387.17,,,279.66485686661446,291.03309778919777,-3.9061677207647305,
2021-03-10,False,,,389.58,,,279.66485686661446,291.03309778919777,-3.9061677207647305,
2021-03-11,False,,,393.53,,,279.66485686661446,291.03309778919777,-3.9061677207647305,
2021-03-12,False,,,394.06,,,279.66485686661446,291.03309778919777,-3.9061677207647305,
2021-03-15,False,,,396.41,,,279.66485686661446,291.03309778919777,-3.9061677207647305,
2021-03-16,False,,,395.91,,,279.66485686661446,291.03309778919777,-3.9061677207647305,
2021-03-17,False,,,397.26,,,279.66485686661446,291.03309778919777,-3.9061677207647305,
2021-03-18,False,,,391.48,,,279.66485686661446,291.03309778919777,-3.9061677207647305,
2021-03-19,False,,,389.48,,,279.66485686661446,291.03309778919777,-3.9061677207647305,
2021-03-22,False,,,392.59,,,279.66485686661446,291.03309778919777,-3.9061677207647305,
2021-03-23,False,,,389.5,,,279.66485686661446,291.03309778919777,-3.9061677207647305,
2021-03-24,False,,,387.52,,,279.66485686661446,291.03309778919777,-3.9061677207647305,
2021-03-25,False,,,389.7,,,279.66485686661446,291.03309778919777,-3.9061677207647305,
2021-03-26,False,,,395.98,,,279.66485686661446,291.03309778919777,-3.9061677207647305,
2021-03-29,False,,,395.78,,,279.66485686661446,291.03309778919777,-3.9061677207647305,
2021-03-30,False,,,394.73,,,279.66485686661446,291.03309778919777,-3.9061677207647305,
2021-03-31,False,,,396.33,,,279.66485686661446,291.03309778919777,-3.9061677207647305,
2021-04-01,False,,,400.61,,,279.66485686661446,291.03309778919777,-3.9061677207647305,
2021-04-05,False,,,406.36,,,279.66485686661446,291.03309778919777,-3.9061677207647305,
2021-04-06,False,,,406.12,,,279.66485686661446,291.03309778919777,-3.9061677207647305,
2021-04-07,False,,,406.59,,,279.66485686661446,291.03309778919777,-3.9061677207647305,
2021-04-08,False,,,408.52,,,279.66485686661446,291.03309778919777,-3.9061677207647305,
2021-04-09,False,,,411.49,,,279.66485686661446,291.03309778919777,-3.9061677207647305,
2021-04-12,False,,,411.64,,,279.66485686661446,291.03309778919777,-3.9061677207647305,
2021-04-13,False,,,412.86,,,279.66485686661446,291.03309778919777,-3.9061677207647305,
2021-04-14,False,,,411.45,,,279.66485686661446,291.03309778919777,-3.9061677207647305,
2021-04-15,False,,,415.87,,,279.66485686661446,291.03309778919777,-3.9061677207647305,
2021-04-16,False,,,417.26,,,279.66485686661446,291.03309778919777,-3.9061677207647305,
2021-04-19,False,,,415.21,,,279.66485686661446,291.03309778919777,-3.9061677207647305,
2021-04-20,False,,,412.17,,,279.66485686661446,291.03309778919777,-3.9061677207647305,
2021-04-21,False,,,416.07,,,279.66485686661446,291.03309778919777,-3.9061677207647305,
2021-04-22,False,,,412.27,,,279.66485686661446,291.03309778919777,-3.9061677207647305,
2021-04-23,False,,,416.74,,,279.66485686661446,291.03309778919777,-3.9061677207647305,
2021-04-26,False,,,417.61,,,279.66485686661446,291.03309778919777,-3.9061677207647305,
2021-04-27,False,,,417.52,,,279.66485686661446,291.03309778919777,-3.9061677207647305,
2021-04-28,False,,,417.4,,,279.66485686661446,291.03309778919777,-3.9061677207647305,
2021-04-29,False,,,420.06,,,279.66485686661446,291.03309778919777,-3.9061677207647305,
2021-04-30,False,,,417.3,,,279.66485686661446,291.03309778919777,-3.9061677207647305,
2021-05-03,False,,,418.2,,,279.66485686661446,291.03309778919777,-3.9061677207647305,
2021-05-04,False,,,415.62,,,279.66485686661446,291.03309778919777,-3.9061677207647305,
2021-05-05,False,,,415.75,,,279.66485686661446,291.03309778919777,-3.9061677207647305,
2021-05-06,False,,,419.07,,,279.66485686661446,291.03309778919777,-3.9061677207647305,
2021-05-07,False,,,422.12,,,279.66485686661446,291.03309778919777,-3.9061677207647305,
2021-05-10,False,,,417.94,,,279.66485686661446,291.03309778919777,-3.9061677207647305,
2021-05-11,False,,,414.21,,,279.66485686661446,291.03309778919777,-3.9061677207647305,
2021-05-12,False,,,405.41,,,279.66485686661446,291.03309778919777,-3.9061677207647305,
2021-05-13,False,,,410.28,,,279.66485686661446,291.03309778919777,-3.9061677207647305,
2021-05-14,False,,,416.58,,,279.66485686661446,291.03309778919777,-3.9061677207647305,
2021-05-17,False,,,415.52,,,279.66485686661446,291.03309778919777,-3.9061677207647305,
2021-05-18,False,,,411.94,,,279.66485686661446,291.03309778919777,-3.9061677207647305,
2021-05-19,False,,,410.86,,,279.66485686661446,291.03309778919777,-3.9061677207647305,
2021-05-20,False,,,415.28,,,279.66485686661446,291.03309778919777,-3.9061677207647305,
2021-05-21,False,,,414.94,,,279.66485686661446,291.03309778919777,-3.9061677207647305,
2021-05-24,False,,,419.17,,,279.66485686661446,291.03309778919777,-3.9061677207647305,
2021-05-25,False,,,418.24,,,279.66485686661446,291.03309778919777,-3.9061677207647305,
2021-05-26,False,,,419.07,,,279.66485686661446,291.03309778919777,-3.9061677207647305,
2021-05-27,False,,,419.29,,,279.66485686661446,291.03309778919777,-3.9061677207647305,
2021-05-28,False,,,420.04,,,279.66485686661446,291.03309778919777,-3.9061677207647305,
2021-06-01,False,,,419.67,,,279.66485686661446,291.03309778919777,-3.9061677207647305,
2021-06-02,False,,,420.33,,,279.66485686661446,291.03309778919777,-3.9061677207647305,
2021-06-03,False,,,418.77,,,279.66485686661446,291.03309778919777,-3.9061677207647305,
2021-06-04,False,,,422.6,,,279.66485686661446,291.03309778919777,-3.9061677207647305,
2021-06-07,False,,,422.19,,,279.66485686661446,291.03309778919777,-3.9061677207647305,
2021-06-08,False,,,422.28,,,279.66485686661446,291.03309778919777,-3.9061677207647305,
2021-06-09,False,,,421.65,,,279.66485686661446,291.03309778919777,-3.9061677207647305,
2021-06-10,True,2021-06-10,423.61,423.61,0.0,0.0,279.66485686661446,291.03309778919777,-3.9061677207647305,
2021-06-11,True,2021-06-10,423.61,424.31,0.16524633507235542,0.29744340313023976,280.49670153423784,291.03309778919777,-3.6203429558351097,
2021-06-14,True,2021-06-10,423.61,425.26,0.38950921838483143,0.7011165930926966,281.6256335831552,291.03309778919777,-3.2324379177163576,
2021-06-15,True,2021-06-10,423.61,424.48,0.20537758787564364,0.36967965817615855,280.6987209535178,291.03309778919777,-3.550928370066486,
2021-06-16,True,2021-06-10,423.61,422.11,-0.35409928944075686,-0.6373787209933623,277.8823325788501,291.03309778919777,-4.518649359899641,
2021-06-17,True,2021-06-10,423.61,421.97,-0.38714855645523016,-0.6968674016194143,277.7159636453254,291.03309778919777,-4.575814312885562,
2021-06-18,True,2021-06-10,423.61,414.92,-2.051415216826802,-3.6925473902882433,269.3380994928329,291.03309778919777,-7.4544780168196105,
2021-06-21,True,2021-06-10,423.61,420.86,-0.6491820306413931,-1.1685276551545076,276.3968956723798,291.03309778919777,-5.029050725845385,
2021-06-22,True,2021-06-10,423.61,423.11,-0.11803309648025229,-0.21245957366445412,279.07068210402633,291.03309778919777,-4.1103282671430375,
2021-06-23,True,2021-06-10,423.61,422.6,-0.23842685489010584,-0.4291683388021905,278.4646238461865,291.03309778919777,-4.318572024448885,
2021-06-24,True,2021-06-10,423.61,425.1,0.3517386275111667,0.6331295295201,281.4354976591271,291.03309778919777,-3.297769292557373,
2021-06-25,True,2021-06-10,423.61,426.61,0.7081985788815137,1.2747574419867247,283.22990544214315,291.03309778919777,-2.6812044424949444,
2021-06-28,True,2021-06-10,423.61,427.47,0.9112155048275561,1.640187908689601,284.25188603379473,291.03309778919777,-2.3300483027242636,
2021-06-29,True,2021-06-10,423.61,427.7,0.9655107292084741,1.7379193125752534,284.5252064245853,291.03309778919777,-2.236134451390237,
2021-06-30,True,2021-06-10,423.61,428.06,1.0504945586742531,1.8908902056136556,284.95301225364875,291.03309778919777,-2.089138857997852,
2021-07-01,True,2021-06-10,423.61,430.43,1.6099714359906425,2.8979485847831565,287.76940062831636,291.03309778919777,-1.1214178681647313,
2021-07-02,True,2021-06-10,423.61,433.72,2.3866292108307263,4.295932579495307,291.67907056614627,291.67907056614627,0.0,
2021-07-06,True,2021-06-10,423.61,432.93,2.200136918391915,3.960246453105447,290.740274441257,291.67907056614627,-0.321859269184821,
2021-07-07,True,2021-06-10,423.61,434.46,2.561318193621487,4.610372748518676,292.5584492147766,292.5584492147766,0.0,
2021-07-08,True,2021-06-10,423.61,430.92,1.7256438705413046,3.1061589669743483,288.3516918956528,292.5584492147766,-1.4379202960689397,
2021-07-09,True,2021-06-10,423.61,435.52,2.8115483581596212,5.060787044687318,293.8180997114634,293.8180997114634,0.0,
2021-07-12,True,2021-06-10,423.61,437.08,3.179811619178019,5.723660914520434,295.67192497073836,295.67192497073836,0.0,
2021-07-13,True,2021-06-10,423.61,435.59,2.8280729916668523,5.090531385000334,293.9012841782257,295.67192497073836,-0.5988532028152194,
2021-07-14,True,2021-06-10,423.61,436.24,2.9815160170912014,5.3667288307641625,294.6737113695904,295.67192497073836,-0.3376085170232912,
2021-07-15,True,2021-06-10,423.61,434.75,2.6297773895800347,4.7335993012440625,292.9030705770777,295.67192497073836,-0.9364617198385328,
2021-07-16,True,2021-06-10,423.61,431.34,1.8247916715847134,3.284625008852484,288.85079869622683,295.67192497073836,-2.3069915329927193,
2021-07-19,True,2021-06-10,423.61,424.97,0.32105002242628355,0.5778900403673104,281.2810122208541,295.67192497073836,-4.867189453752996,
2021-07-20,True,2021-06-10,423.61,431.06,1.7586931375557668,3.1656476476003803,288.51806082917744,295.67192497073836,-2.419527705333846,
2021-07-21,True,2021-06-10,423.61,434.55,2.5825641509879427,4.648615471778297,292.66540067204255,295.67192497073836,-1.0168447000821423,
2021-07-22,True,2021-06-10,423.61,435.46,2.7973843865819914,5.0352918958475845,293.74679873995285,295.67192497073836,-0.6511021399735695,
2021-07-23,True,2021-06-10,423.61,439.94,3.8549609310450705,6.938929675881127,299.07060461274244,299.07060461274244,0.0,
2021-07-26,True,2021-06-10,423.61,441.02,4.1099124194424075,7.3978423549963335,300.35402209993276,300.35402209993276,0.0,
2021-07-27,True,2021-06-10,423.61,439.01,3.635419371591797,6.543754868865235,297.9654395543285,300.35402209993276,-0.7952557215330169,
2021-07-28,True,2021-06-10,423.61,438.83,3.5929274568588854,6.467269422345994,297.7515366397967,300.35402209993276,-0.8664726518195831,
2021-07-29,True,2021-06-10,423.61,440.65,4.022567928047005,7.240622270484609,299.9143327756174,300.35402209993276,-0.14639035670015454,
2021-07-30,True,2021-06-10,423.61,438.51,3.5173862751115337,6.331295295200761,297.3712647917404,300.35402209993276,-0.9930805278845156,
2021-08-02,True,2021-06-10,423.61,437.59,3.3002053775878615,5.940369679658151,296.27798322857814,300.35402209993276,-1.357078171571302,
2021-08-03,True,2021-06-10,423.61,441.15,4.140601024527268,7.453081844149083,300.5085075382056,300.5085075382056,0.0,
2021-08-04,True,2021-06-10,423.61,438.98,3.628337385802971,6.531007294445348,297.9297890685732,300.5085075382056,-0.8581182911450713,
2021-08-05,True,2021-06-10,423.61,441.76,4.28460140223319,7.712282524019742,301.2334007485632,301.2334007485632,0.0,
2021-08-06,True,2021-06-10,423.61,442.49,4.456929723094349,8.022473501569829,302.10089590194184,302.10089590194184,0.0,
2021-08-09,True,2021-06-10,423.61,442.13,4.3719458936285704,7.869502608531427,301.6730900728784,302.10089590194184,-0.1416102483861259,
2021-08-10,True,2021-06-10,423.61,442.68,4.50178229975684,8.103208139562312,302.3266823117253,302.3266823117253,0.0,
2021-08-11,True,2021-06-10,423.61,443.78,4.761455112013402,8.570619201624124,303.63386678941913,303.63386678941913,0.0,
2021-08-12,True,2021-06-10,423.61,445.11,5.075423148650882,9.135761667571588,305.2143716579036,305.2143716579036,0.0,
2021-08-13,True,2021-06-10,423.61,445.92,5.266636764948895,9.479946176908012,306.17693477329635,306.17693477329635,0.0,
2021-08-16,True,2021-06-10,423.61,446.97,5.514506267557429,9.926111281603372,307.4247017747314,307.4247017747314,0.0,
2021-08-17,True,2021-06-10,423.61,444.04,4.822832322183146,8.681098179929663,303.942837665965,307.4247017747314,-1.1325908714120647,
2021-08-18,True,2021-06-10,423.61,439.18,3.6755506243950853,6.6159911239111535,298.1674589736085,307.4247017747314,-3.0112228287713205,
2021-08-19,True,2021-06-10,423.61,439.86,3.836075635608216,6.904936144094789,298.9755366507283,307.4247017747314,-2.7483689746552242,
2021-08-20,True,2021-06-10,423.61,443.36,4.662307310969993,8.392153159745988,303.13475998884513,307.4247017747314,-1.3954447255281832,
2021-08-23,True,2021-06-10,423.61,447.26,5.582965463515954,10.049337834328718,307.76932313703236,307.76932313703236,0.0,
2021-08-24,True,2021-06-10,423.61,447.97,5.750572460517933,10.35103042893228,308.6130512999076,308.6130512999076,0.0,
2021-08-25,True,2021-06-10,423.61,448.91,5.972474681900808,10.750454427421454,309.73009985357334,309.73009985357334,0.0,
2021-08-26,True,2021-06-10,423.61,446.26,5.34689927055545,9.62441868699981,306.58097361185617,309.73009985357334,-1.0167323883619739,
2021-08-27,True,2021-06-10,423.61,450.25,6.288803380467889,11.319846084842201,311.32248821730946,311.32248821730946,0.0,
2021-08-30,True,2021-06-10,423.61,452.23,6.7562144425296955,12.161185996553453,313.6754202771584,313.6754202771584,0.0,
2021-08-31,True,2021-06-10,423.61,451.56,6.598050093246144,11.876490167843059,312.87922609529033,313.6754202771584,-0.25382740578289154,
2021-09-01,True,2021-06-10,423.61,451.8,6.654705979556663,11.978470763201994,313.1644299813326,313.6754202771584,-0.16290415595022756,
2021-09-02,True,2021-06-10,423.61,453.19,6.982837987771773,12.569108377989192,314.81623582132755,314.81623582132755,0.0,
2021-09-03,True,2021-06-10,423.61,453.08,6.956870706546114,12.522367271783006,314.6855173735581,314.81623582132755,-0.04152214304589119,
2021-09-07,True,2021-06-10,423.61,451.46,6.574443473950087,11.833998253110156,312.7603911427726,314.81623582132755,-0.6530300679033929,
2021-09-08,True,2021-06-10,423.61,450.91,6.444607067821817,11.60029272207927,312.1067989039258,314.81623582132755,-0.8606407831327711,
2021-09-09,True,2021-06-10,423.61,448.98,5.988999315408039,10.78019876773447,309.8132843203356,314.81623582132755,-1.589165656574132,
2021-09-10,True,2021-06-10,423.61,445.44,5.153324992327835,9.275984986190103,305.6065270012117,314.81623582132755,-2.925423714596087,
2021-09-13,True,2021-06-10,423.61,446.58,5.422440452302824,9.760392814145083,306.9612454599127,314.81623582132755,-2.495103323029668,
2021-09-14,True,2021-06-10,423.61,444.17,4.853520927268007,8.736337669082413,304.09732310423794,314.81623582132755,-3.404815729762134,
2021-09-15,True,2021-06-10,423.61,447.88,5.729326503151477,10.31278770567266,308.5060998426417,314.81623582132755,-2.004387087032944,
2021-09-16,True,2021-06-10,423.61,447.17,5.561719506149521,10.011095111069137,307.66237167976664,314.81623582132755,-2.272393646692683,
2021-09-17,True,2021-06-10,423.61,441.4,4.199617572767389,7.5593116309813,300.80559491949964,314.81623582132755,-4.450418786462961,
2021-09-20,True,2021-06-10,423.61,434.04,2.462170392578078,4.43190670664054,292.0593424142026,314.81623582132755,-7.228627630259998,
2021-09-21,True,2021-06-10,423.61,433.63,2.3653832534642705,4.257689856235687,291.5721191088804,314.81623582132755,-7.383391981612808,
2021-09-22,True,2021-06-10,423.61,437.86,3.363943249687207,6.055097849436972,296.5988376003758,314.81623582132755,-5.786676844484894,
2021-09-23,True,2021-06-10,423.61,443.18,4.619815396237104,8.315667713226787,302.9208570743134,314.81623582132755,-3.778515017175077,
2021-09-24,True,2021-06-10,423.61,443.91,4.792143717098285,8.625858690776914,303.78835222769214,314.81623582132755,-3.502958976961479,
2021-09-27,True,2021-06-10,423.61,442.64,4.492339652038435,8.086211373669183,302.2791483307183,314.81623582132755,-3.982350992127559,
2021-09-28,True,2021-06-10,423.61,433.72,2.3866292108307263,4.295932579495307,291.67907056614627,314.81623582132755,-7.34941931912072,
2021-09-29,True,2021-06-10,423.61,434.45,2.5589575316918856,4.606123557045394,292.5465657195249,314.81623582132755,-7.073863278907155,RAW_DECISION
2021-09-30,False,,,429.14,,,292.5465657195249,314.81623582132755,-7.073863278907155,
2021-10-01,False,,,434.24,,,292.5465657195249,314.81623582132755,-7.073863278907155,
2021-10-04,False,,,428.64,,,292.5465657195249,314.81623582132755,-7.073863278907155,
2021-10-05,False,,,433.1,,,292.5465657195249,314.81623582132755,-7.073863278907155,
2021-10-06,False,,,434.9,,,292.5465657195249,314.81623582132755,-7.073863278907155,
2021-10-07,False,,,438.66,,,292.5465657195249,314.81623582132755,-7.073863278907155,
2021-10-08,False,,,437.86,,,292.5465657195249,314.81623582132755,-7.073863278907155,
2021-10-11,False,,,434.69,,,292.5465657195249,314.81623582132755,-7.073863278907155,
2021-10-12,False,,,433.62,,,292.5465657195249,314.81623582132755,-7.073863278907155,
2021-10-13,False,,,435.18,,,292.5465657195249,314.81623582132755,-7.073863278907155,
2021-10-14,False,,,442.5,,,292.5465657195249,314.81623582132755,-7.073863278907155,
2021-10-15,False,,,445.87,,,292.5465657195249,314.81623582132755,-7.073863278907155,
2021-10-18,False,,,447.19,,,292.5465657195249,314.81623582132755,-7.073863278907155,
2021-10-19,False,,,450.64,,,292.5465657195249,314.81623582132755,-7.073863278907155,
2021-10-20,False,,,452.41,,,292.5465657195249,314.81623582132755,-7.073863278907155,
2021-10-21,False,,,453.59,,,292.5465657195249,314.81623582132755,-7.073863278907155,
2021-10-22,False,,,453.12,,,292.5465657195249,314.81623582132755,-7.073863278907155,
2021-10-25,False,,,455.55,,,292.5465657195249,314.81623582132755,-7.073863278907155,
2021-10-26,False,,,455.96,,,292.5465657195249,314.81623582132755,-7.073863278907155,
2021-10-27,False,,,453.94,,,292.5465657195249,314.81623582132755,-7.073863278907155,
2021-10-28,False,,,458.32,,,292.5465657195249,314.81623582132755,-7.073863278907155,
2021-10-29,False,,,459.25,,,292.5465657195249,314.81623582132755,-7.073863278907155,
2021-11-01,False,,,460.04,,,292.5465657195249,314.81623582132755,-7.073863278907155,
2021-11-02,False,,,461.9,,,292.5465657195249,314.81623582132755,-7.073863278907155,
2021-11-03,False,,,464.72,,,292.5465657195249,314.81623582132755,-7.073863278907155,
2021-11-04,False,,,466.91,,,292.5465657195249,314.81623582132755,-7.073863278907155,
2021-11-05,False,,,468.53,,,292.5465657195249,314.81623582132755,-7.073863278907155,
2021-11-08,False,,,468.93,,,292.5465657195249,314.81623582132755,-7.073863278907155,
2021-11-09,False,,,467.38,,,292.5465657195249,314.81623582132755,-7.073863278907155,
2021-11-10,False,,,463.62,,,292.5465657195249,314.81623582132755,-7.073863278907155,
2021-11-11,False,,,463.77,,,292.5465657195249,314.81623582132755,-7.073863278907155,
2021-11-12,False,,,467.27,,,292.5465657195249,314.81623582132755,-7.073863278907155,
2021-11-15,False,,,467.43,,,292.5465657195249,314.81623582132755,-7.073863278907155,
2021-11-16,False,,,469.28,,,292.5465657195249,314.81623582132755,-7.073863278907155,
2021-11-17,False,,,468.14,,,292.5465657195249,314.81623582132755,-7.073863278907155,
2021-11-18,False,,,469.73,,,292.5465657195249,314.81623582132755,-7.073863278907155,
2021-11-19,False,,,468.89,,,292.5465657195249,314.81623582132755,-7.073863278907155,
2021-11-22,False,,,467.57,,,292.5465657195249,314.81623582132755,-7.073863278907155,
2021-11-23,False,,,468.19,,,292.5465657195249,314.81623582132755,-7.073863278907155,
2021-11-24,False,,,469.44,,,292.5465657195249,314.81623582132755,-7.073863278907155,
2021-11-26,False,,,458.97,,,292.5465657195249,314.81623582132755,-7.073863278907155,
2021-11-29,False,,,464.6,,,292.5465657195249,314.81623582132755,-7.073863278907155,
2021-11-30,False,,,455.56,,,292.5465657195249,314.81623582132755,-7.073863278907155,
2021-12-01,False,,,450.5,,,292.5465657195249,314.81623582132755,-7.073863278907155,
2021-12-02,False,,,457.4,,,292.5465657195249,314.81623582132755,-7.073863278907155,
2021-12-03,False,,,453.42,,,292.5465657195249,314.81623582132755,-7.073863278907155,
2021-12-06,False,,,458.79,,,292.5465657195249,314.81623582132755,-7.073863278907155,
2021-12-07,False,,,468.28,,,292.5465657195249,314.81623582132755,-7.073863278907155,
2021-12-08,False,,,469.52,,,292.5465657195249,314.81623582132755,-7.073863278907155,
2021-12-09,False,,,466.35,,,292.5465657195249,314.81623582132755,-7.073863278907155,
2021-12-10,False,,,470.74,,,292.5465657195249,314.81623582132755,-7.073863278907155,
2021-12-13,False,,,466.57,,,292.5465657195249,314.81623582132755,-7.073863278907155,
2021-12-14,False,,,463.36,,,292.5465657195249,314.81623582132755,-7.073863278907155,
2021-12-15,False,,,470.6,,,292.5465657195249,314.81623582132755,-7.073863278907155,
2021-12-16,False,,,466.45,,,292.5465657195249,314.81623582132755,-7.073863278907155,
2021-12-17,False,,,459.87,,,292.5465657195249,314.81623582132755,-7.073863278907155,
2021-12-20,False,,,454.98,,,292.5465657195249,314.81623582132755,-7.073863278907155,
2021-12-21,False,,,463.06,,,292.5465657195249,314.81623582132755,-7.073863278907155,
2021-12-22,False,,,467.69,,,292.5465657195249,314.81623582132755,-7.073863278907155,
2021-12-23,False,,,470.6,,,292.5465657195249,314.81623582132755,-7.073863278907155,
2021-12-27,False,,,477.26,,,292.5465657195249,314.81623582132755,-7.073863278907155,
2021-12-28,False,,,476.87,,,292.5465657195249,314.81623582132755,-7.073863278907155,
2021-12-29,False,,,477.48,,,292.5465657195249,314.81623582132755,-7.073863278907155,
2021-12-30,False,,,476.16,,,292.5465657195249,314.81623582132755,-7.073863278907155,
2021-12-31,False,,,474.96,,,292.5465657195249,314.81623582132755,-7.073863278907155,
2022-01-03,False,,,477.71,,,292.5465657195249,314.81623582132755,-7.073863278907155,
2022-01-04,False,,,477.55,,,292.5465657195249,314.81623582132755,-7.073863278907155,
2022-01-05,False,,,468.38,,,292.5465657195249,314.81623582132755,-7.073863278907155,
2022-01-06,False,,,467.94,,,292.5465657195249,314.81623582132755,-7.073863278907155,
2022-01-07,False,,,466.09,,,292.5465657195249,314.81623582132755,-7.073863278907155,
2022-01-10,False,,,465.51,,,292.5465657195249,314.81623582132755,-7.073863278907155,
2022-01-11,False,,,469.75,,,292.5465657195249,314.81623582132755,-7.073863278907155,
2022-01-12,False,,,471.02,,,292.5465657195249,314.81623582132755,-7.073863278907155,
2022-01-13,False,,,464.53,,,292.5465657195249,314.81623582132755,-7.073863278907155,
2022-01-14,False,,,464.72,,,292.5465657195249,314.81623582132755,-7.073863278907155,
2022-01-18,False,,,456.49,,,292.5465657195249,314.81623582132755,-7.073863278907155,
2022-01-19,False,,,451.75,,,292.5465657195249,314.81623582132755,-7.073863278907155,
2022-01-20,False,,,446.75,,,292.5465657195249,314.81623582132755,-7.073863278907155,
2022-01-21,False,,,437.98,,,292.5465657195249,314.81623582132755,-7.073863278907155,
2022-01-24,False,,,439.84,,,292.5465657195249,314.81623582132755,-7.073863278907155,
2022-01-25,False,,,434.47,,,292.5465657195249,314.81623582132755,-7.073863278907155,
2022-01-26,False,,,433.38,,,292.5465657195249,314.81623582132755,-7.073863278907155,
2022-01-27,False,,,431.24,,,292.5465657195249,314.81623582132755,-7.073863278907155,
2022-01-28,False,,,441.95,,,292.5465657195249,314.81623582132755,-7.073863278907155,
2022-01-31,False,,,449.91,,,292.5465657195249,314.81623582132755,-7.073863278907155,
2022-02-01,False,,,452.95,,,292.5465657195249,314.81623582132755,-7.073863278907155,
2022-02-02,False,,,457.35,,,292.5465657195249,314.81623582132755,-7.073863278907155,
2022-02-03,False,,,446.6,,,292.5465657195249,314.81623582132755,-7.073863278907155,
2022-02-04,True,2022-02-04,448.7,448.7,0.0,0.0,292.5465657195249,314.81623582132755,-7.073863278907155,
2022-02-07,True,2022-02-04,448.7,447.26,-0.3209271227991972,-0.577668821038555,290.85661542234413,314.81623582132755,-7.610668597340576,
2022-02-08,True,2022-02-04,448.7,450.94,0.49921996879875863,0.8985959438377655,295.17537729291723,314.81623582132755,-6.238832783566284,
2022-02-09,True,2022-02-04,448.7,457.54,1.9701359482950709,3.5462447069311276,302.92098282166234,314.81623582132755,-3.7784750740798234,
2022-02-10,True,2022-02-04,448.7,449.32,0.13817695564966037,0.24871852016938867,293.27418320858885,314.81623582132755,-6.84273876680388,
2022-02-11,True,2022-02-04,448.7,440.46,-1.8364163137954082,-3.3055493648317347,282.8762945745461,314.81623582132755,-10.145582601053915,
2022-02-14,True,2022-02-04,448.7,439.02,-2.1573434365946054,-3.8832181858702897,281.1863442773653,314.81623582132755,-10.682387919487324,RAW_DECISION
